A kid liked that Emma liked that Liam appreciated a cat and so did Nora .	kid ( x _ 0 ) AND cat ( x _ 2 ) AND like . agent ( x _ 3 , x _ 0 ) AND like . ccomp ( x _ 3, x _ 4 ) AND like . agent ( x _ 4 , Emma ) AND like . ccomp ( x _ 4, x _ 5 ) AND appreciate . agent ( x _ 5 , Liam ) AND appreciate . theme ( x _ 5 , x _ 2 ) AND like . agent ( x _ 6 , Nora ) AND like . ccomp ( x _ 6, x _ 7 ) AND like . agent ( x _ 7 , Emma ) AND like . ccomp ( x _ 7, x _ 8 ) AND appreciate . agent ( x _ 8 , Liam ) AND appreciate . theme ( x _ 8 , x _ 2 )	elips_VPE_depth_gen
The mouse thought that the cat liked that the girl liked Liam and so did Emma .	* mouse ( x _ 0 ) ; * cat ( x _ 3 ) ; * girl ( x _ 4 ) ; think . agent ( x _ 5 , x _ 0 ) AND think . ccomp ( x _ 5, x _ 6 ) AND like . agent ( x _ 6 , x _ 3 ) AND like . ccomp ( x _ 6, x _ 7 ) AND like . agent ( x _ 7 , x _ 4 ) AND like . theme ( x _ 7 , Liam ) AND think . agent ( x _ 8 , Emma ) AND think . ccomp ( x _ 8, x _ 9 ) AND like . agent ( x _ 9 , x _ 3 ) AND like . ccomp ( x _ 9, x _ 10 ) AND like . agent ( x _ 10 , x _ 4 ) AND like . theme ( x _ 10 , Liam )	elips_VPE_depth_gen
A girl respected that Liam believed that the baby respected that Ava found Camila and so did a cat .	* baby ( x _ 3 ) ; girl ( x _ 0 ) AND cat ( x _ 2 ) AND respect . agent ( x _ 4 , x _ 0 ) AND respect . ccomp ( x _ 4, x _ 5 ) AND believe . agent ( x _ 5 , Liam ) AND believe . ccomp ( x _ 5, x _ 6 ) AND respect . agent ( x _ 6 , x _ 3 ) AND respect . ccomp ( x _ 6, x _ 7 ) AND find . agent ( x _ 7 , Ava ) AND find . theme ( x _ 7 , Camila ) AND respect . agent ( x _ 8 , x _ 2 ) AND respect . ccomp ( x _ 8, x _ 9 ) AND believe . agent ( x _ 9 , Liam ) AND believe . ccomp ( x _ 9, x _ 10 ) AND respect . agent ( x _ 10 , x _ 3 ) AND respect . ccomp ( x _ 10, x _ 11 ) AND find . agent ( x _ 11 , Ava ) AND find . theme ( x _ 11 , Camila )	elips_VPE_depth_gen
The lion liked that Emma noticed that a child liked a box and so did Elizabeth .	* lion ( x _ 0 ) ; child ( x _ 3 ) AND box ( x _ 4 ) AND like . agent ( x _ 5 , x _ 0 ) AND like . ccomp ( x _ 5, x _ 6 ) AND notice . agent ( x _ 6 , Emma ) AND notice . ccomp ( x _ 6, x _ 7 ) AND like . agent ( x _ 7 , x _ 3 ) AND like . theme ( x _ 7 , x _ 4 ) AND like . agent ( x _ 8 , Elizabeth ) AND like . ccomp ( x _ 8, x _ 9 ) AND notice . agent ( x _ 9 , Emma ) AND notice . ccomp ( x _ 9, x _ 10 ) AND like . agent ( x _ 10 , x _ 3 ) AND like . theme ( x _ 10 , x _ 4 )	elips_VPE_depth_gen
The boy wished that a dog supported that Emma helped Henry and so did a girl .	* boy ( x _ 0 ) ; dog ( x _ 3 ) AND girl ( x _ 2 ) AND wish . agent ( x _ 4 , x _ 0 ) AND wish . ccomp ( x _ 4, x _ 5 ) AND support . agent ( x _ 5 , x _ 3 ) AND support . ccomp ( x _ 5, x _ 6 ) AND help . agent ( x _ 6 , Emma ) AND help . theme ( x _ 6 , Henry ) AND wish . agent ( x _ 7 , x _ 2 ) AND wish . ccomp ( x _ 7, x _ 8 ) AND support . agent ( x _ 8 , x _ 3 ) AND support . ccomp ( x _ 8, x _ 9 ) AND help . agent ( x _ 9 , Emma ) AND help . theme ( x _ 9 , Henry )	elips_VPE_depth_gen
Liam noticed that Elijah hoped that the frog liked a girl and so did Emma .	* frog ( x _ 2 ) ; girl ( x _ 3 ) AND notice . agent ( x _ 4 , Liam ) AND notice . ccomp ( x _ 4, x _ 5 ) AND hope . agent ( x _ 5 , Elijah ) AND hope . ccomp ( x _ 5, x _ 6 ) AND like . agent ( x _ 6 , x _ 2 ) AND like . theme ( x _ 6 , x _ 3 ) AND notice . agent ( x _ 7 , Emma ) AND notice . ccomp ( x _ 7, x _ 8 ) AND hope . agent ( x _ 8 , Elijah ) AND hope . ccomp ( x _ 8, x _ 9 ) AND like . agent ( x _ 9 , x _ 2 ) AND like . theme ( x _ 9 , x _ 3 )	elips_VPE_depth_gen
Olivia liked that Liam valued that a journalist liked the girl and so did Savannah .	* girl ( x _ 3 ) ; journalist ( x _ 2 ) AND like . agent ( x _ 4 , Olivia ) AND like . ccomp ( x _ 4, x _ 5 ) AND value . agent ( x _ 5 , Liam ) AND value . ccomp ( x _ 5, x _ 6 ) AND like . agent ( x _ 6 , x _ 2 ) AND like . theme ( x _ 6 , x _ 3 ) AND like . agent ( x _ 7 , Savannah ) AND like . ccomp ( x _ 7, x _ 8 ) AND value . agent ( x _ 8 , Liam ) AND value . ccomp ( x _ 8, x _ 9 ) AND like . agent ( x _ 9 , x _ 2 ) AND like . theme ( x _ 9 , x _ 3 )	elips_VPE_depth_gen
A bear valued that Evelyn noticed that Emma adored the cake and so did a boy .	* cake ( x _ 3 ) ; bear ( x _ 0 ) AND boy ( x _ 2 ) AND value . agent ( x _ 4 , x _ 0 ) AND value . ccomp ( x _ 4, x _ 5 ) AND notice . agent ( x _ 5 , Evelyn ) AND notice . ccomp ( x _ 5, x _ 6 ) AND adore . agent ( x _ 6 , Emma ) AND adore . theme ( x _ 6 , x _ 3 ) AND value . agent ( x _ 7 , x _ 2 ) AND value . ccomp ( x _ 7, x _ 8 ) AND notice . agent ( x _ 8 , Evelyn ) AND notice . ccomp ( x _ 8, x _ 9 ) AND adore . agent ( x _ 9 , Emma ) AND adore . theme ( x _ 9 , x _ 3 )	elips_VPE_depth_gen
The dog wished that Scarlett liked that the boy expected that Emma liked a basket and so did Noah .	* dog ( x _ 0 ) ; * boy ( x _ 3 ) ; basket ( x _ 4 ) AND wish . agent ( x _ 5 , x _ 0 ) AND wish . ccomp ( x _ 5, x _ 6 ) AND like . agent ( x _ 6 , Scarlett ) AND like . ccomp ( x _ 6, x _ 7 ) AND expect . agent ( x _ 7 , x _ 3 ) AND expect . ccomp ( x _ 7, x _ 8 ) AND like . agent ( x _ 8 , Emma ) AND like . theme ( x _ 8 , x _ 4 ) AND wish . agent ( x _ 9 , Noah ) AND wish . ccomp ( x _ 9, x _ 10 ) AND like . agent ( x _ 10 , Scarlett ) AND like . ccomp ( x _ 10, x _ 11 ) AND expect . agent ( x _ 11 , x _ 3 ) AND expect . ccomp ( x _ 11, x _ 12 ) AND like . agent ( x _ 12 , Emma ) AND like . theme ( x _ 12 , x _ 4 )	elips_VPE_depth_gen
Emma wished that a hen expected that Ava found the cake and so did Sophia .	* cake ( x _ 3 ) ; hen ( x _ 2 ) AND wish . agent ( x _ 4 , Emma ) AND wish . ccomp ( x _ 4, x _ 5 ) AND expect . agent ( x _ 5 , x _ 2 ) AND expect . ccomp ( x _ 5, x _ 6 ) AND find . agent ( x _ 6 , Ava ) AND find . theme ( x _ 6 , x _ 3 ) AND wish . agent ( x _ 7 , Sophia ) AND wish . ccomp ( x _ 7, x _ 8 ) AND expect . agent ( x _ 8 , x _ 2 ) AND expect . ccomp ( x _ 8, x _ 9 ) AND find . agent ( x _ 9 , Ava ) AND find . theme ( x _ 9 , x _ 3 )	elips_VPE_depth_gen
A cat proved that the boy liked that the girl valued that Emma liked Sebastian and so did a lawyer .	* boy ( x _ 4 ) ; * girl ( x _ 5 ) ; cat ( x _ 0 ) AND lawyer ( x _ 3 ) AND prove . agent ( x _ 6 , x _ 0 ) AND prove . ccomp ( x _ 6, x _ 7 ) AND like . agent ( x _ 7 , x _ 4 ) AND like . ccomp ( x _ 7, x _ 8 ) AND value . agent ( x _ 8 , x _ 5 ) AND value . ccomp ( x _ 8, x _ 9 ) AND like . agent ( x _ 9 , Emma ) AND like . theme ( x _ 9 , Sebastian ) AND prove . agent ( x _ 10 , x _ 3 ) AND prove . ccomp ( x _ 10, x _ 11 ) AND like . agent ( x _ 11 , x _ 4 ) AND like . ccomp ( x _ 11, x _ 12 ) AND value . agent ( x _ 12 , x _ 5 ) AND value . ccomp ( x _ 12, x _ 13 ) AND like . agent ( x _ 13 , Emma ) AND like . theme ( x _ 13 , Sebastian )	elips_VPE_depth_gen
Sophia respected that a dog liked that Grayson hoped that a tiger adored a teacher and so did Emma .	dog ( x _ 3 ) AND tiger ( x _ 4 ) AND teacher ( x _ 5 ) AND respect . agent ( x _ 6 , Sophia ) AND respect . ccomp ( x _ 6, x _ 7 ) AND like . agent ( x _ 7 , x _ 3 ) AND like . ccomp ( x _ 7, x _ 8 ) AND hope . agent ( x _ 8 , Grayson ) AND hope . ccomp ( x _ 8, x _ 9 ) AND adore . agent ( x _ 9 , x _ 4 ) AND adore . theme ( x _ 9 , x _ 5 ) AND respect . agent ( x _ 10 , Emma ) AND respect . ccomp ( x _ 10, x _ 11 ) AND like . agent ( x _ 11 , x _ 3 ) AND like . ccomp ( x _ 11, x _ 12 ) AND hope . agent ( x _ 12 , Grayson ) AND hope . ccomp ( x _ 12, x _ 13 ) AND adore . agent ( x _ 13 , x _ 4 ) AND adore . theme ( x _ 13 , x _ 5 )	elips_VPE_depth_gen
A girl hoped that the cat liked that Emma liked that the kitty found the kid and so did Brooklyn .	* cat ( x _ 4 ) ; * kitty ( x _ 5 ) ; * kid ( x _ 6 ) ; girl ( x _ 0 ) AND hope . agent ( x _ 7 , x _ 0 ) AND hope . ccomp ( x _ 7, x _ 8 ) AND like . agent ( x _ 8 , x _ 4 ) AND like . ccomp ( x _ 8, x _ 9 ) AND like . agent ( x _ 9 , Emma ) AND like . ccomp ( x _ 9, x _ 10 ) AND find . agent ( x _ 10 , x _ 5 ) AND find . theme ( x _ 10 , x _ 6 ) AND hope . agent ( x _ 11 , Brooklyn ) AND hope . ccomp ( x _ 11, x _ 12 ) AND like . agent ( x _ 12 , x _ 4 ) AND like . ccomp ( x _ 12, x _ 13 ) AND like . agent ( x _ 13 , Emma ) AND like . ccomp ( x _ 13, x _ 14 ) AND find . agent ( x _ 14 , x _ 5 ) AND find . theme ( x _ 14 , x _ 6 )	elips_VPE_depth_gen
Harper liked that Olivia hoped that Emma liked Luke and so did Liam .	like . agent ( x _ 0 , Harper ) AND like . ccomp ( x _ 0, x _ 1 ) AND hope . agent ( x _ 1 , Olivia ) AND hope . ccomp ( x _ 1, x _ 2 ) AND like . agent ( x _ 2 , Emma ) AND like . theme ( x _ 2 , Luke ) AND like . agent ( x _ 3 , Liam ) AND like . ccomp ( x _ 3, x _ 4 ) AND hope . agent ( x _ 4 , Olivia ) AND hope . ccomp ( x _ 4, x _ 5 ) AND like . agent ( x _ 5 , Emma ) AND like . theme ( x _ 5 , Luke )	elips_VPE_depth_gen
Emma liked that the father noticed that Eleanor liked the girl and so did the dog .	* father ( x _ 3 ) ; * girl ( x _ 4 ) ; * dog ( x _ 2 ) ; like . agent ( x _ 5 , Emma ) AND like . ccomp ( x _ 5, x _ 6 ) AND notice . agent ( x _ 6 , x _ 3 ) AND notice . ccomp ( x _ 6, x _ 7 ) AND like . agent ( x _ 7 , Eleanor ) AND like . theme ( x _ 7 , x _ 4 ) AND like . agent ( x _ 8 , x _ 2 ) AND like . ccomp ( x _ 8, x _ 9 ) AND notice . agent ( x _ 9 , x _ 3 ) AND notice . ccomp ( x _ 9, x _ 10 ) AND like . agent ( x _ 10 , Eleanor ) AND like . theme ( x _ 10 , x _ 4 )	elips_VPE_depth_gen
Liam liked that Elizabeth liked that Emma respected a cake and so did the prisoner .	* prisoner ( x _ 1 ) ; cake ( x _ 2 ) AND like . agent ( x _ 3 , Liam ) AND like . ccomp ( x _ 3, x _ 4 ) AND like . agent ( x _ 4 , Elizabeth ) AND like . ccomp ( x _ 4, x _ 5 ) AND respect . agent ( x _ 5 , Emma ) AND respect . theme ( x _ 5 , x _ 2 ) AND like . agent ( x _ 6 , x _ 1 ) AND like . ccomp ( x _ 6, x _ 7 ) AND like . agent ( x _ 7 , Elizabeth ) AND like . ccomp ( x _ 7, x _ 8 ) AND respect . agent ( x _ 8 , Emma ) AND respect . theme ( x _ 8 , x _ 2 )	elips_VPE_depth_gen
Aubrey said that a girl noticed that Abigail helped a cookie and so did a boy .	girl ( x _ 3 ) AND cookie ( x _ 4 ) AND boy ( x _ 2 ) AND say . agent ( x _ 5 , Aubrey ) AND say . ccomp ( x _ 5, x _ 6 ) AND notice . agent ( x _ 6 , x _ 3 ) AND notice . ccomp ( x _ 6, x _ 7 ) AND help . agent ( x _ 7 , Abigail ) AND help . theme ( x _ 7 , x _ 4 ) AND say . agent ( x _ 8 , x _ 2 ) AND say . ccomp ( x _ 8, x _ 9 ) AND notice . agent ( x _ 9 , x _ 3 ) AND notice . ccomp ( x _ 9, x _ 10 ) AND help . agent ( x _ 10 , Abigail ) AND help . theme ( x _ 10 , x _ 4 )	elips_VPE_depth_gen
Sofia liked that a boy liked that Mia valued that Emma found a jacket and so did the mouse .	* mouse ( x _ 2 ) ; boy ( x _ 3 ) AND jacket ( x _ 4 ) AND like . agent ( x _ 5 , Sofia ) AND like . ccomp ( x _ 5, x _ 6 ) AND like . agent ( x _ 6 , x _ 3 ) AND like . ccomp ( x _ 6, x _ 7 ) AND value . agent ( x _ 7 , Mia ) AND value . ccomp ( x _ 7, x _ 8 ) AND find . agent ( x _ 8 , Emma ) AND find . theme ( x _ 8 , x _ 4 ) AND like . agent ( x _ 9 , x _ 2 ) AND like . ccomp ( x _ 9, x _ 10 ) AND like . agent ( x _ 10 , x _ 3 ) AND like . ccomp ( x _ 10, x _ 11 ) AND value . agent ( x _ 11 , Mia ) AND value . ccomp ( x _ 11, x _ 12 ) AND find . agent ( x _ 12 , Emma ) AND find . theme ( x _ 12 , x _ 4 )	elips_VPE_depth_gen
A boy liked that Emma liked that Sophia loved Oliver and so did Olivia .	boy ( x _ 0 ) AND like . agent ( x _ 1 , x _ 0 ) AND like . ccomp ( x _ 1, x _ 2 ) AND like . agent ( x _ 2 , Emma ) AND like . ccomp ( x _ 2, x _ 3 ) AND love . agent ( x _ 3 , Sophia ) AND love . theme ( x _ 3 , Oliver ) AND like . agent ( x _ 4 , Olivia ) AND like . ccomp ( x _ 4, x _ 5 ) AND like . agent ( x _ 5 , Emma ) AND like . ccomp ( x _ 5, x _ 6 ) AND love . agent ( x _ 6 , Sophia ) AND love . theme ( x _ 6 , Oliver )	elips_VPE_depth_gen
Aria declared that the girl confessed that Noah wished that Charlotte liked that Oliver liked a cake and so did Olivia .	* girl ( x _ 2 ) ; cake ( x _ 3 ) AND declare . agent ( x _ 4 , Aria ) AND declare . ccomp ( x _ 4, x _ 5 ) AND confess . agent ( x _ 5 , x _ 2 ) AND confess . ccomp ( x _ 5, x _ 6 ) AND wish . agent ( x _ 6 , Noah ) AND wish . ccomp ( x _ 6, x _ 7 ) AND like . agent ( x _ 7 , Charlotte ) AND like . ccomp ( x _ 7, x _ 8 ) AND like . agent ( x _ 8 , Oliver ) AND like . theme ( x _ 8 , x _ 3 ) AND declare . agent ( x _ 9 , Olivia ) AND declare . ccomp ( x _ 9, x _ 10 ) AND confess . agent ( x _ 10 , x _ 2 ) AND confess . ccomp ( x _ 10, x _ 11 ) AND wish . agent ( x _ 11 , Noah ) AND wish . ccomp ( x _ 11, x _ 12 ) AND like . agent ( x _ 12 , Charlotte ) AND like . ccomp ( x _ 12, x _ 13 ) AND like . agent ( x _ 13 , Oliver ) AND like . theme ( x _ 13 , x _ 3 )	elips_VPE_depth_gen
The lion hoped that Olivia liked that the bear liked a cake and so did Caleb .	* lion ( x _ 0 ) ; * bear ( x _ 3 ) ; cake ( x _ 4 ) AND hope . agent ( x _ 5 , x _ 0 ) AND hope . ccomp ( x _ 5, x _ 6 ) AND like . agent ( x _ 6 , Olivia ) AND like . ccomp ( x _ 6, x _ 7 ) AND like . agent ( x _ 7 , x _ 3 ) AND like . theme ( x _ 7 , x _ 4 ) AND hope . agent ( x _ 8 , Caleb ) AND hope . ccomp ( x _ 8, x _ 9 ) AND like . agent ( x _ 9 , Olivia ) AND like . ccomp ( x _ 9, x _ 10 ) AND like . agent ( x _ 10 , x _ 3 ) AND like . theme ( x _ 10 , x _ 4 )	elips_VPE_depth_gen
The butterfly proved that Evelyn hoped that Emma loved a pumpkin and so did the girl .	* butterfly ( x _ 0 ) ; * girl ( x _ 2 ) ; pumpkin ( x _ 3 ) AND prove . agent ( x _ 4 , x _ 0 ) AND prove . ccomp ( x _ 4, x _ 5 ) AND hope . agent ( x _ 5 , Evelyn ) AND hope . ccomp ( x _ 5, x _ 6 ) AND love . agent ( x _ 6 , Emma ) AND love . theme ( x _ 6 , x _ 3 ) AND prove . agent ( x _ 7 , x _ 2 ) AND prove . ccomp ( x _ 7, x _ 8 ) AND hope . agent ( x _ 8 , Evelyn ) AND hope . ccomp ( x _ 8, x _ 9 ) AND love . agent ( x _ 9 , Emma ) AND love . theme ( x _ 9 , x _ 3 )	elips_VPE_depth_gen
Grace appreciated that Emma liked that the butterfly liked Noah and so did Olivia .	* butterfly ( x _ 1 ) ; appreciate . agent ( x _ 2 , Grace ) AND appreciate . ccomp ( x _ 2, x _ 3 ) AND like . agent ( x _ 3 , Emma ) AND like . ccomp ( x _ 3, x _ 4 ) AND like . agent ( x _ 4 , x _ 1 ) AND like . theme ( x _ 4 , Noah ) AND appreciate . agent ( x _ 5 , Olivia ) AND appreciate . ccomp ( x _ 5, x _ 6 ) AND like . agent ( x _ 6 , Emma ) AND like . ccomp ( x _ 6, x _ 7 ) AND like . agent ( x _ 7 , x _ 1 ) AND like . theme ( x _ 7 , Noah )	elips_VPE_depth_gen
Ava liked that the sailor declared that a coach helped the hammer and so did a girl .	* sailor ( x _ 4 ) ; * hammer ( x _ 6 ) ; coach ( x _ 5 ) AND girl ( x _ 3 ) AND like . agent ( x _ 7 , Ava ) AND like . ccomp ( x _ 7, x _ 8 ) AND declare . agent ( x _ 8 , x _ 4 ) AND declare . ccomp ( x _ 8, x _ 9 ) AND help . agent ( x _ 9 , x _ 5 ) AND help . theme ( x _ 9 , x _ 6 ) AND like . agent ( x _ 10 , x _ 3 ) AND like . ccomp ( x _ 10, x _ 11 ) AND declare . agent ( x _ 11 , x _ 4 ) AND declare . ccomp ( x _ 11, x _ 12 ) AND help . agent ( x _ 12 , x _ 5 ) AND help . theme ( x _ 12 , x _ 6 )	elips_VPE_depth_gen
The girl hoped that Hannah declared that the prince liked a melon and so did a boy .	* girl ( x _ 0 ) ; * prince ( x _ 4 ) ; melon ( x _ 5 ) AND boy ( x _ 3 ) AND hope . agent ( x _ 6 , x _ 0 ) AND hope . ccomp ( x _ 6, x _ 7 ) AND declare . agent ( x _ 7 , Hannah ) AND declare . ccomp ( x _ 7, x _ 8 ) AND like . agent ( x _ 8 , x _ 4 ) AND like . theme ( x _ 8 , x _ 5 ) AND hope . agent ( x _ 9 , x _ 3 ) AND hope . ccomp ( x _ 9, x _ 10 ) AND declare . agent ( x _ 10 , Hannah ) AND declare . ccomp ( x _ 10, x _ 11 ) AND like . agent ( x _ 11 , x _ 4 ) AND like . theme ( x _ 11 , x _ 5 )	elips_VPE_depth_gen
The cat noticed that the giraffe noticed that James admired a cake and so did Emma .	* cat ( x _ 0 ) ; * giraffe ( x _ 3 ) ; cake ( x _ 4 ) AND notice . agent ( x _ 5 , x _ 0 ) AND notice . ccomp ( x _ 5, x _ 6 ) AND notice . agent ( x _ 6 , x _ 3 ) AND notice . ccomp ( x _ 6, x _ 7 ) AND admire . agent ( x _ 7 , James ) AND admire . theme ( x _ 7 , x _ 4 ) AND notice . agent ( x _ 8 , Emma ) AND notice . ccomp ( x _ 8, x _ 9 ) AND notice . agent ( x _ 9 , x _ 3 ) AND notice . ccomp ( x _ 9, x _ 10 ) AND admire . agent ( x _ 10 , James ) AND admire . theme ( x _ 10 , x _ 4 )	elips_VPE_depth_gen
A girl liked that a baby thought that the bunny liked Emma and so did the boy .	* bunny ( x _ 5 ) ; * boy ( x _ 3 ) ; girl ( x _ 0 ) AND baby ( x _ 4 ) AND like . agent ( x _ 6 , x _ 0 ) AND like . ccomp ( x _ 6, x _ 7 ) AND think . agent ( x _ 7 , x _ 4 ) AND think . ccomp ( x _ 7, x _ 8 ) AND like . agent ( x _ 8 , x _ 5 ) AND like . theme ( x _ 8 , Emma ) AND like . agent ( x _ 9 , x _ 3 ) AND like . ccomp ( x _ 9, x _ 10 ) AND think . agent ( x _ 10 , x _ 4 ) AND think . ccomp ( x _ 10, x _ 11 ) AND like . agent ( x _ 11 , x _ 5 ) AND like . theme ( x _ 11 , Emma )	elips_VPE_depth_gen
The boy liked that the cat appreciated that the mouse confessed that Emma liked a chemical and so did Ellie .	* boy ( x _ 0 ) ; * cat ( x _ 4 ) ; * mouse ( x _ 5 ) ; chemical ( x _ 6 ) AND like . agent ( x _ 7 , x _ 0 ) AND like . ccomp ( x _ 7, x _ 8 ) AND appreciate . agent ( x _ 8 , x _ 4 ) AND appreciate . ccomp ( x _ 8, x _ 9 ) AND confess . agent ( x _ 9 , x _ 5 ) AND confess . ccomp ( x _ 9, x _ 10 ) AND like . agent ( x _ 10 , Emma ) AND like . theme ( x _ 10 , x _ 6 ) AND like . agent ( x _ 11 , Ellie ) AND like . ccomp ( x _ 11, x _ 12 ) AND appreciate . agent ( x _ 12 , x _ 4 ) AND appreciate . ccomp ( x _ 12, x _ 13 ) AND confess . agent ( x _ 13 , x _ 5 ) AND confess . ccomp ( x _ 13, x _ 14 ) AND like . agent ( x _ 14 , Emma ) AND like . theme ( x _ 14 , x _ 6 )	elips_VPE_depth_gen
Ava liked that the girl liked that Mia found the donut and so did a boy .	* girl ( x _ 3 ) ; * donut ( x _ 4 ) ; boy ( x _ 2 ) AND like . agent ( x _ 5 , Ava ) AND like . ccomp ( x _ 5, x _ 6 ) AND like . agent ( x _ 6 , x _ 3 ) AND like . ccomp ( x _ 6, x _ 7 ) AND find . agent ( x _ 7 , Mia ) AND find . theme ( x _ 7 , x _ 4 ) AND like . agent ( x _ 8 , x _ 2 ) AND like . ccomp ( x _ 8, x _ 9 ) AND like . agent ( x _ 9 , x _ 3 ) AND like . ccomp ( x _ 9, x _ 10 ) AND find . agent ( x _ 10 , Mia ) AND find . theme ( x _ 10 , x _ 4 )	elips_VPE_depth_gen
Camila thought that a girl hoped that William helped a strawberry and so did the boy .	* boy ( x _ 2 ) ; girl ( x _ 3 ) AND strawberry ( x _ 4 ) AND think . agent ( x _ 5 , Camila ) AND think . ccomp ( x _ 5, x _ 6 ) AND hope . agent ( x _ 6 , x _ 3 ) AND hope . ccomp ( x _ 6, x _ 7 ) AND help . agent ( x _ 7 , William ) AND help . theme ( x _ 7 , x _ 4 ) AND think . agent ( x _ 8 , x _ 2 ) AND think . ccomp ( x _ 8, x _ 9 ) AND hope . agent ( x _ 9 , x _ 3 ) AND hope . ccomp ( x _ 9, x _ 10 ) AND help . agent ( x _ 10 , William ) AND help . theme ( x _ 10 , x _ 4 )	elips_VPE_depth_gen
The child liked that the cat dreamed that Noah respected the cake and so did Ava .	* child ( x _ 0 ) ; * cat ( x _ 3 ) ; * cake ( x _ 4 ) ; like . agent ( x _ 5 , x _ 0 ) AND like . ccomp ( x _ 5, x _ 6 ) AND dream . agent ( x _ 6 , x _ 3 ) AND dream . ccomp ( x _ 6, x _ 7 ) AND respect . agent ( x _ 7 , Noah ) AND respect . theme ( x _ 7 , x _ 4 ) AND like . agent ( x _ 8 , Ava ) AND like . ccomp ( x _ 8, x _ 9 ) AND dream . agent ( x _ 9 , x _ 3 ) AND dream . ccomp ( x _ 9, x _ 10 ) AND respect . agent ( x _ 10 , Noah ) AND respect . theme ( x _ 10 , x _ 4 )	elips_VPE_depth_gen
The mouse liked that Liam believed that the squirrel respected the rose and so did a girl .	* mouse ( x _ 0 ) ; * squirrel ( x _ 4 ) ; * rose ( x _ 5 ) ; girl ( x _ 3 ) AND like . agent ( x _ 6 , x _ 0 ) AND like . ccomp ( x _ 6, x _ 7 ) AND believe . agent ( x _ 7 , Liam ) AND believe . ccomp ( x _ 7, x _ 8 ) AND respect . agent ( x _ 8 , x _ 4 ) AND respect . theme ( x _ 8 , x _ 5 ) AND like . agent ( x _ 9 , x _ 3 ) AND like . ccomp ( x _ 9, x _ 10 ) AND believe . agent ( x _ 10 , Liam ) AND believe . ccomp ( x _ 10, x _ 11 ) AND respect . agent ( x _ 11 , x _ 4 ) AND respect . theme ( x _ 11 , x _ 5 )	elips_VPE_depth_gen
Henry hoped that Leo liked that Charlotte liked a tourist and so did a girl .	tourist ( x _ 2 ) AND girl ( x _ 1 ) AND hope . agent ( x _ 3 , Henry ) AND hope . ccomp ( x _ 3, x _ 4 ) AND like . agent ( x _ 4 , Leo ) AND like . ccomp ( x _ 4, x _ 5 ) AND like . agent ( x _ 5 , Charlotte ) AND like . theme ( x _ 5 , x _ 2 ) AND hope . agent ( x _ 6 , x _ 1 ) AND hope . ccomp ( x _ 6, x _ 7 ) AND like . agent ( x _ 7 , Leo ) AND like . ccomp ( x _ 7, x _ 8 ) AND like . agent ( x _ 8 , Charlotte ) AND like . theme ( x _ 8 , x _ 2 )	elips_VPE_depth_gen
Jacob respected that Isabella proved that the boy expected that the customer appreciated that Olivia respected a donut and so did the girl .	* boy ( x _ 4 ) ; * customer ( x _ 5 ) ; * girl ( x _ 3 ) ; donut ( x _ 6 ) AND respect . agent ( x _ 7 , Jacob ) AND respect . ccomp ( x _ 7, x _ 8 ) AND prove . agent ( x _ 8 , Isabella ) AND prove . ccomp ( x _ 8, x _ 9 ) AND expect . agent ( x _ 9 , x _ 4 ) AND expect . ccomp ( x _ 9, x _ 10 ) AND appreciate . agent ( x _ 10 , x _ 5 ) AND appreciate . ccomp ( x _ 10, x _ 11 ) AND respect . agent ( x _ 11 , Olivia ) AND respect . theme ( x _ 11 , x _ 6 ) AND respect . agent ( x _ 12 , x _ 3 ) AND respect . ccomp ( x _ 12, x _ 13 ) AND prove . agent ( x _ 13 , Isabella ) AND prove . ccomp ( x _ 13, x _ 14 ) AND expect . agent ( x _ 14 , x _ 4 ) AND expect . ccomp ( x _ 14, x _ 15 ) AND appreciate . agent ( x _ 15 , x _ 5 ) AND appreciate . ccomp ( x _ 15, x _ 16 ) AND respect . agent ( x _ 16 , Olivia ) AND respect . theme ( x _ 16 , x _ 6 )	elips_VPE_depth_gen
David hoped that a puppy liked that a bee liked Emma and so did a dog .	puppy ( x _ 3 ) AND bee ( x _ 4 ) AND dog ( x _ 2 ) AND hope . agent ( x _ 5 , David ) AND hope . ccomp ( x _ 5, x _ 6 ) AND like . agent ( x _ 6 , x _ 3 ) AND like . ccomp ( x _ 6, x _ 7 ) AND like . agent ( x _ 7 , x _ 4 ) AND like . theme ( x _ 7 , Emma ) AND hope . agent ( x _ 8 , x _ 2 ) AND hope . ccomp ( x _ 8, x _ 9 ) AND like . agent ( x _ 9 , x _ 3 ) AND like . ccomp ( x _ 9, x _ 10 ) AND like . agent ( x _ 10 , x _ 4 ) AND like . theme ( x _ 10 , Emma )	elips_VPE_depth_gen
The lion liked that a boy liked that James poked the present and so did Sophia .	* lion ( x _ 0 ) ; * present ( x _ 4 ) ; boy ( x _ 3 ) AND like . agent ( x _ 5 , x _ 0 ) AND like . ccomp ( x _ 5, x _ 6 ) AND like . agent ( x _ 6 , x _ 3 ) AND like . ccomp ( x _ 6, x _ 7 ) AND poke . agent ( x _ 7 , James ) AND poke . theme ( x _ 7 , x _ 4 ) AND like . agent ( x _ 8 , Sophia ) AND like . ccomp ( x _ 8, x _ 9 ) AND like . agent ( x _ 9 , x _ 3 ) AND like . ccomp ( x _ 9, x _ 10 ) AND poke . agent ( x _ 10 , James ) AND poke . theme ( x _ 10 , x _ 4 )	elips_VPE_depth_gen
Anthony tolerated that a crocodile hoped that the king liked that the girl imagined that Chloe liked a chair and so did Emma .	* king ( x _ 5 ) ; * girl ( x _ 6 ) ; crocodile ( x _ 4 ) AND chair ( x _ 7 ) AND tolerate . agent ( x _ 8 , Anthony ) AND tolerate . ccomp ( x _ 8, x _ 9 ) AND hope . agent ( x _ 9 , x _ 4 ) AND hope . ccomp ( x _ 9, x _ 10 ) AND like . agent ( x _ 10 , x _ 5 ) AND like . ccomp ( x _ 10, x _ 11 ) AND imagine . agent ( x _ 11 , x _ 6 ) AND imagine . ccomp ( x _ 11, x _ 12 ) AND like . agent ( x _ 12 , Chloe ) AND like . theme ( x _ 12 , x _ 7 ) AND tolerate . agent ( x _ 13 , Emma ) AND tolerate . ccomp ( x _ 13, x _ 14 ) AND hope . agent ( x _ 14 , x _ 4 ) AND hope . ccomp ( x _ 14, x _ 15 ) AND like . agent ( x _ 15 , x _ 5 ) AND like . ccomp ( x _ 15, x _ 16 ) AND imagine . agent ( x _ 16 , x _ 6 ) AND imagine . ccomp ( x _ 16, x _ 17 ) AND like . agent ( x _ 17 , Chloe ) AND like . theme ( x _ 17 , x _ 7 )	elips_VPE_depth_gen
A girl appreciated that a kitty dreamed that a boy wished that Liam liked a cake and so did the lion .	* lion ( x _ 4 ) ; girl ( x _ 0 ) AND kitty ( x _ 5 ) AND boy ( x _ 6 ) AND cake ( x _ 7 ) AND appreciate . agent ( x _ 8 , x _ 0 ) AND appreciate . ccomp ( x _ 8, x _ 9 ) AND dream . agent ( x _ 9 , x _ 5 ) AND dream . ccomp ( x _ 9, x _ 10 ) AND wish . agent ( x _ 10 , x _ 6 ) AND wish . ccomp ( x _ 10, x _ 11 ) AND like . agent ( x _ 11 , Liam ) AND like . theme ( x _ 11 , x _ 7 ) AND appreciate . agent ( x _ 12 , x _ 4 ) AND appreciate . ccomp ( x _ 12, x _ 13 ) AND dream . agent ( x _ 13 , x _ 5 ) AND dream . ccomp ( x _ 13, x _ 14 ) AND wish . agent ( x _ 14 , x _ 6 ) AND wish . ccomp ( x _ 14, x _ 15 ) AND like . agent ( x _ 15 , Liam ) AND like . theme ( x _ 15 , x _ 7 )	elips_VPE_depth_gen
Emma confessed that a boy liked that Asher liked that James liked a journalist and so did the sailor .	* sailor ( x _ 2 ) ; boy ( x _ 3 ) AND journalist ( x _ 4 ) AND confess . agent ( x _ 5 , Emma ) AND confess . ccomp ( x _ 5, x _ 6 ) AND like . agent ( x _ 6 , x _ 3 ) AND like . ccomp ( x _ 6, x _ 7 ) AND like . agent ( x _ 7 , Asher ) AND like . ccomp ( x _ 7, x _ 8 ) AND like . agent ( x _ 8 , James ) AND like . theme ( x _ 8 , x _ 4 ) AND confess . agent ( x _ 9 , x _ 2 ) AND confess . ccomp ( x _ 9, x _ 10 ) AND like . agent ( x _ 10 , x _ 3 ) AND like . ccomp ( x _ 10, x _ 11 ) AND like . agent ( x _ 11 , Asher ) AND like . ccomp ( x _ 11, x _ 12 ) AND like . agent ( x _ 12 , James ) AND like . theme ( x _ 12 , x _ 4 )	elips_VPE_depth_gen
Liam believed that the fly liked that Benjamin liked the cake and so did a girl .	* fly ( x _ 3 ) ; * cake ( x _ 4 ) ; girl ( x _ 2 ) AND believe . agent ( x _ 5 , Liam ) AND believe . ccomp ( x _ 5, x _ 6 ) AND like . agent ( x _ 6 , x _ 3 ) AND like . ccomp ( x _ 6, x _ 7 ) AND like . agent ( x _ 7 , Benjamin ) AND like . theme ( x _ 7 , x _ 4 ) AND believe . agent ( x _ 8 , x _ 2 ) AND believe . ccomp ( x _ 8, x _ 9 ) AND like . agent ( x _ 9 , x _ 3 ) AND like . ccomp ( x _ 9, x _ 10 ) AND like . agent ( x _ 10 , Benjamin ) AND like . theme ( x _ 10 , x _ 4 )	elips_VPE_depth_gen
Jackson tolerated that a boy hoped that the cat meant that Ellie found the lollipop and so did the girl .	* cat ( x _ 5 ) ; * lollipop ( x _ 6 ) ; * girl ( x _ 3 ) ; boy ( x _ 4 ) AND tolerate . agent ( x _ 7 , Jackson ) AND tolerate . ccomp ( x _ 7, x _ 8 ) AND hope . agent ( x _ 8 , x _ 4 ) AND hope . ccomp ( x _ 8, x _ 9 ) AND mean . agent ( x _ 9 , x _ 5 ) AND mean . ccomp ( x _ 9, x _ 10 ) AND find . agent ( x _ 10 , Ellie ) AND find . theme ( x _ 10 , x _ 6 ) AND tolerate . agent ( x _ 11 , x _ 3 ) AND tolerate . ccomp ( x _ 11, x _ 12 ) AND hope . agent ( x _ 12 , x _ 4 ) AND hope . ccomp ( x _ 12, x _ 13 ) AND mean . agent ( x _ 13 , x _ 5 ) AND mean . ccomp ( x _ 13, x _ 14 ) AND find . agent ( x _ 14 , Ellie ) AND find . theme ( x _ 14 , x _ 6 )	elips_VPE_depth_gen
A girl liked that Emma tolerated that Logan liked the cake and so did a dog .	* cake ( x _ 3 ) ; girl ( x _ 0 ) AND dog ( x _ 2 ) AND like . agent ( x _ 4 , x _ 0 ) AND like . ccomp ( x _ 4, x _ 5 ) AND tolerate . agent ( x _ 5 , Emma ) AND tolerate . ccomp ( x _ 5, x _ 6 ) AND like . agent ( x _ 6 , Logan ) AND like . theme ( x _ 6 , x _ 3 ) AND like . agent ( x _ 7 , x _ 2 ) AND like . ccomp ( x _ 7, x _ 8 ) AND tolerate . agent ( x _ 8 , Emma ) AND tolerate . ccomp ( x _ 8, x _ 9 ) AND like . agent ( x _ 9 , Logan ) AND like . theme ( x _ 9 , x _ 3 )	elips_VPE_depth_gen
A child meant that a servant imagined that Liam found the cake and so did the girl .	* cake ( x _ 5 ) ; * girl ( x _ 3 ) ; child ( x _ 0 ) AND servant ( x _ 4 ) AND mean . agent ( x _ 6 , x _ 0 ) AND mean . ccomp ( x _ 6, x _ 7 ) AND imagine . agent ( x _ 7 , x _ 4 ) AND imagine . ccomp ( x _ 7, x _ 8 ) AND find . agent ( x _ 8 , Liam ) AND find . theme ( x _ 8 , x _ 5 ) AND mean . agent ( x _ 9 , x _ 3 ) AND mean . ccomp ( x _ 9, x _ 10 ) AND imagine . agent ( x _ 10 , x _ 4 ) AND imagine . ccomp ( x _ 10, x _ 11 ) AND find . agent ( x _ 11 , Liam ) AND find . theme ( x _ 11 , x _ 5 )	elips_VPE_depth_gen
Olivia liked that a cat said that Aria helped the donut and so did Harper .	* donut ( x _ 3 ) ; cat ( x _ 2 ) AND like . agent ( x _ 4 , Olivia ) AND like . ccomp ( x _ 4, x _ 5 ) AND say . agent ( x _ 5 , x _ 2 ) AND say . ccomp ( x _ 5, x _ 6 ) AND help . agent ( x _ 6 , Aria ) AND help . theme ( x _ 6 , x _ 3 ) AND like . agent ( x _ 7 , Harper ) AND like . ccomp ( x _ 7, x _ 8 ) AND say . agent ( x _ 8 , x _ 2 ) AND say . ccomp ( x _ 8, x _ 9 ) AND help . agent ( x _ 9 , Aria ) AND help . theme ( x _ 9 , x _ 3 )	elips_VPE_depth_gen
A cat dreamed that Olivia said that a girl liked the ring and so did the baby .	* ring ( x _ 5 ) ; * baby ( x _ 3 ) ; cat ( x _ 0 ) AND girl ( x _ 4 ) AND dream . agent ( x _ 6 , x _ 0 ) AND dream . ccomp ( x _ 6, x _ 7 ) AND say . agent ( x _ 7 , Olivia ) AND say . ccomp ( x _ 7, x _ 8 ) AND like . agent ( x _ 8 , x _ 4 ) AND like . theme ( x _ 8 , x _ 5 ) AND dream . agent ( x _ 9 , x _ 3 ) AND dream . ccomp ( x _ 9, x _ 10 ) AND say . agent ( x _ 10 , Olivia ) AND say . ccomp ( x _ 10, x _ 11 ) AND like . agent ( x _ 11 , x _ 4 ) AND like . theme ( x _ 11 , x _ 5 )	elips_VPE_depth_gen
Noah liked that the driver liked that a teacher found Elijah and so did Emma .	* driver ( x _ 2 ) ; teacher ( x _ 3 ) AND like . agent ( x _ 4 , Noah ) AND like . ccomp ( x _ 4, x _ 5 ) AND like . agent ( x _ 5 , x _ 2 ) AND like . ccomp ( x _ 5, x _ 6 ) AND find . agent ( x _ 6 , x _ 3 ) AND find . theme ( x _ 6 , Elijah ) AND like . agent ( x _ 7 , Emma ) AND like . ccomp ( x _ 7, x _ 8 ) AND like . agent ( x _ 8 , x _ 2 ) AND like . ccomp ( x _ 8, x _ 9 ) AND find . agent ( x _ 9 , x _ 3 ) AND find . theme ( x _ 9 , Elijah )	elips_VPE_depth_gen
The scientist said that Alexander liked that Emma liked the coin and so did a landlord .	* scientist ( x _ 0 ) ; * coin ( x _ 3 ) ; landlord ( x _ 2 ) AND say . agent ( x _ 4 , x _ 0 ) AND say . ccomp ( x _ 4, x _ 5 ) AND like . agent ( x _ 5 , Alexander ) AND like . ccomp ( x _ 5, x _ 6 ) AND like . agent ( x _ 6 , Emma ) AND like . theme ( x _ 6 , x _ 3 ) AND say . agent ( x _ 7 , x _ 2 ) AND say . ccomp ( x _ 7, x _ 8 ) AND like . agent ( x _ 8 , Alexander ) AND like . ccomp ( x _ 8, x _ 9 ) AND like . agent ( x _ 9 , Emma ) AND like . theme ( x _ 9 , x _ 3 )	elips_VPE_depth_gen
The duck said that Oliver noticed that a boy liked that Riley liked a baby and so did a zebra .	* duck ( x _ 0 ) ; boy ( x _ 4 ) AND baby ( x _ 5 ) AND zebra ( x _ 3 ) AND say . agent ( x _ 6 , x _ 0 ) AND say . ccomp ( x _ 6, x _ 7 ) AND notice . agent ( x _ 7 , Oliver ) AND notice . ccomp ( x _ 7, x _ 8 ) AND like . agent ( x _ 8 , x _ 4 ) AND like . ccomp ( x _ 8, x _ 9 ) AND like . agent ( x _ 9 , Riley ) AND like . theme ( x _ 9 , x _ 5 ) AND say . agent ( x _ 10 , x _ 3 ) AND say . ccomp ( x _ 10, x _ 11 ) AND notice . agent ( x _ 11 , Oliver ) AND notice . ccomp ( x _ 11, x _ 12 ) AND like . agent ( x _ 12 , x _ 4 ) AND like . ccomp ( x _ 12, x _ 13 ) AND like . agent ( x _ 13 , Riley ) AND like . theme ( x _ 13 , x _ 5 )	elips_VPE_depth_gen
Liam imagined that Olivia said that Emma respected a needle and so did William .	needle ( x _ 1 ) AND imagine . agent ( x _ 2 , Liam ) AND imagine . ccomp ( x _ 2, x _ 3 ) AND say . agent ( x _ 3 , Olivia ) AND say . ccomp ( x _ 3, x _ 4 ) AND respect . agent ( x _ 4 , Emma ) AND respect . theme ( x _ 4 , x _ 1 ) AND imagine . agent ( x _ 5 , William ) AND imagine . ccomp ( x _ 5, x _ 6 ) AND say . agent ( x _ 6 , Olivia ) AND say . ccomp ( x _ 6, x _ 7 ) AND respect . agent ( x _ 7 , Emma ) AND respect . theme ( x _ 7 , x _ 1 )	elips_VPE_depth_gen
The farmer hoped that Jackson liked that Sophia liked the girl and so did Aria .	* farmer ( x _ 0 ) ; * girl ( x _ 2 ) ; hope . agent ( x _ 3 , x _ 0 ) AND hope . ccomp ( x _ 3, x _ 4 ) AND like . agent ( x _ 4 , Jackson ) AND like . ccomp ( x _ 4, x _ 5 ) AND like . agent ( x _ 5 , Sophia ) AND like . theme ( x _ 5 , x _ 2 ) AND hope . agent ( x _ 6 , Aria ) AND hope . ccomp ( x _ 6, x _ 7 ) AND like . agent ( x _ 7 , Jackson ) AND like . ccomp ( x _ 7, x _ 8 ) AND like . agent ( x _ 8 , Sophia ) AND like . theme ( x _ 8 , x _ 2 )	elips_VPE_depth_gen
Leah noticed that a hero liked that the girl liked that Olivia adored a cake and so did Ava .	* girl ( x _ 4 ) ; hero ( x _ 3 ) AND cake ( x _ 5 ) AND notice . agent ( x _ 6 , Leah ) AND notice . ccomp ( x _ 6, x _ 7 ) AND like . agent ( x _ 7 , x _ 3 ) AND like . ccomp ( x _ 7, x _ 8 ) AND like . agent ( x _ 8 , x _ 4 ) AND like . ccomp ( x _ 8, x _ 9 ) AND adore . agent ( x _ 9 , Olivia ) AND adore . theme ( x _ 9 , x _ 5 ) AND notice . agent ( x _ 10 , Ava ) AND notice . ccomp ( x _ 10, x _ 11 ) AND like . agent ( x _ 11 , x _ 3 ) AND like . ccomp ( x _ 11, x _ 12 ) AND like . agent ( x _ 12 , x _ 4 ) AND like . ccomp ( x _ 12, x _ 13 ) AND adore . agent ( x _ 13 , Olivia ) AND adore . theme ( x _ 13 , x _ 5 )	elips_VPE_depth_gen
A lion supported that Emma liked that a cat loved Aria and so did the girl .	* girl ( x _ 2 ) ; lion ( x _ 0 ) AND cat ( x _ 3 ) AND support . agent ( x _ 4 , x _ 0 ) AND support . ccomp ( x _ 4, x _ 5 ) AND like . agent ( x _ 5 , Emma ) AND like . ccomp ( x _ 5, x _ 6 ) AND love . agent ( x _ 6 , x _ 3 ) AND love . theme ( x _ 6 , Aria ) AND support . agent ( x _ 7 , x _ 2 ) AND support . ccomp ( x _ 7, x _ 8 ) AND like . agent ( x _ 8 , Emma ) AND like . ccomp ( x _ 8, x _ 9 ) AND love . agent ( x _ 9 , x _ 3 ) AND love . theme ( x _ 9 , Aria )	elips_VPE_depth_gen
Emma hoped that Ethan declared that a dog loved the wolf and so did a king .	* wolf ( x _ 4 ) ; dog ( x _ 3 ) AND king ( x _ 2 ) AND hope . agent ( x _ 5 , Emma ) AND hope . ccomp ( x _ 5, x _ 6 ) AND declare . agent ( x _ 6 , Ethan ) AND declare . ccomp ( x _ 6, x _ 7 ) AND love . agent ( x _ 7 , x _ 3 ) AND love . theme ( x _ 7 , x _ 4 ) AND hope . agent ( x _ 8 , x _ 2 ) AND hope . ccomp ( x _ 8, x _ 9 ) AND declare . agent ( x _ 9 , Ethan ) AND declare . ccomp ( x _ 9, x _ 10 ) AND love . agent ( x _ 10 , x _ 3 ) AND love . theme ( x _ 10 , x _ 4 )	elips_VPE_depth_gen
The baby wished that Anthony liked that Emma liked a girl and so did Liam .	* baby ( x _ 0 ) ; girl ( x _ 2 ) AND wish . agent ( x _ 3 , x _ 0 ) AND wish . ccomp ( x _ 3, x _ 4 ) AND like . agent ( x _ 4 , Anthony ) AND like . ccomp ( x _ 4, x _ 5 ) AND like . agent ( x _ 5 , Emma ) AND like . theme ( x _ 5 , x _ 2 ) AND wish . agent ( x _ 6 , Liam ) AND wish . ccomp ( x _ 6, x _ 7 ) AND like . agent ( x _ 7 , Anthony ) AND like . ccomp ( x _ 7, x _ 8 ) AND like . agent ( x _ 8 , Emma ) AND like . theme ( x _ 8 , x _ 2 )	elips_VPE_depth_gen
The baby liked that Emma declared that the consumer helped the cake and so did a boy .	* baby ( x _ 0 ) ; * consumer ( x _ 4 ) ; * cake ( x _ 5 ) ; boy ( x _ 3 ) AND like . agent ( x _ 6 , x _ 0 ) AND like . ccomp ( x _ 6, x _ 7 ) AND declare . agent ( x _ 7 , Emma ) AND declare . ccomp ( x _ 7, x _ 8 ) AND help . agent ( x _ 8 , x _ 4 ) AND help . theme ( x _ 8 , x _ 5 ) AND like . agent ( x _ 9 , x _ 3 ) AND like . ccomp ( x _ 9, x _ 10 ) AND declare . agent ( x _ 10 , Emma ) AND declare . ccomp ( x _ 10, x _ 11 ) AND help . agent ( x _ 11 , x _ 4 ) AND help . theme ( x _ 11 , x _ 5 )	elips_VPE_depth_gen
Emma liked that a girl said that Noah liked that Liam hoped that a lion helped a cookie and so did a cat .	girl ( x _ 4 ) AND lion ( x _ 5 ) AND cookie ( x _ 6 ) AND cat ( x _ 3 ) AND like . agent ( x _ 7 , Emma ) AND like . ccomp ( x _ 7, x _ 8 ) AND say . agent ( x _ 8 , x _ 4 ) AND say . ccomp ( x _ 8, x _ 9 ) AND like . agent ( x _ 9 , Noah ) AND like . ccomp ( x _ 9, x _ 10 ) AND hope . agent ( x _ 10 , Liam ) AND hope . ccomp ( x _ 10, x _ 11 ) AND help . agent ( x _ 11 , x _ 5 ) AND help . theme ( x _ 11 , x _ 6 ) AND like . agent ( x _ 12 , x _ 3 ) AND like . ccomp ( x _ 12, x _ 13 ) AND say . agent ( x _ 13 , x _ 4 ) AND say . ccomp ( x _ 13, x _ 14 ) AND like . agent ( x _ 14 , Noah ) AND like . ccomp ( x _ 14, x _ 15 ) AND hope . agent ( x _ 15 , Liam ) AND hope . ccomp ( x _ 15, x _ 16 ) AND help . agent ( x _ 16 , x _ 5 ) AND help . theme ( x _ 16 , x _ 6 )	elips_VPE_depth_gen
The resident believed that Jaxon noticed that Andrew missed the raisin and so did the chicken .	* resident ( x _ 0 ) ; * raisin ( x _ 3 ) ; * chicken ( x _ 2 ) ; believe . agent ( x _ 4 , x _ 0 ) AND believe . ccomp ( x _ 4, x _ 5 ) AND notice . agent ( x _ 5 , Jaxon ) AND notice . ccomp ( x _ 5, x _ 6 ) AND miss . agent ( x _ 6 , Andrew ) AND miss . theme ( x _ 6 , x _ 3 ) AND believe . agent ( x _ 7 , x _ 2 ) AND believe . ccomp ( x _ 7, x _ 8 ) AND notice . agent ( x _ 8 , Jaxon ) AND notice . ccomp ( x _ 8, x _ 9 ) AND miss . agent ( x _ 9 , Andrew ) AND miss . theme ( x _ 9 , x _ 3 )	elips_VPE_depth_gen
Liam respected that the baby liked that Luna loved a manager and so did Benjamin .	* baby ( x _ 2 ) ; manager ( x _ 3 ) AND respect . agent ( x _ 4 , Liam ) AND respect . ccomp ( x _ 4, x _ 5 ) AND like . agent ( x _ 5 , x _ 2 ) AND like . ccomp ( x _ 5, x _ 6 ) AND love . agent ( x _ 6 , Luna ) AND love . theme ( x _ 6 , x _ 3 ) AND respect . agent ( x _ 7 , Benjamin ) AND respect . ccomp ( x _ 7, x _ 8 ) AND like . agent ( x _ 8 , x _ 2 ) AND like . ccomp ( x _ 8, x _ 9 ) AND love . agent ( x _ 9 , Luna ) AND love . theme ( x _ 9 , x _ 3 )	elips_VPE_depth_gen
A dog valued that Liam hoped that Olivia liked that Mila hoped that a girl helped Eleanor and so did the journalist .	* journalist ( x _ 2 ) ; dog ( x _ 0 ) AND girl ( x _ 3 ) AND value . agent ( x _ 4 , x _ 0 ) AND value . ccomp ( x _ 4, x _ 5 ) AND hope . agent ( x _ 5 , Liam ) AND hope . ccomp ( x _ 5, x _ 6 ) AND like . agent ( x _ 6 , Olivia ) AND like . ccomp ( x _ 6, x _ 7 ) AND hope . agent ( x _ 7 , Mila ) AND hope . ccomp ( x _ 7, x _ 8 ) AND help . agent ( x _ 8 , x _ 3 ) AND help . theme ( x _ 8 , Eleanor ) AND value . agent ( x _ 9 , x _ 2 ) AND value . ccomp ( x _ 9, x _ 10 ) AND hope . agent ( x _ 10 , Liam ) AND hope . ccomp ( x _ 10, x _ 11 ) AND like . agent ( x _ 11 , Olivia ) AND like . ccomp ( x _ 11, x _ 12 ) AND hope . agent ( x _ 12 , Mila ) AND hope . ccomp ( x _ 12, x _ 13 ) AND help . agent ( x _ 13 , x _ 3 ) AND help . theme ( x _ 13 , Eleanor )	elips_VPE_depth_gen
The girl dreamed that Olivia tolerated that the kitty loved the cake and so did the frog .	* girl ( x _ 0 ) ; * kitty ( x _ 4 ) ; * cake ( x _ 5 ) ; * frog ( x _ 3 ) ; dream . agent ( x _ 6 , x _ 0 ) AND dream . ccomp ( x _ 6, x _ 7 ) AND tolerate . agent ( x _ 7 , Olivia ) AND tolerate . ccomp ( x _ 7, x _ 8 ) AND love . agent ( x _ 8 , x _ 4 ) AND love . theme ( x _ 8 , x _ 5 ) AND dream . agent ( x _ 9 , x _ 3 ) AND dream . ccomp ( x _ 9, x _ 10 ) AND tolerate . agent ( x _ 10 , Olivia ) AND tolerate . ccomp ( x _ 10, x _ 11 ) AND love . agent ( x _ 11 , x _ 4 ) AND love . theme ( x _ 11 , x _ 5 )	elips_VPE_depth_gen
Dylan believed that the girl thought that a child said that the mouse liked that the president liked a cake and so did a bee .	* girl ( x _ 6 ) ; * mouse ( x _ 8 ) ; * president ( x _ 9 ) ; child ( x _ 7 ) AND cake ( x _ 10 ) AND bee ( x _ 5 ) AND believe . agent ( x _ 11 , Dylan ) AND believe . ccomp ( x _ 11, x _ 12 ) AND think . agent ( x _ 12 , x _ 6 ) AND think . ccomp ( x _ 12, x _ 13 ) AND say . agent ( x _ 13 , x _ 7 ) AND say . ccomp ( x _ 13, x _ 14 ) AND like . agent ( x _ 14 , x _ 8 ) AND like . ccomp ( x _ 14, x _ 15 ) AND like . agent ( x _ 15 , x _ 9 ) AND like . theme ( x _ 15 , x _ 10 ) AND believe . agent ( x _ 16 , x _ 5 ) AND believe . ccomp ( x _ 16, x _ 17 ) AND think . agent ( x _ 17 , x _ 6 ) AND think . ccomp ( x _ 17, x _ 18 ) AND say . agent ( x _ 18 , x _ 7 ) AND say . ccomp ( x _ 18, x _ 19 ) AND like . agent ( x _ 19 , x _ 8 ) AND like . ccomp ( x _ 19, x _ 20 ) AND like . agent ( x _ 20 , x _ 9 ) AND like . theme ( x _ 20 , x _ 10 )	elips_VPE_depth_gen
The monkey proved that a girl hoped that a mother admired Emma and so did a baby .	* monkey ( x _ 0 ) ; girl ( x _ 4 ) AND mother ( x _ 5 ) AND baby ( x _ 3 ) AND prove . agent ( x _ 6 , x _ 0 ) AND prove . ccomp ( x _ 6, x _ 7 ) AND hope . agent ( x _ 7 , x _ 4 ) AND hope . ccomp ( x _ 7, x _ 8 ) AND admire . agent ( x _ 8 , x _ 5 ) AND admire . theme ( x _ 8 , Emma ) AND prove . agent ( x _ 9 , x _ 3 ) AND prove . ccomp ( x _ 9, x _ 10 ) AND hope . agent ( x _ 10 , x _ 4 ) AND hope . ccomp ( x _ 10, x _ 11 ) AND admire . agent ( x _ 11 , x _ 5 ) AND admire . theme ( x _ 11 , Emma )	elips_VPE_depth_gen
A writer valued that Emma liked that Liam helped the donut and so did the child .	* donut ( x _ 3 ) ; * child ( x _ 2 ) ; writer ( x _ 0 ) AND value . agent ( x _ 4 , x _ 0 ) AND value . ccomp ( x _ 4, x _ 5 ) AND like . agent ( x _ 5 , Emma ) AND like . ccomp ( x _ 5, x _ 6 ) AND help . agent ( x _ 6 , Liam ) AND help . theme ( x _ 6 , x _ 3 ) AND value . agent ( x _ 7 , x _ 2 ) AND value . ccomp ( x _ 7, x _ 8 ) AND like . agent ( x _ 8 , Emma ) AND like . ccomp ( x _ 8, x _ 9 ) AND help . agent ( x _ 9 , Liam ) AND help . theme ( x _ 9 , x _ 3 )	elips_VPE_depth_gen
Jacob confessed that Harper confessed that the bunny declared that Ava found a cake and so did Oliver .	* bunny ( x _ 2 ) ; cake ( x _ 3 ) AND confess . agent ( x _ 4 , Jacob ) AND confess . ccomp ( x _ 4, x _ 5 ) AND confess . agent ( x _ 5 , Harper ) AND confess . ccomp ( x _ 5, x _ 6 ) AND declare . agent ( x _ 6 , x _ 2 ) AND declare . ccomp ( x _ 6, x _ 7 ) AND find . agent ( x _ 7 , Ava ) AND find . theme ( x _ 7 , x _ 3 ) AND confess . agent ( x _ 8 , Oliver ) AND confess . ccomp ( x _ 8, x _ 9 ) AND confess . agent ( x _ 9 , Harper ) AND confess . ccomp ( x _ 9, x _ 10 ) AND declare . agent ( x _ 10 , x _ 2 ) AND declare . ccomp ( x _ 10, x _ 11 ) AND find . agent ( x _ 11 , Ava ) AND find . theme ( x _ 11 , x _ 3 )	elips_VPE_depth_gen
Elijah liked that the squirrel liked that a cat missed a rose and so did the girl .	* squirrel ( x _ 4 ) ; * girl ( x _ 3 ) ; cat ( x _ 5 ) AND rose ( x _ 6 ) AND like . agent ( x _ 7 , Elijah ) AND like . ccomp ( x _ 7, x _ 8 ) AND like . agent ( x _ 8 , x _ 4 ) AND like . ccomp ( x _ 8, x _ 9 ) AND miss . agent ( x _ 9 , x _ 5 ) AND miss . theme ( x _ 9 , x _ 6 ) AND like . agent ( x _ 10 , x _ 3 ) AND like . ccomp ( x _ 10, x _ 11 ) AND like . agent ( x _ 11 , x _ 4 ) AND like . ccomp ( x _ 11, x _ 12 ) AND miss . agent ( x _ 12 , x _ 5 ) AND miss . theme ( x _ 12 , x _ 6 )	elips_VPE_depth_gen
Emma thought that Oliver liked that a girl liked a boy and so did the bear .	* bear ( x _ 2 ) ; girl ( x _ 3 ) AND boy ( x _ 4 ) AND think . agent ( x _ 5 , Emma ) AND think . ccomp ( x _ 5, x _ 6 ) AND like . agent ( x _ 6 , Oliver ) AND like . ccomp ( x _ 6, x _ 7 ) AND like . agent ( x _ 7 , x _ 3 ) AND like . theme ( x _ 7 , x _ 4 ) AND think . agent ( x _ 8 , x _ 2 ) AND think . ccomp ( x _ 8, x _ 9 ) AND like . agent ( x _ 9 , Oliver ) AND like . ccomp ( x _ 9, x _ 10 ) AND like . agent ( x _ 10 , x _ 3 ) AND like . theme ( x _ 10 , x _ 4 )	elips_VPE_depth_gen
Aria liked that Liam thought that the monkey wished that the creature found a melon and so did a hen .	* monkey ( x _ 4 ) ; * creature ( x _ 5 ) ; melon ( x _ 6 ) AND hen ( x _ 3 ) AND like . agent ( x _ 7 , Aria ) AND like . ccomp ( x _ 7, x _ 8 ) AND think . agent ( x _ 8 , Liam ) AND think . ccomp ( x _ 8, x _ 9 ) AND wish . agent ( x _ 9 , x _ 4 ) AND wish . ccomp ( x _ 9, x _ 10 ) AND find . agent ( x _ 10 , x _ 5 ) AND find . theme ( x _ 10 , x _ 6 ) AND like . agent ( x _ 11 , x _ 3 ) AND like . ccomp ( x _ 11, x _ 12 ) AND think . agent ( x _ 12 , Liam ) AND think . ccomp ( x _ 12, x _ 13 ) AND wish . agent ( x _ 13 , x _ 4 ) AND wish . ccomp ( x _ 13, x _ 14 ) AND find . agent ( x _ 14 , x _ 5 ) AND find . theme ( x _ 14 , x _ 6 )	elips_VPE_depth_gen
The creature hoped that Claire liked that the girl declared that a cat loved a key and so did a bunny .	* creature ( x _ 0 ) ; * girl ( x _ 5 ) ; cat ( x _ 6 ) AND key ( x _ 7 ) AND bunny ( x _ 4 ) AND hope . agent ( x _ 8 , x _ 0 ) AND hope . ccomp ( x _ 8, x _ 9 ) AND like . agent ( x _ 9 , Claire ) AND like . ccomp ( x _ 9, x _ 10 ) AND declare . agent ( x _ 10 , x _ 5 ) AND declare . ccomp ( x _ 10, x _ 11 ) AND love . agent ( x _ 11 , x _ 6 ) AND love . theme ( x _ 11 , x _ 7 ) AND hope . agent ( x _ 12 , x _ 4 ) AND hope . ccomp ( x _ 12, x _ 13 ) AND like . agent ( x _ 13 , Claire ) AND like . ccomp ( x _ 13, x _ 14 ) AND declare . agent ( x _ 14 , x _ 5 ) AND declare . ccomp ( x _ 14, x _ 15 ) AND love . agent ( x _ 15 , x _ 6 ) AND love . theme ( x _ 15 , x _ 7 )	elips_VPE_depth_gen
The queen confessed that Liam confessed that a girl liked Henry and so did Logan .	* queen ( x _ 0 ) ; girl ( x _ 2 ) AND confess . agent ( x _ 3 , x _ 0 ) AND confess . ccomp ( x _ 3, x _ 4 ) AND confess . agent ( x _ 4 , Liam ) AND confess . ccomp ( x _ 4, x _ 5 ) AND like . agent ( x _ 5 , x _ 2 ) AND like . theme ( x _ 5 , Henry ) AND confess . agent ( x _ 6 , Logan ) AND confess . ccomp ( x _ 6, x _ 7 ) AND confess . agent ( x _ 7 , Liam ) AND confess . ccomp ( x _ 7, x _ 8 ) AND like . agent ( x _ 8 , x _ 2 ) AND like . theme ( x _ 8 , Henry )	elips_VPE_depth_gen
The mouse appreciated that a mother liked that a boy liked Brooklyn and so did Harper .	* mouse ( x _ 0 ) ; mother ( x _ 3 ) AND boy ( x _ 4 ) AND appreciate . agent ( x _ 5 , x _ 0 ) AND appreciate . ccomp ( x _ 5, x _ 6 ) AND like . agent ( x _ 6 , x _ 3 ) AND like . ccomp ( x _ 6, x _ 7 ) AND like . agent ( x _ 7 , x _ 4 ) AND like . theme ( x _ 7 , Brooklyn ) AND appreciate . agent ( x _ 8 , Harper ) AND appreciate . ccomp ( x _ 8, x _ 9 ) AND like . agent ( x _ 9 , x _ 3 ) AND like . ccomp ( x _ 9, x _ 10 ) AND like . agent ( x _ 10 , x _ 4 ) AND like . theme ( x _ 10 , Brooklyn )	elips_VPE_depth_gen
The dog proved that a mouse declared that Ava liked the cake and so did Emma .	* dog ( x _ 0 ) ; * cake ( x _ 4 ) ; mouse ( x _ 3 ) AND prove . agent ( x _ 5 , x _ 0 ) AND prove . ccomp ( x _ 5, x _ 6 ) AND declare . agent ( x _ 6 , x _ 3 ) AND declare . ccomp ( x _ 6, x _ 7 ) AND like . agent ( x _ 7 , Ava ) AND like . theme ( x _ 7 , x _ 4 ) AND prove . agent ( x _ 8 , Emma ) AND prove . ccomp ( x _ 8, x _ 9 ) AND declare . agent ( x _ 9 , x _ 3 ) AND declare . ccomp ( x _ 9, x _ 10 ) AND like . agent ( x _ 10 , Ava ) AND like . theme ( x _ 10 , x _ 4 )	elips_VPE_depth_gen
Sebastian admired that a girl noticed that Liam poked the donut and so did the boy .	* donut ( x _ 4 ) ; * boy ( x _ 2 ) ; girl ( x _ 3 ) AND admire . agent ( x _ 5 , Sebastian ) AND admire . ccomp ( x _ 5, x _ 6 ) AND notice . agent ( x _ 6 , x _ 3 ) AND notice . ccomp ( x _ 6, x _ 7 ) AND poke . agent ( x _ 7 , Liam ) AND poke . theme ( x _ 7 , x _ 4 ) AND admire . agent ( x _ 8 , x _ 2 ) AND admire . ccomp ( x _ 8, x _ 9 ) AND notice . agent ( x _ 9 , x _ 3 ) AND notice . ccomp ( x _ 9, x _ 10 ) AND poke . agent ( x _ 10 , Liam ) AND poke . theme ( x _ 10 , x _ 4 )	elips_VPE_depth_gen
A cat liked that a girl noticed that Isabella helped the fish and so did Ethan .	* fish ( x _ 4 ) ; cat ( x _ 0 ) AND girl ( x _ 3 ) AND like . agent ( x _ 5 , x _ 0 ) AND like . ccomp ( x _ 5, x _ 6 ) AND notice . agent ( x _ 6 , x _ 3 ) AND notice . ccomp ( x _ 6, x _ 7 ) AND help . agent ( x _ 7 , Isabella ) AND help . theme ( x _ 7 , x _ 4 ) AND like . agent ( x _ 8 , Ethan ) AND like . ccomp ( x _ 8, x _ 9 ) AND notice . agent ( x _ 9 , x _ 3 ) AND notice . ccomp ( x _ 9, x _ 10 ) AND help . agent ( x _ 10 , Isabella ) AND help . theme ( x _ 10 , x _ 4 )	elips_VPE_depth_gen
A goose declared that Emma said that William appreciated a girl and so did Sophia .	goose ( x _ 0 ) AND girl ( x _ 2 ) AND declare . agent ( x _ 3 , x _ 0 ) AND declare . ccomp ( x _ 3, x _ 4 ) AND say . agent ( x _ 4 , Emma ) AND say . ccomp ( x _ 4, x _ 5 ) AND appreciate . agent ( x _ 5 , William ) AND appreciate . theme ( x _ 5 , x _ 2 ) AND declare . agent ( x _ 6 , Sophia ) AND declare . ccomp ( x _ 6, x _ 7 ) AND say . agent ( x _ 7 , Emma ) AND say . ccomp ( x _ 7, x _ 8 ) AND appreciate . agent ( x _ 8 , William ) AND appreciate . theme ( x _ 8 , x _ 2 )	elips_VPE_depth_gen
Layla liked that a girl hoped that Mason appreciated that Liam liked that Emma poked a boy and so did Aiden .	girl ( x _ 2 ) AND boy ( x _ 3 ) AND like . agent ( x _ 4 , Layla ) AND like . ccomp ( x _ 4, x _ 5 ) AND hope . agent ( x _ 5 , x _ 2 ) AND hope . ccomp ( x _ 5, x _ 6 ) AND appreciate . agent ( x _ 6 , Mason ) AND appreciate . ccomp ( x _ 6, x _ 7 ) AND like . agent ( x _ 7 , Liam ) AND like . ccomp ( x _ 7, x _ 8 ) AND poke . agent ( x _ 8 , Emma ) AND poke . theme ( x _ 8 , x _ 3 ) AND like . agent ( x _ 9 , Aiden ) AND like . ccomp ( x _ 9, x _ 10 ) AND hope . agent ( x _ 10 , x _ 2 ) AND hope . ccomp ( x _ 10, x _ 11 ) AND appreciate . agent ( x _ 11 , Mason ) AND appreciate . ccomp ( x _ 11, x _ 12 ) AND like . agent ( x _ 12 , Liam ) AND like . ccomp ( x _ 12, x _ 13 ) AND poke . agent ( x _ 13 , Emma ) AND poke . theme ( x _ 13 , x _ 3 )	elips_VPE_depth_gen
The dog appreciated that a boy wished that Mason liked Liam and so did a girl .	* dog ( x _ 0 ) ; boy ( x _ 3 ) AND girl ( x _ 2 ) AND appreciate . agent ( x _ 4 , x _ 0 ) AND appreciate . ccomp ( x _ 4, x _ 5 ) AND wish . agent ( x _ 5 , x _ 3 ) AND wish . ccomp ( x _ 5, x _ 6 ) AND like . agent ( x _ 6 , Mason ) AND like . theme ( x _ 6 , Liam ) AND appreciate . agent ( x _ 7 , x _ 2 ) AND appreciate . ccomp ( x _ 7, x _ 8 ) AND wish . agent ( x _ 8 , x _ 3 ) AND wish . ccomp ( x _ 8, x _ 9 ) AND like . agent ( x _ 9 , Mason ) AND like . theme ( x _ 9 , Liam )	elips_VPE_depth_gen
A girl noticed that a visitor hoped that Emma hoped that a squirrel liked a pupil and so did Olivia .	girl ( x _ 0 ) AND visitor ( x _ 4 ) AND squirrel ( x _ 5 ) AND pupil ( x _ 6 ) AND notice . agent ( x _ 7 , x _ 0 ) AND notice . ccomp ( x _ 7, x _ 8 ) AND hope . agent ( x _ 8 , x _ 4 ) AND hope . ccomp ( x _ 8, x _ 9 ) AND hope . agent ( x _ 9 , Emma ) AND hope . ccomp ( x _ 9, x _ 10 ) AND like . agent ( x _ 10 , x _ 5 ) AND like . theme ( x _ 10 , x _ 6 ) AND notice . agent ( x _ 11 , Olivia ) AND notice . ccomp ( x _ 11, x _ 12 ) AND hope . agent ( x _ 12 , x _ 4 ) AND hope . ccomp ( x _ 12, x _ 13 ) AND hope . agent ( x _ 13 , Emma ) AND hope . ccomp ( x _ 13, x _ 14 ) AND like . agent ( x _ 14 , x _ 5 ) AND like . theme ( x _ 14 , x _ 6 )	elips_VPE_depth_gen
The girl hoped that a professor liked that Emma thought that the boy liked the cake and so did Layla .	* girl ( x _ 0 ) ; * boy ( x _ 5 ) ; * cake ( x _ 6 ) ; professor ( x _ 4 ) AND hope . agent ( x _ 7 , x _ 0 ) AND hope . ccomp ( x _ 7, x _ 8 ) AND like . agent ( x _ 8 , x _ 4 ) AND like . ccomp ( x _ 8, x _ 9 ) AND think . agent ( x _ 9 , Emma ) AND think . ccomp ( x _ 9, x _ 10 ) AND like . agent ( x _ 10 , x _ 5 ) AND like . theme ( x _ 10 , x _ 6 ) AND hope . agent ( x _ 11 , Layla ) AND hope . ccomp ( x _ 11, x _ 12 ) AND like . agent ( x _ 12 , x _ 4 ) AND like . ccomp ( x _ 12, x _ 13 ) AND think . agent ( x _ 13 , Emma ) AND think . ccomp ( x _ 13, x _ 14 ) AND like . agent ( x _ 14 , x _ 5 ) AND like . theme ( x _ 14 , x _ 6 )	elips_VPE_depth_gen
Liam liked that a bee liked that the chicken liked the cake and so did the lion .	* chicken ( x _ 5 ) ; * cake ( x _ 6 ) ; * lion ( x _ 3 ) ; bee ( x _ 4 ) AND like . agent ( x _ 7 , Liam ) AND like . ccomp ( x _ 7, x _ 8 ) AND like . agent ( x _ 8 , x _ 4 ) AND like . ccomp ( x _ 8, x _ 9 ) AND like . agent ( x _ 9 , x _ 5 ) AND like . theme ( x _ 9 , x _ 6 ) AND like . agent ( x _ 10 , x _ 3 ) AND like . ccomp ( x _ 10, x _ 11 ) AND like . agent ( x _ 11 , x _ 4 ) AND like . ccomp ( x _ 11, x _ 12 ) AND like . agent ( x _ 12 , x _ 5 ) AND like . theme ( x _ 12 , x _ 6 )	elips_VPE_depth_gen
Emma said that the child wished that the hero liked that the boy valued that a girl loved a dog and so did Olivia .	* child ( x _ 5 ) ; * hero ( x _ 6 ) ; * boy ( x _ 7 ) ; girl ( x _ 8 ) AND dog ( x _ 9 ) AND say . agent ( x _ 10 , Emma ) AND say . ccomp ( x _ 10, x _ 11 ) AND wish . agent ( x _ 11 , x _ 5 ) AND wish . ccomp ( x _ 11, x _ 12 ) AND like . agent ( x _ 12 , x _ 6 ) AND like . ccomp ( x _ 12, x _ 13 ) AND value . agent ( x _ 13 , x _ 7 ) AND value . ccomp ( x _ 13, x _ 14 ) AND love . agent ( x _ 14 , x _ 8 ) AND love . theme ( x _ 14 , x _ 9 ) AND say . agent ( x _ 15 , Olivia ) AND say . ccomp ( x _ 15, x _ 16 ) AND wish . agent ( x _ 16 , x _ 5 ) AND wish . ccomp ( x _ 16, x _ 17 ) AND like . agent ( x _ 17 , x _ 6 ) AND like . ccomp ( x _ 17, x _ 18 ) AND value . agent ( x _ 18 , x _ 7 ) AND value . ccomp ( x _ 18, x _ 19 ) AND love . agent ( x _ 19 , x _ 8 ) AND love . theme ( x _ 19 , x _ 9 )	elips_VPE_depth_gen
A driver liked that a director thought that Mila respected the girl and so did Emma .	* girl ( x _ 4 ) ; driver ( x _ 0 ) AND director ( x _ 3 ) AND like . agent ( x _ 5 , x _ 0 ) AND like . ccomp ( x _ 5, x _ 6 ) AND think . agent ( x _ 6 , x _ 3 ) AND think . ccomp ( x _ 6, x _ 7 ) AND respect . agent ( x _ 7 , Mila ) AND respect . theme ( x _ 7 , x _ 4 ) AND like . agent ( x _ 8 , Emma ) AND like . ccomp ( x _ 8, x _ 9 ) AND think . agent ( x _ 9 , x _ 3 ) AND think . ccomp ( x _ 9, x _ 10 ) AND respect . agent ( x _ 10 , Mila ) AND respect . theme ( x _ 10 , x _ 4 )	elips_VPE_depth_gen
The baby expected that Ava liked that Michael loved Elijah and so did a boy .	* baby ( x _ 0 ) ; boy ( x _ 1 ) AND expect . agent ( x _ 2 , x _ 0 ) AND expect . ccomp ( x _ 2, x _ 3 ) AND like . agent ( x _ 3 , Ava ) AND like . ccomp ( x _ 3, x _ 4 ) AND love . agent ( x _ 4 , Michael ) AND love . theme ( x _ 4 , Elijah ) AND expect . agent ( x _ 5 , x _ 1 ) AND expect . ccomp ( x _ 5, x _ 6 ) AND like . agent ( x _ 6 , Ava ) AND like . ccomp ( x _ 6, x _ 7 ) AND love . agent ( x _ 7 , Michael ) AND love . theme ( x _ 7 , Elijah )	elips_VPE_depth_gen
Harper confessed that the girl appreciated that Olivia proved that a dog said that Luke admired Liam and so did the chicken .	* girl ( x _ 3 ) ; * chicken ( x _ 2 ) ; dog ( x _ 4 ) AND confess . agent ( x _ 5 , Harper ) AND confess . ccomp ( x _ 5, x _ 6 ) AND appreciate . agent ( x _ 6 , x _ 3 ) AND appreciate . ccomp ( x _ 6, x _ 7 ) AND prove . agent ( x _ 7 , Olivia ) AND prove . ccomp ( x _ 7, x _ 8 ) AND say . agent ( x _ 8 , x _ 4 ) AND say . ccomp ( x _ 8, x _ 9 ) AND admire . agent ( x _ 9 , Luke ) AND admire . theme ( x _ 9 , Liam ) AND confess . agent ( x _ 10 , x _ 2 ) AND confess . ccomp ( x _ 10, x _ 11 ) AND appreciate . agent ( x _ 11 , x _ 3 ) AND appreciate . ccomp ( x _ 11, x _ 12 ) AND prove . agent ( x _ 12 , Olivia ) AND prove . ccomp ( x _ 12, x _ 13 ) AND say . agent ( x _ 13 , x _ 4 ) AND say . ccomp ( x _ 13, x _ 14 ) AND admire . agent ( x _ 14 , Luke ) AND admire . theme ( x _ 14 , Liam )	elips_VPE_depth_gen
A lion admired that Olivia proved that the boy liked the raisin and so did Emma .	* boy ( x _ 3 ) ; * raisin ( x _ 4 ) ; lion ( x _ 0 ) AND admire . agent ( x _ 5 , x _ 0 ) AND admire . ccomp ( x _ 5, x _ 6 ) AND prove . agent ( x _ 6 , Olivia ) AND prove . ccomp ( x _ 6, x _ 7 ) AND like . agent ( x _ 7 , x _ 3 ) AND like . theme ( x _ 7 , x _ 4 ) AND admire . agent ( x _ 8 , Emma ) AND admire . ccomp ( x _ 8, x _ 9 ) AND prove . agent ( x _ 9 , Olivia ) AND prove . ccomp ( x _ 9, x _ 10 ) AND like . agent ( x _ 10 , x _ 3 ) AND like . theme ( x _ 10 , x _ 4 )	elips_VPE_depth_gen
Emma hoped that a girl liked that Alexander appreciated the cat and so did the teacher .	* cat ( x _ 4 ) ; * teacher ( x _ 2 ) ; girl ( x _ 3 ) AND hope . agent ( x _ 5 , Emma ) AND hope . ccomp ( x _ 5, x _ 6 ) AND like . agent ( x _ 6 , x _ 3 ) AND like . ccomp ( x _ 6, x _ 7 ) AND appreciate . agent ( x _ 7 , Alexander ) AND appreciate . theme ( x _ 7 , x _ 4 ) AND hope . agent ( x _ 8 , x _ 2 ) AND hope . ccomp ( x _ 8, x _ 9 ) AND like . agent ( x _ 9 , x _ 3 ) AND like . ccomp ( x _ 9, x _ 10 ) AND appreciate . agent ( x _ 10 , Alexander ) AND appreciate . theme ( x _ 10 , x _ 4 )	elips_VPE_depth_gen
Ella proved that a journalist hoped that Liam poked the raisin and so did a boy .	* raisin ( x _ 4 ) ; journalist ( x _ 3 ) AND boy ( x _ 2 ) AND prove . agent ( x _ 5 , Ella ) AND prove . ccomp ( x _ 5, x _ 6 ) AND hope . agent ( x _ 6 , x _ 3 ) AND hope . ccomp ( x _ 6, x _ 7 ) AND poke . agent ( x _ 7 , Liam ) AND poke . theme ( x _ 7 , x _ 4 ) AND prove . agent ( x _ 8 , x _ 2 ) AND prove . ccomp ( x _ 8, x _ 9 ) AND hope . agent ( x _ 9 , x _ 3 ) AND hope . ccomp ( x _ 9, x _ 10 ) AND poke . agent ( x _ 10 , Liam ) AND poke . theme ( x _ 10 , x _ 4 )	elips_VPE_depth_gen
Mia liked that a turtle appreciated that Emma tolerated that the governor expected that a duck liked a book and so did Daniel .	* governor ( x _ 5 ) ; turtle ( x _ 4 ) AND duck ( x _ 6 ) AND book ( x _ 7 ) AND like . agent ( x _ 8 , Mia ) AND like . ccomp ( x _ 8, x _ 9 ) AND appreciate . agent ( x _ 9 , x _ 4 ) AND appreciate . ccomp ( x _ 9, x _ 10 ) AND tolerate . agent ( x _ 10 , Emma ) AND tolerate . ccomp ( x _ 10, x _ 11 ) AND expect . agent ( x _ 11 , x _ 5 ) AND expect . ccomp ( x _ 11, x _ 12 ) AND like . agent ( x _ 12 , x _ 6 ) AND like . theme ( x _ 12 , x _ 7 ) AND like . agent ( x _ 13 , Daniel ) AND like . ccomp ( x _ 13, x _ 14 ) AND appreciate . agent ( x _ 14 , x _ 4 ) AND appreciate . ccomp ( x _ 14, x _ 15 ) AND tolerate . agent ( x _ 15 , Emma ) AND tolerate . ccomp ( x _ 15, x _ 16 ) AND expect . agent ( x _ 16 , x _ 5 ) AND expect . ccomp ( x _ 16, x _ 17 ) AND like . agent ( x _ 17 , x _ 6 ) AND like . theme ( x _ 17 , x _ 7 )	elips_VPE_depth_gen
Julian hoped that Benjamin said that a baby helped the strawberry and so did Emily .	* strawberry ( x _ 3 ) ; baby ( x _ 2 ) AND hope . agent ( x _ 4 , Julian ) AND hope . ccomp ( x _ 4, x _ 5 ) AND say . agent ( x _ 5 , Benjamin ) AND say . ccomp ( x _ 5, x _ 6 ) AND help . agent ( x _ 6 , x _ 2 ) AND help . theme ( x _ 6 , x _ 3 ) AND hope . agent ( x _ 7 , Emily ) AND hope . ccomp ( x _ 7, x _ 8 ) AND say . agent ( x _ 8 , Benjamin ) AND say . ccomp ( x _ 8, x _ 9 ) AND help . agent ( x _ 9 , x _ 2 ) AND help . theme ( x _ 9 , x _ 3 )	elips_VPE_depth_gen
Noah wished that a boy said that Hannah helped the chalk and so did Emma .	* chalk ( x _ 3 ) ; boy ( x _ 2 ) AND wish . agent ( x _ 4 , Noah ) AND wish . ccomp ( x _ 4, x _ 5 ) AND say . agent ( x _ 5 , x _ 2 ) AND say . ccomp ( x _ 5, x _ 6 ) AND help . agent ( x _ 6 , Hannah ) AND help . theme ( x _ 6 , x _ 3 ) AND wish . agent ( x _ 7 , Emma ) AND wish . ccomp ( x _ 7, x _ 8 ) AND say . agent ( x _ 8 , x _ 2 ) AND say . ccomp ( x _ 8, x _ 9 ) AND help . agent ( x _ 9 , Hannah ) AND help . theme ( x _ 9 , x _ 3 )	elips_VPE_depth_gen
A girl meant that Emma noticed that a boy poked Olivia and so did Amelia .	girl ( x _ 0 ) AND boy ( x _ 2 ) AND mean . agent ( x _ 3 , x _ 0 ) AND mean . ccomp ( x _ 3, x _ 4 ) AND notice . agent ( x _ 4 , Emma ) AND notice . ccomp ( x _ 4, x _ 5 ) AND poke . agent ( x _ 5 , x _ 2 ) AND poke . theme ( x _ 5 , Olivia ) AND mean . agent ( x _ 6 , Amelia ) AND mean . ccomp ( x _ 6, x _ 7 ) AND notice . agent ( x _ 7 , Emma ) AND notice . ccomp ( x _ 7, x _ 8 ) AND poke . agent ( x _ 8 , x _ 2 ) AND poke . theme ( x _ 8 , Olivia )	elips_VPE_depth_gen
Lucas declared that Luke hoped that the giraffe liked that the cat liked the girl and so did the frog .	* giraffe ( x _ 4 ) ; * cat ( x _ 5 ) ; * girl ( x _ 6 ) ; * frog ( x _ 3 ) ; declare . agent ( x _ 7 , Lucas ) AND declare . ccomp ( x _ 7, x _ 8 ) AND hope . agent ( x _ 8 , Luke ) AND hope . ccomp ( x _ 8, x _ 9 ) AND like . agent ( x _ 9 , x _ 4 ) AND like . ccomp ( x _ 9, x _ 10 ) AND like . agent ( x _ 10 , x _ 5 ) AND like . theme ( x _ 10 , x _ 6 ) AND declare . agent ( x _ 11 , x _ 3 ) AND declare . ccomp ( x _ 11, x _ 12 ) AND hope . agent ( x _ 12 , Luke ) AND hope . ccomp ( x _ 12, x _ 13 ) AND like . agent ( x _ 13 , x _ 4 ) AND like . ccomp ( x _ 13, x _ 14 ) AND like . agent ( x _ 14 , x _ 5 ) AND like . theme ( x _ 14 , x _ 6 )	elips_VPE_depth_gen
A hen tolerated that Emma noticed that Liam tolerated that the girl admired the doll and so did William .	* girl ( x _ 3 ) ; * doll ( x _ 4 ) ; hen ( x _ 0 ) AND tolerate . agent ( x _ 5 , x _ 0 ) AND tolerate . ccomp ( x _ 5, x _ 6 ) AND notice . agent ( x _ 6 , Emma ) AND notice . ccomp ( x _ 6, x _ 7 ) AND tolerate . agent ( x _ 7 , Liam ) AND tolerate . ccomp ( x _ 7, x _ 8 ) AND admire . agent ( x _ 8 , x _ 3 ) AND admire . theme ( x _ 8 , x _ 4 ) AND tolerate . agent ( x _ 9 , William ) AND tolerate . ccomp ( x _ 9, x _ 10 ) AND notice . agent ( x _ 10 , Emma ) AND notice . ccomp ( x _ 10, x _ 11 ) AND tolerate . agent ( x _ 11 , Liam ) AND tolerate . ccomp ( x _ 11, x _ 12 ) AND admire . agent ( x _ 12 , x _ 3 ) AND admire . theme ( x _ 12 , x _ 4 )	elips_VPE_depth_gen
Camila hoped that Jayden hoped that a duke helped the cake and so did Emma .	* cake ( x _ 3 ) ; duke ( x _ 2 ) AND hope . agent ( x _ 4 , Camila ) AND hope . ccomp ( x _ 4, x _ 5 ) AND hope . agent ( x _ 5 , Jayden ) AND hope . ccomp ( x _ 5, x _ 6 ) AND help . agent ( x _ 6 , x _ 2 ) AND help . theme ( x _ 6 , x _ 3 ) AND hope . agent ( x _ 7 , Emma ) AND hope . ccomp ( x _ 7, x _ 8 ) AND hope . agent ( x _ 8 , Jayden ) AND hope . ccomp ( x _ 8, x _ 9 ) AND help . agent ( x _ 9 , x _ 2 ) AND help . theme ( x _ 9 , x _ 3 )	elips_VPE_depth_gen
A teacher believed that Ava liked that Stella found a donut and so did the girl .	* girl ( x _ 2 ) ; teacher ( x _ 0 ) AND donut ( x _ 3 ) AND believe . agent ( x _ 4 , x _ 0 ) AND believe . ccomp ( x _ 4, x _ 5 ) AND like . agent ( x _ 5 , Ava ) AND like . ccomp ( x _ 5, x _ 6 ) AND find . agent ( x _ 6 , Stella ) AND find . theme ( x _ 6 , x _ 3 ) AND believe . agent ( x _ 7 , x _ 2 ) AND believe . ccomp ( x _ 7, x _ 8 ) AND like . agent ( x _ 8 , Ava ) AND like . ccomp ( x _ 8, x _ 9 ) AND find . agent ( x _ 9 , Stella ) AND find . theme ( x _ 9 , x _ 3 )	elips_VPE_depth_gen
The horse hoped that the goose declared that a boy liked the donut and so did the girl .	* horse ( x _ 0 ) ; * goose ( x _ 5 ) ; * donut ( x _ 7 ) ; * girl ( x _ 4 ) ; boy ( x _ 6 ) AND hope . agent ( x _ 8 , x _ 0 ) AND hope . ccomp ( x _ 8, x _ 9 ) AND declare . agent ( x _ 9 , x _ 5 ) AND declare . ccomp ( x _ 9, x _ 10 ) AND like . agent ( x _ 10 , x _ 6 ) AND like . theme ( x _ 10 , x _ 7 ) AND hope . agent ( x _ 11 , x _ 4 ) AND hope . ccomp ( x _ 11, x _ 12 ) AND declare . agent ( x _ 12 , x _ 5 ) AND declare . ccomp ( x _ 12, x _ 13 ) AND like . agent ( x _ 13 , x _ 6 ) AND like . theme ( x _ 13 , x _ 7 )	elips_VPE_depth_gen
A professor liked that Lillian valued that the chicken admired a donut and so did Olivia .	* chicken ( x _ 3 ) ; professor ( x _ 0 ) AND donut ( x _ 4 ) AND like . agent ( x _ 5 , x _ 0 ) AND like . ccomp ( x _ 5, x _ 6 ) AND value . agent ( x _ 6 , Lillian ) AND value . ccomp ( x _ 6, x _ 7 ) AND admire . agent ( x _ 7 , x _ 3 ) AND admire . theme ( x _ 7 , x _ 4 ) AND like . agent ( x _ 8 , Olivia ) AND like . ccomp ( x _ 8, x _ 9 ) AND value . agent ( x _ 9 , Lillian ) AND value . ccomp ( x _ 9, x _ 10 ) AND admire . agent ( x _ 10 , x _ 3 ) AND admire . theme ( x _ 10 , x _ 4 )	elips_VPE_depth_gen
Ryan proved that the buyer noticed that a girl appreciated Jayden and so did Lucas .	* buyer ( x _ 2 ) ; girl ( x _ 3 ) AND prove . agent ( x _ 4 , Ryan ) AND prove . ccomp ( x _ 4, x _ 5 ) AND notice . agent ( x _ 5 , x _ 2 ) AND notice . ccomp ( x _ 5, x _ 6 ) AND appreciate . agent ( x _ 6 , x _ 3 ) AND appreciate . theme ( x _ 6 , Jayden ) AND prove . agent ( x _ 7 , Lucas ) AND prove . ccomp ( x _ 7, x _ 8 ) AND notice . agent ( x _ 8 , x _ 2 ) AND notice . ccomp ( x _ 8, x _ 9 ) AND appreciate . agent ( x _ 9 , x _ 3 ) AND appreciate . theme ( x _ 9 , Jayden )	elips_VPE_depth_gen
Liam wished that the teacher said that a kitty liked a donut and so did the girl .	* teacher ( x _ 4 ) ; * girl ( x _ 3 ) ; kitty ( x _ 5 ) AND donut ( x _ 6 ) AND wish . agent ( x _ 7 , Liam ) AND wish . ccomp ( x _ 7, x _ 8 ) AND say . agent ( x _ 8 , x _ 4 ) AND say . ccomp ( x _ 8, x _ 9 ) AND like . agent ( x _ 9 , x _ 5 ) AND like . theme ( x _ 9 , x _ 6 ) AND wish . agent ( x _ 10 , x _ 3 ) AND wish . ccomp ( x _ 10, x _ 11 ) AND say . agent ( x _ 11 , x _ 4 ) AND say . ccomp ( x _ 11, x _ 12 ) AND like . agent ( x _ 12 , x _ 5 ) AND like . theme ( x _ 12 , x _ 6 )	elips_VPE_depth_gen
The girl confessed that Henry hoped that Emma loved Luke and so did Lily .	* girl ( x _ 0 ) ; confess . agent ( x _ 1 , x _ 0 ) AND confess . ccomp ( x _ 1, x _ 2 ) AND hope . agent ( x _ 2 , Henry ) AND hope . ccomp ( x _ 2, x _ 3 ) AND love . agent ( x _ 3 , Emma ) AND love . theme ( x _ 3 , Luke ) AND confess . agent ( x _ 4 , Lily ) AND confess . ccomp ( x _ 4, x _ 5 ) AND hope . agent ( x _ 5 , Henry ) AND hope . ccomp ( x _ 5, x _ 6 ) AND love . agent ( x _ 6 , Emma ) AND love . theme ( x _ 6 , Luke )	elips_VPE_depth_gen
Amelia liked that the boy confessed that Emma helped Benjamin and so did a driver .	* boy ( x _ 2 ) ; driver ( x _ 1 ) AND like . agent ( x _ 3 , Amelia ) AND like . ccomp ( x _ 3, x _ 4 ) AND confess . agent ( x _ 4 , x _ 2 ) AND confess . ccomp ( x _ 4, x _ 5 ) AND help . agent ( x _ 5 , Emma ) AND help . theme ( x _ 5 , Benjamin ) AND like . agent ( x _ 6 , x _ 1 ) AND like . ccomp ( x _ 6, x _ 7 ) AND confess . agent ( x _ 7 , x _ 2 ) AND confess . ccomp ( x _ 7, x _ 8 ) AND help . agent ( x _ 8 , Emma ) AND help . theme ( x _ 8 , Benjamin )	elips_VPE_depth_gen
Ava liked that a girl liked that Emma helped the donkey and so did James .	* donkey ( x _ 3 ) ; girl ( x _ 2 ) AND like . agent ( x _ 4 , Ava ) AND like . ccomp ( x _ 4, x _ 5 ) AND like . agent ( x _ 5 , x _ 2 ) AND like . ccomp ( x _ 5, x _ 6 ) AND help . agent ( x _ 6 , Emma ) AND help . theme ( x _ 6 , x _ 3 ) AND like . agent ( x _ 7 , James ) AND like . ccomp ( x _ 7, x _ 8 ) AND like . agent ( x _ 8 , x _ 2 ) AND like . ccomp ( x _ 8, x _ 9 ) AND help . agent ( x _ 9 , Emma ) AND help . theme ( x _ 9 , x _ 3 )	elips_VPE_depth_gen
Nora believed that a boy hoped that Liam liked the box and so did Emma .	* box ( x _ 3 ) ; boy ( x _ 2 ) AND believe . agent ( x _ 4 , Nora ) AND believe . ccomp ( x _ 4, x _ 5 ) AND hope . agent ( x _ 5 , x _ 2 ) AND hope . ccomp ( x _ 5, x _ 6 ) AND like . agent ( x _ 6 , Liam ) AND like . theme ( x _ 6 , x _ 3 ) AND believe . agent ( x _ 7 , Emma ) AND believe . ccomp ( x _ 7, x _ 8 ) AND hope . agent ( x _ 8 , x _ 2 ) AND hope . ccomp ( x _ 8, x _ 9 ) AND like . agent ( x _ 9 , Liam ) AND like . theme ( x _ 9 , x _ 3 )	elips_VPE_depth_gen
The child tolerated that the girl liked that Liam liked that Emma liked the ball and so did William .	* child ( x _ 0 ) ; * girl ( x _ 3 ) ; * ball ( x _ 4 ) ; tolerate . agent ( x _ 5 , x _ 0 ) AND tolerate . ccomp ( x _ 5, x _ 6 ) AND like . agent ( x _ 6 , x _ 3 ) AND like . ccomp ( x _ 6, x _ 7 ) AND like . agent ( x _ 7 , Liam ) AND like . ccomp ( x _ 7, x _ 8 ) AND like . agent ( x _ 8 , Emma ) AND like . theme ( x _ 8 , x _ 4 ) AND tolerate . agent ( x _ 9 , William ) AND tolerate . ccomp ( x _ 9, x _ 10 ) AND like . agent ( x _ 10 , x _ 3 ) AND like . ccomp ( x _ 10, x _ 11 ) AND like . agent ( x _ 11 , Liam ) AND like . ccomp ( x _ 11, x _ 12 ) AND like . agent ( x _ 12 , Emma ) AND like . theme ( x _ 12 , x _ 4 )	elips_VPE_depth_gen
Emma said that a priest said that Olivia found the sandwich and so did the baby .	* sandwich ( x _ 4 ) ; * baby ( x _ 2 ) ; priest ( x _ 3 ) AND say . agent ( x _ 5 , Emma ) AND say . ccomp ( x _ 5, x _ 6 ) AND say . agent ( x _ 6 , x _ 3 ) AND say . ccomp ( x _ 6, x _ 7 ) AND find . agent ( x _ 7 , Olivia ) AND find . theme ( x _ 7 , x _ 4 ) AND say . agent ( x _ 8 , x _ 2 ) AND say . ccomp ( x _ 8, x _ 9 ) AND say . agent ( x _ 9 , x _ 3 ) AND say . ccomp ( x _ 9, x _ 10 ) AND find . agent ( x _ 10 , Olivia ) AND find . theme ( x _ 10 , x _ 4 )	elips_VPE_depth_gen
Charlotte liked that the boy dreamed that Theodore liked the dog and so did Isabella .	* boy ( x _ 2 ) ; * dog ( x _ 3 ) ; like . agent ( x _ 4 , Charlotte ) AND like . ccomp ( x _ 4, x _ 5 ) AND dream . agent ( x _ 5 , x _ 2 ) AND dream . ccomp ( x _ 5, x _ 6 ) AND like . agent ( x _ 6 , Theodore ) AND like . theme ( x _ 6 , x _ 3 ) AND like . agent ( x _ 7 , Isabella ) AND like . ccomp ( x _ 7, x _ 8 ) AND dream . agent ( x _ 8 , x _ 2 ) AND dream . ccomp ( x _ 8, x _ 9 ) AND like . agent ( x _ 9 , Theodore ) AND like . theme ( x _ 9 , x _ 3 )	elips_VPE_depth_gen
Emma admired that Olivia confessed that a girl helped a crocodile and so did a cat .	girl ( x _ 3 ) AND crocodile ( x _ 4 ) AND cat ( x _ 2 ) AND admire . agent ( x _ 5 , Emma ) AND admire . ccomp ( x _ 5, x _ 6 ) AND confess . agent ( x _ 6 , Olivia ) AND confess . ccomp ( x _ 6, x _ 7 ) AND help . agent ( x _ 7 , x _ 3 ) AND help . theme ( x _ 7 , x _ 4 ) AND admire . agent ( x _ 8 , x _ 2 ) AND admire . ccomp ( x _ 8, x _ 9 ) AND confess . agent ( x _ 9 , Olivia ) AND confess . ccomp ( x _ 9, x _ 10 ) AND help . agent ( x _ 10 , x _ 3 ) AND help . theme ( x _ 10 , x _ 4 )	elips_VPE_depth_gen
A child liked that Elijah declared that James found a muffin and so did a penguin .	child ( x _ 0 ) AND muffin ( x _ 3 ) AND penguin ( x _ 2 ) AND like . agent ( x _ 4 , x _ 0 ) AND like . ccomp ( x _ 4, x _ 5 ) AND declare . agent ( x _ 5 , Elijah ) AND declare . ccomp ( x _ 5, x _ 6 ) AND find . agent ( x _ 6 , James ) AND find . theme ( x _ 6 , x _ 3 ) AND like . agent ( x _ 7 , x _ 2 ) AND like . ccomp ( x _ 7, x _ 8 ) AND declare . agent ( x _ 8 , Elijah ) AND declare . ccomp ( x _ 8, x _ 9 ) AND find . agent ( x _ 9 , James ) AND find . theme ( x _ 9 , x _ 3 )	elips_VPE_depth_gen
The monkey liked that Joseph expected that a boy poked a melon and so did Emma .	* monkey ( x _ 0 ) ; boy ( x _ 3 ) AND melon ( x _ 4 ) AND like . agent ( x _ 5 , x _ 0 ) AND like . ccomp ( x _ 5, x _ 6 ) AND expect . agent ( x _ 6 , Joseph ) AND expect . ccomp ( x _ 6, x _ 7 ) AND poke . agent ( x _ 7 , x _ 3 ) AND poke . theme ( x _ 7 , x _ 4 ) AND like . agent ( x _ 8 , Emma ) AND like . ccomp ( x _ 8, x _ 9 ) AND expect . agent ( x _ 9 , Joseph ) AND expect . ccomp ( x _ 9, x _ 10 ) AND poke . agent ( x _ 10 , x _ 3 ) AND poke . theme ( x _ 10 , x _ 4 )	elips_VPE_depth_gen
The cat noticed that Liam liked that Emily appreciated Noah and so did Emma .	* cat ( x _ 0 ) ; notice . agent ( x _ 1 , x _ 0 ) AND notice . ccomp ( x _ 1, x _ 2 ) AND like . agent ( x _ 2 , Liam ) AND like . ccomp ( x _ 2, x _ 3 ) AND appreciate . agent ( x _ 3 , Emily ) AND appreciate . theme ( x _ 3 , Noah ) AND notice . agent ( x _ 4 , Emma ) AND notice . ccomp ( x _ 4, x _ 5 ) AND like . agent ( x _ 5 , Liam ) AND like . ccomp ( x _ 5, x _ 6 ) AND appreciate . agent ( x _ 6 , Emily ) AND appreciate . theme ( x _ 6 , Noah )	elips_VPE_depth_gen
A bunny believed that the boy declared that Mia hoped that James liked a raisin and so did a girl .	* boy ( x _ 4 ) ; bunny ( x _ 0 ) AND raisin ( x _ 5 ) AND girl ( x _ 3 ) AND believe . agent ( x _ 6 , x _ 0 ) AND believe . ccomp ( x _ 6, x _ 7 ) AND declare . agent ( x _ 7 , x _ 4 ) AND declare . ccomp ( x _ 7, x _ 8 ) AND hope . agent ( x _ 8 , Mia ) AND hope . ccomp ( x _ 8, x _ 9 ) AND like . agent ( x _ 9 , James ) AND like . theme ( x _ 9 , x _ 5 ) AND believe . agent ( x _ 10 , x _ 3 ) AND believe . ccomp ( x _ 10, x _ 11 ) AND declare . agent ( x _ 11 , x _ 4 ) AND declare . ccomp ( x _ 11, x _ 12 ) AND hope . agent ( x _ 12 , Mia ) AND hope . ccomp ( x _ 12, x _ 13 ) AND like . agent ( x _ 13 , James ) AND like . theme ( x _ 13 , x _ 5 )	elips_VPE_depth_gen
A cat said that Olivia believed that Liam liked that the boy liked Levi and so did the girl .	* boy ( x _ 3 ) ; * girl ( x _ 2 ) ; cat ( x _ 0 ) AND say . agent ( x _ 4 , x _ 0 ) AND say . ccomp ( x _ 4, x _ 5 ) AND believe . agent ( x _ 5 , Olivia ) AND believe . ccomp ( x _ 5, x _ 6 ) AND like . agent ( x _ 6 , Liam ) AND like . ccomp ( x _ 6, x _ 7 ) AND like . agent ( x _ 7 , x _ 3 ) AND like . theme ( x _ 7 , Levi ) AND say . agent ( x _ 8 , x _ 2 ) AND say . ccomp ( x _ 8, x _ 9 ) AND believe . agent ( x _ 9 , Olivia ) AND believe . ccomp ( x _ 9, x _ 10 ) AND like . agent ( x _ 10 , Liam ) AND like . ccomp ( x _ 10, x _ 11 ) AND like . agent ( x _ 11 , x _ 3 ) AND like . theme ( x _ 11 , Levi )	elips_VPE_depth_gen
The mouse confessed that a lawyer liked that Emma liked a cookie and so did the boy .	* mouse ( x _ 0 ) ; * boy ( x _ 3 ) ; lawyer ( x _ 4 ) AND cookie ( x _ 5 ) AND confess . agent ( x _ 6 , x _ 0 ) AND confess . ccomp ( x _ 6, x _ 7 ) AND like . agent ( x _ 7 , x _ 4 ) AND like . ccomp ( x _ 7, x _ 8 ) AND like . agent ( x _ 8 , Emma ) AND like . theme ( x _ 8 , x _ 5 ) AND confess . agent ( x _ 9 , x _ 3 ) AND confess . ccomp ( x _ 9, x _ 10 ) AND like . agent ( x _ 10 , x _ 4 ) AND like . ccomp ( x _ 10, x _ 11 ) AND like . agent ( x _ 11 , Emma ) AND like . theme ( x _ 11 , x _ 5 )	elips_VPE_depth_gen
A boy admired that the lion liked that the cat helped a cake and so did a girl .	* lion ( x _ 5 ) ; * cat ( x _ 6 ) ; boy ( x _ 0 ) AND cake ( x _ 7 ) AND girl ( x _ 4 ) AND admire . agent ( x _ 8 , x _ 0 ) AND admire . ccomp ( x _ 8, x _ 9 ) AND like . agent ( x _ 9 , x _ 5 ) AND like . ccomp ( x _ 9, x _ 10 ) AND help . agent ( x _ 10 , x _ 6 ) AND help . theme ( x _ 10 , x _ 7 ) AND admire . agent ( x _ 11 , x _ 4 ) AND admire . ccomp ( x _ 11, x _ 12 ) AND like . agent ( x _ 12 , x _ 5 ) AND like . ccomp ( x _ 12, x _ 13 ) AND help . agent ( x _ 13 , x _ 6 ) AND help . theme ( x _ 13 , x _ 7 )	elips_VPE_depth_gen
Lucas liked that a manager tolerated that Emma hoped that the passenger admired the cake and so did Olivia .	* passenger ( x _ 4 ) ; * cake ( x _ 5 ) ; manager ( x _ 3 ) AND like . agent ( x _ 6 , Lucas ) AND like . ccomp ( x _ 6, x _ 7 ) AND tolerate . agent ( x _ 7 , x _ 3 ) AND tolerate . ccomp ( x _ 7, x _ 8 ) AND hope . agent ( x _ 8 , Emma ) AND hope . ccomp ( x _ 8, x _ 9 ) AND admire . agent ( x _ 9 , x _ 4 ) AND admire . theme ( x _ 9 , x _ 5 ) AND like . agent ( x _ 10 , Olivia ) AND like . ccomp ( x _ 10, x _ 11 ) AND tolerate . agent ( x _ 11 , x _ 3 ) AND tolerate . ccomp ( x _ 11, x _ 12 ) AND hope . agent ( x _ 12 , Emma ) AND hope . ccomp ( x _ 12, x _ 13 ) AND admire . agent ( x _ 13 , x _ 4 ) AND admire . theme ( x _ 13 , x _ 5 )	elips_VPE_depth_gen
The girl admired that Charlotte hoped that a cat liked that Elijah liked a monkey and so did Jacob .	* girl ( x _ 0 ) ; cat ( x _ 3 ) AND monkey ( x _ 4 ) AND admire . agent ( x _ 5 , x _ 0 ) AND admire . ccomp ( x _ 5, x _ 6 ) AND hope . agent ( x _ 6 , Charlotte ) AND hope . ccomp ( x _ 6, x _ 7 ) AND like . agent ( x _ 7 , x _ 3 ) AND like . ccomp ( x _ 7, x _ 8 ) AND like . agent ( x _ 8 , Elijah ) AND like . theme ( x _ 8 , x _ 4 ) AND admire . agent ( x _ 9 , Jacob ) AND admire . ccomp ( x _ 9, x _ 10 ) AND hope . agent ( x _ 10 , Charlotte ) AND hope . ccomp ( x _ 10, x _ 11 ) AND like . agent ( x _ 11 , x _ 3 ) AND like . ccomp ( x _ 11, x _ 12 ) AND like . agent ( x _ 12 , Elijah ) AND like . theme ( x _ 12 , x _ 4 )	elips_VPE_depth_gen
A girl liked that Emma hoped that Violet admired the cake and so did Harper .	* cake ( x _ 2 ) ; girl ( x _ 0 ) AND like . agent ( x _ 3 , x _ 0 ) AND like . ccomp ( x _ 3, x _ 4 ) AND hope . agent ( x _ 4 , Emma ) AND hope . ccomp ( x _ 4, x _ 5 ) AND admire . agent ( x _ 5 , Violet ) AND admire . theme ( x _ 5 , x _ 2 ) AND like . agent ( x _ 6 , Harper ) AND like . ccomp ( x _ 6, x _ 7 ) AND hope . agent ( x _ 7 , Emma ) AND hope . ccomp ( x _ 7, x _ 8 ) AND admire . agent ( x _ 8 , Violet ) AND admire . theme ( x _ 8 , x _ 2 )	elips_VPE_depth_gen
A child dreamed that Olivia hoped that the cat supported that Nora liked the donut and so did Ryan .	* cat ( x _ 3 ) ; * donut ( x _ 4 ) ; child ( x _ 0 ) AND dream . agent ( x _ 5 , x _ 0 ) AND dream . ccomp ( x _ 5, x _ 6 ) AND hope . agent ( x _ 6 , Olivia ) AND hope . ccomp ( x _ 6, x _ 7 ) AND support . agent ( x _ 7 , x _ 3 ) AND support . ccomp ( x _ 7, x _ 8 ) AND like . agent ( x _ 8 , Nora ) AND like . theme ( x _ 8 , x _ 4 ) AND dream . agent ( x _ 9 , Ryan ) AND dream . ccomp ( x _ 9, x _ 10 ) AND hope . agent ( x _ 10 , Olivia ) AND hope . ccomp ( x _ 10, x _ 11 ) AND support . agent ( x _ 11 , x _ 3 ) AND support . ccomp ( x _ 11, x _ 12 ) AND like . agent ( x _ 12 , Nora ) AND like . theme ( x _ 12 , x _ 4 )	elips_VPE_depth_gen
William hoped that the girl liked that the bear liked the fly and so did Isabella .	* girl ( x _ 3 ) ; * bear ( x _ 4 ) ; * fly ( x _ 5 ) ; hope . agent ( x _ 6 , William ) AND hope . ccomp ( x _ 6, x _ 7 ) AND like . agent ( x _ 7 , x _ 3 ) AND like . ccomp ( x _ 7, x _ 8 ) AND like . agent ( x _ 8 , x _ 4 ) AND like . theme ( x _ 8 , x _ 5 ) AND hope . agent ( x _ 9 , Isabella ) AND hope . ccomp ( x _ 9, x _ 10 ) AND like . agent ( x _ 10 , x _ 3 ) AND like . ccomp ( x _ 10, x _ 11 ) AND like . agent ( x _ 11 , x _ 4 ) AND like . theme ( x _ 11 , x _ 5 )	elips_VPE_depth_gen
The girl declared that the baby said that Emma imagined that Ava appreciated a dog and so did the passenger .	* girl ( x _ 0 ) ; * baby ( x _ 4 ) ; * passenger ( x _ 3 ) ; dog ( x _ 5 ) AND declare . agent ( x _ 6 , x _ 0 ) AND declare . ccomp ( x _ 6, x _ 7 ) AND say . agent ( x _ 7 , x _ 4 ) AND say . ccomp ( x _ 7, x _ 8 ) AND imagine . agent ( x _ 8 , Emma ) AND imagine . ccomp ( x _ 8, x _ 9 ) AND appreciate . agent ( x _ 9 , Ava ) AND appreciate . theme ( x _ 9 , x _ 5 ) AND declare . agent ( x _ 10 , x _ 3 ) AND declare . ccomp ( x _ 10, x _ 11 ) AND say . agent ( x _ 11 , x _ 4 ) AND say . ccomp ( x _ 11, x _ 12 ) AND imagine . agent ( x _ 12 , Emma ) AND imagine . ccomp ( x _ 12, x _ 13 ) AND appreciate . agent ( x _ 13 , Ava ) AND appreciate . theme ( x _ 13 , x _ 5 )	elips_VPE_depth_gen
The girl believed that Sophia liked that Logan found Aiden and so did the mouse .	* girl ( x _ 0 ) ; * mouse ( x _ 1 ) ; believe . agent ( x _ 2 , x _ 0 ) AND believe . ccomp ( x _ 2, x _ 3 ) AND like . agent ( x _ 3 , Sophia ) AND like . ccomp ( x _ 3, x _ 4 ) AND find . agent ( x _ 4 , Logan ) AND find . theme ( x _ 4 , Aiden ) AND believe . agent ( x _ 5 , x _ 1 ) AND believe . ccomp ( x _ 5, x _ 6 ) AND like . agent ( x _ 6 , Sophia ) AND like . ccomp ( x _ 6, x _ 7 ) AND find . agent ( x _ 7 , Logan ) AND find . theme ( x _ 7 , Aiden )	elips_VPE_depth_gen
Emma liked that Oliver believed that the chicken hoped that Noah liked that a boy loved a cookie and so did a girl .	* chicken ( x _ 4 ) ; boy ( x _ 5 ) AND cookie ( x _ 6 ) AND girl ( x _ 3 ) AND like . agent ( x _ 7 , Emma ) AND like . ccomp ( x _ 7, x _ 8 ) AND believe . agent ( x _ 8 , Oliver ) AND believe . ccomp ( x _ 8, x _ 9 ) AND hope . agent ( x _ 9 , x _ 4 ) AND hope . ccomp ( x _ 9, x _ 10 ) AND like . agent ( x _ 10 , Noah ) AND like . ccomp ( x _ 10, x _ 11 ) AND love . agent ( x _ 11 , x _ 5 ) AND love . theme ( x _ 11 , x _ 6 ) AND like . agent ( x _ 12 , x _ 3 ) AND like . ccomp ( x _ 12, x _ 13 ) AND believe . agent ( x _ 13 , Oliver ) AND believe . ccomp ( x _ 13, x _ 14 ) AND hope . agent ( x _ 14 , x _ 4 ) AND hope . ccomp ( x _ 14, x _ 15 ) AND like . agent ( x _ 15 , Noah ) AND like . ccomp ( x _ 15, x _ 16 ) AND love . agent ( x _ 16 , x _ 5 ) AND love . theme ( x _ 16 , x _ 6 )	elips_VPE_depth_gen
The boy noticed that a mouse liked that a dog liked Emma and so did James .	* boy ( x _ 0 ) ; mouse ( x _ 3 ) AND dog ( x _ 4 ) AND notice . agent ( x _ 5 , x _ 0 ) AND notice . ccomp ( x _ 5, x _ 6 ) AND like . agent ( x _ 6 , x _ 3 ) AND like . ccomp ( x _ 6, x _ 7 ) AND like . agent ( x _ 7 , x _ 4 ) AND like . theme ( x _ 7 , Emma ) AND notice . agent ( x _ 8 , James ) AND notice . ccomp ( x _ 8, x _ 9 ) AND like . agent ( x _ 9 , x _ 3 ) AND like . ccomp ( x _ 9, x _ 10 ) AND like . agent ( x _ 10 , x _ 4 ) AND like . theme ( x _ 10 , Emma )	elips_VPE_depth_gen
A girl declared that Emma expected that the mouse missed the chalk and so did Liam .	* mouse ( x _ 3 ) ; * chalk ( x _ 4 ) ; girl ( x _ 0 ) AND declare . agent ( x _ 5 , x _ 0 ) AND declare . ccomp ( x _ 5, x _ 6 ) AND expect . agent ( x _ 6 , Emma ) AND expect . ccomp ( x _ 6, x _ 7 ) AND miss . agent ( x _ 7 , x _ 3 ) AND miss . theme ( x _ 7 , x _ 4 ) AND declare . agent ( x _ 8 , Liam ) AND declare . ccomp ( x _ 8, x _ 9 ) AND expect . agent ( x _ 9 , Emma ) AND expect . ccomp ( x _ 9, x _ 10 ) AND miss . agent ( x _ 10 , x _ 3 ) AND miss . theme ( x _ 10 , x _ 4 )	elips_VPE_depth_gen
A boy admired that Olivia imagined that Emma admired a lollipop and so did the bunny .	* bunny ( x _ 2 ) ; boy ( x _ 0 ) AND lollipop ( x _ 3 ) AND admire . agent ( x _ 4 , x _ 0 ) AND admire . ccomp ( x _ 4, x _ 5 ) AND imagine . agent ( x _ 5 , Olivia ) AND imagine . ccomp ( x _ 5, x _ 6 ) AND admire . agent ( x _ 6 , Emma ) AND admire . theme ( x _ 6 , x _ 3 ) AND admire . agent ( x _ 7 , x _ 2 ) AND admire . ccomp ( x _ 7, x _ 8 ) AND imagine . agent ( x _ 8 , Olivia ) AND imagine . ccomp ( x _ 8, x _ 9 ) AND admire . agent ( x _ 9 , Emma ) AND admire . theme ( x _ 9 , x _ 3 )	elips_VPE_depth_gen
Olivia meant that Emma thought that the girl liked a donut and so did Hannah .	* girl ( x _ 2 ) ; donut ( x _ 3 ) AND mean . agent ( x _ 4 , Olivia ) AND mean . ccomp ( x _ 4, x _ 5 ) AND think . agent ( x _ 5 , Emma ) AND think . ccomp ( x _ 5, x _ 6 ) AND like . agent ( x _ 6 , x _ 2 ) AND like . theme ( x _ 6 , x _ 3 ) AND mean . agent ( x _ 7 , Hannah ) AND mean . ccomp ( x _ 7, x _ 8 ) AND think . agent ( x _ 8 , Emma ) AND think . ccomp ( x _ 8, x _ 9 ) AND like . agent ( x _ 9 , x _ 2 ) AND like . theme ( x _ 9 , x _ 3 )	elips_VPE_depth_gen
The cat hoped that Owen liked that Liam helped a donut and so did the baby .	* cat ( x _ 0 ) ; * baby ( x _ 2 ) ; donut ( x _ 3 ) AND hope . agent ( x _ 4 , x _ 0 ) AND hope . ccomp ( x _ 4, x _ 5 ) AND like . agent ( x _ 5 , Owen ) AND like . ccomp ( x _ 5, x _ 6 ) AND help . agent ( x _ 6 , Liam ) AND help . theme ( x _ 6 , x _ 3 ) AND hope . agent ( x _ 7 , x _ 2 ) AND hope . ccomp ( x _ 7, x _ 8 ) AND like . agent ( x _ 8 , Owen ) AND like . ccomp ( x _ 8, x _ 9 ) AND help . agent ( x _ 9 , Liam ) AND help . theme ( x _ 9 , x _ 3 )	elips_VPE_depth_gen
The friend valued that a farmer liked that the giraffe liked a child and so did Leo .	* friend ( x _ 0 ) ; * giraffe ( x _ 5 ) ; farmer ( x _ 4 ) AND child ( x _ 6 ) AND value . agent ( x _ 7 , x _ 0 ) AND value . ccomp ( x _ 7, x _ 8 ) AND like . agent ( x _ 8 , x _ 4 ) AND like . ccomp ( x _ 8, x _ 9 ) AND like . agent ( x _ 9 , x _ 5 ) AND like . theme ( x _ 9 , x _ 6 ) AND value . agent ( x _ 10 , Leo ) AND value . ccomp ( x _ 10, x _ 11 ) AND like . agent ( x _ 11 , x _ 4 ) AND like . ccomp ( x _ 11, x _ 12 ) AND like . agent ( x _ 12 , x _ 5 ) AND like . theme ( x _ 12 , x _ 6 )	elips_VPE_depth_gen
Leo admired that the frog supported that a duck liked that the dog appreciated that the cat found a boy and so did a horse .	* frog ( x _ 6 ) ; * dog ( x _ 8 ) ; * cat ( x _ 9 ) ; duck ( x _ 7 ) AND boy ( x _ 10 ) AND horse ( x _ 5 ) AND admire . agent ( x _ 11 , Leo ) AND admire . ccomp ( x _ 11, x _ 12 ) AND support . agent ( x _ 12 , x _ 6 ) AND support . ccomp ( x _ 12, x _ 13 ) AND like . agent ( x _ 13 , x _ 7 ) AND like . ccomp ( x _ 13, x _ 14 ) AND appreciate . agent ( x _ 14 , x _ 8 ) AND appreciate . ccomp ( x _ 14, x _ 15 ) AND find . agent ( x _ 15 , x _ 9 ) AND find . theme ( x _ 15 , x _ 10 ) AND admire . agent ( x _ 16 , x _ 5 ) AND admire . ccomp ( x _ 16, x _ 17 ) AND support . agent ( x _ 17 , x _ 6 ) AND support . ccomp ( x _ 17, x _ 18 ) AND like . agent ( x _ 18 , x _ 7 ) AND like . ccomp ( x _ 18, x _ 19 ) AND appreciate . agent ( x _ 19 , x _ 8 ) AND appreciate . ccomp ( x _ 19, x _ 20 ) AND find . agent ( x _ 20 , x _ 9 ) AND find . theme ( x _ 20 , x _ 10 )	elips_VPE_depth_gen
The girl supported that Benjamin hoped that Liam poked a bee and so did Madison .	* girl ( x _ 0 ) ; bee ( x _ 2 ) AND support . agent ( x _ 3 , x _ 0 ) AND support . ccomp ( x _ 3, x _ 4 ) AND hope . agent ( x _ 4 , Benjamin ) AND hope . ccomp ( x _ 4, x _ 5 ) AND poke . agent ( x _ 5 , Liam ) AND poke . theme ( x _ 5 , x _ 2 ) AND support . agent ( x _ 6 , Madison ) AND support . ccomp ( x _ 6, x _ 7 ) AND hope . agent ( x _ 7 , Benjamin ) AND hope . ccomp ( x _ 7, x _ 8 ) AND poke . agent ( x _ 8 , Liam ) AND poke . theme ( x _ 8 , x _ 2 )	elips_VPE_depth_gen
A girl liked that a queen liked that the cat helped a cake and so did Lucas .	* cat ( x _ 5 ) ; girl ( x _ 0 ) AND queen ( x _ 4 ) AND cake ( x _ 6 ) AND like . agent ( x _ 7 , x _ 0 ) AND like . ccomp ( x _ 7, x _ 8 ) AND like . agent ( x _ 8 , x _ 4 ) AND like . ccomp ( x _ 8, x _ 9 ) AND help . agent ( x _ 9 , x _ 5 ) AND help . theme ( x _ 9 , x _ 6 ) AND like . agent ( x _ 10 , Lucas ) AND like . ccomp ( x _ 10, x _ 11 ) AND like . agent ( x _ 11 , x _ 4 ) AND like . ccomp ( x _ 11, x _ 12 ) AND help . agent ( x _ 12 , x _ 5 ) AND help . theme ( x _ 12 , x _ 6 )	elips_VPE_depth_gen
Emma confessed that a boy liked that Liam liked a cake and so did a teacher .	boy ( x _ 3 ) AND cake ( x _ 4 ) AND teacher ( x _ 2 ) AND confess . agent ( x _ 5 , Emma ) AND confess . ccomp ( x _ 5, x _ 6 ) AND like . agent ( x _ 6 , x _ 3 ) AND like . ccomp ( x _ 6, x _ 7 ) AND like . agent ( x _ 7 , Liam ) AND like . theme ( x _ 7 , x _ 4 ) AND confess . agent ( x _ 8 , x _ 2 ) AND confess . ccomp ( x _ 8, x _ 9 ) AND like . agent ( x _ 9 , x _ 3 ) AND like . ccomp ( x _ 9, x _ 10 ) AND like . agent ( x _ 10 , Liam ) AND like . theme ( x _ 10 , x _ 4 )	elips_VPE_depth_gen
Sophia admired that the girl proved that a frog helped Emma and so did Oliver .	* girl ( x _ 2 ) ; frog ( x _ 3 ) AND admire . agent ( x _ 4 , Sophia ) AND admire . ccomp ( x _ 4, x _ 5 ) AND prove . agent ( x _ 5 , x _ 2 ) AND prove . ccomp ( x _ 5, x _ 6 ) AND help . agent ( x _ 6 , x _ 3 ) AND help . theme ( x _ 6 , Emma ) AND admire . agent ( x _ 7 , Oliver ) AND admire . ccomp ( x _ 7, x _ 8 ) AND prove . agent ( x _ 8 , x _ 2 ) AND prove . ccomp ( x _ 8, x _ 9 ) AND help . agent ( x _ 9 , x _ 3 ) AND help . theme ( x _ 9 , Emma )	elips_VPE_depth_gen
A mouse meant that the girl dreamed that the boy liked that the writer missed a cake and so did Emma .	* girl ( x _ 5 ) ; * boy ( x _ 6 ) ; * writer ( x _ 7 ) ; mouse ( x _ 0 ) AND cake ( x _ 8 ) AND mean . agent ( x _ 9 , x _ 0 ) AND mean . ccomp ( x _ 9, x _ 10 ) AND dream . agent ( x _ 10 , x _ 5 ) AND dream . ccomp ( x _ 10, x _ 11 ) AND like . agent ( x _ 11 , x _ 6 ) AND like . ccomp ( x _ 11, x _ 12 ) AND miss . agent ( x _ 12 , x _ 7 ) AND miss . theme ( x _ 12 , x _ 8 ) AND mean . agent ( x _ 13 , Emma ) AND mean . ccomp ( x _ 13, x _ 14 ) AND dream . agent ( x _ 14 , x _ 5 ) AND dream . ccomp ( x _ 14, x _ 15 ) AND like . agent ( x _ 15 , x _ 6 ) AND like . ccomp ( x _ 15, x _ 16 ) AND miss . agent ( x _ 16 , x _ 7 ) AND miss . theme ( x _ 16 , x _ 8 )	elips_VPE_depth_gen
The girl hoped that a baby liked that the goose liked that a father believed that Liam liked the pancake and so did Leah .	* girl ( x _ 0 ) ; * goose ( x _ 6 ) ; * pancake ( x _ 8 ) ; baby ( x _ 5 ) AND father ( x _ 7 ) AND hope . agent ( x _ 9 , x _ 0 ) AND hope . ccomp ( x _ 9, x _ 10 ) AND like . agent ( x _ 10 , x _ 5 ) AND like . ccomp ( x _ 10, x _ 11 ) AND like . agent ( x _ 11 , x _ 6 ) AND like . ccomp ( x _ 11, x _ 12 ) AND believe . agent ( x _ 12 , x _ 7 ) AND believe . ccomp ( x _ 12, x _ 13 ) AND like . agent ( x _ 13 , Liam ) AND like . theme ( x _ 13 , x _ 8 ) AND hope . agent ( x _ 14 , Leah ) AND hope . ccomp ( x _ 14, x _ 15 ) AND like . agent ( x _ 15 , x _ 5 ) AND like . ccomp ( x _ 15, x _ 16 ) AND like . agent ( x _ 16 , x _ 6 ) AND like . ccomp ( x _ 16, x _ 17 ) AND believe . agent ( x _ 17 , x _ 7 ) AND believe . ccomp ( x _ 17, x _ 18 ) AND like . agent ( x _ 18 , Liam ) AND like . theme ( x _ 18 , x _ 8 )	elips_VPE_depth_gen
Ava said that a girl liked that Sofia respected Alexander and so did Liam .	girl ( x _ 1 ) AND say . agent ( x _ 2 , Ava ) AND say . ccomp ( x _ 2, x _ 3 ) AND like . agent ( x _ 3 , x _ 1 ) AND like . ccomp ( x _ 3, x _ 4 ) AND respect . agent ( x _ 4 , Sofia ) AND respect . theme ( x _ 4 , Alexander ) AND say . agent ( x _ 5 , Liam ) AND say . ccomp ( x _ 5, x _ 6 ) AND like . agent ( x _ 6 , x _ 1 ) AND like . ccomp ( x _ 6, x _ 7 ) AND respect . agent ( x _ 7 , Sofia ) AND respect . theme ( x _ 7 , Alexander )	elips_VPE_depth_gen
The cat liked that the child liked that Noah liked a cake and so did Olivia .	* cat ( x _ 0 ) ; * child ( x _ 3 ) ; cake ( x _ 4 ) AND like . agent ( x _ 5 , x _ 0 ) AND like . ccomp ( x _ 5, x _ 6 ) AND like . agent ( x _ 6 , x _ 3 ) AND like . ccomp ( x _ 6, x _ 7 ) AND like . agent ( x _ 7 , Noah ) AND like . theme ( x _ 7 , x _ 4 ) AND like . agent ( x _ 8 , Olivia ) AND like . ccomp ( x _ 8, x _ 9 ) AND like . agent ( x _ 9 , x _ 3 ) AND like . ccomp ( x _ 9, x _ 10 ) AND like . agent ( x _ 10 , Noah ) AND like . theme ( x _ 10 , x _ 4 )	elips_VPE_depth_gen
The child said that Samuel liked that Emma liked that a donkey liked that a girl missed a rose and so did the bear .	* child ( x _ 0 ) ; * bear ( x _ 4 ) ; donkey ( x _ 5 ) AND girl ( x _ 6 ) AND rose ( x _ 7 ) AND say . agent ( x _ 8 , x _ 0 ) AND say . ccomp ( x _ 8, x _ 9 ) AND like . agent ( x _ 9 , Samuel ) AND like . ccomp ( x _ 9, x _ 10 ) AND like . agent ( x _ 10 , Emma ) AND like . ccomp ( x _ 10, x _ 11 ) AND like . agent ( x _ 11 , x _ 5 ) AND like . ccomp ( x _ 11, x _ 12 ) AND miss . agent ( x _ 12 , x _ 6 ) AND miss . theme ( x _ 12 , x _ 7 ) AND say . agent ( x _ 13 , x _ 4 ) AND say . ccomp ( x _ 13, x _ 14 ) AND like . agent ( x _ 14 , Samuel ) AND like . ccomp ( x _ 14, x _ 15 ) AND like . agent ( x _ 15 , Emma ) AND like . ccomp ( x _ 15, x _ 16 ) AND like . agent ( x _ 16 , x _ 5 ) AND like . ccomp ( x _ 16, x _ 17 ) AND miss . agent ( x _ 17 , x _ 6 ) AND miss . theme ( x _ 17 , x _ 7 )	elips_VPE_depth_gen
Oliver imagined that James hoped that the girl liked that the butterfly appreciated Isabella and so did the cat .	* girl ( x _ 3 ) ; * butterfly ( x _ 4 ) ; * cat ( x _ 2 ) ; imagine . agent ( x _ 5 , Oliver ) AND imagine . ccomp ( x _ 5, x _ 6 ) AND hope . agent ( x _ 6 , James ) AND hope . ccomp ( x _ 6, x _ 7 ) AND like . agent ( x _ 7 , x _ 3 ) AND like . ccomp ( x _ 7, x _ 8 ) AND appreciate . agent ( x _ 8 , x _ 4 ) AND appreciate . theme ( x _ 8 , Isabella ) AND imagine . agent ( x _ 9 , x _ 2 ) AND imagine . ccomp ( x _ 9, x _ 10 ) AND hope . agent ( x _ 10 , James ) AND hope . ccomp ( x _ 10, x _ 11 ) AND like . agent ( x _ 11 , x _ 3 ) AND like . ccomp ( x _ 11, x _ 12 ) AND appreciate . agent ( x _ 12 , x _ 4 ) AND appreciate . theme ( x _ 12 , Isabella )	elips_VPE_depth_gen
Emma noticed that Avery liked that the baby liked a box and so did a deer .	* baby ( x _ 3 ) ; box ( x _ 4 ) AND deer ( x _ 2 ) AND notice . agent ( x _ 5 , Emma ) AND notice . ccomp ( x _ 5, x _ 6 ) AND like . agent ( x _ 6 , Avery ) AND like . ccomp ( x _ 6, x _ 7 ) AND like . agent ( x _ 7 , x _ 3 ) AND like . theme ( x _ 7 , x _ 4 ) AND notice . agent ( x _ 8 , x _ 2 ) AND notice . ccomp ( x _ 8, x _ 9 ) AND like . agent ( x _ 9 , Avery ) AND like . ccomp ( x _ 9, x _ 10 ) AND like . agent ( x _ 10 , x _ 3 ) AND like . theme ( x _ 10 , x _ 4 )	elips_VPE_depth_gen
The spokesman noticed that Ella liked that Liam confessed that the teacher missed the lollipop and so did the child .	* spokesman ( x _ 0 ) ; * teacher ( x _ 4 ) ; * lollipop ( x _ 5 ) ; * child ( x _ 3 ) ; notice . agent ( x _ 6 , x _ 0 ) AND notice . ccomp ( x _ 6, x _ 7 ) AND like . agent ( x _ 7 , Ella ) AND like . ccomp ( x _ 7, x _ 8 ) AND confess . agent ( x _ 8 , Liam ) AND confess . ccomp ( x _ 8, x _ 9 ) AND miss . agent ( x _ 9 , x _ 4 ) AND miss . theme ( x _ 9 , x _ 5 ) AND notice . agent ( x _ 10 , x _ 3 ) AND notice . ccomp ( x _ 10, x _ 11 ) AND like . agent ( x _ 11 , Ella ) AND like . ccomp ( x _ 11, x _ 12 ) AND confess . agent ( x _ 12 , Liam ) AND confess . ccomp ( x _ 12, x _ 13 ) AND miss . agent ( x _ 13 , x _ 4 ) AND miss . theme ( x _ 13 , x _ 5 )	elips_VPE_depth_gen
The girl hoped that the bird supported that Isabella liked that Olivia confessed that the fish adored the sandwich and so did Noah .	* girl ( x _ 0 ) ; * bird ( x _ 4 ) ; * fish ( x _ 5 ) ; * sandwich ( x _ 6 ) ; hope . agent ( x _ 7 , x _ 0 ) AND hope . ccomp ( x _ 7, x _ 8 ) AND support . agent ( x _ 8 , x _ 4 ) AND support . ccomp ( x _ 8, x _ 9 ) AND like . agent ( x _ 9 , Isabella ) AND like . ccomp ( x _ 9, x _ 10 ) AND confess . agent ( x _ 10 , Olivia ) AND confess . ccomp ( x _ 10, x _ 11 ) AND adore . agent ( x _ 11 , x _ 5 ) AND adore . theme ( x _ 11 , x _ 6 ) AND hope . agent ( x _ 12 , Noah ) AND hope . ccomp ( x _ 12, x _ 13 ) AND support . agent ( x _ 13 , x _ 4 ) AND support . ccomp ( x _ 13, x _ 14 ) AND like . agent ( x _ 14 , Isabella ) AND like . ccomp ( x _ 14, x _ 15 ) AND confess . agent ( x _ 15 , Olivia ) AND confess . ccomp ( x _ 15, x _ 16 ) AND adore . agent ( x _ 16 , x _ 5 ) AND adore . theme ( x _ 16 , x _ 6 )	elips_VPE_depth_gen
A boy liked that Mia tolerated that the mouse helped the box and so did Emma .	* mouse ( x _ 3 ) ; * box ( x _ 4 ) ; boy ( x _ 0 ) AND like . agent ( x _ 5 , x _ 0 ) AND like . ccomp ( x _ 5, x _ 6 ) AND tolerate . agent ( x _ 6 , Mia ) AND tolerate . ccomp ( x _ 6, x _ 7 ) AND help . agent ( x _ 7 , x _ 3 ) AND help . theme ( x _ 7 , x _ 4 ) AND like . agent ( x _ 8 , Emma ) AND like . ccomp ( x _ 8, x _ 9 ) AND tolerate . agent ( x _ 9 , Mia ) AND tolerate . ccomp ( x _ 9, x _ 10 ) AND help . agent ( x _ 10 , x _ 3 ) AND help . theme ( x _ 10 , x _ 4 )	elips_VPE_depth_gen
Emma noticed that a boy hoped that Jackson loved Liam and so did Wyatt .	boy ( x _ 1 ) AND notice . agent ( x _ 2 , Emma ) AND notice . ccomp ( x _ 2, x _ 3 ) AND hope . agent ( x _ 3 , x _ 1 ) AND hope . ccomp ( x _ 3, x _ 4 ) AND love . agent ( x _ 4 , Jackson ) AND love . theme ( x _ 4 , Liam ) AND notice . agent ( x _ 5 , Wyatt ) AND notice . ccomp ( x _ 5, x _ 6 ) AND hope . agent ( x _ 6 , x _ 1 ) AND hope . ccomp ( x _ 6, x _ 7 ) AND love . agent ( x _ 7 , Jackson ) AND love . theme ( x _ 7 , Liam )	elips_VPE_depth_gen
Sophia thought that Olivia liked that the cat respected a guy and so did the boy .	* cat ( x _ 3 ) ; * boy ( x _ 2 ) ; guy ( x _ 4 ) AND think . agent ( x _ 5 , Sophia ) AND think . ccomp ( x _ 5, x _ 6 ) AND like . agent ( x _ 6 , Olivia ) AND like . ccomp ( x _ 6, x _ 7 ) AND respect . agent ( x _ 7 , x _ 3 ) AND respect . theme ( x _ 7 , x _ 4 ) AND think . agent ( x _ 8 , x _ 2 ) AND think . ccomp ( x _ 8, x _ 9 ) AND like . agent ( x _ 9 , Olivia ) AND like . ccomp ( x _ 9, x _ 10 ) AND respect . agent ( x _ 10 , x _ 3 ) AND respect . theme ( x _ 10 , x _ 4 )	elips_VPE_depth_gen
A mouse proved that a lawyer noticed that a boy hoped that the giraffe tolerated that a customer appreciated a cookie and so did Stella .	* giraffe ( x _ 8 ) ; mouse ( x _ 0 ) AND lawyer ( x _ 6 ) AND boy ( x _ 7 ) AND customer ( x _ 9 ) AND cookie ( x _ 10 ) AND prove . agent ( x _ 11 , x _ 0 ) AND prove . ccomp ( x _ 11, x _ 12 ) AND notice . agent ( x _ 12 , x _ 6 ) AND notice . ccomp ( x _ 12, x _ 13 ) AND hope . agent ( x _ 13 , x _ 7 ) AND hope . ccomp ( x _ 13, x _ 14 ) AND tolerate . agent ( x _ 14 , x _ 8 ) AND tolerate . ccomp ( x _ 14, x _ 15 ) AND appreciate . agent ( x _ 15 , x _ 9 ) AND appreciate . theme ( x _ 15 , x _ 10 ) AND prove . agent ( x _ 16 , Stella ) AND prove . ccomp ( x _ 16, x _ 17 ) AND notice . agent ( x _ 17 , x _ 6 ) AND notice . ccomp ( x _ 17, x _ 18 ) AND hope . agent ( x _ 18 , x _ 7 ) AND hope . ccomp ( x _ 18, x _ 19 ) AND tolerate . agent ( x _ 19 , x _ 8 ) AND tolerate . ccomp ( x _ 19, x _ 20 ) AND appreciate . agent ( x _ 20 , x _ 9 ) AND appreciate . theme ( x _ 20 , x _ 10 )	elips_VPE_depth_gen
Jayden liked that Evelyn noticed that a dog thought that Sophia liked the girl and so did the bear .	* girl ( x _ 4 ) ; * bear ( x _ 2 ) ; dog ( x _ 3 ) AND like . agent ( x _ 5 , Jayden ) AND like . ccomp ( x _ 5, x _ 6 ) AND notice . agent ( x _ 6 , Evelyn ) AND notice . ccomp ( x _ 6, x _ 7 ) AND think . agent ( x _ 7 , x _ 3 ) AND think . ccomp ( x _ 7, x _ 8 ) AND like . agent ( x _ 8 , Sophia ) AND like . theme ( x _ 8 , x _ 4 ) AND like . agent ( x _ 9 , x _ 2 ) AND like . ccomp ( x _ 9, x _ 10 ) AND notice . agent ( x _ 10 , Evelyn ) AND notice . ccomp ( x _ 10, x _ 11 ) AND think . agent ( x _ 11 , x _ 3 ) AND think . ccomp ( x _ 11, x _ 12 ) AND like . agent ( x _ 12 , Sophia ) AND like . theme ( x _ 12 , x _ 4 )	elips_VPE_depth_gen
Emma declared that the professor liked that Mia liked the girl and so did a baby .	* professor ( x _ 3 ) ; * girl ( x _ 4 ) ; baby ( x _ 2 ) AND declare . agent ( x _ 5 , Emma ) AND declare . ccomp ( x _ 5, x _ 6 ) AND like . agent ( x _ 6 , x _ 3 ) AND like . ccomp ( x _ 6, x _ 7 ) AND like . agent ( x _ 7 , Mia ) AND like . theme ( x _ 7 , x _ 4 ) AND declare . agent ( x _ 8 , x _ 2 ) AND declare . ccomp ( x _ 8, x _ 9 ) AND like . agent ( x _ 9 , x _ 3 ) AND like . ccomp ( x _ 9, x _ 10 ) AND like . agent ( x _ 10 , Mia ) AND like . theme ( x _ 10 , x _ 4 )	elips_VPE_depth_gen
Jackson liked that Olivia believed that Emma helped Daniel and so did Oliver .	like . agent ( x _ 0 , Jackson ) AND like . ccomp ( x _ 0, x _ 1 ) AND believe . agent ( x _ 1 , Olivia ) AND believe . ccomp ( x _ 1, x _ 2 ) AND help . agent ( x _ 2 , Emma ) AND help . theme ( x _ 2 , Daniel ) AND like . agent ( x _ 3 , Oliver ) AND like . ccomp ( x _ 3, x _ 4 ) AND believe . agent ( x _ 4 , Olivia ) AND believe . ccomp ( x _ 4, x _ 5 ) AND help . agent ( x _ 5 , Emma ) AND help . theme ( x _ 5 , Daniel )	elips_VPE_depth_gen
The girl admired that the child wished that Emma found a wine and so did Madison .	* girl ( x _ 0 ) ; * child ( x _ 3 ) ; wine ( x _ 4 ) AND admire . agent ( x _ 5 , x _ 0 ) AND admire . ccomp ( x _ 5, x _ 6 ) AND wish . agent ( x _ 6 , x _ 3 ) AND wish . ccomp ( x _ 6, x _ 7 ) AND find . agent ( x _ 7 , Emma ) AND find . theme ( x _ 7 , x _ 4 ) AND admire . agent ( x _ 8 , Madison ) AND admire . ccomp ( x _ 8, x _ 9 ) AND wish . agent ( x _ 9 , x _ 3 ) AND wish . ccomp ( x _ 9, x _ 10 ) AND find . agent ( x _ 10 , Emma ) AND find . theme ( x _ 10 , x _ 4 )	elips_VPE_depth_gen
Jaxon hoped that a child liked that the boy liked Liam and so did Oliver .	* boy ( x _ 3 ) ; child ( x _ 2 ) AND hope . agent ( x _ 4 , Jaxon ) AND hope . ccomp ( x _ 4, x _ 5 ) AND like . agent ( x _ 5 , x _ 2 ) AND like . ccomp ( x _ 5, x _ 6 ) AND like . agent ( x _ 6 , x _ 3 ) AND like . theme ( x _ 6 , Liam ) AND hope . agent ( x _ 7 , Oliver ) AND hope . ccomp ( x _ 7, x _ 8 ) AND like . agent ( x _ 8 , x _ 2 ) AND like . ccomp ( x _ 8, x _ 9 ) AND like . agent ( x _ 9 , x _ 3 ) AND like . theme ( x _ 9 , Liam )	elips_VPE_depth_gen
Noah liked that the boy liked that Emma missed a raisin and so did Ella .	* boy ( x _ 2 ) ; raisin ( x _ 3 ) AND like . agent ( x _ 4 , Noah ) AND like . ccomp ( x _ 4, x _ 5 ) AND like . agent ( x _ 5 , x _ 2 ) AND like . ccomp ( x _ 5, x _ 6 ) AND miss . agent ( x _ 6 , Emma ) AND miss . theme ( x _ 6 , x _ 3 ) AND like . agent ( x _ 7 , Ella ) AND like . ccomp ( x _ 7, x _ 8 ) AND like . agent ( x _ 8 , x _ 2 ) AND like . ccomp ( x _ 8, x _ 9 ) AND miss . agent ( x _ 9 , Emma ) AND miss . theme ( x _ 9 , x _ 3 )	elips_VPE_depth_gen
A governor hoped that Emma liked that Ava liked that Mia liked that Oliver helped the pencil and so did Mateo .	* pencil ( x _ 2 ) ; governor ( x _ 0 ) AND hope . agent ( x _ 3 , x _ 0 ) AND hope . ccomp ( x _ 3, x _ 4 ) AND like . agent ( x _ 4 , Emma ) AND like . ccomp ( x _ 4, x _ 5 ) AND like . agent ( x _ 5 , Ava ) AND like . ccomp ( x _ 5, x _ 6 ) AND like . agent ( x _ 6 , Mia ) AND like . ccomp ( x _ 6, x _ 7 ) AND help . agent ( x _ 7 , Oliver ) AND help . theme ( x _ 7 , x _ 2 ) AND hope . agent ( x _ 8 , Mateo ) AND hope . ccomp ( x _ 8, x _ 9 ) AND like . agent ( x _ 9 , Emma ) AND like . ccomp ( x _ 9, x _ 10 ) AND like . agent ( x _ 10 , Ava ) AND like . ccomp ( x _ 10, x _ 11 ) AND like . agent ( x _ 11 , Mia ) AND like . ccomp ( x _ 11, x _ 12 ) AND help . agent ( x _ 12 , Oliver ) AND help . theme ( x _ 12 , x _ 2 )	elips_VPE_depth_gen
Emma imagined that Oliver liked that Leo helped a cake and so did a girl .	cake ( x _ 2 ) AND girl ( x _ 1 ) AND imagine . agent ( x _ 3 , Emma ) AND imagine . ccomp ( x _ 3, x _ 4 ) AND like . agent ( x _ 4 , Oliver ) AND like . ccomp ( x _ 4, x _ 5 ) AND help . agent ( x _ 5 , Leo ) AND help . theme ( x _ 5 , x _ 2 ) AND imagine . agent ( x _ 6 , x _ 1 ) AND imagine . ccomp ( x _ 6, x _ 7 ) AND like . agent ( x _ 7 , Oliver ) AND like . ccomp ( x _ 7, x _ 8 ) AND help . agent ( x _ 8 , Leo ) AND help . theme ( x _ 8 , x _ 2 )	elips_VPE_depth_gen
Victoria believed that Liam proved that Abigail poked Savannah and so did a boy .	boy ( x _ 0 ) AND believe . agent ( x _ 1 , Victoria ) AND believe . ccomp ( x _ 1, x _ 2 ) AND prove . agent ( x _ 2 , Liam ) AND prove . ccomp ( x _ 2, x _ 3 ) AND poke . agent ( x _ 3 , Abigail ) AND poke . theme ( x _ 3 , Savannah ) AND believe . agent ( x _ 4 , x _ 0 ) AND believe . ccomp ( x _ 4, x _ 5 ) AND prove . agent ( x _ 5 , Liam ) AND prove . ccomp ( x _ 5, x _ 6 ) AND poke . agent ( x _ 6 , Abigail ) AND poke . theme ( x _ 6 , Savannah )	elips_VPE_depth_gen
Noah declared that the queen liked that a girl liked that Olivia liked a mouse and so did a boy .	* queen ( x _ 4 ) ; girl ( x _ 5 ) AND mouse ( x _ 6 ) AND boy ( x _ 3 ) AND declare . agent ( x _ 7 , Noah ) AND declare . ccomp ( x _ 7, x _ 8 ) AND like . agent ( x _ 8 , x _ 4 ) AND like . ccomp ( x _ 8, x _ 9 ) AND like . agent ( x _ 9 , x _ 5 ) AND like . ccomp ( x _ 9, x _ 10 ) AND like . agent ( x _ 10 , Olivia ) AND like . theme ( x _ 10 , x _ 6 ) AND declare . agent ( x _ 11 , x _ 3 ) AND declare . ccomp ( x _ 11, x _ 12 ) AND like . agent ( x _ 12 , x _ 4 ) AND like . ccomp ( x _ 12, x _ 13 ) AND like . agent ( x _ 13 , x _ 5 ) AND like . ccomp ( x _ 13, x _ 14 ) AND like . agent ( x _ 14 , Olivia ) AND like . theme ( x _ 14 , x _ 6 )	elips_VPE_depth_gen
The girl liked that a priest noticed that a horse helped the cookie and so did Emma .	* girl ( x _ 0 ) ; * cookie ( x _ 6 ) ; priest ( x _ 4 ) AND horse ( x _ 5 ) AND like . agent ( x _ 7 , x _ 0 ) AND like . ccomp ( x _ 7, x _ 8 ) AND notice . agent ( x _ 8 , x _ 4 ) AND notice . ccomp ( x _ 8, x _ 9 ) AND help . agent ( x _ 9 , x _ 5 ) AND help . theme ( x _ 9 , x _ 6 ) AND like . agent ( x _ 10 , Emma ) AND like . ccomp ( x _ 10, x _ 11 ) AND notice . agent ( x _ 11 , x _ 4 ) AND notice . ccomp ( x _ 11, x _ 12 ) AND help . agent ( x _ 12 , x _ 5 ) AND help . theme ( x _ 12 , x _ 6 )	elips_VPE_depth_gen
Owen respected that Mila liked that the girl meant that Liam liked the raisin and so did the cat .	* girl ( x _ 3 ) ; * raisin ( x _ 4 ) ; * cat ( x _ 2 ) ; respect . agent ( x _ 5 , Owen ) AND respect . ccomp ( x _ 5, x _ 6 ) AND like . agent ( x _ 6 , Mila ) AND like . ccomp ( x _ 6, x _ 7 ) AND mean . agent ( x _ 7 , x _ 3 ) AND mean . ccomp ( x _ 7, x _ 8 ) AND like . agent ( x _ 8 , Liam ) AND like . theme ( x _ 8 , x _ 4 ) AND respect . agent ( x _ 9 , x _ 2 ) AND respect . ccomp ( x _ 9, x _ 10 ) AND like . agent ( x _ 10 , Mila ) AND like . ccomp ( x _ 10, x _ 11 ) AND mean . agent ( x _ 11 , x _ 3 ) AND mean . ccomp ( x _ 11, x _ 12 ) AND like . agent ( x _ 12 , Liam ) AND like . theme ( x _ 12 , x _ 4 )	elips_VPE_depth_gen
A child said that a cat valued that Alexander missed a rose and so did the girl .	* girl ( x _ 3 ) ; child ( x _ 0 ) AND cat ( x _ 4 ) AND rose ( x _ 5 ) AND say . agent ( x _ 6 , x _ 0 ) AND say . ccomp ( x _ 6, x _ 7 ) AND value . agent ( x _ 7 , x _ 4 ) AND value . ccomp ( x _ 7, x _ 8 ) AND miss . agent ( x _ 8 , Alexander ) AND miss . theme ( x _ 8 , x _ 5 ) AND say . agent ( x _ 9 , x _ 3 ) AND say . ccomp ( x _ 9, x _ 10 ) AND value . agent ( x _ 10 , x _ 4 ) AND value . ccomp ( x _ 10, x _ 11 ) AND miss . agent ( x _ 11 , Alexander ) AND miss . theme ( x _ 11 , x _ 5 )	elips_VPE_depth_gen
Emma appreciated that the giraffe noticed that Aurora hoped that a dog liked the cake and so did Charlotte .	* giraffe ( x _ 3 ) ; * cake ( x _ 5 ) ; dog ( x _ 4 ) AND appreciate . agent ( x _ 6 , Emma ) AND appreciate . ccomp ( x _ 6, x _ 7 ) AND notice . agent ( x _ 7 , x _ 3 ) AND notice . ccomp ( x _ 7, x _ 8 ) AND hope . agent ( x _ 8 , Aurora ) AND hope . ccomp ( x _ 8, x _ 9 ) AND like . agent ( x _ 9 , x _ 4 ) AND like . theme ( x _ 9 , x _ 5 ) AND appreciate . agent ( x _ 10 , Charlotte ) AND appreciate . ccomp ( x _ 10, x _ 11 ) AND notice . agent ( x _ 11 , x _ 3 ) AND notice . ccomp ( x _ 11, x _ 12 ) AND hope . agent ( x _ 12 , Aurora ) AND hope . ccomp ( x _ 12, x _ 13 ) AND like . agent ( x _ 13 , x _ 4 ) AND like . theme ( x _ 13 , x _ 5 )	elips_VPE_depth_gen
The girl liked that a creature said that Ellie liked that Isabella found Charlotte and so did the bird .	* girl ( x _ 0 ) ; * bird ( x _ 2 ) ; creature ( x _ 3 ) AND like . agent ( x _ 4 , x _ 0 ) AND like . ccomp ( x _ 4, x _ 5 ) AND say . agent ( x _ 5 , x _ 3 ) AND say . ccomp ( x _ 5, x _ 6 ) AND like . agent ( x _ 6 , Ellie ) AND like . ccomp ( x _ 6, x _ 7 ) AND find . agent ( x _ 7 , Isabella ) AND find . theme ( x _ 7 , Charlotte ) AND like . agent ( x _ 8 , x _ 2 ) AND like . ccomp ( x _ 8, x _ 9 ) AND say . agent ( x _ 9 , x _ 3 ) AND say . ccomp ( x _ 9, x _ 10 ) AND like . agent ( x _ 10 , Ellie ) AND like . ccomp ( x _ 10, x _ 11 ) AND find . agent ( x _ 11 , Isabella ) AND find . theme ( x _ 11 , Charlotte )	elips_VPE_depth_gen
The boy liked that Emma liked that Addison liked that Liam missed the molecule and so did the cat .	* boy ( x _ 0 ) ; * molecule ( x _ 3 ) ; * cat ( x _ 2 ) ; like . agent ( x _ 4 , x _ 0 ) AND like . ccomp ( x _ 4, x _ 5 ) AND like . agent ( x _ 5 , Emma ) AND like . ccomp ( x _ 5, x _ 6 ) AND like . agent ( x _ 6 , Addison ) AND like . ccomp ( x _ 6, x _ 7 ) AND miss . agent ( x _ 7 , Liam ) AND miss . theme ( x _ 7 , x _ 3 ) AND like . agent ( x _ 8 , x _ 2 ) AND like . ccomp ( x _ 8, x _ 9 ) AND like . agent ( x _ 9 , Emma ) AND like . ccomp ( x _ 9, x _ 10 ) AND like . agent ( x _ 10 , Addison ) AND like . ccomp ( x _ 10, x _ 11 ) AND miss . agent ( x _ 11 , Liam ) AND miss . theme ( x _ 11 , x _ 3 )	elips_VPE_depth_gen
Layla expected that Abigail liked that Emma meant that the sailor liked that William helped the cat and so did Mason .	* sailor ( x _ 2 ) ; * cat ( x _ 3 ) ; expect . agent ( x _ 4 , Layla ) AND expect . ccomp ( x _ 4, x _ 5 ) AND like . agent ( x _ 5 , Abigail ) AND like . ccomp ( x _ 5, x _ 6 ) AND mean . agent ( x _ 6 , Emma ) AND mean . ccomp ( x _ 6, x _ 7 ) AND like . agent ( x _ 7 , x _ 2 ) AND like . ccomp ( x _ 7, x _ 8 ) AND help . agent ( x _ 8 , William ) AND help . theme ( x _ 8 , x _ 3 ) AND expect . agent ( x _ 9 , Mason ) AND expect . ccomp ( x _ 9, x _ 10 ) AND like . agent ( x _ 10 , Abigail ) AND like . ccomp ( x _ 10, x _ 11 ) AND mean . agent ( x _ 11 , Emma ) AND mean . ccomp ( x _ 11, x _ 12 ) AND like . agent ( x _ 12 , x _ 2 ) AND like . ccomp ( x _ 12, x _ 13 ) AND help . agent ( x _ 13 , William ) AND help . theme ( x _ 13 , x _ 3 )	elips_VPE_depth_gen
The horse said that Jacob said that the researcher liked that William helped the cake and so did Sophia .	* horse ( x _ 0 ) ; * researcher ( x _ 3 ) ; * cake ( x _ 4 ) ; say . agent ( x _ 5 , x _ 0 ) AND say . ccomp ( x _ 5, x _ 6 ) AND say . agent ( x _ 6 , Jacob ) AND say . ccomp ( x _ 6, x _ 7 ) AND like . agent ( x _ 7 , x _ 3 ) AND like . ccomp ( x _ 7, x _ 8 ) AND help . agent ( x _ 8 , William ) AND help . theme ( x _ 8 , x _ 4 ) AND say . agent ( x _ 9 , Sophia ) AND say . ccomp ( x _ 9, x _ 10 ) AND say . agent ( x _ 10 , Jacob ) AND say . ccomp ( x _ 10, x _ 11 ) AND like . agent ( x _ 11 , x _ 3 ) AND like . ccomp ( x _ 11, x _ 12 ) AND help . agent ( x _ 12 , William ) AND help . theme ( x _ 12 , x _ 4 )	elips_VPE_depth_gen
Amelia liked that a teacher liked that the baby missed the donut and so did Emma .	* baby ( x _ 4 ) ; * donut ( x _ 5 ) ; teacher ( x _ 3 ) AND like . agent ( x _ 6 , Amelia ) AND like . ccomp ( x _ 6, x _ 7 ) AND like . agent ( x _ 7 , x _ 3 ) AND like . ccomp ( x _ 7, x _ 8 ) AND miss . agent ( x _ 8 , x _ 4 ) AND miss . theme ( x _ 8 , x _ 5 ) AND like . agent ( x _ 9 , Emma ) AND like . ccomp ( x _ 9, x _ 10 ) AND like . agent ( x _ 10 , x _ 3 ) AND like . ccomp ( x _ 10, x _ 11 ) AND miss . agent ( x _ 11 , x _ 4 ) AND miss . theme ( x _ 11 , x _ 5 )	elips_VPE_depth_gen
A squirrel hoped that the monkey liked that a girl hoped that Emma liked the box and so did Liam .	* monkey ( x _ 4 ) ; * box ( x _ 6 ) ; squirrel ( x _ 0 ) AND girl ( x _ 5 ) AND hope . agent ( x _ 7 , x _ 0 ) AND hope . ccomp ( x _ 7, x _ 8 ) AND like . agent ( x _ 8 , x _ 4 ) AND like . ccomp ( x _ 8, x _ 9 ) AND hope . agent ( x _ 9 , x _ 5 ) AND hope . ccomp ( x _ 9, x _ 10 ) AND like . agent ( x _ 10 , Emma ) AND like . theme ( x _ 10 , x _ 6 ) AND hope . agent ( x _ 11 , Liam ) AND hope . ccomp ( x _ 11, x _ 12 ) AND like . agent ( x _ 12 , x _ 4 ) AND like . ccomp ( x _ 12, x _ 13 ) AND hope . agent ( x _ 13 , x _ 5 ) AND hope . ccomp ( x _ 13, x _ 14 ) AND like . agent ( x _ 14 , Emma ) AND like . theme ( x _ 14 , x _ 6 )	elips_VPE_depth_gen
Emma wished that Charlotte imagined that Mia noticed that Jack liked that a dog liked the president and so did a girl .	* president ( x _ 4 ) ; dog ( x _ 3 ) AND girl ( x _ 2 ) AND wish . agent ( x _ 5 , Emma ) AND wish . ccomp ( x _ 5, x _ 6 ) AND imagine . agent ( x _ 6 , Charlotte ) AND imagine . ccomp ( x _ 6, x _ 7 ) AND notice . agent ( x _ 7 , Mia ) AND notice . ccomp ( x _ 7, x _ 8 ) AND like . agent ( x _ 8 , Jack ) AND like . ccomp ( x _ 8, x _ 9 ) AND like . agent ( x _ 9 , x _ 3 ) AND like . theme ( x _ 9 , x _ 4 ) AND wish . agent ( x _ 10 , x _ 2 ) AND wish . ccomp ( x _ 10, x _ 11 ) AND imagine . agent ( x _ 11 , Charlotte ) AND imagine . ccomp ( x _ 11, x _ 12 ) AND notice . agent ( x _ 12 , Mia ) AND notice . ccomp ( x _ 12, x _ 13 ) AND like . agent ( x _ 13 , Jack ) AND like . ccomp ( x _ 13, x _ 14 ) AND like . agent ( x _ 14 , x _ 3 ) AND like . theme ( x _ 14 , x _ 4 )	elips_VPE_depth_gen
Liam hoped that the teacher hoped that Lucas liked a brain and so did a boy .	* teacher ( x _ 3 ) ; brain ( x _ 4 ) AND boy ( x _ 2 ) AND hope . agent ( x _ 5 , Liam ) AND hope . ccomp ( x _ 5, x _ 6 ) AND hope . agent ( x _ 6 , x _ 3 ) AND hope . ccomp ( x _ 6, x _ 7 ) AND like . agent ( x _ 7 , Lucas ) AND like . theme ( x _ 7 , x _ 4 ) AND hope . agent ( x _ 8 , x _ 2 ) AND hope . ccomp ( x _ 8, x _ 9 ) AND hope . agent ( x _ 9 , x _ 3 ) AND hope . ccomp ( x _ 9, x _ 10 ) AND like . agent ( x _ 10 , Lucas ) AND like . theme ( x _ 10 , x _ 4 )	elips_VPE_depth_gen
Charlotte hoped that Julian meant that a governor liked that the cat liked a cake and so did a bee .	* cat ( x _ 5 ) ; governor ( x _ 4 ) AND cake ( x _ 6 ) AND bee ( x _ 3 ) AND hope . agent ( x _ 7 , Charlotte ) AND hope . ccomp ( x _ 7, x _ 8 ) AND mean . agent ( x _ 8 , Julian ) AND mean . ccomp ( x _ 8, x _ 9 ) AND like . agent ( x _ 9 , x _ 4 ) AND like . ccomp ( x _ 9, x _ 10 ) AND like . agent ( x _ 10 , x _ 5 ) AND like . theme ( x _ 10 , x _ 6 ) AND hope . agent ( x _ 11 , x _ 3 ) AND hope . ccomp ( x _ 11, x _ 12 ) AND mean . agent ( x _ 12 , Julian ) AND mean . ccomp ( x _ 12, x _ 13 ) AND like . agent ( x _ 13 , x _ 4 ) AND like . ccomp ( x _ 13, x _ 14 ) AND like . agent ( x _ 14 , x _ 5 ) AND like . theme ( x _ 14 , x _ 6 )	elips_VPE_depth_gen
Aiden liked that the tenant meant that a crocodile declared that the baby liked a potato and so did Oliver .	* tenant ( x _ 4 ) ; * baby ( x _ 6 ) ; crocodile ( x _ 5 ) AND potato ( x _ 7 ) AND like . agent ( x _ 8 , Aiden ) AND like . ccomp ( x _ 8, x _ 9 ) AND mean . agent ( x _ 9 , x _ 4 ) AND mean . ccomp ( x _ 9, x _ 10 ) AND declare . agent ( x _ 10 , x _ 5 ) AND declare . ccomp ( x _ 10, x _ 11 ) AND like . agent ( x _ 11 , x _ 6 ) AND like . theme ( x _ 11 , x _ 7 ) AND like . agent ( x _ 12 , Oliver ) AND like . ccomp ( x _ 12, x _ 13 ) AND mean . agent ( x _ 13 , x _ 4 ) AND mean . ccomp ( x _ 13, x _ 14 ) AND declare . agent ( x _ 14 , x _ 5 ) AND declare . ccomp ( x _ 14, x _ 15 ) AND like . agent ( x _ 15 , x _ 6 ) AND like . theme ( x _ 15 , x _ 7 )	elips_VPE_depth_gen
Abigail liked that Noah believed that Stella poked the donut and so did a cat .	* donut ( x _ 2 ) ; cat ( x _ 1 ) AND like . agent ( x _ 3 , Abigail ) AND like . ccomp ( x _ 3, x _ 4 ) AND believe . agent ( x _ 4 , Noah ) AND believe . ccomp ( x _ 4, x _ 5 ) AND poke . agent ( x _ 5 , Stella ) AND poke . theme ( x _ 5 , x _ 2 ) AND like . agent ( x _ 6 , x _ 1 ) AND like . ccomp ( x _ 6, x _ 7 ) AND believe . agent ( x _ 7 , Noah ) AND believe . ccomp ( x _ 7, x _ 8 ) AND poke . agent ( x _ 8 , Stella ) AND poke . theme ( x _ 8 , x _ 2 )	elips_VPE_depth_gen
Aria liked that James liked that a director valued that the tenant appreciated a cake and so did a boy .	* tenant ( x _ 5 ) ; director ( x _ 4 ) AND cake ( x _ 6 ) AND boy ( x _ 3 ) AND like . agent ( x _ 7 , Aria ) AND like . ccomp ( x _ 7, x _ 8 ) AND like . agent ( x _ 8 , James ) AND like . ccomp ( x _ 8, x _ 9 ) AND value . agent ( x _ 9 , x _ 4 ) AND value . ccomp ( x _ 9, x _ 10 ) AND appreciate . agent ( x _ 10 , x _ 5 ) AND appreciate . theme ( x _ 10 , x _ 6 ) AND like . agent ( x _ 11 , x _ 3 ) AND like . ccomp ( x _ 11, x _ 12 ) AND like . agent ( x _ 12 , James ) AND like . ccomp ( x _ 12, x _ 13 ) AND value . agent ( x _ 13 , x _ 4 ) AND value . ccomp ( x _ 13, x _ 14 ) AND appreciate . agent ( x _ 14 , x _ 5 ) AND appreciate . theme ( x _ 14 , x _ 6 )	elips_VPE_depth_gen
Emma supported that a chicken liked that Noah loved a box and so did Liam .	chicken ( x _ 2 ) AND box ( x _ 3 ) AND support . agent ( x _ 4 , Emma ) AND support . ccomp ( x _ 4, x _ 5 ) AND like . agent ( x _ 5 , x _ 2 ) AND like . ccomp ( x _ 5, x _ 6 ) AND love . agent ( x _ 6 , Noah ) AND love . theme ( x _ 6 , x _ 3 ) AND support . agent ( x _ 7 , Liam ) AND support . ccomp ( x _ 7, x _ 8 ) AND like . agent ( x _ 8 , x _ 2 ) AND like . ccomp ( x _ 8, x _ 9 ) AND love . agent ( x _ 9 , Noah ) AND love . theme ( x _ 9 , x _ 3 )	elips_VPE_depth_gen
A girl liked that Owen liked that Isabella hoped that Emma liked a donut and so did Charlotte .	girl ( x _ 0 ) AND donut ( x _ 2 ) AND like . agent ( x _ 3 , x _ 0 ) AND like . ccomp ( x _ 3, x _ 4 ) AND like . agent ( x _ 4 , Owen ) AND like . ccomp ( x _ 4, x _ 5 ) AND hope . agent ( x _ 5 , Isabella ) AND hope . ccomp ( x _ 5, x _ 6 ) AND like . agent ( x _ 6 , Emma ) AND like . theme ( x _ 6 , x _ 2 ) AND like . agent ( x _ 7 , Charlotte ) AND like . ccomp ( x _ 7, x _ 8 ) AND like . agent ( x _ 8 , Owen ) AND like . ccomp ( x _ 8, x _ 9 ) AND hope . agent ( x _ 9 , Isabella ) AND hope . ccomp ( x _ 9, x _ 10 ) AND like . agent ( x _ 10 , Emma ) AND like . theme ( x _ 10 , x _ 2 )	elips_VPE_depth_gen
Olivia tolerated that Emily meant that the fly missed the dog and so did a friend .	* fly ( x _ 3 ) ; * dog ( x _ 4 ) ; friend ( x _ 2 ) AND tolerate . agent ( x _ 5 , Olivia ) AND tolerate . ccomp ( x _ 5, x _ 6 ) AND mean . agent ( x _ 6 , Emily ) AND mean . ccomp ( x _ 6, x _ 7 ) AND miss . agent ( x _ 7 , x _ 3 ) AND miss . theme ( x _ 7 , x _ 4 ) AND tolerate . agent ( x _ 8 , x _ 2 ) AND tolerate . ccomp ( x _ 8, x _ 9 ) AND mean . agent ( x _ 9 , Emily ) AND mean . ccomp ( x _ 9, x _ 10 ) AND miss . agent ( x _ 10 , x _ 3 ) AND miss . theme ( x _ 10 , x _ 4 )	elips_VPE_depth_gen
Emma liked that Sophia hoped that Thomas liked Noah and so did the boy .	* boy ( x _ 0 ) ; like . agent ( x _ 1 , Emma ) AND like . ccomp ( x _ 1, x _ 2 ) AND hope . agent ( x _ 2 , Sophia ) AND hope . ccomp ( x _ 2, x _ 3 ) AND like . agent ( x _ 3 , Thomas ) AND like . theme ( x _ 3 , Noah ) AND like . agent ( x _ 4 , x _ 0 ) AND like . ccomp ( x _ 4, x _ 5 ) AND hope . agent ( x _ 5 , Sophia ) AND hope . ccomp ( x _ 5, x _ 6 ) AND like . agent ( x _ 6 , Thomas ) AND like . theme ( x _ 6 , Noah )	elips_VPE_depth_gen
Jack declared that a dog hoped that Liam hoped that the monster admired a girl and so did a cat .	* monster ( x _ 5 ) ; dog ( x _ 4 ) AND girl ( x _ 6 ) AND cat ( x _ 3 ) AND declare . agent ( x _ 7 , Jack ) AND declare . ccomp ( x _ 7, x _ 8 ) AND hope . agent ( x _ 8 , x _ 4 ) AND hope . ccomp ( x _ 8, x _ 9 ) AND hope . agent ( x _ 9 , Liam ) AND hope . ccomp ( x _ 9, x _ 10 ) AND admire . agent ( x _ 10 , x _ 5 ) AND admire . theme ( x _ 10 , x _ 6 ) AND declare . agent ( x _ 11 , x _ 3 ) AND declare . ccomp ( x _ 11, x _ 12 ) AND hope . agent ( x _ 12 , x _ 4 ) AND hope . ccomp ( x _ 12, x _ 13 ) AND hope . agent ( x _ 13 , Liam ) AND hope . ccomp ( x _ 13, x _ 14 ) AND admire . agent ( x _ 14 , x _ 5 ) AND admire . theme ( x _ 14 , x _ 6 )	elips_VPE_depth_gen
Emma wished that Jack liked that the politician liked the purse and so did Alexander .	* politician ( x _ 2 ) ; * purse ( x _ 3 ) ; wish . agent ( x _ 4 , Emma ) AND wish . ccomp ( x _ 4, x _ 5 ) AND like . agent ( x _ 5 , Jack ) AND like . ccomp ( x _ 5, x _ 6 ) AND like . agent ( x _ 6 , x _ 2 ) AND like . theme ( x _ 6 , x _ 3 ) AND wish . agent ( x _ 7 , Alexander ) AND wish . ccomp ( x _ 7, x _ 8 ) AND like . agent ( x _ 8 , Jack ) AND like . ccomp ( x _ 8, x _ 9 ) AND like . agent ( x _ 9 , x _ 2 ) AND like . theme ( x _ 9 , x _ 3 )	elips_VPE_depth_gen
The student liked that a dog respected that the giraffe found Emma and so did a girl .	* student ( x _ 0 ) ; * giraffe ( x _ 5 ) ; dog ( x _ 4 ) AND girl ( x _ 3 ) AND like . agent ( x _ 6 , x _ 0 ) AND like . ccomp ( x _ 6, x _ 7 ) AND respect . agent ( x _ 7 , x _ 4 ) AND respect . ccomp ( x _ 7, x _ 8 ) AND find . agent ( x _ 8 , x _ 5 ) AND find . theme ( x _ 8 , Emma ) AND like . agent ( x _ 9 , x _ 3 ) AND like . ccomp ( x _ 9, x _ 10 ) AND respect . agent ( x _ 10 , x _ 4 ) AND respect . ccomp ( x _ 10, x _ 11 ) AND find . agent ( x _ 11 , x _ 5 ) AND find . theme ( x _ 11 , Emma )	elips_VPE_depth_gen
Zoey admired that the girl believed that Liam found a cake and so did the dog .	* girl ( x _ 3 ) ; * dog ( x _ 2 ) ; cake ( x _ 4 ) AND admire . agent ( x _ 5 , Zoey ) AND admire . ccomp ( x _ 5, x _ 6 ) AND believe . agent ( x _ 6 , x _ 3 ) AND believe . ccomp ( x _ 6, x _ 7 ) AND find . agent ( x _ 7 , Liam ) AND find . theme ( x _ 7 , x _ 4 ) AND admire . agent ( x _ 8 , x _ 2 ) AND admire . ccomp ( x _ 8, x _ 9 ) AND believe . agent ( x _ 9 , x _ 3 ) AND believe . ccomp ( x _ 9, x _ 10 ) AND find . agent ( x _ 10 , Liam ) AND find . theme ( x _ 10 , x _ 4 )	elips_VPE_depth_gen
Mila meant that Olivia liked that a girl found Mason and so did the boy .	* boy ( x _ 1 ) ; girl ( x _ 2 ) AND mean . agent ( x _ 3 , Mila ) AND mean . ccomp ( x _ 3, x _ 4 ) AND like . agent ( x _ 4 , Olivia ) AND like . ccomp ( x _ 4, x _ 5 ) AND find . agent ( x _ 5 , x _ 2 ) AND find . theme ( x _ 5 , Mason ) AND mean . agent ( x _ 6 , x _ 1 ) AND mean . ccomp ( x _ 6, x _ 7 ) AND like . agent ( x _ 7 , Olivia ) AND like . ccomp ( x _ 7, x _ 8 ) AND find . agent ( x _ 8 , x _ 2 ) AND find . theme ( x _ 8 , Mason )	elips_VPE_depth_gen
Isabella proved that the patient valued that a girl proved that Harper liked the cake and so did a frog .	* patient ( x _ 4 ) ; * cake ( x _ 6 ) ; girl ( x _ 5 ) AND frog ( x _ 3 ) AND prove . agent ( x _ 7 , Isabella ) AND prove . ccomp ( x _ 7, x _ 8 ) AND value . agent ( x _ 8 , x _ 4 ) AND value . ccomp ( x _ 8, x _ 9 ) AND prove . agent ( x _ 9 , x _ 5 ) AND prove . ccomp ( x _ 9, x _ 10 ) AND like . agent ( x _ 10 , Harper ) AND like . theme ( x _ 10 , x _ 6 ) AND prove . agent ( x _ 11 , x _ 3 ) AND prove . ccomp ( x _ 11, x _ 12 ) AND value . agent ( x _ 12 , x _ 4 ) AND value . ccomp ( x _ 12, x _ 13 ) AND prove . agent ( x _ 13 , x _ 5 ) AND prove . ccomp ( x _ 13, x _ 14 ) AND like . agent ( x _ 14 , Harper ) AND like . theme ( x _ 14 , x _ 6 )	elips_VPE_depth_gen
The chicken confessed that the girl said that the boy declared that a cat helped Layla and so did a turkey .	* chicken ( x _ 0 ) ; * girl ( x _ 5 ) ; * boy ( x _ 6 ) ; cat ( x _ 7 ) AND turkey ( x _ 4 ) AND confess . agent ( x _ 8 , x _ 0 ) AND confess . ccomp ( x _ 8, x _ 9 ) AND say . agent ( x _ 9 , x _ 5 ) AND say . ccomp ( x _ 9, x _ 10 ) AND declare . agent ( x _ 10 , x _ 6 ) AND declare . ccomp ( x _ 10, x _ 11 ) AND help . agent ( x _ 11 , x _ 7 ) AND help . theme ( x _ 11 , Layla ) AND confess . agent ( x _ 12 , x _ 4 ) AND confess . ccomp ( x _ 12, x _ 13 ) AND say . agent ( x _ 13 , x _ 5 ) AND say . ccomp ( x _ 13, x _ 14 ) AND declare . agent ( x _ 14 , x _ 6 ) AND declare . ccomp ( x _ 14, x _ 15 ) AND help . agent ( x _ 15 , x _ 7 ) AND help . theme ( x _ 15 , Layla )	elips_VPE_depth_gen
Sebastian liked that James liked that the baby helped the patient and so did a girl .	* baby ( x _ 3 ) ; * patient ( x _ 4 ) ; girl ( x _ 2 ) AND like . agent ( x _ 5 , Sebastian ) AND like . ccomp ( x _ 5, x _ 6 ) AND like . agent ( x _ 6 , James ) AND like . ccomp ( x _ 6, x _ 7 ) AND help . agent ( x _ 7 , x _ 3 ) AND help . theme ( x _ 7 , x _ 4 ) AND like . agent ( x _ 8 , x _ 2 ) AND like . ccomp ( x _ 8, x _ 9 ) AND like . agent ( x _ 9 , James ) AND like . ccomp ( x _ 9, x _ 10 ) AND help . agent ( x _ 10 , x _ 3 ) AND help . theme ( x _ 10 , x _ 4 )	elips_VPE_depth_gen
The producer proved that Emma liked that Abigail appreciated that a baby liked Liam and so did the deer .	* producer ( x _ 0 ) ; * deer ( x _ 2 ) ; baby ( x _ 3 ) AND prove . agent ( x _ 4 , x _ 0 ) AND prove . ccomp ( x _ 4, x _ 5 ) AND like . agent ( x _ 5 , Emma ) AND like . ccomp ( x _ 5, x _ 6 ) AND appreciate . agent ( x _ 6 , Abigail ) AND appreciate . ccomp ( x _ 6, x _ 7 ) AND like . agent ( x _ 7 , x _ 3 ) AND like . theme ( x _ 7 , Liam ) AND prove . agent ( x _ 8 , x _ 2 ) AND prove . ccomp ( x _ 8, x _ 9 ) AND like . agent ( x _ 9 , Emma ) AND like . ccomp ( x _ 9, x _ 10 ) AND appreciate . agent ( x _ 10 , Abigail ) AND appreciate . ccomp ( x _ 10, x _ 11 ) AND like . agent ( x _ 11 , x _ 3 ) AND like . theme ( x _ 11 , Liam )	elips_VPE_depth_gen
Amelia liked that a friend liked that Liam missed a cookie and so did Olivia .	friend ( x _ 2 ) AND cookie ( x _ 3 ) AND like . agent ( x _ 4 , Amelia ) AND like . ccomp ( x _ 4, x _ 5 ) AND like . agent ( x _ 5 , x _ 2 ) AND like . ccomp ( x _ 5, x _ 6 ) AND miss . agent ( x _ 6 , Liam ) AND miss . theme ( x _ 6 , x _ 3 ) AND like . agent ( x _ 7 , Olivia ) AND like . ccomp ( x _ 7, x _ 8 ) AND like . agent ( x _ 8 , x _ 2 ) AND like . ccomp ( x _ 8, x _ 9 ) AND miss . agent ( x _ 9 , Liam ) AND miss . theme ( x _ 9 , x _ 3 )	elips_VPE_depth_gen
A baby imagined that the frog liked that a girl liked the cake and so did Emma .	* frog ( x _ 4 ) ; * cake ( x _ 6 ) ; baby ( x _ 0 ) AND girl ( x _ 5 ) AND imagine . agent ( x _ 7 , x _ 0 ) AND imagine . ccomp ( x _ 7, x _ 8 ) AND like . agent ( x _ 8 , x _ 4 ) AND like . ccomp ( x _ 8, x _ 9 ) AND like . agent ( x _ 9 , x _ 5 ) AND like . theme ( x _ 9 , x _ 6 ) AND imagine . agent ( x _ 10 , Emma ) AND imagine . ccomp ( x _ 10, x _ 11 ) AND like . agent ( x _ 11 , x _ 4 ) AND like . ccomp ( x _ 11, x _ 12 ) AND like . agent ( x _ 12 , x _ 5 ) AND like . theme ( x _ 12 , x _ 6 )	elips_VPE_depth_gen
William hoped that the girl said that Noah liked a donut and so did the manager .	* girl ( x _ 3 ) ; * manager ( x _ 2 ) ; donut ( x _ 4 ) AND hope . agent ( x _ 5 , William ) AND hope . ccomp ( x _ 5, x _ 6 ) AND say . agent ( x _ 6 , x _ 3 ) AND say . ccomp ( x _ 6, x _ 7 ) AND like . agent ( x _ 7 , Noah ) AND like . theme ( x _ 7 , x _ 4 ) AND hope . agent ( x _ 8 , x _ 2 ) AND hope . ccomp ( x _ 8, x _ 9 ) AND say . agent ( x _ 9 , x _ 3 ) AND say . ccomp ( x _ 9, x _ 10 ) AND like . agent ( x _ 10 , Noah ) AND like . theme ( x _ 10 , x _ 4 )	elips_VPE_depth_gen
Jayden said that the child liked that Christopher liked Mia and so did a frog .	* child ( x _ 2 ) ; frog ( x _ 1 ) AND say . agent ( x _ 3 , Jayden ) AND say . ccomp ( x _ 3, x _ 4 ) AND like . agent ( x _ 4 , x _ 2 ) AND like . ccomp ( x _ 4, x _ 5 ) AND like . agent ( x _ 5 , Christopher ) AND like . theme ( x _ 5 , Mia ) AND say . agent ( x _ 6 , x _ 1 ) AND say . ccomp ( x _ 6, x _ 7 ) AND like . agent ( x _ 7 , x _ 2 ) AND like . ccomp ( x _ 7, x _ 8 ) AND like . agent ( x _ 8 , Christopher ) AND like . theme ( x _ 8 , Mia )	elips_VPE_depth_gen
The frog liked that the cat hoped that Emma respected a cake and so did Michael .	* frog ( x _ 0 ) ; * cat ( x _ 3 ) ; cake ( x _ 4 ) AND like . agent ( x _ 5 , x _ 0 ) AND like . ccomp ( x _ 5, x _ 6 ) AND hope . agent ( x _ 6 , x _ 3 ) AND hope . ccomp ( x _ 6, x _ 7 ) AND respect . agent ( x _ 7 , Emma ) AND respect . theme ( x _ 7 , x _ 4 ) AND like . agent ( x _ 8 , Michael ) AND like . ccomp ( x _ 8, x _ 9 ) AND hope . agent ( x _ 9 , x _ 3 ) AND hope . ccomp ( x _ 9, x _ 10 ) AND respect . agent ( x _ 10 , Emma ) AND respect . theme ( x _ 10 , x _ 4 )	elips_VPE_depth_gen
A girl liked that Ethan hoped that Emma liked the rose and so did a cat .	* rose ( x _ 3 ) ; girl ( x _ 0 ) AND cat ( x _ 2 ) AND like . agent ( x _ 4 , x _ 0 ) AND like . ccomp ( x _ 4, x _ 5 ) AND hope . agent ( x _ 5 , Ethan ) AND hope . ccomp ( x _ 5, x _ 6 ) AND like . agent ( x _ 6 , Emma ) AND like . theme ( x _ 6 , x _ 3 ) AND like . agent ( x _ 7 , x _ 2 ) AND like . ccomp ( x _ 7, x _ 8 ) AND hope . agent ( x _ 8 , Ethan ) AND hope . ccomp ( x _ 8, x _ 9 ) AND like . agent ( x _ 9 , Emma ) AND like . theme ( x _ 9 , x _ 3 )	elips_VPE_depth_gen
A scientist liked that the hen liked that Emma proved that the monkey liked a cake and so did a baby .	* hen ( x _ 5 ) ; * monkey ( x _ 6 ) ; scientist ( x _ 0 ) AND cake ( x _ 7 ) AND baby ( x _ 4 ) AND like . agent ( x _ 8 , x _ 0 ) AND like . ccomp ( x _ 8, x _ 9 ) AND like . agent ( x _ 9 , x _ 5 ) AND like . ccomp ( x _ 9, x _ 10 ) AND prove . agent ( x _ 10 , Emma ) AND prove . ccomp ( x _ 10, x _ 11 ) AND like . agent ( x _ 11 , x _ 6 ) AND like . theme ( x _ 11 , x _ 7 ) AND like . agent ( x _ 12 , x _ 4 ) AND like . ccomp ( x _ 12, x _ 13 ) AND like . agent ( x _ 13 , x _ 5 ) AND like . ccomp ( x _ 13, x _ 14 ) AND prove . agent ( x _ 14 , Emma ) AND prove . ccomp ( x _ 14, x _ 15 ) AND like . agent ( x _ 15 , x _ 6 ) AND like . theme ( x _ 15 , x _ 7 )	elips_VPE_depth_gen
Harper liked that a guest liked that Emma confessed that Elijah meant that Aiden helped a nail and so did the cat .	* cat ( x _ 2 ) ; guest ( x _ 3 ) AND nail ( x _ 4 ) AND like . agent ( x _ 5 , Harper ) AND like . ccomp ( x _ 5, x _ 6 ) AND like . agent ( x _ 6 , x _ 3 ) AND like . ccomp ( x _ 6, x _ 7 ) AND confess . agent ( x _ 7 , Emma ) AND confess . ccomp ( x _ 7, x _ 8 ) AND mean . agent ( x _ 8 , Elijah ) AND mean . ccomp ( x _ 8, x _ 9 ) AND help . agent ( x _ 9 , Aiden ) AND help . theme ( x _ 9 , x _ 4 ) AND like . agent ( x _ 10 , x _ 2 ) AND like . ccomp ( x _ 10, x _ 11 ) AND like . agent ( x _ 11 , x _ 3 ) AND like . ccomp ( x _ 11, x _ 12 ) AND confess . agent ( x _ 12 , Emma ) AND confess . ccomp ( x _ 12, x _ 13 ) AND mean . agent ( x _ 13 , Elijah ) AND mean . ccomp ( x _ 13, x _ 14 ) AND help . agent ( x _ 14 , Aiden ) AND help . theme ( x _ 14 , x _ 4 )	elips_VPE_depth_gen
Emma hoped that a mouse tolerated that a giraffe found a donut and so did a cat .	mouse ( x _ 4 ) AND giraffe ( x _ 5 ) AND donut ( x _ 6 ) AND cat ( x _ 3 ) AND hope . agent ( x _ 7 , Emma ) AND hope . ccomp ( x _ 7, x _ 8 ) AND tolerate . agent ( x _ 8 , x _ 4 ) AND tolerate . ccomp ( x _ 8, x _ 9 ) AND find . agent ( x _ 9 , x _ 5 ) AND find . theme ( x _ 9 , x _ 6 ) AND hope . agent ( x _ 10 , x _ 3 ) AND hope . ccomp ( x _ 10, x _ 11 ) AND tolerate . agent ( x _ 11 , x _ 4 ) AND tolerate . ccomp ( x _ 11, x _ 12 ) AND find . agent ( x _ 12 , x _ 5 ) AND find . theme ( x _ 12 , x _ 6 )	elips_VPE_depth_gen
The girl said that the cat liked that a moose helped a shoe and so did Leah .	* girl ( x _ 0 ) ; * cat ( x _ 4 ) ; moose ( x _ 5 ) AND shoe ( x _ 6 ) AND say . agent ( x _ 7 , x _ 0 ) AND say . ccomp ( x _ 7, x _ 8 ) AND like . agent ( x _ 8 , x _ 4 ) AND like . ccomp ( x _ 8, x _ 9 ) AND help . agent ( x _ 9 , x _ 5 ) AND help . theme ( x _ 9 , x _ 6 ) AND say . agent ( x _ 10 , Leah ) AND say . ccomp ( x _ 10, x _ 11 ) AND like . agent ( x _ 11 , x _ 4 ) AND like . ccomp ( x _ 11, x _ 12 ) AND help . agent ( x _ 12 , x _ 5 ) AND help . theme ( x _ 12 , x _ 6 )	elips_VPE_depth_gen
Emma said that Liam liked that Ethan believed that a duke helped the raisin and so did Alexander .	* raisin ( x _ 3 ) ; duke ( x _ 2 ) AND say . agent ( x _ 4 , Emma ) AND say . ccomp ( x _ 4, x _ 5 ) AND like . agent ( x _ 5 , Liam ) AND like . ccomp ( x _ 5, x _ 6 ) AND believe . agent ( x _ 6 , Ethan ) AND believe . ccomp ( x _ 6, x _ 7 ) AND help . agent ( x _ 7 , x _ 2 ) AND help . theme ( x _ 7 , x _ 3 ) AND say . agent ( x _ 8 , Alexander ) AND say . ccomp ( x _ 8, x _ 9 ) AND like . agent ( x _ 9 , Liam ) AND like . ccomp ( x _ 9, x _ 10 ) AND believe . agent ( x _ 10 , Ethan ) AND believe . ccomp ( x _ 10, x _ 11 ) AND help . agent ( x _ 11 , x _ 2 ) AND help . theme ( x _ 11 , x _ 3 )	elips_VPE_depth_gen
Noah admired that Emma said that the boy helped the box and so did Henry .	* boy ( x _ 2 ) ; * box ( x _ 3 ) ; admire . agent ( x _ 4 , Noah ) AND admire . ccomp ( x _ 4, x _ 5 ) AND say . agent ( x _ 5 , Emma ) AND say . ccomp ( x _ 5, x _ 6 ) AND help . agent ( x _ 6 , x _ 2 ) AND help . theme ( x _ 6 , x _ 3 ) AND admire . agent ( x _ 7 , Henry ) AND admire . ccomp ( x _ 7, x _ 8 ) AND say . agent ( x _ 8 , Emma ) AND say . ccomp ( x _ 8, x _ 9 ) AND help . agent ( x _ 9 , x _ 2 ) AND help . theme ( x _ 9 , x _ 3 )	elips_VPE_depth_gen
The girl appreciated that the boy supported that Emma adored the professor and so did Sophia .	* girl ( x _ 0 ) ; * boy ( x _ 3 ) ; * professor ( x _ 4 ) ; appreciate . agent ( x _ 5 , x _ 0 ) AND appreciate . ccomp ( x _ 5, x _ 6 ) AND support . agent ( x _ 6 , x _ 3 ) AND support . ccomp ( x _ 6, x _ 7 ) AND adore . agent ( x _ 7 , Emma ) AND adore . theme ( x _ 7 , x _ 4 ) AND appreciate . agent ( x _ 8 , Sophia ) AND appreciate . ccomp ( x _ 8, x _ 9 ) AND support . agent ( x _ 9 , x _ 3 ) AND support . ccomp ( x _ 9, x _ 10 ) AND adore . agent ( x _ 10 , Emma ) AND adore . theme ( x _ 10 , x _ 4 )	elips_VPE_depth_gen
William liked that the kid hoped that Emma helped the balloon and so did Sebastian .	* kid ( x _ 2 ) ; * balloon ( x _ 3 ) ; like . agent ( x _ 4 , William ) AND like . ccomp ( x _ 4, x _ 5 ) AND hope . agent ( x _ 5 , x _ 2 ) AND hope . ccomp ( x _ 5, x _ 6 ) AND help . agent ( x _ 6 , Emma ) AND help . theme ( x _ 6 , x _ 3 ) AND like . agent ( x _ 7 , Sebastian ) AND like . ccomp ( x _ 7, x _ 8 ) AND hope . agent ( x _ 8 , x _ 2 ) AND hope . ccomp ( x _ 8, x _ 9 ) AND help . agent ( x _ 9 , Emma ) AND help . theme ( x _ 9 , x _ 3 )	elips_VPE_depth_gen
The moose proved that a guest liked that Liam missed a girl and so did the dog .	* moose ( x _ 0 ) ; * dog ( x _ 3 ) ; guest ( x _ 4 ) AND girl ( x _ 5 ) AND prove . agent ( x _ 6 , x _ 0 ) AND prove . ccomp ( x _ 6, x _ 7 ) AND like . agent ( x _ 7 , x _ 4 ) AND like . ccomp ( x _ 7, x _ 8 ) AND miss . agent ( x _ 8 , Liam ) AND miss . theme ( x _ 8 , x _ 5 ) AND prove . agent ( x _ 9 , x _ 3 ) AND prove . ccomp ( x _ 9, x _ 10 ) AND like . agent ( x _ 10 , x _ 4 ) AND like . ccomp ( x _ 10, x _ 11 ) AND miss . agent ( x _ 11 , Liam ) AND miss . theme ( x _ 11 , x _ 5 )	elips_VPE_depth_gen
Liam liked that a boy declared that William liked that a zebra found the cookie and so did Olivia .	* cookie ( x _ 5 ) ; boy ( x _ 3 ) AND zebra ( x _ 4 ) AND like . agent ( x _ 6 , Liam ) AND like . ccomp ( x _ 6, x _ 7 ) AND declare . agent ( x _ 7 , x _ 3 ) AND declare . ccomp ( x _ 7, x _ 8 ) AND like . agent ( x _ 8 , William ) AND like . ccomp ( x _ 8, x _ 9 ) AND find . agent ( x _ 9 , x _ 4 ) AND find . theme ( x _ 9 , x _ 5 ) AND like . agent ( x _ 10 , Olivia ) AND like . ccomp ( x _ 10, x _ 11 ) AND declare . agent ( x _ 11 , x _ 3 ) AND declare . ccomp ( x _ 11, x _ 12 ) AND like . agent ( x _ 12 , William ) AND like . ccomp ( x _ 12, x _ 13 ) AND find . agent ( x _ 13 , x _ 4 ) AND find . theme ( x _ 13 , x _ 5 )	elips_VPE_depth_gen
Liam liked that a farmer said that a cat poked the boy and so did Aria .	* boy ( x _ 5 ) ; farmer ( x _ 3 ) AND cat ( x _ 4 ) AND like . agent ( x _ 6 , Liam ) AND like . ccomp ( x _ 6, x _ 7 ) AND say . agent ( x _ 7 , x _ 3 ) AND say . ccomp ( x _ 7, x _ 8 ) AND poke . agent ( x _ 8 , x _ 4 ) AND poke . theme ( x _ 8 , x _ 5 ) AND like . agent ( x _ 9 , Aria ) AND like . ccomp ( x _ 9, x _ 10 ) AND say . agent ( x _ 10 , x _ 3 ) AND say . ccomp ( x _ 10, x _ 11 ) AND poke . agent ( x _ 11 , x _ 4 ) AND poke . theme ( x _ 11 , x _ 5 )	elips_VPE_depth_gen
The passenger supported that a baby liked that Amelia believed that the child liked Noah and so did a girl .	* passenger ( x _ 0 ) ; * child ( x _ 5 ) ; baby ( x _ 4 ) AND girl ( x _ 3 ) AND support . agent ( x _ 6 , x _ 0 ) AND support . ccomp ( x _ 6, x _ 7 ) AND like . agent ( x _ 7 , x _ 4 ) AND like . ccomp ( x _ 7, x _ 8 ) AND believe . agent ( x _ 8 , Amelia ) AND believe . ccomp ( x _ 8, x _ 9 ) AND like . agent ( x _ 9 , x _ 5 ) AND like . theme ( x _ 9 , Noah ) AND support . agent ( x _ 10 , x _ 3 ) AND support . ccomp ( x _ 10, x _ 11 ) AND like . agent ( x _ 11 , x _ 4 ) AND like . ccomp ( x _ 11, x _ 12 ) AND believe . agent ( x _ 12 , Amelia ) AND believe . ccomp ( x _ 12, x _ 13 ) AND like . agent ( x _ 13 , x _ 5 ) AND like . theme ( x _ 13 , Noah )	elips_VPE_depth_gen
Liam said that Mason said that a boy liked the girl and so did Lucas .	* girl ( x _ 3 ) ; boy ( x _ 2 ) AND say . agent ( x _ 4 , Liam ) AND say . ccomp ( x _ 4, x _ 5 ) AND say . agent ( x _ 5 , Mason ) AND say . ccomp ( x _ 5, x _ 6 ) AND like . agent ( x _ 6 , x _ 2 ) AND like . theme ( x _ 6 , x _ 3 ) AND say . agent ( x _ 7 , Lucas ) AND say . ccomp ( x _ 7, x _ 8 ) AND say . agent ( x _ 8 , Mason ) AND say . ccomp ( x _ 8, x _ 9 ) AND like . agent ( x _ 9 , x _ 2 ) AND like . theme ( x _ 9 , x _ 3 )	elips_VPE_depth_gen
A girl liked that Emma noticed that the boy appreciated Nathan and so did a horse .	* boy ( x _ 3 ) ; girl ( x _ 0 ) AND horse ( x _ 2 ) AND like . agent ( x _ 4 , x _ 0 ) AND like . ccomp ( x _ 4, x _ 5 ) AND notice . agent ( x _ 5 , Emma ) AND notice . ccomp ( x _ 5, x _ 6 ) AND appreciate . agent ( x _ 6 , x _ 3 ) AND appreciate . theme ( x _ 6 , Nathan ) AND like . agent ( x _ 7 , x _ 2 ) AND like . ccomp ( x _ 7, x _ 8 ) AND notice . agent ( x _ 8 , Emma ) AND notice . ccomp ( x _ 8, x _ 9 ) AND appreciate . agent ( x _ 9 , x _ 3 ) AND appreciate . theme ( x _ 9 , Nathan )	elips_VPE_depth_gen
Emma hoped that Michael liked that John liked that Ava liked the horse and so did Asher .	* horse ( x _ 1 ) ; hope . agent ( x _ 2 , Emma ) AND hope . ccomp ( x _ 2, x _ 3 ) AND like . agent ( x _ 3 , Michael ) AND like . ccomp ( x _ 3, x _ 4 ) AND like . agent ( x _ 4 , John ) AND like . ccomp ( x _ 4, x _ 5 ) AND like . agent ( x _ 5 , Ava ) AND like . theme ( x _ 5 , x _ 1 ) AND hope . agent ( x _ 6 , Asher ) AND hope . ccomp ( x _ 6, x _ 7 ) AND like . agent ( x _ 7 , Michael ) AND like . ccomp ( x _ 7, x _ 8 ) AND like . agent ( x _ 8 , John ) AND like . ccomp ( x _ 8, x _ 9 ) AND like . agent ( x _ 9 , Ava ) AND like . theme ( x _ 9 , x _ 1 )	elips_VPE_depth_gen
The professor hoped that Noah confessed that Ava liked that the baby poked a teacher and so did Isabella .	* professor ( x _ 0 ) ; * baby ( x _ 3 ) ; teacher ( x _ 4 ) AND hope . agent ( x _ 5 , x _ 0 ) AND hope . ccomp ( x _ 5, x _ 6 ) AND confess . agent ( x _ 6 , Noah ) AND confess . ccomp ( x _ 6, x _ 7 ) AND like . agent ( x _ 7 , Ava ) AND like . ccomp ( x _ 7, x _ 8 ) AND poke . agent ( x _ 8 , x _ 3 ) AND poke . theme ( x _ 8 , x _ 4 ) AND hope . agent ( x _ 9 , Isabella ) AND hope . ccomp ( x _ 9, x _ 10 ) AND confess . agent ( x _ 10 , Noah ) AND confess . ccomp ( x _ 10, x _ 11 ) AND like . agent ( x _ 11 , Ava ) AND like . ccomp ( x _ 11, x _ 12 ) AND poke . agent ( x _ 12 , x _ 3 ) AND poke . theme ( x _ 12 , x _ 4 )	elips_VPE_depth_gen
Emma thought that Olivia dreamed that the teacher liked the cake and so did a girl .	* teacher ( x _ 3 ) ; * cake ( x _ 4 ) ; girl ( x _ 2 ) AND think . agent ( x _ 5 , Emma ) AND think . ccomp ( x _ 5, x _ 6 ) AND dream . agent ( x _ 6 , Olivia ) AND dream . ccomp ( x _ 6, x _ 7 ) AND like . agent ( x _ 7 , x _ 3 ) AND like . theme ( x _ 7 , x _ 4 ) AND think . agent ( x _ 8 , x _ 2 ) AND think . ccomp ( x _ 8, x _ 9 ) AND dream . agent ( x _ 9 , Olivia ) AND dream . ccomp ( x _ 9, x _ 10 ) AND like . agent ( x _ 10 , x _ 3 ) AND like . theme ( x _ 10 , x _ 4 )	elips_VPE_depth_gen
Olivia hoped that a boy liked that Emma helped the cat and so did the bunny .	* cat ( x _ 4 ) ; * bunny ( x _ 2 ) ; boy ( x _ 3 ) AND hope . agent ( x _ 5 , Olivia ) AND hope . ccomp ( x _ 5, x _ 6 ) AND like . agent ( x _ 6 , x _ 3 ) AND like . ccomp ( x _ 6, x _ 7 ) AND help . agent ( x _ 7 , Emma ) AND help . theme ( x _ 7 , x _ 4 ) AND hope . agent ( x _ 8 , x _ 2 ) AND hope . ccomp ( x _ 8, x _ 9 ) AND like . agent ( x _ 9 , x _ 3 ) AND like . ccomp ( x _ 9, x _ 10 ) AND help . agent ( x _ 10 , Emma ) AND help . theme ( x _ 10 , x _ 4 )	elips_VPE_depth_gen
The pupil liked that a dog tolerated that a boy found Emily and so did Daniel .	* pupil ( x _ 0 ) ; dog ( x _ 3 ) AND boy ( x _ 4 ) AND like . agent ( x _ 5 , x _ 0 ) AND like . ccomp ( x _ 5, x _ 6 ) AND tolerate . agent ( x _ 6 , x _ 3 ) AND tolerate . ccomp ( x _ 6, x _ 7 ) AND find . agent ( x _ 7 , x _ 4 ) AND find . theme ( x _ 7 , Emily ) AND like . agent ( x _ 8 , Daniel ) AND like . ccomp ( x _ 8, x _ 9 ) AND tolerate . agent ( x _ 9 , x _ 3 ) AND tolerate . ccomp ( x _ 9, x _ 10 ) AND find . agent ( x _ 10 , x _ 4 ) AND find . theme ( x _ 10 , Emily )	elips_VPE_depth_gen
The boy believed that Mia wished that the girl loved the clock and so did Audrey .	* boy ( x _ 0 ) ; * girl ( x _ 3 ) ; * clock ( x _ 4 ) ; believe . agent ( x _ 5 , x _ 0 ) AND believe . ccomp ( x _ 5, x _ 6 ) AND wish . agent ( x _ 6 , Mia ) AND wish . ccomp ( x _ 6, x _ 7 ) AND love . agent ( x _ 7 , x _ 3 ) AND love . theme ( x _ 7 , x _ 4 ) AND believe . agent ( x _ 8 , Audrey ) AND believe . ccomp ( x _ 8, x _ 9 ) AND wish . agent ( x _ 9 , Mia ) AND wish . ccomp ( x _ 9, x _ 10 ) AND love . agent ( x _ 10 , x _ 3 ) AND love . theme ( x _ 10 , x _ 4 )	elips_VPE_depth_gen
Ava noticed that the chicken liked that Liam said that the buyer respected a baby and so did Eleanor .	* chicken ( x _ 3 ) ; * buyer ( x _ 4 ) ; baby ( x _ 5 ) AND notice . agent ( x _ 6 , Ava ) AND notice . ccomp ( x _ 6, x _ 7 ) AND like . agent ( x _ 7 , x _ 3 ) AND like . ccomp ( x _ 7, x _ 8 ) AND say . agent ( x _ 8 , Liam ) AND say . ccomp ( x _ 8, x _ 9 ) AND respect . agent ( x _ 9 , x _ 4 ) AND respect . theme ( x _ 9 , x _ 5 ) AND notice . agent ( x _ 10 , Eleanor ) AND notice . ccomp ( x _ 10, x _ 11 ) AND like . agent ( x _ 11 , x _ 3 ) AND like . ccomp ( x _ 11, x _ 12 ) AND say . agent ( x _ 12 , Liam ) AND say . ccomp ( x _ 12, x _ 13 ) AND respect . agent ( x _ 13 , x _ 4 ) AND respect . theme ( x _ 13 , x _ 5 )	elips_VPE_depth_gen
Lillian believed that a spokesman admired that the lawyer found a muffin and so did the boy .	* lawyer ( x _ 5 ) ; * boy ( x _ 3 ) ; spokesman ( x _ 4 ) AND muffin ( x _ 6 ) AND believe . agent ( x _ 7 , Lillian ) AND believe . ccomp ( x _ 7, x _ 8 ) AND admire . agent ( x _ 8 , x _ 4 ) AND admire . ccomp ( x _ 8, x _ 9 ) AND find . agent ( x _ 9 , x _ 5 ) AND find . theme ( x _ 9 , x _ 6 ) AND believe . agent ( x _ 10 , x _ 3 ) AND believe . ccomp ( x _ 10, x _ 11 ) AND admire . agent ( x _ 11 , x _ 4 ) AND admire . ccomp ( x _ 11, x _ 12 ) AND find . agent ( x _ 12 , x _ 5 ) AND find . theme ( x _ 12 , x _ 6 )	elips_VPE_depth_gen
Daniel liked that the teacher said that the frog liked a cake and so did the duck .	* teacher ( x _ 4 ) ; * frog ( x _ 5 ) ; * duck ( x _ 3 ) ; cake ( x _ 6 ) AND like . agent ( x _ 7 , Daniel ) AND like . ccomp ( x _ 7, x _ 8 ) AND say . agent ( x _ 8 , x _ 4 ) AND say . ccomp ( x _ 8, x _ 9 ) AND like . agent ( x _ 9 , x _ 5 ) AND like . theme ( x _ 9 , x _ 6 ) AND like . agent ( x _ 10 , x _ 3 ) AND like . ccomp ( x _ 10, x _ 11 ) AND say . agent ( x _ 11 , x _ 4 ) AND say . ccomp ( x _ 11, x _ 12 ) AND like . agent ( x _ 12 , x _ 5 ) AND like . theme ( x _ 12 , x _ 6 )	elips_VPE_depth_gen
A girl liked that Addison liked that a boy adored the cake and so did Emma .	* cake ( x _ 4 ) ; girl ( x _ 0 ) AND boy ( x _ 3 ) AND like . agent ( x _ 5 , x _ 0 ) AND like . ccomp ( x _ 5, x _ 6 ) AND like . agent ( x _ 6 , Addison ) AND like . ccomp ( x _ 6, x _ 7 ) AND adore . agent ( x _ 7 , x _ 3 ) AND adore . theme ( x _ 7 , x _ 4 ) AND like . agent ( x _ 8 , Emma ) AND like . ccomp ( x _ 8, x _ 9 ) AND like . agent ( x _ 9 , Addison ) AND like . ccomp ( x _ 9, x _ 10 ) AND adore . agent ( x _ 10 , x _ 3 ) AND adore . theme ( x _ 10 , x _ 4 )	elips_VPE_depth_gen
A boy hoped that a monkey said that the dog said that Ava declared that a giraffe adored the potato and so did Logan .	* dog ( x _ 6 ) ; * potato ( x _ 8 ) ; boy ( x _ 0 ) AND monkey ( x _ 5 ) AND giraffe ( x _ 7 ) AND hope . agent ( x _ 9 , x _ 0 ) AND hope . ccomp ( x _ 9, x _ 10 ) AND say . agent ( x _ 10 , x _ 5 ) AND say . ccomp ( x _ 10, x _ 11 ) AND say . agent ( x _ 11 , x _ 6 ) AND say . ccomp ( x _ 11, x _ 12 ) AND declare . agent ( x _ 12 , Ava ) AND declare . ccomp ( x _ 12, x _ 13 ) AND adore . agent ( x _ 13 , x _ 7 ) AND adore . theme ( x _ 13 , x _ 8 ) AND hope . agent ( x _ 14 , Logan ) AND hope . ccomp ( x _ 14, x _ 15 ) AND say . agent ( x _ 15 , x _ 5 ) AND say . ccomp ( x _ 15, x _ 16 ) AND say . agent ( x _ 16 , x _ 6 ) AND say . ccomp ( x _ 16, x _ 17 ) AND declare . agent ( x _ 17 , Ava ) AND declare . ccomp ( x _ 17, x _ 18 ) AND adore . agent ( x _ 18 , x _ 7 ) AND adore . theme ( x _ 18 , x _ 8 )	elips_VPE_depth_gen
The girl believed that Mia hoped that Owen helped Natalie and so did the dog .	* girl ( x _ 0 ) ; * dog ( x _ 1 ) ; believe . agent ( x _ 2 , x _ 0 ) AND believe . ccomp ( x _ 2, x _ 3 ) AND hope . agent ( x _ 3 , Mia ) AND hope . ccomp ( x _ 3, x _ 4 ) AND help . agent ( x _ 4 , Owen ) AND help . theme ( x _ 4 , Natalie ) AND believe . agent ( x _ 5 , x _ 1 ) AND believe . ccomp ( x _ 5, x _ 6 ) AND hope . agent ( x _ 6 , Mia ) AND hope . ccomp ( x _ 6, x _ 7 ) AND help . agent ( x _ 7 , Owen ) AND help . theme ( x _ 7 , Natalie )	elips_VPE_depth_gen
A boy liked that Sophia liked that Riley liked Liam and so did Mila .	boy ( x _ 0 ) AND like . agent ( x _ 1 , x _ 0 ) AND like . ccomp ( x _ 1, x _ 2 ) AND like . agent ( x _ 2 , Sophia ) AND like . ccomp ( x _ 2, x _ 3 ) AND like . agent ( x _ 3 , Riley ) AND like . theme ( x _ 3 , Liam ) AND like . agent ( x _ 4 , Mila ) AND like . ccomp ( x _ 4, x _ 5 ) AND like . agent ( x _ 5 , Sophia ) AND like . ccomp ( x _ 5, x _ 6 ) AND like . agent ( x _ 6 , Riley ) AND like . theme ( x _ 6 , Liam )	elips_VPE_depth_gen
The mouse liked that Liam liked that William helped Emma and so did Olivia .	* mouse ( x _ 0 ) ; like . agent ( x _ 1 , x _ 0 ) AND like . ccomp ( x _ 1, x _ 2 ) AND like . agent ( x _ 2 , Liam ) AND like . ccomp ( x _ 2, x _ 3 ) AND help . agent ( x _ 3 , William ) AND help . theme ( x _ 3 , Emma ) AND like . agent ( x _ 4 , Olivia ) AND like . ccomp ( x _ 4, x _ 5 ) AND like . agent ( x _ 5 , Liam ) AND like . ccomp ( x _ 5, x _ 6 ) AND help . agent ( x _ 6 , William ) AND help . theme ( x _ 6 , Emma )	elips_VPE_depth_gen
Emma admired that the girl declared that a giraffe hoped that the dog liked a cake and so did Liam .	* girl ( x _ 4 ) ; * dog ( x _ 6 ) ; giraffe ( x _ 5 ) AND cake ( x _ 7 ) AND admire . agent ( x _ 8 , Emma ) AND admire . ccomp ( x _ 8, x _ 9 ) AND declare . agent ( x _ 9 , x _ 4 ) AND declare . ccomp ( x _ 9, x _ 10 ) AND hope . agent ( x _ 10 , x _ 5 ) AND hope . ccomp ( x _ 10, x _ 11 ) AND like . agent ( x _ 11 , x _ 6 ) AND like . theme ( x _ 11 , x _ 7 ) AND admire . agent ( x _ 12 , Liam ) AND admire . ccomp ( x _ 12, x _ 13 ) AND declare . agent ( x _ 13 , x _ 4 ) AND declare . ccomp ( x _ 13, x _ 14 ) AND hope . agent ( x _ 14 , x _ 5 ) AND hope . ccomp ( x _ 14, x _ 15 ) AND like . agent ( x _ 15 , x _ 6 ) AND like . theme ( x _ 15 , x _ 7 )	elips_VPE_depth_gen
Olivia meant that a hen appreciated that the chicken helped the raisin and so did the teacher .	* chicken ( x _ 5 ) ; * raisin ( x _ 6 ) ; * teacher ( x _ 3 ) ; hen ( x _ 4 ) AND mean . agent ( x _ 7 , Olivia ) AND mean . ccomp ( x _ 7, x _ 8 ) AND appreciate . agent ( x _ 8 , x _ 4 ) AND appreciate . ccomp ( x _ 8, x _ 9 ) AND help . agent ( x _ 9 , x _ 5 ) AND help . theme ( x _ 9 , x _ 6 ) AND mean . agent ( x _ 10 , x _ 3 ) AND mean . ccomp ( x _ 10, x _ 11 ) AND appreciate . agent ( x _ 11 , x _ 4 ) AND appreciate . ccomp ( x _ 11, x _ 12 ) AND help . agent ( x _ 12 , x _ 5 ) AND help . theme ( x _ 12 , x _ 6 )	elips_VPE_depth_gen
A cow appreciated that Emma hoped that Nora poked a cake and so did Liam .	cow ( x _ 0 ) AND cake ( x _ 2 ) AND appreciate . agent ( x _ 3 , x _ 0 ) AND appreciate . ccomp ( x _ 3, x _ 4 ) AND hope . agent ( x _ 4 , Emma ) AND hope . ccomp ( x _ 4, x _ 5 ) AND poke . agent ( x _ 5 , Nora ) AND poke . theme ( x _ 5 , x _ 2 ) AND appreciate . agent ( x _ 6 , Liam ) AND appreciate . ccomp ( x _ 6, x _ 7 ) AND hope . agent ( x _ 7 , Emma ) AND hope . ccomp ( x _ 7, x _ 8 ) AND poke . agent ( x _ 8 , Nora ) AND poke . theme ( x _ 8 , x _ 2 )	elips_VPE_depth_gen
The wolf liked that James liked that a girl adored a boy and so did Emma .	* wolf ( x _ 0 ) ; girl ( x _ 3 ) AND boy ( x _ 4 ) AND like . agent ( x _ 5 , x _ 0 ) AND like . ccomp ( x _ 5, x _ 6 ) AND like . agent ( x _ 6 , James ) AND like . ccomp ( x _ 6, x _ 7 ) AND adore . agent ( x _ 7 , x _ 3 ) AND adore . theme ( x _ 7 , x _ 4 ) AND like . agent ( x _ 8 , Emma ) AND like . ccomp ( x _ 8, x _ 9 ) AND like . agent ( x _ 9 , James ) AND like . ccomp ( x _ 9, x _ 10 ) AND adore . agent ( x _ 10 , x _ 3 ) AND adore . theme ( x _ 10 , x _ 4 )	elips_VPE_depth_gen
Emma declared that the fish proved that a cat confessed that Addison said that a priest missed a cookie and so did a girl .	* fish ( x _ 5 ) ; cat ( x _ 6 ) AND priest ( x _ 7 ) AND cookie ( x _ 8 ) AND girl ( x _ 4 ) AND declare . agent ( x _ 9 , Emma ) AND declare . ccomp ( x _ 9, x _ 10 ) AND prove . agent ( x _ 10 , x _ 5 ) AND prove . ccomp ( x _ 10, x _ 11 ) AND confess . agent ( x _ 11 , x _ 6 ) AND confess . ccomp ( x _ 11, x _ 12 ) AND say . agent ( x _ 12 , Addison ) AND say . ccomp ( x _ 12, x _ 13 ) AND miss . agent ( x _ 13 , x _ 7 ) AND miss . theme ( x _ 13 , x _ 8 ) AND declare . agent ( x _ 14 , x _ 4 ) AND declare . ccomp ( x _ 14, x _ 15 ) AND prove . agent ( x _ 15 , x _ 5 ) AND prove . ccomp ( x _ 15, x _ 16 ) AND confess . agent ( x _ 16 , x _ 6 ) AND confess . ccomp ( x _ 16, x _ 17 ) AND say . agent ( x _ 17 , Addison ) AND say . ccomp ( x _ 17, x _ 18 ) AND miss . agent ( x _ 18 , x _ 7 ) AND miss . theme ( x _ 18 , x _ 8 )	elips_VPE_depth_gen
Emma hoped that Noah thought that Christopher liked a mirror and so did Liam .	mirror ( x _ 1 ) AND hope . agent ( x _ 2 , Emma ) AND hope . ccomp ( x _ 2, x _ 3 ) AND think . agent ( x _ 3 , Noah ) AND think . ccomp ( x _ 3, x _ 4 ) AND like . agent ( x _ 4 , Christopher ) AND like . theme ( x _ 4 , x _ 1 ) AND hope . agent ( x _ 5 , Liam ) AND hope . ccomp ( x _ 5, x _ 6 ) AND think . agent ( x _ 6 , Noah ) AND think . ccomp ( x _ 6, x _ 7 ) AND like . agent ( x _ 7 , Christopher ) AND like . theme ( x _ 7 , x _ 1 )	elips_VPE_depth_gen
The frog hoped that Olivia valued that a boy found a drink and so did Liam .	* frog ( x _ 0 ) ; boy ( x _ 3 ) AND drink ( x _ 4 ) AND hope . agent ( x _ 5 , x _ 0 ) AND hope . ccomp ( x _ 5, x _ 6 ) AND value . agent ( x _ 6 , Olivia ) AND value . ccomp ( x _ 6, x _ 7 ) AND find . agent ( x _ 7 , x _ 3 ) AND find . theme ( x _ 7 , x _ 4 ) AND hope . agent ( x _ 8 , Liam ) AND hope . ccomp ( x _ 8, x _ 9 ) AND value . agent ( x _ 9 , Olivia ) AND value . ccomp ( x _ 9, x _ 10 ) AND find . agent ( x _ 10 , x _ 3 ) AND find . theme ( x _ 10 , x _ 4 )	elips_VPE_depth_gen
Ava liked that Ella liked that James thought that Joseph liked that the captain liked the box and so did Isabella .	* captain ( x _ 2 ) ; * box ( x _ 3 ) ; like . agent ( x _ 4 , Ava ) AND like . ccomp ( x _ 4, x _ 5 ) AND like . agent ( x _ 5 , Ella ) AND like . ccomp ( x _ 5, x _ 6 ) AND think . agent ( x _ 6 , James ) AND think . ccomp ( x _ 6, x _ 7 ) AND like . agent ( x _ 7 , Joseph ) AND like . ccomp ( x _ 7, x _ 8 ) AND like . agent ( x _ 8 , x _ 2 ) AND like . theme ( x _ 8 , x _ 3 ) AND like . agent ( x _ 9 , Isabella ) AND like . ccomp ( x _ 9, x _ 10 ) AND like . agent ( x _ 10 , Ella ) AND like . ccomp ( x _ 10, x _ 11 ) AND think . agent ( x _ 11 , James ) AND think . ccomp ( x _ 11, x _ 12 ) AND like . agent ( x _ 12 , Joseph ) AND like . ccomp ( x _ 12, x _ 13 ) AND like . agent ( x _ 13 , x _ 2 ) AND like . theme ( x _ 13 , x _ 3 )	elips_VPE_depth_gen
The kitty noticed that Olivia noticed that the boy missed a lollipop and so did Benjamin .	* kitty ( x _ 0 ) ; * boy ( x _ 3 ) ; lollipop ( x _ 4 ) AND notice . agent ( x _ 5 , x _ 0 ) AND notice . ccomp ( x _ 5, x _ 6 ) AND notice . agent ( x _ 6 , Olivia ) AND notice . ccomp ( x _ 6, x _ 7 ) AND miss . agent ( x _ 7 , x _ 3 ) AND miss . theme ( x _ 7 , x _ 4 ) AND notice . agent ( x _ 8 , Benjamin ) AND notice . ccomp ( x _ 8, x _ 9 ) AND notice . agent ( x _ 9 , Olivia ) AND notice . ccomp ( x _ 9, x _ 10 ) AND miss . agent ( x _ 10 , x _ 3 ) AND miss . theme ( x _ 10 , x _ 4 )	elips_VPE_depth_gen
A dog noticed that Liam liked that the girl liked Emma and so did the boy .	* girl ( x _ 3 ) ; * boy ( x _ 2 ) ; dog ( x _ 0 ) AND notice . agent ( x _ 4 , x _ 0 ) AND notice . ccomp ( x _ 4, x _ 5 ) AND like . agent ( x _ 5 , Liam ) AND like . ccomp ( x _ 5, x _ 6 ) AND like . agent ( x _ 6 , x _ 3 ) AND like . theme ( x _ 6 , Emma ) AND notice . agent ( x _ 7 , x _ 2 ) AND notice . ccomp ( x _ 7, x _ 8 ) AND like . agent ( x _ 8 , Liam ) AND like . ccomp ( x _ 8, x _ 9 ) AND like . agent ( x _ 9 , x _ 3 ) AND like . theme ( x _ 9 , Emma )	elips_VPE_depth_gen
A chicken supported that Sebastian liked that James liked that a citizen admired the donut and so did Emma .	* donut ( x _ 4 ) ; chicken ( x _ 0 ) AND citizen ( x _ 3 ) AND support . agent ( x _ 5 , x _ 0 ) AND support . ccomp ( x _ 5, x _ 6 ) AND like . agent ( x _ 6 , Sebastian ) AND like . ccomp ( x _ 6, x _ 7 ) AND like . agent ( x _ 7 , James ) AND like . ccomp ( x _ 7, x _ 8 ) AND admire . agent ( x _ 8 , x _ 3 ) AND admire . theme ( x _ 8 , x _ 4 ) AND support . agent ( x _ 9 , Emma ) AND support . ccomp ( x _ 9, x _ 10 ) AND like . agent ( x _ 10 , Sebastian ) AND like . ccomp ( x _ 10, x _ 11 ) AND like . agent ( x _ 11 , James ) AND like . ccomp ( x _ 11, x _ 12 ) AND admire . agent ( x _ 12 , x _ 3 ) AND admire . theme ( x _ 12 , x _ 4 )	elips_VPE_depth_gen
Sofia liked that Ava proved that a bird liked Liam and so did Camila .	bird ( x _ 1 ) AND like . agent ( x _ 2 , Sofia ) AND like . ccomp ( x _ 2, x _ 3 ) AND prove . agent ( x _ 3 , Ava ) AND prove . ccomp ( x _ 3, x _ 4 ) AND like . agent ( x _ 4 , x _ 1 ) AND like . theme ( x _ 4 , Liam ) AND like . agent ( x _ 5 , Camila ) AND like . ccomp ( x _ 5, x _ 6 ) AND prove . agent ( x _ 6 , Ava ) AND prove . ccomp ( x _ 6, x _ 7 ) AND like . agent ( x _ 7 , x _ 1 ) AND like . theme ( x _ 7 , Liam )	elips_VPE_depth_gen
The chicken noticed that Liam liked that Violet respected that Olivia found Emma and so did a teacher .	* chicken ( x _ 0 ) ; teacher ( x _ 1 ) AND notice . agent ( x _ 2 , x _ 0 ) AND notice . ccomp ( x _ 2, x _ 3 ) AND like . agent ( x _ 3 , Liam ) AND like . ccomp ( x _ 3, x _ 4 ) AND respect . agent ( x _ 4 , Violet ) AND respect . ccomp ( x _ 4, x _ 5 ) AND find . agent ( x _ 5 , Olivia ) AND find . theme ( x _ 5 , Emma ) AND notice . agent ( x _ 6 , x _ 1 ) AND notice . ccomp ( x _ 6, x _ 7 ) AND like . agent ( x _ 7 , Liam ) AND like . ccomp ( x _ 7, x _ 8 ) AND respect . agent ( x _ 8 , Violet ) AND respect . ccomp ( x _ 8, x _ 9 ) AND find . agent ( x _ 9 , Olivia ) AND find . theme ( x _ 9 , Emma )	elips_VPE_depth_gen
The zebra declared that the girl liked that Mason found a donut and so did a horse .	* zebra ( x _ 0 ) ; * girl ( x _ 4 ) ; donut ( x _ 5 ) AND horse ( x _ 3 ) AND declare . agent ( x _ 6 , x _ 0 ) AND declare . ccomp ( x _ 6, x _ 7 ) AND like . agent ( x _ 7 , x _ 4 ) AND like . ccomp ( x _ 7, x _ 8 ) AND find . agent ( x _ 8 , Mason ) AND find . theme ( x _ 8 , x _ 5 ) AND declare . agent ( x _ 9 , x _ 3 ) AND declare . ccomp ( x _ 9, x _ 10 ) AND like . agent ( x _ 10 , x _ 4 ) AND like . ccomp ( x _ 10, x _ 11 ) AND find . agent ( x _ 11 , Mason ) AND find . theme ( x _ 11 , x _ 5 )	elips_VPE_depth_gen
Isabella meant that Emma hoped that Noah appreciated a weapon and so did the cat .	* cat ( x _ 1 ) ; weapon ( x _ 2 ) AND mean . agent ( x _ 3 , Isabella ) AND mean . ccomp ( x _ 3, x _ 4 ) AND hope . agent ( x _ 4 , Emma ) AND hope . ccomp ( x _ 4, x _ 5 ) AND appreciate . agent ( x _ 5 , Noah ) AND appreciate . theme ( x _ 5 , x _ 2 ) AND mean . agent ( x _ 6 , x _ 1 ) AND mean . ccomp ( x _ 6, x _ 7 ) AND hope . agent ( x _ 7 , Emma ) AND hope . ccomp ( x _ 7, x _ 8 ) AND appreciate . agent ( x _ 8 , Noah ) AND appreciate . theme ( x _ 8 , x _ 2 )	elips_VPE_depth_gen
Emma liked that a girl thought that a cat helped the cup and so did Noah .	* cup ( x _ 5 ) ; girl ( x _ 3 ) AND cat ( x _ 4 ) AND like . agent ( x _ 6 , Emma ) AND like . ccomp ( x _ 6, x _ 7 ) AND think . agent ( x _ 7 , x _ 3 ) AND think . ccomp ( x _ 7, x _ 8 ) AND help . agent ( x _ 8 , x _ 4 ) AND help . theme ( x _ 8 , x _ 5 ) AND like . agent ( x _ 9 , Noah ) AND like . ccomp ( x _ 9, x _ 10 ) AND think . agent ( x _ 10 , x _ 3 ) AND think . ccomp ( x _ 10, x _ 11 ) AND help . agent ( x _ 11 , x _ 4 ) AND help . theme ( x _ 11 , x _ 5 )	elips_VPE_depth_gen
Emma hoped that the girl liked that Noah admired the cake and so did Ava .	* girl ( x _ 2 ) ; * cake ( x _ 3 ) ; hope . agent ( x _ 4 , Emma ) AND hope . ccomp ( x _ 4, x _ 5 ) AND like . agent ( x _ 5 , x _ 2 ) AND like . ccomp ( x _ 5, x _ 6 ) AND admire . agent ( x _ 6 , Noah ) AND admire . theme ( x _ 6 , x _ 3 ) AND hope . agent ( x _ 7 , Ava ) AND hope . ccomp ( x _ 7, x _ 8 ) AND like . agent ( x _ 8 , x _ 2 ) AND like . ccomp ( x _ 8, x _ 9 ) AND admire . agent ( x _ 9 , Noah ) AND admire . theme ( x _ 9 , x _ 3 )	elips_VPE_depth_gen
The girl dreamed that Emma appreciated that Ava dreamed that the baby helped the cookie and so did Liam .	* girl ( x _ 0 ) ; * baby ( x _ 3 ) ; * cookie ( x _ 4 ) ; dream . agent ( x _ 5 , x _ 0 ) AND dream . ccomp ( x _ 5, x _ 6 ) AND appreciate . agent ( x _ 6 , Emma ) AND appreciate . ccomp ( x _ 6, x _ 7 ) AND dream . agent ( x _ 7 , Ava ) AND dream . ccomp ( x _ 7, x _ 8 ) AND help . agent ( x _ 8 , x _ 3 ) AND help . theme ( x _ 8 , x _ 4 ) AND dream . agent ( x _ 9 , Liam ) AND dream . ccomp ( x _ 9, x _ 10 ) AND appreciate . agent ( x _ 10 , Emma ) AND appreciate . ccomp ( x _ 10, x _ 11 ) AND dream . agent ( x _ 11 , Ava ) AND dream . ccomp ( x _ 11, x _ 12 ) AND help . agent ( x _ 12 , x _ 3 ) AND help . theme ( x _ 12 , x _ 4 )	elips_VPE_depth_gen
Emma declared that a penguin liked that Logan liked that Liam declared that the girl helped Olivia and so did Oliver .	* girl ( x _ 3 ) ; penguin ( x _ 2 ) AND declare . agent ( x _ 4 , Emma ) AND declare . ccomp ( x _ 4, x _ 5 ) AND like . agent ( x _ 5 , x _ 2 ) AND like . ccomp ( x _ 5, x _ 6 ) AND like . agent ( x _ 6 , Logan ) AND like . ccomp ( x _ 6, x _ 7 ) AND declare . agent ( x _ 7 , Liam ) AND declare . ccomp ( x _ 7, x _ 8 ) AND help . agent ( x _ 8 , x _ 3 ) AND help . theme ( x _ 8 , Olivia ) AND declare . agent ( x _ 9 , Oliver ) AND declare . ccomp ( x _ 9, x _ 10 ) AND like . agent ( x _ 10 , x _ 2 ) AND like . ccomp ( x _ 10, x _ 11 ) AND like . agent ( x _ 11 , Logan ) AND like . ccomp ( x _ 11, x _ 12 ) AND declare . agent ( x _ 12 , Liam ) AND declare . ccomp ( x _ 12, x _ 13 ) AND help . agent ( x _ 13 , x _ 3 ) AND help . theme ( x _ 13 , Olivia )	elips_VPE_depth_gen
Evelyn supported that the girl believed that the pupil admired a key and so did Liam .	* girl ( x _ 3 ) ; * pupil ( x _ 4 ) ; key ( x _ 5 ) AND support . agent ( x _ 6 , Evelyn ) AND support . ccomp ( x _ 6, x _ 7 ) AND believe . agent ( x _ 7 , x _ 3 ) AND believe . ccomp ( x _ 7, x _ 8 ) AND admire . agent ( x _ 8 , x _ 4 ) AND admire . theme ( x _ 8 , x _ 5 ) AND support . agent ( x _ 9 , Liam ) AND support . ccomp ( x _ 9, x _ 10 ) AND believe . agent ( x _ 10 , x _ 3 ) AND believe . ccomp ( x _ 10, x _ 11 ) AND admire . agent ( x _ 11 , x _ 4 ) AND admire . theme ( x _ 11 , x _ 5 )	elips_VPE_depth_gen
Emma supported that Olivia liked that the boy respected that the sheep adored Grace and so did the girl .	* boy ( x _ 3 ) ; * sheep ( x _ 4 ) ; * girl ( x _ 2 ) ; support . agent ( x _ 5 , Emma ) AND support . ccomp ( x _ 5, x _ 6 ) AND like . agent ( x _ 6 , Olivia ) AND like . ccomp ( x _ 6, x _ 7 ) AND respect . agent ( x _ 7 , x _ 3 ) AND respect . ccomp ( x _ 7, x _ 8 ) AND adore . agent ( x _ 8 , x _ 4 ) AND adore . theme ( x _ 8 , Grace ) AND support . agent ( x _ 9 , x _ 2 ) AND support . ccomp ( x _ 9, x _ 10 ) AND like . agent ( x _ 10 , Olivia ) AND like . ccomp ( x _ 10, x _ 11 ) AND respect . agent ( x _ 11 , x _ 3 ) AND respect . ccomp ( x _ 11, x _ 12 ) AND adore . agent ( x _ 12 , x _ 4 ) AND adore . theme ( x _ 12 , Grace )	elips_VPE_depth_gen
Liam hoped that a boy liked that Olivia liked that a hero liked Alexander and so did Noah .	boy ( x _ 2 ) AND hero ( x _ 3 ) AND hope . agent ( x _ 4 , Liam ) AND hope . ccomp ( x _ 4, x _ 5 ) AND like . agent ( x _ 5 , x _ 2 ) AND like . ccomp ( x _ 5, x _ 6 ) AND like . agent ( x _ 6 , Olivia ) AND like . ccomp ( x _ 6, x _ 7 ) AND like . agent ( x _ 7 , x _ 3 ) AND like . theme ( x _ 7 , Alexander ) AND hope . agent ( x _ 8 , Noah ) AND hope . ccomp ( x _ 8, x _ 9 ) AND like . agent ( x _ 9 , x _ 2 ) AND like . ccomp ( x _ 9, x _ 10 ) AND like . agent ( x _ 10 , Olivia ) AND like . ccomp ( x _ 10, x _ 11 ) AND like . agent ( x _ 11 , x _ 3 ) AND like . theme ( x _ 11 , Alexander )	elips_VPE_depth_gen
The boy imagined that a bird liked that Liam said that Emma liked Sophia and so did Ethan .	* boy ( x _ 0 ) ; bird ( x _ 2 ) AND imagine . agent ( x _ 3 , x _ 0 ) AND imagine . ccomp ( x _ 3, x _ 4 ) AND like . agent ( x _ 4 , x _ 2 ) AND like . ccomp ( x _ 4, x _ 5 ) AND say . agent ( x _ 5 , Liam ) AND say . ccomp ( x _ 5, x _ 6 ) AND like . agent ( x _ 6 , Emma ) AND like . theme ( x _ 6 , Sophia ) AND imagine . agent ( x _ 7 , Ethan ) AND imagine . ccomp ( x _ 7, x _ 8 ) AND like . agent ( x _ 8 , x _ 2 ) AND like . ccomp ( x _ 8, x _ 9 ) AND say . agent ( x _ 9 , Liam ) AND say . ccomp ( x _ 9, x _ 10 ) AND like . agent ( x _ 10 , Emma ) AND like . theme ( x _ 10 , Sophia )	elips_VPE_depth_gen
Brooklyn liked that a crocodile liked that the child liked that Julian helped a cake and so did Isabella .	* child ( x _ 4 ) ; crocodile ( x _ 3 ) AND cake ( x _ 5 ) AND like . agent ( x _ 6 , Brooklyn ) AND like . ccomp ( x _ 6, x _ 7 ) AND like . agent ( x _ 7 , x _ 3 ) AND like . ccomp ( x _ 7, x _ 8 ) AND like . agent ( x _ 8 , x _ 4 ) AND like . ccomp ( x _ 8, x _ 9 ) AND help . agent ( x _ 9 , Julian ) AND help . theme ( x _ 9 , x _ 5 ) AND like . agent ( x _ 10 , Isabella ) AND like . ccomp ( x _ 10, x _ 11 ) AND like . agent ( x _ 11 , x _ 3 ) AND like . ccomp ( x _ 11, x _ 12 ) AND like . agent ( x _ 12 , x _ 4 ) AND like . ccomp ( x _ 12, x _ 13 ) AND help . agent ( x _ 13 , Julian ) AND help . theme ( x _ 13 , x _ 5 )	elips_VPE_depth_gen
The monster imagined that a lion liked that Emma loved the dog and so did the boy .	* monster ( x _ 0 ) ; * dog ( x _ 5 ) ; * boy ( x _ 3 ) ; lion ( x _ 4 ) AND imagine . agent ( x _ 6 , x _ 0 ) AND imagine . ccomp ( x _ 6, x _ 7 ) AND like . agent ( x _ 7 , x _ 4 ) AND like . ccomp ( x _ 7, x _ 8 ) AND love . agent ( x _ 8 , Emma ) AND love . theme ( x _ 8 , x _ 5 ) AND imagine . agent ( x _ 9 , x _ 3 ) AND imagine . ccomp ( x _ 9, x _ 10 ) AND like . agent ( x _ 10 , x _ 4 ) AND like . ccomp ( x _ 10, x _ 11 ) AND love . agent ( x _ 11 , Emma ) AND love . theme ( x _ 11 , x _ 5 )	elips_VPE_depth_gen
Noah liked that a chicken said that a cat found a donut and so did Emma .	chicken ( x _ 3 ) AND cat ( x _ 4 ) AND donut ( x _ 5 ) AND like . agent ( x _ 6 , Noah ) AND like . ccomp ( x _ 6, x _ 7 ) AND say . agent ( x _ 7 , x _ 3 ) AND say . ccomp ( x _ 7, x _ 8 ) AND find . agent ( x _ 8 , x _ 4 ) AND find . theme ( x _ 8 , x _ 5 ) AND like . agent ( x _ 9 , Emma ) AND like . ccomp ( x _ 9, x _ 10 ) AND say . agent ( x _ 10 , x _ 3 ) AND say . ccomp ( x _ 10, x _ 11 ) AND find . agent ( x _ 11 , x _ 4 ) AND find . theme ( x _ 11 , x _ 5 )	elips_VPE_depth_gen
Emma liked that the girl thought that the child liked a boy and so did Joseph .	* girl ( x _ 3 ) ; * child ( x _ 4 ) ; boy ( x _ 5 ) AND like . agent ( x _ 6 , Emma ) AND like . ccomp ( x _ 6, x _ 7 ) AND think . agent ( x _ 7 , x _ 3 ) AND think . ccomp ( x _ 7, x _ 8 ) AND like . agent ( x _ 8 , x _ 4 ) AND like . theme ( x _ 8 , x _ 5 ) AND like . agent ( x _ 9 , Joseph ) AND like . ccomp ( x _ 9, x _ 10 ) AND think . agent ( x _ 10 , x _ 3 ) AND think . ccomp ( x _ 10, x _ 11 ) AND like . agent ( x _ 11 , x _ 4 ) AND like . theme ( x _ 11 , x _ 5 )	elips_VPE_depth_gen
The cat noticed that the girl expected that Riley helped the boy and so did Emma .	* cat ( x _ 0 ) ; * girl ( x _ 3 ) ; * boy ( x _ 4 ) ; notice . agent ( x _ 5 , x _ 0 ) AND notice . ccomp ( x _ 5, x _ 6 ) AND expect . agent ( x _ 6 , x _ 3 ) AND expect . ccomp ( x _ 6, x _ 7 ) AND help . agent ( x _ 7 , Riley ) AND help . theme ( x _ 7 , x _ 4 ) AND notice . agent ( x _ 8 , Emma ) AND notice . ccomp ( x _ 8, x _ 9 ) AND expect . agent ( x _ 9 , x _ 3 ) AND expect . ccomp ( x _ 9, x _ 10 ) AND help . agent ( x _ 10 , Riley ) AND help . theme ( x _ 10 , x _ 4 )	elips_VPE_depth_gen
Ava admired that a boy liked that a host liked that a goose helped the cake and so did Emma .	* cake ( x _ 7 ) ; boy ( x _ 4 ) AND host ( x _ 5 ) AND goose ( x _ 6 ) AND admire . agent ( x _ 8 , Ava ) AND admire . ccomp ( x _ 8, x _ 9 ) AND like . agent ( x _ 9 , x _ 4 ) AND like . ccomp ( x _ 9, x _ 10 ) AND like . agent ( x _ 10 , x _ 5 ) AND like . ccomp ( x _ 10, x _ 11 ) AND help . agent ( x _ 11 , x _ 6 ) AND help . theme ( x _ 11 , x _ 7 ) AND admire . agent ( x _ 12 , Emma ) AND admire . ccomp ( x _ 12, x _ 13 ) AND like . agent ( x _ 13 , x _ 4 ) AND like . ccomp ( x _ 13, x _ 14 ) AND like . agent ( x _ 14 , x _ 5 ) AND like . ccomp ( x _ 14, x _ 15 ) AND help . agent ( x _ 15 , x _ 6 ) AND help . theme ( x _ 15 , x _ 7 )	elips_VPE_depth_gen
The bee said that a girl liked that Emma poked a doll and so did Avery .	* bee ( x _ 0 ) ; girl ( x _ 3 ) AND doll ( x _ 4 ) AND say . agent ( x _ 5 , x _ 0 ) AND say . ccomp ( x _ 5, x _ 6 ) AND like . agent ( x _ 6 , x _ 3 ) AND like . ccomp ( x _ 6, x _ 7 ) AND poke . agent ( x _ 7 , Emma ) AND poke . theme ( x _ 7 , x _ 4 ) AND say . agent ( x _ 8 , Avery ) AND say . ccomp ( x _ 8, x _ 9 ) AND like . agent ( x _ 9 , x _ 3 ) AND like . ccomp ( x _ 9, x _ 10 ) AND poke . agent ( x _ 10 , Emma ) AND poke . theme ( x _ 10 , x _ 4 )	elips_VPE_depth_gen
Emma liked that Olivia dreamed that the girl liked Logan and so did Hannah .	* girl ( x _ 1 ) ; like . agent ( x _ 2 , Emma ) AND like . ccomp ( x _ 2, x _ 3 ) AND dream . agent ( x _ 3 , Olivia ) AND dream . ccomp ( x _ 3, x _ 4 ) AND like . agent ( x _ 4 , x _ 1 ) AND like . theme ( x _ 4 , Logan ) AND like . agent ( x _ 5 , Hannah ) AND like . ccomp ( x _ 5, x _ 6 ) AND dream . agent ( x _ 6 , Olivia ) AND dream . ccomp ( x _ 6, x _ 7 ) AND like . agent ( x _ 7 , x _ 1 ) AND like . theme ( x _ 7 , Logan )	elips_VPE_depth_gen
Sebastian noticed that Brooklyn liked that a cat admired a baby and so did the girl .	* girl ( x _ 2 ) ; cat ( x _ 3 ) AND baby ( x _ 4 ) AND notice . agent ( x _ 5 , Sebastian ) AND notice . ccomp ( x _ 5, x _ 6 ) AND like . agent ( x _ 6 , Brooklyn ) AND like . ccomp ( x _ 6, x _ 7 ) AND admire . agent ( x _ 7 , x _ 3 ) AND admire . theme ( x _ 7 , x _ 4 ) AND notice . agent ( x _ 8 , x _ 2 ) AND notice . ccomp ( x _ 8, x _ 9 ) AND like . agent ( x _ 9 , Brooklyn ) AND like . ccomp ( x _ 9, x _ 10 ) AND admire . agent ( x _ 10 , x _ 3 ) AND admire . theme ( x _ 10 , x _ 4 )	elips_VPE_depth_gen
The boy dreamed that Grace confessed that Logan thought that Amelia adored a strawberry and so did Emma .	* boy ( x _ 0 ) ; strawberry ( x _ 2 ) AND dream . agent ( x _ 3 , x _ 0 ) AND dream . ccomp ( x _ 3, x _ 4 ) AND confess . agent ( x _ 4 , Grace ) AND confess . ccomp ( x _ 4, x _ 5 ) AND think . agent ( x _ 5 , Logan ) AND think . ccomp ( x _ 5, x _ 6 ) AND adore . agent ( x _ 6 , Amelia ) AND adore . theme ( x _ 6 , x _ 2 ) AND dream . agent ( x _ 7 , Emma ) AND dream . ccomp ( x _ 7, x _ 8 ) AND confess . agent ( x _ 8 , Grace ) AND confess . ccomp ( x _ 8, x _ 9 ) AND think . agent ( x _ 9 , Logan ) AND think . ccomp ( x _ 9, x _ 10 ) AND adore . agent ( x _ 10 , Amelia ) AND adore . theme ( x _ 10 , x _ 2 )	elips_VPE_depth_gen
Evelyn thought that the girl dreamed that the president liked the cake and so did Jackson .	* girl ( x _ 3 ) ; * president ( x _ 4 ) ; * cake ( x _ 5 ) ; think . agent ( x _ 6 , Evelyn ) AND think . ccomp ( x _ 6, x _ 7 ) AND dream . agent ( x _ 7 , x _ 3 ) AND dream . ccomp ( x _ 7, x _ 8 ) AND like . agent ( x _ 8 , x _ 4 ) AND like . theme ( x _ 8 , x _ 5 ) AND think . agent ( x _ 9 , Jackson ) AND think . ccomp ( x _ 9, x _ 10 ) AND dream . agent ( x _ 10 , x _ 3 ) AND dream . ccomp ( x _ 10, x _ 11 ) AND like . agent ( x _ 11 , x _ 4 ) AND like . theme ( x _ 11 , x _ 5 )	elips_VPE_depth_gen
A boy hoped that Chloe liked that Emma liked a drink and so did Eleanor .	boy ( x _ 0 ) AND drink ( x _ 2 ) AND hope . agent ( x _ 3 , x _ 0 ) AND hope . ccomp ( x _ 3, x _ 4 ) AND like . agent ( x _ 4 , Chloe ) AND like . ccomp ( x _ 4, x _ 5 ) AND like . agent ( x _ 5 , Emma ) AND like . theme ( x _ 5 , x _ 2 ) AND hope . agent ( x _ 6 , Eleanor ) AND hope . ccomp ( x _ 6, x _ 7 ) AND like . agent ( x _ 7 , Chloe ) AND like . ccomp ( x _ 7, x _ 8 ) AND like . agent ( x _ 8 , Emma ) AND like . theme ( x _ 8 , x _ 2 )	elips_VPE_depth_gen
William admired that Lily proved that a giraffe noticed that Elijah hoped that Addison liked Liam and so did the girl .	* girl ( x _ 1 ) ; giraffe ( x _ 2 ) AND admire . agent ( x _ 3 , William ) AND admire . ccomp ( x _ 3, x _ 4 ) AND prove . agent ( x _ 4 , Lily ) AND prove . ccomp ( x _ 4, x _ 5 ) AND notice . agent ( x _ 5 , x _ 2 ) AND notice . ccomp ( x _ 5, x _ 6 ) AND hope . agent ( x _ 6 , Elijah ) AND hope . ccomp ( x _ 6, x _ 7 ) AND like . agent ( x _ 7 , Addison ) AND like . theme ( x _ 7 , Liam ) AND admire . agent ( x _ 8 , x _ 1 ) AND admire . ccomp ( x _ 8, x _ 9 ) AND prove . agent ( x _ 9 , Lily ) AND prove . ccomp ( x _ 9, x _ 10 ) AND notice . agent ( x _ 10 , x _ 2 ) AND notice . ccomp ( x _ 10, x _ 11 ) AND hope . agent ( x _ 11 , Elijah ) AND hope . ccomp ( x _ 11, x _ 12 ) AND like . agent ( x _ 12 , Addison ) AND like . theme ( x _ 12 , Liam )	elips_VPE_depth_gen
Sofia liked that a human hoped that a cat hoped that a boy liked that Olivia poked the cake and so did Evelyn .	* cake ( x _ 7 ) ; human ( x _ 4 ) AND cat ( x _ 5 ) AND boy ( x _ 6 ) AND like . agent ( x _ 8 , Sofia ) AND like . ccomp ( x _ 8, x _ 9 ) AND hope . agent ( x _ 9 , x _ 4 ) AND hope . ccomp ( x _ 9, x _ 10 ) AND hope . agent ( x _ 10 , x _ 5 ) AND hope . ccomp ( x _ 10, x _ 11 ) AND like . agent ( x _ 11 , x _ 6 ) AND like . ccomp ( x _ 11, x _ 12 ) AND poke . agent ( x _ 12 , Olivia ) AND poke . theme ( x _ 12 , x _ 7 ) AND like . agent ( x _ 13 , Evelyn ) AND like . ccomp ( x _ 13, x _ 14 ) AND hope . agent ( x _ 14 , x _ 4 ) AND hope . ccomp ( x _ 14, x _ 15 ) AND hope . agent ( x _ 15 , x _ 5 ) AND hope . ccomp ( x _ 15, x _ 16 ) AND like . agent ( x _ 16 , x _ 6 ) AND like . ccomp ( x _ 16, x _ 17 ) AND poke . agent ( x _ 17 , Olivia ) AND poke . theme ( x _ 17 , x _ 7 )	elips_VPE_depth_gen
The baby admired that the deer noticed that Sophia believed that Logan liked a dog and so did the girl .	* baby ( x _ 0 ) ; * deer ( x _ 4 ) ; * girl ( x _ 3 ) ; dog ( x _ 5 ) AND admire . agent ( x _ 6 , x _ 0 ) AND admire . ccomp ( x _ 6, x _ 7 ) AND notice . agent ( x _ 7 , x _ 4 ) AND notice . ccomp ( x _ 7, x _ 8 ) AND believe . agent ( x _ 8 , Sophia ) AND believe . ccomp ( x _ 8, x _ 9 ) AND like . agent ( x _ 9 , Logan ) AND like . theme ( x _ 9 , x _ 5 ) AND admire . agent ( x _ 10 , x _ 3 ) AND admire . ccomp ( x _ 10, x _ 11 ) AND notice . agent ( x _ 11 , x _ 4 ) AND notice . ccomp ( x _ 11, x _ 12 ) AND believe . agent ( x _ 12 , Sophia ) AND believe . ccomp ( x _ 12, x _ 13 ) AND like . agent ( x _ 13 , Logan ) AND like . theme ( x _ 13 , x _ 5 )	elips_VPE_depth_gen
The child hoped that Lincoln liked that the cat helped Noah and so did the governor .	* child ( x _ 0 ) ; * cat ( x _ 3 ) ; * governor ( x _ 2 ) ; hope . agent ( x _ 4 , x _ 0 ) AND hope . ccomp ( x _ 4, x _ 5 ) AND like . agent ( x _ 5 , Lincoln ) AND like . ccomp ( x _ 5, x _ 6 ) AND help . agent ( x _ 6 , x _ 3 ) AND help . theme ( x _ 6 , Noah ) AND hope . agent ( x _ 7 , x _ 2 ) AND hope . ccomp ( x _ 7, x _ 8 ) AND like . agent ( x _ 8 , Lincoln ) AND like . ccomp ( x _ 8, x _ 9 ) AND help . agent ( x _ 9 , x _ 3 ) AND help . theme ( x _ 9 , Noah )	elips_VPE_depth_gen
A girl hoped that Evelyn appreciated that the baby found Ava and so did Oliver .	* baby ( x _ 2 ) ; girl ( x _ 0 ) AND hope . agent ( x _ 3 , x _ 0 ) AND hope . ccomp ( x _ 3, x _ 4 ) AND appreciate . agent ( x _ 4 , Evelyn ) AND appreciate . ccomp ( x _ 4, x _ 5 ) AND find . agent ( x _ 5 , x _ 2 ) AND find . theme ( x _ 5 , Ava ) AND hope . agent ( x _ 6 , Oliver ) AND hope . ccomp ( x _ 6, x _ 7 ) AND appreciate . agent ( x _ 7 , Evelyn ) AND appreciate . ccomp ( x _ 7, x _ 8 ) AND find . agent ( x _ 8 , x _ 2 ) AND find . theme ( x _ 8 , Ava )	elips_VPE_depth_gen
Amelia dreamed that a cat liked that Ava liked that Emma loved a cookie and so did the king .	* king ( x _ 2 ) ; cat ( x _ 3 ) AND cookie ( x _ 4 ) AND dream . agent ( x _ 5 , Amelia ) AND dream . ccomp ( x _ 5, x _ 6 ) AND like . agent ( x _ 6 , x _ 3 ) AND like . ccomp ( x _ 6, x _ 7 ) AND like . agent ( x _ 7 , Ava ) AND like . ccomp ( x _ 7, x _ 8 ) AND love . agent ( x _ 8 , Emma ) AND love . theme ( x _ 8 , x _ 4 ) AND dream . agent ( x _ 9 , x _ 2 ) AND dream . ccomp ( x _ 9, x _ 10 ) AND like . agent ( x _ 10 , x _ 3 ) AND like . ccomp ( x _ 10, x _ 11 ) AND like . agent ( x _ 11 , Ava ) AND like . ccomp ( x _ 11, x _ 12 ) AND love . agent ( x _ 12 , Emma ) AND love . theme ( x _ 12 , x _ 4 )	elips_VPE_depth_gen
A frog liked that James dreamed that Camila found Noah and so did a friend .	frog ( x _ 0 ) AND friend ( x _ 1 ) AND like . agent ( x _ 2 , x _ 0 ) AND like . ccomp ( x _ 2, x _ 3 ) AND dream . agent ( x _ 3 , James ) AND dream . ccomp ( x _ 3, x _ 4 ) AND find . agent ( x _ 4 , Camila ) AND find . theme ( x _ 4 , Noah ) AND like . agent ( x _ 5 , x _ 1 ) AND like . ccomp ( x _ 5, x _ 6 ) AND dream . agent ( x _ 6 , James ) AND dream . ccomp ( x _ 6, x _ 7 ) AND find . agent ( x _ 7 , Camila ) AND find . theme ( x _ 7 , Noah )	elips_VPE_depth_gen
James believed that the girl noticed that Benjamin hoped that Emma said that a cat found the cookie and so did a turkey .	* girl ( x _ 4 ) ; * cookie ( x _ 6 ) ; cat ( x _ 5 ) AND turkey ( x _ 3 ) AND believe . agent ( x _ 7 , James ) AND believe . ccomp ( x _ 7, x _ 8 ) AND notice . agent ( x _ 8 , x _ 4 ) AND notice . ccomp ( x _ 8, x _ 9 ) AND hope . agent ( x _ 9 , Benjamin ) AND hope . ccomp ( x _ 9, x _ 10 ) AND say . agent ( x _ 10 , Emma ) AND say . ccomp ( x _ 10, x _ 11 ) AND find . agent ( x _ 11 , x _ 5 ) AND find . theme ( x _ 11 , x _ 6 ) AND believe . agent ( x _ 12 , x _ 3 ) AND believe . ccomp ( x _ 12, x _ 13 ) AND notice . agent ( x _ 13 , x _ 4 ) AND notice . ccomp ( x _ 13, x _ 14 ) AND hope . agent ( x _ 14 , Benjamin ) AND hope . ccomp ( x _ 14, x _ 15 ) AND say . agent ( x _ 15 , Emma ) AND say . ccomp ( x _ 15, x _ 16 ) AND find . agent ( x _ 16 , x _ 5 ) AND find . theme ( x _ 16 , x _ 6 )	elips_VPE_depth_gen
Luna hoped that the dog liked that a girl helped a radio and so did Benjamin .	* dog ( x _ 3 ) ; girl ( x _ 4 ) AND radio ( x _ 5 ) AND hope . agent ( x _ 6 , Luna ) AND hope . ccomp ( x _ 6, x _ 7 ) AND like . agent ( x _ 7 , x _ 3 ) AND like . ccomp ( x _ 7, x _ 8 ) AND help . agent ( x _ 8 , x _ 4 ) AND help . theme ( x _ 8 , x _ 5 ) AND hope . agent ( x _ 9 , Benjamin ) AND hope . ccomp ( x _ 9, x _ 10 ) AND like . agent ( x _ 10 , x _ 3 ) AND like . ccomp ( x _ 10, x _ 11 ) AND help . agent ( x _ 11 , x _ 4 ) AND help . theme ( x _ 11 , x _ 5 )	elips_VPE_depth_gen
Emma believed that a mouse liked that the poet liked the cake and so did the dog .	* poet ( x _ 5 ) ; * cake ( x _ 6 ) ; * dog ( x _ 3 ) ; mouse ( x _ 4 ) AND believe . agent ( x _ 7 , Emma ) AND believe . ccomp ( x _ 7, x _ 8 ) AND like . agent ( x _ 8 , x _ 4 ) AND like . ccomp ( x _ 8, x _ 9 ) AND like . agent ( x _ 9 , x _ 5 ) AND like . theme ( x _ 9 , x _ 6 ) AND believe . agent ( x _ 10 , x _ 3 ) AND believe . ccomp ( x _ 10, x _ 11 ) AND like . agent ( x _ 11 , x _ 4 ) AND like . ccomp ( x _ 11, x _ 12 ) AND like . agent ( x _ 12 , x _ 5 ) AND like . theme ( x _ 12 , x _ 6 )	elips_VPE_depth_gen
The landlord liked that the child believed that a citizen liked the lollipop and so did Noah .	* landlord ( x _ 0 ) ; * child ( x _ 4 ) ; * lollipop ( x _ 6 ) ; citizen ( x _ 5 ) AND like . agent ( x _ 7 , x _ 0 ) AND like . ccomp ( x _ 7, x _ 8 ) AND believe . agent ( x _ 8 , x _ 4 ) AND believe . ccomp ( x _ 8, x _ 9 ) AND like . agent ( x _ 9 , x _ 5 ) AND like . theme ( x _ 9 , x _ 6 ) AND like . agent ( x _ 10 , Noah ) AND like . ccomp ( x _ 10, x _ 11 ) AND believe . agent ( x _ 11 , x _ 4 ) AND believe . ccomp ( x _ 11, x _ 12 ) AND like . agent ( x _ 12 , x _ 5 ) AND like . theme ( x _ 12 , x _ 6 )	elips_VPE_depth_gen
Olivia meant that Benjamin hoped that the boy poked a girl and so did a patient .	* boy ( x _ 3 ) ; girl ( x _ 4 ) AND patient ( x _ 2 ) AND mean . agent ( x _ 5 , Olivia ) AND mean . ccomp ( x _ 5, x _ 6 ) AND hope . agent ( x _ 6 , Benjamin ) AND hope . ccomp ( x _ 6, x _ 7 ) AND poke . agent ( x _ 7 , x _ 3 ) AND poke . theme ( x _ 7 , x _ 4 ) AND mean . agent ( x _ 8 , x _ 2 ) AND mean . ccomp ( x _ 8, x _ 9 ) AND hope . agent ( x _ 9 , Benjamin ) AND hope . ccomp ( x _ 9, x _ 10 ) AND poke . agent ( x _ 10 , x _ 3 ) AND poke . theme ( x _ 10 , x _ 4 )	elips_VPE_depth_gen
Olivia dreamed that Mateo noticed that Sofia missed a donut and so did a girl .	donut ( x _ 2 ) AND girl ( x _ 1 ) AND dream . agent ( x _ 3 , Olivia ) AND dream . ccomp ( x _ 3, x _ 4 ) AND notice . agent ( x _ 4 , Mateo ) AND notice . ccomp ( x _ 4, x _ 5 ) AND miss . agent ( x _ 5 , Sofia ) AND miss . theme ( x _ 5 , x _ 2 ) AND dream . agent ( x _ 6 , x _ 1 ) AND dream . ccomp ( x _ 6, x _ 7 ) AND notice . agent ( x _ 7 , Mateo ) AND notice . ccomp ( x _ 7, x _ 8 ) AND miss . agent ( x _ 8 , Sofia ) AND miss . theme ( x _ 8 , x _ 2 )	elips_VPE_depth_gen
The baby admired that a mouse believed that Sophia liked that a boy thought that the girl liked Samuel and so did Olivia .	* baby ( x _ 0 ) ; * girl ( x _ 6 ) ; mouse ( x _ 4 ) AND boy ( x _ 5 ) AND admire . agent ( x _ 7 , x _ 0 ) AND admire . ccomp ( x _ 7, x _ 8 ) AND believe . agent ( x _ 8 , x _ 4 ) AND believe . ccomp ( x _ 8, x _ 9 ) AND like . agent ( x _ 9 , Sophia ) AND like . ccomp ( x _ 9, x _ 10 ) AND think . agent ( x _ 10 , x _ 5 ) AND think . ccomp ( x _ 10, x _ 11 ) AND like . agent ( x _ 11 , x _ 6 ) AND like . theme ( x _ 11 , Samuel ) AND admire . agent ( x _ 12 , Olivia ) AND admire . ccomp ( x _ 12, x _ 13 ) AND believe . agent ( x _ 13 , x _ 4 ) AND believe . ccomp ( x _ 13, x _ 14 ) AND like . agent ( x _ 14 , Sophia ) AND like . ccomp ( x _ 14, x _ 15 ) AND think . agent ( x _ 15 , x _ 5 ) AND think . ccomp ( x _ 15, x _ 16 ) AND like . agent ( x _ 16 , x _ 6 ) AND like . theme ( x _ 16 , Samuel )	elips_VPE_depth_gen
A baby liked that Emma meant that the girl liked a donut and so did a horse .	* girl ( x _ 4 ) ; baby ( x _ 0 ) AND donut ( x _ 5 ) AND horse ( x _ 3 ) AND like . agent ( x _ 6 , x _ 0 ) AND like . ccomp ( x _ 6, x _ 7 ) AND mean . agent ( x _ 7 , Emma ) AND mean . ccomp ( x _ 7, x _ 8 ) AND like . agent ( x _ 8 , x _ 4 ) AND like . theme ( x _ 8 , x _ 5 ) AND like . agent ( x _ 9 , x _ 3 ) AND like . ccomp ( x _ 9, x _ 10 ) AND mean . agent ( x _ 10 , Emma ) AND mean . ccomp ( x _ 10, x _ 11 ) AND like . agent ( x _ 11 , x _ 4 ) AND like . theme ( x _ 11 , x _ 5 )	elips_VPE_depth_gen
The girl noticed that the sheep admired that the horse loved the teacher and so did Emma .	* girl ( x _ 0 ) ; * sheep ( x _ 4 ) ; * horse ( x _ 5 ) ; * teacher ( x _ 6 ) ; notice . agent ( x _ 7 , x _ 0 ) AND notice . ccomp ( x _ 7, x _ 8 ) AND admire . agent ( x _ 8 , x _ 4 ) AND admire . ccomp ( x _ 8, x _ 9 ) AND love . agent ( x _ 9 , x _ 5 ) AND love . theme ( x _ 9 , x _ 6 ) AND notice . agent ( x _ 10 , Emma ) AND notice . ccomp ( x _ 10, x _ 11 ) AND admire . agent ( x _ 11 , x _ 4 ) AND admire . ccomp ( x _ 11, x _ 12 ) AND love . agent ( x _ 12 , x _ 5 ) AND love . theme ( x _ 12 , x _ 6 )	elips_VPE_depth_gen
The monkey said that the bunny liked that the girl liked Abigail and so did Asher .	* monkey ( x _ 0 ) ; * bunny ( x _ 3 ) ; * girl ( x _ 4 ) ; say . agent ( x _ 5 , x _ 0 ) AND say . ccomp ( x _ 5, x _ 6 ) AND like . agent ( x _ 6 , x _ 3 ) AND like . ccomp ( x _ 6, x _ 7 ) AND like . agent ( x _ 7 , x _ 4 ) AND like . theme ( x _ 7 , Abigail ) AND say . agent ( x _ 8 , Asher ) AND say . ccomp ( x _ 8, x _ 9 ) AND like . agent ( x _ 9 , x _ 3 ) AND like . ccomp ( x _ 9, x _ 10 ) AND like . agent ( x _ 10 , x _ 4 ) AND like . theme ( x _ 10 , Abigail )	elips_VPE_depth_gen
Ava hoped that the girl proved that Thomas poked Emma and so did the boy .	* girl ( x _ 2 ) ; * boy ( x _ 1 ) ; hope . agent ( x _ 3 , Ava ) AND hope . ccomp ( x _ 3, x _ 4 ) AND prove . agent ( x _ 4 , x _ 2 ) AND prove . ccomp ( x _ 4, x _ 5 ) AND poke . agent ( x _ 5 , Thomas ) AND poke . theme ( x _ 5 , Emma ) AND hope . agent ( x _ 6 , x _ 1 ) AND hope . ccomp ( x _ 6, x _ 7 ) AND prove . agent ( x _ 7 , x _ 2 ) AND prove . ccomp ( x _ 7, x _ 8 ) AND poke . agent ( x _ 8 , Thomas ) AND poke . theme ( x _ 8 , Emma )	elips_VPE_depth_gen
Liam proved that Emma hoped that a father found Isaac and so did Noah .	father ( x _ 1 ) AND prove . agent ( x _ 2 , Liam ) AND prove . ccomp ( x _ 2, x _ 3 ) AND hope . agent ( x _ 3 , Emma ) AND hope . ccomp ( x _ 3, x _ 4 ) AND find . agent ( x _ 4 , x _ 1 ) AND find . theme ( x _ 4 , Isaac ) AND prove . agent ( x _ 5 , Noah ) AND prove . ccomp ( x _ 5, x _ 6 ) AND hope . agent ( x _ 6 , Emma ) AND hope . ccomp ( x _ 6, x _ 7 ) AND find . agent ( x _ 7 , x _ 1 ) AND find . theme ( x _ 7 , Isaac )	elips_VPE_depth_gen
Madison respected that Benjamin supported that Liam admired the donut and so did a child .	* donut ( x _ 2 ) ; child ( x _ 1 ) AND respect . agent ( x _ 3 , Madison ) AND respect . ccomp ( x _ 3, x _ 4 ) AND support . agent ( x _ 4 , Benjamin ) AND support . ccomp ( x _ 4, x _ 5 ) AND admire . agent ( x _ 5 , Liam ) AND admire . theme ( x _ 5 , x _ 2 ) AND respect . agent ( x _ 6 , x _ 1 ) AND respect . ccomp ( x _ 6, x _ 7 ) AND support . agent ( x _ 7 , Benjamin ) AND support . ccomp ( x _ 7, x _ 8 ) AND admire . agent ( x _ 8 , Liam ) AND admire . theme ( x _ 8 , x _ 2 )	elips_VPE_depth_gen
A baby supported that Liam noticed that Noah appreciated that a cat respected a girl and so did Anthony .	baby ( x _ 0 ) AND cat ( x _ 3 ) AND girl ( x _ 4 ) AND support . agent ( x _ 5 , x _ 0 ) AND support . ccomp ( x _ 5, x _ 6 ) AND notice . agent ( x _ 6 , Liam ) AND notice . ccomp ( x _ 6, x _ 7 ) AND appreciate . agent ( x _ 7 , Noah ) AND appreciate . ccomp ( x _ 7, x _ 8 ) AND respect . agent ( x _ 8 , x _ 3 ) AND respect . theme ( x _ 8 , x _ 4 ) AND support . agent ( x _ 9 , Anthony ) AND support . ccomp ( x _ 9, x _ 10 ) AND notice . agent ( x _ 10 , Liam ) AND notice . ccomp ( x _ 10, x _ 11 ) AND appreciate . agent ( x _ 11 , Noah ) AND appreciate . ccomp ( x _ 11, x _ 12 ) AND respect . agent ( x _ 12 , x _ 3 ) AND respect . theme ( x _ 12 , x _ 4 )	elips_VPE_depth_gen
Natalie liked that the girl hoped that Emma liked the cake and so did the zebra .	* girl ( x _ 3 ) ; * cake ( x _ 4 ) ; * zebra ( x _ 2 ) ; like . agent ( x _ 5 , Natalie ) AND like . ccomp ( x _ 5, x _ 6 ) AND hope . agent ( x _ 6 , x _ 3 ) AND hope . ccomp ( x _ 6, x _ 7 ) AND like . agent ( x _ 7 , Emma ) AND like . theme ( x _ 7 , x _ 4 ) AND like . agent ( x _ 8 , x _ 2 ) AND like . ccomp ( x _ 8, x _ 9 ) AND hope . agent ( x _ 9 , x _ 3 ) AND hope . ccomp ( x _ 9, x _ 10 ) AND like . agent ( x _ 10 , Emma ) AND like . theme ( x _ 10 , x _ 4 )	elips_VPE_depth_gen
Benjamin liked that Ava hoped that a teacher liked that a baby poked the cake and so did Emma .	* cake ( x _ 5 ) ; teacher ( x _ 3 ) AND baby ( x _ 4 ) AND like . agent ( x _ 6 , Benjamin ) AND like . ccomp ( x _ 6, x _ 7 ) AND hope . agent ( x _ 7 , Ava ) AND hope . ccomp ( x _ 7, x _ 8 ) AND like . agent ( x _ 8 , x _ 3 ) AND like . ccomp ( x _ 8, x _ 9 ) AND poke . agent ( x _ 9 , x _ 4 ) AND poke . theme ( x _ 9 , x _ 5 ) AND like . agent ( x _ 10 , Emma ) AND like . ccomp ( x _ 10, x _ 11 ) AND hope . agent ( x _ 11 , Ava ) AND hope . ccomp ( x _ 11, x _ 12 ) AND like . agent ( x _ 12 , x _ 3 ) AND like . ccomp ( x _ 12, x _ 13 ) AND poke . agent ( x _ 13 , x _ 4 ) AND poke . theme ( x _ 13 , x _ 5 )	elips_VPE_depth_gen
The mouse noticed that a girl declared that Jacob adored Olivia and so did Sofia .	* mouse ( x _ 0 ) ; girl ( x _ 2 ) AND notice . agent ( x _ 3 , x _ 0 ) AND notice . ccomp ( x _ 3, x _ 4 ) AND declare . agent ( x _ 4 , x _ 2 ) AND declare . ccomp ( x _ 4, x _ 5 ) AND adore . agent ( x _ 5 , Jacob ) AND adore . theme ( x _ 5 , Olivia ) AND notice . agent ( x _ 6 , Sofia ) AND notice . ccomp ( x _ 6, x _ 7 ) AND declare . agent ( x _ 7 , x _ 2 ) AND declare . ccomp ( x _ 7, x _ 8 ) AND adore . agent ( x _ 8 , Jacob ) AND adore . theme ( x _ 8 , Olivia )	elips_VPE_depth_gen
The tiger liked that the turtle wished that Liam liked that the girl loved the ball and so did Olivia .	* tiger ( x _ 0 ) ; * turtle ( x _ 4 ) ; * girl ( x _ 5 ) ; * ball ( x _ 6 ) ; like . agent ( x _ 7 , x _ 0 ) AND like . ccomp ( x _ 7, x _ 8 ) AND wish . agent ( x _ 8 , x _ 4 ) AND wish . ccomp ( x _ 8, x _ 9 ) AND like . agent ( x _ 9 , Liam ) AND like . ccomp ( x _ 9, x _ 10 ) AND love . agent ( x _ 10 , x _ 5 ) AND love . theme ( x _ 10 , x _ 6 ) AND like . agent ( x _ 11 , Olivia ) AND like . ccomp ( x _ 11, x _ 12 ) AND wish . agent ( x _ 12 , x _ 4 ) AND wish . ccomp ( x _ 12, x _ 13 ) AND like . agent ( x _ 13 , Liam ) AND like . ccomp ( x _ 13, x _ 14 ) AND love . agent ( x _ 14 , x _ 5 ) AND love . theme ( x _ 14 , x _ 6 )	elips_VPE_depth_gen
The director confessed that Ava liked that a girl helped a donut and so did Emma .	* director ( x _ 0 ) ; girl ( x _ 3 ) AND donut ( x _ 4 ) AND confess . agent ( x _ 5 , x _ 0 ) AND confess . ccomp ( x _ 5, x _ 6 ) AND like . agent ( x _ 6 , Ava ) AND like . ccomp ( x _ 6, x _ 7 ) AND help . agent ( x _ 7 , x _ 3 ) AND help . theme ( x _ 7 , x _ 4 ) AND confess . agent ( x _ 8 , Emma ) AND confess . ccomp ( x _ 8, x _ 9 ) AND like . agent ( x _ 9 , Ava ) AND like . ccomp ( x _ 9, x _ 10 ) AND help . agent ( x _ 10 , x _ 3 ) AND help . theme ( x _ 10 , x _ 4 )	elips_VPE_depth_gen
Liam liked that a judge tolerated that Emma appreciated a cake and so did Mateo .	judge ( x _ 2 ) AND cake ( x _ 3 ) AND like . agent ( x _ 4 , Liam ) AND like . ccomp ( x _ 4, x _ 5 ) AND tolerate . agent ( x _ 5 , x _ 2 ) AND tolerate . ccomp ( x _ 5, x _ 6 ) AND appreciate . agent ( x _ 6 , Emma ) AND appreciate . theme ( x _ 6 , x _ 3 ) AND like . agent ( x _ 7 , Mateo ) AND like . ccomp ( x _ 7, x _ 8 ) AND tolerate . agent ( x _ 8 , x _ 2 ) AND tolerate . ccomp ( x _ 8, x _ 9 ) AND appreciate . agent ( x _ 9 , Emma ) AND appreciate . theme ( x _ 9 , x _ 3 )	elips_VPE_depth_gen
A child liked that the girl hoped that a frog said that Liam helped the crayon and so did a lion .	* girl ( x _ 5 ) ; * crayon ( x _ 7 ) ; child ( x _ 0 ) AND frog ( x _ 6 ) AND lion ( x _ 4 ) AND like . agent ( x _ 8 , x _ 0 ) AND like . ccomp ( x _ 8, x _ 9 ) AND hope . agent ( x _ 9 , x _ 5 ) AND hope . ccomp ( x _ 9, x _ 10 ) AND say . agent ( x _ 10 , x _ 6 ) AND say . ccomp ( x _ 10, x _ 11 ) AND help . agent ( x _ 11 , Liam ) AND help . theme ( x _ 11 , x _ 7 ) AND like . agent ( x _ 12 , x _ 4 ) AND like . ccomp ( x _ 12, x _ 13 ) AND hope . agent ( x _ 13 , x _ 5 ) AND hope . ccomp ( x _ 13, x _ 14 ) AND say . agent ( x _ 14 , x _ 6 ) AND say . ccomp ( x _ 14, x _ 15 ) AND help . agent ( x _ 15 , Liam ) AND help . theme ( x _ 15 , x _ 7 )	elips_VPE_depth_gen
Benjamin noticed that Noah supported that Lily admired a donut and so did a judge .	donut ( x _ 2 ) AND judge ( x _ 1 ) AND notice . agent ( x _ 3 , Benjamin ) AND notice . ccomp ( x _ 3, x _ 4 ) AND support . agent ( x _ 4 , Noah ) AND support . ccomp ( x _ 4, x _ 5 ) AND admire . agent ( x _ 5 , Lily ) AND admire . theme ( x _ 5 , x _ 2 ) AND notice . agent ( x _ 6 , x _ 1 ) AND notice . ccomp ( x _ 6, x _ 7 ) AND support . agent ( x _ 7 , Noah ) AND support . ccomp ( x _ 7, x _ 8 ) AND admire . agent ( x _ 8 , Lily ) AND admire . theme ( x _ 8 , x _ 2 )	elips_VPE_depth_gen
Olivia tolerated that Liam liked that a chicken liked a seed and so did the boy .	* boy ( x _ 2 ) ; chicken ( x _ 3 ) AND seed ( x _ 4 ) AND tolerate . agent ( x _ 5 , Olivia ) AND tolerate . ccomp ( x _ 5, x _ 6 ) AND like . agent ( x _ 6 , Liam ) AND like . ccomp ( x _ 6, x _ 7 ) AND like . agent ( x _ 7 , x _ 3 ) AND like . theme ( x _ 7 , x _ 4 ) AND tolerate . agent ( x _ 8 , x _ 2 ) AND tolerate . ccomp ( x _ 8, x _ 9 ) AND like . agent ( x _ 9 , Liam ) AND like . ccomp ( x _ 9, x _ 10 ) AND like . agent ( x _ 10 , x _ 3 ) AND like . theme ( x _ 10 , x _ 4 )	elips_VPE_depth_gen
Liam liked that the girl supported that the dog liked that a producer found the student and so did Emma .	* girl ( x _ 4 ) ; * dog ( x _ 5 ) ; * student ( x _ 7 ) ; producer ( x _ 6 ) AND like . agent ( x _ 8 , Liam ) AND like . ccomp ( x _ 8, x _ 9 ) AND support . agent ( x _ 9 , x _ 4 ) AND support . ccomp ( x _ 9, x _ 10 ) AND like . agent ( x _ 10 , x _ 5 ) AND like . ccomp ( x _ 10, x _ 11 ) AND find . agent ( x _ 11 , x _ 6 ) AND find . theme ( x _ 11 , x _ 7 ) AND like . agent ( x _ 12 , Emma ) AND like . ccomp ( x _ 12, x _ 13 ) AND support . agent ( x _ 13 , x _ 4 ) AND support . ccomp ( x _ 13, x _ 14 ) AND like . agent ( x _ 14 , x _ 5 ) AND like . ccomp ( x _ 14, x _ 15 ) AND find . agent ( x _ 15 , x _ 6 ) AND find . theme ( x _ 15 , x _ 7 )	elips_VPE_depth_gen
William noticed that a girl hoped that Emma helped a plant and so did the boy .	* boy ( x _ 2 ) ; girl ( x _ 3 ) AND plant ( x _ 4 ) AND notice . agent ( x _ 5 , William ) AND notice . ccomp ( x _ 5, x _ 6 ) AND hope . agent ( x _ 6 , x _ 3 ) AND hope . ccomp ( x _ 6, x _ 7 ) AND help . agent ( x _ 7 , Emma ) AND help . theme ( x _ 7 , x _ 4 ) AND notice . agent ( x _ 8 , x _ 2 ) AND notice . ccomp ( x _ 8, x _ 9 ) AND hope . agent ( x _ 9 , x _ 3 ) AND hope . ccomp ( x _ 9, x _ 10 ) AND help . agent ( x _ 10 , Emma ) AND help . theme ( x _ 10 , x _ 4 )	elips_VPE_depth_gen
The boy liked that James liked that the girl found Madison and so did the buyer .	* boy ( x _ 0 ) ; * girl ( x _ 3 ) ; * buyer ( x _ 2 ) ; like . agent ( x _ 4 , x _ 0 ) AND like . ccomp ( x _ 4, x _ 5 ) AND like . agent ( x _ 5 , James ) AND like . ccomp ( x _ 5, x _ 6 ) AND find . agent ( x _ 6 , x _ 3 ) AND find . theme ( x _ 6 , Madison ) AND like . agent ( x _ 7 , x _ 2 ) AND like . ccomp ( x _ 7, x _ 8 ) AND like . agent ( x _ 8 , James ) AND like . ccomp ( x _ 8, x _ 9 ) AND find . agent ( x _ 9 , x _ 3 ) AND find . theme ( x _ 9 , Madison )	elips_VPE_depth_gen
Aria noticed that Sebastian hoped that Michael adored the lollipop and so did Emma .	* lollipop ( x _ 1 ) ; notice . agent ( x _ 2 , Aria ) AND notice . ccomp ( x _ 2, x _ 3 ) AND hope . agent ( x _ 3 , Sebastian ) AND hope . ccomp ( x _ 3, x _ 4 ) AND adore . agent ( x _ 4 , Michael ) AND adore . theme ( x _ 4 , x _ 1 ) AND notice . agent ( x _ 5 , Emma ) AND notice . ccomp ( x _ 5, x _ 6 ) AND hope . agent ( x _ 6 , Sebastian ) AND hope . ccomp ( x _ 6, x _ 7 ) AND adore . agent ( x _ 7 , Michael ) AND adore . theme ( x _ 7 , x _ 1 )	elips_VPE_depth_gen
The mouse liked that Daniel noticed that the child loved a donut and so did a girl .	* mouse ( x _ 0 ) ; * child ( x _ 4 ) ; donut ( x _ 5 ) AND girl ( x _ 3 ) AND like . agent ( x _ 6 , x _ 0 ) AND like . ccomp ( x _ 6, x _ 7 ) AND notice . agent ( x _ 7 , Daniel ) AND notice . ccomp ( x _ 7, x _ 8 ) AND love . agent ( x _ 8 , x _ 4 ) AND love . theme ( x _ 8 , x _ 5 ) AND like . agent ( x _ 9 , x _ 3 ) AND like . ccomp ( x _ 9, x _ 10 ) AND notice . agent ( x _ 10 , Daniel ) AND notice . ccomp ( x _ 10, x _ 11 ) AND love . agent ( x _ 11 , x _ 4 ) AND love . theme ( x _ 11 , x _ 5 )	elips_VPE_depth_gen
John liked that a girl noticed that Aria liked Theodore and so did a boy .	girl ( x _ 2 ) AND boy ( x _ 1 ) AND like . agent ( x _ 3 , John ) AND like . ccomp ( x _ 3, x _ 4 ) AND notice . agent ( x _ 4 , x _ 2 ) AND notice . ccomp ( x _ 4, x _ 5 ) AND like . agent ( x _ 5 , Aria ) AND like . theme ( x _ 5 , Theodore ) AND like . agent ( x _ 6 , x _ 1 ) AND like . ccomp ( x _ 6, x _ 7 ) AND notice . agent ( x _ 7 , x _ 2 ) AND notice . ccomp ( x _ 7, x _ 8 ) AND like . agent ( x _ 8 , Aria ) AND like . theme ( x _ 8 , Theodore )	elips_VPE_depth_gen
A girl proved that the chicken liked that the boy liked Emma and so did Olivia .	* chicken ( x _ 3 ) ; * boy ( x _ 4 ) ; girl ( x _ 0 ) AND prove . agent ( x _ 5 , x _ 0 ) AND prove . ccomp ( x _ 5, x _ 6 ) AND like . agent ( x _ 6 , x _ 3 ) AND like . ccomp ( x _ 6, x _ 7 ) AND like . agent ( x _ 7 , x _ 4 ) AND like . theme ( x _ 7 , Emma ) AND prove . agent ( x _ 8 , Olivia ) AND prove . ccomp ( x _ 8, x _ 9 ) AND like . agent ( x _ 9 , x _ 3 ) AND like . ccomp ( x _ 9, x _ 10 ) AND like . agent ( x _ 10 , x _ 4 ) AND like . theme ( x _ 10 , Emma )	elips_VPE_depth_gen
The girl hoped that Emma supported that a prisoner helped a pig and so did Noah .	* girl ( x _ 0 ) ; prisoner ( x _ 3 ) AND pig ( x _ 4 ) AND hope . agent ( x _ 5 , x _ 0 ) AND hope . ccomp ( x _ 5, x _ 6 ) AND support . agent ( x _ 6 , Emma ) AND support . ccomp ( x _ 6, x _ 7 ) AND help . agent ( x _ 7 , x _ 3 ) AND help . theme ( x _ 7 , x _ 4 ) AND hope . agent ( x _ 8 , Noah ) AND hope . ccomp ( x _ 8, x _ 9 ) AND support . agent ( x _ 9 , Emma ) AND support . ccomp ( x _ 9, x _ 10 ) AND help . agent ( x _ 10 , x _ 3 ) AND help . theme ( x _ 10 , x _ 4 )	elips_VPE_depth_gen
The dog wished that Elizabeth liked that a boy helped the flag and so did Emma .	* dog ( x _ 0 ) ; * flag ( x _ 4 ) ; boy ( x _ 3 ) AND wish . agent ( x _ 5 , x _ 0 ) AND wish . ccomp ( x _ 5, x _ 6 ) AND like . agent ( x _ 6 , Elizabeth ) AND like . ccomp ( x _ 6, x _ 7 ) AND help . agent ( x _ 7 , x _ 3 ) AND help . theme ( x _ 7 , x _ 4 ) AND wish . agent ( x _ 8 , Emma ) AND wish . ccomp ( x _ 8, x _ 9 ) AND like . agent ( x _ 9 , Elizabeth ) AND like . ccomp ( x _ 9, x _ 10 ) AND help . agent ( x _ 10 , x _ 3 ) AND help . theme ( x _ 10 , x _ 4 )	elips_VPE_depth_gen
A manager said that Emma said that Liam missed a box and so did Noah .	manager ( x _ 0 ) AND box ( x _ 2 ) AND say . agent ( x _ 3 , x _ 0 ) AND say . ccomp ( x _ 3, x _ 4 ) AND say . agent ( x _ 4 , Emma ) AND say . ccomp ( x _ 4, x _ 5 ) AND miss . agent ( x _ 5 , Liam ) AND miss . theme ( x _ 5 , x _ 2 ) AND say . agent ( x _ 6 , Noah ) AND say . ccomp ( x _ 6, x _ 7 ) AND say . agent ( x _ 7 , Emma ) AND say . ccomp ( x _ 7, x _ 8 ) AND miss . agent ( x _ 8 , Liam ) AND miss . theme ( x _ 8 , x _ 2 )	elips_VPE_depth_gen
The dog thought that Emma hoped that a cat loved the consumer and so did a boy .	* dog ( x _ 0 ) ; * consumer ( x _ 5 ) ; cat ( x _ 4 ) AND boy ( x _ 3 ) AND think . agent ( x _ 6 , x _ 0 ) AND think . ccomp ( x _ 6, x _ 7 ) AND hope . agent ( x _ 7 , Emma ) AND hope . ccomp ( x _ 7, x _ 8 ) AND love . agent ( x _ 8 , x _ 4 ) AND love . theme ( x _ 8 , x _ 5 ) AND think . agent ( x _ 9 , x _ 3 ) AND think . ccomp ( x _ 9, x _ 10 ) AND hope . agent ( x _ 10 , Emma ) AND hope . ccomp ( x _ 10, x _ 11 ) AND love . agent ( x _ 11 , x _ 4 ) AND love . theme ( x _ 11 , x _ 5 )	elips_VPE_depth_gen
Sophia liked that Oliver liked that the baby noticed that William found a donut and so did a girl .	* baby ( x _ 3 ) ; donut ( x _ 4 ) AND girl ( x _ 2 ) AND like . agent ( x _ 5 , Sophia ) AND like . ccomp ( x _ 5, x _ 6 ) AND like . agent ( x _ 6 , Oliver ) AND like . ccomp ( x _ 6, x _ 7 ) AND notice . agent ( x _ 7 , x _ 3 ) AND notice . ccomp ( x _ 7, x _ 8 ) AND find . agent ( x _ 8 , William ) AND find . theme ( x _ 8 , x _ 4 ) AND like . agent ( x _ 9 , x _ 2 ) AND like . ccomp ( x _ 9, x _ 10 ) AND like . agent ( x _ 10 , Oliver ) AND like . ccomp ( x _ 10, x _ 11 ) AND notice . agent ( x _ 11 , x _ 3 ) AND notice . ccomp ( x _ 11, x _ 12 ) AND find . agent ( x _ 12 , William ) AND find . theme ( x _ 12 , x _ 4 )	elips_VPE_depth_gen
Emma hoped that a chicken wished that a girl respected Jackson and so did Liam .	chicken ( x _ 2 ) AND girl ( x _ 3 ) AND hope . agent ( x _ 4 , Emma ) AND hope . ccomp ( x _ 4, x _ 5 ) AND wish . agent ( x _ 5 , x _ 2 ) AND wish . ccomp ( x _ 5, x _ 6 ) AND respect . agent ( x _ 6 , x _ 3 ) AND respect . theme ( x _ 6 , Jackson ) AND hope . agent ( x _ 7 , Liam ) AND hope . ccomp ( x _ 7, x _ 8 ) AND wish . agent ( x _ 8 , x _ 2 ) AND wish . ccomp ( x _ 8, x _ 9 ) AND respect . agent ( x _ 9 , x _ 3 ) AND respect . theme ( x _ 9 , Jackson )	elips_VPE_depth_gen
A champion thought that the bee hoped that Emma found the cat and so did a mouse .	* bee ( x _ 4 ) ; * cat ( x _ 5 ) ; champion ( x _ 0 ) AND mouse ( x _ 3 ) AND think . agent ( x _ 6 , x _ 0 ) AND think . ccomp ( x _ 6, x _ 7 ) AND hope . agent ( x _ 7 , x _ 4 ) AND hope . ccomp ( x _ 7, x _ 8 ) AND find . agent ( x _ 8 , Emma ) AND find . theme ( x _ 8 , x _ 5 ) AND think . agent ( x _ 9 , x _ 3 ) AND think . ccomp ( x _ 9, x _ 10 ) AND hope . agent ( x _ 10 , x _ 4 ) AND hope . ccomp ( x _ 10, x _ 11 ) AND find . agent ( x _ 11 , Emma ) AND find . theme ( x _ 11 , x _ 5 )	elips_VPE_depth_gen
Julian hoped that a frog meant that Alexander adored the human and so did the girl .	* human ( x _ 4 ) ; * girl ( x _ 2 ) ; frog ( x _ 3 ) AND hope . agent ( x _ 5 , Julian ) AND hope . ccomp ( x _ 5, x _ 6 ) AND mean . agent ( x _ 6 , x _ 3 ) AND mean . ccomp ( x _ 6, x _ 7 ) AND adore . agent ( x _ 7 , Alexander ) AND adore . theme ( x _ 7 , x _ 4 ) AND hope . agent ( x _ 8 , x _ 2 ) AND hope . ccomp ( x _ 8, x _ 9 ) AND mean . agent ( x _ 9 , x _ 3 ) AND mean . ccomp ( x _ 9, x _ 10 ) AND adore . agent ( x _ 10 , Alexander ) AND adore . theme ( x _ 10 , x _ 4 )	elips_VPE_depth_gen
The boy liked that Camila liked that the girl found Emma and so did the wolf .	* boy ( x _ 0 ) ; * girl ( x _ 3 ) ; * wolf ( x _ 2 ) ; like . agent ( x _ 4 , x _ 0 ) AND like . ccomp ( x _ 4, x _ 5 ) AND like . agent ( x _ 5 , Camila ) AND like . ccomp ( x _ 5, x _ 6 ) AND find . agent ( x _ 6 , x _ 3 ) AND find . theme ( x _ 6 , Emma ) AND like . agent ( x _ 7 , x _ 2 ) AND like . ccomp ( x _ 7, x _ 8 ) AND like . agent ( x _ 8 , Camila ) AND like . ccomp ( x _ 8, x _ 9 ) AND find . agent ( x _ 9 , x _ 3 ) AND find . theme ( x _ 9 , Emma )	elips_VPE_depth_gen
James hoped that Avery hoped that the donkey meant that the kid liked the cake and so did Emma .	* donkey ( x _ 3 ) ; * kid ( x _ 4 ) ; * cake ( x _ 5 ) ; hope . agent ( x _ 6 , James ) AND hope . ccomp ( x _ 6, x _ 7 ) AND hope . agent ( x _ 7 , Avery ) AND hope . ccomp ( x _ 7, x _ 8 ) AND mean . agent ( x _ 8 , x _ 3 ) AND mean . ccomp ( x _ 8, x _ 9 ) AND like . agent ( x _ 9 , x _ 4 ) AND like . theme ( x _ 9 , x _ 5 ) AND hope . agent ( x _ 10 , Emma ) AND hope . ccomp ( x _ 10, x _ 11 ) AND hope . agent ( x _ 11 , Avery ) AND hope . ccomp ( x _ 11, x _ 12 ) AND mean . agent ( x _ 12 , x _ 3 ) AND mean . ccomp ( x _ 12, x _ 13 ) AND like . agent ( x _ 13 , x _ 4 ) AND like . theme ( x _ 13 , x _ 5 )	elips_VPE_depth_gen
A boy liked that Carter noticed that Emma poked a gumball and so did Olivia .	boy ( x _ 0 ) AND gumball ( x _ 2 ) AND like . agent ( x _ 3 , x _ 0 ) AND like . ccomp ( x _ 3, x _ 4 ) AND notice . agent ( x _ 4 , Carter ) AND notice . ccomp ( x _ 4, x _ 5 ) AND poke . agent ( x _ 5 , Emma ) AND poke . theme ( x _ 5 , x _ 2 ) AND like . agent ( x _ 6 , Olivia ) AND like . ccomp ( x _ 6, x _ 7 ) AND notice . agent ( x _ 7 , Carter ) AND notice . ccomp ( x _ 7, x _ 8 ) AND poke . agent ( x _ 8 , Emma ) AND poke . theme ( x _ 8 , x _ 2 )	elips_VPE_depth_gen
The professor liked that Chloe liked that Emma believed that the girl missed a dog and so did Victoria .	* professor ( x _ 0 ) ; * girl ( x _ 3 ) ; dog ( x _ 4 ) AND like . agent ( x _ 5 , x _ 0 ) AND like . ccomp ( x _ 5, x _ 6 ) AND like . agent ( x _ 6 , Chloe ) AND like . ccomp ( x _ 6, x _ 7 ) AND believe . agent ( x _ 7 , Emma ) AND believe . ccomp ( x _ 7, x _ 8 ) AND miss . agent ( x _ 8 , x _ 3 ) AND miss . theme ( x _ 8 , x _ 4 ) AND like . agent ( x _ 9 , Victoria ) AND like . ccomp ( x _ 9, x _ 10 ) AND like . agent ( x _ 10 , Chloe ) AND like . ccomp ( x _ 10, x _ 11 ) AND believe . agent ( x _ 11 , Emma ) AND believe . ccomp ( x _ 11, x _ 12 ) AND miss . agent ( x _ 12 , x _ 3 ) AND miss . theme ( x _ 12 , x _ 4 )	elips_VPE_depth_gen
Emma valued that the girl valued that Charlotte liked the donut and so did a monkey .	* girl ( x _ 3 ) ; * donut ( x _ 4 ) ; monkey ( x _ 2 ) AND value . agent ( x _ 5 , Emma ) AND value . ccomp ( x _ 5, x _ 6 ) AND value . agent ( x _ 6 , x _ 3 ) AND value . ccomp ( x _ 6, x _ 7 ) AND like . agent ( x _ 7 , Charlotte ) AND like . theme ( x _ 7 , x _ 4 ) AND value . agent ( x _ 8 , x _ 2 ) AND value . ccomp ( x _ 8, x _ 9 ) AND value . agent ( x _ 9 , x _ 3 ) AND value . ccomp ( x _ 9, x _ 10 ) AND like . agent ( x _ 10 , Charlotte ) AND like . theme ( x _ 10 , x _ 4 )	elips_VPE_depth_gen
Emma hoped that Liam liked that the captain liked the cat and so did the girl .	* captain ( x _ 3 ) ; * cat ( x _ 4 ) ; * girl ( x _ 2 ) ; hope . agent ( x _ 5 , Emma ) AND hope . ccomp ( x _ 5, x _ 6 ) AND like . agent ( x _ 6 , Liam ) AND like . ccomp ( x _ 6, x _ 7 ) AND like . agent ( x _ 7 , x _ 3 ) AND like . theme ( x _ 7 , x _ 4 ) AND hope . agent ( x _ 8 , x _ 2 ) AND hope . ccomp ( x _ 8, x _ 9 ) AND like . agent ( x _ 9 , Liam ) AND like . ccomp ( x _ 9, x _ 10 ) AND like . agent ( x _ 10 , x _ 3 ) AND like . theme ( x _ 10 , x _ 4 )	elips_VPE_depth_gen
Liam liked that Noah declared that Ava adored the cookie and so did Sebastian .	* cookie ( x _ 1 ) ; like . agent ( x _ 2 , Liam ) AND like . ccomp ( x _ 2, x _ 3 ) AND declare . agent ( x _ 3 , Noah ) AND declare . ccomp ( x _ 3, x _ 4 ) AND adore . agent ( x _ 4 , Ava ) AND adore . theme ( x _ 4 , x _ 1 ) AND like . agent ( x _ 5 , Sebastian ) AND like . ccomp ( x _ 5, x _ 6 ) AND declare . agent ( x _ 6 , Noah ) AND declare . ccomp ( x _ 6, x _ 7 ) AND adore . agent ( x _ 7 , Ava ) AND adore . theme ( x _ 7 , x _ 1 )	elips_VPE_depth_gen
A girl liked that a boy believed that the baby liked William and so did a kid .	* baby ( x _ 5 ) ; girl ( x _ 0 ) AND boy ( x _ 4 ) AND kid ( x _ 3 ) AND like . agent ( x _ 6 , x _ 0 ) AND like . ccomp ( x _ 6, x _ 7 ) AND believe . agent ( x _ 7 , x _ 4 ) AND believe . ccomp ( x _ 7, x _ 8 ) AND like . agent ( x _ 8 , x _ 5 ) AND like . theme ( x _ 8 , William ) AND like . agent ( x _ 9 , x _ 3 ) AND like . ccomp ( x _ 9, x _ 10 ) AND believe . agent ( x _ 10 , x _ 4 ) AND believe . ccomp ( x _ 10, x _ 11 ) AND like . agent ( x _ 11 , x _ 5 ) AND like . theme ( x _ 11 , William )	elips_VPE_depth_gen
A horse tolerated that Noah liked that Emma helped the game and so did Liam .	* game ( x _ 2 ) ; horse ( x _ 0 ) AND tolerate . agent ( x _ 3 , x _ 0 ) AND tolerate . ccomp ( x _ 3, x _ 4 ) AND like . agent ( x _ 4 , Noah ) AND like . ccomp ( x _ 4, x _ 5 ) AND help . agent ( x _ 5 , Emma ) AND help . theme ( x _ 5 , x _ 2 ) AND tolerate . agent ( x _ 6 , Liam ) AND tolerate . ccomp ( x _ 6, x _ 7 ) AND like . agent ( x _ 7 , Noah ) AND like . ccomp ( x _ 7, x _ 8 ) AND help . agent ( x _ 8 , Emma ) AND help . theme ( x _ 8 , x _ 2 )	elips_VPE_depth_gen
The butterfly liked that a cat noticed that Emma loved a boy and so did Noah .	* butterfly ( x _ 0 ) ; cat ( x _ 3 ) AND boy ( x _ 4 ) AND like . agent ( x _ 5 , x _ 0 ) AND like . ccomp ( x _ 5, x _ 6 ) AND notice . agent ( x _ 6 , x _ 3 ) AND notice . ccomp ( x _ 6, x _ 7 ) AND love . agent ( x _ 7 , Emma ) AND love . theme ( x _ 7 , x _ 4 ) AND like . agent ( x _ 8 , Noah ) AND like . ccomp ( x _ 8, x _ 9 ) AND notice . agent ( x _ 9 , x _ 3 ) AND notice . ccomp ( x _ 9, x _ 10 ) AND love . agent ( x _ 10 , Emma ) AND love . theme ( x _ 10 , x _ 4 )	elips_VPE_depth_gen
Mateo liked that the teacher liked that Aubrey adored the donut and so did a girl .	* teacher ( x _ 3 ) ; * donut ( x _ 4 ) ; girl ( x _ 2 ) AND like . agent ( x _ 5 , Mateo ) AND like . ccomp ( x _ 5, x _ 6 ) AND like . agent ( x _ 6 , x _ 3 ) AND like . ccomp ( x _ 6, x _ 7 ) AND adore . agent ( x _ 7 , Aubrey ) AND adore . theme ( x _ 7 , x _ 4 ) AND like . agent ( x _ 8 , x _ 2 ) AND like . ccomp ( x _ 8, x _ 9 ) AND like . agent ( x _ 9 , x _ 3 ) AND like . ccomp ( x _ 9, x _ 10 ) AND adore . agent ( x _ 10 , Aubrey ) AND adore . theme ( x _ 10 , x _ 4 )	elips_VPE_depth_gen
A baby noticed that Daniel liked that the dog liked the donut and so did a monster .	* dog ( x _ 4 ) ; * donut ( x _ 5 ) ; baby ( x _ 0 ) AND monster ( x _ 3 ) AND notice . agent ( x _ 6 , x _ 0 ) AND notice . ccomp ( x _ 6, x _ 7 ) AND like . agent ( x _ 7 , Daniel ) AND like . ccomp ( x _ 7, x _ 8 ) AND like . agent ( x _ 8 , x _ 4 ) AND like . theme ( x _ 8 , x _ 5 ) AND notice . agent ( x _ 9 , x _ 3 ) AND notice . ccomp ( x _ 9, x _ 10 ) AND like . agent ( x _ 10 , Daniel ) AND like . ccomp ( x _ 10, x _ 11 ) AND like . agent ( x _ 11 , x _ 4 ) AND like . theme ( x _ 11 , x _ 5 )	elips_VPE_depth_gen
Emma liked that Luke declared that the duck loved a donut and so did a bunny .	* duck ( x _ 3 ) ; donut ( x _ 4 ) AND bunny ( x _ 2 ) AND like . agent ( x _ 5 , Emma ) AND like . ccomp ( x _ 5, x _ 6 ) AND declare . agent ( x _ 6 , Luke ) AND declare . ccomp ( x _ 6, x _ 7 ) AND love . agent ( x _ 7 , x _ 3 ) AND love . theme ( x _ 7 , x _ 4 ) AND like . agent ( x _ 8 , x _ 2 ) AND like . ccomp ( x _ 8, x _ 9 ) AND declare . agent ( x _ 9 , Luke ) AND declare . ccomp ( x _ 9, x _ 10 ) AND love . agent ( x _ 10 , x _ 3 ) AND love . theme ( x _ 10 , x _ 4 )	elips_VPE_depth_gen
Amelia hoped that a girl liked that Emma hoped that the penguin helped the cake and so did Olivia .	* penguin ( x _ 4 ) ; * cake ( x _ 5 ) ; girl ( x _ 3 ) AND hope . agent ( x _ 6 , Amelia ) AND hope . ccomp ( x _ 6, x _ 7 ) AND like . agent ( x _ 7 , x _ 3 ) AND like . ccomp ( x _ 7, x _ 8 ) AND hope . agent ( x _ 8 , Emma ) AND hope . ccomp ( x _ 8, x _ 9 ) AND help . agent ( x _ 9 , x _ 4 ) AND help . theme ( x _ 9 , x _ 5 ) AND hope . agent ( x _ 10 , Olivia ) AND hope . ccomp ( x _ 10, x _ 11 ) AND like . agent ( x _ 11 , x _ 3 ) AND like . ccomp ( x _ 11, x _ 12 ) AND hope . agent ( x _ 12 , Emma ) AND hope . ccomp ( x _ 12, x _ 13 ) AND help . agent ( x _ 13 , x _ 4 ) AND help . theme ( x _ 13 , x _ 5 )	elips_VPE_depth_gen
Ava hoped that the bunny supported that the dog liked Jayden and so did a baby .	* bunny ( x _ 3 ) ; * dog ( x _ 4 ) ; baby ( x _ 2 ) AND hope . agent ( x _ 5 , Ava ) AND hope . ccomp ( x _ 5, x _ 6 ) AND support . agent ( x _ 6 , x _ 3 ) AND support . ccomp ( x _ 6, x _ 7 ) AND like . agent ( x _ 7 , x _ 4 ) AND like . theme ( x _ 7 , Jayden ) AND hope . agent ( x _ 8 , x _ 2 ) AND hope . ccomp ( x _ 8, x _ 9 ) AND support . agent ( x _ 9 , x _ 3 ) AND support . ccomp ( x _ 9, x _ 10 ) AND like . agent ( x _ 10 , x _ 4 ) AND like . theme ( x _ 10 , Jayden )	elips_VPE_depth_gen
A girl hoped that Liam liked that Emma liked a child and so did a boy .	girl ( x _ 0 ) AND child ( x _ 3 ) AND boy ( x _ 2 ) AND hope . agent ( x _ 4 , x _ 0 ) AND hope . ccomp ( x _ 4, x _ 5 ) AND like . agent ( x _ 5 , Liam ) AND like . ccomp ( x _ 5, x _ 6 ) AND like . agent ( x _ 6 , Emma ) AND like . theme ( x _ 6 , x _ 3 ) AND hope . agent ( x _ 7 , x _ 2 ) AND hope . ccomp ( x _ 7, x _ 8 ) AND like . agent ( x _ 8 , Liam ) AND like . ccomp ( x _ 8, x _ 9 ) AND like . agent ( x _ 9 , Emma ) AND like . theme ( x _ 9 , x _ 3 )	elips_VPE_depth_gen
Noah said that Elijah hoped that Emma found a cake and so did the boy .	* boy ( x _ 1 ) ; cake ( x _ 2 ) AND say . agent ( x _ 3 , Noah ) AND say . ccomp ( x _ 3, x _ 4 ) AND hope . agent ( x _ 4 , Elijah ) AND hope . ccomp ( x _ 4, x _ 5 ) AND find . agent ( x _ 5 , Emma ) AND find . theme ( x _ 5 , x _ 2 ) AND say . agent ( x _ 6 , x _ 1 ) AND say . ccomp ( x _ 6, x _ 7 ) AND hope . agent ( x _ 7 , Elijah ) AND hope . ccomp ( x _ 7, x _ 8 ) AND find . agent ( x _ 8 , Emma ) AND find . theme ( x _ 8 , x _ 2 )	elips_VPE_depth_gen
Ava dreamed that a girl said that Lucas liked that the dog liked the donut and so did William .	* dog ( x _ 4 ) ; * donut ( x _ 5 ) ; girl ( x _ 3 ) AND dream . agent ( x _ 6 , Ava ) AND dream . ccomp ( x _ 6, x _ 7 ) AND say . agent ( x _ 7 , x _ 3 ) AND say . ccomp ( x _ 7, x _ 8 ) AND like . agent ( x _ 8 , Lucas ) AND like . ccomp ( x _ 8, x _ 9 ) AND like . agent ( x _ 9 , x _ 4 ) AND like . theme ( x _ 9 , x _ 5 ) AND dream . agent ( x _ 10 , William ) AND dream . ccomp ( x _ 10, x _ 11 ) AND say . agent ( x _ 11 , x _ 3 ) AND say . ccomp ( x _ 11, x _ 12 ) AND like . agent ( x _ 12 , Lucas ) AND like . ccomp ( x _ 12, x _ 13 ) AND like . agent ( x _ 13 , x _ 4 ) AND like . theme ( x _ 13 , x _ 5 )	elips_VPE_depth_gen
Emma said that the crocodile confessed that Olivia liked the girl and so did a boy .	* crocodile ( x _ 3 ) ; * girl ( x _ 4 ) ; boy ( x _ 2 ) AND say . agent ( x _ 5 , Emma ) AND say . ccomp ( x _ 5, x _ 6 ) AND confess . agent ( x _ 6 , x _ 3 ) AND confess . ccomp ( x _ 6, x _ 7 ) AND like . agent ( x _ 7 , Olivia ) AND like . theme ( x _ 7 , x _ 4 ) AND say . agent ( x _ 8 , x _ 2 ) AND say . ccomp ( x _ 8, x _ 9 ) AND confess . agent ( x _ 9 , x _ 3 ) AND confess . ccomp ( x _ 9, x _ 10 ) AND like . agent ( x _ 10 , Olivia ) AND like . theme ( x _ 10 , x _ 4 )	elips_VPE_depth_gen
The bee hoped that Emma liked that a girl respected a dog and so did the pupil .	* bee ( x _ 0 ) ; * pupil ( x _ 3 ) ; girl ( x _ 4 ) AND dog ( x _ 5 ) AND hope . agent ( x _ 6 , x _ 0 ) AND hope . ccomp ( x _ 6, x _ 7 ) AND like . agent ( x _ 7 , Emma ) AND like . ccomp ( x _ 7, x _ 8 ) AND respect . agent ( x _ 8 , x _ 4 ) AND respect . theme ( x _ 8 , x _ 5 ) AND hope . agent ( x _ 9 , x _ 3 ) AND hope . ccomp ( x _ 9, x _ 10 ) AND like . agent ( x _ 10 , Emma ) AND like . ccomp ( x _ 10, x _ 11 ) AND respect . agent ( x _ 11 , x _ 4 ) AND respect . theme ( x _ 11 , x _ 5 )	elips_VPE_depth_gen
Liam believed that Olivia liked that a mouse respected that Emma liked Jack and so did a mother .	mouse ( x _ 2 ) AND mother ( x _ 1 ) AND believe . agent ( x _ 3 , Liam ) AND believe . ccomp ( x _ 3, x _ 4 ) AND like . agent ( x _ 4 , Olivia ) AND like . ccomp ( x _ 4, x _ 5 ) AND respect . agent ( x _ 5 , x _ 2 ) AND respect . ccomp ( x _ 5, x _ 6 ) AND like . agent ( x _ 6 , Emma ) AND like . theme ( x _ 6 , Jack ) AND believe . agent ( x _ 7 , x _ 1 ) AND believe . ccomp ( x _ 7, x _ 8 ) AND like . agent ( x _ 8 , Olivia ) AND like . ccomp ( x _ 8, x _ 9 ) AND respect . agent ( x _ 9 , x _ 2 ) AND respect . ccomp ( x _ 9, x _ 10 ) AND like . agent ( x _ 10 , Emma ) AND like . theme ( x _ 10 , Jack )	elips_VPE_depth_gen
Charlotte said that a consumer thought that the girl imagined that Emma poked Olivia and so did Victoria .	* girl ( x _ 3 ) ; consumer ( x _ 2 ) AND say . agent ( x _ 4 , Charlotte ) AND say . ccomp ( x _ 4, x _ 5 ) AND think . agent ( x _ 5 , x _ 2 ) AND think . ccomp ( x _ 5, x _ 6 ) AND imagine . agent ( x _ 6 , x _ 3 ) AND imagine . ccomp ( x _ 6, x _ 7 ) AND poke . agent ( x _ 7 , Emma ) AND poke . theme ( x _ 7 , Olivia ) AND say . agent ( x _ 8 , Victoria ) AND say . ccomp ( x _ 8, x _ 9 ) AND think . agent ( x _ 9 , x _ 2 ) AND think . ccomp ( x _ 9, x _ 10 ) AND imagine . agent ( x _ 10 , x _ 3 ) AND imagine . ccomp ( x _ 10, x _ 11 ) AND poke . agent ( x _ 11 , Emma ) AND poke . theme ( x _ 11 , Olivia )	elips_VPE_depth_gen
The girl declared that the cat said that Isabella liked that Olivia appreciated a donut and so did Liam .	* girl ( x _ 0 ) ; * cat ( x _ 3 ) ; donut ( x _ 4 ) AND declare . agent ( x _ 5 , x _ 0 ) AND declare . ccomp ( x _ 5, x _ 6 ) AND say . agent ( x _ 6 , x _ 3 ) AND say . ccomp ( x _ 6, x _ 7 ) AND like . agent ( x _ 7 , Isabella ) AND like . ccomp ( x _ 7, x _ 8 ) AND appreciate . agent ( x _ 8 , Olivia ) AND appreciate . theme ( x _ 8 , x _ 4 ) AND declare . agent ( x _ 9 , Liam ) AND declare . ccomp ( x _ 9, x _ 10 ) AND say . agent ( x _ 10 , x _ 3 ) AND say . ccomp ( x _ 10, x _ 11 ) AND like . agent ( x _ 11 , Isabella ) AND like . ccomp ( x _ 11, x _ 12 ) AND appreciate . agent ( x _ 12 , Olivia ) AND appreciate . theme ( x _ 12 , x _ 4 )	elips_VPE_depth_gen
Liam liked that Lucas hoped that the chief admired the fish and so did a frog .	* chief ( x _ 3 ) ; * fish ( x _ 4 ) ; frog ( x _ 2 ) AND like . agent ( x _ 5 , Liam ) AND like . ccomp ( x _ 5, x _ 6 ) AND hope . agent ( x _ 6 , Lucas ) AND hope . ccomp ( x _ 6, x _ 7 ) AND admire . agent ( x _ 7 , x _ 3 ) AND admire . theme ( x _ 7 , x _ 4 ) AND like . agent ( x _ 8 , x _ 2 ) AND like . ccomp ( x _ 8, x _ 9 ) AND hope . agent ( x _ 9 , Lucas ) AND hope . ccomp ( x _ 9, x _ 10 ) AND admire . agent ( x _ 10 , x _ 3 ) AND admire . theme ( x _ 10 , x _ 4 )	elips_VPE_depth_gen
Avery expected that a fly dreamed that a chief liked a cake and so did William .	fly ( x _ 3 ) AND chief ( x _ 4 ) AND cake ( x _ 5 ) AND expect . agent ( x _ 6 , Avery ) AND expect . ccomp ( x _ 6, x _ 7 ) AND dream . agent ( x _ 7 , x _ 3 ) AND dream . ccomp ( x _ 7, x _ 8 ) AND like . agent ( x _ 8 , x _ 4 ) AND like . theme ( x _ 8 , x _ 5 ) AND expect . agent ( x _ 9 , William ) AND expect . ccomp ( x _ 9, x _ 10 ) AND dream . agent ( x _ 10 , x _ 3 ) AND dream . ccomp ( x _ 10, x _ 11 ) AND like . agent ( x _ 11 , x _ 4 ) AND like . theme ( x _ 11 , x _ 5 )	elips_VPE_depth_gen
A cat declared that Zoey respected that a monkey missed a cake and so did a teacher .	cat ( x _ 0 ) AND monkey ( x _ 4 ) AND cake ( x _ 5 ) AND teacher ( x _ 3 ) AND declare . agent ( x _ 6 , x _ 0 ) AND declare . ccomp ( x _ 6, x _ 7 ) AND respect . agent ( x _ 7 , Zoey ) AND respect . ccomp ( x _ 7, x _ 8 ) AND miss . agent ( x _ 8 , x _ 4 ) AND miss . theme ( x _ 8 , x _ 5 ) AND declare . agent ( x _ 9 , x _ 3 ) AND declare . ccomp ( x _ 9, x _ 10 ) AND respect . agent ( x _ 10 , Zoey ) AND respect . ccomp ( x _ 10, x _ 11 ) AND miss . agent ( x _ 11 , x _ 4 ) AND miss . theme ( x _ 11 , x _ 5 )	elips_VPE_depth_gen
The girl believed that a chief noticed that the president liked a donut and so did the sailor .	* girl ( x _ 0 ) ; * president ( x _ 6 ) ; * sailor ( x _ 4 ) ; chief ( x _ 5 ) AND donut ( x _ 7 ) AND believe . agent ( x _ 8 , x _ 0 ) AND believe . ccomp ( x _ 8, x _ 9 ) AND notice . agent ( x _ 9 , x _ 5 ) AND notice . ccomp ( x _ 9, x _ 10 ) AND like . agent ( x _ 10 , x _ 6 ) AND like . theme ( x _ 10 , x _ 7 ) AND believe . agent ( x _ 11 , x _ 4 ) AND believe . ccomp ( x _ 11, x _ 12 ) AND notice . agent ( x _ 12 , x _ 5 ) AND notice . ccomp ( x _ 12, x _ 13 ) AND like . agent ( x _ 13 , x _ 6 ) AND like . theme ( x _ 13 , x _ 7 )	elips_VPE_depth_gen
A girl supported that the fly liked that the lion loved the chalk and so did Emma .	* fly ( x _ 4 ) ; * lion ( x _ 5 ) ; * chalk ( x _ 6 ) ; girl ( x _ 0 ) AND support . agent ( x _ 7 , x _ 0 ) AND support . ccomp ( x _ 7, x _ 8 ) AND like . agent ( x _ 8 , x _ 4 ) AND like . ccomp ( x _ 8, x _ 9 ) AND love . agent ( x _ 9 , x _ 5 ) AND love . theme ( x _ 9 , x _ 6 ) AND support . agent ( x _ 10 , Emma ) AND support . ccomp ( x _ 10, x _ 11 ) AND like . agent ( x _ 11 , x _ 4 ) AND like . ccomp ( x _ 11, x _ 12 ) AND love . agent ( x _ 12 , x _ 5 ) AND love . theme ( x _ 12 , x _ 6 )	elips_VPE_depth_gen
Ava liked that the girl liked that a dog helped a baby and so did Olivia .	* girl ( x _ 3 ) ; dog ( x _ 4 ) AND baby ( x _ 5 ) AND like . agent ( x _ 6 , Ava ) AND like . ccomp ( x _ 6, x _ 7 ) AND like . agent ( x _ 7 , x _ 3 ) AND like . ccomp ( x _ 7, x _ 8 ) AND help . agent ( x _ 8 , x _ 4 ) AND help . theme ( x _ 8 , x _ 5 ) AND like . agent ( x _ 9 , Olivia ) AND like . ccomp ( x _ 9, x _ 10 ) AND like . agent ( x _ 10 , x _ 3 ) AND like . ccomp ( x _ 10, x _ 11 ) AND help . agent ( x _ 11 , x _ 4 ) AND help . theme ( x _ 11 , x _ 5 )	elips_VPE_depth_gen
Carter declared that Charlotte proved that Eleanor hoped that the researcher helped a doll and so did the frog .	* researcher ( x _ 3 ) ; * frog ( x _ 2 ) ; doll ( x _ 4 ) AND declare . agent ( x _ 5 , Carter ) AND declare . ccomp ( x _ 5, x _ 6 ) AND prove . agent ( x _ 6 , Charlotte ) AND prove . ccomp ( x _ 6, x _ 7 ) AND hope . agent ( x _ 7 , Eleanor ) AND hope . ccomp ( x _ 7, x _ 8 ) AND help . agent ( x _ 8 , x _ 3 ) AND help . theme ( x _ 8 , x _ 4 ) AND declare . agent ( x _ 9 , x _ 2 ) AND declare . ccomp ( x _ 9, x _ 10 ) AND prove . agent ( x _ 10 , Charlotte ) AND prove . ccomp ( x _ 10, x _ 11 ) AND hope . agent ( x _ 11 , Eleanor ) AND hope . ccomp ( x _ 11, x _ 12 ) AND help . agent ( x _ 12 , x _ 3 ) AND help . theme ( x _ 12 , x _ 4 )	elips_VPE_depth_gen
William liked that a teacher wished that Nora missed a wine and so did a passenger .	teacher ( x _ 3 ) AND wine ( x _ 4 ) AND passenger ( x _ 2 ) AND like . agent ( x _ 5 , William ) AND like . ccomp ( x _ 5, x _ 6 ) AND wish . agent ( x _ 6 , x _ 3 ) AND wish . ccomp ( x _ 6, x _ 7 ) AND miss . agent ( x _ 7 , Nora ) AND miss . theme ( x _ 7 , x _ 4 ) AND like . agent ( x _ 8 , x _ 2 ) AND like . ccomp ( x _ 8, x _ 9 ) AND wish . agent ( x _ 9 , x _ 3 ) AND wish . ccomp ( x _ 9, x _ 10 ) AND miss . agent ( x _ 10 , Nora ) AND miss . theme ( x _ 10 , x _ 4 )	elips_VPE_depth_gen
A kitty noticed that Emma liked that Aria thought that Grace liked the girl and so did Sophia .	* girl ( x _ 2 ) ; kitty ( x _ 0 ) AND notice . agent ( x _ 3 , x _ 0 ) AND notice . ccomp ( x _ 3, x _ 4 ) AND like . agent ( x _ 4 , Emma ) AND like . ccomp ( x _ 4, x _ 5 ) AND think . agent ( x _ 5 , Aria ) AND think . ccomp ( x _ 5, x _ 6 ) AND like . agent ( x _ 6 , Grace ) AND like . theme ( x _ 6 , x _ 2 ) AND notice . agent ( x _ 7 , Sophia ) AND notice . ccomp ( x _ 7, x _ 8 ) AND like . agent ( x _ 8 , Emma ) AND like . ccomp ( x _ 8, x _ 9 ) AND think . agent ( x _ 9 , Aria ) AND think . ccomp ( x _ 9, x _ 10 ) AND like . agent ( x _ 10 , Grace ) AND like . theme ( x _ 10 , x _ 2 )	elips_VPE_depth_gen
A bird liked that Emma liked that Carter expected that the guest adored a donut and so did the girl .	* guest ( x _ 4 ) ; * girl ( x _ 3 ) ; bird ( x _ 0 ) AND donut ( x _ 5 ) AND like . agent ( x _ 6 , x _ 0 ) AND like . ccomp ( x _ 6, x _ 7 ) AND like . agent ( x _ 7 , Emma ) AND like . ccomp ( x _ 7, x _ 8 ) AND expect . agent ( x _ 8 , Carter ) AND expect . ccomp ( x _ 8, x _ 9 ) AND adore . agent ( x _ 9 , x _ 4 ) AND adore . theme ( x _ 9 , x _ 5 ) AND like . agent ( x _ 10 , x _ 3 ) AND like . ccomp ( x _ 10, x _ 11 ) AND like . agent ( x _ 11 , Emma ) AND like . ccomp ( x _ 11, x _ 12 ) AND expect . agent ( x _ 12 , Carter ) AND expect . ccomp ( x _ 12, x _ 13 ) AND adore . agent ( x _ 13 , x _ 4 ) AND adore . theme ( x _ 13 , x _ 5 )	elips_VPE_depth_gen
Emma appreciated that the girl liked that Noah respected that Liam missed a penguin and so did a frog .	* girl ( x _ 3 ) ; penguin ( x _ 4 ) AND frog ( x _ 2 ) AND appreciate . agent ( x _ 5 , Emma ) AND appreciate . ccomp ( x _ 5, x _ 6 ) AND like . agent ( x _ 6 , x _ 3 ) AND like . ccomp ( x _ 6, x _ 7 ) AND respect . agent ( x _ 7 , Noah ) AND respect . ccomp ( x _ 7, x _ 8 ) AND miss . agent ( x _ 8 , Liam ) AND miss . theme ( x _ 8 , x _ 4 ) AND appreciate . agent ( x _ 9 , x _ 2 ) AND appreciate . ccomp ( x _ 9, x _ 10 ) AND like . agent ( x _ 10 , x _ 3 ) AND like . ccomp ( x _ 10, x _ 11 ) AND respect . agent ( x _ 11 , Noah ) AND respect . ccomp ( x _ 11, x _ 12 ) AND miss . agent ( x _ 12 , Liam ) AND miss . theme ( x _ 12 , x _ 4 )	elips_VPE_depth_gen
The host liked that Benjamin hoped that a boy loved Isabella and so did the girl .	* host ( x _ 0 ) ; * girl ( x _ 2 ) ; boy ( x _ 3 ) AND like . agent ( x _ 4 , x _ 0 ) AND like . ccomp ( x _ 4, x _ 5 ) AND hope . agent ( x _ 5 , Benjamin ) AND hope . ccomp ( x _ 5, x _ 6 ) AND love . agent ( x _ 6 , x _ 3 ) AND love . theme ( x _ 6 , Isabella ) AND like . agent ( x _ 7 , x _ 2 ) AND like . ccomp ( x _ 7, x _ 8 ) AND hope . agent ( x _ 8 , Benjamin ) AND hope . ccomp ( x _ 8, x _ 9 ) AND love . agent ( x _ 9 , x _ 3 ) AND love . theme ( x _ 9 , Isabella )	elips_VPE_depth_gen
Emma said that a boy expected that Addison respected that Amelia believed that Liam liked Sophia and so did the girl .	* girl ( x _ 1 ) ; boy ( x _ 2 ) AND say . agent ( x _ 3 , Emma ) AND say . ccomp ( x _ 3, x _ 4 ) AND expect . agent ( x _ 4 , x _ 2 ) AND expect . ccomp ( x _ 4, x _ 5 ) AND respect . agent ( x _ 5 , Addison ) AND respect . ccomp ( x _ 5, x _ 6 ) AND believe . agent ( x _ 6 , Amelia ) AND believe . ccomp ( x _ 6, x _ 7 ) AND like . agent ( x _ 7 , Liam ) AND like . theme ( x _ 7 , Sophia ) AND say . agent ( x _ 8 , x _ 1 ) AND say . ccomp ( x _ 8, x _ 9 ) AND expect . agent ( x _ 9 , x _ 2 ) AND expect . ccomp ( x _ 9, x _ 10 ) AND respect . agent ( x _ 10 , Addison ) AND respect . ccomp ( x _ 10, x _ 11 ) AND believe . agent ( x _ 11 , Amelia ) AND believe . ccomp ( x _ 11, x _ 12 ) AND like . agent ( x _ 12 , Liam ) AND like . theme ( x _ 12 , Sophia )	elips_VPE_depth_gen
William thought that Ryan meant that a girl admired the sandwich and so did the dog .	* sandwich ( x _ 4 ) ; * dog ( x _ 2 ) ; girl ( x _ 3 ) AND think . agent ( x _ 5 , William ) AND think . ccomp ( x _ 5, x _ 6 ) AND mean . agent ( x _ 6 , Ryan ) AND mean . ccomp ( x _ 6, x _ 7 ) AND admire . agent ( x _ 7 , x _ 3 ) AND admire . theme ( x _ 7 , x _ 4 ) AND think . agent ( x _ 8 , x _ 2 ) AND think . ccomp ( x _ 8, x _ 9 ) AND mean . agent ( x _ 9 , Ryan ) AND mean . ccomp ( x _ 9, x _ 10 ) AND admire . agent ( x _ 10 , x _ 3 ) AND admire . theme ( x _ 10 , x _ 4 )	elips_VPE_depth_gen
Noah appreciated that a girl believed that Isabella appreciated that a boy liked a cookie and so did a lion .	girl ( x _ 4 ) AND boy ( x _ 5 ) AND cookie ( x _ 6 ) AND lion ( x _ 3 ) AND appreciate . agent ( x _ 7 , Noah ) AND appreciate . ccomp ( x _ 7, x _ 8 ) AND believe . agent ( x _ 8 , x _ 4 ) AND believe . ccomp ( x _ 8, x _ 9 ) AND appreciate . agent ( x _ 9 , Isabella ) AND appreciate . ccomp ( x _ 9, x _ 10 ) AND like . agent ( x _ 10 , x _ 5 ) AND like . theme ( x _ 10 , x _ 6 ) AND appreciate . agent ( x _ 11 , x _ 3 ) AND appreciate . ccomp ( x _ 11, x _ 12 ) AND believe . agent ( x _ 12 , x _ 4 ) AND believe . ccomp ( x _ 12, x _ 13 ) AND appreciate . agent ( x _ 13 , Isabella ) AND appreciate . ccomp ( x _ 13, x _ 14 ) AND like . agent ( x _ 14 , x _ 5 ) AND like . theme ( x _ 14 , x _ 6 )	elips_VPE_depth_gen
A lawyer hoped that a cat liked that the girl liked that a frog helped a father and so did the dog .	* girl ( x _ 7 ) ; * dog ( x _ 5 ) ; lawyer ( x _ 0 ) AND cat ( x _ 6 ) AND frog ( x _ 8 ) AND father ( x _ 9 ) AND hope . agent ( x _ 10 , x _ 0 ) AND hope . ccomp ( x _ 10, x _ 11 ) AND like . agent ( x _ 11 , x _ 6 ) AND like . ccomp ( x _ 11, x _ 12 ) AND like . agent ( x _ 12 , x _ 7 ) AND like . ccomp ( x _ 12, x _ 13 ) AND help . agent ( x _ 13 , x _ 8 ) AND help . theme ( x _ 13 , x _ 9 ) AND hope . agent ( x _ 14 , x _ 5 ) AND hope . ccomp ( x _ 14, x _ 15 ) AND like . agent ( x _ 15 , x _ 6 ) AND like . ccomp ( x _ 15, x _ 16 ) AND like . agent ( x _ 16 , x _ 7 ) AND like . ccomp ( x _ 16, x _ 17 ) AND help . agent ( x _ 17 , x _ 8 ) AND help . theme ( x _ 17 , x _ 9 )	elips_VPE_depth_gen
Liam noticed that the frog liked that Ava admired James and so did the boy .	* frog ( x _ 2 ) ; * boy ( x _ 1 ) ; notice . agent ( x _ 3 , Liam ) AND notice . ccomp ( x _ 3, x _ 4 ) AND like . agent ( x _ 4 , x _ 2 ) AND like . ccomp ( x _ 4, x _ 5 ) AND admire . agent ( x _ 5 , Ava ) AND admire . theme ( x _ 5 , James ) AND notice . agent ( x _ 6 , x _ 1 ) AND notice . ccomp ( x _ 6, x _ 7 ) AND like . agent ( x _ 7 , x _ 2 ) AND like . ccomp ( x _ 7, x _ 8 ) AND admire . agent ( x _ 8 , Ava ) AND admire . theme ( x _ 8 , James )	elips_VPE_depth_gen
Evelyn hoped that a kitty liked that a girl noticed that a boy liked Oliver and so did the turtle .	* turtle ( x _ 3 ) ; kitty ( x _ 4 ) AND girl ( x _ 5 ) AND boy ( x _ 6 ) AND hope . agent ( x _ 7 , Evelyn ) AND hope . ccomp ( x _ 7, x _ 8 ) AND like . agent ( x _ 8 , x _ 4 ) AND like . ccomp ( x _ 8, x _ 9 ) AND notice . agent ( x _ 9 , x _ 5 ) AND notice . ccomp ( x _ 9, x _ 10 ) AND like . agent ( x _ 10 , x _ 6 ) AND like . theme ( x _ 10 , Oliver ) AND hope . agent ( x _ 11 , x _ 3 ) AND hope . ccomp ( x _ 11, x _ 12 ) AND like . agent ( x _ 12 , x _ 4 ) AND like . ccomp ( x _ 12, x _ 13 ) AND notice . agent ( x _ 13 , x _ 5 ) AND notice . ccomp ( x _ 13, x _ 14 ) AND like . agent ( x _ 14 , x _ 6 ) AND like . theme ( x _ 14 , Oliver )	elips_VPE_depth_gen
The girl noticed that the boy valued that Luke liked that Daniel liked that Liam liked the cake and so did Carter .	* girl ( x _ 0 ) ; * boy ( x _ 3 ) ; * cake ( x _ 4 ) ; notice . agent ( x _ 5 , x _ 0 ) AND notice . ccomp ( x _ 5, x _ 6 ) AND value . agent ( x _ 6 , x _ 3 ) AND value . ccomp ( x _ 6, x _ 7 ) AND like . agent ( x _ 7 , Luke ) AND like . ccomp ( x _ 7, x _ 8 ) AND like . agent ( x _ 8 , Daniel ) AND like . ccomp ( x _ 8, x _ 9 ) AND like . agent ( x _ 9 , Liam ) AND like . theme ( x _ 9 , x _ 4 ) AND notice . agent ( x _ 10 , Carter ) AND notice . ccomp ( x _ 10, x _ 11 ) AND value . agent ( x _ 11 , x _ 3 ) AND value . ccomp ( x _ 11, x _ 12 ) AND like . agent ( x _ 12 , Luke ) AND like . ccomp ( x _ 12, x _ 13 ) AND like . agent ( x _ 13 , Daniel ) AND like . ccomp ( x _ 13, x _ 14 ) AND like . agent ( x _ 14 , Liam ) AND like . theme ( x _ 14 , x _ 4 )	elips_VPE_depth_gen
A president liked that the boy liked that a chicken hoped that the child hoped that Liam adored the cake and so did Noah .	* boy ( x _ 5 ) ; * child ( x _ 7 ) ; * cake ( x _ 8 ) ; president ( x _ 0 ) AND chicken ( x _ 6 ) AND like . agent ( x _ 9 , x _ 0 ) AND like . ccomp ( x _ 9, x _ 10 ) AND like . agent ( x _ 10 , x _ 5 ) AND like . ccomp ( x _ 10, x _ 11 ) AND hope . agent ( x _ 11 , x _ 6 ) AND hope . ccomp ( x _ 11, x _ 12 ) AND hope . agent ( x _ 12 , x _ 7 ) AND hope . ccomp ( x _ 12, x _ 13 ) AND adore . agent ( x _ 13 , Liam ) AND adore . theme ( x _ 13 , x _ 8 ) AND like . agent ( x _ 14 , Noah ) AND like . ccomp ( x _ 14, x _ 15 ) AND like . agent ( x _ 15 , x _ 5 ) AND like . ccomp ( x _ 15, x _ 16 ) AND hope . agent ( x _ 16 , x _ 6 ) AND hope . ccomp ( x _ 16, x _ 17 ) AND hope . agent ( x _ 17 , x _ 7 ) AND hope . ccomp ( x _ 17, x _ 18 ) AND adore . agent ( x _ 18 , Liam ) AND adore . theme ( x _ 18 , x _ 8 )	elips_VPE_depth_gen
Olivia liked that Michael confessed that Scarlett loved Jackson and so did Sophia .	like . agent ( x _ 0 , Olivia ) AND like . ccomp ( x _ 0, x _ 1 ) AND confess . agent ( x _ 1 , Michael ) AND confess . ccomp ( x _ 1, x _ 2 ) AND love . agent ( x _ 2 , Scarlett ) AND love . theme ( x _ 2 , Jackson ) AND like . agent ( x _ 3 , Sophia ) AND like . ccomp ( x _ 3, x _ 4 ) AND confess . agent ( x _ 4 , Michael ) AND confess . ccomp ( x _ 4, x _ 5 ) AND love . agent ( x _ 5 , Scarlett ) AND love . theme ( x _ 5 , Jackson )	elips_VPE_depth_gen
Claire liked that a cat liked that a dog liked a cake and so did a cow .	cat ( x _ 4 ) AND dog ( x _ 5 ) AND cake ( x _ 6 ) AND cow ( x _ 3 ) AND like . agent ( x _ 7 , Claire ) AND like . ccomp ( x _ 7, x _ 8 ) AND like . agent ( x _ 8 , x _ 4 ) AND like . ccomp ( x _ 8, x _ 9 ) AND like . agent ( x _ 9 , x _ 5 ) AND like . theme ( x _ 9 , x _ 6 ) AND like . agent ( x _ 10 , x _ 3 ) AND like . ccomp ( x _ 10, x _ 11 ) AND like . agent ( x _ 11 , x _ 4 ) AND like . ccomp ( x _ 11, x _ 12 ) AND like . agent ( x _ 12 , x _ 5 ) AND like . theme ( x _ 12 , x _ 6 )	elips_VPE_depth_gen
Liam appreciated that the girl said that a dog wished that Noah admired the rose and so did Sophia .	* girl ( x _ 3 ) ; * rose ( x _ 5 ) ; dog ( x _ 4 ) AND appreciate . agent ( x _ 6 , Liam ) AND appreciate . ccomp ( x _ 6, x _ 7 ) AND say . agent ( x _ 7 , x _ 3 ) AND say . ccomp ( x _ 7, x _ 8 ) AND wish . agent ( x _ 8 , x _ 4 ) AND wish . ccomp ( x _ 8, x _ 9 ) AND admire . agent ( x _ 9 , Noah ) AND admire . theme ( x _ 9 , x _ 5 ) AND appreciate . agent ( x _ 10 , Sophia ) AND appreciate . ccomp ( x _ 10, x _ 11 ) AND say . agent ( x _ 11 , x _ 3 ) AND say . ccomp ( x _ 11, x _ 12 ) AND wish . agent ( x _ 12 , x _ 4 ) AND wish . ccomp ( x _ 12, x _ 13 ) AND admire . agent ( x _ 13 , Noah ) AND admire . theme ( x _ 13 , x _ 5 )	elips_VPE_depth_gen
Emma liked that a boy liked that Amelia respected Olivia and so did Benjamin .	boy ( x _ 1 ) AND like . agent ( x _ 2 , Emma ) AND like . ccomp ( x _ 2, x _ 3 ) AND like . agent ( x _ 3 , x _ 1 ) AND like . ccomp ( x _ 3, x _ 4 ) AND respect . agent ( x _ 4 , Amelia ) AND respect . theme ( x _ 4 , Olivia ) AND like . agent ( x _ 5 , Benjamin ) AND like . ccomp ( x _ 5, x _ 6 ) AND like . agent ( x _ 6 , x _ 1 ) AND like . ccomp ( x _ 6, x _ 7 ) AND respect . agent ( x _ 7 , Amelia ) AND respect . theme ( x _ 7 , Olivia )	elips_VPE_depth_gen
Emma declared that a host said that a chicken found a girl and so did William .	host ( x _ 3 ) AND chicken ( x _ 4 ) AND girl ( x _ 5 ) AND declare . agent ( x _ 6 , Emma ) AND declare . ccomp ( x _ 6, x _ 7 ) AND say . agent ( x _ 7 , x _ 3 ) AND say . ccomp ( x _ 7, x _ 8 ) AND find . agent ( x _ 8 , x _ 4 ) AND find . theme ( x _ 8 , x _ 5 ) AND declare . agent ( x _ 9 , William ) AND declare . ccomp ( x _ 9, x _ 10 ) AND say . agent ( x _ 10 , x _ 3 ) AND say . ccomp ( x _ 10, x _ 11 ) AND find . agent ( x _ 11 , x _ 4 ) AND find . theme ( x _ 11 , x _ 5 )	elips_VPE_depth_gen
A writer liked that the boy liked that a lion helped a brick and so did Sofia .	* boy ( x _ 4 ) ; writer ( x _ 0 ) AND lion ( x _ 5 ) AND brick ( x _ 6 ) AND like . agent ( x _ 7 , x _ 0 ) AND like . ccomp ( x _ 7, x _ 8 ) AND like . agent ( x _ 8 , x _ 4 ) AND like . ccomp ( x _ 8, x _ 9 ) AND help . agent ( x _ 9 , x _ 5 ) AND help . theme ( x _ 9 , x _ 6 ) AND like . agent ( x _ 10 , Sofia ) AND like . ccomp ( x _ 10, x _ 11 ) AND like . agent ( x _ 11 , x _ 4 ) AND like . ccomp ( x _ 11, x _ 12 ) AND help . agent ( x _ 12 , x _ 5 ) AND help . theme ( x _ 12 , x _ 6 )	elips_VPE_depth_gen
Liam hoped that the baby liked that Ava helped a cake and so did Olivia .	* baby ( x _ 2 ) ; cake ( x _ 3 ) AND hope . agent ( x _ 4 , Liam ) AND hope . ccomp ( x _ 4, x _ 5 ) AND like . agent ( x _ 5 , x _ 2 ) AND like . ccomp ( x _ 5, x _ 6 ) AND help . agent ( x _ 6 , Ava ) AND help . theme ( x _ 6 , x _ 3 ) AND hope . agent ( x _ 7 , Olivia ) AND hope . ccomp ( x _ 7, x _ 8 ) AND like . agent ( x _ 8 , x _ 2 ) AND like . ccomp ( x _ 8, x _ 9 ) AND help . agent ( x _ 9 , Ava ) AND help . theme ( x _ 9 , x _ 3 )	elips_VPE_depth_gen
Sophia hoped that the dog liked that Noah liked that a boy liked Lillian and so did Olivia .	* dog ( x _ 2 ) ; boy ( x _ 3 ) AND hope . agent ( x _ 4 , Sophia ) AND hope . ccomp ( x _ 4, x _ 5 ) AND like . agent ( x _ 5 , x _ 2 ) AND like . ccomp ( x _ 5, x _ 6 ) AND like . agent ( x _ 6 , Noah ) AND like . ccomp ( x _ 6, x _ 7 ) AND like . agent ( x _ 7 , x _ 3 ) AND like . theme ( x _ 7 , Lillian ) AND hope . agent ( x _ 8 , Olivia ) AND hope . ccomp ( x _ 8, x _ 9 ) AND like . agent ( x _ 9 , x _ 2 ) AND like . ccomp ( x _ 9, x _ 10 ) AND like . agent ( x _ 10 , Noah ) AND like . ccomp ( x _ 10, x _ 11 ) AND like . agent ( x _ 11 , x _ 3 ) AND like . theme ( x _ 11 , Lillian )	elips_VPE_depth_gen
The girl dreamed that the boy hoped that Olivia liked the box and so did a princess .	* girl ( x _ 0 ) ; * boy ( x _ 4 ) ; * box ( x _ 5 ) ; princess ( x _ 3 ) AND dream . agent ( x _ 6 , x _ 0 ) AND dream . ccomp ( x _ 6, x _ 7 ) AND hope . agent ( x _ 7 , x _ 4 ) AND hope . ccomp ( x _ 7, x _ 8 ) AND like . agent ( x _ 8 , Olivia ) AND like . theme ( x _ 8 , x _ 5 ) AND dream . agent ( x _ 9 , x _ 3 ) AND dream . ccomp ( x _ 9, x _ 10 ) AND hope . agent ( x _ 10 , x _ 4 ) AND hope . ccomp ( x _ 10, x _ 11 ) AND like . agent ( x _ 11 , Olivia ) AND like . theme ( x _ 11 , x _ 5 )	elips_VPE_depth_gen
Mason hoped that Noah thought that Zoey admired a bear and so did Harper .	bear ( x _ 1 ) AND hope . agent ( x _ 2 , Mason ) AND hope . ccomp ( x _ 2, x _ 3 ) AND think . agent ( x _ 3 , Noah ) AND think . ccomp ( x _ 3, x _ 4 ) AND admire . agent ( x _ 4 , Zoey ) AND admire . theme ( x _ 4 , x _ 1 ) AND hope . agent ( x _ 5 , Harper ) AND hope . ccomp ( x _ 5, x _ 6 ) AND think . agent ( x _ 6 , Noah ) AND think . ccomp ( x _ 6, x _ 7 ) AND admire . agent ( x _ 7 , Zoey ) AND admire . theme ( x _ 7 , x _ 1 )	elips_VPE_depth_gen
Levi said that the cat supported that the duck hoped that Ethan found the girl and so did Noah .	* cat ( x _ 3 ) ; * duck ( x _ 4 ) ; * girl ( x _ 5 ) ; say . agent ( x _ 6 , Levi ) AND say . ccomp ( x _ 6, x _ 7 ) AND support . agent ( x _ 7 , x _ 3 ) AND support . ccomp ( x _ 7, x _ 8 ) AND hope . agent ( x _ 8 , x _ 4 ) AND hope . ccomp ( x _ 8, x _ 9 ) AND find . agent ( x _ 9 , Ethan ) AND find . theme ( x _ 9 , x _ 5 ) AND say . agent ( x _ 10 , Noah ) AND say . ccomp ( x _ 10, x _ 11 ) AND support . agent ( x _ 11 , x _ 3 ) AND support . ccomp ( x _ 11, x _ 12 ) AND hope . agent ( x _ 12 , x _ 4 ) AND hope . ccomp ( x _ 12, x _ 13 ) AND find . agent ( x _ 13 , Ethan ) AND find . theme ( x _ 13 , x _ 5 )	elips_VPE_depth_gen
A president noticed that Olivia said that a cat declared that Emma loved a citizen and so did a girl .	president ( x _ 0 ) AND cat ( x _ 4 ) AND citizen ( x _ 5 ) AND girl ( x _ 3 ) AND notice . agent ( x _ 6 , x _ 0 ) AND notice . ccomp ( x _ 6, x _ 7 ) AND say . agent ( x _ 7 , Olivia ) AND say . ccomp ( x _ 7, x _ 8 ) AND declare . agent ( x _ 8 , x _ 4 ) AND declare . ccomp ( x _ 8, x _ 9 ) AND love . agent ( x _ 9 , Emma ) AND love . theme ( x _ 9 , x _ 5 ) AND notice . agent ( x _ 10 , x _ 3 ) AND notice . ccomp ( x _ 10, x _ 11 ) AND say . agent ( x _ 11 , Olivia ) AND say . ccomp ( x _ 11, x _ 12 ) AND declare . agent ( x _ 12 , x _ 4 ) AND declare . ccomp ( x _ 12, x _ 13 ) AND love . agent ( x _ 13 , Emma ) AND love . theme ( x _ 13 , x _ 5 )	elips_VPE_depth_gen
A frog liked that a baby liked that Isabella imagined that the girl liked a donut and so did Ava .	* girl ( x _ 5 ) ; frog ( x _ 0 ) AND baby ( x _ 4 ) AND donut ( x _ 6 ) AND like . agent ( x _ 7 , x _ 0 ) AND like . ccomp ( x _ 7, x _ 8 ) AND like . agent ( x _ 8 , x _ 4 ) AND like . ccomp ( x _ 8, x _ 9 ) AND imagine . agent ( x _ 9 , Isabella ) AND imagine . ccomp ( x _ 9, x _ 10 ) AND like . agent ( x _ 10 , x _ 5 ) AND like . theme ( x _ 10 , x _ 6 ) AND like . agent ( x _ 11 , Ava ) AND like . ccomp ( x _ 11, x _ 12 ) AND like . agent ( x _ 12 , x _ 4 ) AND like . ccomp ( x _ 12, x _ 13 ) AND imagine . agent ( x _ 13 , Isabella ) AND imagine . ccomp ( x _ 13, x _ 14 ) AND like . agent ( x _ 14 , x _ 5 ) AND like . theme ( x _ 14 , x _ 6 )	elips_VPE_depth_gen
Chloe liked that the dog hoped that the duck helped the raisin and so did Emma .	* dog ( x _ 3 ) ; * duck ( x _ 4 ) ; * raisin ( x _ 5 ) ; like . agent ( x _ 6 , Chloe ) AND like . ccomp ( x _ 6, x _ 7 ) AND hope . agent ( x _ 7 , x _ 3 ) AND hope . ccomp ( x _ 7, x _ 8 ) AND help . agent ( x _ 8 , x _ 4 ) AND help . theme ( x _ 8 , x _ 5 ) AND like . agent ( x _ 9 , Emma ) AND like . ccomp ( x _ 9, x _ 10 ) AND hope . agent ( x _ 10 , x _ 3 ) AND hope . ccomp ( x _ 10, x _ 11 ) AND help . agent ( x _ 11 , x _ 4 ) AND help . theme ( x _ 11 , x _ 5 )	elips_VPE_depth_gen
Benjamin hoped that a girl liked that Emma thought that Lillian liked that Ava respected Hannah and so did a judge .	girl ( x _ 2 ) AND judge ( x _ 1 ) AND hope . agent ( x _ 3 , Benjamin ) AND hope . ccomp ( x _ 3, x _ 4 ) AND like . agent ( x _ 4 , x _ 2 ) AND like . ccomp ( x _ 4, x _ 5 ) AND think . agent ( x _ 5 , Emma ) AND think . ccomp ( x _ 5, x _ 6 ) AND like . agent ( x _ 6 , Lillian ) AND like . ccomp ( x _ 6, x _ 7 ) AND respect . agent ( x _ 7 , Ava ) AND respect . theme ( x _ 7 , Hannah ) AND hope . agent ( x _ 8 , x _ 1 ) AND hope . ccomp ( x _ 8, x _ 9 ) AND like . agent ( x _ 9 , x _ 2 ) AND like . ccomp ( x _ 9, x _ 10 ) AND think . agent ( x _ 10 , Emma ) AND think . ccomp ( x _ 10, x _ 11 ) AND like . agent ( x _ 11 , Lillian ) AND like . ccomp ( x _ 11, x _ 12 ) AND respect . agent ( x _ 12 , Ava ) AND respect . theme ( x _ 12 , Hannah )	elips_VPE_depth_gen
Emma proved that Olivia dreamed that a cow admired that Liam found the chemical and so did a tiger .	* chemical ( x _ 4 ) ; cow ( x _ 3 ) AND tiger ( x _ 2 ) AND prove . agent ( x _ 5 , Emma ) AND prove . ccomp ( x _ 5, x _ 6 ) AND dream . agent ( x _ 6 , Olivia ) AND dream . ccomp ( x _ 6, x _ 7 ) AND admire . agent ( x _ 7 , x _ 3 ) AND admire . ccomp ( x _ 7, x _ 8 ) AND find . agent ( x _ 8 , Liam ) AND find . theme ( x _ 8 , x _ 4 ) AND prove . agent ( x _ 9 , x _ 2 ) AND prove . ccomp ( x _ 9, x _ 10 ) AND dream . agent ( x _ 10 , Olivia ) AND dream . ccomp ( x _ 10, x _ 11 ) AND admire . agent ( x _ 11 , x _ 3 ) AND admire . ccomp ( x _ 11, x _ 12 ) AND find . agent ( x _ 12 , Liam ) AND find . theme ( x _ 12 , x _ 4 )	elips_VPE_depth_gen
Sebastian hoped that Olivia hoped that Liam expected that Hazel declared that a girl liked the child and so did Emma .	* child ( x _ 3 ) ; girl ( x _ 2 ) AND hope . agent ( x _ 4 , Sebastian ) AND hope . ccomp ( x _ 4, x _ 5 ) AND hope . agent ( x _ 5 , Olivia ) AND hope . ccomp ( x _ 5, x _ 6 ) AND expect . agent ( x _ 6 , Liam ) AND expect . ccomp ( x _ 6, x _ 7 ) AND declare . agent ( x _ 7 , Hazel ) AND declare . ccomp ( x _ 7, x _ 8 ) AND like . agent ( x _ 8 , x _ 2 ) AND like . theme ( x _ 8 , x _ 3 ) AND hope . agent ( x _ 9 , Emma ) AND hope . ccomp ( x _ 9, x _ 10 ) AND hope . agent ( x _ 10 , Olivia ) AND hope . ccomp ( x _ 10, x _ 11 ) AND expect . agent ( x _ 11 , Liam ) AND expect . ccomp ( x _ 11, x _ 12 ) AND declare . agent ( x _ 12 , Hazel ) AND declare . ccomp ( x _ 12, x _ 13 ) AND like . agent ( x _ 13 , x _ 2 ) AND like . theme ( x _ 13 , x _ 3 )	elips_VPE_depth_gen
A cat liked that a penguin respected that the boy helped a donut and so did Lily .	* boy ( x _ 5 ) ; cat ( x _ 0 ) AND penguin ( x _ 4 ) AND donut ( x _ 6 ) AND like . agent ( x _ 7 , x _ 0 ) AND like . ccomp ( x _ 7, x _ 8 ) AND respect . agent ( x _ 8 , x _ 4 ) AND respect . ccomp ( x _ 8, x _ 9 ) AND help . agent ( x _ 9 , x _ 5 ) AND help . theme ( x _ 9 , x _ 6 ) AND like . agent ( x _ 10 , Lily ) AND like . ccomp ( x _ 10, x _ 11 ) AND respect . agent ( x _ 11 , x _ 4 ) AND respect . ccomp ( x _ 11, x _ 12 ) AND help . agent ( x _ 12 , x _ 5 ) AND help . theme ( x _ 12 , x _ 6 )	elips_VPE_depth_gen
Emma supported that Logan hoped that a kid admired a box and so did Samuel .	kid ( x _ 2 ) AND box ( x _ 3 ) AND support . agent ( x _ 4 , Emma ) AND support . ccomp ( x _ 4, x _ 5 ) AND hope . agent ( x _ 5 , Logan ) AND hope . ccomp ( x _ 5, x _ 6 ) AND admire . agent ( x _ 6 , x _ 2 ) AND admire . theme ( x _ 6 , x _ 3 ) AND support . agent ( x _ 7 , Samuel ) AND support . ccomp ( x _ 7, x _ 8 ) AND hope . agent ( x _ 8 , Logan ) AND hope . ccomp ( x _ 8, x _ 9 ) AND admire . agent ( x _ 9 , x _ 2 ) AND admire . theme ( x _ 9 , x _ 3 )	elips_VPE_depth_gen
Grayson said that the sailor hoped that the girl found a rose and so did Noah .	* sailor ( x _ 3 ) ; * girl ( x _ 4 ) ; rose ( x _ 5 ) AND say . agent ( x _ 6 , Grayson ) AND say . ccomp ( x _ 6, x _ 7 ) AND hope . agent ( x _ 7 , x _ 3 ) AND hope . ccomp ( x _ 7, x _ 8 ) AND find . agent ( x _ 8 , x _ 4 ) AND find . theme ( x _ 8 , x _ 5 ) AND say . agent ( x _ 9 , Noah ) AND say . ccomp ( x _ 9, x _ 10 ) AND hope . agent ( x _ 10 , x _ 3 ) AND hope . ccomp ( x _ 10, x _ 11 ) AND find . agent ( x _ 11 , x _ 4 ) AND find . theme ( x _ 11 , x _ 5 )	elips_VPE_depth_gen
A bunny liked that the monster liked that a baby liked that a dog liked the cake and so did the girl .	* monster ( x _ 6 ) ; * cake ( x _ 9 ) ; * girl ( x _ 5 ) ; bunny ( x _ 0 ) AND baby ( x _ 7 ) AND dog ( x _ 8 ) AND like . agent ( x _ 10 , x _ 0 ) AND like . ccomp ( x _ 10, x _ 11 ) AND like . agent ( x _ 11 , x _ 6 ) AND like . ccomp ( x _ 11, x _ 12 ) AND like . agent ( x _ 12 , x _ 7 ) AND like . ccomp ( x _ 12, x _ 13 ) AND like . agent ( x _ 13 , x _ 8 ) AND like . theme ( x _ 13 , x _ 9 ) AND like . agent ( x _ 14 , x _ 5 ) AND like . ccomp ( x _ 14, x _ 15 ) AND like . agent ( x _ 15 , x _ 6 ) AND like . ccomp ( x _ 15, x _ 16 ) AND like . agent ( x _ 16 , x _ 7 ) AND like . ccomp ( x _ 16, x _ 17 ) AND like . agent ( x _ 17 , x _ 8 ) AND like . theme ( x _ 17 , x _ 9 )	elips_VPE_depth_gen
The bird noticed that Emma respected that William liked that Noah loved the girl and so did Liam .	* bird ( x _ 0 ) ; * girl ( x _ 2 ) ; notice . agent ( x _ 3 , x _ 0 ) AND notice . ccomp ( x _ 3, x _ 4 ) AND respect . agent ( x _ 4 , Emma ) AND respect . ccomp ( x _ 4, x _ 5 ) AND like . agent ( x _ 5 , William ) AND like . ccomp ( x _ 5, x _ 6 ) AND love . agent ( x _ 6 , Noah ) AND love . theme ( x _ 6 , x _ 2 ) AND notice . agent ( x _ 7 , Liam ) AND notice . ccomp ( x _ 7, x _ 8 ) AND respect . agent ( x _ 8 , Emma ) AND respect . ccomp ( x _ 8, x _ 9 ) AND like . agent ( x _ 9 , William ) AND like . ccomp ( x _ 9, x _ 10 ) AND love . agent ( x _ 10 , Noah ) AND love . theme ( x _ 10 , x _ 2 )	elips_VPE_depth_gen
A baby liked that a girl liked that Noah liked a boy and so did Sophia .	baby ( x _ 0 ) AND girl ( x _ 3 ) AND boy ( x _ 4 ) AND like . agent ( x _ 5 , x _ 0 ) AND like . ccomp ( x _ 5, x _ 6 ) AND like . agent ( x _ 6 , x _ 3 ) AND like . ccomp ( x _ 6, x _ 7 ) AND like . agent ( x _ 7 , Noah ) AND like . theme ( x _ 7 , x _ 4 ) AND like . agent ( x _ 8 , Sophia ) AND like . ccomp ( x _ 8, x _ 9 ) AND like . agent ( x _ 9 , x _ 3 ) AND like . ccomp ( x _ 9, x _ 10 ) AND like . agent ( x _ 10 , Noah ) AND like . theme ( x _ 10 , x _ 4 )	elips_VPE_depth_gen
A monkey hoped that the girl admired that the priest dreamed that Emma helped Theodore and so did Liam .	* girl ( x _ 3 ) ; * priest ( x _ 4 ) ; monkey ( x _ 0 ) AND hope . agent ( x _ 5 , x _ 0 ) AND hope . ccomp ( x _ 5, x _ 6 ) AND admire . agent ( x _ 6 , x _ 3 ) AND admire . ccomp ( x _ 6, x _ 7 ) AND dream . agent ( x _ 7 , x _ 4 ) AND dream . ccomp ( x _ 7, x _ 8 ) AND help . agent ( x _ 8 , Emma ) AND help . theme ( x _ 8 , Theodore ) AND hope . agent ( x _ 9 , Liam ) AND hope . ccomp ( x _ 9, x _ 10 ) AND admire . agent ( x _ 10 , x _ 3 ) AND admire . ccomp ( x _ 10, x _ 11 ) AND dream . agent ( x _ 11 , x _ 4 ) AND dream . ccomp ( x _ 11, x _ 12 ) AND help . agent ( x _ 12 , Emma ) AND help . theme ( x _ 12 , Theodore )	elips_VPE_depth_gen
Liam dreamed that the baby valued that the girl liked the cookie and so did Elijah .	* baby ( x _ 3 ) ; * girl ( x _ 4 ) ; * cookie ( x _ 5 ) ; dream . agent ( x _ 6 , Liam ) AND dream . ccomp ( x _ 6, x _ 7 ) AND value . agent ( x _ 7 , x _ 3 ) AND value . ccomp ( x _ 7, x _ 8 ) AND like . agent ( x _ 8 , x _ 4 ) AND like . theme ( x _ 8 , x _ 5 ) AND dream . agent ( x _ 9 , Elijah ) AND dream . ccomp ( x _ 9, x _ 10 ) AND value . agent ( x _ 10 , x _ 3 ) AND value . ccomp ( x _ 10, x _ 11 ) AND like . agent ( x _ 11 , x _ 4 ) AND like . theme ( x _ 11 , x _ 5 )	elips_VPE_depth_gen
A boy expected that the student liked that Aria thought that Emma liked that the professor liked a donut and so did the bunny .	* student ( x _ 5 ) ; * professor ( x _ 6 ) ; * bunny ( x _ 4 ) ; boy ( x _ 0 ) AND donut ( x _ 7 ) AND expect . agent ( x _ 8 , x _ 0 ) AND expect . ccomp ( x _ 8, x _ 9 ) AND like . agent ( x _ 9 , x _ 5 ) AND like . ccomp ( x _ 9, x _ 10 ) AND think . agent ( x _ 10 , Aria ) AND think . ccomp ( x _ 10, x _ 11 ) AND like . agent ( x _ 11 , Emma ) AND like . ccomp ( x _ 11, x _ 12 ) AND like . agent ( x _ 12 , x _ 6 ) AND like . theme ( x _ 12 , x _ 7 ) AND expect . agent ( x _ 13 , x _ 4 ) AND expect . ccomp ( x _ 13, x _ 14 ) AND like . agent ( x _ 14 , x _ 5 ) AND like . ccomp ( x _ 14, x _ 15 ) AND think . agent ( x _ 15 , Aria ) AND think . ccomp ( x _ 15, x _ 16 ) AND like . agent ( x _ 16 , Emma ) AND like . ccomp ( x _ 16, x _ 17 ) AND like . agent ( x _ 17 , x _ 6 ) AND like . theme ( x _ 17 , x _ 7 )	elips_VPE_depth_gen
William imagined that Owen supported that the girl liked the cake and so did Emma .	* girl ( x _ 2 ) ; * cake ( x _ 3 ) ; imagine . agent ( x _ 4 , William ) AND imagine . ccomp ( x _ 4, x _ 5 ) AND support . agent ( x _ 5 , Owen ) AND support . ccomp ( x _ 5, x _ 6 ) AND like . agent ( x _ 6 , x _ 2 ) AND like . theme ( x _ 6 , x _ 3 ) AND imagine . agent ( x _ 7 , Emma ) AND imagine . ccomp ( x _ 7, x _ 8 ) AND support . agent ( x _ 8 , Owen ) AND support . ccomp ( x _ 8, x _ 9 ) AND like . agent ( x _ 9 , x _ 2 ) AND like . theme ( x _ 9 , x _ 3 )	elips_VPE_depth_gen
Isabella meant that a girl respected that Emma found a donut and so did Jacob .	girl ( x _ 2 ) AND donut ( x _ 3 ) AND mean . agent ( x _ 4 , Isabella ) AND mean . ccomp ( x _ 4, x _ 5 ) AND respect . agent ( x _ 5 , x _ 2 ) AND respect . ccomp ( x _ 5, x _ 6 ) AND find . agent ( x _ 6 , Emma ) AND find . theme ( x _ 6 , x _ 3 ) AND mean . agent ( x _ 7 , Jacob ) AND mean . ccomp ( x _ 7, x _ 8 ) AND respect . agent ( x _ 8 , x _ 2 ) AND respect . ccomp ( x _ 8, x _ 9 ) AND find . agent ( x _ 9 , Emma ) AND find . theme ( x _ 9 , x _ 3 )	elips_VPE_depth_gen
Benjamin believed that Aubrey liked that a director said that Liam helped a lollipop and so did Emma .	director ( x _ 2 ) AND lollipop ( x _ 3 ) AND believe . agent ( x _ 4 , Benjamin ) AND believe . ccomp ( x _ 4, x _ 5 ) AND like . agent ( x _ 5 , Aubrey ) AND like . ccomp ( x _ 5, x _ 6 ) AND say . agent ( x _ 6 , x _ 2 ) AND say . ccomp ( x _ 6, x _ 7 ) AND help . agent ( x _ 7 , Liam ) AND help . theme ( x _ 7 , x _ 3 ) AND believe . agent ( x _ 8 , Emma ) AND believe . ccomp ( x _ 8, x _ 9 ) AND like . agent ( x _ 9 , Aubrey ) AND like . ccomp ( x _ 9, x _ 10 ) AND say . agent ( x _ 10 , x _ 2 ) AND say . ccomp ( x _ 10, x _ 11 ) AND help . agent ( x _ 11 , Liam ) AND help . theme ( x _ 11 , x _ 3 )	elips_VPE_depth_gen
Levi liked that the monkey liked that Emma liked that Benjamin liked the cake and so did the student .	* monkey ( x _ 3 ) ; * cake ( x _ 4 ) ; * student ( x _ 2 ) ; like . agent ( x _ 5 , Levi ) AND like . ccomp ( x _ 5, x _ 6 ) AND like . agent ( x _ 6 , x _ 3 ) AND like . ccomp ( x _ 6, x _ 7 ) AND like . agent ( x _ 7 , Emma ) AND like . ccomp ( x _ 7, x _ 8 ) AND like . agent ( x _ 8 , Benjamin ) AND like . theme ( x _ 8 , x _ 4 ) AND like . agent ( x _ 9 , x _ 2 ) AND like . ccomp ( x _ 9, x _ 10 ) AND like . agent ( x _ 10 , x _ 3 ) AND like . ccomp ( x _ 10, x _ 11 ) AND like . agent ( x _ 11 , Emma ) AND like . ccomp ( x _ 11, x _ 12 ) AND like . agent ( x _ 12 , Benjamin ) AND like . theme ( x _ 12 , x _ 4 )	elips_VPE_depth_gen
Liam proved that James said that Charlotte found Daniel and so did a cat .	cat ( x _ 0 ) AND prove . agent ( x _ 1 , Liam ) AND prove . ccomp ( x _ 1, x _ 2 ) AND say . agent ( x _ 2 , James ) AND say . ccomp ( x _ 2, x _ 3 ) AND find . agent ( x _ 3 , Charlotte ) AND find . theme ( x _ 3 , Daniel ) AND prove . agent ( x _ 4 , x _ 0 ) AND prove . ccomp ( x _ 4, x _ 5 ) AND say . agent ( x _ 5 , James ) AND say . ccomp ( x _ 5, x _ 6 ) AND find . agent ( x _ 6 , Charlotte ) AND find . theme ( x _ 6 , Daniel )	elips_VPE_depth_gen
Amelia imagined that Emma hoped that a baby liked that a frog liked that Olivia helped the book and so did the farmer .	* book ( x _ 6 ) ; * farmer ( x _ 3 ) ; baby ( x _ 4 ) AND frog ( x _ 5 ) AND imagine . agent ( x _ 7 , Amelia ) AND imagine . ccomp ( x _ 7, x _ 8 ) AND hope . agent ( x _ 8 , Emma ) AND hope . ccomp ( x _ 8, x _ 9 ) AND like . agent ( x _ 9 , x _ 4 ) AND like . ccomp ( x _ 9, x _ 10 ) AND like . agent ( x _ 10 , x _ 5 ) AND like . ccomp ( x _ 10, x _ 11 ) AND help . agent ( x _ 11 , Olivia ) AND help . theme ( x _ 11 , x _ 6 ) AND imagine . agent ( x _ 12 , x _ 3 ) AND imagine . ccomp ( x _ 12, x _ 13 ) AND hope . agent ( x _ 13 , Emma ) AND hope . ccomp ( x _ 13, x _ 14 ) AND like . agent ( x _ 14 , x _ 4 ) AND like . ccomp ( x _ 14, x _ 15 ) AND like . agent ( x _ 15 , x _ 5 ) AND like . ccomp ( x _ 15, x _ 16 ) AND help . agent ( x _ 16 , Olivia ) AND help . theme ( x _ 16 , x _ 6 )	elips_VPE_depth_gen
Oliver declared that a crocodile liked that the boy respected a cake and so did Avery .	* boy ( x _ 4 ) ; crocodile ( x _ 3 ) AND cake ( x _ 5 ) AND declare . agent ( x _ 6 , Oliver ) AND declare . ccomp ( x _ 6, x _ 7 ) AND like . agent ( x _ 7 , x _ 3 ) AND like . ccomp ( x _ 7, x _ 8 ) AND respect . agent ( x _ 8 , x _ 4 ) AND respect . theme ( x _ 8 , x _ 5 ) AND declare . agent ( x _ 9 , Avery ) AND declare . ccomp ( x _ 9, x _ 10 ) AND like . agent ( x _ 10 , x _ 3 ) AND like . ccomp ( x _ 10, x _ 11 ) AND respect . agent ( x _ 11 , x _ 4 ) AND respect . theme ( x _ 11 , x _ 5 )	elips_VPE_depth_gen
A cat said that Zoey said that Liam appreciated the cake and so did Emma .	* cake ( x _ 2 ) ; cat ( x _ 0 ) AND say . agent ( x _ 3 , x _ 0 ) AND say . ccomp ( x _ 3, x _ 4 ) AND say . agent ( x _ 4 , Zoey ) AND say . ccomp ( x _ 4, x _ 5 ) AND appreciate . agent ( x _ 5 , Liam ) AND appreciate . theme ( x _ 5 , x _ 2 ) AND say . agent ( x _ 6 , Emma ) AND say . ccomp ( x _ 6, x _ 7 ) AND say . agent ( x _ 7 , Zoey ) AND say . ccomp ( x _ 7, x _ 8 ) AND appreciate . agent ( x _ 8 , Liam ) AND appreciate . theme ( x _ 8 , x _ 2 )	elips_VPE_depth_gen
Wyatt liked that a bunny declared that Olivia admired the towel and so did the duck .	* towel ( x _ 4 ) ; * duck ( x _ 2 ) ; bunny ( x _ 3 ) AND like . agent ( x _ 5 , Wyatt ) AND like . ccomp ( x _ 5, x _ 6 ) AND declare . agent ( x _ 6 , x _ 3 ) AND declare . ccomp ( x _ 6, x _ 7 ) AND admire . agent ( x _ 7 , Olivia ) AND admire . theme ( x _ 7 , x _ 4 ) AND like . agent ( x _ 8 , x _ 2 ) AND like . ccomp ( x _ 8, x _ 9 ) AND declare . agent ( x _ 9 , x _ 3 ) AND declare . ccomp ( x _ 9, x _ 10 ) AND admire . agent ( x _ 10 , Olivia ) AND admire . theme ( x _ 10 , x _ 4 )	elips_VPE_depth_gen
Aubrey said that Sophia hoped that Jayden liked a pancake and so did a girl .	pancake ( x _ 2 ) AND girl ( x _ 1 ) AND say . agent ( x _ 3 , Aubrey ) AND say . ccomp ( x _ 3, x _ 4 ) AND hope . agent ( x _ 4 , Sophia ) AND hope . ccomp ( x _ 4, x _ 5 ) AND like . agent ( x _ 5 , Jayden ) AND like . theme ( x _ 5 , x _ 2 ) AND say . agent ( x _ 6 , x _ 1 ) AND say . ccomp ( x _ 6, x _ 7 ) AND hope . agent ( x _ 7 , Sophia ) AND hope . ccomp ( x _ 7, x _ 8 ) AND like . agent ( x _ 8 , Jayden ) AND like . theme ( x _ 8 , x _ 2 )	elips_VPE_depth_gen
Liam appreciated that a queen liked that the friend poked a sandwich and so did the girl .	* friend ( x _ 5 ) ; * girl ( x _ 3 ) ; queen ( x _ 4 ) AND sandwich ( x _ 6 ) AND appreciate . agent ( x _ 7 , Liam ) AND appreciate . ccomp ( x _ 7, x _ 8 ) AND like . agent ( x _ 8 , x _ 4 ) AND like . ccomp ( x _ 8, x _ 9 ) AND poke . agent ( x _ 9 , x _ 5 ) AND poke . theme ( x _ 9 , x _ 6 ) AND appreciate . agent ( x _ 10 , x _ 3 ) AND appreciate . ccomp ( x _ 10, x _ 11 ) AND like . agent ( x _ 11 , x _ 4 ) AND like . ccomp ( x _ 11, x _ 12 ) AND poke . agent ( x _ 12 , x _ 5 ) AND poke . theme ( x _ 12 , x _ 6 )	elips_VPE_depth_gen
Liam liked that a zebra respected that Lillian helped Isabella and so did Jack .	zebra ( x _ 1 ) AND like . agent ( x _ 2 , Liam ) AND like . ccomp ( x _ 2, x _ 3 ) AND respect . agent ( x _ 3 , x _ 1 ) AND respect . ccomp ( x _ 3, x _ 4 ) AND help . agent ( x _ 4 , Lillian ) AND help . theme ( x _ 4 , Isabella ) AND like . agent ( x _ 5 , Jack ) AND like . ccomp ( x _ 5, x _ 6 ) AND respect . agent ( x _ 6 , x _ 1 ) AND respect . ccomp ( x _ 6, x _ 7 ) AND help . agent ( x _ 7 , Lillian ) AND help . theme ( x _ 7 , Isabella )	elips_VPE_depth_gen
A girl imagined that Olivia admired that Emma poked a captain and so did the bear .	* bear ( x _ 2 ) ; girl ( x _ 0 ) AND captain ( x _ 3 ) AND imagine . agent ( x _ 4 , x _ 0 ) AND imagine . ccomp ( x _ 4, x _ 5 ) AND admire . agent ( x _ 5 , Olivia ) AND admire . ccomp ( x _ 5, x _ 6 ) AND poke . agent ( x _ 6 , Emma ) AND poke . theme ( x _ 6 , x _ 3 ) AND imagine . agent ( x _ 7 , x _ 2 ) AND imagine . ccomp ( x _ 7, x _ 8 ) AND admire . agent ( x _ 8 , Olivia ) AND admire . ccomp ( x _ 8, x _ 9 ) AND poke . agent ( x _ 9 , Emma ) AND poke . theme ( x _ 9 , x _ 3 )	elips_VPE_depth_gen
Liam supported that the girl wished that a coach loved a cake and so did the child .	* girl ( x _ 4 ) ; * child ( x _ 3 ) ; coach ( x _ 5 ) AND cake ( x _ 6 ) AND support . agent ( x _ 7 , Liam ) AND support . ccomp ( x _ 7, x _ 8 ) AND wish . agent ( x _ 8 , x _ 4 ) AND wish . ccomp ( x _ 8, x _ 9 ) AND love . agent ( x _ 9 , x _ 5 ) AND love . theme ( x _ 9 , x _ 6 ) AND support . agent ( x _ 10 , x _ 3 ) AND support . ccomp ( x _ 10, x _ 11 ) AND wish . agent ( x _ 11 , x _ 4 ) AND wish . ccomp ( x _ 11, x _ 12 ) AND love . agent ( x _ 12 , x _ 5 ) AND love . theme ( x _ 12 , x _ 6 )	elips_VPE_depth_gen
The cat meant that the bird wished that Benjamin liked the mirror and so did Noah .	* cat ( x _ 0 ) ; * bird ( x _ 3 ) ; * mirror ( x _ 4 ) ; mean . agent ( x _ 5 , x _ 0 ) AND mean . ccomp ( x _ 5, x _ 6 ) AND wish . agent ( x _ 6 , x _ 3 ) AND wish . ccomp ( x _ 6, x _ 7 ) AND like . agent ( x _ 7 , Benjamin ) AND like . theme ( x _ 7 , x _ 4 ) AND mean . agent ( x _ 8 , Noah ) AND mean . ccomp ( x _ 8, x _ 9 ) AND wish . agent ( x _ 9 , x _ 3 ) AND wish . ccomp ( x _ 9, x _ 10 ) AND like . agent ( x _ 10 , Benjamin ) AND like . theme ( x _ 10 , x _ 4 )	elips_VPE_depth_gen
The horse liked that Mateo believed that James wished that Nora respected the girl and so did a dog .	* horse ( x _ 0 ) ; * girl ( x _ 3 ) ; dog ( x _ 2 ) AND like . agent ( x _ 4 , x _ 0 ) AND like . ccomp ( x _ 4, x _ 5 ) AND believe . agent ( x _ 5 , Mateo ) AND believe . ccomp ( x _ 5, x _ 6 ) AND wish . agent ( x _ 6 , James ) AND wish . ccomp ( x _ 6, x _ 7 ) AND respect . agent ( x _ 7 , Nora ) AND respect . theme ( x _ 7 , x _ 3 ) AND like . agent ( x _ 8 , x _ 2 ) AND like . ccomp ( x _ 8, x _ 9 ) AND believe . agent ( x _ 9 , Mateo ) AND believe . ccomp ( x _ 9, x _ 10 ) AND wish . agent ( x _ 10 , James ) AND wish . ccomp ( x _ 10, x _ 11 ) AND respect . agent ( x _ 11 , Nora ) AND respect . theme ( x _ 11 , x _ 3 )	elips_VPE_depth_gen
The sailor believed that James valued that the girl helped the cake and so did Logan .	* sailor ( x _ 0 ) ; * girl ( x _ 3 ) ; * cake ( x _ 4 ) ; believe . agent ( x _ 5 , x _ 0 ) AND believe . ccomp ( x _ 5, x _ 6 ) AND value . agent ( x _ 6 , James ) AND value . ccomp ( x _ 6, x _ 7 ) AND help . agent ( x _ 7 , x _ 3 ) AND help . theme ( x _ 7 , x _ 4 ) AND believe . agent ( x _ 8 , Logan ) AND believe . ccomp ( x _ 8, x _ 9 ) AND value . agent ( x _ 9 , James ) AND value . ccomp ( x _ 9, x _ 10 ) AND help . agent ( x _ 10 , x _ 3 ) AND help . theme ( x _ 10 , x _ 4 )	elips_VPE_depth_gen
Benjamin liked that the dog thought that the bear noticed that Addison liked the block and so did Lily .	* dog ( x _ 3 ) ; * bear ( x _ 4 ) ; * block ( x _ 5 ) ; like . agent ( x _ 6 , Benjamin ) AND like . ccomp ( x _ 6, x _ 7 ) AND think . agent ( x _ 7 , x _ 3 ) AND think . ccomp ( x _ 7, x _ 8 ) AND notice . agent ( x _ 8 , x _ 4 ) AND notice . ccomp ( x _ 8, x _ 9 ) AND like . agent ( x _ 9 , Addison ) AND like . theme ( x _ 9 , x _ 5 ) AND like . agent ( x _ 10 , Lily ) AND like . ccomp ( x _ 10, x _ 11 ) AND think . agent ( x _ 11 , x _ 3 ) AND think . ccomp ( x _ 11, x _ 12 ) AND notice . agent ( x _ 12 , x _ 4 ) AND notice . ccomp ( x _ 12, x _ 13 ) AND like . agent ( x _ 13 , Addison ) AND like . theme ( x _ 13 , x _ 5 )	elips_VPE_depth_gen
Emma thought that the girl liked that Abigail appreciated a cake and so did Liam .	* girl ( x _ 2 ) ; cake ( x _ 3 ) AND think . agent ( x _ 4 , Emma ) AND think . ccomp ( x _ 4, x _ 5 ) AND like . agent ( x _ 5 , x _ 2 ) AND like . ccomp ( x _ 5, x _ 6 ) AND appreciate . agent ( x _ 6 , Abigail ) AND appreciate . theme ( x _ 6 , x _ 3 ) AND think . agent ( x _ 7 , Liam ) AND think . ccomp ( x _ 7, x _ 8 ) AND like . agent ( x _ 8 , x _ 2 ) AND like . ccomp ( x _ 8, x _ 9 ) AND appreciate . agent ( x _ 9 , Abigail ) AND appreciate . theme ( x _ 9 , x _ 3 )	elips_VPE_depth_gen
A girl hoped that the boy thought that Michael loved a present and so did Oliver .	* boy ( x _ 3 ) ; girl ( x _ 0 ) AND present ( x _ 4 ) AND hope . agent ( x _ 5 , x _ 0 ) AND hope . ccomp ( x _ 5, x _ 6 ) AND think . agent ( x _ 6 , x _ 3 ) AND think . ccomp ( x _ 6, x _ 7 ) AND love . agent ( x _ 7 , Michael ) AND love . theme ( x _ 7 , x _ 4 ) AND hope . agent ( x _ 8 , Oliver ) AND hope . ccomp ( x _ 8, x _ 9 ) AND think . agent ( x _ 9 , x _ 3 ) AND think . ccomp ( x _ 9, x _ 10 ) AND love . agent ( x _ 10 , Michael ) AND love . theme ( x _ 10 , x _ 4 )	elips_VPE_depth_gen
William liked that a girl liked that the bear liked that Emma appreciated a moose and so did the monkey .	* bear ( x _ 5 ) ; * monkey ( x _ 3 ) ; girl ( x _ 4 ) AND moose ( x _ 6 ) AND like . agent ( x _ 7 , William ) AND like . ccomp ( x _ 7, x _ 8 ) AND like . agent ( x _ 8 , x _ 4 ) AND like . ccomp ( x _ 8, x _ 9 ) AND like . agent ( x _ 9 , x _ 5 ) AND like . ccomp ( x _ 9, x _ 10 ) AND appreciate . agent ( x _ 10 , Emma ) AND appreciate . theme ( x _ 10 , x _ 6 ) AND like . agent ( x _ 11 , x _ 3 ) AND like . ccomp ( x _ 11, x _ 12 ) AND like . agent ( x _ 12 , x _ 4 ) AND like . ccomp ( x _ 12, x _ 13 ) AND like . agent ( x _ 13 , x _ 5 ) AND like . ccomp ( x _ 13, x _ 14 ) AND appreciate . agent ( x _ 14 , Emma ) AND appreciate . theme ( x _ 14 , x _ 6 )	elips_VPE_depth_gen
Noah declared that a girl hoped that Mason found a donut and so did Ava .	girl ( x _ 2 ) AND donut ( x _ 3 ) AND declare . agent ( x _ 4 , Noah ) AND declare . ccomp ( x _ 4, x _ 5 ) AND hope . agent ( x _ 5 , x _ 2 ) AND hope . ccomp ( x _ 5, x _ 6 ) AND find . agent ( x _ 6 , Mason ) AND find . theme ( x _ 6 , x _ 3 ) AND declare . agent ( x _ 7 , Ava ) AND declare . ccomp ( x _ 7, x _ 8 ) AND hope . agent ( x _ 8 , x _ 2 ) AND hope . ccomp ( x _ 8, x _ 9 ) AND find . agent ( x _ 9 , Mason ) AND find . theme ( x _ 9 , x _ 3 )	elips_VPE_depth_gen
A squirrel hoped that a girl hoped that Emma liked that Sophia admired the dog and so did Grayson .	* dog ( x _ 4 ) ; squirrel ( x _ 0 ) AND girl ( x _ 3 ) AND hope . agent ( x _ 5 , x _ 0 ) AND hope . ccomp ( x _ 5, x _ 6 ) AND hope . agent ( x _ 6 , x _ 3 ) AND hope . ccomp ( x _ 6, x _ 7 ) AND like . agent ( x _ 7 , Emma ) AND like . ccomp ( x _ 7, x _ 8 ) AND admire . agent ( x _ 8 , Sophia ) AND admire . theme ( x _ 8 , x _ 4 ) AND hope . agent ( x _ 9 , Grayson ) AND hope . ccomp ( x _ 9, x _ 10 ) AND hope . agent ( x _ 10 , x _ 3 ) AND hope . ccomp ( x _ 10, x _ 11 ) AND like . agent ( x _ 11 , Emma ) AND like . ccomp ( x _ 11, x _ 12 ) AND admire . agent ( x _ 12 , Sophia ) AND admire . theme ( x _ 12 , x _ 4 )	elips_VPE_depth_gen
The boy proved that the prisoner admired that Olivia hoped that Emma liked a banana and so did Lucas .	* boy ( x _ 0 ) ; * prisoner ( x _ 3 ) ; banana ( x _ 4 ) AND prove . agent ( x _ 5 , x _ 0 ) AND prove . ccomp ( x _ 5, x _ 6 ) AND admire . agent ( x _ 6 , x _ 3 ) AND admire . ccomp ( x _ 6, x _ 7 ) AND hope . agent ( x _ 7 , Olivia ) AND hope . ccomp ( x _ 7, x _ 8 ) AND like . agent ( x _ 8 , Emma ) AND like . theme ( x _ 8 , x _ 4 ) AND prove . agent ( x _ 9 , Lucas ) AND prove . ccomp ( x _ 9, x _ 10 ) AND admire . agent ( x _ 10 , x _ 3 ) AND admire . ccomp ( x _ 10, x _ 11 ) AND hope . agent ( x _ 11 , Olivia ) AND hope . ccomp ( x _ 11, x _ 12 ) AND like . agent ( x _ 12 , Emma ) AND like . theme ( x _ 12 , x _ 4 )	elips_VPE_depth_gen
The girl declared that Logan imagined that a passenger meant that the boy poked Emma and so did a butterfly .	* girl ( x _ 0 ) ; * boy ( x _ 5 ) ; passenger ( x _ 4 ) AND butterfly ( x _ 3 ) AND declare . agent ( x _ 6 , x _ 0 ) AND declare . ccomp ( x _ 6, x _ 7 ) AND imagine . agent ( x _ 7 , Logan ) AND imagine . ccomp ( x _ 7, x _ 8 ) AND mean . agent ( x _ 8 , x _ 4 ) AND mean . ccomp ( x _ 8, x _ 9 ) AND poke . agent ( x _ 9 , x _ 5 ) AND poke . theme ( x _ 9 , Emma ) AND declare . agent ( x _ 10 , x _ 3 ) AND declare . ccomp ( x _ 10, x _ 11 ) AND imagine . agent ( x _ 11 , Logan ) AND imagine . ccomp ( x _ 11, x _ 12 ) AND mean . agent ( x _ 12 , x _ 4 ) AND mean . ccomp ( x _ 12, x _ 13 ) AND poke . agent ( x _ 13 , x _ 5 ) AND poke . theme ( x _ 13 , Emma )	elips_VPE_depth_gen
Liam hoped that the crocodile meant that a girl liked a teacher and so did Emma .	* crocodile ( x _ 3 ) ; girl ( x _ 4 ) AND teacher ( x _ 5 ) AND hope . agent ( x _ 6 , Liam ) AND hope . ccomp ( x _ 6, x _ 7 ) AND mean . agent ( x _ 7 , x _ 3 ) AND mean . ccomp ( x _ 7, x _ 8 ) AND like . agent ( x _ 8 , x _ 4 ) AND like . theme ( x _ 8 , x _ 5 ) AND hope . agent ( x _ 9 , Emma ) AND hope . ccomp ( x _ 9, x _ 10 ) AND mean . agent ( x _ 10 , x _ 3 ) AND mean . ccomp ( x _ 10, x _ 11 ) AND like . agent ( x _ 11 , x _ 4 ) AND like . theme ( x _ 11 , x _ 5 )	elips_VPE_depth_gen
Liam liked that the cat proved that the boy appreciated the cake and so did the horse .	* cat ( x _ 4 ) ; * boy ( x _ 5 ) ; * cake ( x _ 6 ) ; * horse ( x _ 3 ) ; like . agent ( x _ 7 , Liam ) AND like . ccomp ( x _ 7, x _ 8 ) AND prove . agent ( x _ 8 , x _ 4 ) AND prove . ccomp ( x _ 8, x _ 9 ) AND appreciate . agent ( x _ 9 , x _ 5 ) AND appreciate . theme ( x _ 9 , x _ 6 ) AND like . agent ( x _ 10 , x _ 3 ) AND like . ccomp ( x _ 10, x _ 11 ) AND prove . agent ( x _ 11 , x _ 4 ) AND prove . ccomp ( x _ 11, x _ 12 ) AND appreciate . agent ( x _ 12 , x _ 5 ) AND appreciate . theme ( x _ 12 , x _ 6 )	elips_VPE_depth_gen
The duck hoped that the dealer hoped that a lion liked the cookie and so did Mia .	* duck ( x _ 0 ) ; * dealer ( x _ 4 ) ; * cookie ( x _ 6 ) ; lion ( x _ 5 ) AND hope . agent ( x _ 7 , x _ 0 ) AND hope . ccomp ( x _ 7, x _ 8 ) AND hope . agent ( x _ 8 , x _ 4 ) AND hope . ccomp ( x _ 8, x _ 9 ) AND like . agent ( x _ 9 , x _ 5 ) AND like . theme ( x _ 9 , x _ 6 ) AND hope . agent ( x _ 10 , Mia ) AND hope . ccomp ( x _ 10, x _ 11 ) AND hope . agent ( x _ 11 , x _ 4 ) AND hope . ccomp ( x _ 11, x _ 12 ) AND like . agent ( x _ 12 , x _ 5 ) AND like . theme ( x _ 12 , x _ 6 )	elips_VPE_depth_gen
Emma declared that a cat liked that the frog believed that the girl liked a donut and so did a boy .	* frog ( x _ 6 ) ; * girl ( x _ 7 ) ; cat ( x _ 5 ) AND donut ( x _ 8 ) AND boy ( x _ 4 ) AND declare . agent ( x _ 9 , Emma ) AND declare . ccomp ( x _ 9, x _ 10 ) AND like . agent ( x _ 10 , x _ 5 ) AND like . ccomp ( x _ 10, x _ 11 ) AND believe . agent ( x _ 11 , x _ 6 ) AND believe . ccomp ( x _ 11, x _ 12 ) AND like . agent ( x _ 12 , x _ 7 ) AND like . theme ( x _ 12 , x _ 8 ) AND declare . agent ( x _ 13 , x _ 4 ) AND declare . ccomp ( x _ 13, x _ 14 ) AND like . agent ( x _ 14 , x _ 5 ) AND like . ccomp ( x _ 14, x _ 15 ) AND believe . agent ( x _ 15 , x _ 6 ) AND believe . ccomp ( x _ 15, x _ 16 ) AND like . agent ( x _ 16 , x _ 7 ) AND like . theme ( x _ 16 , x _ 8 )	elips_VPE_depth_gen
Liam hoped that a giraffe hoped that the dog loved a fruit and so did a girl .	* dog ( x _ 5 ) ; giraffe ( x _ 4 ) AND fruit ( x _ 6 ) AND girl ( x _ 3 ) AND hope . agent ( x _ 7 , Liam ) AND hope . ccomp ( x _ 7, x _ 8 ) AND hope . agent ( x _ 8 , x _ 4 ) AND hope . ccomp ( x _ 8, x _ 9 ) AND love . agent ( x _ 9 , x _ 5 ) AND love . theme ( x _ 9 , x _ 6 ) AND hope . agent ( x _ 10 , x _ 3 ) AND hope . ccomp ( x _ 10, x _ 11 ) AND hope . agent ( x _ 11 , x _ 4 ) AND hope . ccomp ( x _ 11, x _ 12 ) AND love . agent ( x _ 12 , x _ 5 ) AND love . theme ( x _ 12 , x _ 6 )	elips_VPE_depth_gen
A professor believed that Lucas expected that a mouse found the cake and so did a cat .	* cake ( x _ 5 ) ; professor ( x _ 0 ) AND mouse ( x _ 4 ) AND cat ( x _ 3 ) AND believe . agent ( x _ 6 , x _ 0 ) AND believe . ccomp ( x _ 6, x _ 7 ) AND expect . agent ( x _ 7 , Lucas ) AND expect . ccomp ( x _ 7, x _ 8 ) AND find . agent ( x _ 8 , x _ 4 ) AND find . theme ( x _ 8 , x _ 5 ) AND believe . agent ( x _ 9 , x _ 3 ) AND believe . ccomp ( x _ 9, x _ 10 ) AND expect . agent ( x _ 10 , Lucas ) AND expect . ccomp ( x _ 10, x _ 11 ) AND find . agent ( x _ 11 , x _ 4 ) AND find . theme ( x _ 11 , x _ 5 )	elips_VPE_depth_gen
A baby appreciated that the girl liked that Emma poked a banana and so did Charlotte .	* girl ( x _ 3 ) ; baby ( x _ 0 ) AND banana ( x _ 4 ) AND appreciate . agent ( x _ 5 , x _ 0 ) AND appreciate . ccomp ( x _ 5, x _ 6 ) AND like . agent ( x _ 6 , x _ 3 ) AND like . ccomp ( x _ 6, x _ 7 ) AND poke . agent ( x _ 7 , Emma ) AND poke . theme ( x _ 7 , x _ 4 ) AND appreciate . agent ( x _ 8 , Charlotte ) AND appreciate . ccomp ( x _ 8, x _ 9 ) AND like . agent ( x _ 9 , x _ 3 ) AND like . ccomp ( x _ 9, x _ 10 ) AND poke . agent ( x _ 10 , Emma ) AND poke . theme ( x _ 10 , x _ 4 )	elips_VPE_depth_gen
The student liked that the scientist hoped that the cat helped Emma and so did the boy .	* student ( x _ 0 ) ; * scientist ( x _ 4 ) ; * cat ( x _ 5 ) ; * boy ( x _ 3 ) ; like . agent ( x _ 6 , x _ 0 ) AND like . ccomp ( x _ 6, x _ 7 ) AND hope . agent ( x _ 7 , x _ 4 ) AND hope . ccomp ( x _ 7, x _ 8 ) AND help . agent ( x _ 8 , x _ 5 ) AND help . theme ( x _ 8 , Emma ) AND like . agent ( x _ 9 , x _ 3 ) AND like . ccomp ( x _ 9, x _ 10 ) AND hope . agent ( x _ 10 , x _ 4 ) AND hope . ccomp ( x _ 10, x _ 11 ) AND help . agent ( x _ 11 , x _ 5 ) AND help . theme ( x _ 11 , Emma )	elips_VPE_depth_gen
The dog liked that James expected that the baby noticed that Liam noticed that a teacher liked the shell and so did Sofia .	* dog ( x _ 0 ) ; * baby ( x _ 4 ) ; * shell ( x _ 6 ) ; teacher ( x _ 5 ) AND like . agent ( x _ 7 , x _ 0 ) AND like . ccomp ( x _ 7, x _ 8 ) AND expect . agent ( x _ 8 , James ) AND expect . ccomp ( x _ 8, x _ 9 ) AND notice . agent ( x _ 9 , x _ 4 ) AND notice . ccomp ( x _ 9, x _ 10 ) AND notice . agent ( x _ 10 , Liam ) AND notice . ccomp ( x _ 10, x _ 11 ) AND like . agent ( x _ 11 , x _ 5 ) AND like . theme ( x _ 11 , x _ 6 ) AND like . agent ( x _ 12 , Sofia ) AND like . ccomp ( x _ 12, x _ 13 ) AND expect . agent ( x _ 13 , James ) AND expect . ccomp ( x _ 13, x _ 14 ) AND notice . agent ( x _ 14 , x _ 4 ) AND notice . ccomp ( x _ 14, x _ 15 ) AND notice . agent ( x _ 15 , Liam ) AND notice . ccomp ( x _ 15, x _ 16 ) AND like . agent ( x _ 16 , x _ 5 ) AND like . theme ( x _ 16 , x _ 6 )	elips_VPE_depth_gen
The girl tolerated that Victoria liked that Liam hoped that the dog helped Ava and so did Emma .	* girl ( x _ 0 ) ; * dog ( x _ 2 ) ; tolerate . agent ( x _ 3 , x _ 0 ) AND tolerate . ccomp ( x _ 3, x _ 4 ) AND like . agent ( x _ 4 , Victoria ) AND like . ccomp ( x _ 4, x _ 5 ) AND hope . agent ( x _ 5 , Liam ) AND hope . ccomp ( x _ 5, x _ 6 ) AND help . agent ( x _ 6 , x _ 2 ) AND help . theme ( x _ 6 , Ava ) AND tolerate . agent ( x _ 7 , Emma ) AND tolerate . ccomp ( x _ 7, x _ 8 ) AND like . agent ( x _ 8 , Victoria ) AND like . ccomp ( x _ 8, x _ 9 ) AND hope . agent ( x _ 9 , Liam ) AND hope . ccomp ( x _ 9, x _ 10 ) AND help . agent ( x _ 10 , x _ 2 ) AND help . theme ( x _ 10 , Ava )	elips_VPE_depth_gen
Scarlett liked that Emma liked that Sophia liked that a boy admired that the journalist liked a guest and so did a dog .	* journalist ( x _ 5 ) ; boy ( x _ 4 ) AND guest ( x _ 6 ) AND dog ( x _ 3 ) AND like . agent ( x _ 7 , Scarlett ) AND like . ccomp ( x _ 7, x _ 8 ) AND like . agent ( x _ 8 , Emma ) AND like . ccomp ( x _ 8, x _ 9 ) AND like . agent ( x _ 9 , Sophia ) AND like . ccomp ( x _ 9, x _ 10 ) AND admire . agent ( x _ 10 , x _ 4 ) AND admire . ccomp ( x _ 10, x _ 11 ) AND like . agent ( x _ 11 , x _ 5 ) AND like . theme ( x _ 11 , x _ 6 ) AND like . agent ( x _ 12 , x _ 3 ) AND like . ccomp ( x _ 12, x _ 13 ) AND like . agent ( x _ 13 , Emma ) AND like . ccomp ( x _ 13, x _ 14 ) AND like . agent ( x _ 14 , Sophia ) AND like . ccomp ( x _ 14, x _ 15 ) AND admire . agent ( x _ 15 , x _ 4 ) AND admire . ccomp ( x _ 15, x _ 16 ) AND like . agent ( x _ 16 , x _ 5 ) AND like . theme ( x _ 16 , x _ 6 )	elips_VPE_depth_gen
Noah noticed that a monkey expected that Elizabeth liked Ava and so did a girl .	monkey ( x _ 2 ) AND girl ( x _ 1 ) AND notice . agent ( x _ 3 , Noah ) AND notice . ccomp ( x _ 3, x _ 4 ) AND expect . agent ( x _ 4 , x _ 2 ) AND expect . ccomp ( x _ 4, x _ 5 ) AND like . agent ( x _ 5 , Elizabeth ) AND like . theme ( x _ 5 , Ava ) AND notice . agent ( x _ 6 , x _ 1 ) AND notice . ccomp ( x _ 6, x _ 7 ) AND expect . agent ( x _ 7 , x _ 2 ) AND expect . ccomp ( x _ 7, x _ 8 ) AND like . agent ( x _ 8 , Elizabeth ) AND like . theme ( x _ 8 , Ava )	elips_VPE_depth_gen
Emma imagined that the student liked that Christopher helped a puppy and so did Ryan .	* student ( x _ 2 ) ; puppy ( x _ 3 ) AND imagine . agent ( x _ 4 , Emma ) AND imagine . ccomp ( x _ 4, x _ 5 ) AND like . agent ( x _ 5 , x _ 2 ) AND like . ccomp ( x _ 5, x _ 6 ) AND help . agent ( x _ 6 , Christopher ) AND help . theme ( x _ 6 , x _ 3 ) AND imagine . agent ( x _ 7 , Ryan ) AND imagine . ccomp ( x _ 7, x _ 8 ) AND like . agent ( x _ 8 , x _ 2 ) AND like . ccomp ( x _ 8, x _ 9 ) AND help . agent ( x _ 9 , Christopher ) AND help . theme ( x _ 9 , x _ 3 )	elips_VPE_depth_gen
Aiden liked that Michael wished that the boy helped Noah and so did the girl .	* boy ( x _ 2 ) ; * girl ( x _ 1 ) ; like . agent ( x _ 3 , Aiden ) AND like . ccomp ( x _ 3, x _ 4 ) AND wish . agent ( x _ 4 , Michael ) AND wish . ccomp ( x _ 4, x _ 5 ) AND help . agent ( x _ 5 , x _ 2 ) AND help . theme ( x _ 5 , Noah ) AND like . agent ( x _ 6 , x _ 1 ) AND like . ccomp ( x _ 6, x _ 7 ) AND wish . agent ( x _ 7 , Michael ) AND wish . ccomp ( x _ 7, x _ 8 ) AND help . agent ( x _ 8 , x _ 2 ) AND help . theme ( x _ 8 , Noah )	elips_VPE_depth_gen
Olivia supported that the pupil said that a boy liked that a student liked Ava and so did a wolf .	* pupil ( x _ 4 ) ; boy ( x _ 5 ) AND student ( x _ 6 ) AND wolf ( x _ 3 ) AND support . agent ( x _ 7 , Olivia ) AND support . ccomp ( x _ 7, x _ 8 ) AND say . agent ( x _ 8 , x _ 4 ) AND say . ccomp ( x _ 8, x _ 9 ) AND like . agent ( x _ 9 , x _ 5 ) AND like . ccomp ( x _ 9, x _ 10 ) AND like . agent ( x _ 10 , x _ 6 ) AND like . theme ( x _ 10 , Ava ) AND support . agent ( x _ 11 , x _ 3 ) AND support . ccomp ( x _ 11, x _ 12 ) AND say . agent ( x _ 12 , x _ 4 ) AND say . ccomp ( x _ 12, x _ 13 ) AND like . agent ( x _ 13 , x _ 5 ) AND like . ccomp ( x _ 13, x _ 14 ) AND like . agent ( x _ 14 , x _ 6 ) AND like . theme ( x _ 14 , Ava )	elips_VPE_depth_gen
The girl noticed that Emma liked that the dog found the cake and so did Liam .	* girl ( x _ 0 ) ; * dog ( x _ 3 ) ; * cake ( x _ 4 ) ; notice . agent ( x _ 5 , x _ 0 ) AND notice . ccomp ( x _ 5, x _ 6 ) AND like . agent ( x _ 6 , Emma ) AND like . ccomp ( x _ 6, x _ 7 ) AND find . agent ( x _ 7 , x _ 3 ) AND find . theme ( x _ 7 , x _ 4 ) AND notice . agent ( x _ 8 , Liam ) AND notice . ccomp ( x _ 8, x _ 9 ) AND like . agent ( x _ 9 , Emma ) AND like . ccomp ( x _ 9, x _ 10 ) AND find . agent ( x _ 10 , x _ 3 ) AND find . theme ( x _ 10 , x _ 4 )	elips_VPE_depth_gen
Michael said that the zebra respected that Ella noticed that the boy hoped that the girl poked the box and so did Liam .	* zebra ( x _ 4 ) ; * boy ( x _ 5 ) ; * girl ( x _ 6 ) ; * box ( x _ 7 ) ; say . agent ( x _ 8 , Michael ) AND say . ccomp ( x _ 8, x _ 9 ) AND respect . agent ( x _ 9 , x _ 4 ) AND respect . ccomp ( x _ 9, x _ 10 ) AND notice . agent ( x _ 10 , Ella ) AND notice . ccomp ( x _ 10, x _ 11 ) AND hope . agent ( x _ 11 , x _ 5 ) AND hope . ccomp ( x _ 11, x _ 12 ) AND poke . agent ( x _ 12 , x _ 6 ) AND poke . theme ( x _ 12 , x _ 7 ) AND say . agent ( x _ 13 , Liam ) AND say . ccomp ( x _ 13, x _ 14 ) AND respect . agent ( x _ 14 , x _ 4 ) AND respect . ccomp ( x _ 14, x _ 15 ) AND notice . agent ( x _ 15 , Ella ) AND notice . ccomp ( x _ 15, x _ 16 ) AND hope . agent ( x _ 16 , x _ 5 ) AND hope . ccomp ( x _ 16, x _ 17 ) AND poke . agent ( x _ 17 , x _ 6 ) AND poke . theme ( x _ 17 , x _ 7 )	elips_VPE_depth_gen
Sophia liked that a dog liked that Jacob proved that a frog liked Oliver and so did the teacher .	* teacher ( x _ 2 ) ; dog ( x _ 3 ) AND frog ( x _ 4 ) AND like . agent ( x _ 5 , Sophia ) AND like . ccomp ( x _ 5, x _ 6 ) AND like . agent ( x _ 6 , x _ 3 ) AND like . ccomp ( x _ 6, x _ 7 ) AND prove . agent ( x _ 7 , Jacob ) AND prove . ccomp ( x _ 7, x _ 8 ) AND like . agent ( x _ 8 , x _ 4 ) AND like . theme ( x _ 8 , Oliver ) AND like . agent ( x _ 9 , x _ 2 ) AND like . ccomp ( x _ 9, x _ 10 ) AND like . agent ( x _ 10 , x _ 3 ) AND like . ccomp ( x _ 10, x _ 11 ) AND prove . agent ( x _ 11 , Jacob ) AND prove . ccomp ( x _ 11, x _ 12 ) AND like . agent ( x _ 12 , x _ 4 ) AND like . theme ( x _ 12 , Oliver )	elips_VPE_depth_gen
The butterfly proved that Noah liked that Emma poked Elijah and so did the frog .	* butterfly ( x _ 0 ) ; * frog ( x _ 1 ) ; prove . agent ( x _ 2 , x _ 0 ) AND prove . ccomp ( x _ 2, x _ 3 ) AND like . agent ( x _ 3 , Noah ) AND like . ccomp ( x _ 3, x _ 4 ) AND poke . agent ( x _ 4 , Emma ) AND poke . theme ( x _ 4 , Elijah ) AND prove . agent ( x _ 5 , x _ 1 ) AND prove . ccomp ( x _ 5, x _ 6 ) AND like . agent ( x _ 6 , Noah ) AND like . ccomp ( x _ 6, x _ 7 ) AND poke . agent ( x _ 7 , Emma ) AND poke . theme ( x _ 7 , Elijah )	elips_VPE_depth_gen
Emma meant that a boy liked that a cat liked that a baby hoped that Liam liked the drink and so did the girl .	* drink ( x _ 8 ) ; * girl ( x _ 4 ) ; boy ( x _ 5 ) AND cat ( x _ 6 ) AND baby ( x _ 7 ) AND mean . agent ( x _ 9 , Emma ) AND mean . ccomp ( x _ 9, x _ 10 ) AND like . agent ( x _ 10 , x _ 5 ) AND like . ccomp ( x _ 10, x _ 11 ) AND like . agent ( x _ 11 , x _ 6 ) AND like . ccomp ( x _ 11, x _ 12 ) AND hope . agent ( x _ 12 , x _ 7 ) AND hope . ccomp ( x _ 12, x _ 13 ) AND like . agent ( x _ 13 , Liam ) AND like . theme ( x _ 13 , x _ 8 ) AND mean . agent ( x _ 14 , x _ 4 ) AND mean . ccomp ( x _ 14, x _ 15 ) AND like . agent ( x _ 15 , x _ 5 ) AND like . ccomp ( x _ 15, x _ 16 ) AND like . agent ( x _ 16 , x _ 6 ) AND like . ccomp ( x _ 16, x _ 17 ) AND hope . agent ( x _ 17 , x _ 7 ) AND hope . ccomp ( x _ 17, x _ 18 ) AND like . agent ( x _ 18 , Liam ) AND like . theme ( x _ 18 , x _ 8 )	elips_VPE_depth_gen
The boy noticed that Noah tolerated that a girl appreciated the biscuit and so did Liam .	* boy ( x _ 0 ) ; * biscuit ( x _ 4 ) ; girl ( x _ 3 ) AND notice . agent ( x _ 5 , x _ 0 ) AND notice . ccomp ( x _ 5, x _ 6 ) AND tolerate . agent ( x _ 6 , Noah ) AND tolerate . ccomp ( x _ 6, x _ 7 ) AND appreciate . agent ( x _ 7 , x _ 3 ) AND appreciate . theme ( x _ 7 , x _ 4 ) AND notice . agent ( x _ 8 , Liam ) AND notice . ccomp ( x _ 8, x _ 9 ) AND tolerate . agent ( x _ 9 , Noah ) AND tolerate . ccomp ( x _ 9, x _ 10 ) AND appreciate . agent ( x _ 10 , x _ 3 ) AND appreciate . theme ( x _ 10 , x _ 4 )	elips_VPE_depth_gen
Liam liked that Mia noticed that Emma found a mouse and so did a girl .	mouse ( x _ 2 ) AND girl ( x _ 1 ) AND like . agent ( x _ 3 , Liam ) AND like . ccomp ( x _ 3, x _ 4 ) AND notice . agent ( x _ 4 , Mia ) AND notice . ccomp ( x _ 4, x _ 5 ) AND find . agent ( x _ 5 , Emma ) AND find . theme ( x _ 5 , x _ 2 ) AND like . agent ( x _ 6 , x _ 1 ) AND like . ccomp ( x _ 6, x _ 7 ) AND notice . agent ( x _ 7 , Mia ) AND notice . ccomp ( x _ 7, x _ 8 ) AND find . agent ( x _ 8 , Emma ) AND find . theme ( x _ 8 , x _ 2 )	elips_VPE_depth_gen
The girl hoped that a monkey liked that the princess helped the donut and so did Liam .	* girl ( x _ 0 ) ; * princess ( x _ 5 ) ; * donut ( x _ 6 ) ; monkey ( x _ 4 ) AND hope . agent ( x _ 7 , x _ 0 ) AND hope . ccomp ( x _ 7, x _ 8 ) AND like . agent ( x _ 8 , x _ 4 ) AND like . ccomp ( x _ 8, x _ 9 ) AND help . agent ( x _ 9 , x _ 5 ) AND help . theme ( x _ 9 , x _ 6 ) AND hope . agent ( x _ 10 , Liam ) AND hope . ccomp ( x _ 10, x _ 11 ) AND like . agent ( x _ 11 , x _ 4 ) AND like . ccomp ( x _ 11, x _ 12 ) AND help . agent ( x _ 12 , x _ 5 ) AND help . theme ( x _ 12 , x _ 6 )	elips_VPE_depth_gen
The duck said that Ethan thought that a baby valued that a teacher liked Isabella and so did Emma .	* duck ( x _ 0 ) ; baby ( x _ 3 ) AND teacher ( x _ 4 ) AND say . agent ( x _ 5 , x _ 0 ) AND say . ccomp ( x _ 5, x _ 6 ) AND think . agent ( x _ 6 , Ethan ) AND think . ccomp ( x _ 6, x _ 7 ) AND value . agent ( x _ 7 , x _ 3 ) AND value . ccomp ( x _ 7, x _ 8 ) AND like . agent ( x _ 8 , x _ 4 ) AND like . theme ( x _ 8 , Isabella ) AND say . agent ( x _ 9 , Emma ) AND say . ccomp ( x _ 9, x _ 10 ) AND think . agent ( x _ 10 , Ethan ) AND think . ccomp ( x _ 10, x _ 11 ) AND value . agent ( x _ 11 , x _ 3 ) AND value . ccomp ( x _ 11, x _ 12 ) AND like . agent ( x _ 12 , x _ 4 ) AND like . theme ( x _ 12 , Isabella )	elips_VPE_depth_gen
A bunny liked that a girl said that the pig respected that the boy respected that Benjamin found William and so did Harper .	* pig ( x _ 5 ) ; * boy ( x _ 6 ) ; bunny ( x _ 0 ) AND girl ( x _ 4 ) AND like . agent ( x _ 7 , x _ 0 ) AND like . ccomp ( x _ 7, x _ 8 ) AND say . agent ( x _ 8 , x _ 4 ) AND say . ccomp ( x _ 8, x _ 9 ) AND respect . agent ( x _ 9 , x _ 5 ) AND respect . ccomp ( x _ 9, x _ 10 ) AND respect . agent ( x _ 10 , x _ 6 ) AND respect . ccomp ( x _ 10, x _ 11 ) AND find . agent ( x _ 11 , Benjamin ) AND find . theme ( x _ 11 , William ) AND like . agent ( x _ 12 , Harper ) AND like . ccomp ( x _ 12, x _ 13 ) AND say . agent ( x _ 13 , x _ 4 ) AND say . ccomp ( x _ 13, x _ 14 ) AND respect . agent ( x _ 14 , x _ 5 ) AND respect . ccomp ( x _ 14, x _ 15 ) AND respect . agent ( x _ 15 , x _ 6 ) AND respect . ccomp ( x _ 15, x _ 16 ) AND find . agent ( x _ 16 , Benjamin ) AND find . theme ( x _ 16 , William )	elips_VPE_depth_gen
Elizabeth hoped that a boy said that Hannah liked that Olivia adored the cake and so did Isaac .	* cake ( x _ 3 ) ; boy ( x _ 2 ) AND hope . agent ( x _ 4 , Elizabeth ) AND hope . ccomp ( x _ 4, x _ 5 ) AND say . agent ( x _ 5 , x _ 2 ) AND say . ccomp ( x _ 5, x _ 6 ) AND like . agent ( x _ 6 , Hannah ) AND like . ccomp ( x _ 6, x _ 7 ) AND adore . agent ( x _ 7 , Olivia ) AND adore . theme ( x _ 7 , x _ 3 ) AND hope . agent ( x _ 8 , Isaac ) AND hope . ccomp ( x _ 8, x _ 9 ) AND say . agent ( x _ 9 , x _ 2 ) AND say . ccomp ( x _ 9, x _ 10 ) AND like . agent ( x _ 10 , Hannah ) AND like . ccomp ( x _ 10, x _ 11 ) AND adore . agent ( x _ 11 , Olivia ) AND adore . theme ( x _ 11 , x _ 3 )	elips_VPE_depth_gen
Emma noticed that a penguin liked that a girl believed that the lion helped a cake and so did Gabriel .	* lion ( x _ 6 ) ; penguin ( x _ 4 ) AND girl ( x _ 5 ) AND cake ( x _ 7 ) AND notice . agent ( x _ 8 , Emma ) AND notice . ccomp ( x _ 8, x _ 9 ) AND like . agent ( x _ 9 , x _ 4 ) AND like . ccomp ( x _ 9, x _ 10 ) AND believe . agent ( x _ 10 , x _ 5 ) AND believe . ccomp ( x _ 10, x _ 11 ) AND help . agent ( x _ 11 , x _ 6 ) AND help . theme ( x _ 11 , x _ 7 ) AND notice . agent ( x _ 12 , Gabriel ) AND notice . ccomp ( x _ 12, x _ 13 ) AND like . agent ( x _ 13 , x _ 4 ) AND like . ccomp ( x _ 13, x _ 14 ) AND believe . agent ( x _ 14 , x _ 5 ) AND believe . ccomp ( x _ 14, x _ 15 ) AND help . agent ( x _ 15 , x _ 6 ) AND help . theme ( x _ 15 , x _ 7 )	elips_VPE_depth_gen
A frog liked that Emma thought that a girl liked Harper and so did Amelia .	frog ( x _ 0 ) AND girl ( x _ 2 ) AND like . agent ( x _ 3 , x _ 0 ) AND like . ccomp ( x _ 3, x _ 4 ) AND think . agent ( x _ 4 , Emma ) AND think . ccomp ( x _ 4, x _ 5 ) AND like . agent ( x _ 5 , x _ 2 ) AND like . theme ( x _ 5 , Harper ) AND like . agent ( x _ 6 , Amelia ) AND like . ccomp ( x _ 6, x _ 7 ) AND think . agent ( x _ 7 , Emma ) AND think . ccomp ( x _ 7, x _ 8 ) AND like . agent ( x _ 8 , x _ 2 ) AND like . theme ( x _ 8 , Harper )	elips_VPE_depth_gen
The cow confessed that a baby appreciated that a teacher liked a potato and so did a boy .	* cow ( x _ 0 ) ; baby ( x _ 5 ) AND teacher ( x _ 6 ) AND potato ( x _ 7 ) AND boy ( x _ 4 ) AND confess . agent ( x _ 8 , x _ 0 ) AND confess . ccomp ( x _ 8, x _ 9 ) AND appreciate . agent ( x _ 9 , x _ 5 ) AND appreciate . ccomp ( x _ 9, x _ 10 ) AND like . agent ( x _ 10 , x _ 6 ) AND like . theme ( x _ 10 , x _ 7 ) AND confess . agent ( x _ 11 , x _ 4 ) AND confess . ccomp ( x _ 11, x _ 12 ) AND appreciate . agent ( x _ 12 , x _ 5 ) AND appreciate . ccomp ( x _ 12, x _ 13 ) AND like . agent ( x _ 13 , x _ 6 ) AND like . theme ( x _ 13 , x _ 7 )	elips_VPE_depth_gen
A baby valued that Layla expected that James found Noah and so did the girl .	* girl ( x _ 1 ) ; baby ( x _ 0 ) AND value . agent ( x _ 2 , x _ 0 ) AND value . ccomp ( x _ 2, x _ 3 ) AND expect . agent ( x _ 3 , Layla ) AND expect . ccomp ( x _ 3, x _ 4 ) AND find . agent ( x _ 4 , James ) AND find . theme ( x _ 4 , Noah ) AND value . agent ( x _ 5 , x _ 1 ) AND value . ccomp ( x _ 5, x _ 6 ) AND expect . agent ( x _ 6 , Layla ) AND expect . ccomp ( x _ 6, x _ 7 ) AND find . agent ( x _ 7 , James ) AND find . theme ( x _ 7 , Noah )	elips_VPE_depth_gen
The boy hoped that William declared that a penguin liked a girl and so did Jacob .	* boy ( x _ 0 ) ; penguin ( x _ 3 ) AND girl ( x _ 4 ) AND hope . agent ( x _ 5 , x _ 0 ) AND hope . ccomp ( x _ 5, x _ 6 ) AND declare . agent ( x _ 6 , William ) AND declare . ccomp ( x _ 6, x _ 7 ) AND like . agent ( x _ 7 , x _ 3 ) AND like . theme ( x _ 7 , x _ 4 ) AND hope . agent ( x _ 8 , Jacob ) AND hope . ccomp ( x _ 8, x _ 9 ) AND declare . agent ( x _ 9 , William ) AND declare . ccomp ( x _ 9, x _ 10 ) AND like . agent ( x _ 10 , x _ 3 ) AND like . theme ( x _ 10 , x _ 4 )	elips_VPE_depth_gen
Emma believed that Ava declared that Alexander proved that Olivia liked that Thomas adored the cake and so did the servant .	* cake ( x _ 2 ) ; * servant ( x _ 1 ) ; believe . agent ( x _ 3 , Emma ) AND believe . ccomp ( x _ 3, x _ 4 ) AND declare . agent ( x _ 4 , Ava ) AND declare . ccomp ( x _ 4, x _ 5 ) AND prove . agent ( x _ 5 , Alexander ) AND prove . ccomp ( x _ 5, x _ 6 ) AND like . agent ( x _ 6 , Olivia ) AND like . ccomp ( x _ 6, x _ 7 ) AND adore . agent ( x _ 7 , Thomas ) AND adore . theme ( x _ 7 , x _ 2 ) AND believe . agent ( x _ 8 , x _ 1 ) AND believe . ccomp ( x _ 8, x _ 9 ) AND declare . agent ( x _ 9 , Ava ) AND declare . ccomp ( x _ 9, x _ 10 ) AND prove . agent ( x _ 10 , Alexander ) AND prove . ccomp ( x _ 10, x _ 11 ) AND like . agent ( x _ 11 , Olivia ) AND like . ccomp ( x _ 11, x _ 12 ) AND adore . agent ( x _ 12 , Thomas ) AND adore . theme ( x _ 12 , x _ 2 )	elips_VPE_depth_gen
Amelia said that Emma appreciated that the boy liked Lucas and so did Isabella .	* boy ( x _ 1 ) ; say . agent ( x _ 2 , Amelia ) AND say . ccomp ( x _ 2, x _ 3 ) AND appreciate . agent ( x _ 3 , Emma ) AND appreciate . ccomp ( x _ 3, x _ 4 ) AND like . agent ( x _ 4 , x _ 1 ) AND like . theme ( x _ 4 , Lucas ) AND say . agent ( x _ 5 , Isabella ) AND say . ccomp ( x _ 5, x _ 6 ) AND appreciate . agent ( x _ 6 , Emma ) AND appreciate . ccomp ( x _ 6, x _ 7 ) AND like . agent ( x _ 7 , x _ 1 ) AND like . theme ( x _ 7 , Lucas )	elips_VPE_depth_gen
The cow hoped that a girl proved that Noah liked that the monster wished that a crocodile found Emma and so did Ryan .	* cow ( x _ 0 ) ; * monster ( x _ 5 ) ; girl ( x _ 4 ) AND crocodile ( x _ 6 ) AND hope . agent ( x _ 7 , x _ 0 ) AND hope . ccomp ( x _ 7, x _ 8 ) AND prove . agent ( x _ 8 , x _ 4 ) AND prove . ccomp ( x _ 8, x _ 9 ) AND like . agent ( x _ 9 , Noah ) AND like . ccomp ( x _ 9, x _ 10 ) AND wish . agent ( x _ 10 , x _ 5 ) AND wish . ccomp ( x _ 10, x _ 11 ) AND find . agent ( x _ 11 , x _ 6 ) AND find . theme ( x _ 11 , Emma ) AND hope . agent ( x _ 12 , Ryan ) AND hope . ccomp ( x _ 12, x _ 13 ) AND prove . agent ( x _ 13 , x _ 4 ) AND prove . ccomp ( x _ 13, x _ 14 ) AND like . agent ( x _ 14 , Noah ) AND like . ccomp ( x _ 14, x _ 15 ) AND wish . agent ( x _ 15 , x _ 5 ) AND wish . ccomp ( x _ 15, x _ 16 ) AND find . agent ( x _ 16 , x _ 6 ) AND find . theme ( x _ 16 , Emma )	elips_VPE_depth_gen
The teacher liked that Sofia declared that Grace liked that a boy liked that a resident liked a donut and so did Liam .	* teacher ( x _ 0 ) ; boy ( x _ 4 ) AND resident ( x _ 5 ) AND donut ( x _ 6 ) AND like . agent ( x _ 7 , x _ 0 ) AND like . ccomp ( x _ 7, x _ 8 ) AND declare . agent ( x _ 8 , Sofia ) AND declare . ccomp ( x _ 8, x _ 9 ) AND like . agent ( x _ 9 , Grace ) AND like . ccomp ( x _ 9, x _ 10 ) AND like . agent ( x _ 10 , x _ 4 ) AND like . ccomp ( x _ 10, x _ 11 ) AND like . agent ( x _ 11 , x _ 5 ) AND like . theme ( x _ 11 , x _ 6 ) AND like . agent ( x _ 12 , Liam ) AND like . ccomp ( x _ 12, x _ 13 ) AND declare . agent ( x _ 13 , Sofia ) AND declare . ccomp ( x _ 13, x _ 14 ) AND like . agent ( x _ 14 , Grace ) AND like . ccomp ( x _ 14, x _ 15 ) AND like . agent ( x _ 15 , x _ 4 ) AND like . ccomp ( x _ 15, x _ 16 ) AND like . agent ( x _ 16 , x _ 5 ) AND like . theme ( x _ 16 , x _ 6 )	elips_VPE_depth_gen
A child liked that Oliver liked that James liked that William respected the cake and so did Emma .	* cake ( x _ 2 ) ; child ( x _ 0 ) AND like . agent ( x _ 3 , x _ 0 ) AND like . ccomp ( x _ 3, x _ 4 ) AND like . agent ( x _ 4 , Oliver ) AND like . ccomp ( x _ 4, x _ 5 ) AND like . agent ( x _ 5 , James ) AND like . ccomp ( x _ 5, x _ 6 ) AND respect . agent ( x _ 6 , William ) AND respect . theme ( x _ 6 , x _ 2 ) AND like . agent ( x _ 7 , Emma ) AND like . ccomp ( x _ 7, x _ 8 ) AND like . agent ( x _ 8 , Oliver ) AND like . ccomp ( x _ 8, x _ 9 ) AND like . agent ( x _ 9 , James ) AND like . ccomp ( x _ 9, x _ 10 ) AND respect . agent ( x _ 10 , William ) AND respect . theme ( x _ 10 , x _ 2 )	elips_VPE_depth_gen
A girl believed that Benjamin noticed that Olivia respected that Chloe helped a cake and so did Emma .	girl ( x _ 0 ) AND cake ( x _ 2 ) AND believe . agent ( x _ 3 , x _ 0 ) AND believe . ccomp ( x _ 3, x _ 4 ) AND notice . agent ( x _ 4 , Benjamin ) AND notice . ccomp ( x _ 4, x _ 5 ) AND respect . agent ( x _ 5 , Olivia ) AND respect . ccomp ( x _ 5, x _ 6 ) AND help . agent ( x _ 6 , Chloe ) AND help . theme ( x _ 6 , x _ 2 ) AND believe . agent ( x _ 7 , Emma ) AND believe . ccomp ( x _ 7, x _ 8 ) AND notice . agent ( x _ 8 , Benjamin ) AND notice . ccomp ( x _ 8, x _ 9 ) AND respect . agent ( x _ 9 , Olivia ) AND respect . ccomp ( x _ 9, x _ 10 ) AND help . agent ( x _ 10 , Chloe ) AND help . theme ( x _ 10 , x _ 2 )	elips_VPE_depth_gen
The tenant said that Emma liked that Henry liked the bird and so did the girl .	* tenant ( x _ 0 ) ; * bird ( x _ 3 ) ; * girl ( x _ 2 ) ; say . agent ( x _ 4 , x _ 0 ) AND say . ccomp ( x _ 4, x _ 5 ) AND like . agent ( x _ 5 , Emma ) AND like . ccomp ( x _ 5, x _ 6 ) AND like . agent ( x _ 6 , Henry ) AND like . theme ( x _ 6 , x _ 3 ) AND say . agent ( x _ 7 , x _ 2 ) AND say . ccomp ( x _ 7, x _ 8 ) AND like . agent ( x _ 8 , Emma ) AND like . ccomp ( x _ 8, x _ 9 ) AND like . agent ( x _ 9 , Henry ) AND like . theme ( x _ 9 , x _ 3 )	elips_VPE_depth_gen
William hoped that the customer wished that a girl believed that Emma helped a clock and so did Noah .	* customer ( x _ 3 ) ; girl ( x _ 4 ) AND clock ( x _ 5 ) AND hope . agent ( x _ 6 , William ) AND hope . ccomp ( x _ 6, x _ 7 ) AND wish . agent ( x _ 7 , x _ 3 ) AND wish . ccomp ( x _ 7, x _ 8 ) AND believe . agent ( x _ 8 , x _ 4 ) AND believe . ccomp ( x _ 8, x _ 9 ) AND help . agent ( x _ 9 , Emma ) AND help . theme ( x _ 9 , x _ 5 ) AND hope . agent ( x _ 10 , Noah ) AND hope . ccomp ( x _ 10, x _ 11 ) AND wish . agent ( x _ 11 , x _ 3 ) AND wish . ccomp ( x _ 11, x _ 12 ) AND believe . agent ( x _ 12 , x _ 4 ) AND believe . ccomp ( x _ 12, x _ 13 ) AND help . agent ( x _ 13 , Emma ) AND help . theme ( x _ 13 , x _ 5 )	elips_VPE_depth_gen
The crocodile liked that the girl liked that a princess dreamed that the director liked that Emma helped Liam and so did a mouse .	* crocodile ( x _ 0 ) ; * girl ( x _ 5 ) ; * director ( x _ 7 ) ; princess ( x _ 6 ) AND mouse ( x _ 4 ) AND like . agent ( x _ 8 , x _ 0 ) AND like . ccomp ( x _ 8, x _ 9 ) AND like . agent ( x _ 9 , x _ 5 ) AND like . ccomp ( x _ 9, x _ 10 ) AND dream . agent ( x _ 10 , x _ 6 ) AND dream . ccomp ( x _ 10, x _ 11 ) AND like . agent ( x _ 11 , x _ 7 ) AND like . ccomp ( x _ 11, x _ 12 ) AND help . agent ( x _ 12 , Emma ) AND help . theme ( x _ 12 , Liam ) AND like . agent ( x _ 13 , x _ 4 ) AND like . ccomp ( x _ 13, x _ 14 ) AND like . agent ( x _ 14 , x _ 5 ) AND like . ccomp ( x _ 14, x _ 15 ) AND dream . agent ( x _ 15 , x _ 6 ) AND dream . ccomp ( x _ 15, x _ 16 ) AND like . agent ( x _ 16 , x _ 7 ) AND like . ccomp ( x _ 16, x _ 17 ) AND help . agent ( x _ 17 , Emma ) AND help . theme ( x _ 17 , Liam )	elips_VPE_depth_gen
A duck declared that the child liked that a horse believed that a cat said that William helped a cracker and so did the girl .	* child ( x _ 6 ) ; * girl ( x _ 5 ) ; duck ( x _ 0 ) AND horse ( x _ 7 ) AND cat ( x _ 8 ) AND cracker ( x _ 9 ) AND declare . agent ( x _ 10 , x _ 0 ) AND declare . ccomp ( x _ 10, x _ 11 ) AND like . agent ( x _ 11 , x _ 6 ) AND like . ccomp ( x _ 11, x _ 12 ) AND believe . agent ( x _ 12 , x _ 7 ) AND believe . ccomp ( x _ 12, x _ 13 ) AND say . agent ( x _ 13 , x _ 8 ) AND say . ccomp ( x _ 13, x _ 14 ) AND help . agent ( x _ 14 , William ) AND help . theme ( x _ 14 , x _ 9 ) AND declare . agent ( x _ 15 , x _ 5 ) AND declare . ccomp ( x _ 15, x _ 16 ) AND like . agent ( x _ 16 , x _ 6 ) AND like . ccomp ( x _ 16, x _ 17 ) AND believe . agent ( x _ 17 , x _ 7 ) AND believe . ccomp ( x _ 17, x _ 18 ) AND say . agent ( x _ 18 , x _ 8 ) AND say . ccomp ( x _ 18, x _ 19 ) AND help . agent ( x _ 19 , William ) AND help . theme ( x _ 19 , x _ 9 )	elips_VPE_depth_gen
Ellie liked that Emma thought that the child liked a boy and so did Ella .	* child ( x _ 2 ) ; boy ( x _ 3 ) AND like . agent ( x _ 4 , Ellie ) AND like . ccomp ( x _ 4, x _ 5 ) AND think . agent ( x _ 5 , Emma ) AND think . ccomp ( x _ 5, x _ 6 ) AND like . agent ( x _ 6 , x _ 2 ) AND like . theme ( x _ 6 , x _ 3 ) AND like . agent ( x _ 7 , Ella ) AND like . ccomp ( x _ 7, x _ 8 ) AND think . agent ( x _ 8 , Emma ) AND think . ccomp ( x _ 8, x _ 9 ) AND like . agent ( x _ 9 , x _ 2 ) AND like . theme ( x _ 9 , x _ 3 )	elips_VPE_depth_gen
William liked that Isaac hoped that Aiden liked that the patient liked a cake and so did a customer .	* patient ( x _ 3 ) ; cake ( x _ 4 ) AND customer ( x _ 2 ) AND like . agent ( x _ 5 , William ) AND like . ccomp ( x _ 5, x _ 6 ) AND hope . agent ( x _ 6 , Isaac ) AND hope . ccomp ( x _ 6, x _ 7 ) AND like . agent ( x _ 7 , Aiden ) AND like . ccomp ( x _ 7, x _ 8 ) AND like . agent ( x _ 8 , x _ 3 ) AND like . theme ( x _ 8 , x _ 4 ) AND like . agent ( x _ 9 , x _ 2 ) AND like . ccomp ( x _ 9, x _ 10 ) AND hope . agent ( x _ 10 , Isaac ) AND hope . ccomp ( x _ 10, x _ 11 ) AND like . agent ( x _ 11 , Aiden ) AND like . ccomp ( x _ 11, x _ 12 ) AND like . agent ( x _ 12 , x _ 3 ) AND like . theme ( x _ 12 , x _ 4 )	elips_VPE_depth_gen
Emma proved that a baby said that Victoria liked Noah and so did Liam .	baby ( x _ 1 ) AND prove . agent ( x _ 2 , Emma ) AND prove . ccomp ( x _ 2, x _ 3 ) AND say . agent ( x _ 3 , x _ 1 ) AND say . ccomp ( x _ 3, x _ 4 ) AND like . agent ( x _ 4 , Victoria ) AND like . theme ( x _ 4 , Noah ) AND prove . agent ( x _ 5 , Liam ) AND prove . ccomp ( x _ 5, x _ 6 ) AND say . agent ( x _ 6 , x _ 1 ) AND say . ccomp ( x _ 6, x _ 7 ) AND like . agent ( x _ 7 , Victoria ) AND like . theme ( x _ 7 , Noah )	elips_VPE_depth_gen
Emma thought that Liam liked that a boy liked a girl and so did a cat .	boy ( x _ 3 ) AND girl ( x _ 4 ) AND cat ( x _ 2 ) AND think . agent ( x _ 5 , Emma ) AND think . ccomp ( x _ 5, x _ 6 ) AND like . agent ( x _ 6 , Liam ) AND like . ccomp ( x _ 6, x _ 7 ) AND like . agent ( x _ 7 , x _ 3 ) AND like . theme ( x _ 7 , x _ 4 ) AND think . agent ( x _ 8 , x _ 2 ) AND think . ccomp ( x _ 8, x _ 9 ) AND like . agent ( x _ 9 , Liam ) AND like . ccomp ( x _ 9, x _ 10 ) AND like . agent ( x _ 10 , x _ 3 ) AND like . theme ( x _ 10 , x _ 4 )	elips_VPE_depth_gen
A guest liked that the girl liked that the director imagined that Emma liked a donut and so did Liam .	* girl ( x _ 4 ) ; * director ( x _ 5 ) ; guest ( x _ 0 ) AND donut ( x _ 6 ) AND like . agent ( x _ 7 , x _ 0 ) AND like . ccomp ( x _ 7, x _ 8 ) AND like . agent ( x _ 8 , x _ 4 ) AND like . ccomp ( x _ 8, x _ 9 ) AND imagine . agent ( x _ 9 , x _ 5 ) AND imagine . ccomp ( x _ 9, x _ 10 ) AND like . agent ( x _ 10 , Emma ) AND like . theme ( x _ 10 , x _ 6 ) AND like . agent ( x _ 11 , Liam ) AND like . ccomp ( x _ 11, x _ 12 ) AND like . agent ( x _ 12 , x _ 4 ) AND like . ccomp ( x _ 12, x _ 13 ) AND imagine . agent ( x _ 13 , x _ 5 ) AND imagine . ccomp ( x _ 13, x _ 14 ) AND like . agent ( x _ 14 , Emma ) AND like . theme ( x _ 14 , x _ 6 )	elips_VPE_depth_gen
Liam admired that Emma liked that a boy thought that a mouse liked that a dog liked a box and so did the bunny .	* bunny ( x _ 4 ) ; boy ( x _ 5 ) AND mouse ( x _ 6 ) AND dog ( x _ 7 ) AND box ( x _ 8 ) AND admire . agent ( x _ 9 , Liam ) AND admire . ccomp ( x _ 9, x _ 10 ) AND like . agent ( x _ 10 , Emma ) AND like . ccomp ( x _ 10, x _ 11 ) AND think . agent ( x _ 11 , x _ 5 ) AND think . ccomp ( x _ 11, x _ 12 ) AND like . agent ( x _ 12 , x _ 6 ) AND like . ccomp ( x _ 12, x _ 13 ) AND like . agent ( x _ 13 , x _ 7 ) AND like . theme ( x _ 13 , x _ 8 ) AND admire . agent ( x _ 14 , x _ 4 ) AND admire . ccomp ( x _ 14, x _ 15 ) AND like . agent ( x _ 15 , Emma ) AND like . ccomp ( x _ 15, x _ 16 ) AND think . agent ( x _ 16 , x _ 5 ) AND think . ccomp ( x _ 16, x _ 17 ) AND like . agent ( x _ 17 , x _ 6 ) AND like . ccomp ( x _ 17, x _ 18 ) AND like . agent ( x _ 18 , x _ 7 ) AND like . theme ( x _ 18 , x _ 8 )	elips_VPE_depth_gen
The cat liked that a servant said that Chloe missed the drink and so did a girl .	* cat ( x _ 0 ) ; * drink ( x _ 5 ) ; servant ( x _ 4 ) AND girl ( x _ 3 ) AND like . agent ( x _ 6 , x _ 0 ) AND like . ccomp ( x _ 6, x _ 7 ) AND say . agent ( x _ 7 , x _ 4 ) AND say . ccomp ( x _ 7, x _ 8 ) AND miss . agent ( x _ 8 , Chloe ) AND miss . theme ( x _ 8 , x _ 5 ) AND like . agent ( x _ 9 , x _ 3 ) AND like . ccomp ( x _ 9, x _ 10 ) AND say . agent ( x _ 10 , x _ 4 ) AND say . ccomp ( x _ 10, x _ 11 ) AND miss . agent ( x _ 11 , Chloe ) AND miss . theme ( x _ 11 , x _ 5 )	elips_VPE_depth_gen
Liam liked that the girl noticed that a doctor poked a duck and so did a boy .	* girl ( x _ 4 ) ; doctor ( x _ 5 ) AND duck ( x _ 6 ) AND boy ( x _ 3 ) AND like . agent ( x _ 7 , Liam ) AND like . ccomp ( x _ 7, x _ 8 ) AND notice . agent ( x _ 8 , x _ 4 ) AND notice . ccomp ( x _ 8, x _ 9 ) AND poke . agent ( x _ 9 , x _ 5 ) AND poke . theme ( x _ 9 , x _ 6 ) AND like . agent ( x _ 10 , x _ 3 ) AND like . ccomp ( x _ 10, x _ 11 ) AND notice . agent ( x _ 11 , x _ 4 ) AND notice . ccomp ( x _ 11, x _ 12 ) AND poke . agent ( x _ 12 , x _ 5 ) AND poke . theme ( x _ 12 , x _ 6 )	elips_VPE_depth_gen
The captain hoped that the doctor liked that a dog said that Aiden liked a donut and so did a cat .	* captain ( x _ 0 ) ; * doctor ( x _ 5 ) ; dog ( x _ 6 ) AND donut ( x _ 7 ) AND cat ( x _ 4 ) AND hope . agent ( x _ 8 , x _ 0 ) AND hope . ccomp ( x _ 8, x _ 9 ) AND like . agent ( x _ 9 , x _ 5 ) AND like . ccomp ( x _ 9, x _ 10 ) AND say . agent ( x _ 10 , x _ 6 ) AND say . ccomp ( x _ 10, x _ 11 ) AND like . agent ( x _ 11 , Aiden ) AND like . theme ( x _ 11 , x _ 7 ) AND hope . agent ( x _ 12 , x _ 4 ) AND hope . ccomp ( x _ 12, x _ 13 ) AND like . agent ( x _ 13 , x _ 5 ) AND like . ccomp ( x _ 13, x _ 14 ) AND say . agent ( x _ 14 , x _ 6 ) AND say . ccomp ( x _ 14, x _ 15 ) AND like . agent ( x _ 15 , Aiden ) AND like . theme ( x _ 15 , x _ 7 )	elips_VPE_depth_gen
Mia hoped that Ava hoped that Emma helped a donut and so did Liam .	donut ( x _ 1 ) AND hope . agent ( x _ 2 , Mia ) AND hope . ccomp ( x _ 2, x _ 3 ) AND hope . agent ( x _ 3 , Ava ) AND hope . ccomp ( x _ 3, x _ 4 ) AND help . agent ( x _ 4 , Emma ) AND help . theme ( x _ 4 , x _ 1 ) AND hope . agent ( x _ 5 , Liam ) AND hope . ccomp ( x _ 5, x _ 6 ) AND hope . agent ( x _ 6 , Ava ) AND hope . ccomp ( x _ 6, x _ 7 ) AND help . agent ( x _ 7 , Emma ) AND help . theme ( x _ 7 , x _ 1 )	elips_VPE_depth_gen
A girl hoped that Liam noticed that Mia found the cake and so did Henry .	* cake ( x _ 2 ) ; girl ( x _ 0 ) AND hope . agent ( x _ 3 , x _ 0 ) AND hope . ccomp ( x _ 3, x _ 4 ) AND notice . agent ( x _ 4 , Liam ) AND notice . ccomp ( x _ 4, x _ 5 ) AND find . agent ( x _ 5 , Mia ) AND find . theme ( x _ 5 , x _ 2 ) AND hope . agent ( x _ 6 , Henry ) AND hope . ccomp ( x _ 6, x _ 7 ) AND notice . agent ( x _ 7 , Liam ) AND notice . ccomp ( x _ 7, x _ 8 ) AND find . agent ( x _ 8 , Mia ) AND find . theme ( x _ 8 , x _ 2 )	elips_VPE_depth_gen
The crocodile imagined that a cat tolerated that the dog liked that Emma poked a box and so did a monkey .	* crocodile ( x _ 0 ) ; * dog ( x _ 6 ) ; cat ( x _ 5 ) AND box ( x _ 7 ) AND monkey ( x _ 4 ) AND imagine . agent ( x _ 8 , x _ 0 ) AND imagine . ccomp ( x _ 8, x _ 9 ) AND tolerate . agent ( x _ 9 , x _ 5 ) AND tolerate . ccomp ( x _ 9, x _ 10 ) AND like . agent ( x _ 10 , x _ 6 ) AND like . ccomp ( x _ 10, x _ 11 ) AND poke . agent ( x _ 11 , Emma ) AND poke . theme ( x _ 11 , x _ 7 ) AND imagine . agent ( x _ 12 , x _ 4 ) AND imagine . ccomp ( x _ 12, x _ 13 ) AND tolerate . agent ( x _ 13 , x _ 5 ) AND tolerate . ccomp ( x _ 13, x _ 14 ) AND like . agent ( x _ 14 , x _ 6 ) AND like . ccomp ( x _ 14, x _ 15 ) AND poke . agent ( x _ 15 , Emma ) AND poke . theme ( x _ 15 , x _ 7 )	elips_VPE_depth_gen
A student valued that Sebastian tolerated that the teacher declared that the fly liked the button and so did a monkey .	* teacher ( x _ 5 ) ; * fly ( x _ 6 ) ; * button ( x _ 7 ) ; student ( x _ 0 ) AND monkey ( x _ 4 ) AND value . agent ( x _ 8 , x _ 0 ) AND value . ccomp ( x _ 8, x _ 9 ) AND tolerate . agent ( x _ 9 , Sebastian ) AND tolerate . ccomp ( x _ 9, x _ 10 ) AND declare . agent ( x _ 10 , x _ 5 ) AND declare . ccomp ( x _ 10, x _ 11 ) AND like . agent ( x _ 11 , x _ 6 ) AND like . theme ( x _ 11 , x _ 7 ) AND value . agent ( x _ 12 , x _ 4 ) AND value . ccomp ( x _ 12, x _ 13 ) AND tolerate . agent ( x _ 13 , Sebastian ) AND tolerate . ccomp ( x _ 13, x _ 14 ) AND declare . agent ( x _ 14 , x _ 5 ) AND declare . ccomp ( x _ 14, x _ 15 ) AND like . agent ( x _ 15 , x _ 6 ) AND like . theme ( x _ 15 , x _ 7 )	elips_VPE_depth_gen
A girl liked that the chicken declared that the boy adored Liam and so did Emma .	* chicken ( x _ 3 ) ; * boy ( x _ 4 ) ; girl ( x _ 0 ) AND like . agent ( x _ 5 , x _ 0 ) AND like . ccomp ( x _ 5, x _ 6 ) AND declare . agent ( x _ 6 , x _ 3 ) AND declare . ccomp ( x _ 6, x _ 7 ) AND adore . agent ( x _ 7 , x _ 4 ) AND adore . theme ( x _ 7 , Liam ) AND like . agent ( x _ 8 , Emma ) AND like . ccomp ( x _ 8, x _ 9 ) AND declare . agent ( x _ 9 , x _ 3 ) AND declare . ccomp ( x _ 9, x _ 10 ) AND adore . agent ( x _ 10 , x _ 4 ) AND adore . theme ( x _ 10 , Liam )	elips_VPE_depth_gen
Emma liked that a pupil noticed that a boy helped a box and so did a dog .	pupil ( x _ 4 ) AND boy ( x _ 5 ) AND box ( x _ 6 ) AND dog ( x _ 3 ) AND like . agent ( x _ 7 , Emma ) AND like . ccomp ( x _ 7, x _ 8 ) AND notice . agent ( x _ 8 , x _ 4 ) AND notice . ccomp ( x _ 8, x _ 9 ) AND help . agent ( x _ 9 , x _ 5 ) AND help . theme ( x _ 9 , x _ 6 ) AND like . agent ( x _ 10 , x _ 3 ) AND like . ccomp ( x _ 10, x _ 11 ) AND notice . agent ( x _ 11 , x _ 4 ) AND notice . ccomp ( x _ 11, x _ 12 ) AND help . agent ( x _ 12 , x _ 5 ) AND help . theme ( x _ 12 , x _ 6 )	elips_VPE_depth_gen
Emma noticed that the boy supported that Liam valued that a girl liked that Evelyn found a block and so did the creature .	* boy ( x _ 4 ) ; * creature ( x _ 3 ) ; girl ( x _ 5 ) AND block ( x _ 6 ) AND notice . agent ( x _ 7 , Emma ) AND notice . ccomp ( x _ 7, x _ 8 ) AND support . agent ( x _ 8 , x _ 4 ) AND support . ccomp ( x _ 8, x _ 9 ) AND value . agent ( x _ 9 , Liam ) AND value . ccomp ( x _ 9, x _ 10 ) AND like . agent ( x _ 10 , x _ 5 ) AND like . ccomp ( x _ 10, x _ 11 ) AND find . agent ( x _ 11 , Evelyn ) AND find . theme ( x _ 11 , x _ 6 ) AND notice . agent ( x _ 12 , x _ 3 ) AND notice . ccomp ( x _ 12, x _ 13 ) AND support . agent ( x _ 13 , x _ 4 ) AND support . ccomp ( x _ 13, x _ 14 ) AND value . agent ( x _ 14 , Liam ) AND value . ccomp ( x _ 14, x _ 15 ) AND like . agent ( x _ 15 , x _ 5 ) AND like . ccomp ( x _ 15, x _ 16 ) AND find . agent ( x _ 16 , Evelyn ) AND find . theme ( x _ 16 , x _ 6 )	elips_VPE_depth_gen
Liam respected that William respected that Emma missed Addison and so did a moose .	moose ( x _ 0 ) AND respect . agent ( x _ 1 , Liam ) AND respect . ccomp ( x _ 1, x _ 2 ) AND respect . agent ( x _ 2 , William ) AND respect . ccomp ( x _ 2, x _ 3 ) AND miss . agent ( x _ 3 , Emma ) AND miss . theme ( x _ 3 , Addison ) AND respect . agent ( x _ 4 , x _ 0 ) AND respect . ccomp ( x _ 4, x _ 5 ) AND respect . agent ( x _ 5 , William ) AND respect . ccomp ( x _ 5, x _ 6 ) AND miss . agent ( x _ 6 , Emma ) AND miss . theme ( x _ 6 , Addison )	elips_VPE_depth_gen
Ava noticed that Joseph hoped that a butterfly liked the cake and so did a girl .	* cake ( x _ 4 ) ; butterfly ( x _ 3 ) AND girl ( x _ 2 ) AND notice . agent ( x _ 5 , Ava ) AND notice . ccomp ( x _ 5, x _ 6 ) AND hope . agent ( x _ 6 , Joseph ) AND hope . ccomp ( x _ 6, x _ 7 ) AND like . agent ( x _ 7 , x _ 3 ) AND like . theme ( x _ 7 , x _ 4 ) AND notice . agent ( x _ 8 , x _ 2 ) AND notice . ccomp ( x _ 8, x _ 9 ) AND hope . agent ( x _ 9 , Joseph ) AND hope . ccomp ( x _ 9, x _ 10 ) AND like . agent ( x _ 10 , x _ 3 ) AND like . theme ( x _ 10 , x _ 4 )	elips_VPE_depth_gen
James hoped that a doctor hoped that Olivia said that a bunny liked the drink and so did Hannah .	* drink ( x _ 5 ) ; doctor ( x _ 3 ) AND bunny ( x _ 4 ) AND hope . agent ( x _ 6 , James ) AND hope . ccomp ( x _ 6, x _ 7 ) AND hope . agent ( x _ 7 , x _ 3 ) AND hope . ccomp ( x _ 7, x _ 8 ) AND say . agent ( x _ 8 , Olivia ) AND say . ccomp ( x _ 8, x _ 9 ) AND like . agent ( x _ 9 , x _ 4 ) AND like . theme ( x _ 9 , x _ 5 ) AND hope . agent ( x _ 10 , Hannah ) AND hope . ccomp ( x _ 10, x _ 11 ) AND hope . agent ( x _ 11 , x _ 3 ) AND hope . ccomp ( x _ 11, x _ 12 ) AND say . agent ( x _ 12 , Olivia ) AND say . ccomp ( x _ 12, x _ 13 ) AND like . agent ( x _ 13 , x _ 4 ) AND like . theme ( x _ 13 , x _ 5 )	elips_VPE_depth_gen
The girl liked that Ava believed that a scientist poked the boy and so did a giraffe .	* girl ( x _ 0 ) ; * boy ( x _ 5 ) ; scientist ( x _ 4 ) AND giraffe ( x _ 3 ) AND like . agent ( x _ 6 , x _ 0 ) AND like . ccomp ( x _ 6, x _ 7 ) AND believe . agent ( x _ 7 , Ava ) AND believe . ccomp ( x _ 7, x _ 8 ) AND poke . agent ( x _ 8 , x _ 4 ) AND poke . theme ( x _ 8 , x _ 5 ) AND like . agent ( x _ 9 , x _ 3 ) AND like . ccomp ( x _ 9, x _ 10 ) AND believe . agent ( x _ 10 , Ava ) AND believe . ccomp ( x _ 10, x _ 11 ) AND poke . agent ( x _ 11 , x _ 4 ) AND poke . theme ( x _ 11 , x _ 5 )	elips_VPE_depth_gen
The boy meant that the bird liked that the girl liked that a horse liked that Noah adored a bat and so did a champion .	* boy ( x _ 0 ) ; * bird ( x _ 6 ) ; * girl ( x _ 7 ) ; horse ( x _ 8 ) AND bat ( x _ 9 ) AND champion ( x _ 5 ) AND mean . agent ( x _ 10 , x _ 0 ) AND mean . ccomp ( x _ 10, x _ 11 ) AND like . agent ( x _ 11 , x _ 6 ) AND like . ccomp ( x _ 11, x _ 12 ) AND like . agent ( x _ 12 , x _ 7 ) AND like . ccomp ( x _ 12, x _ 13 ) AND like . agent ( x _ 13 , x _ 8 ) AND like . ccomp ( x _ 13, x _ 14 ) AND adore . agent ( x _ 14 , Noah ) AND adore . theme ( x _ 14 , x _ 9 ) AND mean . agent ( x _ 15 , x _ 5 ) AND mean . ccomp ( x _ 15, x _ 16 ) AND like . agent ( x _ 16 , x _ 6 ) AND like . ccomp ( x _ 16, x _ 17 ) AND like . agent ( x _ 17 , x _ 7 ) AND like . ccomp ( x _ 17, x _ 18 ) AND like . agent ( x _ 18 , x _ 8 ) AND like . ccomp ( x _ 18, x _ 19 ) AND adore . agent ( x _ 19 , Noah ) AND adore . theme ( x _ 19 , x _ 9 )	elips_VPE_depth_gen
Jacob hoped that the hen believed that Liam appreciated the pumpkin and so did a girl .	* hen ( x _ 3 ) ; * pumpkin ( x _ 4 ) ; girl ( x _ 2 ) AND hope . agent ( x _ 5 , Jacob ) AND hope . ccomp ( x _ 5, x _ 6 ) AND believe . agent ( x _ 6 , x _ 3 ) AND believe . ccomp ( x _ 6, x _ 7 ) AND appreciate . agent ( x _ 7 , Liam ) AND appreciate . theme ( x _ 7 , x _ 4 ) AND hope . agent ( x _ 8 , x _ 2 ) AND hope . ccomp ( x _ 8, x _ 9 ) AND believe . agent ( x _ 9 , x _ 3 ) AND believe . ccomp ( x _ 9, x _ 10 ) AND appreciate . agent ( x _ 10 , Liam ) AND appreciate . theme ( x _ 10 , x _ 4 )	elips_VPE_depth_gen
The lion liked that a cat hoped that Liam liked that a bear missed Mia and so did Emma .	* lion ( x _ 0 ) ; cat ( x _ 3 ) AND bear ( x _ 4 ) AND like . agent ( x _ 5 , x _ 0 ) AND like . ccomp ( x _ 5, x _ 6 ) AND hope . agent ( x _ 6 , x _ 3 ) AND hope . ccomp ( x _ 6, x _ 7 ) AND like . agent ( x _ 7 , Liam ) AND like . ccomp ( x _ 7, x _ 8 ) AND miss . agent ( x _ 8 , x _ 4 ) AND miss . theme ( x _ 8 , Mia ) AND like . agent ( x _ 9 , Emma ) AND like . ccomp ( x _ 9, x _ 10 ) AND hope . agent ( x _ 10 , x _ 3 ) AND hope . ccomp ( x _ 10, x _ 11 ) AND like . agent ( x _ 11 , Liam ) AND like . ccomp ( x _ 11, x _ 12 ) AND miss . agent ( x _ 12 , x _ 4 ) AND miss . theme ( x _ 12 , Mia )	elips_VPE_depth_gen
Charlotte dreamed that a lamb wished that Emily helped the potato and so did a girl .	* potato ( x _ 4 ) ; lamb ( x _ 3 ) AND girl ( x _ 2 ) AND dream . agent ( x _ 5 , Charlotte ) AND dream . ccomp ( x _ 5, x _ 6 ) AND wish . agent ( x _ 6 , x _ 3 ) AND wish . ccomp ( x _ 6, x _ 7 ) AND help . agent ( x _ 7 , Emily ) AND help . theme ( x _ 7 , x _ 4 ) AND dream . agent ( x _ 8 , x _ 2 ) AND dream . ccomp ( x _ 8, x _ 9 ) AND wish . agent ( x _ 9 , x _ 3 ) AND wish . ccomp ( x _ 9, x _ 10 ) AND help . agent ( x _ 10 , Emily ) AND help . theme ( x _ 10 , x _ 4 )	elips_VPE_depth_gen
Sophia liked that Jacob hoped that Isabella liked the cake and so did Mia .	* cake ( x _ 1 ) ; like . agent ( x _ 2 , Sophia ) AND like . ccomp ( x _ 2, x _ 3 ) AND hope . agent ( x _ 3 , Jacob ) AND hope . ccomp ( x _ 3, x _ 4 ) AND like . agent ( x _ 4 , Isabella ) AND like . theme ( x _ 4 , x _ 1 ) AND like . agent ( x _ 5 , Mia ) AND like . ccomp ( x _ 5, x _ 6 ) AND hope . agent ( x _ 6 , Jacob ) AND hope . ccomp ( x _ 6, x _ 7 ) AND like . agent ( x _ 7 , Isabella ) AND like . theme ( x _ 7 , x _ 1 )	elips_VPE_depth_gen
William supported that Liam hoped that Emma admired a toy and so did the writer .	* writer ( x _ 1 ) ; toy ( x _ 2 ) AND support . agent ( x _ 3 , William ) AND support . ccomp ( x _ 3, x _ 4 ) AND hope . agent ( x _ 4 , Liam ) AND hope . ccomp ( x _ 4, x _ 5 ) AND admire . agent ( x _ 5 , Emma ) AND admire . theme ( x _ 5 , x _ 2 ) AND support . agent ( x _ 6 , x _ 1 ) AND support . ccomp ( x _ 6, x _ 7 ) AND hope . agent ( x _ 7 , Liam ) AND hope . ccomp ( x _ 7, x _ 8 ) AND admire . agent ( x _ 8 , Emma ) AND admire . theme ( x _ 8 , x _ 2 )	elips_VPE_depth_gen
Emma declared that William liked that the lion liked the pretzel and so did a student .	* lion ( x _ 3 ) ; * pretzel ( x _ 4 ) ; student ( x _ 2 ) AND declare . agent ( x _ 5 , Emma ) AND declare . ccomp ( x _ 5, x _ 6 ) AND like . agent ( x _ 6 , William ) AND like . ccomp ( x _ 6, x _ 7 ) AND like . agent ( x _ 7 , x _ 3 ) AND like . theme ( x _ 7 , x _ 4 ) AND declare . agent ( x _ 8 , x _ 2 ) AND declare . ccomp ( x _ 8, x _ 9 ) AND like . agent ( x _ 9 , William ) AND like . ccomp ( x _ 9, x _ 10 ) AND like . agent ( x _ 10 , x _ 3 ) AND like . theme ( x _ 10 , x _ 4 )	elips_VPE_depth_gen
A girl liked that a boy hoped that the baby appreciated that William liked Olivia and so did Charlotte .	* baby ( x _ 4 ) ; girl ( x _ 0 ) AND boy ( x _ 3 ) AND like . agent ( x _ 5 , x _ 0 ) AND like . ccomp ( x _ 5, x _ 6 ) AND hope . agent ( x _ 6 , x _ 3 ) AND hope . ccomp ( x _ 6, x _ 7 ) AND appreciate . agent ( x _ 7 , x _ 4 ) AND appreciate . ccomp ( x _ 7, x _ 8 ) AND like . agent ( x _ 8 , William ) AND like . theme ( x _ 8 , Olivia ) AND like . agent ( x _ 9 , Charlotte ) AND like . ccomp ( x _ 9, x _ 10 ) AND hope . agent ( x _ 10 , x _ 3 ) AND hope . ccomp ( x _ 10, x _ 11 ) AND appreciate . agent ( x _ 11 , x _ 4 ) AND appreciate . ccomp ( x _ 11, x _ 12 ) AND like . agent ( x _ 12 , William ) AND like . theme ( x _ 12 , Olivia )	elips_VPE_depth_gen
A girl liked that Lily hoped that Liam poked the cat and so did Emma .	* cat ( x _ 2 ) ; girl ( x _ 0 ) AND like . agent ( x _ 3 , x _ 0 ) AND like . ccomp ( x _ 3, x _ 4 ) AND hope . agent ( x _ 4 , Lily ) AND hope . ccomp ( x _ 4, x _ 5 ) AND poke . agent ( x _ 5 , Liam ) AND poke . theme ( x _ 5 , x _ 2 ) AND like . agent ( x _ 6 , Emma ) AND like . ccomp ( x _ 6, x _ 7 ) AND hope . agent ( x _ 7 , Lily ) AND hope . ccomp ( x _ 7, x _ 8 ) AND poke . agent ( x _ 8 , Liam ) AND poke . theme ( x _ 8 , x _ 2 )	elips_VPE_depth_gen
Abigail hoped that the girl believed that the duck loved a strawberry and so did Emma .	* girl ( x _ 3 ) ; * duck ( x _ 4 ) ; strawberry ( x _ 5 ) AND hope . agent ( x _ 6 , Abigail ) AND hope . ccomp ( x _ 6, x _ 7 ) AND believe . agent ( x _ 7 , x _ 3 ) AND believe . ccomp ( x _ 7, x _ 8 ) AND love . agent ( x _ 8 , x _ 4 ) AND love . theme ( x _ 8 , x _ 5 ) AND hope . agent ( x _ 9 , Emma ) AND hope . ccomp ( x _ 9, x _ 10 ) AND believe . agent ( x _ 10 , x _ 3 ) AND believe . ccomp ( x _ 10, x _ 11 ) AND love . agent ( x _ 11 , x _ 4 ) AND love . theme ( x _ 11 , x _ 5 )	elips_VPE_depth_gen
Liam said that the dealer liked that the boy liked a girl and so did Olivia .	* dealer ( x _ 3 ) ; * boy ( x _ 4 ) ; girl ( x _ 5 ) AND say . agent ( x _ 6 , Liam ) AND say . ccomp ( x _ 6, x _ 7 ) AND like . agent ( x _ 7 , x _ 3 ) AND like . ccomp ( x _ 7, x _ 8 ) AND like . agent ( x _ 8 , x _ 4 ) AND like . theme ( x _ 8 , x _ 5 ) AND say . agent ( x _ 9 , Olivia ) AND say . ccomp ( x _ 9, x _ 10 ) AND like . agent ( x _ 10 , x _ 3 ) AND like . ccomp ( x _ 10, x _ 11 ) AND like . agent ( x _ 11 , x _ 4 ) AND like . theme ( x _ 11 , x _ 5 )	elips_VPE_depth_gen
Layla meant that Amelia imagined that the cat confessed that Dylan hoped that the patient missed a raisin and so did Victoria .	* cat ( x _ 3 ) ; * patient ( x _ 4 ) ; raisin ( x _ 5 ) AND mean . agent ( x _ 6 , Layla ) AND mean . ccomp ( x _ 6, x _ 7 ) AND imagine . agent ( x _ 7 , Amelia ) AND imagine . ccomp ( x _ 7, x _ 8 ) AND confess . agent ( x _ 8 , x _ 3 ) AND confess . ccomp ( x _ 8, x _ 9 ) AND hope . agent ( x _ 9 , Dylan ) AND hope . ccomp ( x _ 9, x _ 10 ) AND miss . agent ( x _ 10 , x _ 4 ) AND miss . theme ( x _ 10 , x _ 5 ) AND mean . agent ( x _ 11 , Victoria ) AND mean . ccomp ( x _ 11, x _ 12 ) AND imagine . agent ( x _ 12 , Amelia ) AND imagine . ccomp ( x _ 12, x _ 13 ) AND confess . agent ( x _ 13 , x _ 3 ) AND confess . ccomp ( x _ 13, x _ 14 ) AND hope . agent ( x _ 14 , Dylan ) AND hope . ccomp ( x _ 14, x _ 15 ) AND miss . agent ( x _ 15 , x _ 4 ) AND miss . theme ( x _ 15 , x _ 5 )	elips_VPE_depth_gen
The horse liked that Emma liked that a boy imagined that a fly respected the rose and so did the girl .	* horse ( x _ 0 ) ; * rose ( x _ 7 ) ; * girl ( x _ 4 ) ; boy ( x _ 5 ) AND fly ( x _ 6 ) AND like . agent ( x _ 8 , x _ 0 ) AND like . ccomp ( x _ 8, x _ 9 ) AND like . agent ( x _ 9 , Emma ) AND like . ccomp ( x _ 9, x _ 10 ) AND imagine . agent ( x _ 10 , x _ 5 ) AND imagine . ccomp ( x _ 10, x _ 11 ) AND respect . agent ( x _ 11 , x _ 6 ) AND respect . theme ( x _ 11 , x _ 7 ) AND like . agent ( x _ 12 , x _ 4 ) AND like . ccomp ( x _ 12, x _ 13 ) AND like . agent ( x _ 13 , Emma ) AND like . ccomp ( x _ 13, x _ 14 ) AND imagine . agent ( x _ 14 , x _ 5 ) AND imagine . ccomp ( x _ 14, x _ 15 ) AND respect . agent ( x _ 15 , x _ 6 ) AND respect . theme ( x _ 15 , x _ 7 )	elips_VPE_depth_gen
Joseph liked that Logan liked that Emma liked that Nathan liked the cloud and so did the girl .	* cloud ( x _ 2 ) ; * girl ( x _ 1 ) ; like . agent ( x _ 3 , Joseph ) AND like . ccomp ( x _ 3, x _ 4 ) AND like . agent ( x _ 4 , Logan ) AND like . ccomp ( x _ 4, x _ 5 ) AND like . agent ( x _ 5 , Emma ) AND like . ccomp ( x _ 5, x _ 6 ) AND like . agent ( x _ 6 , Nathan ) AND like . theme ( x _ 6 , x _ 2 ) AND like . agent ( x _ 7 , x _ 1 ) AND like . ccomp ( x _ 7, x _ 8 ) AND like . agent ( x _ 8 , Logan ) AND like . ccomp ( x _ 8, x _ 9 ) AND like . agent ( x _ 9 , Emma ) AND like . ccomp ( x _ 9, x _ 10 ) AND like . agent ( x _ 10 , Nathan ) AND like . theme ( x _ 10 , x _ 2 )	elips_VPE_depth_gen
Emma liked that Isabella said that Mila liked the resident and so did a girl .	* resident ( x _ 2 ) ; girl ( x _ 1 ) AND like . agent ( x _ 3 , Emma ) AND like . ccomp ( x _ 3, x _ 4 ) AND say . agent ( x _ 4 , Isabella ) AND say . ccomp ( x _ 4, x _ 5 ) AND like . agent ( x _ 5 , Mila ) AND like . theme ( x _ 5 , x _ 2 ) AND like . agent ( x _ 6 , x _ 1 ) AND like . ccomp ( x _ 6, x _ 7 ) AND say . agent ( x _ 7 , Isabella ) AND say . ccomp ( x _ 7, x _ 8 ) AND like . agent ( x _ 8 , Mila ) AND like . theme ( x _ 8 , x _ 2 )	elips_VPE_depth_gen
The tourist confessed that the kid hoped that Emma found a cake and so did a fly .	* tourist ( x _ 0 ) ; * kid ( x _ 4 ) ; cake ( x _ 5 ) AND fly ( x _ 3 ) AND confess . agent ( x _ 6 , x _ 0 ) AND confess . ccomp ( x _ 6, x _ 7 ) AND hope . agent ( x _ 7 , x _ 4 ) AND hope . ccomp ( x _ 7, x _ 8 ) AND find . agent ( x _ 8 , Emma ) AND find . theme ( x _ 8 , x _ 5 ) AND confess . agent ( x _ 9 , x _ 3 ) AND confess . ccomp ( x _ 9, x _ 10 ) AND hope . agent ( x _ 10 , x _ 4 ) AND hope . ccomp ( x _ 10, x _ 11 ) AND find . agent ( x _ 11 , Emma ) AND find . theme ( x _ 11 , x _ 5 )	elips_VPE_depth_gen
The cat noticed that the visitor hoped that Olivia liked a cake and so did a captain .	* cat ( x _ 0 ) ; * visitor ( x _ 4 ) ; cake ( x _ 5 ) AND captain ( x _ 3 ) AND notice . agent ( x _ 6 , x _ 0 ) AND notice . ccomp ( x _ 6, x _ 7 ) AND hope . agent ( x _ 7 , x _ 4 ) AND hope . ccomp ( x _ 7, x _ 8 ) AND like . agent ( x _ 8 , Olivia ) AND like . theme ( x _ 8 , x _ 5 ) AND notice . agent ( x _ 9 , x _ 3 ) AND notice . ccomp ( x _ 9, x _ 10 ) AND hope . agent ( x _ 10 , x _ 4 ) AND hope . ccomp ( x _ 10, x _ 11 ) AND like . agent ( x _ 11 , Olivia ) AND like . theme ( x _ 11 , x _ 5 )	elips_VPE_depth_gen
Ava hoped that Olivia liked that Liam loved a raisin and so did Elijah .	raisin ( x _ 1 ) AND hope . agent ( x _ 2 , Ava ) AND hope . ccomp ( x _ 2, x _ 3 ) AND like . agent ( x _ 3 , Olivia ) AND like . ccomp ( x _ 3, x _ 4 ) AND love . agent ( x _ 4 , Liam ) AND love . theme ( x _ 4 , x _ 1 ) AND hope . agent ( x _ 5 , Elijah ) AND hope . ccomp ( x _ 5, x _ 6 ) AND like . agent ( x _ 6 , Olivia ) AND like . ccomp ( x _ 6, x _ 7 ) AND love . agent ( x _ 7 , Liam ) AND love . theme ( x _ 7 , x _ 1 )	elips_VPE_depth_gen
A giraffe liked that the girl noticed that the boy liked Charlotte and so did Emma .	* girl ( x _ 3 ) ; * boy ( x _ 4 ) ; giraffe ( x _ 0 ) AND like . agent ( x _ 5 , x _ 0 ) AND like . ccomp ( x _ 5, x _ 6 ) AND notice . agent ( x _ 6 , x _ 3 ) AND notice . ccomp ( x _ 6, x _ 7 ) AND like . agent ( x _ 7 , x _ 4 ) AND like . theme ( x _ 7 , Charlotte ) AND like . agent ( x _ 8 , Emma ) AND like . ccomp ( x _ 8, x _ 9 ) AND notice . agent ( x _ 9 , x _ 3 ) AND notice . ccomp ( x _ 9, x _ 10 ) AND like . agent ( x _ 10 , x _ 4 ) AND like . theme ( x _ 10 , Charlotte )	elips_VPE_depth_gen
Mia liked that the boy meant that a captain helped Victoria and so did a butterfly .	* boy ( x _ 3 ) ; captain ( x _ 4 ) AND butterfly ( x _ 2 ) AND like . agent ( x _ 5 , Mia ) AND like . ccomp ( x _ 5, x _ 6 ) AND mean . agent ( x _ 6 , x _ 3 ) AND mean . ccomp ( x _ 6, x _ 7 ) AND help . agent ( x _ 7 , x _ 4 ) AND help . theme ( x _ 7 , Victoria ) AND like . agent ( x _ 8 , x _ 2 ) AND like . ccomp ( x _ 8, x _ 9 ) AND mean . agent ( x _ 9 , x _ 3 ) AND mean . ccomp ( x _ 9, x _ 10 ) AND help . agent ( x _ 10 , x _ 4 ) AND help . theme ( x _ 10 , Victoria )	elips_VPE_depth_gen
Emma believed that Liam liked that a dog appreciated a cake and so did a passenger .	dog ( x _ 3 ) AND cake ( x _ 4 ) AND passenger ( x _ 2 ) AND believe . agent ( x _ 5 , Emma ) AND believe . ccomp ( x _ 5, x _ 6 ) AND like . agent ( x _ 6 , Liam ) AND like . ccomp ( x _ 6, x _ 7 ) AND appreciate . agent ( x _ 7 , x _ 3 ) AND appreciate . theme ( x _ 7 , x _ 4 ) AND believe . agent ( x _ 8 , x _ 2 ) AND believe . ccomp ( x _ 8, x _ 9 ) AND like . agent ( x _ 9 , Liam ) AND like . ccomp ( x _ 9, x _ 10 ) AND appreciate . agent ( x _ 10 , x _ 3 ) AND appreciate . theme ( x _ 10 , x _ 4 )	elips_VPE_depth_gen
Anthony meant that a child said that the girl loved Mila and so did the boy .	* girl ( x _ 4 ) ; * boy ( x _ 2 ) ; child ( x _ 3 ) AND mean . agent ( x _ 5 , Anthony ) AND mean . ccomp ( x _ 5, x _ 6 ) AND say . agent ( x _ 6 , x _ 3 ) AND say . ccomp ( x _ 6, x _ 7 ) AND love . agent ( x _ 7 , x _ 4 ) AND love . theme ( x _ 7 , Mila ) AND mean . agent ( x _ 8 , x _ 2 ) AND mean . ccomp ( x _ 8, x _ 9 ) AND say . agent ( x _ 9 , x _ 3 ) AND say . ccomp ( x _ 9, x _ 10 ) AND love . agent ( x _ 10 , x _ 4 ) AND love . theme ( x _ 10 , Mila )	elips_VPE_depth_gen
The manager supported that Liam declared that a boy liked that the dog respected a cake and so did Aiden .	* manager ( x _ 0 ) ; * dog ( x _ 5 ) ; boy ( x _ 4 ) AND cake ( x _ 6 ) AND support . agent ( x _ 7 , x _ 0 ) AND support . ccomp ( x _ 7, x _ 8 ) AND declare . agent ( x _ 8 , Liam ) AND declare . ccomp ( x _ 8, x _ 9 ) AND like . agent ( x _ 9 , x _ 4 ) AND like . ccomp ( x _ 9, x _ 10 ) AND respect . agent ( x _ 10 , x _ 5 ) AND respect . theme ( x _ 10 , x _ 6 ) AND support . agent ( x _ 11 , Aiden ) AND support . ccomp ( x _ 11, x _ 12 ) AND declare . agent ( x _ 12 , Liam ) AND declare . ccomp ( x _ 12, x _ 13 ) AND like . agent ( x _ 13 , x _ 4 ) AND like . ccomp ( x _ 13, x _ 14 ) AND respect . agent ( x _ 14 , x _ 5 ) AND respect . theme ( x _ 14 , x _ 6 )	elips_VPE_depth_gen
Liam dreamed that Noah liked that the girl liked James and so did a baby .	* girl ( x _ 2 ) ; baby ( x _ 1 ) AND dream . agent ( x _ 3 , Liam ) AND dream . ccomp ( x _ 3, x _ 4 ) AND like . agent ( x _ 4 , Noah ) AND like . ccomp ( x _ 4, x _ 5 ) AND like . agent ( x _ 5 , x _ 2 ) AND like . theme ( x _ 5 , James ) AND dream . agent ( x _ 6 , x _ 1 ) AND dream . ccomp ( x _ 6, x _ 7 ) AND like . agent ( x _ 7 , Noah ) AND like . ccomp ( x _ 7, x _ 8 ) AND like . agent ( x _ 8 , x _ 2 ) AND like . theme ( x _ 8 , James )	elips_VPE_depth_gen
Harper imagined that the frog liked that Emma believed that Olivia liked that the girl liked a cookie and so did John .	* frog ( x _ 3 ) ; * girl ( x _ 4 ) ; cookie ( x _ 5 ) AND imagine . agent ( x _ 6 , Harper ) AND imagine . ccomp ( x _ 6, x _ 7 ) AND like . agent ( x _ 7 , x _ 3 ) AND like . ccomp ( x _ 7, x _ 8 ) AND believe . agent ( x _ 8 , Emma ) AND believe . ccomp ( x _ 8, x _ 9 ) AND like . agent ( x _ 9 , Olivia ) AND like . ccomp ( x _ 9, x _ 10 ) AND like . agent ( x _ 10 , x _ 4 ) AND like . theme ( x _ 10 , x _ 5 ) AND imagine . agent ( x _ 11 , John ) AND imagine . ccomp ( x _ 11, x _ 12 ) AND like . agent ( x _ 12 , x _ 3 ) AND like . ccomp ( x _ 12, x _ 13 ) AND believe . agent ( x _ 13 , Emma ) AND believe . ccomp ( x _ 13, x _ 14 ) AND like . agent ( x _ 14 , Olivia ) AND like . ccomp ( x _ 14, x _ 15 ) AND like . agent ( x _ 15 , x _ 4 ) AND like . theme ( x _ 15 , x _ 5 )	elips_VPE_depth_gen
The turtle liked that Emma said that Liam liked the bat and so did a girl .	* turtle ( x _ 0 ) ; * bat ( x _ 3 ) ; girl ( x _ 2 ) AND like . agent ( x _ 4 , x _ 0 ) AND like . ccomp ( x _ 4, x _ 5 ) AND say . agent ( x _ 5 , Emma ) AND say . ccomp ( x _ 5, x _ 6 ) AND like . agent ( x _ 6 , Liam ) AND like . theme ( x _ 6 , x _ 3 ) AND like . agent ( x _ 7 , x _ 2 ) AND like . ccomp ( x _ 7, x _ 8 ) AND say . agent ( x _ 8 , Emma ) AND say . ccomp ( x _ 8, x _ 9 ) AND like . agent ( x _ 9 , Liam ) AND like . theme ( x _ 9 , x _ 3 )	elips_VPE_depth_gen
Sophia liked that a chicken liked that the girl liked a cake and so did the creature .	* girl ( x _ 5 ) ; * creature ( x _ 3 ) ; chicken ( x _ 4 ) AND cake ( x _ 6 ) AND like . agent ( x _ 7 , Sophia ) AND like . ccomp ( x _ 7, x _ 8 ) AND like . agent ( x _ 8 , x _ 4 ) AND like . ccomp ( x _ 8, x _ 9 ) AND like . agent ( x _ 9 , x _ 5 ) AND like . theme ( x _ 9 , x _ 6 ) AND like . agent ( x _ 10 , x _ 3 ) AND like . ccomp ( x _ 10, x _ 11 ) AND like . agent ( x _ 11 , x _ 4 ) AND like . ccomp ( x _ 11, x _ 12 ) AND like . agent ( x _ 12 , x _ 5 ) AND like . theme ( x _ 12 , x _ 6 )	elips_VPE_depth_gen
A kitty liked that a donkey valued that Olivia hoped that a girl dreamed that Sebastian appreciated a passenger and so did a boy .	kitty ( x _ 0 ) AND donkey ( x _ 5 ) AND girl ( x _ 6 ) AND passenger ( x _ 7 ) AND boy ( x _ 4 ) AND like . agent ( x _ 8 , x _ 0 ) AND like . ccomp ( x _ 8, x _ 9 ) AND value . agent ( x _ 9 , x _ 5 ) AND value . ccomp ( x _ 9, x _ 10 ) AND hope . agent ( x _ 10 , Olivia ) AND hope . ccomp ( x _ 10, x _ 11 ) AND dream . agent ( x _ 11 , x _ 6 ) AND dream . ccomp ( x _ 11, x _ 12 ) AND appreciate . agent ( x _ 12 , Sebastian ) AND appreciate . theme ( x _ 12 , x _ 7 ) AND like . agent ( x _ 13 , x _ 4 ) AND like . ccomp ( x _ 13, x _ 14 ) AND value . agent ( x _ 14 , x _ 5 ) AND value . ccomp ( x _ 14, x _ 15 ) AND hope . agent ( x _ 15 , Olivia ) AND hope . ccomp ( x _ 15, x _ 16 ) AND dream . agent ( x _ 16 , x _ 6 ) AND dream . ccomp ( x _ 16, x _ 17 ) AND appreciate . agent ( x _ 17 , Sebastian ) AND appreciate . theme ( x _ 17 , x _ 7 )	elips_VPE_depth_gen
Emma liked that a boy noticed that the girl liked the box and so did the cat .	* girl ( x _ 5 ) ; * box ( x _ 6 ) ; * cat ( x _ 3 ) ; boy ( x _ 4 ) AND like . agent ( x _ 7 , Emma ) AND like . ccomp ( x _ 7, x _ 8 ) AND notice . agent ( x _ 8 , x _ 4 ) AND notice . ccomp ( x _ 8, x _ 9 ) AND like . agent ( x _ 9 , x _ 5 ) AND like . theme ( x _ 9 , x _ 6 ) AND like . agent ( x _ 10 , x _ 3 ) AND like . ccomp ( x _ 10, x _ 11 ) AND notice . agent ( x _ 11 , x _ 4 ) AND notice . ccomp ( x _ 11, x _ 12 ) AND like . agent ( x _ 12 , x _ 5 ) AND like . theme ( x _ 12 , x _ 6 )	elips_VPE_depth_gen
A frog liked that a girl said that Olivia liked the cake and so did Noah .	* cake ( x _ 4 ) ; frog ( x _ 0 ) AND girl ( x _ 3 ) AND like . agent ( x _ 5 , x _ 0 ) AND like . ccomp ( x _ 5, x _ 6 ) AND say . agent ( x _ 6 , x _ 3 ) AND say . ccomp ( x _ 6, x _ 7 ) AND like . agent ( x _ 7 , Olivia ) AND like . theme ( x _ 7 , x _ 4 ) AND like . agent ( x _ 8 , Noah ) AND like . ccomp ( x _ 8, x _ 9 ) AND say . agent ( x _ 9 , x _ 3 ) AND say . ccomp ( x _ 9, x _ 10 ) AND like . agent ( x _ 10 , Olivia ) AND like . theme ( x _ 10 , x _ 4 )	elips_VPE_depth_gen
A frog hoped that the boy hoped that Julian poked the girl and so did Emma .	* boy ( x _ 3 ) ; * girl ( x _ 4 ) ; frog ( x _ 0 ) AND hope . agent ( x _ 5 , x _ 0 ) AND hope . ccomp ( x _ 5, x _ 6 ) AND hope . agent ( x _ 6 , x _ 3 ) AND hope . ccomp ( x _ 6, x _ 7 ) AND poke . agent ( x _ 7 , Julian ) AND poke . theme ( x _ 7 , x _ 4 ) AND hope . agent ( x _ 8 , Emma ) AND hope . ccomp ( x _ 8, x _ 9 ) AND hope . agent ( x _ 9 , x _ 3 ) AND hope . ccomp ( x _ 9, x _ 10 ) AND poke . agent ( x _ 10 , Julian ) AND poke . theme ( x _ 10 , x _ 4 )	elips_VPE_depth_gen
The fish said that Liam wished that the baby admired Stella and so did a cat .	* fish ( x _ 0 ) ; * baby ( x _ 3 ) ; cat ( x _ 2 ) AND say . agent ( x _ 4 , x _ 0 ) AND say . ccomp ( x _ 4, x _ 5 ) AND wish . agent ( x _ 5 , Liam ) AND wish . ccomp ( x _ 5, x _ 6 ) AND admire . agent ( x _ 6 , x _ 3 ) AND admire . theme ( x _ 6 , Stella ) AND say . agent ( x _ 7 , x _ 2 ) AND say . ccomp ( x _ 7, x _ 8 ) AND wish . agent ( x _ 8 , Liam ) AND wish . ccomp ( x _ 8, x _ 9 ) AND admire . agent ( x _ 9 , x _ 3 ) AND admire . theme ( x _ 9 , Stella )	elips_VPE_depth_gen
The girl liked that a tiger hoped that Emma poked the cake and so did the teacher .	* girl ( x _ 0 ) ; * cake ( x _ 5 ) ; * teacher ( x _ 3 ) ; tiger ( x _ 4 ) AND like . agent ( x _ 6 , x _ 0 ) AND like . ccomp ( x _ 6, x _ 7 ) AND hope . agent ( x _ 7 , x _ 4 ) AND hope . ccomp ( x _ 7, x _ 8 ) AND poke . agent ( x _ 8 , Emma ) AND poke . theme ( x _ 8 , x _ 5 ) AND like . agent ( x _ 9 , x _ 3 ) AND like . ccomp ( x _ 9, x _ 10 ) AND hope . agent ( x _ 10 , x _ 4 ) AND hope . ccomp ( x _ 10, x _ 11 ) AND poke . agent ( x _ 11 , Emma ) AND poke . theme ( x _ 11 , x _ 5 )	elips_VPE_depth_gen
The donkey liked that the farmer proved that the lion helped Liam and so did a girl .	* donkey ( x _ 0 ) ; * farmer ( x _ 4 ) ; * lion ( x _ 5 ) ; girl ( x _ 3 ) AND like . agent ( x _ 6 , x _ 0 ) AND like . ccomp ( x _ 6, x _ 7 ) AND prove . agent ( x _ 7 , x _ 4 ) AND prove . ccomp ( x _ 7, x _ 8 ) AND help . agent ( x _ 8 , x _ 5 ) AND help . theme ( x _ 8 , Liam ) AND like . agent ( x _ 9 , x _ 3 ) AND like . ccomp ( x _ 9, x _ 10 ) AND prove . agent ( x _ 10 , x _ 4 ) AND prove . ccomp ( x _ 10, x _ 11 ) AND help . agent ( x _ 11 , x _ 5 ) AND help . theme ( x _ 11 , Liam )	elips_VPE_depth_gen
Liam liked that a queen said that Emma helped the baby and so did Ava .	* baby ( x _ 3 ) ; queen ( x _ 2 ) AND like . agent ( x _ 4 , Liam ) AND like . ccomp ( x _ 4, x _ 5 ) AND say . agent ( x _ 5 , x _ 2 ) AND say . ccomp ( x _ 5, x _ 6 ) AND help . agent ( x _ 6 , Emma ) AND help . theme ( x _ 6 , x _ 3 ) AND like . agent ( x _ 7 , Ava ) AND like . ccomp ( x _ 7, x _ 8 ) AND say . agent ( x _ 8 , x _ 2 ) AND say . ccomp ( x _ 8, x _ 9 ) AND help . agent ( x _ 9 , Emma ) AND help . theme ( x _ 9 , x _ 3 )	elips_VPE_depth_gen
Savannah imagined that a boy liked that Michael thought that the girl liked a melon and so did Emma .	* girl ( x _ 4 ) ; boy ( x _ 3 ) AND melon ( x _ 5 ) AND imagine . agent ( x _ 6 , Savannah ) AND imagine . ccomp ( x _ 6, x _ 7 ) AND like . agent ( x _ 7 , x _ 3 ) AND like . ccomp ( x _ 7, x _ 8 ) AND think . agent ( x _ 8 , Michael ) AND think . ccomp ( x _ 8, x _ 9 ) AND like . agent ( x _ 9 , x _ 4 ) AND like . theme ( x _ 9 , x _ 5 ) AND imagine . agent ( x _ 10 , Emma ) AND imagine . ccomp ( x _ 10, x _ 11 ) AND like . agent ( x _ 11 , x _ 3 ) AND like . ccomp ( x _ 11, x _ 12 ) AND think . agent ( x _ 12 , Michael ) AND think . ccomp ( x _ 12, x _ 13 ) AND like . agent ( x _ 13 , x _ 4 ) AND like . theme ( x _ 13 , x _ 5 )	elips_VPE_depth_gen
Emma confessed that the frog supported that Mason found a cake and so did the consumer .	* frog ( x _ 3 ) ; * consumer ( x _ 2 ) ; cake ( x _ 4 ) AND confess . agent ( x _ 5 , Emma ) AND confess . ccomp ( x _ 5, x _ 6 ) AND support . agent ( x _ 6 , x _ 3 ) AND support . ccomp ( x _ 6, x _ 7 ) AND find . agent ( x _ 7 , Mason ) AND find . theme ( x _ 7 , x _ 4 ) AND confess . agent ( x _ 8 , x _ 2 ) AND confess . ccomp ( x _ 8, x _ 9 ) AND support . agent ( x _ 9 , x _ 3 ) AND support . ccomp ( x _ 9, x _ 10 ) AND find . agent ( x _ 10 , Mason ) AND find . theme ( x _ 10 , x _ 4 )	elips_VPE_depth_gen
Elizabeth admired that Olivia hoped that the chicken liked a bottle and so did Emma .	* chicken ( x _ 2 ) ; bottle ( x _ 3 ) AND admire . agent ( x _ 4 , Elizabeth ) AND admire . ccomp ( x _ 4, x _ 5 ) AND hope . agent ( x _ 5 , Olivia ) AND hope . ccomp ( x _ 5, x _ 6 ) AND like . agent ( x _ 6 , x _ 2 ) AND like . theme ( x _ 6 , x _ 3 ) AND admire . agent ( x _ 7 , Emma ) AND admire . ccomp ( x _ 7, x _ 8 ) AND hope . agent ( x _ 8 , Olivia ) AND hope . ccomp ( x _ 8, x _ 9 ) AND like . agent ( x _ 9 , x _ 2 ) AND like . theme ( x _ 9 , x _ 3 )	elips_VPE_depth_gen
The boy meant that Olivia liked that Abigail noticed that Asher appreciated Emma and so did Liam .	* boy ( x _ 0 ) ; mean . agent ( x _ 1 , x _ 0 ) AND mean . ccomp ( x _ 1, x _ 2 ) AND like . agent ( x _ 2 , Olivia ) AND like . ccomp ( x _ 2, x _ 3 ) AND notice . agent ( x _ 3 , Abigail ) AND notice . ccomp ( x _ 3, x _ 4 ) AND appreciate . agent ( x _ 4 , Asher ) AND appreciate . theme ( x _ 4 , Emma ) AND mean . agent ( x _ 5 , Liam ) AND mean . ccomp ( x _ 5, x _ 6 ) AND like . agent ( x _ 6 , Olivia ) AND like . ccomp ( x _ 6, x _ 7 ) AND notice . agent ( x _ 7 , Abigail ) AND notice . ccomp ( x _ 7, x _ 8 ) AND appreciate . agent ( x _ 8 , Asher ) AND appreciate . theme ( x _ 8 , Emma )	elips_VPE_depth_gen
Sebastian said that Olivia declared that Sophia liked the cake and so did the dog .	* cake ( x _ 2 ) ; * dog ( x _ 1 ) ; say . agent ( x _ 3 , Sebastian ) AND say . ccomp ( x _ 3, x _ 4 ) AND declare . agent ( x _ 4 , Olivia ) AND declare . ccomp ( x _ 4, x _ 5 ) AND like . agent ( x _ 5 , Sophia ) AND like . theme ( x _ 5 , x _ 2 ) AND say . agent ( x _ 6 , x _ 1 ) AND say . ccomp ( x _ 6, x _ 7 ) AND declare . agent ( x _ 7 , Olivia ) AND declare . ccomp ( x _ 7, x _ 8 ) AND like . agent ( x _ 8 , Sophia ) AND like . theme ( x _ 8 , x _ 2 )	elips_VPE_depth_gen
A girl liked that Samuel liked that Emma helped a box and so did Liam .	girl ( x _ 0 ) AND box ( x _ 2 ) AND like . agent ( x _ 3 , x _ 0 ) AND like . ccomp ( x _ 3, x _ 4 ) AND like . agent ( x _ 4 , Samuel ) AND like . ccomp ( x _ 4, x _ 5 ) AND help . agent ( x _ 5 , Emma ) AND help . theme ( x _ 5 , x _ 2 ) AND like . agent ( x _ 6 , Liam ) AND like . ccomp ( x _ 6, x _ 7 ) AND like . agent ( x _ 7 , Samuel ) AND like . ccomp ( x _ 7, x _ 8 ) AND help . agent ( x _ 8 , Emma ) AND help . theme ( x _ 8 , x _ 2 )	elips_VPE_depth_gen
Julian confessed that Liam liked that the captain helped a baby and so did Chloe .	* captain ( x _ 2 ) ; baby ( x _ 3 ) AND confess . agent ( x _ 4 , Julian ) AND confess . ccomp ( x _ 4, x _ 5 ) AND like . agent ( x _ 5 , Liam ) AND like . ccomp ( x _ 5, x _ 6 ) AND help . agent ( x _ 6 , x _ 2 ) AND help . theme ( x _ 6 , x _ 3 ) AND confess . agent ( x _ 7 , Chloe ) AND confess . ccomp ( x _ 7, x _ 8 ) AND like . agent ( x _ 8 , Liam ) AND like . ccomp ( x _ 8, x _ 9 ) AND help . agent ( x _ 9 , x _ 2 ) AND help . theme ( x _ 9 , x _ 3 )	elips_VPE_depth_gen
The girl said that a farmer hoped that Mateo believed that a baby found William and so did the sheep .	* girl ( x _ 0 ) ; * sheep ( x _ 3 ) ; farmer ( x _ 4 ) AND baby ( x _ 5 ) AND say . agent ( x _ 6 , x _ 0 ) AND say . ccomp ( x _ 6, x _ 7 ) AND hope . agent ( x _ 7 , x _ 4 ) AND hope . ccomp ( x _ 7, x _ 8 ) AND believe . agent ( x _ 8 , Mateo ) AND believe . ccomp ( x _ 8, x _ 9 ) AND find . agent ( x _ 9 , x _ 5 ) AND find . theme ( x _ 9 , William ) AND say . agent ( x _ 10 , x _ 3 ) AND say . ccomp ( x _ 10, x _ 11 ) AND hope . agent ( x _ 11 , x _ 4 ) AND hope . ccomp ( x _ 11, x _ 12 ) AND believe . agent ( x _ 12 , Mateo ) AND believe . ccomp ( x _ 12, x _ 13 ) AND find . agent ( x _ 13 , x _ 5 ) AND find . theme ( x _ 13 , William )	elips_VPE_depth_gen
Emma meant that a frog said that a sailor declared that a girl loved a cake and so did the boy .	* boy ( x _ 4 ) ; frog ( x _ 5 ) AND sailor ( x _ 6 ) AND girl ( x _ 7 ) AND cake ( x _ 8 ) AND mean . agent ( x _ 9 , Emma ) AND mean . ccomp ( x _ 9, x _ 10 ) AND say . agent ( x _ 10 , x _ 5 ) AND say . ccomp ( x _ 10, x _ 11 ) AND declare . agent ( x _ 11 , x _ 6 ) AND declare . ccomp ( x _ 11, x _ 12 ) AND love . agent ( x _ 12 , x _ 7 ) AND love . theme ( x _ 12 , x _ 8 ) AND mean . agent ( x _ 13 , x _ 4 ) AND mean . ccomp ( x _ 13, x _ 14 ) AND say . agent ( x _ 14 , x _ 5 ) AND say . ccomp ( x _ 14, x _ 15 ) AND declare . agent ( x _ 15 , x _ 6 ) AND declare . ccomp ( x _ 15, x _ 16 ) AND love . agent ( x _ 16 , x _ 7 ) AND love . theme ( x _ 16 , x _ 8 )	elips_VPE_depth_gen
A monkey believed that the judge liked that a child respected the boy and so did the monster .	* judge ( x _ 5 ) ; * boy ( x _ 7 ) ; * monster ( x _ 4 ) ; monkey ( x _ 0 ) AND child ( x _ 6 ) AND believe . agent ( x _ 8 , x _ 0 ) AND believe . ccomp ( x _ 8, x _ 9 ) AND like . agent ( x _ 9 , x _ 5 ) AND like . ccomp ( x _ 9, x _ 10 ) AND respect . agent ( x _ 10 , x _ 6 ) AND respect . theme ( x _ 10 , x _ 7 ) AND believe . agent ( x _ 11 , x _ 4 ) AND believe . ccomp ( x _ 11, x _ 12 ) AND like . agent ( x _ 12 , x _ 5 ) AND like . ccomp ( x _ 12, x _ 13 ) AND respect . agent ( x _ 13 , x _ 6 ) AND respect . theme ( x _ 13 , x _ 7 )	elips_VPE_depth_gen
The baby meant that Emma hoped that Noah liked the boy and so did Carter .	* baby ( x _ 0 ) ; * boy ( x _ 2 ) ; mean . agent ( x _ 3 , x _ 0 ) AND mean . ccomp ( x _ 3, x _ 4 ) AND hope . agent ( x _ 4 , Emma ) AND hope . ccomp ( x _ 4, x _ 5 ) AND like . agent ( x _ 5 , Noah ) AND like . theme ( x _ 5 , x _ 2 ) AND mean . agent ( x _ 6 , Carter ) AND mean . ccomp ( x _ 6, x _ 7 ) AND hope . agent ( x _ 7 , Emma ) AND hope . ccomp ( x _ 7, x _ 8 ) AND like . agent ( x _ 8 , Noah ) AND like . theme ( x _ 8 , x _ 2 )	elips_VPE_depth_gen
Emma liked that the girl liked that a hero liked that the teacher declared that Nora respected a raisin and so did Elijah .	* girl ( x _ 4 ) ; * teacher ( x _ 6 ) ; hero ( x _ 5 ) AND raisin ( x _ 7 ) AND like . agent ( x _ 8 , Emma ) AND like . ccomp ( x _ 8, x _ 9 ) AND like . agent ( x _ 9 , x _ 4 ) AND like . ccomp ( x _ 9, x _ 10 ) AND like . agent ( x _ 10 , x _ 5 ) AND like . ccomp ( x _ 10, x _ 11 ) AND declare . agent ( x _ 11 , x _ 6 ) AND declare . ccomp ( x _ 11, x _ 12 ) AND respect . agent ( x _ 12 , Nora ) AND respect . theme ( x _ 12 , x _ 7 ) AND like . agent ( x _ 13 , Elijah ) AND like . ccomp ( x _ 13, x _ 14 ) AND like . agent ( x _ 14 , x _ 4 ) AND like . ccomp ( x _ 14, x _ 15 ) AND like . agent ( x _ 15 , x _ 5 ) AND like . ccomp ( x _ 15, x _ 16 ) AND declare . agent ( x _ 16 , x _ 6 ) AND declare . ccomp ( x _ 16, x _ 17 ) AND respect . agent ( x _ 17 , Nora ) AND respect . theme ( x _ 17 , x _ 7 )	elips_VPE_depth_gen
Jackson meant that Ava liked that a girl liked that Emma liked a frog and so did a captain .	girl ( x _ 3 ) AND frog ( x _ 4 ) AND captain ( x _ 2 ) AND mean . agent ( x _ 5 , Jackson ) AND mean . ccomp ( x _ 5, x _ 6 ) AND like . agent ( x _ 6 , Ava ) AND like . ccomp ( x _ 6, x _ 7 ) AND like . agent ( x _ 7 , x _ 3 ) AND like . ccomp ( x _ 7, x _ 8 ) AND like . agent ( x _ 8 , Emma ) AND like . theme ( x _ 8 , x _ 4 ) AND mean . agent ( x _ 9 , x _ 2 ) AND mean . ccomp ( x _ 9, x _ 10 ) AND like . agent ( x _ 10 , Ava ) AND like . ccomp ( x _ 10, x _ 11 ) AND like . agent ( x _ 11 , x _ 3 ) AND like . ccomp ( x _ 11, x _ 12 ) AND like . agent ( x _ 12 , Emma ) AND like . theme ( x _ 12 , x _ 4 )	elips_VPE_depth_gen
The politician liked that Addison liked that a child loved the monkey and so did Mason .	* politician ( x _ 0 ) ; * monkey ( x _ 4 ) ; child ( x _ 3 ) AND like . agent ( x _ 5 , x _ 0 ) AND like . ccomp ( x _ 5, x _ 6 ) AND like . agent ( x _ 6 , Addison ) AND like . ccomp ( x _ 6, x _ 7 ) AND love . agent ( x _ 7 , x _ 3 ) AND love . theme ( x _ 7 , x _ 4 ) AND like . agent ( x _ 8 , Mason ) AND like . ccomp ( x _ 8, x _ 9 ) AND like . agent ( x _ 9 , Addison ) AND like . ccomp ( x _ 9, x _ 10 ) AND love . agent ( x _ 10 , x _ 3 ) AND love . theme ( x _ 10 , x _ 4 )	elips_VPE_depth_gen
Lucas noticed that Olivia liked that the priest said that James liked that Noah respected the book and so did a girl .	* priest ( x _ 3 ) ; * book ( x _ 4 ) ; girl ( x _ 2 ) AND notice . agent ( x _ 5 , Lucas ) AND notice . ccomp ( x _ 5, x _ 6 ) AND like . agent ( x _ 6 , Olivia ) AND like . ccomp ( x _ 6, x _ 7 ) AND say . agent ( x _ 7 , x _ 3 ) AND say . ccomp ( x _ 7, x _ 8 ) AND like . agent ( x _ 8 , James ) AND like . ccomp ( x _ 8, x _ 9 ) AND respect . agent ( x _ 9 , Noah ) AND respect . theme ( x _ 9 , x _ 4 ) AND notice . agent ( x _ 10 , x _ 2 ) AND notice . ccomp ( x _ 10, x _ 11 ) AND like . agent ( x _ 11 , Olivia ) AND like . ccomp ( x _ 11, x _ 12 ) AND say . agent ( x _ 12 , x _ 3 ) AND say . ccomp ( x _ 12, x _ 13 ) AND like . agent ( x _ 13 , James ) AND like . ccomp ( x _ 13, x _ 14 ) AND respect . agent ( x _ 14 , Noah ) AND respect . theme ( x _ 14 , x _ 4 )	elips_VPE_depth_gen
Emma liked that the patient confessed that Nora liked the drink and so did Harper .	* patient ( x _ 2 ) ; * drink ( x _ 3 ) ; like . agent ( x _ 4 , Emma ) AND like . ccomp ( x _ 4, x _ 5 ) AND confess . agent ( x _ 5 , x _ 2 ) AND confess . ccomp ( x _ 5, x _ 6 ) AND like . agent ( x _ 6 , Nora ) AND like . theme ( x _ 6 , x _ 3 ) AND like . agent ( x _ 7 , Harper ) AND like . ccomp ( x _ 7, x _ 8 ) AND confess . agent ( x _ 8 , x _ 2 ) AND confess . ccomp ( x _ 8, x _ 9 ) AND like . agent ( x _ 9 , Nora ) AND like . theme ( x _ 9 , x _ 3 )	elips_VPE_depth_gen
Charlotte hoped that a champion liked that Emma liked the baby and so did a dog .	* baby ( x _ 4 ) ; champion ( x _ 3 ) AND dog ( x _ 2 ) AND hope . agent ( x _ 5 , Charlotte ) AND hope . ccomp ( x _ 5, x _ 6 ) AND like . agent ( x _ 6 , x _ 3 ) AND like . ccomp ( x _ 6, x _ 7 ) AND like . agent ( x _ 7 , Emma ) AND like . theme ( x _ 7 , x _ 4 ) AND hope . agent ( x _ 8 , x _ 2 ) AND hope . ccomp ( x _ 8, x _ 9 ) AND like . agent ( x _ 9 , x _ 3 ) AND like . ccomp ( x _ 9, x _ 10 ) AND like . agent ( x _ 10 , Emma ) AND like . theme ( x _ 10 , x _ 4 )	elips_VPE_depth_gen
Avery liked that Emma hoped that the crocodile liked the strawberry and so did a giraffe .	* crocodile ( x _ 3 ) ; * strawberry ( x _ 4 ) ; giraffe ( x _ 2 ) AND like . agent ( x _ 5 , Avery ) AND like . ccomp ( x _ 5, x _ 6 ) AND hope . agent ( x _ 6 , Emma ) AND hope . ccomp ( x _ 6, x _ 7 ) AND like . agent ( x _ 7 , x _ 3 ) AND like . theme ( x _ 7 , x _ 4 ) AND like . agent ( x _ 8 , x _ 2 ) AND like . ccomp ( x _ 8, x _ 9 ) AND hope . agent ( x _ 9 , Emma ) AND hope . ccomp ( x _ 9, x _ 10 ) AND like . agent ( x _ 10 , x _ 3 ) AND like . theme ( x _ 10 , x _ 4 )	elips_VPE_depth_gen
A girl liked that a puppy noticed that Zoe liked the key and so did the boy .	* key ( x _ 5 ) ; * boy ( x _ 3 ) ; girl ( x _ 0 ) AND puppy ( x _ 4 ) AND like . agent ( x _ 6 , x _ 0 ) AND like . ccomp ( x _ 6, x _ 7 ) AND notice . agent ( x _ 7 , x _ 4 ) AND notice . ccomp ( x _ 7, x _ 8 ) AND like . agent ( x _ 8 , Zoe ) AND like . theme ( x _ 8 , x _ 5 ) AND like . agent ( x _ 9 , x _ 3 ) AND like . ccomp ( x _ 9, x _ 10 ) AND notice . agent ( x _ 10 , x _ 4 ) AND notice . ccomp ( x _ 10, x _ 11 ) AND like . agent ( x _ 11 , Zoe ) AND like . theme ( x _ 11 , x _ 5 )	elips_VPE_depth_gen
The lion liked that a zebra liked that Dylan loved the girl and so did the mouse .	* lion ( x _ 0 ) ; * girl ( x _ 5 ) ; * mouse ( x _ 3 ) ; zebra ( x _ 4 ) AND like . agent ( x _ 6 , x _ 0 ) AND like . ccomp ( x _ 6, x _ 7 ) AND like . agent ( x _ 7 , x _ 4 ) AND like . ccomp ( x _ 7, x _ 8 ) AND love . agent ( x _ 8 , Dylan ) AND love . theme ( x _ 8 , x _ 5 ) AND like . agent ( x _ 9 , x _ 3 ) AND like . ccomp ( x _ 9, x _ 10 ) AND like . agent ( x _ 10 , x _ 4 ) AND like . ccomp ( x _ 10, x _ 11 ) AND love . agent ( x _ 11 , Dylan ) AND love . theme ( x _ 11 , x _ 5 )	elips_VPE_depth_gen
James noticed that a girl hoped that a writer imagined that the dog tolerated that a boy admired Charlotte and so did Sophia .	* dog ( x _ 6 ) ; girl ( x _ 4 ) AND writer ( x _ 5 ) AND boy ( x _ 7 ) AND notice . agent ( x _ 8 , James ) AND notice . ccomp ( x _ 8, x _ 9 ) AND hope . agent ( x _ 9 , x _ 4 ) AND hope . ccomp ( x _ 9, x _ 10 ) AND imagine . agent ( x _ 10 , x _ 5 ) AND imagine . ccomp ( x _ 10, x _ 11 ) AND tolerate . agent ( x _ 11 , x _ 6 ) AND tolerate . ccomp ( x _ 11, x _ 12 ) AND admire . agent ( x _ 12 , x _ 7 ) AND admire . theme ( x _ 12 , Charlotte ) AND notice . agent ( x _ 13 , Sophia ) AND notice . ccomp ( x _ 13, x _ 14 ) AND hope . agent ( x _ 14 , x _ 4 ) AND hope . ccomp ( x _ 14, x _ 15 ) AND imagine . agent ( x _ 15 , x _ 5 ) AND imagine . ccomp ( x _ 15, x _ 16 ) AND tolerate . agent ( x _ 16 , x _ 6 ) AND tolerate . ccomp ( x _ 16, x _ 17 ) AND admire . agent ( x _ 17 , x _ 7 ) AND admire . theme ( x _ 17 , Charlotte )	elips_VPE_depth_gen
William liked that a cat appreciated that Logan missed Ava and so did Emma .	cat ( x _ 1 ) AND like . agent ( x _ 2 , William ) AND like . ccomp ( x _ 2, x _ 3 ) AND appreciate . agent ( x _ 3 , x _ 1 ) AND appreciate . ccomp ( x _ 3, x _ 4 ) AND miss . agent ( x _ 4 , Logan ) AND miss . theme ( x _ 4 , Ava ) AND like . agent ( x _ 5 , Emma ) AND like . ccomp ( x _ 5, x _ 6 ) AND appreciate . agent ( x _ 6 , x _ 1 ) AND appreciate . ccomp ( x _ 6, x _ 7 ) AND miss . agent ( x _ 7 , Logan ) AND miss . theme ( x _ 7 , Ava )	elips_VPE_depth_gen
A cat hoped that a guard proved that William liked that a boy liked Mia and so did the lion .	* lion ( x _ 3 ) ; cat ( x _ 0 ) AND guard ( x _ 4 ) AND boy ( x _ 5 ) AND hope . agent ( x _ 6 , x _ 0 ) AND hope . ccomp ( x _ 6, x _ 7 ) AND prove . agent ( x _ 7 , x _ 4 ) AND prove . ccomp ( x _ 7, x _ 8 ) AND like . agent ( x _ 8 , William ) AND like . ccomp ( x _ 8, x _ 9 ) AND like . agent ( x _ 9 , x _ 5 ) AND like . theme ( x _ 9 , Mia ) AND hope . agent ( x _ 10 , x _ 3 ) AND hope . ccomp ( x _ 10, x _ 11 ) AND prove . agent ( x _ 11 , x _ 4 ) AND prove . ccomp ( x _ 11, x _ 12 ) AND like . agent ( x _ 12 , William ) AND like . ccomp ( x _ 12, x _ 13 ) AND like . agent ( x _ 13 , x _ 5 ) AND like . theme ( x _ 13 , Mia )	elips_VPE_depth_gen
Charlotte hoped that Liam expected that Abigail supported that a boy hoped that a consumer helped a liver and so did the cat .	* cat ( x _ 3 ) ; boy ( x _ 4 ) AND consumer ( x _ 5 ) AND liver ( x _ 6 ) AND hope . agent ( x _ 7 , Charlotte ) AND hope . ccomp ( x _ 7, x _ 8 ) AND expect . agent ( x _ 8 , Liam ) AND expect . ccomp ( x _ 8, x _ 9 ) AND support . agent ( x _ 9 , Abigail ) AND support . ccomp ( x _ 9, x _ 10 ) AND hope . agent ( x _ 10 , x _ 4 ) AND hope . ccomp ( x _ 10, x _ 11 ) AND help . agent ( x _ 11 , x _ 5 ) AND help . theme ( x _ 11 , x _ 6 ) AND hope . agent ( x _ 12 , x _ 3 ) AND hope . ccomp ( x _ 12, x _ 13 ) AND expect . agent ( x _ 13 , Liam ) AND expect . ccomp ( x _ 13, x _ 14 ) AND support . agent ( x _ 14 , Abigail ) AND support . ccomp ( x _ 14, x _ 15 ) AND hope . agent ( x _ 15 , x _ 4 ) AND hope . ccomp ( x _ 15, x _ 16 ) AND help . agent ( x _ 16 , x _ 5 ) AND help . theme ( x _ 16 , x _ 6 )	elips_VPE_depth_gen
Hannah liked that Olivia imagined that Addison noticed that Benjamin declared that Liam found Nathan and so did the dog .	* dog ( x _ 0 ) ; like . agent ( x _ 1 , Hannah ) AND like . ccomp ( x _ 1, x _ 2 ) AND imagine . agent ( x _ 2 , Olivia ) AND imagine . ccomp ( x _ 2, x _ 3 ) AND notice . agent ( x _ 3 , Addison ) AND notice . ccomp ( x _ 3, x _ 4 ) AND declare . agent ( x _ 4 , Benjamin ) AND declare . ccomp ( x _ 4, x _ 5 ) AND find . agent ( x _ 5 , Liam ) AND find . theme ( x _ 5 , Nathan ) AND like . agent ( x _ 6 , x _ 0 ) AND like . ccomp ( x _ 6, x _ 7 ) AND imagine . agent ( x _ 7 , Olivia ) AND imagine . ccomp ( x _ 7, x _ 8 ) AND notice . agent ( x _ 8 , Addison ) AND notice . ccomp ( x _ 8, x _ 9 ) AND declare . agent ( x _ 9 , Benjamin ) AND declare . ccomp ( x _ 9, x _ 10 ) AND find . agent ( x _ 10 , Liam ) AND find . theme ( x _ 10 , Nathan )	elips_VPE_depth_gen
Liam admired that Emma hoped that the girl poked Ava and so did Olivia .	* girl ( x _ 1 ) ; admire . agent ( x _ 2 , Liam ) AND admire . ccomp ( x _ 2, x _ 3 ) AND hope . agent ( x _ 3 , Emma ) AND hope . ccomp ( x _ 3, x _ 4 ) AND poke . agent ( x _ 4 , x _ 1 ) AND poke . theme ( x _ 4 , Ava ) AND admire . agent ( x _ 5 , Olivia ) AND admire . ccomp ( x _ 5, x _ 6 ) AND hope . agent ( x _ 6 , Emma ) AND hope . ccomp ( x _ 6, x _ 7 ) AND poke . agent ( x _ 7 , x _ 1 ) AND poke . theme ( x _ 7 , Ava )	elips_VPE_depth_gen
David noticed that Jack liked that a teacher respected a girl and so did the dog .	* dog ( x _ 2 ) ; teacher ( x _ 3 ) AND girl ( x _ 4 ) AND notice . agent ( x _ 5 , David ) AND notice . ccomp ( x _ 5, x _ 6 ) AND like . agent ( x _ 6 , Jack ) AND like . ccomp ( x _ 6, x _ 7 ) AND respect . agent ( x _ 7 , x _ 3 ) AND respect . theme ( x _ 7 , x _ 4 ) AND notice . agent ( x _ 8 , x _ 2 ) AND notice . ccomp ( x _ 8, x _ 9 ) AND like . agent ( x _ 9 , Jack ) AND like . ccomp ( x _ 9, x _ 10 ) AND respect . agent ( x _ 10 , x _ 3 ) AND respect . theme ( x _ 10 , x _ 4 )	elips_VPE_depth_gen
Liam liked that the girl hoped that Emma liked that Ava loved a crayon and so did Elizabeth .	* girl ( x _ 2 ) ; crayon ( x _ 3 ) AND like . agent ( x _ 4 , Liam ) AND like . ccomp ( x _ 4, x _ 5 ) AND hope . agent ( x _ 5 , x _ 2 ) AND hope . ccomp ( x _ 5, x _ 6 ) AND like . agent ( x _ 6 , Emma ) AND like . ccomp ( x _ 6, x _ 7 ) AND love . agent ( x _ 7 , Ava ) AND love . theme ( x _ 7 , x _ 3 ) AND like . agent ( x _ 8 , Elizabeth ) AND like . ccomp ( x _ 8, x _ 9 ) AND hope . agent ( x _ 9 , x _ 2 ) AND hope . ccomp ( x _ 9, x _ 10 ) AND like . agent ( x _ 10 , Emma ) AND like . ccomp ( x _ 10, x _ 11 ) AND love . agent ( x _ 11 , Ava ) AND love . theme ( x _ 11 , x _ 3 )	elips_VPE_depth_gen
A girl said that the frog expected that the consumer liked that the boy admired the drink and so did a wolf .	* frog ( x _ 6 ) ; * consumer ( x _ 7 ) ; * boy ( x _ 8 ) ; * drink ( x _ 9 ) ; girl ( x _ 0 ) AND wolf ( x _ 5 ) AND say . agent ( x _ 10 , x _ 0 ) AND say . ccomp ( x _ 10, x _ 11 ) AND expect . agent ( x _ 11 , x _ 6 ) AND expect . ccomp ( x _ 11, x _ 12 ) AND like . agent ( x _ 12 , x _ 7 ) AND like . ccomp ( x _ 12, x _ 13 ) AND admire . agent ( x _ 13 , x _ 8 ) AND admire . theme ( x _ 13 , x _ 9 ) AND say . agent ( x _ 14 , x _ 5 ) AND say . ccomp ( x _ 14, x _ 15 ) AND expect . agent ( x _ 15 , x _ 6 ) AND expect . ccomp ( x _ 15, x _ 16 ) AND like . agent ( x _ 16 , x _ 7 ) AND like . ccomp ( x _ 16, x _ 17 ) AND admire . agent ( x _ 17 , x _ 8 ) AND admire . theme ( x _ 17 , x _ 9 )	elips_VPE_depth_gen
Jackson liked that the boy hoped that a cat liked Emma and so did David .	* boy ( x _ 2 ) ; cat ( x _ 3 ) AND like . agent ( x _ 4 , Jackson ) AND like . ccomp ( x _ 4, x _ 5 ) AND hope . agent ( x _ 5 , x _ 2 ) AND hope . ccomp ( x _ 5, x _ 6 ) AND like . agent ( x _ 6 , x _ 3 ) AND like . theme ( x _ 6 , Emma ) AND like . agent ( x _ 7 , David ) AND like . ccomp ( x _ 7, x _ 8 ) AND hope . agent ( x _ 8 , x _ 2 ) AND hope . ccomp ( x _ 8, x _ 9 ) AND like . agent ( x _ 9 , x _ 3 ) AND like . theme ( x _ 9 , Emma )	elips_VPE_depth_gen
A hero liked that Ava said that Charlotte liked Olivia and so did Liam .	hero ( x _ 0 ) AND like . agent ( x _ 1 , x _ 0 ) AND like . ccomp ( x _ 1, x _ 2 ) AND say . agent ( x _ 2 , Ava ) AND say . ccomp ( x _ 2, x _ 3 ) AND like . agent ( x _ 3 , Charlotte ) AND like . theme ( x _ 3 , Olivia ) AND like . agent ( x _ 4 , Liam ) AND like . ccomp ( x _ 4, x _ 5 ) AND say . agent ( x _ 5 , Ava ) AND say . ccomp ( x _ 5, x _ 6 ) AND like . agent ( x _ 6 , Charlotte ) AND like . theme ( x _ 6 , Olivia )	elips_VPE_depth_gen
A chicken liked that Nathan liked that Jacob liked the melon and so did the girl .	* melon ( x _ 3 ) ; * girl ( x _ 2 ) ; chicken ( x _ 0 ) AND like . agent ( x _ 4 , x _ 0 ) AND like . ccomp ( x _ 4, x _ 5 ) AND like . agent ( x _ 5 , Nathan ) AND like . ccomp ( x _ 5, x _ 6 ) AND like . agent ( x _ 6 , Jacob ) AND like . theme ( x _ 6 , x _ 3 ) AND like . agent ( x _ 7 , x _ 2 ) AND like . ccomp ( x _ 7, x _ 8 ) AND like . agent ( x _ 8 , Nathan ) AND like . ccomp ( x _ 8, x _ 9 ) AND like . agent ( x _ 9 , Jacob ) AND like . theme ( x _ 9 , x _ 3 )	elips_VPE_depth_gen
Mason meant that a bear liked that Asher helped the purse and so did a cat .	* purse ( x _ 4 ) ; bear ( x _ 3 ) AND cat ( x _ 2 ) AND mean . agent ( x _ 5 , Mason ) AND mean . ccomp ( x _ 5, x _ 6 ) AND like . agent ( x _ 6 , x _ 3 ) AND like . ccomp ( x _ 6, x _ 7 ) AND help . agent ( x _ 7 , Asher ) AND help . theme ( x _ 7 , x _ 4 ) AND mean . agent ( x _ 8 , x _ 2 ) AND mean . ccomp ( x _ 8, x _ 9 ) AND like . agent ( x _ 9 , x _ 3 ) AND like . ccomp ( x _ 9, x _ 10 ) AND help . agent ( x _ 10 , Asher ) AND help . theme ( x _ 10 , x _ 4 )	elips_VPE_depth_gen
Amelia supported that the queen believed that a priest hoped that a boy thought that Emma helped Isabella and so did a baby .	* queen ( x _ 4 ) ; priest ( x _ 5 ) AND boy ( x _ 6 ) AND baby ( x _ 3 ) AND support . agent ( x _ 7 , Amelia ) AND support . ccomp ( x _ 7, x _ 8 ) AND believe . agent ( x _ 8 , x _ 4 ) AND believe . ccomp ( x _ 8, x _ 9 ) AND hope . agent ( x _ 9 , x _ 5 ) AND hope . ccomp ( x _ 9, x _ 10 ) AND think . agent ( x _ 10 , x _ 6 ) AND think . ccomp ( x _ 10, x _ 11 ) AND help . agent ( x _ 11 , Emma ) AND help . theme ( x _ 11 , Isabella ) AND support . agent ( x _ 12 , x _ 3 ) AND support . ccomp ( x _ 12, x _ 13 ) AND believe . agent ( x _ 13 , x _ 4 ) AND believe . ccomp ( x _ 13, x _ 14 ) AND hope . agent ( x _ 14 , x _ 5 ) AND hope . ccomp ( x _ 14, x _ 15 ) AND think . agent ( x _ 15 , x _ 6 ) AND think . ccomp ( x _ 15, x _ 16 ) AND help . agent ( x _ 16 , Emma ) AND help . theme ( x _ 16 , Isabella )	elips_VPE_depth_gen
A child thought that Isabella liked that the boy liked the cake and so did Ava .	* boy ( x _ 3 ) ; * cake ( x _ 4 ) ; child ( x _ 0 ) AND think . agent ( x _ 5 , x _ 0 ) AND think . ccomp ( x _ 5, x _ 6 ) AND like . agent ( x _ 6 , Isabella ) AND like . ccomp ( x _ 6, x _ 7 ) AND like . agent ( x _ 7 , x _ 3 ) AND like . theme ( x _ 7 , x _ 4 ) AND think . agent ( x _ 8 , Ava ) AND think . ccomp ( x _ 8, x _ 9 ) AND like . agent ( x _ 9 , Isabella ) AND like . ccomp ( x _ 9, x _ 10 ) AND like . agent ( x _ 10 , x _ 3 ) AND like . theme ( x _ 10 , x _ 4 )	elips_VPE_depth_gen
A champion liked that Michael said that a teacher noticed that the boy hoped that Natalie missed the shell and so did a baby .	* boy ( x _ 6 ) ; * shell ( x _ 7 ) ; champion ( x _ 0 ) AND teacher ( x _ 5 ) AND baby ( x _ 4 ) AND like . agent ( x _ 8 , x _ 0 ) AND like . ccomp ( x _ 8, x _ 9 ) AND say . agent ( x _ 9 , Michael ) AND say . ccomp ( x _ 9, x _ 10 ) AND notice . agent ( x _ 10 , x _ 5 ) AND notice . ccomp ( x _ 10, x _ 11 ) AND hope . agent ( x _ 11 , x _ 6 ) AND hope . ccomp ( x _ 11, x _ 12 ) AND miss . agent ( x _ 12 , Natalie ) AND miss . theme ( x _ 12 , x _ 7 ) AND like . agent ( x _ 13 , x _ 4 ) AND like . ccomp ( x _ 13, x _ 14 ) AND say . agent ( x _ 14 , Michael ) AND say . ccomp ( x _ 14, x _ 15 ) AND notice . agent ( x _ 15 , x _ 5 ) AND notice . ccomp ( x _ 15, x _ 16 ) AND hope . agent ( x _ 16 , x _ 6 ) AND hope . ccomp ( x _ 16, x _ 17 ) AND miss . agent ( x _ 17 , Natalie ) AND miss . theme ( x _ 17 , x _ 7 )	elips_VPE_depth_gen
Emma liked that a father liked that Chloe found Liam and so did Logan .	father ( x _ 1 ) AND like . agent ( x _ 2 , Emma ) AND like . ccomp ( x _ 2, x _ 3 ) AND like . agent ( x _ 3 , x _ 1 ) AND like . ccomp ( x _ 3, x _ 4 ) AND find . agent ( x _ 4 , Chloe ) AND find . theme ( x _ 4 , Liam ) AND like . agent ( x _ 5 , Logan ) AND like . ccomp ( x _ 5, x _ 6 ) AND like . agent ( x _ 6 , x _ 1 ) AND like . ccomp ( x _ 6, x _ 7 ) AND find . agent ( x _ 7 , Chloe ) AND find . theme ( x _ 7 , Liam )	elips_VPE_depth_gen
Henry hoped that James noticed that Emma found the doll and so did Nora .	* doll ( x _ 1 ) ; hope . agent ( x _ 2 , Henry ) AND hope . ccomp ( x _ 2, x _ 3 ) AND notice . agent ( x _ 3 , James ) AND notice . ccomp ( x _ 3, x _ 4 ) AND find . agent ( x _ 4 , Emma ) AND find . theme ( x _ 4 , x _ 1 ) AND hope . agent ( x _ 5 , Nora ) AND hope . ccomp ( x _ 5, x _ 6 ) AND notice . agent ( x _ 6 , James ) AND notice . ccomp ( x _ 6, x _ 7 ) AND find . agent ( x _ 7 , Emma ) AND find . theme ( x _ 7 , x _ 1 )	elips_VPE_depth_gen
The lion liked that the scientist imagined that the girl liked the fly and so did Jaxon .	* lion ( x _ 0 ) ; * scientist ( x _ 4 ) ; * girl ( x _ 5 ) ; * fly ( x _ 6 ) ; like . agent ( x _ 7 , x _ 0 ) AND like . ccomp ( x _ 7, x _ 8 ) AND imagine . agent ( x _ 8 , x _ 4 ) AND imagine . ccomp ( x _ 8, x _ 9 ) AND like . agent ( x _ 9 , x _ 5 ) AND like . theme ( x _ 9 , x _ 6 ) AND like . agent ( x _ 10 , Jaxon ) AND like . ccomp ( x _ 10, x _ 11 ) AND imagine . agent ( x _ 11 , x _ 4 ) AND imagine . ccomp ( x _ 11, x _ 12 ) AND like . agent ( x _ 12 , x _ 5 ) AND like . theme ( x _ 12 , x _ 6 )	elips_VPE_depth_gen
Elijah believed that the politician confessed that Emily found a jacket and so did Liam .	* politician ( x _ 2 ) ; jacket ( x _ 3 ) AND believe . agent ( x _ 4 , Elijah ) AND believe . ccomp ( x _ 4, x _ 5 ) AND confess . agent ( x _ 5 , x _ 2 ) AND confess . ccomp ( x _ 5, x _ 6 ) AND find . agent ( x _ 6 , Emily ) AND find . theme ( x _ 6 , x _ 3 ) AND believe . agent ( x _ 7 , Liam ) AND believe . ccomp ( x _ 7, x _ 8 ) AND confess . agent ( x _ 8 , x _ 2 ) AND confess . ccomp ( x _ 8, x _ 9 ) AND find . agent ( x _ 9 , Emily ) AND find . theme ( x _ 9 , x _ 3 )	elips_VPE_depth_gen
Lucas liked that the girl declared that the puppy liked that Liam confessed that a giraffe found the soap and so did a boy .	* girl ( x _ 5 ) ; * puppy ( x _ 6 ) ; * soap ( x _ 8 ) ; giraffe ( x _ 7 ) AND boy ( x _ 4 ) AND like . agent ( x _ 9 , Lucas ) AND like . ccomp ( x _ 9, x _ 10 ) AND declare . agent ( x _ 10 , x _ 5 ) AND declare . ccomp ( x _ 10, x _ 11 ) AND like . agent ( x _ 11 , x _ 6 ) AND like . ccomp ( x _ 11, x _ 12 ) AND confess . agent ( x _ 12 , Liam ) AND confess . ccomp ( x _ 12, x _ 13 ) AND find . agent ( x _ 13 , x _ 7 ) AND find . theme ( x _ 13 , x _ 8 ) AND like . agent ( x _ 14 , x _ 4 ) AND like . ccomp ( x _ 14, x _ 15 ) AND declare . agent ( x _ 15 , x _ 5 ) AND declare . ccomp ( x _ 15, x _ 16 ) AND like . agent ( x _ 16 , x _ 6 ) AND like . ccomp ( x _ 16, x _ 17 ) AND confess . agent ( x _ 17 , Liam ) AND confess . ccomp ( x _ 17, x _ 18 ) AND find . agent ( x _ 18 , x _ 7 ) AND find . theme ( x _ 18 , x _ 8 )	elips_VPE_depth_gen
The boy hoped that Mia liked that the teacher loved the cake and so did Emily .	* boy ( x _ 0 ) ; * teacher ( x _ 3 ) ; * cake ( x _ 4 ) ; hope . agent ( x _ 5 , x _ 0 ) AND hope . ccomp ( x _ 5, x _ 6 ) AND like . agent ( x _ 6 , Mia ) AND like . ccomp ( x _ 6, x _ 7 ) AND love . agent ( x _ 7 , x _ 3 ) AND love . theme ( x _ 7 , x _ 4 ) AND hope . agent ( x _ 8 , Emily ) AND hope . ccomp ( x _ 8, x _ 9 ) AND like . agent ( x _ 9 , Mia ) AND like . ccomp ( x _ 9, x _ 10 ) AND love . agent ( x _ 10 , x _ 3 ) AND love . theme ( x _ 10 , x _ 4 )	elips_VPE_depth_gen
Liam liked that a chicken liked that the child liked Ava and so did Noah .	* child ( x _ 3 ) ; chicken ( x _ 2 ) AND like . agent ( x _ 4 , Liam ) AND like . ccomp ( x _ 4, x _ 5 ) AND like . agent ( x _ 5 , x _ 2 ) AND like . ccomp ( x _ 5, x _ 6 ) AND like . agent ( x _ 6 , x _ 3 ) AND like . theme ( x _ 6 , Ava ) AND like . agent ( x _ 7 , Noah ) AND like . ccomp ( x _ 7, x _ 8 ) AND like . agent ( x _ 8 , x _ 2 ) AND like . ccomp ( x _ 8, x _ 9 ) AND like . agent ( x _ 9 , x _ 3 ) AND like . theme ( x _ 9 , Ava )	elips_VPE_depth_gen
The dog hoped that William imagined that Emma adored a doll and so did Aurora .	* dog ( x _ 0 ) ; doll ( x _ 2 ) AND hope . agent ( x _ 3 , x _ 0 ) AND hope . ccomp ( x _ 3, x _ 4 ) AND imagine . agent ( x _ 4 , William ) AND imagine . ccomp ( x _ 4, x _ 5 ) AND adore . agent ( x _ 5 , Emma ) AND adore . theme ( x _ 5 , x _ 2 ) AND hope . agent ( x _ 6 , Aurora ) AND hope . ccomp ( x _ 6, x _ 7 ) AND imagine . agent ( x _ 7 , William ) AND imagine . ccomp ( x _ 7, x _ 8 ) AND adore . agent ( x _ 8 , Emma ) AND adore . theme ( x _ 8 , x _ 2 )	elips_VPE_depth_gen
Noah believed that Emma proved that the girl liked Liam and so did a president .	* girl ( x _ 2 ) ; president ( x _ 1 ) AND believe . agent ( x _ 3 , Noah ) AND believe . ccomp ( x _ 3, x _ 4 ) AND prove . agent ( x _ 4 , Emma ) AND prove . ccomp ( x _ 4, x _ 5 ) AND like . agent ( x _ 5 , x _ 2 ) AND like . theme ( x _ 5 , Liam ) AND believe . agent ( x _ 6 , x _ 1 ) AND believe . ccomp ( x _ 6, x _ 7 ) AND prove . agent ( x _ 7 , Emma ) AND prove . ccomp ( x _ 7, x _ 8 ) AND like . agent ( x _ 8 , x _ 2 ) AND like . theme ( x _ 8 , Liam )	elips_VPE_depth_gen
Elizabeth supported that Charlotte tolerated that Lucas noticed that a father liked a girl and so did Oliver .	father ( x _ 2 ) AND girl ( x _ 3 ) AND support . agent ( x _ 4 , Elizabeth ) AND support . ccomp ( x _ 4, x _ 5 ) AND tolerate . agent ( x _ 5 , Charlotte ) AND tolerate . ccomp ( x _ 5, x _ 6 ) AND notice . agent ( x _ 6 , Lucas ) AND notice . ccomp ( x _ 6, x _ 7 ) AND like . agent ( x _ 7 , x _ 2 ) AND like . theme ( x _ 7 , x _ 3 ) AND support . agent ( x _ 8 , Oliver ) AND support . ccomp ( x _ 8, x _ 9 ) AND tolerate . agent ( x _ 9 , Charlotte ) AND tolerate . ccomp ( x _ 9, x _ 10 ) AND notice . agent ( x _ 10 , Lucas ) AND notice . ccomp ( x _ 10, x _ 11 ) AND like . agent ( x _ 11 , x _ 2 ) AND like . theme ( x _ 11 , x _ 3 )	elips_VPE_depth_gen
The girl noticed that Liam liked that the writer found the donut and so did Noah .	* girl ( x _ 0 ) ; * writer ( x _ 3 ) ; * donut ( x _ 4 ) ; notice . agent ( x _ 5 , x _ 0 ) AND notice . ccomp ( x _ 5, x _ 6 ) AND like . agent ( x _ 6 , Liam ) AND like . ccomp ( x _ 6, x _ 7 ) AND find . agent ( x _ 7 , x _ 3 ) AND find . theme ( x _ 7 , x _ 4 ) AND notice . agent ( x _ 8 , Noah ) AND notice . ccomp ( x _ 8, x _ 9 ) AND like . agent ( x _ 9 , Liam ) AND like . ccomp ( x _ 9, x _ 10 ) AND find . agent ( x _ 10 , x _ 3 ) AND find . theme ( x _ 10 , x _ 4 )	elips_VPE_depth_gen
The boy liked that the baby liked that Noah found William and so did Liam .	* boy ( x _ 0 ) ; * baby ( x _ 2 ) ; like . agent ( x _ 3 , x _ 0 ) AND like . ccomp ( x _ 3, x _ 4 ) AND like . agent ( x _ 4 , x _ 2 ) AND like . ccomp ( x _ 4, x _ 5 ) AND find . agent ( x _ 5 , Noah ) AND find . theme ( x _ 5 , William ) AND like . agent ( x _ 6 , Liam ) AND like . ccomp ( x _ 6, x _ 7 ) AND like . agent ( x _ 7 , x _ 2 ) AND like . ccomp ( x _ 7, x _ 8 ) AND find . agent ( x _ 8 , Noah ) AND find . theme ( x _ 8 , William )	elips_VPE_depth_gen
Emma liked that James expected that Mateo liked that the girl appreciated Nora and so did a politician .	* girl ( x _ 2 ) ; politician ( x _ 1 ) AND like . agent ( x _ 3 , Emma ) AND like . ccomp ( x _ 3, x _ 4 ) AND expect . agent ( x _ 4 , James ) AND expect . ccomp ( x _ 4, x _ 5 ) AND like . agent ( x _ 5 , Mateo ) AND like . ccomp ( x _ 5, x _ 6 ) AND appreciate . agent ( x _ 6 , x _ 2 ) AND appreciate . theme ( x _ 6 , Nora ) AND like . agent ( x _ 7 , x _ 1 ) AND like . ccomp ( x _ 7, x _ 8 ) AND expect . agent ( x _ 8 , James ) AND expect . ccomp ( x _ 8, x _ 9 ) AND like . agent ( x _ 9 , Mateo ) AND like . ccomp ( x _ 9, x _ 10 ) AND appreciate . agent ( x _ 10 , x _ 2 ) AND appreciate . theme ( x _ 10 , Nora )	elips_VPE_depth_gen
Liam admired that the boy hoped that the girl liked that Noah poked a balloon and so did the baby .	* boy ( x _ 4 ) ; * girl ( x _ 5 ) ; * baby ( x _ 3 ) ; balloon ( x _ 6 ) AND admire . agent ( x _ 7 , Liam ) AND admire . ccomp ( x _ 7, x _ 8 ) AND hope . agent ( x _ 8 , x _ 4 ) AND hope . ccomp ( x _ 8, x _ 9 ) AND like . agent ( x _ 9 , x _ 5 ) AND like . ccomp ( x _ 9, x _ 10 ) AND poke . agent ( x _ 10 , Noah ) AND poke . theme ( x _ 10 , x _ 6 ) AND admire . agent ( x _ 11 , x _ 3 ) AND admire . ccomp ( x _ 11, x _ 12 ) AND hope . agent ( x _ 12 , x _ 4 ) AND hope . ccomp ( x _ 12, x _ 13 ) AND like . agent ( x _ 13 , x _ 5 ) AND like . ccomp ( x _ 13, x _ 14 ) AND poke . agent ( x _ 14 , Noah ) AND poke . theme ( x _ 14 , x _ 6 )	elips_VPE_depth_gen
Emma liked that James liked that a resident liked that a girl helped a sandwich and so did Camila .	resident ( x _ 3 ) AND girl ( x _ 4 ) AND sandwich ( x _ 5 ) AND like . agent ( x _ 6 , Emma ) AND like . ccomp ( x _ 6, x _ 7 ) AND like . agent ( x _ 7 , James ) AND like . ccomp ( x _ 7, x _ 8 ) AND like . agent ( x _ 8 , x _ 3 ) AND like . ccomp ( x _ 8, x _ 9 ) AND help . agent ( x _ 9 , x _ 4 ) AND help . theme ( x _ 9 , x _ 5 ) AND like . agent ( x _ 10 , Camila ) AND like . ccomp ( x _ 10, x _ 11 ) AND like . agent ( x _ 11 , James ) AND like . ccomp ( x _ 11, x _ 12 ) AND like . agent ( x _ 12 , x _ 3 ) AND like . ccomp ( x _ 12, x _ 13 ) AND help . agent ( x _ 13 , x _ 4 ) AND help . theme ( x _ 13 , x _ 5 )	elips_VPE_depth_gen
Zoey hoped that the girl hoped that a duck said that Amelia confessed that William helped the child and so did Emma .	* girl ( x _ 3 ) ; * child ( x _ 5 ) ; duck ( x _ 4 ) AND hope . agent ( x _ 6 , Zoey ) AND hope . ccomp ( x _ 6, x _ 7 ) AND hope . agent ( x _ 7 , x _ 3 ) AND hope . ccomp ( x _ 7, x _ 8 ) AND say . agent ( x _ 8 , x _ 4 ) AND say . ccomp ( x _ 8, x _ 9 ) AND confess . agent ( x _ 9 , Amelia ) AND confess . ccomp ( x _ 9, x _ 10 ) AND help . agent ( x _ 10 , William ) AND help . theme ( x _ 10 , x _ 5 ) AND hope . agent ( x _ 11 , Emma ) AND hope . ccomp ( x _ 11, x _ 12 ) AND hope . agent ( x _ 12 , x _ 3 ) AND hope . ccomp ( x _ 12, x _ 13 ) AND say . agent ( x _ 13 , x _ 4 ) AND say . ccomp ( x _ 13, x _ 14 ) AND confess . agent ( x _ 14 , Amelia ) AND confess . ccomp ( x _ 14, x _ 15 ) AND help . agent ( x _ 15 , William ) AND help . theme ( x _ 15 , x _ 5 )	elips_VPE_depth_gen
The girl imagined that the sailor liked that Mia helped a melon and so did Lily .	* girl ( x _ 0 ) ; * sailor ( x _ 3 ) ; melon ( x _ 4 ) AND imagine . agent ( x _ 5 , x _ 0 ) AND imagine . ccomp ( x _ 5, x _ 6 ) AND like . agent ( x _ 6 , x _ 3 ) AND like . ccomp ( x _ 6, x _ 7 ) AND help . agent ( x _ 7 , Mia ) AND help . theme ( x _ 7 , x _ 4 ) AND imagine . agent ( x _ 8 , Lily ) AND imagine . ccomp ( x _ 8, x _ 9 ) AND like . agent ( x _ 9 , x _ 3 ) AND like . ccomp ( x _ 9, x _ 10 ) AND help . agent ( x _ 10 , Mia ) AND help . theme ( x _ 10 , x _ 4 )	elips_VPE_depth_gen
The baby confessed that Emma liked that Olivia helped the girl and so did Liam .	* baby ( x _ 0 ) ; * girl ( x _ 2 ) ; confess . agent ( x _ 3 , x _ 0 ) AND confess . ccomp ( x _ 3, x _ 4 ) AND like . agent ( x _ 4 , Emma ) AND like . ccomp ( x _ 4, x _ 5 ) AND help . agent ( x _ 5 , Olivia ) AND help . theme ( x _ 5 , x _ 2 ) AND confess . agent ( x _ 6 , Liam ) AND confess . ccomp ( x _ 6, x _ 7 ) AND like . agent ( x _ 7 , Emma ) AND like . ccomp ( x _ 7, x _ 8 ) AND help . agent ( x _ 8 , Olivia ) AND help . theme ( x _ 8 , x _ 2 )	elips_VPE_depth_gen
Noah wished that the doctor proved that the girl tolerated that Sebastian appreciated a baby and so did Leah .	* doctor ( x _ 3 ) ; * girl ( x _ 4 ) ; baby ( x _ 5 ) AND wish . agent ( x _ 6 , Noah ) AND wish . ccomp ( x _ 6, x _ 7 ) AND prove . agent ( x _ 7 , x _ 3 ) AND prove . ccomp ( x _ 7, x _ 8 ) AND tolerate . agent ( x _ 8 , x _ 4 ) AND tolerate . ccomp ( x _ 8, x _ 9 ) AND appreciate . agent ( x _ 9 , Sebastian ) AND appreciate . theme ( x _ 9 , x _ 5 ) AND wish . agent ( x _ 10 , Leah ) AND wish . ccomp ( x _ 10, x _ 11 ) AND prove . agent ( x _ 11 , x _ 3 ) AND prove . ccomp ( x _ 11, x _ 12 ) AND tolerate . agent ( x _ 12 , x _ 4 ) AND tolerate . ccomp ( x _ 12, x _ 13 ) AND appreciate . agent ( x _ 13 , Sebastian ) AND appreciate . theme ( x _ 13 , x _ 5 )	elips_VPE_depth_gen
The deer imagined that a frog liked that a dog poked a jar and so did Grace .	* deer ( x _ 0 ) ; frog ( x _ 4 ) AND dog ( x _ 5 ) AND jar ( x _ 6 ) AND imagine . agent ( x _ 7 , x _ 0 ) AND imagine . ccomp ( x _ 7, x _ 8 ) AND like . agent ( x _ 8 , x _ 4 ) AND like . ccomp ( x _ 8, x _ 9 ) AND poke . agent ( x _ 9 , x _ 5 ) AND poke . theme ( x _ 9 , x _ 6 ) AND imagine . agent ( x _ 10 , Grace ) AND imagine . ccomp ( x _ 10, x _ 11 ) AND like . agent ( x _ 11 , x _ 4 ) AND like . ccomp ( x _ 11, x _ 12 ) AND poke . agent ( x _ 12 , x _ 5 ) AND poke . theme ( x _ 12 , x _ 6 )	elips_VPE_depth_gen
William liked that a baby liked that Grace liked a dog and so did a director .	baby ( x _ 3 ) AND dog ( x _ 4 ) AND director ( x _ 2 ) AND like . agent ( x _ 5 , William ) AND like . ccomp ( x _ 5, x _ 6 ) AND like . agent ( x _ 6 , x _ 3 ) AND like . ccomp ( x _ 6, x _ 7 ) AND like . agent ( x _ 7 , Grace ) AND like . theme ( x _ 7 , x _ 4 ) AND like . agent ( x _ 8 , x _ 2 ) AND like . ccomp ( x _ 8, x _ 9 ) AND like . agent ( x _ 9 , x _ 3 ) AND like . ccomp ( x _ 9, x _ 10 ) AND like . agent ( x _ 10 , Grace ) AND like . theme ( x _ 10 , x _ 4 )	elips_VPE_depth_gen
Ella believed that Noah imagined that a monkey poked a brush and so did Emma .	monkey ( x _ 2 ) AND brush ( x _ 3 ) AND believe . agent ( x _ 4 , Ella ) AND believe . ccomp ( x _ 4, x _ 5 ) AND imagine . agent ( x _ 5 , Noah ) AND imagine . ccomp ( x _ 5, x _ 6 ) AND poke . agent ( x _ 6 , x _ 2 ) AND poke . theme ( x _ 6 , x _ 3 ) AND believe . agent ( x _ 7 , Emma ) AND believe . ccomp ( x _ 7, x _ 8 ) AND imagine . agent ( x _ 8 , Noah ) AND imagine . ccomp ( x _ 8, x _ 9 ) AND poke . agent ( x _ 9 , x _ 2 ) AND poke . theme ( x _ 9 , x _ 3 )	elips_VPE_depth_gen
The kid liked that Wyatt hoped that a girl noticed that Liam liked the flag and so did the horse .	* kid ( x _ 0 ) ; * flag ( x _ 5 ) ; * horse ( x _ 3 ) ; girl ( x _ 4 ) AND like . agent ( x _ 6 , x _ 0 ) AND like . ccomp ( x _ 6, x _ 7 ) AND hope . agent ( x _ 7 , Wyatt ) AND hope . ccomp ( x _ 7, x _ 8 ) AND notice . agent ( x _ 8 , x _ 4 ) AND notice . ccomp ( x _ 8, x _ 9 ) AND like . agent ( x _ 9 , Liam ) AND like . theme ( x _ 9 , x _ 5 ) AND like . agent ( x _ 10 , x _ 3 ) AND like . ccomp ( x _ 10, x _ 11 ) AND hope . agent ( x _ 11 , Wyatt ) AND hope . ccomp ( x _ 11, x _ 12 ) AND notice . agent ( x _ 12 , x _ 4 ) AND notice . ccomp ( x _ 12, x _ 13 ) AND like . agent ( x _ 13 , Liam ) AND like . theme ( x _ 13 , x _ 5 )	elips_VPE_depth_gen
Liam said that a donkey believed that Mia liked a book and so did the baby .	* baby ( x _ 2 ) ; donkey ( x _ 3 ) AND book ( x _ 4 ) AND say . agent ( x _ 5 , Liam ) AND say . ccomp ( x _ 5, x _ 6 ) AND believe . agent ( x _ 6 , x _ 3 ) AND believe . ccomp ( x _ 6, x _ 7 ) AND like . agent ( x _ 7 , Mia ) AND like . theme ( x _ 7 , x _ 4 ) AND say . agent ( x _ 8 , x _ 2 ) AND say . ccomp ( x _ 8, x _ 9 ) AND believe . agent ( x _ 9 , x _ 3 ) AND believe . ccomp ( x _ 9, x _ 10 ) AND like . agent ( x _ 10 , Mia ) AND like . theme ( x _ 10 , x _ 4 )	elips_VPE_depth_gen
The dog liked that a bear liked that the cat confessed that the girl liked that a host admired a cake and so did Noah .	* dog ( x _ 0 ) ; * cat ( x _ 7 ) ; * girl ( x _ 8 ) ; bear ( x _ 6 ) AND host ( x _ 9 ) AND cake ( x _ 10 ) AND like . agent ( x _ 11 , x _ 0 ) AND like . ccomp ( x _ 11, x _ 12 ) AND like . agent ( x _ 12 , x _ 6 ) AND like . ccomp ( x _ 12, x _ 13 ) AND confess . agent ( x _ 13 , x _ 7 ) AND confess . ccomp ( x _ 13, x _ 14 ) AND like . agent ( x _ 14 , x _ 8 ) AND like . ccomp ( x _ 14, x _ 15 ) AND admire . agent ( x _ 15 , x _ 9 ) AND admire . theme ( x _ 15 , x _ 10 ) AND like . agent ( x _ 16 , Noah ) AND like . ccomp ( x _ 16, x _ 17 ) AND like . agent ( x _ 17 , x _ 6 ) AND like . ccomp ( x _ 17, x _ 18 ) AND confess . agent ( x _ 18 , x _ 7 ) AND confess . ccomp ( x _ 18, x _ 19 ) AND like . agent ( x _ 19 , x _ 8 ) AND like . ccomp ( x _ 19, x _ 20 ) AND admire . agent ( x _ 20 , x _ 9 ) AND admire . theme ( x _ 20 , x _ 10 )	elips_VPE_depth_gen
The giraffe noticed that Mia liked that Emma appreciated Mila and so did the teacher .	* giraffe ( x _ 0 ) ; * teacher ( x _ 1 ) ; notice . agent ( x _ 2 , x _ 0 ) AND notice . ccomp ( x _ 2, x _ 3 ) AND like . agent ( x _ 3 , Mia ) AND like . ccomp ( x _ 3, x _ 4 ) AND appreciate . agent ( x _ 4 , Emma ) AND appreciate . theme ( x _ 4 , Mila ) AND notice . agent ( x _ 5 , x _ 1 ) AND notice . ccomp ( x _ 5, x _ 6 ) AND like . agent ( x _ 6 , Mia ) AND like . ccomp ( x _ 6, x _ 7 ) AND appreciate . agent ( x _ 7 , Emma ) AND appreciate . theme ( x _ 7 , Mila )	elips_VPE_depth_gen
Ella liked that Olivia supported that Liam found the ball and so did Emma .	* ball ( x _ 1 ) ; like . agent ( x _ 2 , Ella ) AND like . ccomp ( x _ 2, x _ 3 ) AND support . agent ( x _ 3 , Olivia ) AND support . ccomp ( x _ 3, x _ 4 ) AND find . agent ( x _ 4 , Liam ) AND find . theme ( x _ 4 , x _ 1 ) AND like . agent ( x _ 5 , Emma ) AND like . ccomp ( x _ 5, x _ 6 ) AND support . agent ( x _ 6 , Olivia ) AND support . ccomp ( x _ 6, x _ 7 ) AND find . agent ( x _ 7 , Liam ) AND find . theme ( x _ 7 , x _ 1 )	elips_VPE_depth_gen
Avery hoped that a dog said that the girl helped a cake and so did Sophia .	* girl ( x _ 4 ) ; dog ( x _ 3 ) AND cake ( x _ 5 ) AND hope . agent ( x _ 6 , Avery ) AND hope . ccomp ( x _ 6, x _ 7 ) AND say . agent ( x _ 7 , x _ 3 ) AND say . ccomp ( x _ 7, x _ 8 ) AND help . agent ( x _ 8 , x _ 4 ) AND help . theme ( x _ 8 , x _ 5 ) AND hope . agent ( x _ 9 , Sophia ) AND hope . ccomp ( x _ 9, x _ 10 ) AND say . agent ( x _ 10 , x _ 3 ) AND say . ccomp ( x _ 10, x _ 11 ) AND help . agent ( x _ 11 , x _ 4 ) AND help . theme ( x _ 11 , x _ 5 )	elips_VPE_depth_gen
A boy believed that the baby confessed that Benjamin liked that a girl liked the cookie and so did the deer .	* baby ( x _ 5 ) ; * cookie ( x _ 7 ) ; * deer ( x _ 4 ) ; boy ( x _ 0 ) AND girl ( x _ 6 ) AND believe . agent ( x _ 8 , x _ 0 ) AND believe . ccomp ( x _ 8, x _ 9 ) AND confess . agent ( x _ 9 , x _ 5 ) AND confess . ccomp ( x _ 9, x _ 10 ) AND like . agent ( x _ 10 , Benjamin ) AND like . ccomp ( x _ 10, x _ 11 ) AND like . agent ( x _ 11 , x _ 6 ) AND like . theme ( x _ 11 , x _ 7 ) AND believe . agent ( x _ 12 , x _ 4 ) AND believe . ccomp ( x _ 12, x _ 13 ) AND confess . agent ( x _ 13 , x _ 5 ) AND confess . ccomp ( x _ 13, x _ 14 ) AND like . agent ( x _ 14 , Benjamin ) AND like . ccomp ( x _ 14, x _ 15 ) AND like . agent ( x _ 15 , x _ 6 ) AND like . theme ( x _ 15 , x _ 7 )	elips_VPE_depth_gen
Liam liked that Mateo thought that Logan liked that Emma noticed that the girl helped the donut and so did Elijah .	* girl ( x _ 2 ) ; * donut ( x _ 3 ) ; like . agent ( x _ 4 , Liam ) AND like . ccomp ( x _ 4, x _ 5 ) AND think . agent ( x _ 5 , Mateo ) AND think . ccomp ( x _ 5, x _ 6 ) AND like . agent ( x _ 6 , Logan ) AND like . ccomp ( x _ 6, x _ 7 ) AND notice . agent ( x _ 7 , Emma ) AND notice . ccomp ( x _ 7, x _ 8 ) AND help . agent ( x _ 8 , x _ 2 ) AND help . theme ( x _ 8 , x _ 3 ) AND like . agent ( x _ 9 , Elijah ) AND like . ccomp ( x _ 9, x _ 10 ) AND think . agent ( x _ 10 , Mateo ) AND think . ccomp ( x _ 10, x _ 11 ) AND like . agent ( x _ 11 , Logan ) AND like . ccomp ( x _ 11, x _ 12 ) AND notice . agent ( x _ 12 , Emma ) AND notice . ccomp ( x _ 12, x _ 13 ) AND help . agent ( x _ 13 , x _ 2 ) AND help . theme ( x _ 13 , x _ 3 )	elips_VPE_depth_gen
The girl liked that Daniel believed that Emma liked the donut and so did Elijah .	* girl ( x _ 0 ) ; * donut ( x _ 2 ) ; like . agent ( x _ 3 , x _ 0 ) AND like . ccomp ( x _ 3, x _ 4 ) AND believe . agent ( x _ 4 , Daniel ) AND believe . ccomp ( x _ 4, x _ 5 ) AND like . agent ( x _ 5 , Emma ) AND like . theme ( x _ 5 , x _ 2 ) AND like . agent ( x _ 6 , Elijah ) AND like . ccomp ( x _ 6, x _ 7 ) AND believe . agent ( x _ 7 , Daniel ) AND believe . ccomp ( x _ 7, x _ 8 ) AND like . agent ( x _ 8 , Emma ) AND like . theme ( x _ 8 , x _ 2 )	elips_VPE_depth_gen
A frog proved that Emma said that Oliver hoped that a kitty thought that the penguin admired Skylar and so did William .	* penguin ( x _ 4 ) ; frog ( x _ 0 ) AND kitty ( x _ 3 ) AND prove . agent ( x _ 5 , x _ 0 ) AND prove . ccomp ( x _ 5, x _ 6 ) AND say . agent ( x _ 6 , Emma ) AND say . ccomp ( x _ 6, x _ 7 ) AND hope . agent ( x _ 7 , Oliver ) AND hope . ccomp ( x _ 7, x _ 8 ) AND think . agent ( x _ 8 , x _ 3 ) AND think . ccomp ( x _ 8, x _ 9 ) AND admire . agent ( x _ 9 , x _ 4 ) AND admire . theme ( x _ 9 , Skylar ) AND prove . agent ( x _ 10 , William ) AND prove . ccomp ( x _ 10, x _ 11 ) AND say . agent ( x _ 11 , Emma ) AND say . ccomp ( x _ 11, x _ 12 ) AND hope . agent ( x _ 12 , Oliver ) AND hope . ccomp ( x _ 12, x _ 13 ) AND think . agent ( x _ 13 , x _ 3 ) AND think . ccomp ( x _ 13, x _ 14 ) AND admire . agent ( x _ 14 , x _ 4 ) AND admire . theme ( x _ 14 , Skylar )	elips_VPE_depth_gen
The cat liked that the girl liked that the teacher helped a cookie and so did the consumer .	* cat ( x _ 0 ) ; * girl ( x _ 5 ) ; * teacher ( x _ 6 ) ; * consumer ( x _ 4 ) ; cookie ( x _ 7 ) AND like . agent ( x _ 8 , x _ 0 ) AND like . ccomp ( x _ 8, x _ 9 ) AND like . agent ( x _ 9 , x _ 5 ) AND like . ccomp ( x _ 9, x _ 10 ) AND help . agent ( x _ 10 , x _ 6 ) AND help . theme ( x _ 10 , x _ 7 ) AND like . agent ( x _ 11 , x _ 4 ) AND like . ccomp ( x _ 11, x _ 12 ) AND like . agent ( x _ 12 , x _ 5 ) AND like . ccomp ( x _ 12, x _ 13 ) AND help . agent ( x _ 13 , x _ 6 ) AND help . theme ( x _ 13 , x _ 7 )	elips_VPE_depth_gen
Noah said that Emma noticed that the kid hoped that Daniel appreciated a cookie and so did a crocodile .	* kid ( x _ 3 ) ; cookie ( x _ 4 ) AND crocodile ( x _ 2 ) AND say . agent ( x _ 5 , Noah ) AND say . ccomp ( x _ 5, x _ 6 ) AND notice . agent ( x _ 6 , Emma ) AND notice . ccomp ( x _ 6, x _ 7 ) AND hope . agent ( x _ 7 , x _ 3 ) AND hope . ccomp ( x _ 7, x _ 8 ) AND appreciate . agent ( x _ 8 , Daniel ) AND appreciate . theme ( x _ 8 , x _ 4 ) AND say . agent ( x _ 9 , x _ 2 ) AND say . ccomp ( x _ 9, x _ 10 ) AND notice . agent ( x _ 10 , Emma ) AND notice . ccomp ( x _ 10, x _ 11 ) AND hope . agent ( x _ 11 , x _ 3 ) AND hope . ccomp ( x _ 11, x _ 12 ) AND appreciate . agent ( x _ 12 , Daniel ) AND appreciate . theme ( x _ 12 , x _ 4 )	elips_VPE_depth_gen
Olivia said that a girl noticed that the teacher helped the box and so did William .	* teacher ( x _ 4 ) ; * box ( x _ 5 ) ; girl ( x _ 3 ) AND say . agent ( x _ 6 , Olivia ) AND say . ccomp ( x _ 6, x _ 7 ) AND notice . agent ( x _ 7 , x _ 3 ) AND notice . ccomp ( x _ 7, x _ 8 ) AND help . agent ( x _ 8 , x _ 4 ) AND help . theme ( x _ 8 , x _ 5 ) AND say . agent ( x _ 9 , William ) AND say . ccomp ( x _ 9, x _ 10 ) AND notice . agent ( x _ 10 , x _ 3 ) AND notice . ccomp ( x _ 10, x _ 11 ) AND help . agent ( x _ 11 , x _ 4 ) AND help . theme ( x _ 11 , x _ 5 )	elips_VPE_depth_gen
A bird dreamed that Emma hoped that a boy helped a girl and so did Liam .	bird ( x _ 0 ) AND boy ( x _ 3 ) AND girl ( x _ 4 ) AND dream . agent ( x _ 5 , x _ 0 ) AND dream . ccomp ( x _ 5, x _ 6 ) AND hope . agent ( x _ 6 , Emma ) AND hope . ccomp ( x _ 6, x _ 7 ) AND help . agent ( x _ 7 , x _ 3 ) AND help . theme ( x _ 7 , x _ 4 ) AND dream . agent ( x _ 8 , Liam ) AND dream . ccomp ( x _ 8, x _ 9 ) AND hope . agent ( x _ 9 , Emma ) AND hope . ccomp ( x _ 9, x _ 10 ) AND help . agent ( x _ 10 , x _ 3 ) AND help . theme ( x _ 10 , x _ 4 )	elips_VPE_depth_gen
The mouse liked that Liam liked that Ava liked William and so did Olivia .	* mouse ( x _ 0 ) ; like . agent ( x _ 1 , x _ 0 ) AND like . ccomp ( x _ 1, x _ 2 ) AND like . agent ( x _ 2 , Liam ) AND like . ccomp ( x _ 2, x _ 3 ) AND like . agent ( x _ 3 , Ava ) AND like . theme ( x _ 3 , William ) AND like . agent ( x _ 4 , Olivia ) AND like . ccomp ( x _ 4, x _ 5 ) AND like . agent ( x _ 5 , Liam ) AND like . ccomp ( x _ 5, x _ 6 ) AND like . agent ( x _ 6 , Ava ) AND like . theme ( x _ 6 , William )	elips_VPE_depth_gen
A teacher noticed that Abigail liked that Liam poked a dog and so did a farmer .	teacher ( x _ 0 ) AND dog ( x _ 3 ) AND farmer ( x _ 2 ) AND notice . agent ( x _ 4 , x _ 0 ) AND notice . ccomp ( x _ 4, x _ 5 ) AND like . agent ( x _ 5 , Abigail ) AND like . ccomp ( x _ 5, x _ 6 ) AND poke . agent ( x _ 6 , Liam ) AND poke . theme ( x _ 6 , x _ 3 ) AND notice . agent ( x _ 7 , x _ 2 ) AND notice . ccomp ( x _ 7, x _ 8 ) AND like . agent ( x _ 8 , Abigail ) AND like . ccomp ( x _ 8, x _ 9 ) AND poke . agent ( x _ 9 , Liam ) AND poke . theme ( x _ 9 , x _ 3 )	elips_VPE_depth_gen
A resident liked that Emma appreciated that Sophia liked a melon and so did a girl .	resident ( x _ 0 ) AND melon ( x _ 3 ) AND girl ( x _ 2 ) AND like . agent ( x _ 4 , x _ 0 ) AND like . ccomp ( x _ 4, x _ 5 ) AND appreciate . agent ( x _ 5 , Emma ) AND appreciate . ccomp ( x _ 5, x _ 6 ) AND like . agent ( x _ 6 , Sophia ) AND like . theme ( x _ 6 , x _ 3 ) AND like . agent ( x _ 7 , x _ 2 ) AND like . ccomp ( x _ 7, x _ 8 ) AND appreciate . agent ( x _ 8 , Emma ) AND appreciate . ccomp ( x _ 8, x _ 9 ) AND like . agent ( x _ 9 , Sophia ) AND like . theme ( x _ 9 , x _ 3 )	elips_VPE_depth_gen
The baby supported that the lamb liked that a girl believed that the king admired James and so did William .	* baby ( x _ 0 ) ; * lamb ( x _ 4 ) ; * king ( x _ 6 ) ; girl ( x _ 5 ) AND support . agent ( x _ 7 , x _ 0 ) AND support . ccomp ( x _ 7, x _ 8 ) AND like . agent ( x _ 8 , x _ 4 ) AND like . ccomp ( x _ 8, x _ 9 ) AND believe . agent ( x _ 9 , x _ 5 ) AND believe . ccomp ( x _ 9, x _ 10 ) AND admire . agent ( x _ 10 , x _ 6 ) AND admire . theme ( x _ 10 , James ) AND support . agent ( x _ 11 , William ) AND support . ccomp ( x _ 11, x _ 12 ) AND like . agent ( x _ 12 , x _ 4 ) AND like . ccomp ( x _ 12, x _ 13 ) AND believe . agent ( x _ 13 , x _ 5 ) AND believe . ccomp ( x _ 13, x _ 14 ) AND admire . agent ( x _ 14 , x _ 6 ) AND admire . theme ( x _ 14 , James )	elips_VPE_depth_gen
A chief noticed that Emma tolerated that David loved the liver and so did a girl .	* liver ( x _ 3 ) ; chief ( x _ 0 ) AND girl ( x _ 2 ) AND notice . agent ( x _ 4 , x _ 0 ) AND notice . ccomp ( x _ 4, x _ 5 ) AND tolerate . agent ( x _ 5 , Emma ) AND tolerate . ccomp ( x _ 5, x _ 6 ) AND love . agent ( x _ 6 , David ) AND love . theme ( x _ 6 , x _ 3 ) AND notice . agent ( x _ 7 , x _ 2 ) AND notice . ccomp ( x _ 7, x _ 8 ) AND tolerate . agent ( x _ 8 , Emma ) AND tolerate . ccomp ( x _ 8, x _ 9 ) AND love . agent ( x _ 9 , David ) AND love . theme ( x _ 9 , x _ 3 )	elips_VPE_depth_gen
A director meant that Emma hoped that Amelia helped a cake and so did a dog .	director ( x _ 0 ) AND cake ( x _ 3 ) AND dog ( x _ 2 ) AND mean . agent ( x _ 4 , x _ 0 ) AND mean . ccomp ( x _ 4, x _ 5 ) AND hope . agent ( x _ 5 , Emma ) AND hope . ccomp ( x _ 5, x _ 6 ) AND help . agent ( x _ 6 , Amelia ) AND help . theme ( x _ 6 , x _ 3 ) AND mean . agent ( x _ 7 , x _ 2 ) AND mean . ccomp ( x _ 7, x _ 8 ) AND hope . agent ( x _ 8 , Emma ) AND hope . ccomp ( x _ 8, x _ 9 ) AND help . agent ( x _ 9 , Amelia ) AND help . theme ( x _ 9 , x _ 3 )	elips_VPE_depth_gen
Emma tolerated that Ava valued that a girl loved the plant and so did Noah .	* plant ( x _ 3 ) ; girl ( x _ 2 ) AND tolerate . agent ( x _ 4 , Emma ) AND tolerate . ccomp ( x _ 4, x _ 5 ) AND value . agent ( x _ 5 , Ava ) AND value . ccomp ( x _ 5, x _ 6 ) AND love . agent ( x _ 6 , x _ 2 ) AND love . theme ( x _ 6 , x _ 3 ) AND tolerate . agent ( x _ 7 , Noah ) AND tolerate . ccomp ( x _ 7, x _ 8 ) AND value . agent ( x _ 8 , Ava ) AND value . ccomp ( x _ 8, x _ 9 ) AND love . agent ( x _ 9 , x _ 2 ) AND love . theme ( x _ 9 , x _ 3 )	elips_VPE_depth_gen
The student believed that the dog tolerated that a boy liked that Emma liked that a bear poked a cake and so did a girl .	* student ( x _ 0 ) ; * dog ( x _ 6 ) ; boy ( x _ 7 ) AND bear ( x _ 8 ) AND cake ( x _ 9 ) AND girl ( x _ 5 ) AND believe . agent ( x _ 10 , x _ 0 ) AND believe . ccomp ( x _ 10, x _ 11 ) AND tolerate . agent ( x _ 11 , x _ 6 ) AND tolerate . ccomp ( x _ 11, x _ 12 ) AND like . agent ( x _ 12 , x _ 7 ) AND like . ccomp ( x _ 12, x _ 13 ) AND like . agent ( x _ 13 , Emma ) AND like . ccomp ( x _ 13, x _ 14 ) AND poke . agent ( x _ 14 , x _ 8 ) AND poke . theme ( x _ 14 , x _ 9 ) AND believe . agent ( x _ 15 , x _ 5 ) AND believe . ccomp ( x _ 15, x _ 16 ) AND tolerate . agent ( x _ 16 , x _ 6 ) AND tolerate . ccomp ( x _ 16, x _ 17 ) AND like . agent ( x _ 17 , x _ 7 ) AND like . ccomp ( x _ 17, x _ 18 ) AND like . agent ( x _ 18 , Emma ) AND like . ccomp ( x _ 18, x _ 19 ) AND poke . agent ( x _ 19 , x _ 8 ) AND poke . theme ( x _ 19 , x _ 9 )	elips_VPE_depth_gen
The kid noticed that Benjamin liked that Emma adored the cake and so did the girl .	* kid ( x _ 0 ) ; * cake ( x _ 3 ) ; * girl ( x _ 2 ) ; notice . agent ( x _ 4 , x _ 0 ) AND notice . ccomp ( x _ 4, x _ 5 ) AND like . agent ( x _ 5 , Benjamin ) AND like . ccomp ( x _ 5, x _ 6 ) AND adore . agent ( x _ 6 , Emma ) AND adore . theme ( x _ 6 , x _ 3 ) AND notice . agent ( x _ 7 , x _ 2 ) AND notice . ccomp ( x _ 7, x _ 8 ) AND like . agent ( x _ 8 , Benjamin ) AND like . ccomp ( x _ 8, x _ 9 ) AND adore . agent ( x _ 9 , Emma ) AND adore . theme ( x _ 9 , x _ 3 )	elips_VPE_depth_gen
Julian thought that Emma liked that the girl poked the cake and so did the guest .	* girl ( x _ 3 ) ; * cake ( x _ 4 ) ; * guest ( x _ 2 ) ; think . agent ( x _ 5 , Julian ) AND think . ccomp ( x _ 5, x _ 6 ) AND like . agent ( x _ 6 , Emma ) AND like . ccomp ( x _ 6, x _ 7 ) AND poke . agent ( x _ 7 , x _ 3 ) AND poke . theme ( x _ 7 , x _ 4 ) AND think . agent ( x _ 8 , x _ 2 ) AND think . ccomp ( x _ 8, x _ 9 ) AND like . agent ( x _ 9 , Emma ) AND like . ccomp ( x _ 9, x _ 10 ) AND poke . agent ( x _ 10 , x _ 3 ) AND poke . theme ( x _ 10 , x _ 4 )	elips_VPE_depth_gen
Hazel believed that the lion liked that Emma noticed that the consumer loved the girl and so did Ava .	* lion ( x _ 3 ) ; * consumer ( x _ 4 ) ; * girl ( x _ 5 ) ; believe . agent ( x _ 6 , Hazel ) AND believe . ccomp ( x _ 6, x _ 7 ) AND like . agent ( x _ 7 , x _ 3 ) AND like . ccomp ( x _ 7, x _ 8 ) AND notice . agent ( x _ 8 , Emma ) AND notice . ccomp ( x _ 8, x _ 9 ) AND love . agent ( x _ 9 , x _ 4 ) AND love . theme ( x _ 9 , x _ 5 ) AND believe . agent ( x _ 10 , Ava ) AND believe . ccomp ( x _ 10, x _ 11 ) AND like . agent ( x _ 11 , x _ 3 ) AND like . ccomp ( x _ 11, x _ 12 ) AND notice . agent ( x _ 12 , Emma ) AND notice . ccomp ( x _ 12, x _ 13 ) AND love . agent ( x _ 13 , x _ 4 ) AND love . theme ( x _ 13 , x _ 5 )	elips_VPE_depth_gen
A dog hoped that Emma declared that Amelia poked Benjamin and so did Zoey .	dog ( x _ 0 ) AND hope . agent ( x _ 1 , x _ 0 ) AND hope . ccomp ( x _ 1, x _ 2 ) AND declare . agent ( x _ 2 , Emma ) AND declare . ccomp ( x _ 2, x _ 3 ) AND poke . agent ( x _ 3 , Amelia ) AND poke . theme ( x _ 3 , Benjamin ) AND hope . agent ( x _ 4 , Zoey ) AND hope . ccomp ( x _ 4, x _ 5 ) AND declare . agent ( x _ 5 , Emma ) AND declare . ccomp ( x _ 5, x _ 6 ) AND poke . agent ( x _ 6 , Amelia ) AND poke . theme ( x _ 6 , Benjamin )	elips_VPE_depth_gen
Liam liked that the judge proved that a baby thought that a bear found the sandwich and so did Emma .	* judge ( x _ 4 ) ; * sandwich ( x _ 7 ) ; baby ( x _ 5 ) AND bear ( x _ 6 ) AND like . agent ( x _ 8 , Liam ) AND like . ccomp ( x _ 8, x _ 9 ) AND prove . agent ( x _ 9 , x _ 4 ) AND prove . ccomp ( x _ 9, x _ 10 ) AND think . agent ( x _ 10 , x _ 5 ) AND think . ccomp ( x _ 10, x _ 11 ) AND find . agent ( x _ 11 , x _ 6 ) AND find . theme ( x _ 11 , x _ 7 ) AND like . agent ( x _ 12 , Emma ) AND like . ccomp ( x _ 12, x _ 13 ) AND prove . agent ( x _ 13 , x _ 4 ) AND prove . ccomp ( x _ 13, x _ 14 ) AND think . agent ( x _ 14 , x _ 5 ) AND think . ccomp ( x _ 14, x _ 15 ) AND find . agent ( x _ 15 , x _ 6 ) AND find . theme ( x _ 15 , x _ 7 )	elips_VPE_depth_gen
Audrey hoped that Sophia appreciated that a girl liked a cake and so did a boy .	girl ( x _ 3 ) AND cake ( x _ 4 ) AND boy ( x _ 2 ) AND hope . agent ( x _ 5 , Audrey ) AND hope . ccomp ( x _ 5, x _ 6 ) AND appreciate . agent ( x _ 6 , Sophia ) AND appreciate . ccomp ( x _ 6, x _ 7 ) AND like . agent ( x _ 7 , x _ 3 ) AND like . theme ( x _ 7 , x _ 4 ) AND hope . agent ( x _ 8 , x _ 2 ) AND hope . ccomp ( x _ 8, x _ 9 ) AND appreciate . agent ( x _ 9 , Sophia ) AND appreciate . ccomp ( x _ 9, x _ 10 ) AND like . agent ( x _ 10 , x _ 3 ) AND like . theme ( x _ 10 , x _ 4 )	elips_VPE_depth_gen
Olivia appreciated that a baby tolerated that the dog supported that the professor liked the box and so did Emma .	* dog ( x _ 5 ) ; * professor ( x _ 6 ) ; * box ( x _ 7 ) ; baby ( x _ 4 ) AND appreciate . agent ( x _ 8 , Olivia ) AND appreciate . ccomp ( x _ 8, x _ 9 ) AND tolerate . agent ( x _ 9 , x _ 4 ) AND tolerate . ccomp ( x _ 9, x _ 10 ) AND support . agent ( x _ 10 , x _ 5 ) AND support . ccomp ( x _ 10, x _ 11 ) AND like . agent ( x _ 11 , x _ 6 ) AND like . theme ( x _ 11 , x _ 7 ) AND appreciate . agent ( x _ 12 , Emma ) AND appreciate . ccomp ( x _ 12, x _ 13 ) AND tolerate . agent ( x _ 13 , x _ 4 ) AND tolerate . ccomp ( x _ 13, x _ 14 ) AND support . agent ( x _ 14 , x _ 5 ) AND support . ccomp ( x _ 14, x _ 15 ) AND like . agent ( x _ 15 , x _ 6 ) AND like . theme ( x _ 15 , x _ 7 )	elips_VPE_depth_gen
The girl liked that a chicken imagined that the pig hoped that Camila said that a boy poked a strawberry and so did Liam .	* girl ( x _ 0 ) ; * pig ( x _ 6 ) ; chicken ( x _ 5 ) AND boy ( x _ 7 ) AND strawberry ( x _ 8 ) AND like . agent ( x _ 9 , x _ 0 ) AND like . ccomp ( x _ 9, x _ 10 ) AND imagine . agent ( x _ 10 , x _ 5 ) AND imagine . ccomp ( x _ 10, x _ 11 ) AND hope . agent ( x _ 11 , x _ 6 ) AND hope . ccomp ( x _ 11, x _ 12 ) AND say . agent ( x _ 12 , Camila ) AND say . ccomp ( x _ 12, x _ 13 ) AND poke . agent ( x _ 13 , x _ 7 ) AND poke . theme ( x _ 13 , x _ 8 ) AND like . agent ( x _ 14 , Liam ) AND like . ccomp ( x _ 14, x _ 15 ) AND imagine . agent ( x _ 15 , x _ 5 ) AND imagine . ccomp ( x _ 15, x _ 16 ) AND hope . agent ( x _ 16 , x _ 6 ) AND hope . ccomp ( x _ 16, x _ 17 ) AND say . agent ( x _ 17 , Camila ) AND say . ccomp ( x _ 17, x _ 18 ) AND poke . agent ( x _ 18 , x _ 7 ) AND poke . theme ( x _ 18 , x _ 8 )	elips_VPE_depth_gen
James declared that a passenger wished that a girl loved Liam and so did Emma .	passenger ( x _ 2 ) AND girl ( x _ 3 ) AND declare . agent ( x _ 4 , James ) AND declare . ccomp ( x _ 4, x _ 5 ) AND wish . agent ( x _ 5 , x _ 2 ) AND wish . ccomp ( x _ 5, x _ 6 ) AND love . agent ( x _ 6 , x _ 3 ) AND love . theme ( x _ 6 , Liam ) AND declare . agent ( x _ 7 , Emma ) AND declare . ccomp ( x _ 7, x _ 8 ) AND wish . agent ( x _ 8 , x _ 2 ) AND wish . ccomp ( x _ 8, x _ 9 ) AND love . agent ( x _ 9 , x _ 3 ) AND love . theme ( x _ 9 , Liam )	elips_VPE_depth_gen
Emma noticed that the girl confessed that the guest helped Noah and so did a dog .	* girl ( x _ 3 ) ; * guest ( x _ 4 ) ; dog ( x _ 2 ) AND notice . agent ( x _ 5 , Emma ) AND notice . ccomp ( x _ 5, x _ 6 ) AND confess . agent ( x _ 6 , x _ 3 ) AND confess . ccomp ( x _ 6, x _ 7 ) AND help . agent ( x _ 7 , x _ 4 ) AND help . theme ( x _ 7 , Noah ) AND notice . agent ( x _ 8 , x _ 2 ) AND notice . ccomp ( x _ 8, x _ 9 ) AND confess . agent ( x _ 9 , x _ 3 ) AND confess . ccomp ( x _ 9, x _ 10 ) AND help . agent ( x _ 10 , x _ 4 ) AND help . theme ( x _ 10 , Noah )	elips_VPE_depth_gen
Ava thought that Liam hoped that a girl imagined that a child liked the patient and so did Emma .	* patient ( x _ 5 ) ; girl ( x _ 3 ) AND child ( x _ 4 ) AND think . agent ( x _ 6 , Ava ) AND think . ccomp ( x _ 6, x _ 7 ) AND hope . agent ( x _ 7 , Liam ) AND hope . ccomp ( x _ 7, x _ 8 ) AND imagine . agent ( x _ 8 , x _ 3 ) AND imagine . ccomp ( x _ 8, x _ 9 ) AND like . agent ( x _ 9 , x _ 4 ) AND like . theme ( x _ 9 , x _ 5 ) AND think . agent ( x _ 10 , Emma ) AND think . ccomp ( x _ 10, x _ 11 ) AND hope . agent ( x _ 11 , Liam ) AND hope . ccomp ( x _ 11, x _ 12 ) AND imagine . agent ( x _ 12 , x _ 3 ) AND imagine . ccomp ( x _ 12, x _ 13 ) AND like . agent ( x _ 13 , x _ 4 ) AND like . theme ( x _ 13 , x _ 5 )	elips_VPE_depth_gen
Olivia said that the frog liked that a girl liked the cake and so did the bear .	* frog ( x _ 4 ) ; * cake ( x _ 6 ) ; * bear ( x _ 3 ) ; girl ( x _ 5 ) AND say . agent ( x _ 7 , Olivia ) AND say . ccomp ( x _ 7, x _ 8 ) AND like . agent ( x _ 8 , x _ 4 ) AND like . ccomp ( x _ 8, x _ 9 ) AND like . agent ( x _ 9 , x _ 5 ) AND like . theme ( x _ 9 , x _ 6 ) AND say . agent ( x _ 10 , x _ 3 ) AND say . ccomp ( x _ 10, x _ 11 ) AND like . agent ( x _ 11 , x _ 4 ) AND like . ccomp ( x _ 11, x _ 12 ) AND like . agent ( x _ 12 , x _ 5 ) AND like . theme ( x _ 12 , x _ 6 )	elips_VPE_depth_gen
Liam hoped that the boy liked that the teacher liked that Matthew loved the chalk and so did Emma .	* boy ( x _ 3 ) ; * teacher ( x _ 4 ) ; * chalk ( x _ 5 ) ; hope . agent ( x _ 6 , Liam ) AND hope . ccomp ( x _ 6, x _ 7 ) AND like . agent ( x _ 7 , x _ 3 ) AND like . ccomp ( x _ 7, x _ 8 ) AND like . agent ( x _ 8 , x _ 4 ) AND like . ccomp ( x _ 8, x _ 9 ) AND love . agent ( x _ 9 , Matthew ) AND love . theme ( x _ 9 , x _ 5 ) AND hope . agent ( x _ 10 , Emma ) AND hope . ccomp ( x _ 10, x _ 11 ) AND like . agent ( x _ 11 , x _ 3 ) AND like . ccomp ( x _ 11, x _ 12 ) AND like . agent ( x _ 12 , x _ 4 ) AND like . ccomp ( x _ 12, x _ 13 ) AND love . agent ( x _ 13 , Matthew ) AND love . theme ( x _ 13 , x _ 5 )	elips_VPE_depth_gen
The chicken hoped that Isabella liked that the girl respected the donut and so did Liam .	* chicken ( x _ 0 ) ; * girl ( x _ 3 ) ; * donut ( x _ 4 ) ; hope . agent ( x _ 5 , x _ 0 ) AND hope . ccomp ( x _ 5, x _ 6 ) AND like . agent ( x _ 6 , Isabella ) AND like . ccomp ( x _ 6, x _ 7 ) AND respect . agent ( x _ 7 , x _ 3 ) AND respect . theme ( x _ 7 , x _ 4 ) AND hope . agent ( x _ 8 , Liam ) AND hope . ccomp ( x _ 8, x _ 9 ) AND like . agent ( x _ 9 , Isabella ) AND like . ccomp ( x _ 9, x _ 10 ) AND respect . agent ( x _ 10 , x _ 3 ) AND respect . theme ( x _ 10 , x _ 4 )	elips_VPE_depth_gen
The girl said that William meant that a boy liked the cookie and so did Mia .	* girl ( x _ 0 ) ; * cookie ( x _ 4 ) ; boy ( x _ 3 ) AND say . agent ( x _ 5 , x _ 0 ) AND say . ccomp ( x _ 5, x _ 6 ) AND mean . agent ( x _ 6 , William ) AND mean . ccomp ( x _ 6, x _ 7 ) AND like . agent ( x _ 7 , x _ 3 ) AND like . theme ( x _ 7 , x _ 4 ) AND say . agent ( x _ 8 , Mia ) AND say . ccomp ( x _ 8, x _ 9 ) AND mean . agent ( x _ 9 , William ) AND mean . ccomp ( x _ 9, x _ 10 ) AND like . agent ( x _ 10 , x _ 3 ) AND like . theme ( x _ 10 , x _ 4 )	elips_VPE_depth_gen
Stella meant that the girl hoped that Liam helped the cake and so did the boy .	* girl ( x _ 3 ) ; * cake ( x _ 4 ) ; * boy ( x _ 2 ) ; mean . agent ( x _ 5 , Stella ) AND mean . ccomp ( x _ 5, x _ 6 ) AND hope . agent ( x _ 6 , x _ 3 ) AND hope . ccomp ( x _ 6, x _ 7 ) AND help . agent ( x _ 7 , Liam ) AND help . theme ( x _ 7 , x _ 4 ) AND mean . agent ( x _ 8 , x _ 2 ) AND mean . ccomp ( x _ 8, x _ 9 ) AND hope . agent ( x _ 9 , x _ 3 ) AND hope . ccomp ( x _ 9, x _ 10 ) AND help . agent ( x _ 10 , Liam ) AND help . theme ( x _ 10 , x _ 4 )	elips_VPE_depth_gen
Sophia appreciated that the mouse said that Liam liked a bear and so did a girl .	* mouse ( x _ 3 ) ; bear ( x _ 4 ) AND girl ( x _ 2 ) AND appreciate . agent ( x _ 5 , Sophia ) AND appreciate . ccomp ( x _ 5, x _ 6 ) AND say . agent ( x _ 6 , x _ 3 ) AND say . ccomp ( x _ 6, x _ 7 ) AND like . agent ( x _ 7 , Liam ) AND like . theme ( x _ 7 , x _ 4 ) AND appreciate . agent ( x _ 8 , x _ 2 ) AND appreciate . ccomp ( x _ 8, x _ 9 ) AND say . agent ( x _ 9 , x _ 3 ) AND say . ccomp ( x _ 9, x _ 10 ) AND like . agent ( x _ 10 , Liam ) AND like . theme ( x _ 10 , x _ 4 )	elips_VPE_depth_gen
Liam liked that a girl wished that the boy said that the queen admired a bird and so did Michael .	* boy ( x _ 5 ) ; * queen ( x _ 6 ) ; girl ( x _ 4 ) AND bird ( x _ 7 ) AND like . agent ( x _ 8 , Liam ) AND like . ccomp ( x _ 8, x _ 9 ) AND wish . agent ( x _ 9 , x _ 4 ) AND wish . ccomp ( x _ 9, x _ 10 ) AND say . agent ( x _ 10 , x _ 5 ) AND say . ccomp ( x _ 10, x _ 11 ) AND admire . agent ( x _ 11 , x _ 6 ) AND admire . theme ( x _ 11 , x _ 7 ) AND like . agent ( x _ 12 , Michael ) AND like . ccomp ( x _ 12, x _ 13 ) AND wish . agent ( x _ 13 , x _ 4 ) AND wish . ccomp ( x _ 13, x _ 14 ) AND say . agent ( x _ 14 , x _ 5 ) AND say . ccomp ( x _ 14, x _ 15 ) AND admire . agent ( x _ 15 , x _ 6 ) AND admire . theme ( x _ 15 , x _ 7 )	elips_VPE_depth_gen
A girl expected that Emma noticed that Elizabeth missed a bat and so did a crocodile .	girl ( x _ 0 ) AND bat ( x _ 3 ) AND crocodile ( x _ 2 ) AND expect . agent ( x _ 4 , x _ 0 ) AND expect . ccomp ( x _ 4, x _ 5 ) AND notice . agent ( x _ 5 , Emma ) AND notice . ccomp ( x _ 5, x _ 6 ) AND miss . agent ( x _ 6 , Elizabeth ) AND miss . theme ( x _ 6 , x _ 3 ) AND expect . agent ( x _ 7 , x _ 2 ) AND expect . ccomp ( x _ 7, x _ 8 ) AND notice . agent ( x _ 8 , Emma ) AND notice . ccomp ( x _ 8, x _ 9 ) AND miss . agent ( x _ 9 , Elizabeth ) AND miss . theme ( x _ 9 , x _ 3 )	elips_VPE_depth_gen
Liam noticed that a frog supported that the girl liked the melon and so did Mia .	* girl ( x _ 4 ) ; * melon ( x _ 5 ) ; frog ( x _ 3 ) AND notice . agent ( x _ 6 , Liam ) AND notice . ccomp ( x _ 6, x _ 7 ) AND support . agent ( x _ 7 , x _ 3 ) AND support . ccomp ( x _ 7, x _ 8 ) AND like . agent ( x _ 8 , x _ 4 ) AND like . theme ( x _ 8 , x _ 5 ) AND notice . agent ( x _ 9 , Mia ) AND notice . ccomp ( x _ 9, x _ 10 ) AND support . agent ( x _ 10 , x _ 3 ) AND support . ccomp ( x _ 10, x _ 11 ) AND like . agent ( x _ 11 , x _ 4 ) AND like . theme ( x _ 11 , x _ 5 )	elips_VPE_depth_gen
Carter said that the teacher thought that a student proved that the bear liked a hammer and so did the cat .	* teacher ( x _ 5 ) ; * bear ( x _ 7 ) ; * cat ( x _ 4 ) ; student ( x _ 6 ) AND hammer ( x _ 8 ) AND say . agent ( x _ 9 , Carter ) AND say . ccomp ( x _ 9, x _ 10 ) AND think . agent ( x _ 10 , x _ 5 ) AND think . ccomp ( x _ 10, x _ 11 ) AND prove . agent ( x _ 11 , x _ 6 ) AND prove . ccomp ( x _ 11, x _ 12 ) AND like . agent ( x _ 12 , x _ 7 ) AND like . theme ( x _ 12 , x _ 8 ) AND say . agent ( x _ 13 , x _ 4 ) AND say . ccomp ( x _ 13, x _ 14 ) AND think . agent ( x _ 14 , x _ 5 ) AND think . ccomp ( x _ 14, x _ 15 ) AND prove . agent ( x _ 15 , x _ 6 ) AND prove . ccomp ( x _ 15, x _ 16 ) AND like . agent ( x _ 16 , x _ 7 ) AND like . theme ( x _ 16 , x _ 8 )	elips_VPE_depth_gen
Leo confessed that the dog liked that Jayden liked that a girl supported that the zebra liked a block and so did Liam .	* dog ( x _ 4 ) ; * zebra ( x _ 6 ) ; girl ( x _ 5 ) AND block ( x _ 7 ) AND confess . agent ( x _ 8 , Leo ) AND confess . ccomp ( x _ 8, x _ 9 ) AND like . agent ( x _ 9 , x _ 4 ) AND like . ccomp ( x _ 9, x _ 10 ) AND like . agent ( x _ 10 , Jayden ) AND like . ccomp ( x _ 10, x _ 11 ) AND support . agent ( x _ 11 , x _ 5 ) AND support . ccomp ( x _ 11, x _ 12 ) AND like . agent ( x _ 12 , x _ 6 ) AND like . theme ( x _ 12 , x _ 7 ) AND confess . agent ( x _ 13 , Liam ) AND confess . ccomp ( x _ 13, x _ 14 ) AND like . agent ( x _ 14 , x _ 4 ) AND like . ccomp ( x _ 14, x _ 15 ) AND like . agent ( x _ 15 , Jayden ) AND like . ccomp ( x _ 15, x _ 16 ) AND support . agent ( x _ 16 , x _ 5 ) AND support . ccomp ( x _ 16, x _ 17 ) AND like . agent ( x _ 17 , x _ 6 ) AND like . theme ( x _ 17 , x _ 7 )	elips_VPE_depth_gen
A cat said that a friend meant that Elizabeth supported that a girl helped a melon and so did a boy .	cat ( x _ 0 ) AND friend ( x _ 5 ) AND girl ( x _ 6 ) AND melon ( x _ 7 ) AND boy ( x _ 4 ) AND say . agent ( x _ 8 , x _ 0 ) AND say . ccomp ( x _ 8, x _ 9 ) AND mean . agent ( x _ 9 , x _ 5 ) AND mean . ccomp ( x _ 9, x _ 10 ) AND support . agent ( x _ 10 , Elizabeth ) AND support . ccomp ( x _ 10, x _ 11 ) AND help . agent ( x _ 11 , x _ 6 ) AND help . theme ( x _ 11 , x _ 7 ) AND say . agent ( x _ 12 , x _ 4 ) AND say . ccomp ( x _ 12, x _ 13 ) AND mean . agent ( x _ 13 , x _ 5 ) AND mean . ccomp ( x _ 13, x _ 14 ) AND support . agent ( x _ 14 , Elizabeth ) AND support . ccomp ( x _ 14, x _ 15 ) AND help . agent ( x _ 15 , x _ 6 ) AND help . theme ( x _ 15 , x _ 7 )	elips_VPE_depth_gen
Christopher appreciated that Noah declared that James noticed that the baby helped a cake and so did Emma .	* baby ( x _ 2 ) ; cake ( x _ 3 ) AND appreciate . agent ( x _ 4 , Christopher ) AND appreciate . ccomp ( x _ 4, x _ 5 ) AND declare . agent ( x _ 5 , Noah ) AND declare . ccomp ( x _ 5, x _ 6 ) AND notice . agent ( x _ 6 , James ) AND notice . ccomp ( x _ 6, x _ 7 ) AND help . agent ( x _ 7 , x _ 2 ) AND help . theme ( x _ 7 , x _ 3 ) AND appreciate . agent ( x _ 8 , Emma ) AND appreciate . ccomp ( x _ 8, x _ 9 ) AND declare . agent ( x _ 9 , Noah ) AND declare . ccomp ( x _ 9, x _ 10 ) AND notice . agent ( x _ 10 , James ) AND notice . ccomp ( x _ 10, x _ 11 ) AND help . agent ( x _ 11 , x _ 2 ) AND help . theme ( x _ 11 , x _ 3 )	elips_VPE_depth_gen
A bunny respected that Noah imagined that Jackson liked a cookie and so did Benjamin .	bunny ( x _ 0 ) AND cookie ( x _ 2 ) AND respect . agent ( x _ 3 , x _ 0 ) AND respect . ccomp ( x _ 3, x _ 4 ) AND imagine . agent ( x _ 4 , Noah ) AND imagine . ccomp ( x _ 4, x _ 5 ) AND like . agent ( x _ 5 , Jackson ) AND like . theme ( x _ 5 , x _ 2 ) AND respect . agent ( x _ 6 , Benjamin ) AND respect . ccomp ( x _ 6, x _ 7 ) AND imagine . agent ( x _ 7 , Noah ) AND imagine . ccomp ( x _ 7, x _ 8 ) AND like . agent ( x _ 8 , Jackson ) AND like . theme ( x _ 8 , x _ 2 )	elips_VPE_depth_gen
The dog said that a puppy noticed that a tiger found a girl and so did Isabella .	* dog ( x _ 0 ) ; puppy ( x _ 4 ) AND tiger ( x _ 5 ) AND girl ( x _ 6 ) AND say . agent ( x _ 7 , x _ 0 ) AND say . ccomp ( x _ 7, x _ 8 ) AND notice . agent ( x _ 8 , x _ 4 ) AND notice . ccomp ( x _ 8, x _ 9 ) AND find . agent ( x _ 9 , x _ 5 ) AND find . theme ( x _ 9 , x _ 6 ) AND say . agent ( x _ 10 , Isabella ) AND say . ccomp ( x _ 10, x _ 11 ) AND notice . agent ( x _ 11 , x _ 4 ) AND notice . ccomp ( x _ 11, x _ 12 ) AND find . agent ( x _ 12 , x _ 5 ) AND find . theme ( x _ 12 , x _ 6 )	elips_VPE_depth_gen
Charlotte hoped that Oliver liked that the girl said that a dog adored Liam and so did Olivia .	* girl ( x _ 2 ) ; dog ( x _ 3 ) AND hope . agent ( x _ 4 , Charlotte ) AND hope . ccomp ( x _ 4, x _ 5 ) AND like . agent ( x _ 5 , Oliver ) AND like . ccomp ( x _ 5, x _ 6 ) AND say . agent ( x _ 6 , x _ 2 ) AND say . ccomp ( x _ 6, x _ 7 ) AND adore . agent ( x _ 7 , x _ 3 ) AND adore . theme ( x _ 7 , Liam ) AND hope . agent ( x _ 8 , Olivia ) AND hope . ccomp ( x _ 8, x _ 9 ) AND like . agent ( x _ 9 , Oliver ) AND like . ccomp ( x _ 9, x _ 10 ) AND say . agent ( x _ 10 , x _ 2 ) AND say . ccomp ( x _ 10, x _ 11 ) AND adore . agent ( x _ 11 , x _ 3 ) AND adore . theme ( x _ 11 , Liam )	elips_VPE_depth_gen
The producer hoped that Emma confessed that Liam liked that Olivia believed that a girl adored the cookie and so did a dog .	* producer ( x _ 0 ) ; * cookie ( x _ 5 ) ; girl ( x _ 4 ) AND dog ( x _ 3 ) AND hope . agent ( x _ 6 , x _ 0 ) AND hope . ccomp ( x _ 6, x _ 7 ) AND confess . agent ( x _ 7 , Emma ) AND confess . ccomp ( x _ 7, x _ 8 ) AND like . agent ( x _ 8 , Liam ) AND like . ccomp ( x _ 8, x _ 9 ) AND believe . agent ( x _ 9 , Olivia ) AND believe . ccomp ( x _ 9, x _ 10 ) AND adore . agent ( x _ 10 , x _ 4 ) AND adore . theme ( x _ 10 , x _ 5 ) AND hope . agent ( x _ 11 , x _ 3 ) AND hope . ccomp ( x _ 11, x _ 12 ) AND confess . agent ( x _ 12 , Emma ) AND confess . ccomp ( x _ 12, x _ 13 ) AND like . agent ( x _ 13 , Liam ) AND like . ccomp ( x _ 13, x _ 14 ) AND believe . agent ( x _ 14 , Olivia ) AND believe . ccomp ( x _ 14, x _ 15 ) AND adore . agent ( x _ 15 , x _ 4 ) AND adore . theme ( x _ 15 , x _ 5 )	elips_VPE_depth_gen
The mouse liked that the baby liked that the captain liked a box and so did Liam .	* mouse ( x _ 0 ) ; * baby ( x _ 4 ) ; * captain ( x _ 5 ) ; box ( x _ 6 ) AND like . agent ( x _ 7 , x _ 0 ) AND like . ccomp ( x _ 7, x _ 8 ) AND like . agent ( x _ 8 , x _ 4 ) AND like . ccomp ( x _ 8, x _ 9 ) AND like . agent ( x _ 9 , x _ 5 ) AND like . theme ( x _ 9 , x _ 6 ) AND like . agent ( x _ 10 , Liam ) AND like . ccomp ( x _ 10, x _ 11 ) AND like . agent ( x _ 11 , x _ 4 ) AND like . ccomp ( x _ 11, x _ 12 ) AND like . agent ( x _ 12 , x _ 5 ) AND like . theme ( x _ 12 , x _ 6 )	elips_VPE_depth_gen
David liked that Emma declared that Oliver found a cake and so did the crocodile .	* crocodile ( x _ 1 ) ; cake ( x _ 2 ) AND like . agent ( x _ 3 , David ) AND like . ccomp ( x _ 3, x _ 4 ) AND declare . agent ( x _ 4 , Emma ) AND declare . ccomp ( x _ 4, x _ 5 ) AND find . agent ( x _ 5 , Oliver ) AND find . theme ( x _ 5 , x _ 2 ) AND like . agent ( x _ 6 , x _ 1 ) AND like . ccomp ( x _ 6, x _ 7 ) AND declare . agent ( x _ 7 , Emma ) AND declare . ccomp ( x _ 7, x _ 8 ) AND find . agent ( x _ 8 , Oliver ) AND find . theme ( x _ 8 , x _ 2 )	elips_VPE_depth_gen
Amelia tolerated that a boy said that Olivia found Liam and so did the patient .	* patient ( x _ 1 ) ; boy ( x _ 2 ) AND tolerate . agent ( x _ 3 , Amelia ) AND tolerate . ccomp ( x _ 3, x _ 4 ) AND say . agent ( x _ 4 , x _ 2 ) AND say . ccomp ( x _ 4, x _ 5 ) AND find . agent ( x _ 5 , Olivia ) AND find . theme ( x _ 5 , Liam ) AND tolerate . agent ( x _ 6 , x _ 1 ) AND tolerate . ccomp ( x _ 6, x _ 7 ) AND say . agent ( x _ 7 , x _ 2 ) AND say . ccomp ( x _ 7, x _ 8 ) AND find . agent ( x _ 8 , Olivia ) AND find . theme ( x _ 8 , Liam )	elips_VPE_depth_gen
A goose liked that Luke liked that Liam liked the donut and so did the boy .	* donut ( x _ 3 ) ; * boy ( x _ 2 ) ; goose ( x _ 0 ) AND like . agent ( x _ 4 , x _ 0 ) AND like . ccomp ( x _ 4, x _ 5 ) AND like . agent ( x _ 5 , Luke ) AND like . ccomp ( x _ 5, x _ 6 ) AND like . agent ( x _ 6 , Liam ) AND like . theme ( x _ 6 , x _ 3 ) AND like . agent ( x _ 7 , x _ 2 ) AND like . ccomp ( x _ 7, x _ 8 ) AND like . agent ( x _ 8 , Luke ) AND like . ccomp ( x _ 8, x _ 9 ) AND like . agent ( x _ 9 , Liam ) AND like . theme ( x _ 9 , x _ 3 )	elips_VPE_depth_gen
Lily thought that the monster noticed that Noah liked Olivia and so did Charlotte .	* monster ( x _ 1 ) ; think . agent ( x _ 2 , Lily ) AND think . ccomp ( x _ 2, x _ 3 ) AND notice . agent ( x _ 3 , x _ 1 ) AND notice . ccomp ( x _ 3, x _ 4 ) AND like . agent ( x _ 4 , Noah ) AND like . theme ( x _ 4 , Olivia ) AND think . agent ( x _ 5 , Charlotte ) AND think . ccomp ( x _ 5, x _ 6 ) AND notice . agent ( x _ 6 , x _ 1 ) AND notice . ccomp ( x _ 6, x _ 7 ) AND like . agent ( x _ 7 , Noah ) AND like . theme ( x _ 7 , Olivia )	elips_VPE_depth_gen
The manager respected that Isabella liked that Emma proved that a dog poked the bat and so did a girl .	* manager ( x _ 0 ) ; * bat ( x _ 5 ) ; dog ( x _ 4 ) AND girl ( x _ 3 ) AND respect . agent ( x _ 6 , x _ 0 ) AND respect . ccomp ( x _ 6, x _ 7 ) AND like . agent ( x _ 7 , Isabella ) AND like . ccomp ( x _ 7, x _ 8 ) AND prove . agent ( x _ 8 , Emma ) AND prove . ccomp ( x _ 8, x _ 9 ) AND poke . agent ( x _ 9 , x _ 4 ) AND poke . theme ( x _ 9 , x _ 5 ) AND respect . agent ( x _ 10 , x _ 3 ) AND respect . ccomp ( x _ 10, x _ 11 ) AND like . agent ( x _ 11 , Isabella ) AND like . ccomp ( x _ 11, x _ 12 ) AND prove . agent ( x _ 12 , Emma ) AND prove . ccomp ( x _ 12, x _ 13 ) AND poke . agent ( x _ 13 , x _ 4 ) AND poke . theme ( x _ 13 , x _ 5 )	elips_VPE_depth_gen
The teacher proved that Amelia wished that Joseph liked a seed and so did Mila .	* teacher ( x _ 0 ) ; seed ( x _ 2 ) AND prove . agent ( x _ 3 , x _ 0 ) AND prove . ccomp ( x _ 3, x _ 4 ) AND wish . agent ( x _ 4 , Amelia ) AND wish . ccomp ( x _ 4, x _ 5 ) AND like . agent ( x _ 5 , Joseph ) AND like . theme ( x _ 5 , x _ 2 ) AND prove . agent ( x _ 6 , Mila ) AND prove . ccomp ( x _ 6, x _ 7 ) AND wish . agent ( x _ 7 , Amelia ) AND wish . ccomp ( x _ 7, x _ 8 ) AND like . agent ( x _ 8 , Joseph ) AND like . theme ( x _ 8 , x _ 2 )	elips_VPE_depth_gen
William said that Elizabeth declared that Liam missed a donut and so did Olivia .	donut ( x _ 1 ) AND say . agent ( x _ 2 , William ) AND say . ccomp ( x _ 2, x _ 3 ) AND declare . agent ( x _ 3 , Elizabeth ) AND declare . ccomp ( x _ 3, x _ 4 ) AND miss . agent ( x _ 4 , Liam ) AND miss . theme ( x _ 4 , x _ 1 ) AND say . agent ( x _ 5 , Olivia ) AND say . ccomp ( x _ 5, x _ 6 ) AND declare . agent ( x _ 6 , Elizabeth ) AND declare . ccomp ( x _ 6, x _ 7 ) AND miss . agent ( x _ 7 , Liam ) AND miss . theme ( x _ 7 , x _ 1 )	elips_VPE_depth_gen
A cat noticed that Ava liked that the student liked a cake and so did a girl .	* student ( x _ 4 ) ; cat ( x _ 0 ) AND cake ( x _ 5 ) AND girl ( x _ 3 ) AND notice . agent ( x _ 6 , x _ 0 ) AND notice . ccomp ( x _ 6, x _ 7 ) AND like . agent ( x _ 7 , Ava ) AND like . ccomp ( x _ 7, x _ 8 ) AND like . agent ( x _ 8 , x _ 4 ) AND like . theme ( x _ 8 , x _ 5 ) AND notice . agent ( x _ 9 , x _ 3 ) AND notice . ccomp ( x _ 9, x _ 10 ) AND like . agent ( x _ 10 , Ava ) AND like . ccomp ( x _ 10, x _ 11 ) AND like . agent ( x _ 11 , x _ 4 ) AND like . theme ( x _ 11 , x _ 5 )	elips_VPE_depth_gen
The girl respected that the dealer imagined that the bunny adored a consumer and so did a student .	* girl ( x _ 0 ) ; * dealer ( x _ 5 ) ; * bunny ( x _ 6 ) ; consumer ( x _ 7 ) AND student ( x _ 4 ) AND respect . agent ( x _ 8 , x _ 0 ) AND respect . ccomp ( x _ 8, x _ 9 ) AND imagine . agent ( x _ 9 , x _ 5 ) AND imagine . ccomp ( x _ 9, x _ 10 ) AND adore . agent ( x _ 10 , x _ 6 ) AND adore . theme ( x _ 10 , x _ 7 ) AND respect . agent ( x _ 11 , x _ 4 ) AND respect . ccomp ( x _ 11, x _ 12 ) AND imagine . agent ( x _ 12 , x _ 5 ) AND imagine . ccomp ( x _ 12, x _ 13 ) AND adore . agent ( x _ 13 , x _ 6 ) AND adore . theme ( x _ 13 , x _ 7 )	elips_VPE_depth_gen
The girl proved that Addison hoped that Oliver liked a cake and so did the king .	* girl ( x _ 0 ) ; * king ( x _ 2 ) ; cake ( x _ 3 ) AND prove . agent ( x _ 4 , x _ 0 ) AND prove . ccomp ( x _ 4, x _ 5 ) AND hope . agent ( x _ 5 , Addison ) AND hope . ccomp ( x _ 5, x _ 6 ) AND like . agent ( x _ 6 , Oliver ) AND like . theme ( x _ 6 , x _ 3 ) AND prove . agent ( x _ 7 , x _ 2 ) AND prove . ccomp ( x _ 7, x _ 8 ) AND hope . agent ( x _ 8 , Addison ) AND hope . ccomp ( x _ 8, x _ 9 ) AND like . agent ( x _ 9 , Oliver ) AND like . theme ( x _ 9 , x _ 3 )	elips_VPE_depth_gen
A girl liked that Harper valued that a tourist liked a box and so did Emma .	girl ( x _ 0 ) AND tourist ( x _ 3 ) AND box ( x _ 4 ) AND like . agent ( x _ 5 , x _ 0 ) AND like . ccomp ( x _ 5, x _ 6 ) AND value . agent ( x _ 6 , Harper ) AND value . ccomp ( x _ 6, x _ 7 ) AND like . agent ( x _ 7 , x _ 3 ) AND like . theme ( x _ 7 , x _ 4 ) AND like . agent ( x _ 8 , Emma ) AND like . ccomp ( x _ 8, x _ 9 ) AND value . agent ( x _ 9 , Harper ) AND value . ccomp ( x _ 9, x _ 10 ) AND like . agent ( x _ 10 , x _ 3 ) AND like . theme ( x _ 10 , x _ 4 )	elips_VPE_depth_gen
Natalie liked that the bear said that Isabella loved the drink and so did the fly .	* bear ( x _ 3 ) ; * drink ( x _ 4 ) ; * fly ( x _ 2 ) ; like . agent ( x _ 5 , Natalie ) AND like . ccomp ( x _ 5, x _ 6 ) AND say . agent ( x _ 6 , x _ 3 ) AND say . ccomp ( x _ 6, x _ 7 ) AND love . agent ( x _ 7 , Isabella ) AND love . theme ( x _ 7 , x _ 4 ) AND like . agent ( x _ 8 , x _ 2 ) AND like . ccomp ( x _ 8, x _ 9 ) AND say . agent ( x _ 9 , x _ 3 ) AND say . ccomp ( x _ 9, x _ 10 ) AND love . agent ( x _ 10 , Isabella ) AND love . theme ( x _ 10 , x _ 4 )	elips_VPE_depth_gen
Daniel liked that the girl confessed that Ava adored a box and so did Lily .	* girl ( x _ 2 ) ; box ( x _ 3 ) AND like . agent ( x _ 4 , Daniel ) AND like . ccomp ( x _ 4, x _ 5 ) AND confess . agent ( x _ 5 , x _ 2 ) AND confess . ccomp ( x _ 5, x _ 6 ) AND adore . agent ( x _ 6 , Ava ) AND adore . theme ( x _ 6 , x _ 3 ) AND like . agent ( x _ 7 , Lily ) AND like . ccomp ( x _ 7, x _ 8 ) AND confess . agent ( x _ 8 , x _ 2 ) AND confess . ccomp ( x _ 8, x _ 9 ) AND adore . agent ( x _ 9 , Ava ) AND adore . theme ( x _ 9 , x _ 3 )	elips_VPE_depth_gen
Emma said that the baby said that the goose hoped that Liam found the cake and so did a girl .	* baby ( x _ 4 ) ; * goose ( x _ 5 ) ; * cake ( x _ 6 ) ; girl ( x _ 3 ) AND say . agent ( x _ 7 , Emma ) AND say . ccomp ( x _ 7, x _ 8 ) AND say . agent ( x _ 8 , x _ 4 ) AND say . ccomp ( x _ 8, x _ 9 ) AND hope . agent ( x _ 9 , x _ 5 ) AND hope . ccomp ( x _ 9, x _ 10 ) AND find . agent ( x _ 10 , Liam ) AND find . theme ( x _ 10 , x _ 6 ) AND say . agent ( x _ 11 , x _ 3 ) AND say . ccomp ( x _ 11, x _ 12 ) AND say . agent ( x _ 12 , x _ 4 ) AND say . ccomp ( x _ 12, x _ 13 ) AND hope . agent ( x _ 13 , x _ 5 ) AND hope . ccomp ( x _ 13, x _ 14 ) AND find . agent ( x _ 14 , Liam ) AND find . theme ( x _ 14 , x _ 6 )	elips_VPE_depth_gen
Emily liked that the girl appreciated that the monster meant that a boy adored a jar and so did Emma .	* girl ( x _ 4 ) ; * monster ( x _ 5 ) ; boy ( x _ 6 ) AND jar ( x _ 7 ) AND like . agent ( x _ 8 , Emily ) AND like . ccomp ( x _ 8, x _ 9 ) AND appreciate . agent ( x _ 9 , x _ 4 ) AND appreciate . ccomp ( x _ 9, x _ 10 ) AND mean . agent ( x _ 10 , x _ 5 ) AND mean . ccomp ( x _ 10, x _ 11 ) AND adore . agent ( x _ 11 , x _ 6 ) AND adore . theme ( x _ 11 , x _ 7 ) AND like . agent ( x _ 12 , Emma ) AND like . ccomp ( x _ 12, x _ 13 ) AND appreciate . agent ( x _ 13 , x _ 4 ) AND appreciate . ccomp ( x _ 13, x _ 14 ) AND mean . agent ( x _ 14 , x _ 5 ) AND mean . ccomp ( x _ 14, x _ 15 ) AND adore . agent ( x _ 15 , x _ 6 ) AND adore . theme ( x _ 15 , x _ 7 )	elips_VPE_depth_gen
Theodore liked that a girl noticed that a mouse loved a cake and so did Emma .	girl ( x _ 3 ) AND mouse ( x _ 4 ) AND cake ( x _ 5 ) AND like . agent ( x _ 6 , Theodore ) AND like . ccomp ( x _ 6, x _ 7 ) AND notice . agent ( x _ 7 , x _ 3 ) AND notice . ccomp ( x _ 7, x _ 8 ) AND love . agent ( x _ 8 , x _ 4 ) AND love . theme ( x _ 8 , x _ 5 ) AND like . agent ( x _ 9 , Emma ) AND like . ccomp ( x _ 9, x _ 10 ) AND notice . agent ( x _ 10 , x _ 3 ) AND notice . ccomp ( x _ 10, x _ 11 ) AND love . agent ( x _ 11 , x _ 4 ) AND love . theme ( x _ 11 , x _ 5 )	elips_VPE_depth_gen
The pupil liked that the dog hoped that the child missed Sophia and so did the boy .	* pupil ( x _ 0 ) ; * dog ( x _ 4 ) ; * child ( x _ 5 ) ; * boy ( x _ 3 ) ; like . agent ( x _ 6 , x _ 0 ) AND like . ccomp ( x _ 6, x _ 7 ) AND hope . agent ( x _ 7 , x _ 4 ) AND hope . ccomp ( x _ 7, x _ 8 ) AND miss . agent ( x _ 8 , x _ 5 ) AND miss . theme ( x _ 8 , Sophia ) AND like . agent ( x _ 9 , x _ 3 ) AND like . ccomp ( x _ 9, x _ 10 ) AND hope . agent ( x _ 10 , x _ 4 ) AND hope . ccomp ( x _ 10, x _ 11 ) AND miss . agent ( x _ 11 , x _ 5 ) AND miss . theme ( x _ 11 , Sophia )	elips_VPE_depth_gen
The baby valued that Liam imagined that the dog liked a poet and so did a girl .	* baby ( x _ 0 ) ; * dog ( x _ 4 ) ; poet ( x _ 5 ) AND girl ( x _ 3 ) AND value . agent ( x _ 6 , x _ 0 ) AND value . ccomp ( x _ 6, x _ 7 ) AND imagine . agent ( x _ 7 , Liam ) AND imagine . ccomp ( x _ 7, x _ 8 ) AND like . agent ( x _ 8 , x _ 4 ) AND like . theme ( x _ 8 , x _ 5 ) AND value . agent ( x _ 9 , x _ 3 ) AND value . ccomp ( x _ 9, x _ 10 ) AND imagine . agent ( x _ 10 , Liam ) AND imagine . ccomp ( x _ 10, x _ 11 ) AND like . agent ( x _ 11 , x _ 4 ) AND like . theme ( x _ 11 , x _ 5 )	elips_VPE_depth_gen
Elizabeth liked that Emma confessed that a girl liked a cake and so did Aubrey .	girl ( x _ 2 ) AND cake ( x _ 3 ) AND like . agent ( x _ 4 , Elizabeth ) AND like . ccomp ( x _ 4, x _ 5 ) AND confess . agent ( x _ 5 , Emma ) AND confess . ccomp ( x _ 5, x _ 6 ) AND like . agent ( x _ 6 , x _ 2 ) AND like . theme ( x _ 6 , x _ 3 ) AND like . agent ( x _ 7 , Aubrey ) AND like . ccomp ( x _ 7, x _ 8 ) AND confess . agent ( x _ 8 , Emma ) AND confess . ccomp ( x _ 8, x _ 9 ) AND like . agent ( x _ 9 , x _ 2 ) AND like . theme ( x _ 9 , x _ 3 )	elips_VPE_depth_gen
Emma meant that the boy proved that William liked the cake and so did Liam .	* boy ( x _ 2 ) ; * cake ( x _ 3 ) ; mean . agent ( x _ 4 , Emma ) AND mean . ccomp ( x _ 4, x _ 5 ) AND prove . agent ( x _ 5 , x _ 2 ) AND prove . ccomp ( x _ 5, x _ 6 ) AND like . agent ( x _ 6 , William ) AND like . theme ( x _ 6 , x _ 3 ) AND mean . agent ( x _ 7 , Liam ) AND mean . ccomp ( x _ 7, x _ 8 ) AND prove . agent ( x _ 8 , x _ 2 ) AND prove . ccomp ( x _ 8, x _ 9 ) AND like . agent ( x _ 9 , William ) AND like . theme ( x _ 9 , x _ 3 )	elips_VPE_depth_gen
The teacher liked that a priest liked that Emma liked the cake and so did Mia .	* teacher ( x _ 0 ) ; * cake ( x _ 4 ) ; priest ( x _ 3 ) AND like . agent ( x _ 5 , x _ 0 ) AND like . ccomp ( x _ 5, x _ 6 ) AND like . agent ( x _ 6 , x _ 3 ) AND like . ccomp ( x _ 6, x _ 7 ) AND like . agent ( x _ 7 , Emma ) AND like . theme ( x _ 7 , x _ 4 ) AND like . agent ( x _ 8 , Mia ) AND like . ccomp ( x _ 8, x _ 9 ) AND like . agent ( x _ 9 , x _ 3 ) AND like . ccomp ( x _ 9, x _ 10 ) AND like . agent ( x _ 10 , Emma ) AND like . theme ( x _ 10 , x _ 4 )	elips_VPE_depth_gen
Olivia liked that Emma tolerated that a hero liked a baby and so did Mason .	hero ( x _ 2 ) AND baby ( x _ 3 ) AND like . agent ( x _ 4 , Olivia ) AND like . ccomp ( x _ 4, x _ 5 ) AND tolerate . agent ( x _ 5 , Emma ) AND tolerate . ccomp ( x _ 5, x _ 6 ) AND like . agent ( x _ 6 , x _ 2 ) AND like . theme ( x _ 6 , x _ 3 ) AND like . agent ( x _ 7 , Mason ) AND like . ccomp ( x _ 7, x _ 8 ) AND tolerate . agent ( x _ 8 , Emma ) AND tolerate . ccomp ( x _ 8, x _ 9 ) AND like . agent ( x _ 9 , x _ 2 ) AND like . theme ( x _ 9 , x _ 3 )	elips_VPE_depth_gen
The girl liked that Emma admired that Liam helped the donut and so did Harper .	* girl ( x _ 0 ) ; * donut ( x _ 2 ) ; like . agent ( x _ 3 , x _ 0 ) AND like . ccomp ( x _ 3, x _ 4 ) AND admire . agent ( x _ 4 , Emma ) AND admire . ccomp ( x _ 4, x _ 5 ) AND help . agent ( x _ 5 , Liam ) AND help . theme ( x _ 5 , x _ 2 ) AND like . agent ( x _ 6 , Harper ) AND like . ccomp ( x _ 6, x _ 7 ) AND admire . agent ( x _ 7 , Emma ) AND admire . ccomp ( x _ 7, x _ 8 ) AND help . agent ( x _ 8 , Liam ) AND help . theme ( x _ 8 , x _ 2 )	elips_VPE_depth_gen
The lion thought that Michael appreciated that a boy found a donut and so did Emma .	* lion ( x _ 0 ) ; boy ( x _ 3 ) AND donut ( x _ 4 ) AND think . agent ( x _ 5 , x _ 0 ) AND think . ccomp ( x _ 5, x _ 6 ) AND appreciate . agent ( x _ 6 , Michael ) AND appreciate . ccomp ( x _ 6, x _ 7 ) AND find . agent ( x _ 7 , x _ 3 ) AND find . theme ( x _ 7 , x _ 4 ) AND think . agent ( x _ 8 , Emma ) AND think . ccomp ( x _ 8, x _ 9 ) AND appreciate . agent ( x _ 9 , Michael ) AND appreciate . ccomp ( x _ 9, x _ 10 ) AND find . agent ( x _ 10 , x _ 3 ) AND find . theme ( x _ 10 , x _ 4 )	elips_VPE_depth_gen
Emma liked that a farmer respected that Oliver liked that Liam liked Michael and so did Dylan .	farmer ( x _ 1 ) AND like . agent ( x _ 2 , Emma ) AND like . ccomp ( x _ 2, x _ 3 ) AND respect . agent ( x _ 3 , x _ 1 ) AND respect . ccomp ( x _ 3, x _ 4 ) AND like . agent ( x _ 4 , Oliver ) AND like . ccomp ( x _ 4, x _ 5 ) AND like . agent ( x _ 5 , Liam ) AND like . theme ( x _ 5 , Michael ) AND like . agent ( x _ 6 , Dylan ) AND like . ccomp ( x _ 6, x _ 7 ) AND respect . agent ( x _ 7 , x _ 1 ) AND respect . ccomp ( x _ 7, x _ 8 ) AND like . agent ( x _ 8 , Oliver ) AND like . ccomp ( x _ 8, x _ 9 ) AND like . agent ( x _ 9 , Liam ) AND like . theme ( x _ 9 , Michael )	elips_VPE_depth_gen
Ethan believed that a servant hoped that the giraffe liked that the girl admired the sandwich and so did Grayson .	* giraffe ( x _ 5 ) ; * girl ( x _ 6 ) ; * sandwich ( x _ 7 ) ; servant ( x _ 4 ) AND believe . agent ( x _ 8 , Ethan ) AND believe . ccomp ( x _ 8, x _ 9 ) AND hope . agent ( x _ 9 , x _ 4 ) AND hope . ccomp ( x _ 9, x _ 10 ) AND like . agent ( x _ 10 , x _ 5 ) AND like . ccomp ( x _ 10, x _ 11 ) AND admire . agent ( x _ 11 , x _ 6 ) AND admire . theme ( x _ 11 , x _ 7 ) AND believe . agent ( x _ 12 , Grayson ) AND believe . ccomp ( x _ 12, x _ 13 ) AND hope . agent ( x _ 13 , x _ 4 ) AND hope . ccomp ( x _ 13, x _ 14 ) AND like . agent ( x _ 14 , x _ 5 ) AND like . ccomp ( x _ 14, x _ 15 ) AND admire . agent ( x _ 15 , x _ 6 ) AND admire . theme ( x _ 15 , x _ 7 )	elips_VPE_depth_gen
James liked that Olivia liked that a president liked that Emma liked the cookie and so did Noah .	* cookie ( x _ 3 ) ; president ( x _ 2 ) AND like . agent ( x _ 4 , James ) AND like . ccomp ( x _ 4, x _ 5 ) AND like . agent ( x _ 5 , Olivia ) AND like . ccomp ( x _ 5, x _ 6 ) AND like . agent ( x _ 6 , x _ 2 ) AND like . ccomp ( x _ 6, x _ 7 ) AND like . agent ( x _ 7 , Emma ) AND like . theme ( x _ 7 , x _ 3 ) AND like . agent ( x _ 8 , Noah ) AND like . ccomp ( x _ 8, x _ 9 ) AND like . agent ( x _ 9 , Olivia ) AND like . ccomp ( x _ 9, x _ 10 ) AND like . agent ( x _ 10 , x _ 2 ) AND like . ccomp ( x _ 10, x _ 11 ) AND like . agent ( x _ 11 , Emma ) AND like . theme ( x _ 11 , x _ 3 )	elips_VPE_depth_gen
The girl imagined that Amelia hoped that Jack loved a cookie and so did Emily .	* girl ( x _ 0 ) ; cookie ( x _ 2 ) AND imagine . agent ( x _ 3 , x _ 0 ) AND imagine . ccomp ( x _ 3, x _ 4 ) AND hope . agent ( x _ 4 , Amelia ) AND hope . ccomp ( x _ 4, x _ 5 ) AND love . agent ( x _ 5 , Jack ) AND love . theme ( x _ 5 , x _ 2 ) AND imagine . agent ( x _ 6 , Emily ) AND imagine . ccomp ( x _ 6, x _ 7 ) AND hope . agent ( x _ 7 , Amelia ) AND hope . ccomp ( x _ 7, x _ 8 ) AND love . agent ( x _ 8 , Jack ) AND love . theme ( x _ 8 , x _ 2 )	elips_VPE_depth_gen
The baby supported that Noah dreamed that Emma found Asher and so did the girl .	* baby ( x _ 0 ) ; * girl ( x _ 1 ) ; support . agent ( x _ 2 , x _ 0 ) AND support . ccomp ( x _ 2, x _ 3 ) AND dream . agent ( x _ 3 , Noah ) AND dream . ccomp ( x _ 3, x _ 4 ) AND find . agent ( x _ 4 , Emma ) AND find . theme ( x _ 4 , Asher ) AND support . agent ( x _ 5 , x _ 1 ) AND support . ccomp ( x _ 5, x _ 6 ) AND dream . agent ( x _ 6 , Noah ) AND dream . ccomp ( x _ 6, x _ 7 ) AND find . agent ( x _ 7 , Emma ) AND find . theme ( x _ 7 , Asher )	elips_VPE_depth_gen
Emma liked that Jayden liked that the baby found a boy and so did a cat .	* baby ( x _ 3 ) ; boy ( x _ 4 ) AND cat ( x _ 2 ) AND like . agent ( x _ 5 , Emma ) AND like . ccomp ( x _ 5, x _ 6 ) AND like . agent ( x _ 6 , Jayden ) AND like . ccomp ( x _ 6, x _ 7 ) AND find . agent ( x _ 7 , x _ 3 ) AND find . theme ( x _ 7 , x _ 4 ) AND like . agent ( x _ 8 , x _ 2 ) AND like . ccomp ( x _ 8, x _ 9 ) AND like . agent ( x _ 9 , Jayden ) AND like . ccomp ( x _ 9, x _ 10 ) AND find . agent ( x _ 10 , x _ 3 ) AND find . theme ( x _ 10 , x _ 4 )	elips_VPE_depth_gen
Amelia liked that Benjamin appreciated that Emma hoped that a girl liked the child and so did Liam .	* child ( x _ 3 ) ; girl ( x _ 2 ) AND like . agent ( x _ 4 , Amelia ) AND like . ccomp ( x _ 4, x _ 5 ) AND appreciate . agent ( x _ 5 , Benjamin ) AND appreciate . ccomp ( x _ 5, x _ 6 ) AND hope . agent ( x _ 6 , Emma ) AND hope . ccomp ( x _ 6, x _ 7 ) AND like . agent ( x _ 7 , x _ 2 ) AND like . theme ( x _ 7 , x _ 3 ) AND like . agent ( x _ 8 , Liam ) AND like . ccomp ( x _ 8, x _ 9 ) AND appreciate . agent ( x _ 9 , Benjamin ) AND appreciate . ccomp ( x _ 9, x _ 10 ) AND hope . agent ( x _ 10 , Emma ) AND hope . ccomp ( x _ 10, x _ 11 ) AND like . agent ( x _ 11 , x _ 2 ) AND like . theme ( x _ 11 , x _ 3 )	elips_VPE_depth_gen
The cat believed that Liam liked that the tourist found the cake and so did Isabella .	* cat ( x _ 0 ) ; * tourist ( x _ 3 ) ; * cake ( x _ 4 ) ; believe . agent ( x _ 5 , x _ 0 ) AND believe . ccomp ( x _ 5, x _ 6 ) AND like . agent ( x _ 6 , Liam ) AND like . ccomp ( x _ 6, x _ 7 ) AND find . agent ( x _ 7 , x _ 3 ) AND find . theme ( x _ 7 , x _ 4 ) AND believe . agent ( x _ 8 , Isabella ) AND believe . ccomp ( x _ 8, x _ 9 ) AND like . agent ( x _ 9 , Liam ) AND like . ccomp ( x _ 9, x _ 10 ) AND find . agent ( x _ 10 , x _ 3 ) AND find . theme ( x _ 10 , x _ 4 )	elips_VPE_depth_gen
Emma confessed that Noah liked that a boy poked a balloon and so did a girl .	boy ( x _ 3 ) AND balloon ( x _ 4 ) AND girl ( x _ 2 ) AND confess . agent ( x _ 5 , Emma ) AND confess . ccomp ( x _ 5, x _ 6 ) AND like . agent ( x _ 6 , Noah ) AND like . ccomp ( x _ 6, x _ 7 ) AND poke . agent ( x _ 7 , x _ 3 ) AND poke . theme ( x _ 7 , x _ 4 ) AND confess . agent ( x _ 8 , x _ 2 ) AND confess . ccomp ( x _ 8, x _ 9 ) AND like . agent ( x _ 9 , Noah ) AND like . ccomp ( x _ 9, x _ 10 ) AND poke . agent ( x _ 10 , x _ 3 ) AND poke . theme ( x _ 10 , x _ 4 )	elips_VPE_depth_gen
The professor expected that a cat thought that Liam liked the donut and so did Nathan .	* professor ( x _ 0 ) ; * donut ( x _ 4 ) ; cat ( x _ 3 ) AND expect . agent ( x _ 5 , x _ 0 ) AND expect . ccomp ( x _ 5, x _ 6 ) AND think . agent ( x _ 6 , x _ 3 ) AND think . ccomp ( x _ 6, x _ 7 ) AND like . agent ( x _ 7 , Liam ) AND like . theme ( x _ 7 , x _ 4 ) AND expect . agent ( x _ 8 , Nathan ) AND expect . ccomp ( x _ 8, x _ 9 ) AND think . agent ( x _ 9 , x _ 3 ) AND think . ccomp ( x _ 9, x _ 10 ) AND like . agent ( x _ 10 , Liam ) AND like . theme ( x _ 10 , x _ 4 )	elips_VPE_depth_gen
John declared that James liked that a manager helped the box and so did Emma .	* box ( x _ 3 ) ; manager ( x _ 2 ) AND declare . agent ( x _ 4 , John ) AND declare . ccomp ( x _ 4, x _ 5 ) AND like . agent ( x _ 5 , James ) AND like . ccomp ( x _ 5, x _ 6 ) AND help . agent ( x _ 6 , x _ 2 ) AND help . theme ( x _ 6 , x _ 3 ) AND declare . agent ( x _ 7 , Emma ) AND declare . ccomp ( x _ 7, x _ 8 ) AND like . agent ( x _ 8 , James ) AND like . ccomp ( x _ 8, x _ 9 ) AND help . agent ( x _ 9 , x _ 2 ) AND help . theme ( x _ 9 , x _ 3 )	elips_VPE_depth_gen
The boy hoped that Olivia respected that a cat liked that the customer found Jacob and so did Mia .	* boy ( x _ 0 ) ; * customer ( x _ 4 ) ; cat ( x _ 3 ) AND hope . agent ( x _ 5 , x _ 0 ) AND hope . ccomp ( x _ 5, x _ 6 ) AND respect . agent ( x _ 6 , Olivia ) AND respect . ccomp ( x _ 6, x _ 7 ) AND like . agent ( x _ 7 , x _ 3 ) AND like . ccomp ( x _ 7, x _ 8 ) AND find . agent ( x _ 8 , x _ 4 ) AND find . theme ( x _ 8 , Jacob ) AND hope . agent ( x _ 9 , Mia ) AND hope . ccomp ( x _ 9, x _ 10 ) AND respect . agent ( x _ 10 , Olivia ) AND respect . ccomp ( x _ 10, x _ 11 ) AND like . agent ( x _ 11 , x _ 3 ) AND like . ccomp ( x _ 11, x _ 12 ) AND find . agent ( x _ 12 , x _ 4 ) AND find . theme ( x _ 12 , Jacob )	elips_VPE_depth_gen
A cat confessed that a girl said that William liked the princess and so did Jaxon .	* princess ( x _ 4 ) ; cat ( x _ 0 ) AND girl ( x _ 3 ) AND confess . agent ( x _ 5 , x _ 0 ) AND confess . ccomp ( x _ 5, x _ 6 ) AND say . agent ( x _ 6 , x _ 3 ) AND say . ccomp ( x _ 6, x _ 7 ) AND like . agent ( x _ 7 , William ) AND like . theme ( x _ 7 , x _ 4 ) AND confess . agent ( x _ 8 , Jaxon ) AND confess . ccomp ( x _ 8, x _ 9 ) AND say . agent ( x _ 9 , x _ 3 ) AND say . ccomp ( x _ 9, x _ 10 ) AND like . agent ( x _ 10 , William ) AND like . theme ( x _ 10 , x _ 4 )	elips_VPE_depth_gen
The deer hoped that James hoped that a human missed a girl and so did Ella .	* deer ( x _ 0 ) ; human ( x _ 3 ) AND girl ( x _ 4 ) AND hope . agent ( x _ 5 , x _ 0 ) AND hope . ccomp ( x _ 5, x _ 6 ) AND hope . agent ( x _ 6 , James ) AND hope . ccomp ( x _ 6, x _ 7 ) AND miss . agent ( x _ 7 , x _ 3 ) AND miss . theme ( x _ 7 , x _ 4 ) AND hope . agent ( x _ 8 , Ella ) AND hope . ccomp ( x _ 8, x _ 9 ) AND hope . agent ( x _ 9 , James ) AND hope . ccomp ( x _ 9, x _ 10 ) AND miss . agent ( x _ 10 , x _ 3 ) AND miss . theme ( x _ 10 , x _ 4 )	elips_VPE_depth_gen
Noah noticed that the boy said that Liam found the girl and so did Scarlett .	* boy ( x _ 2 ) ; * girl ( x _ 3 ) ; notice . agent ( x _ 4 , Noah ) AND notice . ccomp ( x _ 4, x _ 5 ) AND say . agent ( x _ 5 , x _ 2 ) AND say . ccomp ( x _ 5, x _ 6 ) AND find . agent ( x _ 6 , Liam ) AND find . theme ( x _ 6 , x _ 3 ) AND notice . agent ( x _ 7 , Scarlett ) AND notice . ccomp ( x _ 7, x _ 8 ) AND say . agent ( x _ 8 , x _ 2 ) AND say . ccomp ( x _ 8, x _ 9 ) AND find . agent ( x _ 9 , Liam ) AND find . theme ( x _ 9 , x _ 3 )	elips_VPE_depth_gen
A girl said that the penguin appreciated that Zoey helped the cake and so did Lincoln .	* penguin ( x _ 3 ) ; * cake ( x _ 4 ) ; girl ( x _ 0 ) AND say . agent ( x _ 5 , x _ 0 ) AND say . ccomp ( x _ 5, x _ 6 ) AND appreciate . agent ( x _ 6 , x _ 3 ) AND appreciate . ccomp ( x _ 6, x _ 7 ) AND help . agent ( x _ 7 , Zoey ) AND help . theme ( x _ 7 , x _ 4 ) AND say . agent ( x _ 8 , Lincoln ) AND say . ccomp ( x _ 8, x _ 9 ) AND appreciate . agent ( x _ 9 , x _ 3 ) AND appreciate . ccomp ( x _ 9, x _ 10 ) AND help . agent ( x _ 10 , Zoey ) AND help . theme ( x _ 10 , x _ 4 )	elips_VPE_depth_gen
Oliver liked that Liam liked that Emma tolerated that a girl liked Noah and so did the boy .	* boy ( x _ 1 ) ; girl ( x _ 2 ) AND like . agent ( x _ 3 , Oliver ) AND like . ccomp ( x _ 3, x _ 4 ) AND like . agent ( x _ 4 , Liam ) AND like . ccomp ( x _ 4, x _ 5 ) AND tolerate . agent ( x _ 5 , Emma ) AND tolerate . ccomp ( x _ 5, x _ 6 ) AND like . agent ( x _ 6 , x _ 2 ) AND like . theme ( x _ 6 , Noah ) AND like . agent ( x _ 7 , x _ 1 ) AND like . ccomp ( x _ 7, x _ 8 ) AND like . agent ( x _ 8 , Liam ) AND like . ccomp ( x _ 8, x _ 9 ) AND tolerate . agent ( x _ 9 , Emma ) AND tolerate . ccomp ( x _ 9, x _ 10 ) AND like . agent ( x _ 10 , x _ 2 ) AND like . theme ( x _ 10 , Noah )	elips_VPE_depth_gen
Sophia believed that the guard liked that James liked a donut and so did the mother .	* guard ( x _ 3 ) ; * mother ( x _ 2 ) ; donut ( x _ 4 ) AND believe . agent ( x _ 5 , Sophia ) AND believe . ccomp ( x _ 5, x _ 6 ) AND like . agent ( x _ 6 , x _ 3 ) AND like . ccomp ( x _ 6, x _ 7 ) AND like . agent ( x _ 7 , James ) AND like . theme ( x _ 7 , x _ 4 ) AND believe . agent ( x _ 8 , x _ 2 ) AND believe . ccomp ( x _ 8, x _ 9 ) AND like . agent ( x _ 9 , x _ 3 ) AND like . ccomp ( x _ 9, x _ 10 ) AND like . agent ( x _ 10 , James ) AND like . theme ( x _ 10 , x _ 4 )	elips_VPE_depth_gen
The human liked that a baby noticed that Noah dreamed that a monster found James and so did Ava .	* human ( x _ 0 ) ; baby ( x _ 3 ) AND monster ( x _ 4 ) AND like . agent ( x _ 5 , x _ 0 ) AND like . ccomp ( x _ 5, x _ 6 ) AND notice . agent ( x _ 6 , x _ 3 ) AND notice . ccomp ( x _ 6, x _ 7 ) AND dream . agent ( x _ 7 , Noah ) AND dream . ccomp ( x _ 7, x _ 8 ) AND find . agent ( x _ 8 , x _ 4 ) AND find . theme ( x _ 8 , James ) AND like . agent ( x _ 9 , Ava ) AND like . ccomp ( x _ 9, x _ 10 ) AND notice . agent ( x _ 10 , x _ 3 ) AND notice . ccomp ( x _ 10, x _ 11 ) AND dream . agent ( x _ 11 , Noah ) AND dream . ccomp ( x _ 11, x _ 12 ) AND find . agent ( x _ 12 , x _ 4 ) AND find . theme ( x _ 12 , James )	elips_VPE_depth_gen
A scientist respected that the giraffe declared that Harper liked a student and so did a girl .	* giraffe ( x _ 4 ) ; scientist ( x _ 0 ) AND student ( x _ 5 ) AND girl ( x _ 3 ) AND respect . agent ( x _ 6 , x _ 0 ) AND respect . ccomp ( x _ 6, x _ 7 ) AND declare . agent ( x _ 7 , x _ 4 ) AND declare . ccomp ( x _ 7, x _ 8 ) AND like . agent ( x _ 8 , Harper ) AND like . theme ( x _ 8 , x _ 5 ) AND respect . agent ( x _ 9 , x _ 3 ) AND respect . ccomp ( x _ 9, x _ 10 ) AND declare . agent ( x _ 10 , x _ 4 ) AND declare . ccomp ( x _ 10, x _ 11 ) AND like . agent ( x _ 11 , Harper ) AND like . theme ( x _ 11 , x _ 5 )	elips_VPE_depth_gen
The sailor dreamed that James liked that Liam helped the dog and so did a teacher .	* sailor ( x _ 0 ) ; * dog ( x _ 3 ) ; teacher ( x _ 2 ) AND dream . agent ( x _ 4 , x _ 0 ) AND dream . ccomp ( x _ 4, x _ 5 ) AND like . agent ( x _ 5 , James ) AND like . ccomp ( x _ 5, x _ 6 ) AND help . agent ( x _ 6 , Liam ) AND help . theme ( x _ 6 , x _ 3 ) AND dream . agent ( x _ 7 , x _ 2 ) AND dream . ccomp ( x _ 7, x _ 8 ) AND like . agent ( x _ 8 , James ) AND like . ccomp ( x _ 8, x _ 9 ) AND help . agent ( x _ 9 , Liam ) AND help . theme ( x _ 9 , x _ 3 )	elips_VPE_depth_gen
A girl liked that the boy hoped that Olivia liked the cake and so did Oliver .	* boy ( x _ 3 ) ; * cake ( x _ 4 ) ; girl ( x _ 0 ) AND like . agent ( x _ 5 , x _ 0 ) AND like . ccomp ( x _ 5, x _ 6 ) AND hope . agent ( x _ 6 , x _ 3 ) AND hope . ccomp ( x _ 6, x _ 7 ) AND like . agent ( x _ 7 , Olivia ) AND like . theme ( x _ 7 , x _ 4 ) AND like . agent ( x _ 8 , Oliver ) AND like . ccomp ( x _ 8, x _ 9 ) AND hope . agent ( x _ 9 , x _ 3 ) AND hope . ccomp ( x _ 9, x _ 10 ) AND like . agent ( x _ 10 , Olivia ) AND like . theme ( x _ 10 , x _ 4 )	elips_VPE_depth_gen
Emma liked that Charlotte hoped that the girl liked a rose and so did a mouse .	* girl ( x _ 3 ) ; rose ( x _ 4 ) AND mouse ( x _ 2 ) AND like . agent ( x _ 5 , Emma ) AND like . ccomp ( x _ 5, x _ 6 ) AND hope . agent ( x _ 6 , Charlotte ) AND hope . ccomp ( x _ 6, x _ 7 ) AND like . agent ( x _ 7 , x _ 3 ) AND like . theme ( x _ 7 , x _ 4 ) AND like . agent ( x _ 8 , x _ 2 ) AND like . ccomp ( x _ 8, x _ 9 ) AND hope . agent ( x _ 9 , Charlotte ) AND hope . ccomp ( x _ 9, x _ 10 ) AND like . agent ( x _ 10 , x _ 3 ) AND like . theme ( x _ 10 , x _ 4 )	elips_VPE_depth_gen
Ava liked that the child believed that a baby liked the donut and so did a girl .	* child ( x _ 4 ) ; * donut ( x _ 6 ) ; baby ( x _ 5 ) AND girl ( x _ 3 ) AND like . agent ( x _ 7 , Ava ) AND like . ccomp ( x _ 7, x _ 8 ) AND believe . agent ( x _ 8 , x _ 4 ) AND believe . ccomp ( x _ 8, x _ 9 ) AND like . agent ( x _ 9 , x _ 5 ) AND like . theme ( x _ 9 , x _ 6 ) AND like . agent ( x _ 10 , x _ 3 ) AND like . ccomp ( x _ 10, x _ 11 ) AND believe . agent ( x _ 11 , x _ 4 ) AND believe . ccomp ( x _ 11, x _ 12 ) AND like . agent ( x _ 12 , x _ 5 ) AND like . theme ( x _ 12 , x _ 6 )	elips_VPE_depth_gen
A cat liked that Sophia noticed that a donkey liked the cup and so did William .	* cup ( x _ 4 ) ; cat ( x _ 0 ) AND donkey ( x _ 3 ) AND like . agent ( x _ 5 , x _ 0 ) AND like . ccomp ( x _ 5, x _ 6 ) AND notice . agent ( x _ 6 , Sophia ) AND notice . ccomp ( x _ 6, x _ 7 ) AND like . agent ( x _ 7 , x _ 3 ) AND like . theme ( x _ 7 , x _ 4 ) AND like . agent ( x _ 8 , William ) AND like . ccomp ( x _ 8, x _ 9 ) AND notice . agent ( x _ 9 , Sophia ) AND notice . ccomp ( x _ 9, x _ 10 ) AND like . agent ( x _ 10 , x _ 3 ) AND like . theme ( x _ 10 , x _ 4 )	elips_VPE_depth_gen
A scientist said that Mason proved that Oliver liked the rose and so did Liam .	* rose ( x _ 2 ) ; scientist ( x _ 0 ) AND say . agent ( x _ 3 , x _ 0 ) AND say . ccomp ( x _ 3, x _ 4 ) AND prove . agent ( x _ 4 , Mason ) AND prove . ccomp ( x _ 4, x _ 5 ) AND like . agent ( x _ 5 , Oliver ) AND like . theme ( x _ 5 , x _ 2 ) AND say . agent ( x _ 6 , Liam ) AND say . ccomp ( x _ 6, x _ 7 ) AND prove . agent ( x _ 7 , Mason ) AND prove . ccomp ( x _ 7, x _ 8 ) AND like . agent ( x _ 8 , Oliver ) AND like . theme ( x _ 8 , x _ 2 )	elips_VPE_depth_gen
William dreamed that Oliver respected that the mother appreciated Liam and so did a girl .	* mother ( x _ 2 ) ; girl ( x _ 1 ) AND dream . agent ( x _ 3 , William ) AND dream . ccomp ( x _ 3, x _ 4 ) AND respect . agent ( x _ 4 , Oliver ) AND respect . ccomp ( x _ 4, x _ 5 ) AND appreciate . agent ( x _ 5 , x _ 2 ) AND appreciate . theme ( x _ 5 , Liam ) AND dream . agent ( x _ 6 , x _ 1 ) AND dream . ccomp ( x _ 6, x _ 7 ) AND respect . agent ( x _ 7 , Oliver ) AND respect . ccomp ( x _ 7, x _ 8 ) AND appreciate . agent ( x _ 8 , x _ 2 ) AND appreciate . theme ( x _ 8 , Liam )	elips_VPE_depth_gen
Levi proved that Natalie said that Emma noticed that the fish liked that the girl liked the boy and so did Liam .	* fish ( x _ 3 ) ; * girl ( x _ 4 ) ; * boy ( x _ 5 ) ; prove . agent ( x _ 6 , Levi ) AND prove . ccomp ( x _ 6, x _ 7 ) AND say . agent ( x _ 7 , Natalie ) AND say . ccomp ( x _ 7, x _ 8 ) AND notice . agent ( x _ 8 , Emma ) AND notice . ccomp ( x _ 8, x _ 9 ) AND like . agent ( x _ 9 , x _ 3 ) AND like . ccomp ( x _ 9, x _ 10 ) AND like . agent ( x _ 10 , x _ 4 ) AND like . theme ( x _ 10 , x _ 5 ) AND prove . agent ( x _ 11 , Liam ) AND prove . ccomp ( x _ 11, x _ 12 ) AND say . agent ( x _ 12 , Natalie ) AND say . ccomp ( x _ 12, x _ 13 ) AND notice . agent ( x _ 13 , Emma ) AND notice . ccomp ( x _ 13, x _ 14 ) AND like . agent ( x _ 14 , x _ 3 ) AND like . ccomp ( x _ 14, x _ 15 ) AND like . agent ( x _ 15 , x _ 4 ) AND like . theme ( x _ 15 , x _ 5 )	elips_VPE_depth_gen
A frog liked that Liam liked that Logan admired the drink and so did Emma .	* drink ( x _ 2 ) ; frog ( x _ 0 ) AND like . agent ( x _ 3 , x _ 0 ) AND like . ccomp ( x _ 3, x _ 4 ) AND like . agent ( x _ 4 , Liam ) AND like . ccomp ( x _ 4, x _ 5 ) AND admire . agent ( x _ 5 , Logan ) AND admire . theme ( x _ 5 , x _ 2 ) AND like . agent ( x _ 6 , Emma ) AND like . ccomp ( x _ 6, x _ 7 ) AND like . agent ( x _ 7 , Liam ) AND like . ccomp ( x _ 7, x _ 8 ) AND admire . agent ( x _ 8 , Logan ) AND admire . theme ( x _ 8 , x _ 2 )	elips_VPE_depth_gen
The giraffe admired that the wolf hoped that a girl liked the donut and so did Amelia .	* giraffe ( x _ 0 ) ; * wolf ( x _ 4 ) ; * donut ( x _ 6 ) ; girl ( x _ 5 ) AND admire . agent ( x _ 7 , x _ 0 ) AND admire . ccomp ( x _ 7, x _ 8 ) AND hope . agent ( x _ 8 , x _ 4 ) AND hope . ccomp ( x _ 8, x _ 9 ) AND like . agent ( x _ 9 , x _ 5 ) AND like . theme ( x _ 9 , x _ 6 ) AND admire . agent ( x _ 10 , Amelia ) AND admire . ccomp ( x _ 10, x _ 11 ) AND hope . agent ( x _ 11 , x _ 4 ) AND hope . ccomp ( x _ 11, x _ 12 ) AND like . agent ( x _ 12 , x _ 5 ) AND like . theme ( x _ 12 , x _ 6 )	elips_VPE_depth_gen
A cat believed that the girl declared that Mila liked the cookie and so did a fish .	* girl ( x _ 4 ) ; * cookie ( x _ 5 ) ; cat ( x _ 0 ) AND fish ( x _ 3 ) AND believe . agent ( x _ 6 , x _ 0 ) AND believe . ccomp ( x _ 6, x _ 7 ) AND declare . agent ( x _ 7 , x _ 4 ) AND declare . ccomp ( x _ 7, x _ 8 ) AND like . agent ( x _ 8 , Mila ) AND like . theme ( x _ 8 , x _ 5 ) AND believe . agent ( x _ 9 , x _ 3 ) AND believe . ccomp ( x _ 9, x _ 10 ) AND declare . agent ( x _ 10 , x _ 4 ) AND declare . ccomp ( x _ 10, x _ 11 ) AND like . agent ( x _ 11 , Mila ) AND like . theme ( x _ 11 , x _ 5 )	elips_VPE_depth_gen
The cat liked that the teacher liked that Emma confessed that the boy liked Ava and so did the girl .	* cat ( x _ 0 ) ; * teacher ( x _ 4 ) ; * boy ( x _ 5 ) ; * girl ( x _ 3 ) ; like . agent ( x _ 6 , x _ 0 ) AND like . ccomp ( x _ 6, x _ 7 ) AND like . agent ( x _ 7 , x _ 4 ) AND like . ccomp ( x _ 7, x _ 8 ) AND confess . agent ( x _ 8 , Emma ) AND confess . ccomp ( x _ 8, x _ 9 ) AND like . agent ( x _ 9 , x _ 5 ) AND like . theme ( x _ 9 , Ava ) AND like . agent ( x _ 10 , x _ 3 ) AND like . ccomp ( x _ 10, x _ 11 ) AND like . agent ( x _ 11 , x _ 4 ) AND like . ccomp ( x _ 11, x _ 12 ) AND confess . agent ( x _ 12 , Emma ) AND confess . ccomp ( x _ 12, x _ 13 ) AND like . agent ( x _ 13 , x _ 5 ) AND like . theme ( x _ 13 , Ava )	elips_VPE_depth_gen
Emma thought that Olivia hoped that Skylar missed Jacob and so did the monkey .	* monkey ( x _ 0 ) ; think . agent ( x _ 1 , Emma ) AND think . ccomp ( x _ 1, x _ 2 ) AND hope . agent ( x _ 2 , Olivia ) AND hope . ccomp ( x _ 2, x _ 3 ) AND miss . agent ( x _ 3 , Skylar ) AND miss . theme ( x _ 3 , Jacob ) AND think . agent ( x _ 4 , x _ 0 ) AND think . ccomp ( x _ 4, x _ 5 ) AND hope . agent ( x _ 5 , Olivia ) AND hope . ccomp ( x _ 5, x _ 6 ) AND miss . agent ( x _ 6 , Skylar ) AND miss . theme ( x _ 6 , Jacob )	elips_VPE_depth_gen
The boy liked that Emma liked that Olivia admired the rose and so did a pig .	* boy ( x _ 0 ) ; * rose ( x _ 3 ) ; pig ( x _ 2 ) AND like . agent ( x _ 4 , x _ 0 ) AND like . ccomp ( x _ 4, x _ 5 ) AND like . agent ( x _ 5 , Emma ) AND like . ccomp ( x _ 5, x _ 6 ) AND admire . agent ( x _ 6 , Olivia ) AND admire . theme ( x _ 6 , x _ 3 ) AND like . agent ( x _ 7 , x _ 2 ) AND like . ccomp ( x _ 7, x _ 8 ) AND like . agent ( x _ 8 , Emma ) AND like . ccomp ( x _ 8, x _ 9 ) AND admire . agent ( x _ 9 , Olivia ) AND admire . theme ( x _ 9 , x _ 3 )	elips_VPE_depth_gen
John confessed that a lawyer wished that a girl missed the donut and so did the teacher .	* donut ( x _ 6 ) ; * teacher ( x _ 3 ) ; lawyer ( x _ 4 ) AND girl ( x _ 5 ) AND confess . agent ( x _ 7 , John ) AND confess . ccomp ( x _ 7, x _ 8 ) AND wish . agent ( x _ 8 , x _ 4 ) AND wish . ccomp ( x _ 8, x _ 9 ) AND miss . agent ( x _ 9 , x _ 5 ) AND miss . theme ( x _ 9 , x _ 6 ) AND confess . agent ( x _ 10 , x _ 3 ) AND confess . ccomp ( x _ 10, x _ 11 ) AND wish . agent ( x _ 11 , x _ 4 ) AND wish . ccomp ( x _ 11, x _ 12 ) AND miss . agent ( x _ 12 , x _ 5 ) AND miss . theme ( x _ 12 , x _ 6 )	elips_VPE_depth_gen
The chicken liked that Emma liked that a dog appreciated that a girl helped the child and so did the fly .	* chicken ( x _ 0 ) ; * child ( x _ 7 ) ; * fly ( x _ 4 ) ; dog ( x _ 5 ) AND girl ( x _ 6 ) AND like . agent ( x _ 8 , x _ 0 ) AND like . ccomp ( x _ 8, x _ 9 ) AND like . agent ( x _ 9 , Emma ) AND like . ccomp ( x _ 9, x _ 10 ) AND appreciate . agent ( x _ 10 , x _ 5 ) AND appreciate . ccomp ( x _ 10, x _ 11 ) AND help . agent ( x _ 11 , x _ 6 ) AND help . theme ( x _ 11 , x _ 7 ) AND like . agent ( x _ 12 , x _ 4 ) AND like . ccomp ( x _ 12, x _ 13 ) AND like . agent ( x _ 13 , Emma ) AND like . ccomp ( x _ 13, x _ 14 ) AND appreciate . agent ( x _ 14 , x _ 5 ) AND appreciate . ccomp ( x _ 14, x _ 15 ) AND help . agent ( x _ 15 , x _ 6 ) AND help . theme ( x _ 15 , x _ 7 )	elips_VPE_depth_gen
Emma hoped that a boy liked that Daniel respected the lollipop and so did Noah .	* lollipop ( x _ 3 ) ; boy ( x _ 2 ) AND hope . agent ( x _ 4 , Emma ) AND hope . ccomp ( x _ 4, x _ 5 ) AND like . agent ( x _ 5 , x _ 2 ) AND like . ccomp ( x _ 5, x _ 6 ) AND respect . agent ( x _ 6 , Daniel ) AND respect . theme ( x _ 6 , x _ 3 ) AND hope . agent ( x _ 7 , Noah ) AND hope . ccomp ( x _ 7, x _ 8 ) AND like . agent ( x _ 8 , x _ 2 ) AND like . ccomp ( x _ 8, x _ 9 ) AND respect . agent ( x _ 9 , Daniel ) AND respect . theme ( x _ 9 , x _ 3 )	elips_VPE_depth_gen
Noah liked that Ava liked that Benjamin liked a donut and so did the girl .	* girl ( x _ 1 ) ; donut ( x _ 2 ) AND like . agent ( x _ 3 , Noah ) AND like . ccomp ( x _ 3, x _ 4 ) AND like . agent ( x _ 4 , Ava ) AND like . ccomp ( x _ 4, x _ 5 ) AND like . agent ( x _ 5 , Benjamin ) AND like . theme ( x _ 5 , x _ 2 ) AND like . agent ( x _ 6 , x _ 1 ) AND like . ccomp ( x _ 6, x _ 7 ) AND like . agent ( x _ 7 , Ava ) AND like . ccomp ( x _ 7, x _ 8 ) AND like . agent ( x _ 8 , Benjamin ) AND like . theme ( x _ 8 , x _ 2 )	elips_VPE_depth_gen
A dog liked that Mia said that a horse helped Emma and so did a boy .	dog ( x _ 0 ) AND horse ( x _ 3 ) AND boy ( x _ 2 ) AND like . agent ( x _ 4 , x _ 0 ) AND like . ccomp ( x _ 4, x _ 5 ) AND say . agent ( x _ 5 , Mia ) AND say . ccomp ( x _ 5, x _ 6 ) AND help . agent ( x _ 6 , x _ 3 ) AND help . theme ( x _ 6 , Emma ) AND like . agent ( x _ 7 , x _ 2 ) AND like . ccomp ( x _ 7, x _ 8 ) AND say . agent ( x _ 8 , Mia ) AND say . ccomp ( x _ 8, x _ 9 ) AND help . agent ( x _ 9 , x _ 3 ) AND help . theme ( x _ 9 , Emma )	elips_VPE_depth_gen
The girl liked that a teacher liked that Emma respected the molecule and so did the director .	* girl ( x _ 0 ) ; * molecule ( x _ 5 ) ; * director ( x _ 3 ) ; teacher ( x _ 4 ) AND like . agent ( x _ 6 , x _ 0 ) AND like . ccomp ( x _ 6, x _ 7 ) AND like . agent ( x _ 7 , x _ 4 ) AND like . ccomp ( x _ 7, x _ 8 ) AND respect . agent ( x _ 8 , Emma ) AND respect . theme ( x _ 8 , x _ 5 ) AND like . agent ( x _ 9 , x _ 3 ) AND like . ccomp ( x _ 9, x _ 10 ) AND like . agent ( x _ 10 , x _ 4 ) AND like . ccomp ( x _ 10, x _ 11 ) AND respect . agent ( x _ 11 , Emma ) AND respect . theme ( x _ 11 , x _ 5 )	elips_VPE_depth_gen
A student hoped that Sophia said that Alexander loved a girl and so did Olivia .	student ( x _ 0 ) AND girl ( x _ 2 ) AND hope . agent ( x _ 3 , x _ 0 ) AND hope . ccomp ( x _ 3, x _ 4 ) AND say . agent ( x _ 4 , Sophia ) AND say . ccomp ( x _ 4, x _ 5 ) AND love . agent ( x _ 5 , Alexander ) AND love . theme ( x _ 5 , x _ 2 ) AND hope . agent ( x _ 6 , Olivia ) AND hope . ccomp ( x _ 6, x _ 7 ) AND say . agent ( x _ 7 , Sophia ) AND say . ccomp ( x _ 7, x _ 8 ) AND love . agent ( x _ 8 , Alexander ) AND love . theme ( x _ 8 , x _ 2 )	elips_VPE_depth_gen
A girl liked that a cat liked that Evelyn found the book and so did a duke .	* book ( x _ 5 ) ; girl ( x _ 0 ) AND cat ( x _ 4 ) AND duke ( x _ 3 ) AND like . agent ( x _ 6 , x _ 0 ) AND like . ccomp ( x _ 6, x _ 7 ) AND like . agent ( x _ 7 , x _ 4 ) AND like . ccomp ( x _ 7, x _ 8 ) AND find . agent ( x _ 8 , Evelyn ) AND find . theme ( x _ 8 , x _ 5 ) AND like . agent ( x _ 9 , x _ 3 ) AND like . ccomp ( x _ 9, x _ 10 ) AND like . agent ( x _ 10 , x _ 4 ) AND like . ccomp ( x _ 10, x _ 11 ) AND find . agent ( x _ 11 , Evelyn ) AND find . theme ( x _ 11 , x _ 5 )	elips_VPE_depth_gen
A girl hoped that Emma said that Elijah confessed that Olivia appreciated the cake and so did the boy .	* cake ( x _ 3 ) ; * boy ( x _ 2 ) ; girl ( x _ 0 ) AND hope . agent ( x _ 4 , x _ 0 ) AND hope . ccomp ( x _ 4, x _ 5 ) AND say . agent ( x _ 5 , Emma ) AND say . ccomp ( x _ 5, x _ 6 ) AND confess . agent ( x _ 6 , Elijah ) AND confess . ccomp ( x _ 6, x _ 7 ) AND appreciate . agent ( x _ 7 , Olivia ) AND appreciate . theme ( x _ 7 , x _ 3 ) AND hope . agent ( x _ 8 , x _ 2 ) AND hope . ccomp ( x _ 8, x _ 9 ) AND say . agent ( x _ 9 , Emma ) AND say . ccomp ( x _ 9, x _ 10 ) AND confess . agent ( x _ 10 , Elijah ) AND confess . ccomp ( x _ 10, x _ 11 ) AND appreciate . agent ( x _ 11 , Olivia ) AND appreciate . theme ( x _ 11 , x _ 3 )	elips_VPE_depth_gen
A girl respected that a horse said that Leo liked the raisin and so did a dog .	* raisin ( x _ 5 ) ; girl ( x _ 0 ) AND horse ( x _ 4 ) AND dog ( x _ 3 ) AND respect . agent ( x _ 6 , x _ 0 ) AND respect . ccomp ( x _ 6, x _ 7 ) AND say . agent ( x _ 7 , x _ 4 ) AND say . ccomp ( x _ 7, x _ 8 ) AND like . agent ( x _ 8 , Leo ) AND like . theme ( x _ 8 , x _ 5 ) AND respect . agent ( x _ 9 , x _ 3 ) AND respect . ccomp ( x _ 9, x _ 10 ) AND say . agent ( x _ 10 , x _ 4 ) AND say . ccomp ( x _ 10, x _ 11 ) AND like . agent ( x _ 11 , Leo ) AND like . theme ( x _ 11 , x _ 5 )	elips_VPE_depth_gen
Liam noticed that the girl liked that Lucas hoped that the pupil meant that a boy helped Mia and so did Gabriel .	* girl ( x _ 3 ) ; * pupil ( x _ 4 ) ; boy ( x _ 5 ) AND notice . agent ( x _ 6 , Liam ) AND notice . ccomp ( x _ 6, x _ 7 ) AND like . agent ( x _ 7 , x _ 3 ) AND like . ccomp ( x _ 7, x _ 8 ) AND hope . agent ( x _ 8 , Lucas ) AND hope . ccomp ( x _ 8, x _ 9 ) AND mean . agent ( x _ 9 , x _ 4 ) AND mean . ccomp ( x _ 9, x _ 10 ) AND help . agent ( x _ 10 , x _ 5 ) AND help . theme ( x _ 10 , Mia ) AND notice . agent ( x _ 11 , Gabriel ) AND notice . ccomp ( x _ 11, x _ 12 ) AND like . agent ( x _ 12 , x _ 3 ) AND like . ccomp ( x _ 12, x _ 13 ) AND hope . agent ( x _ 13 , Lucas ) AND hope . ccomp ( x _ 13, x _ 14 ) AND mean . agent ( x _ 14 , x _ 4 ) AND mean . ccomp ( x _ 14, x _ 15 ) AND help . agent ( x _ 15 , x _ 5 ) AND help . theme ( x _ 15 , Mia )	elips_VPE_depth_gen
The boy liked that Noah liked that Emma liked that a monkey adored a balloon and so did the guest .	* boy ( x _ 0 ) ; * guest ( x _ 3 ) ; monkey ( x _ 4 ) AND balloon ( x _ 5 ) AND like . agent ( x _ 6 , x _ 0 ) AND like . ccomp ( x _ 6, x _ 7 ) AND like . agent ( x _ 7 , Noah ) AND like . ccomp ( x _ 7, x _ 8 ) AND like . agent ( x _ 8 , Emma ) AND like . ccomp ( x _ 8, x _ 9 ) AND adore . agent ( x _ 9 , x _ 4 ) AND adore . theme ( x _ 9 , x _ 5 ) AND like . agent ( x _ 10 , x _ 3 ) AND like . ccomp ( x _ 10, x _ 11 ) AND like . agent ( x _ 11 , Noah ) AND like . ccomp ( x _ 11, x _ 12 ) AND like . agent ( x _ 12 , Emma ) AND like . ccomp ( x _ 12, x _ 13 ) AND adore . agent ( x _ 13 , x _ 4 ) AND adore . theme ( x _ 13 , x _ 5 )	elips_VPE_depth_gen
Samuel proved that Olivia dreamed that Carter liked a donut and so did the girl .	* girl ( x _ 1 ) ; donut ( x _ 2 ) AND prove . agent ( x _ 3 , Samuel ) AND prove . ccomp ( x _ 3, x _ 4 ) AND dream . agent ( x _ 4 , Olivia ) AND dream . ccomp ( x _ 4, x _ 5 ) AND like . agent ( x _ 5 , Carter ) AND like . theme ( x _ 5 , x _ 2 ) AND prove . agent ( x _ 6 , x _ 1 ) AND prove . ccomp ( x _ 6, x _ 7 ) AND dream . agent ( x _ 7 , Olivia ) AND dream . ccomp ( x _ 7, x _ 8 ) AND like . agent ( x _ 8 , Carter ) AND like . theme ( x _ 8 , x _ 2 )	elips_VPE_depth_gen
A boy liked that the penguin liked that Luke adored Ellie and so did Emma .	* penguin ( x _ 2 ) ; boy ( x _ 0 ) AND like . agent ( x _ 3 , x _ 0 ) AND like . ccomp ( x _ 3, x _ 4 ) AND like . agent ( x _ 4 , x _ 2 ) AND like . ccomp ( x _ 4, x _ 5 ) AND adore . agent ( x _ 5 , Luke ) AND adore . theme ( x _ 5 , Ellie ) AND like . agent ( x _ 6 , Emma ) AND like . ccomp ( x _ 6, x _ 7 ) AND like . agent ( x _ 7 , x _ 2 ) AND like . ccomp ( x _ 7, x _ 8 ) AND adore . agent ( x _ 8 , Luke ) AND adore . theme ( x _ 8 , Ellie )	elips_VPE_depth_gen
A horse noticed that Mason liked that the boy hoped that a cow appreciated that Olivia liked the donut and so did Liam .	* boy ( x _ 4 ) ; * donut ( x _ 6 ) ; horse ( x _ 0 ) AND cow ( x _ 5 ) AND notice . agent ( x _ 7 , x _ 0 ) AND notice . ccomp ( x _ 7, x _ 8 ) AND like . agent ( x _ 8 , Mason ) AND like . ccomp ( x _ 8, x _ 9 ) AND hope . agent ( x _ 9 , x _ 4 ) AND hope . ccomp ( x _ 9, x _ 10 ) AND appreciate . agent ( x _ 10 , x _ 5 ) AND appreciate . ccomp ( x _ 10, x _ 11 ) AND like . agent ( x _ 11 , Olivia ) AND like . theme ( x _ 11 , x _ 6 ) AND notice . agent ( x _ 12 , Liam ) AND notice . ccomp ( x _ 12, x _ 13 ) AND like . agent ( x _ 13 , Mason ) AND like . ccomp ( x _ 13, x _ 14 ) AND hope . agent ( x _ 14 , x _ 4 ) AND hope . ccomp ( x _ 14, x _ 15 ) AND appreciate . agent ( x _ 15 , x _ 5 ) AND appreciate . ccomp ( x _ 15, x _ 16 ) AND like . agent ( x _ 16 , Olivia ) AND like . theme ( x _ 16 , x _ 6 )	elips_VPE_depth_gen
A customer liked that Emma supported that the girl respected that the child found a box and so did Ava .	* girl ( x _ 4 ) ; * child ( x _ 5 ) ; customer ( x _ 0 ) AND box ( x _ 6 ) AND like . agent ( x _ 7 , x _ 0 ) AND like . ccomp ( x _ 7, x _ 8 ) AND support . agent ( x _ 8 , Emma ) AND support . ccomp ( x _ 8, x _ 9 ) AND respect . agent ( x _ 9 , x _ 4 ) AND respect . ccomp ( x _ 9, x _ 10 ) AND find . agent ( x _ 10 , x _ 5 ) AND find . theme ( x _ 10 , x _ 6 ) AND like . agent ( x _ 11 , Ava ) AND like . ccomp ( x _ 11, x _ 12 ) AND support . agent ( x _ 12 , Emma ) AND support . ccomp ( x _ 12, x _ 13 ) AND respect . agent ( x _ 13 , x _ 4 ) AND respect . ccomp ( x _ 13, x _ 14 ) AND find . agent ( x _ 14 , x _ 5 ) AND find . theme ( x _ 14 , x _ 6 )	elips_VPE_depth_gen
A cat noticed that the girl meant that Emma liked that Layla helped Noah and so did Liam .	* girl ( x _ 2 ) ; cat ( x _ 0 ) AND notice . agent ( x _ 3 , x _ 0 ) AND notice . ccomp ( x _ 3, x _ 4 ) AND mean . agent ( x _ 4 , x _ 2 ) AND mean . ccomp ( x _ 4, x _ 5 ) AND like . agent ( x _ 5 , Emma ) AND like . ccomp ( x _ 5, x _ 6 ) AND help . agent ( x _ 6 , Layla ) AND help . theme ( x _ 6 , Noah ) AND notice . agent ( x _ 7 , Liam ) AND notice . ccomp ( x _ 7, x _ 8 ) AND mean . agent ( x _ 8 , x _ 2 ) AND mean . ccomp ( x _ 8, x _ 9 ) AND like . agent ( x _ 9 , Emma ) AND like . ccomp ( x _ 9, x _ 10 ) AND help . agent ( x _ 10 , Layla ) AND help . theme ( x _ 10 , Noah )	elips_VPE_depth_gen
David thought that Emma liked that Liam said that Ava loved a cake and so did a mouse .	cake ( x _ 2 ) AND mouse ( x _ 1 ) AND think . agent ( x _ 3 , David ) AND think . ccomp ( x _ 3, x _ 4 ) AND like . agent ( x _ 4 , Emma ) AND like . ccomp ( x _ 4, x _ 5 ) AND say . agent ( x _ 5 , Liam ) AND say . ccomp ( x _ 5, x _ 6 ) AND love . agent ( x _ 6 , Ava ) AND love . theme ( x _ 6 , x _ 2 ) AND think . agent ( x _ 7 , x _ 1 ) AND think . ccomp ( x _ 7, x _ 8 ) AND like . agent ( x _ 8 , Emma ) AND like . ccomp ( x _ 8, x _ 9 ) AND say . agent ( x _ 9 , Liam ) AND say . ccomp ( x _ 9, x _ 10 ) AND love . agent ( x _ 10 , Ava ) AND love . theme ( x _ 10 , x _ 2 )	elips_VPE_depth_gen
The professor hoped that Camila valued that Emily liked that a passenger liked a tool and so did a boy .	* professor ( x _ 0 ) ; passenger ( x _ 4 ) AND tool ( x _ 5 ) AND boy ( x _ 3 ) AND hope . agent ( x _ 6 , x _ 0 ) AND hope . ccomp ( x _ 6, x _ 7 ) AND value . agent ( x _ 7 , Camila ) AND value . ccomp ( x _ 7, x _ 8 ) AND like . agent ( x _ 8 , Emily ) AND like . ccomp ( x _ 8, x _ 9 ) AND like . agent ( x _ 9 , x _ 4 ) AND like . theme ( x _ 9 , x _ 5 ) AND hope . agent ( x _ 10 , x _ 3 ) AND hope . ccomp ( x _ 10, x _ 11 ) AND value . agent ( x _ 11 , Camila ) AND value . ccomp ( x _ 11, x _ 12 ) AND like . agent ( x _ 12 , Emily ) AND like . ccomp ( x _ 12, x _ 13 ) AND like . agent ( x _ 13 , x _ 4 ) AND like . theme ( x _ 13 , x _ 5 )	elips_VPE_depth_gen
A baby tolerated that Emma declared that a lawyer admired Mia and so did the girl .	* girl ( x _ 2 ) ; baby ( x _ 0 ) AND lawyer ( x _ 3 ) AND tolerate . agent ( x _ 4 , x _ 0 ) AND tolerate . ccomp ( x _ 4, x _ 5 ) AND declare . agent ( x _ 5 , Emma ) AND declare . ccomp ( x _ 5, x _ 6 ) AND admire . agent ( x _ 6 , x _ 3 ) AND admire . theme ( x _ 6 , Mia ) AND tolerate . agent ( x _ 7 , x _ 2 ) AND tolerate . ccomp ( x _ 7, x _ 8 ) AND declare . agent ( x _ 8 , Emma ) AND declare . ccomp ( x _ 8, x _ 9 ) AND admire . agent ( x _ 9 , x _ 3 ) AND admire . theme ( x _ 9 , Mia )	elips_VPE_depth_gen
The girl hoped that the sheep liked that Olivia proved that Emma wished that a fly missed a dog and so did Isabella .	* girl ( x _ 0 ) ; * sheep ( x _ 4 ) ; fly ( x _ 5 ) AND dog ( x _ 6 ) AND hope . agent ( x _ 7 , x _ 0 ) AND hope . ccomp ( x _ 7, x _ 8 ) AND like . agent ( x _ 8 , x _ 4 ) AND like . ccomp ( x _ 8, x _ 9 ) AND prove . agent ( x _ 9 , Olivia ) AND prove . ccomp ( x _ 9, x _ 10 ) AND wish . agent ( x _ 10 , Emma ) AND wish . ccomp ( x _ 10, x _ 11 ) AND miss . agent ( x _ 11 , x _ 5 ) AND miss . theme ( x _ 11 , x _ 6 ) AND hope . agent ( x _ 12 , Isabella ) AND hope . ccomp ( x _ 12, x _ 13 ) AND like . agent ( x _ 13 , x _ 4 ) AND like . ccomp ( x _ 13, x _ 14 ) AND prove . agent ( x _ 14 , Olivia ) AND prove . ccomp ( x _ 14, x _ 15 ) AND wish . agent ( x _ 15 , Emma ) AND wish . ccomp ( x _ 15, x _ 16 ) AND miss . agent ( x _ 16 , x _ 5 ) AND miss . theme ( x _ 16 , x _ 6 )	elips_VPE_depth_gen
The girl liked that Christopher respected that Lucas helped Emma and so did Aiden .	* girl ( x _ 0 ) ; like . agent ( x _ 1 , x _ 0 ) AND like . ccomp ( x _ 1, x _ 2 ) AND respect . agent ( x _ 2 , Christopher ) AND respect . ccomp ( x _ 2, x _ 3 ) AND help . agent ( x _ 3 , Lucas ) AND help . theme ( x _ 3 , Emma ) AND like . agent ( x _ 4 , Aiden ) AND like . ccomp ( x _ 4, x _ 5 ) AND respect . agent ( x _ 5 , Christopher ) AND respect . ccomp ( x _ 5, x _ 6 ) AND help . agent ( x _ 6 , Lucas ) AND help . theme ( x _ 6 , Emma )	elips_VPE_depth_gen
Olivia said that the lawyer liked that Emma admired a donut and so did James .	* lawyer ( x _ 2 ) ; donut ( x _ 3 ) AND say . agent ( x _ 4 , Olivia ) AND say . ccomp ( x _ 4, x _ 5 ) AND like . agent ( x _ 5 , x _ 2 ) AND like . ccomp ( x _ 5, x _ 6 ) AND admire . agent ( x _ 6 , Emma ) AND admire . theme ( x _ 6 , x _ 3 ) AND say . agent ( x _ 7 , James ) AND say . ccomp ( x _ 7, x _ 8 ) AND like . agent ( x _ 8 , x _ 2 ) AND like . ccomp ( x _ 8, x _ 9 ) AND admire . agent ( x _ 9 , Emma ) AND admire . theme ( x _ 9 , x _ 3 )	elips_VPE_depth_gen
A boy liked that Emma liked that the producer helped a brain and so did Henry .	* producer ( x _ 3 ) ; boy ( x _ 0 ) AND brain ( x _ 4 ) AND like . agent ( x _ 5 , x _ 0 ) AND like . ccomp ( x _ 5, x _ 6 ) AND like . agent ( x _ 6 , Emma ) AND like . ccomp ( x _ 6, x _ 7 ) AND help . agent ( x _ 7 , x _ 3 ) AND help . theme ( x _ 7 , x _ 4 ) AND like . agent ( x _ 8 , Henry ) AND like . ccomp ( x _ 8, x _ 9 ) AND like . agent ( x _ 9 , Emma ) AND like . ccomp ( x _ 9, x _ 10 ) AND help . agent ( x _ 10 , x _ 3 ) AND help . theme ( x _ 10 , x _ 4 )	elips_VPE_depth_gen
A bear confessed that the hen imagined that Emma loved Sofia and so did the girl .	* hen ( x _ 3 ) ; * girl ( x _ 2 ) ; bear ( x _ 0 ) AND confess . agent ( x _ 4 , x _ 0 ) AND confess . ccomp ( x _ 4, x _ 5 ) AND imagine . agent ( x _ 5 , x _ 3 ) AND imagine . ccomp ( x _ 5, x _ 6 ) AND love . agent ( x _ 6 , Emma ) AND love . theme ( x _ 6 , Sofia ) AND confess . agent ( x _ 7 , x _ 2 ) AND confess . ccomp ( x _ 7, x _ 8 ) AND imagine . agent ( x _ 8 , x _ 3 ) AND imagine . ccomp ( x _ 8, x _ 9 ) AND love . agent ( x _ 9 , Emma ) AND love . theme ( x _ 9 , Sofia )	elips_VPE_depth_gen
A girl hoped that a cow liked that a squirrel liked the cake and so did Emma .	* cake ( x _ 6 ) ; girl ( x _ 0 ) AND cow ( x _ 4 ) AND squirrel ( x _ 5 ) AND hope . agent ( x _ 7 , x _ 0 ) AND hope . ccomp ( x _ 7, x _ 8 ) AND like . agent ( x _ 8 , x _ 4 ) AND like . ccomp ( x _ 8, x _ 9 ) AND like . agent ( x _ 9 , x _ 5 ) AND like . theme ( x _ 9 , x _ 6 ) AND hope . agent ( x _ 10 , Emma ) AND hope . ccomp ( x _ 10, x _ 11 ) AND like . agent ( x _ 11 , x _ 4 ) AND like . ccomp ( x _ 11, x _ 12 ) AND like . agent ( x _ 12 , x _ 5 ) AND like . theme ( x _ 12 , x _ 6 )	elips_VPE_depth_gen
The baby confessed that a cat declared that Liam appreciated a cake and so did a bear .	* baby ( x _ 0 ) ; cat ( x _ 4 ) AND cake ( x _ 5 ) AND bear ( x _ 3 ) AND confess . agent ( x _ 6 , x _ 0 ) AND confess . ccomp ( x _ 6, x _ 7 ) AND declare . agent ( x _ 7 , x _ 4 ) AND declare . ccomp ( x _ 7, x _ 8 ) AND appreciate . agent ( x _ 8 , Liam ) AND appreciate . theme ( x _ 8 , x _ 5 ) AND confess . agent ( x _ 9 , x _ 3 ) AND confess . ccomp ( x _ 9, x _ 10 ) AND declare . agent ( x _ 10 , x _ 4 ) AND declare . ccomp ( x _ 10, x _ 11 ) AND appreciate . agent ( x _ 11 , Liam ) AND appreciate . theme ( x _ 11 , x _ 5 )	elips_VPE_depth_gen
The boy liked that a lion said that the moose liked Olivia and so did Emma .	* boy ( x _ 0 ) ; * moose ( x _ 4 ) ; lion ( x _ 3 ) AND like . agent ( x _ 5 , x _ 0 ) AND like . ccomp ( x _ 5, x _ 6 ) AND say . agent ( x _ 6 , x _ 3 ) AND say . ccomp ( x _ 6, x _ 7 ) AND like . agent ( x _ 7 , x _ 4 ) AND like . theme ( x _ 7 , Olivia ) AND like . agent ( x _ 8 , Emma ) AND like . ccomp ( x _ 8, x _ 9 ) AND say . agent ( x _ 9 , x _ 3 ) AND say . ccomp ( x _ 9, x _ 10 ) AND like . agent ( x _ 10 , x _ 4 ) AND like . theme ( x _ 10 , Olivia )	elips_VPE_depth_gen
A child liked that a girl hoped that a cat liked the drink and so did William .	* drink ( x _ 6 ) ; child ( x _ 0 ) AND girl ( x _ 4 ) AND cat ( x _ 5 ) AND like . agent ( x _ 7 , x _ 0 ) AND like . ccomp ( x _ 7, x _ 8 ) AND hope . agent ( x _ 8 , x _ 4 ) AND hope . ccomp ( x _ 8, x _ 9 ) AND like . agent ( x _ 9 , x _ 5 ) AND like . theme ( x _ 9 , x _ 6 ) AND like . agent ( x _ 10 , William ) AND like . ccomp ( x _ 10, x _ 11 ) AND hope . agent ( x _ 11 , x _ 4 ) AND hope . ccomp ( x _ 11, x _ 12 ) AND like . agent ( x _ 12 , x _ 5 ) AND like . theme ( x _ 12 , x _ 6 )	elips_VPE_depth_gen
Liam liked that Emma noticed that Olivia poked the boy and so did the bear .	* boy ( x _ 2 ) ; * bear ( x _ 1 ) ; like . agent ( x _ 3 , Liam ) AND like . ccomp ( x _ 3, x _ 4 ) AND notice . agent ( x _ 4 , Emma ) AND notice . ccomp ( x _ 4, x _ 5 ) AND poke . agent ( x _ 5 , Olivia ) AND poke . theme ( x _ 5 , x _ 2 ) AND like . agent ( x _ 6 , x _ 1 ) AND like . ccomp ( x _ 6, x _ 7 ) AND notice . agent ( x _ 7 , Emma ) AND notice . ccomp ( x _ 7, x _ 8 ) AND poke . agent ( x _ 8 , Olivia ) AND poke . theme ( x _ 8 , x _ 2 )	elips_VPE_depth_gen
The pony expected that Liam valued that a chicken liked that the princess poked Emma and so did Mia .	* pony ( x _ 0 ) ; * princess ( x _ 4 ) ; chicken ( x _ 3 ) AND expect . agent ( x _ 5 , x _ 0 ) AND expect . ccomp ( x _ 5, x _ 6 ) AND value . agent ( x _ 6 , Liam ) AND value . ccomp ( x _ 6, x _ 7 ) AND like . agent ( x _ 7 , x _ 3 ) AND like . ccomp ( x _ 7, x _ 8 ) AND poke . agent ( x _ 8 , x _ 4 ) AND poke . theme ( x _ 8 , Emma ) AND expect . agent ( x _ 9 , Mia ) AND expect . ccomp ( x _ 9, x _ 10 ) AND value . agent ( x _ 10 , Liam ) AND value . ccomp ( x _ 10, x _ 11 ) AND like . agent ( x _ 11 , x _ 3 ) AND like . ccomp ( x _ 11, x _ 12 ) AND poke . agent ( x _ 12 , x _ 4 ) AND poke . theme ( x _ 12 , Emma )	elips_VPE_depth_gen
A boy expected that Ava said that the cat found a producer and so did Olivia .	* cat ( x _ 3 ) ; boy ( x _ 0 ) AND producer ( x _ 4 ) AND expect . agent ( x _ 5 , x _ 0 ) AND expect . ccomp ( x _ 5, x _ 6 ) AND say . agent ( x _ 6 , Ava ) AND say . ccomp ( x _ 6, x _ 7 ) AND find . agent ( x _ 7 , x _ 3 ) AND find . theme ( x _ 7 , x _ 4 ) AND expect . agent ( x _ 8 , Olivia ) AND expect . ccomp ( x _ 8, x _ 9 ) AND say . agent ( x _ 9 , Ava ) AND say . ccomp ( x _ 9, x _ 10 ) AND find . agent ( x _ 10 , x _ 3 ) AND find . theme ( x _ 10 , x _ 4 )	elips_VPE_depth_gen
The girl liked that the tourist liked that William loved the balloon and so did the cow .	* girl ( x _ 0 ) ; * tourist ( x _ 4 ) ; * balloon ( x _ 5 ) ; * cow ( x _ 3 ) ; like . agent ( x _ 6 , x _ 0 ) AND like . ccomp ( x _ 6, x _ 7 ) AND like . agent ( x _ 7 , x _ 4 ) AND like . ccomp ( x _ 7, x _ 8 ) AND love . agent ( x _ 8 , William ) AND love . theme ( x _ 8 , x _ 5 ) AND like . agent ( x _ 9 , x _ 3 ) AND like . ccomp ( x _ 9, x _ 10 ) AND like . agent ( x _ 10 , x _ 4 ) AND like . ccomp ( x _ 10, x _ 11 ) AND love . agent ( x _ 11 , William ) AND love . theme ( x _ 11 , x _ 5 )	elips_VPE_depth_gen
Emma hoped that the professor respected that the dog liked Olivia and so did Elizabeth .	* professor ( x _ 2 ) ; * dog ( x _ 3 ) ; hope . agent ( x _ 4 , Emma ) AND hope . ccomp ( x _ 4, x _ 5 ) AND respect . agent ( x _ 5 , x _ 2 ) AND respect . ccomp ( x _ 5, x _ 6 ) AND like . agent ( x _ 6 , x _ 3 ) AND like . theme ( x _ 6 , Olivia ) AND hope . agent ( x _ 7 , Elizabeth ) AND hope . ccomp ( x _ 7, x _ 8 ) AND respect . agent ( x _ 8 , x _ 2 ) AND respect . ccomp ( x _ 8, x _ 9 ) AND like . agent ( x _ 9 , x _ 3 ) AND like . theme ( x _ 9 , Olivia )	elips_VPE_depth_gen
Elizabeth noticed that the cat declared that Logan helped a knife and so did John .	* cat ( x _ 2 ) ; knife ( x _ 3 ) AND notice . agent ( x _ 4 , Elizabeth ) AND notice . ccomp ( x _ 4, x _ 5 ) AND declare . agent ( x _ 5 , x _ 2 ) AND declare . ccomp ( x _ 5, x _ 6 ) AND help . agent ( x _ 6 , Logan ) AND help . theme ( x _ 6 , x _ 3 ) AND notice . agent ( x _ 7 , John ) AND notice . ccomp ( x _ 7, x _ 8 ) AND declare . agent ( x _ 8 , x _ 2 ) AND declare . ccomp ( x _ 8, x _ 9 ) AND help . agent ( x _ 9 , Logan ) AND help . theme ( x _ 9 , x _ 3 )	elips_VPE_depth_gen
Oliver said that Olivia thought that the girl liked the rose and so did Liam .	* girl ( x _ 2 ) ; * rose ( x _ 3 ) ; say . agent ( x _ 4 , Oliver ) AND say . ccomp ( x _ 4, x _ 5 ) AND think . agent ( x _ 5 , Olivia ) AND think . ccomp ( x _ 5, x _ 6 ) AND like . agent ( x _ 6 , x _ 2 ) AND like . theme ( x _ 6 , x _ 3 ) AND say . agent ( x _ 7 , Liam ) AND say . ccomp ( x _ 7, x _ 8 ) AND think . agent ( x _ 8 , Olivia ) AND think . ccomp ( x _ 8, x _ 9 ) AND like . agent ( x _ 9 , x _ 2 ) AND like . theme ( x _ 9 , x _ 3 )	elips_VPE_depth_gen
Noah confessed that Christopher believed that a cat believed that a chicken found the cake and so did Olivia .	* cake ( x _ 5 ) ; cat ( x _ 3 ) AND chicken ( x _ 4 ) AND confess . agent ( x _ 6 , Noah ) AND confess . ccomp ( x _ 6, x _ 7 ) AND believe . agent ( x _ 7 , Christopher ) AND believe . ccomp ( x _ 7, x _ 8 ) AND believe . agent ( x _ 8 , x _ 3 ) AND believe . ccomp ( x _ 8, x _ 9 ) AND find . agent ( x _ 9 , x _ 4 ) AND find . theme ( x _ 9 , x _ 5 ) AND confess . agent ( x _ 10 , Olivia ) AND confess . ccomp ( x _ 10, x _ 11 ) AND believe . agent ( x _ 11 , Christopher ) AND believe . ccomp ( x _ 11, x _ 12 ) AND believe . agent ( x _ 12 , x _ 3 ) AND believe . ccomp ( x _ 12, x _ 13 ) AND find . agent ( x _ 13 , x _ 4 ) AND find . theme ( x _ 13 , x _ 5 )	elips_VPE_depth_gen
A giraffe admired that a bird liked that Christopher liked a potato and so did Liam .	giraffe ( x _ 0 ) AND bird ( x _ 3 ) AND potato ( x _ 4 ) AND admire . agent ( x _ 5 , x _ 0 ) AND admire . ccomp ( x _ 5, x _ 6 ) AND like . agent ( x _ 6 , x _ 3 ) AND like . ccomp ( x _ 6, x _ 7 ) AND like . agent ( x _ 7 , Christopher ) AND like . theme ( x _ 7 , x _ 4 ) AND admire . agent ( x _ 8 , Liam ) AND admire . ccomp ( x _ 8, x _ 9 ) AND like . agent ( x _ 9 , x _ 3 ) AND like . ccomp ( x _ 9, x _ 10 ) AND like . agent ( x _ 10 , Christopher ) AND like . theme ( x _ 10 , x _ 4 )	elips_VPE_depth_gen
A citizen said that Liam liked that Lillian adored Jacob and so did Olivia .	citizen ( x _ 0 ) AND say . agent ( x _ 1 , x _ 0 ) AND say . ccomp ( x _ 1, x _ 2 ) AND like . agent ( x _ 2 , Liam ) AND like . ccomp ( x _ 2, x _ 3 ) AND adore . agent ( x _ 3 , Lillian ) AND adore . theme ( x _ 3 , Jacob ) AND say . agent ( x _ 4 , Olivia ) AND say . ccomp ( x _ 4, x _ 5 ) AND like . agent ( x _ 5 , Liam ) AND like . ccomp ( x _ 5, x _ 6 ) AND adore . agent ( x _ 6 , Lillian ) AND adore . theme ( x _ 6 , Jacob )	elips_VPE_depth_gen
The girl meant that the journalist tolerated that Amelia liked that Emma liked that Liam helped the melon and so did the teacher .	* girl ( x _ 0 ) ; * journalist ( x _ 4 ) ; * melon ( x _ 5 ) ; * teacher ( x _ 3 ) ; mean . agent ( x _ 6 , x _ 0 ) AND mean . ccomp ( x _ 6, x _ 7 ) AND tolerate . agent ( x _ 7 , x _ 4 ) AND tolerate . ccomp ( x _ 7, x _ 8 ) AND like . agent ( x _ 8 , Amelia ) AND like . ccomp ( x _ 8, x _ 9 ) AND like . agent ( x _ 9 , Emma ) AND like . ccomp ( x _ 9, x _ 10 ) AND help . agent ( x _ 10 , Liam ) AND help . theme ( x _ 10 , x _ 5 ) AND mean . agent ( x _ 11 , x _ 3 ) AND mean . ccomp ( x _ 11, x _ 12 ) AND tolerate . agent ( x _ 12 , x _ 4 ) AND tolerate . ccomp ( x _ 12, x _ 13 ) AND like . agent ( x _ 13 , Amelia ) AND like . ccomp ( x _ 13, x _ 14 ) AND like . agent ( x _ 14 , Emma ) AND like . ccomp ( x _ 14, x _ 15 ) AND help . agent ( x _ 15 , Liam ) AND help . theme ( x _ 15 , x _ 5 )	elips_VPE_depth_gen
A girl liked that the boy imagined that Mia liked the cat and so did Liam .	* boy ( x _ 3 ) ; * cat ( x _ 4 ) ; girl ( x _ 0 ) AND like . agent ( x _ 5 , x _ 0 ) AND like . ccomp ( x _ 5, x _ 6 ) AND imagine . agent ( x _ 6 , x _ 3 ) AND imagine . ccomp ( x _ 6, x _ 7 ) AND like . agent ( x _ 7 , Mia ) AND like . theme ( x _ 7 , x _ 4 ) AND like . agent ( x _ 8 , Liam ) AND like . ccomp ( x _ 8, x _ 9 ) AND imagine . agent ( x _ 9 , x _ 3 ) AND imagine . ccomp ( x _ 9, x _ 10 ) AND like . agent ( x _ 10 , Mia ) AND like . theme ( x _ 10 , x _ 4 )	elips_VPE_depth_gen
Charlotte hoped that the duck hoped that James liked that Emma admired that Noah liked a bunny and so did a girl .	* duck ( x _ 3 ) ; bunny ( x _ 4 ) AND girl ( x _ 2 ) AND hope . agent ( x _ 5 , Charlotte ) AND hope . ccomp ( x _ 5, x _ 6 ) AND hope . agent ( x _ 6 , x _ 3 ) AND hope . ccomp ( x _ 6, x _ 7 ) AND like . agent ( x _ 7 , James ) AND like . ccomp ( x _ 7, x _ 8 ) AND admire . agent ( x _ 8 , Emma ) AND admire . ccomp ( x _ 8, x _ 9 ) AND like . agent ( x _ 9 , Noah ) AND like . theme ( x _ 9 , x _ 4 ) AND hope . agent ( x _ 10 , x _ 2 ) AND hope . ccomp ( x _ 10, x _ 11 ) AND hope . agent ( x _ 11 , x _ 3 ) AND hope . ccomp ( x _ 11, x _ 12 ) AND like . agent ( x _ 12 , James ) AND like . ccomp ( x _ 12, x _ 13 ) AND admire . agent ( x _ 13 , Emma ) AND admire . ccomp ( x _ 13, x _ 14 ) AND like . agent ( x _ 14 , Noah ) AND like . theme ( x _ 14 , x _ 4 )	elips_VPE_depth_gen
Mila respected that the girl liked that a horse hoped that the child appreciated the cake and so did a butterfly .	* girl ( x _ 5 ) ; * child ( x _ 7 ) ; * cake ( x _ 8 ) ; horse ( x _ 6 ) AND butterfly ( x _ 4 ) AND respect . agent ( x _ 9 , Mila ) AND respect . ccomp ( x _ 9, x _ 10 ) AND like . agent ( x _ 10 , x _ 5 ) AND like . ccomp ( x _ 10, x _ 11 ) AND hope . agent ( x _ 11 , x _ 6 ) AND hope . ccomp ( x _ 11, x _ 12 ) AND appreciate . agent ( x _ 12 , x _ 7 ) AND appreciate . theme ( x _ 12 , x _ 8 ) AND respect . agent ( x _ 13 , x _ 4 ) AND respect . ccomp ( x _ 13, x _ 14 ) AND like . agent ( x _ 14 , x _ 5 ) AND like . ccomp ( x _ 14, x _ 15 ) AND hope . agent ( x _ 15 , x _ 6 ) AND hope . ccomp ( x _ 15, x _ 16 ) AND appreciate . agent ( x _ 16 , x _ 7 ) AND appreciate . theme ( x _ 16 , x _ 8 )	elips_VPE_depth_gen
Olivia thought that a hero noticed that a girl liked Mia and so did Liam .	hero ( x _ 2 ) AND girl ( x _ 3 ) AND think . agent ( x _ 4 , Olivia ) AND think . ccomp ( x _ 4, x _ 5 ) AND notice . agent ( x _ 5 , x _ 2 ) AND notice . ccomp ( x _ 5, x _ 6 ) AND like . agent ( x _ 6 , x _ 3 ) AND like . theme ( x _ 6 , Mia ) AND think . agent ( x _ 7 , Liam ) AND think . ccomp ( x _ 7, x _ 8 ) AND notice . agent ( x _ 8 , x _ 2 ) AND notice . ccomp ( x _ 8, x _ 9 ) AND like . agent ( x _ 9 , x _ 3 ) AND like . theme ( x _ 9 , Mia )	elips_VPE_depth_gen
Carter respected that a monkey believed that the guard liked that Emma found Amelia and so did a wolf .	* guard ( x _ 4 ) ; monkey ( x _ 3 ) AND wolf ( x _ 2 ) AND respect . agent ( x _ 5 , Carter ) AND respect . ccomp ( x _ 5, x _ 6 ) AND believe . agent ( x _ 6 , x _ 3 ) AND believe . ccomp ( x _ 6, x _ 7 ) AND like . agent ( x _ 7 , x _ 4 ) AND like . ccomp ( x _ 7, x _ 8 ) AND find . agent ( x _ 8 , Emma ) AND find . theme ( x _ 8 , Amelia ) AND respect . agent ( x _ 9 , x _ 2 ) AND respect . ccomp ( x _ 9, x _ 10 ) AND believe . agent ( x _ 10 , x _ 3 ) AND believe . ccomp ( x _ 10, x _ 11 ) AND like . agent ( x _ 11 , x _ 4 ) AND like . ccomp ( x _ 11, x _ 12 ) AND find . agent ( x _ 12 , Emma ) AND find . theme ( x _ 12 , Amelia )	elips_VPE_depth_gen
The dog confessed that Liam proved that the mother respected a cookie and so did Claire .	* dog ( x _ 0 ) ; * mother ( x _ 3 ) ; cookie ( x _ 4 ) AND confess . agent ( x _ 5 , x _ 0 ) AND confess . ccomp ( x _ 5, x _ 6 ) AND prove . agent ( x _ 6 , Liam ) AND prove . ccomp ( x _ 6, x _ 7 ) AND respect . agent ( x _ 7 , x _ 3 ) AND respect . theme ( x _ 7 , x _ 4 ) AND confess . agent ( x _ 8 , Claire ) AND confess . ccomp ( x _ 8, x _ 9 ) AND prove . agent ( x _ 9 , Liam ) AND prove . ccomp ( x _ 9, x _ 10 ) AND respect . agent ( x _ 10 , x _ 3 ) AND respect . theme ( x _ 10 , x _ 4 )	elips_VPE_depth_gen
A boy hoped that Logan liked that Michael poked the raisin and so did the child .	* raisin ( x _ 3 ) ; * child ( x _ 2 ) ; boy ( x _ 0 ) AND hope . agent ( x _ 4 , x _ 0 ) AND hope . ccomp ( x _ 4, x _ 5 ) AND like . agent ( x _ 5 , Logan ) AND like . ccomp ( x _ 5, x _ 6 ) AND poke . agent ( x _ 6 , Michael ) AND poke . theme ( x _ 6 , x _ 3 ) AND hope . agent ( x _ 7 , x _ 2 ) AND hope . ccomp ( x _ 7, x _ 8 ) AND like . agent ( x _ 8 , Logan ) AND like . ccomp ( x _ 8, x _ 9 ) AND poke . agent ( x _ 9 , Michael ) AND poke . theme ( x _ 9 , x _ 3 )	elips_VPE_depth_gen
A girl confessed that Liam liked that a mouse admired the plant and so did the boy .	* plant ( x _ 5 ) ; * boy ( x _ 3 ) ; girl ( x _ 0 ) AND mouse ( x _ 4 ) AND confess . agent ( x _ 6 , x _ 0 ) AND confess . ccomp ( x _ 6, x _ 7 ) AND like . agent ( x _ 7 , Liam ) AND like . ccomp ( x _ 7, x _ 8 ) AND admire . agent ( x _ 8 , x _ 4 ) AND admire . theme ( x _ 8 , x _ 5 ) AND confess . agent ( x _ 9 , x _ 3 ) AND confess . ccomp ( x _ 9, x _ 10 ) AND like . agent ( x _ 10 , Liam ) AND like . ccomp ( x _ 10, x _ 11 ) AND admire . agent ( x _ 11 , x _ 4 ) AND admire . theme ( x _ 11 , x _ 5 )	elips_VPE_depth_gen
James liked that a lion said that Sophia liked the hat and so did the boy .	* hat ( x _ 4 ) ; * boy ( x _ 2 ) ; lion ( x _ 3 ) AND like . agent ( x _ 5 , James ) AND like . ccomp ( x _ 5, x _ 6 ) AND say . agent ( x _ 6 , x _ 3 ) AND say . ccomp ( x _ 6, x _ 7 ) AND like . agent ( x _ 7 , Sophia ) AND like . theme ( x _ 7 , x _ 4 ) AND like . agent ( x _ 8 , x _ 2 ) AND like . ccomp ( x _ 8, x _ 9 ) AND say . agent ( x _ 9 , x _ 3 ) AND say . ccomp ( x _ 9, x _ 10 ) AND like . agent ( x _ 10 , Sophia ) AND like . theme ( x _ 10 , x _ 4 )	elips_VPE_depth_gen
The girl admired that James respected that Ellie liked that the duck poked the bear and so did a butterfly .	* girl ( x _ 0 ) ; * duck ( x _ 4 ) ; * bear ( x _ 5 ) ; butterfly ( x _ 3 ) AND admire . agent ( x _ 6 , x _ 0 ) AND admire . ccomp ( x _ 6, x _ 7 ) AND respect . agent ( x _ 7 , James ) AND respect . ccomp ( x _ 7, x _ 8 ) AND like . agent ( x _ 8 , Ellie ) AND like . ccomp ( x _ 8, x _ 9 ) AND poke . agent ( x _ 9 , x _ 4 ) AND poke . theme ( x _ 9 , x _ 5 ) AND admire . agent ( x _ 10 , x _ 3 ) AND admire . ccomp ( x _ 10, x _ 11 ) AND respect . agent ( x _ 11 , James ) AND respect . ccomp ( x _ 11, x _ 12 ) AND like . agent ( x _ 12 , Ellie ) AND like . ccomp ( x _ 12, x _ 13 ) AND poke . agent ( x _ 13 , x _ 4 ) AND poke . theme ( x _ 13 , x _ 5 )	elips_VPE_depth_gen
Noah noticed that a turtle declared that Liam found a game and so did the monkey .	* monkey ( x _ 2 ) ; turtle ( x _ 3 ) AND game ( x _ 4 ) AND notice . agent ( x _ 5 , Noah ) AND notice . ccomp ( x _ 5, x _ 6 ) AND declare . agent ( x _ 6 , x _ 3 ) AND declare . ccomp ( x _ 6, x _ 7 ) AND find . agent ( x _ 7 , Liam ) AND find . theme ( x _ 7 , x _ 4 ) AND notice . agent ( x _ 8 , x _ 2 ) AND notice . ccomp ( x _ 8, x _ 9 ) AND declare . agent ( x _ 9 , x _ 3 ) AND declare . ccomp ( x _ 9, x _ 10 ) AND find . agent ( x _ 10 , Liam ) AND find . theme ( x _ 10 , x _ 4 )	elips_VPE_depth_gen
The girl said that Liam liked that a boy found a crayon and so did Ava .	* girl ( x _ 0 ) ; boy ( x _ 3 ) AND crayon ( x _ 4 ) AND say . agent ( x _ 5 , x _ 0 ) AND say . ccomp ( x _ 5, x _ 6 ) AND like . agent ( x _ 6 , Liam ) AND like . ccomp ( x _ 6, x _ 7 ) AND find . agent ( x _ 7 , x _ 3 ) AND find . theme ( x _ 7 , x _ 4 ) AND say . agent ( x _ 8 , Ava ) AND say . ccomp ( x _ 8, x _ 9 ) AND like . agent ( x _ 9 , Liam ) AND like . ccomp ( x _ 9, x _ 10 ) AND find . agent ( x _ 10 , x _ 3 ) AND find . theme ( x _ 10 , x _ 4 )	elips_VPE_depth_gen
Emma believed that the dog confessed that Logan liked the brain and so did a boy .	* dog ( x _ 3 ) ; * brain ( x _ 4 ) ; boy ( x _ 2 ) AND believe . agent ( x _ 5 , Emma ) AND believe . ccomp ( x _ 5, x _ 6 ) AND confess . agent ( x _ 6 , x _ 3 ) AND confess . ccomp ( x _ 6, x _ 7 ) AND like . agent ( x _ 7 , Logan ) AND like . theme ( x _ 7 , x _ 4 ) AND believe . agent ( x _ 8 , x _ 2 ) AND believe . ccomp ( x _ 8, x _ 9 ) AND confess . agent ( x _ 9 , x _ 3 ) AND confess . ccomp ( x _ 9, x _ 10 ) AND like . agent ( x _ 10 , Logan ) AND like . theme ( x _ 10 , x _ 4 )	elips_VPE_depth_gen
Victoria admired that a girl confessed that Emma liked the dog and so did Harper .	* dog ( x _ 3 ) ; girl ( x _ 2 ) AND admire . agent ( x _ 4 , Victoria ) AND admire . ccomp ( x _ 4, x _ 5 ) AND confess . agent ( x _ 5 , x _ 2 ) AND confess . ccomp ( x _ 5, x _ 6 ) AND like . agent ( x _ 6 , Emma ) AND like . theme ( x _ 6 , x _ 3 ) AND admire . agent ( x _ 7 , Harper ) AND admire . ccomp ( x _ 7, x _ 8 ) AND confess . agent ( x _ 8 , x _ 2 ) AND confess . ccomp ( x _ 8, x _ 9 ) AND like . agent ( x _ 9 , Emma ) AND like . theme ( x _ 9 , x _ 3 )	elips_VPE_depth_gen
James said that Owen liked that the baby liked that Noah liked that a boy helped a drink and so did Olivia .	* baby ( x _ 3 ) ; boy ( x _ 4 ) AND drink ( x _ 5 ) AND say . agent ( x _ 6 , James ) AND say . ccomp ( x _ 6, x _ 7 ) AND like . agent ( x _ 7 , Owen ) AND like . ccomp ( x _ 7, x _ 8 ) AND like . agent ( x _ 8 , x _ 3 ) AND like . ccomp ( x _ 8, x _ 9 ) AND like . agent ( x _ 9 , Noah ) AND like . ccomp ( x _ 9, x _ 10 ) AND help . agent ( x _ 10 , x _ 4 ) AND help . theme ( x _ 10 , x _ 5 ) AND say . agent ( x _ 11 , Olivia ) AND say . ccomp ( x _ 11, x _ 12 ) AND like . agent ( x _ 12 , Owen ) AND like . ccomp ( x _ 12, x _ 13 ) AND like . agent ( x _ 13 , x _ 3 ) AND like . ccomp ( x _ 13, x _ 14 ) AND like . agent ( x _ 14 , Noah ) AND like . ccomp ( x _ 14, x _ 15 ) AND help . agent ( x _ 15 , x _ 4 ) AND help . theme ( x _ 15 , x _ 5 )	elips_VPE_depth_gen
A boy thought that William liked that James liked that Sofia liked the girl and so did Noah .	* girl ( x _ 2 ) ; boy ( x _ 0 ) AND think . agent ( x _ 3 , x _ 0 ) AND think . ccomp ( x _ 3, x _ 4 ) AND like . agent ( x _ 4 , William ) AND like . ccomp ( x _ 4, x _ 5 ) AND like . agent ( x _ 5 , James ) AND like . ccomp ( x _ 5, x _ 6 ) AND like . agent ( x _ 6 , Sofia ) AND like . theme ( x _ 6 , x _ 2 ) AND think . agent ( x _ 7 , Noah ) AND think . ccomp ( x _ 7, x _ 8 ) AND like . agent ( x _ 8 , William ) AND like . ccomp ( x _ 8, x _ 9 ) AND like . agent ( x _ 9 , James ) AND like . ccomp ( x _ 9, x _ 10 ) AND like . agent ( x _ 10 , Sofia ) AND like . theme ( x _ 10 , x _ 2 )	elips_VPE_depth_gen
The father liked that Liam said that Emma respected that William missed the melon and so did the girl .	* father ( x _ 0 ) ; * melon ( x _ 3 ) ; * girl ( x _ 2 ) ; like . agent ( x _ 4 , x _ 0 ) AND like . ccomp ( x _ 4, x _ 5 ) AND say . agent ( x _ 5 , Liam ) AND say . ccomp ( x _ 5, x _ 6 ) AND respect . agent ( x _ 6 , Emma ) AND respect . ccomp ( x _ 6, x _ 7 ) AND miss . agent ( x _ 7 , William ) AND miss . theme ( x _ 7 , x _ 3 ) AND like . agent ( x _ 8 , x _ 2 ) AND like . ccomp ( x _ 8, x _ 9 ) AND say . agent ( x _ 9 , Liam ) AND say . ccomp ( x _ 9, x _ 10 ) AND respect . agent ( x _ 10 , Emma ) AND respect . ccomp ( x _ 10, x _ 11 ) AND miss . agent ( x _ 11 , William ) AND miss . theme ( x _ 11 , x _ 3 )	elips_VPE_depth_gen
Joshua noticed that Liam hoped that Emma helped a horse and so did Noah .	horse ( x _ 1 ) AND notice . agent ( x _ 2 , Joshua ) AND notice . ccomp ( x _ 2, x _ 3 ) AND hope . agent ( x _ 3 , Liam ) AND hope . ccomp ( x _ 3, x _ 4 ) AND help . agent ( x _ 4 , Emma ) AND help . theme ( x _ 4 , x _ 1 ) AND notice . agent ( x _ 5 , Noah ) AND notice . ccomp ( x _ 5, x _ 6 ) AND hope . agent ( x _ 6 , Liam ) AND hope . ccomp ( x _ 6, x _ 7 ) AND help . agent ( x _ 7 , Emma ) AND help . theme ( x _ 7 , x _ 1 )	elips_VPE_depth_gen
The girl liked that Emma noticed that a kitty liked that the cat liked that the teacher helped a can and so did a governor .	* girl ( x _ 0 ) ; * cat ( x _ 7 ) ; * teacher ( x _ 8 ) ; kitty ( x _ 6 ) AND can ( x _ 9 ) AND governor ( x _ 5 ) AND like . agent ( x _ 10 , x _ 0 ) AND like . ccomp ( x _ 10, x _ 11 ) AND notice . agent ( x _ 11 , Emma ) AND notice . ccomp ( x _ 11, x _ 12 ) AND like . agent ( x _ 12 , x _ 6 ) AND like . ccomp ( x _ 12, x _ 13 ) AND like . agent ( x _ 13 , x _ 7 ) AND like . ccomp ( x _ 13, x _ 14 ) AND help . agent ( x _ 14 , x _ 8 ) AND help . theme ( x _ 14 , x _ 9 ) AND like . agent ( x _ 15 , x _ 5 ) AND like . ccomp ( x _ 15, x _ 16 ) AND notice . agent ( x _ 16 , Emma ) AND notice . ccomp ( x _ 16, x _ 17 ) AND like . agent ( x _ 17 , x _ 6 ) AND like . ccomp ( x _ 17, x _ 18 ) AND like . agent ( x _ 18 , x _ 7 ) AND like . ccomp ( x _ 18, x _ 19 ) AND help . agent ( x _ 19 , x _ 8 ) AND help . theme ( x _ 19 , x _ 9 )	elips_VPE_depth_gen
Liam hoped that Ava liked that the girl liked Henry and so did the sailor .	* girl ( x _ 2 ) ; * sailor ( x _ 1 ) ; hope . agent ( x _ 3 , Liam ) AND hope . ccomp ( x _ 3, x _ 4 ) AND like . agent ( x _ 4 , Ava ) AND like . ccomp ( x _ 4, x _ 5 ) AND like . agent ( x _ 5 , x _ 2 ) AND like . theme ( x _ 5 , Henry ) AND hope . agent ( x _ 6 , x _ 1 ) AND hope . ccomp ( x _ 6, x _ 7 ) AND like . agent ( x _ 7 , Ava ) AND like . ccomp ( x _ 7, x _ 8 ) AND like . agent ( x _ 8 , x _ 2 ) AND like . theme ( x _ 8 , Henry )	elips_VPE_depth_gen
The sheep liked that a chicken said that the giraffe liked that the girl found a hamburger and so did Emma .	* sheep ( x _ 0 ) ; * giraffe ( x _ 6 ) ; * girl ( x _ 7 ) ; chicken ( x _ 5 ) AND hamburger ( x _ 8 ) AND like . agent ( x _ 9 , x _ 0 ) AND like . ccomp ( x _ 9, x _ 10 ) AND say . agent ( x _ 10 , x _ 5 ) AND say . ccomp ( x _ 10, x _ 11 ) AND like . agent ( x _ 11 , x _ 6 ) AND like . ccomp ( x _ 11, x _ 12 ) AND find . agent ( x _ 12 , x _ 7 ) AND find . theme ( x _ 12 , x _ 8 ) AND like . agent ( x _ 13 , Emma ) AND like . ccomp ( x _ 13, x _ 14 ) AND say . agent ( x _ 14 , x _ 5 ) AND say . ccomp ( x _ 14, x _ 15 ) AND like . agent ( x _ 15 , x _ 6 ) AND like . ccomp ( x _ 15, x _ 16 ) AND find . agent ( x _ 16 , x _ 7 ) AND find . theme ( x _ 16 , x _ 8 )	elips_VPE_depth_gen
Addison said that the cat hoped that a child liked that Emma liked a girl and so did a dog .	* cat ( x _ 4 ) ; child ( x _ 5 ) AND girl ( x _ 6 ) AND dog ( x _ 3 ) AND say . agent ( x _ 7 , Addison ) AND say . ccomp ( x _ 7, x _ 8 ) AND hope . agent ( x _ 8 , x _ 4 ) AND hope . ccomp ( x _ 8, x _ 9 ) AND like . agent ( x _ 9 , x _ 5 ) AND like . ccomp ( x _ 9, x _ 10 ) AND like . agent ( x _ 10 , Emma ) AND like . theme ( x _ 10 , x _ 6 ) AND say . agent ( x _ 11 , x _ 3 ) AND say . ccomp ( x _ 11, x _ 12 ) AND hope . agent ( x _ 12 , x _ 4 ) AND hope . ccomp ( x _ 12, x _ 13 ) AND like . agent ( x _ 13 , x _ 5 ) AND like . ccomp ( x _ 13, x _ 14 ) AND like . agent ( x _ 14 , Emma ) AND like . theme ( x _ 14 , x _ 6 )	elips_VPE_depth_gen
Bella liked that the boy hoped that Charlotte missed a teacher and so did Dylan .	* boy ( x _ 2 ) ; teacher ( x _ 3 ) AND like . agent ( x _ 4 , Bella ) AND like . ccomp ( x _ 4, x _ 5 ) AND hope . agent ( x _ 5 , x _ 2 ) AND hope . ccomp ( x _ 5, x _ 6 ) AND miss . agent ( x _ 6 , Charlotte ) AND miss . theme ( x _ 6 , x _ 3 ) AND like . agent ( x _ 7 , Dylan ) AND like . ccomp ( x _ 7, x _ 8 ) AND hope . agent ( x _ 8 , x _ 2 ) AND hope . ccomp ( x _ 8, x _ 9 ) AND miss . agent ( x _ 9 , Charlotte ) AND miss . theme ( x _ 9 , x _ 3 )	elips_VPE_depth_gen
Liam confessed that Bella hoped that Elijah helped a raisin and so did Eleanor .	raisin ( x _ 1 ) AND confess . agent ( x _ 2 , Liam ) AND confess . ccomp ( x _ 2, x _ 3 ) AND hope . agent ( x _ 3 , Bella ) AND hope . ccomp ( x _ 3, x _ 4 ) AND help . agent ( x _ 4 , Elijah ) AND help . theme ( x _ 4 , x _ 1 ) AND confess . agent ( x _ 5 , Eleanor ) AND confess . ccomp ( x _ 5, x _ 6 ) AND hope . agent ( x _ 6 , Bella ) AND hope . ccomp ( x _ 6, x _ 7 ) AND help . agent ( x _ 7 , Elijah ) AND help . theme ( x _ 7 , x _ 1 )	elips_VPE_depth_gen
Lincoln appreciated that Elizabeth proved that a bunny helped the donut and so did Liam .	* donut ( x _ 3 ) ; bunny ( x _ 2 ) AND appreciate . agent ( x _ 4 , Lincoln ) AND appreciate . ccomp ( x _ 4, x _ 5 ) AND prove . agent ( x _ 5 , Elizabeth ) AND prove . ccomp ( x _ 5, x _ 6 ) AND help . agent ( x _ 6 , x _ 2 ) AND help . theme ( x _ 6 , x _ 3 ) AND appreciate . agent ( x _ 7 , Liam ) AND appreciate . ccomp ( x _ 7, x _ 8 ) AND prove . agent ( x _ 8 , Elizabeth ) AND prove . ccomp ( x _ 8, x _ 9 ) AND help . agent ( x _ 9 , x _ 2 ) AND help . theme ( x _ 9 , x _ 3 )	elips_VPE_depth_gen
The dog liked that Noah noticed that Emma adored a drink and so did Olivia .	* dog ( x _ 0 ) ; drink ( x _ 2 ) AND like . agent ( x _ 3 , x _ 0 ) AND like . ccomp ( x _ 3, x _ 4 ) AND notice . agent ( x _ 4 , Noah ) AND notice . ccomp ( x _ 4, x _ 5 ) AND adore . agent ( x _ 5 , Emma ) AND adore . theme ( x _ 5 , x _ 2 ) AND like . agent ( x _ 6 , Olivia ) AND like . ccomp ( x _ 6, x _ 7 ) AND notice . agent ( x _ 7 , Noah ) AND notice . ccomp ( x _ 7, x _ 8 ) AND adore . agent ( x _ 8 , Emma ) AND adore . theme ( x _ 8 , x _ 2 )	elips_VPE_depth_gen
Jacob hoped that Emma said that a dog liked the boy and so did a baby .	* boy ( x _ 4 ) ; dog ( x _ 3 ) AND baby ( x _ 2 ) AND hope . agent ( x _ 5 , Jacob ) AND hope . ccomp ( x _ 5, x _ 6 ) AND say . agent ( x _ 6 , Emma ) AND say . ccomp ( x _ 6, x _ 7 ) AND like . agent ( x _ 7 , x _ 3 ) AND like . theme ( x _ 7 , x _ 4 ) AND hope . agent ( x _ 8 , x _ 2 ) AND hope . ccomp ( x _ 8, x _ 9 ) AND say . agent ( x _ 9 , Emma ) AND say . ccomp ( x _ 9, x _ 10 ) AND like . agent ( x _ 10 , x _ 3 ) AND like . theme ( x _ 10 , x _ 4 )	elips_VPE_depth_gen
The bird appreciated that a pony hoped that Isaac missed a lion and so did Liam .	* bird ( x _ 0 ) ; pony ( x _ 3 ) AND lion ( x _ 4 ) AND appreciate . agent ( x _ 5 , x _ 0 ) AND appreciate . ccomp ( x _ 5, x _ 6 ) AND hope . agent ( x _ 6 , x _ 3 ) AND hope . ccomp ( x _ 6, x _ 7 ) AND miss . agent ( x _ 7 , Isaac ) AND miss . theme ( x _ 7 , x _ 4 ) AND appreciate . agent ( x _ 8 , Liam ) AND appreciate . ccomp ( x _ 8, x _ 9 ) AND hope . agent ( x _ 9 , x _ 3 ) AND hope . ccomp ( x _ 9, x _ 10 ) AND miss . agent ( x _ 10 , Isaac ) AND miss . theme ( x _ 10 , x _ 4 )	elips_VPE_depth_gen
Emma declared that the boy liked that the dog respected the cake and so did Sofia .	* boy ( x _ 3 ) ; * dog ( x _ 4 ) ; * cake ( x _ 5 ) ; declare . agent ( x _ 6 , Emma ) AND declare . ccomp ( x _ 6, x _ 7 ) AND like . agent ( x _ 7 , x _ 3 ) AND like . ccomp ( x _ 7, x _ 8 ) AND respect . agent ( x _ 8 , x _ 4 ) AND respect . theme ( x _ 8 , x _ 5 ) AND declare . agent ( x _ 9 , Sofia ) AND declare . ccomp ( x _ 9, x _ 10 ) AND like . agent ( x _ 10 , x _ 3 ) AND like . ccomp ( x _ 10, x _ 11 ) AND respect . agent ( x _ 11 , x _ 4 ) AND respect . theme ( x _ 11 , x _ 5 )	elips_VPE_depth_gen
Liam liked that Ava supported that Olivia found the cake and so did Amelia .	* cake ( x _ 1 ) ; like . agent ( x _ 2 , Liam ) AND like . ccomp ( x _ 2, x _ 3 ) AND support . agent ( x _ 3 , Ava ) AND support . ccomp ( x _ 3, x _ 4 ) AND find . agent ( x _ 4 , Olivia ) AND find . theme ( x _ 4 , x _ 1 ) AND like . agent ( x _ 5 , Amelia ) AND like . ccomp ( x _ 5, x _ 6 ) AND support . agent ( x _ 6 , Ava ) AND support . ccomp ( x _ 6, x _ 7 ) AND find . agent ( x _ 7 , Olivia ) AND find . theme ( x _ 7 , x _ 1 )	elips_VPE_depth_gen
Abigail liked that Noah liked that a girl liked a cake and so did Audrey .	girl ( x _ 2 ) AND cake ( x _ 3 ) AND like . agent ( x _ 4 , Abigail ) AND like . ccomp ( x _ 4, x _ 5 ) AND like . agent ( x _ 5 , Noah ) AND like . ccomp ( x _ 5, x _ 6 ) AND like . agent ( x _ 6 , x _ 2 ) AND like . theme ( x _ 6 , x _ 3 ) AND like . agent ( x _ 7 , Audrey ) AND like . ccomp ( x _ 7, x _ 8 ) AND like . agent ( x _ 8 , Noah ) AND like . ccomp ( x _ 8, x _ 9 ) AND like . agent ( x _ 9 , x _ 2 ) AND like . theme ( x _ 9 , x _ 3 )	elips_VPE_depth_gen
The giraffe liked that Emma supported that Logan admired the cake and so did the dog .	* giraffe ( x _ 0 ) ; * cake ( x _ 3 ) ; * dog ( x _ 2 ) ; like . agent ( x _ 4 , x _ 0 ) AND like . ccomp ( x _ 4, x _ 5 ) AND support . agent ( x _ 5 , Emma ) AND support . ccomp ( x _ 5, x _ 6 ) AND admire . agent ( x _ 6 , Logan ) AND admire . theme ( x _ 6 , x _ 3 ) AND like . agent ( x _ 7 , x _ 2 ) AND like . ccomp ( x _ 7, x _ 8 ) AND support . agent ( x _ 8 , Emma ) AND support . ccomp ( x _ 8, x _ 9 ) AND admire . agent ( x _ 9 , Logan ) AND admire . theme ( x _ 9 , x _ 3 )	elips_VPE_depth_gen
A girl believed that Noah hoped that Mason found a lollipop and so did Matthew .	girl ( x _ 0 ) AND lollipop ( x _ 2 ) AND believe . agent ( x _ 3 , x _ 0 ) AND believe . ccomp ( x _ 3, x _ 4 ) AND hope . agent ( x _ 4 , Noah ) AND hope . ccomp ( x _ 4, x _ 5 ) AND find . agent ( x _ 5 , Mason ) AND find . theme ( x _ 5 , x _ 2 ) AND believe . agent ( x _ 6 , Matthew ) AND believe . ccomp ( x _ 6, x _ 7 ) AND hope . agent ( x _ 7 , Noah ) AND hope . ccomp ( x _ 7, x _ 8 ) AND find . agent ( x _ 8 , Mason ) AND find . theme ( x _ 8 , x _ 2 )	elips_VPE_depth_gen
A boy declared that Olivia hoped that the teacher found the bird and so did Liam .	* teacher ( x _ 3 ) ; * bird ( x _ 4 ) ; boy ( x _ 0 ) AND declare . agent ( x _ 5 , x _ 0 ) AND declare . ccomp ( x _ 5, x _ 6 ) AND hope . agent ( x _ 6 , Olivia ) AND hope . ccomp ( x _ 6, x _ 7 ) AND find . agent ( x _ 7 , x _ 3 ) AND find . theme ( x _ 7 , x _ 4 ) AND declare . agent ( x _ 8 , Liam ) AND declare . ccomp ( x _ 8, x _ 9 ) AND hope . agent ( x _ 9 , Olivia ) AND hope . ccomp ( x _ 9, x _ 10 ) AND find . agent ( x _ 10 , x _ 3 ) AND find . theme ( x _ 10 , x _ 4 )	elips_VPE_depth_gen
Olivia proved that the girl believed that a child poked Abigail and so did Jayden .	* girl ( x _ 2 ) ; child ( x _ 3 ) AND prove . agent ( x _ 4 , Olivia ) AND prove . ccomp ( x _ 4, x _ 5 ) AND believe . agent ( x _ 5 , x _ 2 ) AND believe . ccomp ( x _ 5, x _ 6 ) AND poke . agent ( x _ 6 , x _ 3 ) AND poke . theme ( x _ 6 , Abigail ) AND prove . agent ( x _ 7 , Jayden ) AND prove . ccomp ( x _ 7, x _ 8 ) AND believe . agent ( x _ 8 , x _ 2 ) AND believe . ccomp ( x _ 8, x _ 9 ) AND poke . agent ( x _ 9 , x _ 3 ) AND poke . theme ( x _ 9 , Abigail )	elips_VPE_depth_gen
Olivia liked that Emma thought that Noah liked that the bunny adored a melon and so did a turtle .	* bunny ( x _ 3 ) ; melon ( x _ 4 ) AND turtle ( x _ 2 ) AND like . agent ( x _ 5 , Olivia ) AND like . ccomp ( x _ 5, x _ 6 ) AND think . agent ( x _ 6 , Emma ) AND think . ccomp ( x _ 6, x _ 7 ) AND like . agent ( x _ 7 , Noah ) AND like . ccomp ( x _ 7, x _ 8 ) AND adore . agent ( x _ 8 , x _ 3 ) AND adore . theme ( x _ 8 , x _ 4 ) AND like . agent ( x _ 9 , x _ 2 ) AND like . ccomp ( x _ 9, x _ 10 ) AND think . agent ( x _ 10 , Emma ) AND think . ccomp ( x _ 10, x _ 11 ) AND like . agent ( x _ 11 , Noah ) AND like . ccomp ( x _ 11, x _ 12 ) AND adore . agent ( x _ 12 , x _ 3 ) AND adore . theme ( x _ 12 , x _ 4 )	elips_VPE_depth_gen
William hoped that Logan liked that the boy liked a cake and so did a bee .	* boy ( x _ 3 ) ; cake ( x _ 4 ) AND bee ( x _ 2 ) AND hope . agent ( x _ 5 , William ) AND hope . ccomp ( x _ 5, x _ 6 ) AND like . agent ( x _ 6 , Logan ) AND like . ccomp ( x _ 6, x _ 7 ) AND like . agent ( x _ 7 , x _ 3 ) AND like . theme ( x _ 7 , x _ 4 ) AND hope . agent ( x _ 8 , x _ 2 ) AND hope . ccomp ( x _ 8, x _ 9 ) AND like . agent ( x _ 9 , Logan ) AND like . ccomp ( x _ 9, x _ 10 ) AND like . agent ( x _ 10 , x _ 3 ) AND like . theme ( x _ 10 , x _ 4 )	elips_VPE_depth_gen
Olivia proved that Liam liked that a director hoped that a baby liked the cracker and so did a chicken .	* cracker ( x _ 6 ) ; director ( x _ 4 ) AND baby ( x _ 5 ) AND chicken ( x _ 3 ) AND prove . agent ( x _ 7 , Olivia ) AND prove . ccomp ( x _ 7, x _ 8 ) AND like . agent ( x _ 8 , Liam ) AND like . ccomp ( x _ 8, x _ 9 ) AND hope . agent ( x _ 9 , x _ 4 ) AND hope . ccomp ( x _ 9, x _ 10 ) AND like . agent ( x _ 10 , x _ 5 ) AND like . theme ( x _ 10 , x _ 6 ) AND prove . agent ( x _ 11 , x _ 3 ) AND prove . ccomp ( x _ 11, x _ 12 ) AND like . agent ( x _ 12 , Liam ) AND like . ccomp ( x _ 12, x _ 13 ) AND hope . agent ( x _ 13 , x _ 4 ) AND hope . ccomp ( x _ 13, x _ 14 ) AND like . agent ( x _ 14 , x _ 5 ) AND like . theme ( x _ 14 , x _ 6 )	elips_VPE_depth_gen
Ryan declared that the girl liked that the passenger liked Amelia and so did Ava .	* girl ( x _ 2 ) ; * passenger ( x _ 3 ) ; declare . agent ( x _ 4 , Ryan ) AND declare . ccomp ( x _ 4, x _ 5 ) AND like . agent ( x _ 5 , x _ 2 ) AND like . ccomp ( x _ 5, x _ 6 ) AND like . agent ( x _ 6 , x _ 3 ) AND like . theme ( x _ 6 , Amelia ) AND declare . agent ( x _ 7 , Ava ) AND declare . ccomp ( x _ 7, x _ 8 ) AND like . agent ( x _ 8 , x _ 2 ) AND like . ccomp ( x _ 8, x _ 9 ) AND like . agent ( x _ 9 , x _ 3 ) AND like . theme ( x _ 9 , Amelia )	elips_VPE_depth_gen
Olivia hoped that Emma expected that a friend poked a cake and so did the boy .	* boy ( x _ 2 ) ; friend ( x _ 3 ) AND cake ( x _ 4 ) AND hope . agent ( x _ 5 , Olivia ) AND hope . ccomp ( x _ 5, x _ 6 ) AND expect . agent ( x _ 6 , Emma ) AND expect . ccomp ( x _ 6, x _ 7 ) AND poke . agent ( x _ 7 , x _ 3 ) AND poke . theme ( x _ 7 , x _ 4 ) AND hope . agent ( x _ 8 , x _ 2 ) AND hope . ccomp ( x _ 8, x _ 9 ) AND expect . agent ( x _ 9 , Emma ) AND expect . ccomp ( x _ 9, x _ 10 ) AND poke . agent ( x _ 10 , x _ 3 ) AND poke . theme ( x _ 10 , x _ 4 )	elips_VPE_depth_gen
The tourist hoped that a dog confessed that Emma liked that a manager admired a cake and so did a girl .	* tourist ( x _ 0 ) ; dog ( x _ 5 ) AND manager ( x _ 6 ) AND cake ( x _ 7 ) AND girl ( x _ 4 ) AND hope . agent ( x _ 8 , x _ 0 ) AND hope . ccomp ( x _ 8, x _ 9 ) AND confess . agent ( x _ 9 , x _ 5 ) AND confess . ccomp ( x _ 9, x _ 10 ) AND like . agent ( x _ 10 , Emma ) AND like . ccomp ( x _ 10, x _ 11 ) AND admire . agent ( x _ 11 , x _ 6 ) AND admire . theme ( x _ 11 , x _ 7 ) AND hope . agent ( x _ 12 , x _ 4 ) AND hope . ccomp ( x _ 12, x _ 13 ) AND confess . agent ( x _ 13 , x _ 5 ) AND confess . ccomp ( x _ 13, x _ 14 ) AND like . agent ( x _ 14 , Emma ) AND like . ccomp ( x _ 14, x _ 15 ) AND admire . agent ( x _ 15 , x _ 6 ) AND admire . theme ( x _ 15 , x _ 7 )	elips_VPE_depth_gen
Liam believed that Ava liked that Emma liked that Olivia found the cake and so did the duke .	* cake ( x _ 2 ) ; * duke ( x _ 1 ) ; believe . agent ( x _ 3 , Liam ) AND believe . ccomp ( x _ 3, x _ 4 ) AND like . agent ( x _ 4 , Ava ) AND like . ccomp ( x _ 4, x _ 5 ) AND like . agent ( x _ 5 , Emma ) AND like . ccomp ( x _ 5, x _ 6 ) AND find . agent ( x _ 6 , Olivia ) AND find . theme ( x _ 6 , x _ 2 ) AND believe . agent ( x _ 7 , x _ 1 ) AND believe . ccomp ( x _ 7, x _ 8 ) AND like . agent ( x _ 8 , Ava ) AND like . ccomp ( x _ 8, x _ 9 ) AND like . agent ( x _ 9 , Emma ) AND like . ccomp ( x _ 9, x _ 10 ) AND find . agent ( x _ 10 , Olivia ) AND find . theme ( x _ 10 , x _ 2 )	elips_VPE_depth_gen
Oliver meant that Emma meant that a teacher liked a donut and so did Isabella .	teacher ( x _ 2 ) AND donut ( x _ 3 ) AND mean . agent ( x _ 4 , Oliver ) AND mean . ccomp ( x _ 4, x _ 5 ) AND mean . agent ( x _ 5 , Emma ) AND mean . ccomp ( x _ 5, x _ 6 ) AND like . agent ( x _ 6 , x _ 2 ) AND like . theme ( x _ 6 , x _ 3 ) AND mean . agent ( x _ 7 , Isabella ) AND mean . ccomp ( x _ 7, x _ 8 ) AND mean . agent ( x _ 8 , Emma ) AND mean . ccomp ( x _ 8, x _ 9 ) AND like . agent ( x _ 9 , x _ 2 ) AND like . theme ( x _ 9 , x _ 3 )	elips_VPE_depth_gen
Liam expected that the cow liked that Sophia hoped that the baby found the teacher and so did a girl .	* cow ( x _ 4 ) ; * baby ( x _ 5 ) ; * teacher ( x _ 6 ) ; girl ( x _ 3 ) AND expect . agent ( x _ 7 , Liam ) AND expect . ccomp ( x _ 7, x _ 8 ) AND like . agent ( x _ 8 , x _ 4 ) AND like . ccomp ( x _ 8, x _ 9 ) AND hope . agent ( x _ 9 , Sophia ) AND hope . ccomp ( x _ 9, x _ 10 ) AND find . agent ( x _ 10 , x _ 5 ) AND find . theme ( x _ 10 , x _ 6 ) AND expect . agent ( x _ 11 , x _ 3 ) AND expect . ccomp ( x _ 11, x _ 12 ) AND like . agent ( x _ 12 , x _ 4 ) AND like . ccomp ( x _ 12, x _ 13 ) AND hope . agent ( x _ 13 , Sophia ) AND hope . ccomp ( x _ 13, x _ 14 ) AND find . agent ( x _ 14 , x _ 5 ) AND find . theme ( x _ 14 , x _ 6 )	elips_VPE_depth_gen
Sebastian liked that Sophia liked that Daniel helped the cake and so did Liam .	* cake ( x _ 1 ) ; like . agent ( x _ 2 , Sebastian ) AND like . ccomp ( x _ 2, x _ 3 ) AND like . agent ( x _ 3 , Sophia ) AND like . ccomp ( x _ 3, x _ 4 ) AND help . agent ( x _ 4 , Daniel ) AND help . theme ( x _ 4 , x _ 1 ) AND like . agent ( x _ 5 , Liam ) AND like . ccomp ( x _ 5, x _ 6 ) AND like . agent ( x _ 6 , Sophia ) AND like . ccomp ( x _ 6, x _ 7 ) AND help . agent ( x _ 7 , Daniel ) AND help . theme ( x _ 7 , x _ 1 )	elips_VPE_depth_gen
Jack liked that Isabella liked that the teacher admired a cookie and so did Theodore .	* teacher ( x _ 2 ) ; cookie ( x _ 3 ) AND like . agent ( x _ 4 , Jack ) AND like . ccomp ( x _ 4, x _ 5 ) AND like . agent ( x _ 5 , Isabella ) AND like . ccomp ( x _ 5, x _ 6 ) AND admire . agent ( x _ 6 , x _ 2 ) AND admire . theme ( x _ 6 , x _ 3 ) AND like . agent ( x _ 7 , Theodore ) AND like . ccomp ( x _ 7, x _ 8 ) AND like . agent ( x _ 8 , Isabella ) AND like . ccomp ( x _ 8, x _ 9 ) AND admire . agent ( x _ 9 , x _ 2 ) AND admire . theme ( x _ 9 , x _ 3 )	elips_VPE_depth_gen
Emma wished that Elijah hoped that the cat liked that Sophia liked that a girl liked a box and so did a dog .	* cat ( x _ 4 ) ; girl ( x _ 5 ) AND box ( x _ 6 ) AND dog ( x _ 3 ) AND wish . agent ( x _ 7 , Emma ) AND wish . ccomp ( x _ 7, x _ 8 ) AND hope . agent ( x _ 8 , Elijah ) AND hope . ccomp ( x _ 8, x _ 9 ) AND like . agent ( x _ 9 , x _ 4 ) AND like . ccomp ( x _ 9, x _ 10 ) AND like . agent ( x _ 10 , Sophia ) AND like . ccomp ( x _ 10, x _ 11 ) AND like . agent ( x _ 11 , x _ 5 ) AND like . theme ( x _ 11 , x _ 6 ) AND wish . agent ( x _ 12 , x _ 3 ) AND wish . ccomp ( x _ 12, x _ 13 ) AND hope . agent ( x _ 13 , Elijah ) AND hope . ccomp ( x _ 13, x _ 14 ) AND like . agent ( x _ 14 , x _ 4 ) AND like . ccomp ( x _ 14, x _ 15 ) AND like . agent ( x _ 15 , Sophia ) AND like . ccomp ( x _ 15, x _ 16 ) AND like . agent ( x _ 16 , x _ 5 ) AND like . theme ( x _ 16 , x _ 6 )	elips_VPE_depth_gen
Elijah liked that William confessed that a customer found a giraffe and so did the girl .	* girl ( x _ 2 ) ; customer ( x _ 3 ) AND giraffe ( x _ 4 ) AND like . agent ( x _ 5 , Elijah ) AND like . ccomp ( x _ 5, x _ 6 ) AND confess . agent ( x _ 6 , William ) AND confess . ccomp ( x _ 6, x _ 7 ) AND find . agent ( x _ 7 , x _ 3 ) AND find . theme ( x _ 7 , x _ 4 ) AND like . agent ( x _ 8 , x _ 2 ) AND like . ccomp ( x _ 8, x _ 9 ) AND confess . agent ( x _ 9 , William ) AND confess . ccomp ( x _ 9, x _ 10 ) AND find . agent ( x _ 10 , x _ 3 ) AND find . theme ( x _ 10 , x _ 4 )	elips_VPE_depth_gen
Mason confessed that a boy hoped that a girl adored a cat and so did Emma .	boy ( x _ 3 ) AND girl ( x _ 4 ) AND cat ( x _ 5 ) AND confess . agent ( x _ 6 , Mason ) AND confess . ccomp ( x _ 6, x _ 7 ) AND hope . agent ( x _ 7 , x _ 3 ) AND hope . ccomp ( x _ 7, x _ 8 ) AND adore . agent ( x _ 8 , x _ 4 ) AND adore . theme ( x _ 8 , x _ 5 ) AND confess . agent ( x _ 9 , Emma ) AND confess . ccomp ( x _ 9, x _ 10 ) AND hope . agent ( x _ 10 , x _ 3 ) AND hope . ccomp ( x _ 10, x _ 11 ) AND adore . agent ( x _ 11 , x _ 4 ) AND adore . theme ( x _ 11 , x _ 5 )	elips_VPE_depth_gen
A baby respected that Matthew respected that the boy respected the bat and so did Emma .	* boy ( x _ 3 ) ; * bat ( x _ 4 ) ; baby ( x _ 0 ) AND respect . agent ( x _ 5 , x _ 0 ) AND respect . ccomp ( x _ 5, x _ 6 ) AND respect . agent ( x _ 6 , Matthew ) AND respect . ccomp ( x _ 6, x _ 7 ) AND respect . agent ( x _ 7 , x _ 3 ) AND respect . theme ( x _ 7 , x _ 4 ) AND respect . agent ( x _ 8 , Emma ) AND respect . ccomp ( x _ 8, x _ 9 ) AND respect . agent ( x _ 9 , Matthew ) AND respect . ccomp ( x _ 9, x _ 10 ) AND respect . agent ( x _ 10 , x _ 3 ) AND respect . theme ( x _ 10 , x _ 4 )	elips_VPE_depth_gen
Liam said that the boy expected that Charlotte helped Oliver and so did Olivia .	* boy ( x _ 1 ) ; say . agent ( x _ 2 , Liam ) AND say . ccomp ( x _ 2, x _ 3 ) AND expect . agent ( x _ 3 , x _ 1 ) AND expect . ccomp ( x _ 3, x _ 4 ) AND help . agent ( x _ 4 , Charlotte ) AND help . theme ( x _ 4 , Oliver ) AND say . agent ( x _ 5 , Olivia ) AND say . ccomp ( x _ 5, x _ 6 ) AND expect . agent ( x _ 6 , x _ 1 ) AND expect . ccomp ( x _ 6, x _ 7 ) AND help . agent ( x _ 7 , Charlotte ) AND help . theme ( x _ 7 , Oliver )	elips_VPE_depth_gen
A baby liked that the producer hoped that Emma liked the girl and so did a zebra .	* producer ( x _ 4 ) ; * girl ( x _ 5 ) ; baby ( x _ 0 ) AND zebra ( x _ 3 ) AND like . agent ( x _ 6 , x _ 0 ) AND like . ccomp ( x _ 6, x _ 7 ) AND hope . agent ( x _ 7 , x _ 4 ) AND hope . ccomp ( x _ 7, x _ 8 ) AND like . agent ( x _ 8 , Emma ) AND like . theme ( x _ 8 , x _ 5 ) AND like . agent ( x _ 9 , x _ 3 ) AND like . ccomp ( x _ 9, x _ 10 ) AND hope . agent ( x _ 10 , x _ 4 ) AND hope . ccomp ( x _ 10, x _ 11 ) AND like . agent ( x _ 11 , Emma ) AND like . theme ( x _ 11 , x _ 5 )	elips_VPE_depth_gen
Olivia tolerated that a girl hoped that Liam found a cake and so did a dog .	girl ( x _ 3 ) AND cake ( x _ 4 ) AND dog ( x _ 2 ) AND tolerate . agent ( x _ 5 , Olivia ) AND tolerate . ccomp ( x _ 5, x _ 6 ) AND hope . agent ( x _ 6 , x _ 3 ) AND hope . ccomp ( x _ 6, x _ 7 ) AND find . agent ( x _ 7 , Liam ) AND find . theme ( x _ 7 , x _ 4 ) AND tolerate . agent ( x _ 8 , x _ 2 ) AND tolerate . ccomp ( x _ 8, x _ 9 ) AND hope . agent ( x _ 9 , x _ 3 ) AND hope . ccomp ( x _ 9, x _ 10 ) AND find . agent ( x _ 10 , Liam ) AND find . theme ( x _ 10 , x _ 4 )	elips_VPE_depth_gen
A boy proved that Olivia said that the fish found Grace and so did Stella .	* fish ( x _ 2 ) ; boy ( x _ 0 ) AND prove . agent ( x _ 3 , x _ 0 ) AND prove . ccomp ( x _ 3, x _ 4 ) AND say . agent ( x _ 4 , Olivia ) AND say . ccomp ( x _ 4, x _ 5 ) AND find . agent ( x _ 5 , x _ 2 ) AND find . theme ( x _ 5 , Grace ) AND prove . agent ( x _ 6 , Stella ) AND prove . ccomp ( x _ 6, x _ 7 ) AND say . agent ( x _ 7 , Olivia ) AND say . ccomp ( x _ 7, x _ 8 ) AND find . agent ( x _ 8 , x _ 2 ) AND find . theme ( x _ 8 , Grace )	elips_VPE_depth_gen
A boy liked that a chicken declared that a giraffe liked Harper and so did the captain .	* captain ( x _ 3 ) ; boy ( x _ 0 ) AND chicken ( x _ 4 ) AND giraffe ( x _ 5 ) AND like . agent ( x _ 6 , x _ 0 ) AND like . ccomp ( x _ 6, x _ 7 ) AND declare . agent ( x _ 7 , x _ 4 ) AND declare . ccomp ( x _ 7, x _ 8 ) AND like . agent ( x _ 8 , x _ 5 ) AND like . theme ( x _ 8 , Harper ) AND like . agent ( x _ 9 , x _ 3 ) AND like . ccomp ( x _ 9, x _ 10 ) AND declare . agent ( x _ 10 , x _ 4 ) AND declare . ccomp ( x _ 10, x _ 11 ) AND like . agent ( x _ 11 , x _ 5 ) AND like . theme ( x _ 11 , Harper )	elips_VPE_depth_gen
A mouse declared that Emma liked that Matthew helped a boy and so did a girl .	mouse ( x _ 0 ) AND boy ( x _ 3 ) AND girl ( x _ 2 ) AND declare . agent ( x _ 4 , x _ 0 ) AND declare . ccomp ( x _ 4, x _ 5 ) AND like . agent ( x _ 5 , Emma ) AND like . ccomp ( x _ 5, x _ 6 ) AND help . agent ( x _ 6 , Matthew ) AND help . theme ( x _ 6 , x _ 3 ) AND declare . agent ( x _ 7 , x _ 2 ) AND declare . ccomp ( x _ 7, x _ 8 ) AND like . agent ( x _ 8 , Emma ) AND like . ccomp ( x _ 8, x _ 9 ) AND help . agent ( x _ 9 , Matthew ) AND help . theme ( x _ 9 , x _ 3 )	elips_VPE_depth_gen
Jackson liked that Ava liked that a girl helped the purse and so did Emma .	* purse ( x _ 3 ) ; girl ( x _ 2 ) AND like . agent ( x _ 4 , Jackson ) AND like . ccomp ( x _ 4, x _ 5 ) AND like . agent ( x _ 5 , Ava ) AND like . ccomp ( x _ 5, x _ 6 ) AND help . agent ( x _ 6 , x _ 2 ) AND help . theme ( x _ 6 , x _ 3 ) AND like . agent ( x _ 7 , Emma ) AND like . ccomp ( x _ 7, x _ 8 ) AND like . agent ( x _ 8 , Ava ) AND like . ccomp ( x _ 8, x _ 9 ) AND help . agent ( x _ 9 , x _ 2 ) AND help . theme ( x _ 9 , x _ 3 )	elips_VPE_depth_gen
The monster dreamed that Ava admired that the bird hoped that Noah adored Joseph and so did Emma .	* monster ( x _ 0 ) ; * bird ( x _ 2 ) ; dream . agent ( x _ 3 , x _ 0 ) AND dream . ccomp ( x _ 3, x _ 4 ) AND admire . agent ( x _ 4 , Ava ) AND admire . ccomp ( x _ 4, x _ 5 ) AND hope . agent ( x _ 5 , x _ 2 ) AND hope . ccomp ( x _ 5, x _ 6 ) AND adore . agent ( x _ 6 , Noah ) AND adore . theme ( x _ 6 , Joseph ) AND dream . agent ( x _ 7 , Emma ) AND dream . ccomp ( x _ 7, x _ 8 ) AND admire . agent ( x _ 8 , Ava ) AND admire . ccomp ( x _ 8, x _ 9 ) AND hope . agent ( x _ 9 , x _ 2 ) AND hope . ccomp ( x _ 9, x _ 10 ) AND adore . agent ( x _ 10 , Noah ) AND adore . theme ( x _ 10 , Joseph )	elips_VPE_depth_gen
Lucas liked that the driver liked that Olivia liked a cake and so did a cat .	* driver ( x _ 3 ) ; cake ( x _ 4 ) AND cat ( x _ 2 ) AND like . agent ( x _ 5 , Lucas ) AND like . ccomp ( x _ 5, x _ 6 ) AND like . agent ( x _ 6 , x _ 3 ) AND like . ccomp ( x _ 6, x _ 7 ) AND like . agent ( x _ 7 , Olivia ) AND like . theme ( x _ 7 , x _ 4 ) AND like . agent ( x _ 8 , x _ 2 ) AND like . ccomp ( x _ 8, x _ 9 ) AND like . agent ( x _ 9 , x _ 3 ) AND like . ccomp ( x _ 9, x _ 10 ) AND like . agent ( x _ 10 , Olivia ) AND like . theme ( x _ 10 , x _ 4 )	elips_VPE_depth_gen
Penelope liked that Elijah liked that Luke liked a hat and so did Liam .	hat ( x _ 1 ) AND like . agent ( x _ 2 , Penelope ) AND like . ccomp ( x _ 2, x _ 3 ) AND like . agent ( x _ 3 , Elijah ) AND like . ccomp ( x _ 3, x _ 4 ) AND like . agent ( x _ 4 , Luke ) AND like . theme ( x _ 4 , x _ 1 ) AND like . agent ( x _ 5 , Liam ) AND like . ccomp ( x _ 5, x _ 6 ) AND like . agent ( x _ 6 , Elijah ) AND like . ccomp ( x _ 6, x _ 7 ) AND like . agent ( x _ 7 , Luke ) AND like . theme ( x _ 7 , x _ 1 )	elips_VPE_depth_gen
A boy proved that Mia respected that Elijah liked a cookie and so did a cat .	boy ( x _ 0 ) AND cookie ( x _ 3 ) AND cat ( x _ 2 ) AND prove . agent ( x _ 4 , x _ 0 ) AND prove . ccomp ( x _ 4, x _ 5 ) AND respect . agent ( x _ 5 , Mia ) AND respect . ccomp ( x _ 5, x _ 6 ) AND like . agent ( x _ 6 , Elijah ) AND like . theme ( x _ 6 , x _ 3 ) AND prove . agent ( x _ 7 , x _ 2 ) AND prove . ccomp ( x _ 7, x _ 8 ) AND respect . agent ( x _ 8 , Mia ) AND respect . ccomp ( x _ 8, x _ 9 ) AND like . agent ( x _ 9 , Elijah ) AND like . theme ( x _ 9 , x _ 3 )	elips_VPE_depth_gen
The girl respected that Liam liked that a boy loved Olivia and so did Charlotte .	* girl ( x _ 0 ) ; boy ( x _ 2 ) AND respect . agent ( x _ 3 , x _ 0 ) AND respect . ccomp ( x _ 3, x _ 4 ) AND like . agent ( x _ 4 , Liam ) AND like . ccomp ( x _ 4, x _ 5 ) AND love . agent ( x _ 5 , x _ 2 ) AND love . theme ( x _ 5 , Olivia ) AND respect . agent ( x _ 6 , Charlotte ) AND respect . ccomp ( x _ 6, x _ 7 ) AND like . agent ( x _ 7 , Liam ) AND like . ccomp ( x _ 7, x _ 8 ) AND love . agent ( x _ 8 , x _ 2 ) AND love . theme ( x _ 8 , Olivia )	elips_VPE_depth_gen
A child dreamed that the penguin proved that Emma poked Mila and so did a queen .	* penguin ( x _ 3 ) ; child ( x _ 0 ) AND queen ( x _ 2 ) AND dream . agent ( x _ 4 , x _ 0 ) AND dream . ccomp ( x _ 4, x _ 5 ) AND prove . agent ( x _ 5 , x _ 3 ) AND prove . ccomp ( x _ 5, x _ 6 ) AND poke . agent ( x _ 6 , Emma ) AND poke . theme ( x _ 6 , Mila ) AND dream . agent ( x _ 7 , x _ 2 ) AND dream . ccomp ( x _ 7, x _ 8 ) AND prove . agent ( x _ 8 , x _ 3 ) AND prove . ccomp ( x _ 8, x _ 9 ) AND poke . agent ( x _ 9 , Emma ) AND poke . theme ( x _ 9 , Mila )	elips_VPE_depth_gen
Emma valued that a girl noticed that Liam helped a sweetcorn and so did Mia .	girl ( x _ 2 ) AND sweetcorn ( x _ 3 ) AND value . agent ( x _ 4 , Emma ) AND value . ccomp ( x _ 4, x _ 5 ) AND notice . agent ( x _ 5 , x _ 2 ) AND notice . ccomp ( x _ 5, x _ 6 ) AND help . agent ( x _ 6 , Liam ) AND help . theme ( x _ 6 , x _ 3 ) AND value . agent ( x _ 7 , Mia ) AND value . ccomp ( x _ 7, x _ 8 ) AND notice . agent ( x _ 8 , x _ 2 ) AND notice . ccomp ( x _ 8, x _ 9 ) AND help . agent ( x _ 9 , Liam ) AND help . theme ( x _ 9 , x _ 3 )	elips_VPE_depth_gen
Wyatt liked that Isabella hoped that a boy liked that the child loved the butterfly and so did a lion .	* child ( x _ 5 ) ; * butterfly ( x _ 6 ) ; boy ( x _ 4 ) AND lion ( x _ 3 ) AND like . agent ( x _ 7 , Wyatt ) AND like . ccomp ( x _ 7, x _ 8 ) AND hope . agent ( x _ 8 , Isabella ) AND hope . ccomp ( x _ 8, x _ 9 ) AND like . agent ( x _ 9 , x _ 4 ) AND like . ccomp ( x _ 9, x _ 10 ) AND love . agent ( x _ 10 , x _ 5 ) AND love . theme ( x _ 10 , x _ 6 ) AND like . agent ( x _ 11 , x _ 3 ) AND like . ccomp ( x _ 11, x _ 12 ) AND hope . agent ( x _ 12 , Isabella ) AND hope . ccomp ( x _ 12, x _ 13 ) AND like . agent ( x _ 13 , x _ 4 ) AND like . ccomp ( x _ 13, x _ 14 ) AND love . agent ( x _ 14 , x _ 5 ) AND love . theme ( x _ 14 , x _ 6 )	elips_VPE_depth_gen
Noah proved that a chicken noticed that Alexander said that Grayson found a girl and so did Emma .	chicken ( x _ 2 ) AND girl ( x _ 3 ) AND prove . agent ( x _ 4 , Noah ) AND prove . ccomp ( x _ 4, x _ 5 ) AND notice . agent ( x _ 5 , x _ 2 ) AND notice . ccomp ( x _ 5, x _ 6 ) AND say . agent ( x _ 6 , Alexander ) AND say . ccomp ( x _ 6, x _ 7 ) AND find . agent ( x _ 7 , Grayson ) AND find . theme ( x _ 7 , x _ 3 ) AND prove . agent ( x _ 8 , Emma ) AND prove . ccomp ( x _ 8, x _ 9 ) AND notice . agent ( x _ 9 , x _ 2 ) AND notice . ccomp ( x _ 9, x _ 10 ) AND say . agent ( x _ 10 , Alexander ) AND say . ccomp ( x _ 10, x _ 11 ) AND find . agent ( x _ 11 , Grayson ) AND find . theme ( x _ 11 , x _ 3 )	elips_VPE_depth_gen
Ava tolerated that the tiger liked that Emma liked Daniel and so did the girl .	* tiger ( x _ 2 ) ; * girl ( x _ 1 ) ; tolerate . agent ( x _ 3 , Ava ) AND tolerate . ccomp ( x _ 3, x _ 4 ) AND like . agent ( x _ 4 , x _ 2 ) AND like . ccomp ( x _ 4, x _ 5 ) AND like . agent ( x _ 5 , Emma ) AND like . theme ( x _ 5 , Daniel ) AND tolerate . agent ( x _ 6 , x _ 1 ) AND tolerate . ccomp ( x _ 6, x _ 7 ) AND like . agent ( x _ 7 , x _ 2 ) AND like . ccomp ( x _ 7, x _ 8 ) AND like . agent ( x _ 8 , Emma ) AND like . theme ( x _ 8 , Daniel )	elips_VPE_depth_gen
Olivia liked that a donkey liked that the child liked a cat and so did Zoe .	* child ( x _ 4 ) ; donkey ( x _ 3 ) AND cat ( x _ 5 ) AND like . agent ( x _ 6 , Olivia ) AND like . ccomp ( x _ 6, x _ 7 ) AND like . agent ( x _ 7 , x _ 3 ) AND like . ccomp ( x _ 7, x _ 8 ) AND like . agent ( x _ 8 , x _ 4 ) AND like . theme ( x _ 8 , x _ 5 ) AND like . agent ( x _ 9 , Zoe ) AND like . ccomp ( x _ 9, x _ 10 ) AND like . agent ( x _ 10 , x _ 3 ) AND like . ccomp ( x _ 10, x _ 11 ) AND like . agent ( x _ 11 , x _ 4 ) AND like . theme ( x _ 11 , x _ 5 )	elips_VPE_depth_gen
Emma hoped that Jackson liked that Sophia loved a cake and so did Liam .	cake ( x _ 1 ) AND hope . agent ( x _ 2 , Emma ) AND hope . ccomp ( x _ 2, x _ 3 ) AND like . agent ( x _ 3 , Jackson ) AND like . ccomp ( x _ 3, x _ 4 ) AND love . agent ( x _ 4 , Sophia ) AND love . theme ( x _ 4 , x _ 1 ) AND hope . agent ( x _ 5 , Liam ) AND hope . ccomp ( x _ 5, x _ 6 ) AND like . agent ( x _ 6 , Jackson ) AND like . ccomp ( x _ 6, x _ 7 ) AND love . agent ( x _ 7 , Sophia ) AND love . theme ( x _ 7 , x _ 1 )	elips_VPE_depth_gen
The boy liked that Emma hoped that a champion noticed that a director missed the donut and so did the baby .	* boy ( x _ 0 ) ; * donut ( x _ 7 ) ; * baby ( x _ 4 ) ; champion ( x _ 5 ) AND director ( x _ 6 ) AND like . agent ( x _ 8 , x _ 0 ) AND like . ccomp ( x _ 8, x _ 9 ) AND hope . agent ( x _ 9 , Emma ) AND hope . ccomp ( x _ 9, x _ 10 ) AND notice . agent ( x _ 10 , x _ 5 ) AND notice . ccomp ( x _ 10, x _ 11 ) AND miss . agent ( x _ 11 , x _ 6 ) AND miss . theme ( x _ 11 , x _ 7 ) AND like . agent ( x _ 12 , x _ 4 ) AND like . ccomp ( x _ 12, x _ 13 ) AND hope . agent ( x _ 13 , Emma ) AND hope . ccomp ( x _ 13, x _ 14 ) AND notice . agent ( x _ 14 , x _ 5 ) AND notice . ccomp ( x _ 14, x _ 15 ) AND miss . agent ( x _ 15 , x _ 6 ) AND miss . theme ( x _ 15 , x _ 7 )	elips_VPE_depth_gen
Sophia noticed that Liam respected that the doctor admired a liver and so did Emma .	* doctor ( x _ 2 ) ; liver ( x _ 3 ) AND notice . agent ( x _ 4 , Sophia ) AND notice . ccomp ( x _ 4, x _ 5 ) AND respect . agent ( x _ 5 , Liam ) AND respect . ccomp ( x _ 5, x _ 6 ) AND admire . agent ( x _ 6 , x _ 2 ) AND admire . theme ( x _ 6 , x _ 3 ) AND notice . agent ( x _ 7 , Emma ) AND notice . ccomp ( x _ 7, x _ 8 ) AND respect . agent ( x _ 8 , Liam ) AND respect . ccomp ( x _ 8, x _ 9 ) AND admire . agent ( x _ 9 , x _ 2 ) AND admire . theme ( x _ 9 , x _ 3 )	elips_VPE_depth_gen
Theodore valued that the monster noticed that the boy liked Zoey and so did Liam .	* monster ( x _ 2 ) ; * boy ( x _ 3 ) ; value . agent ( x _ 4 , Theodore ) AND value . ccomp ( x _ 4, x _ 5 ) AND notice . agent ( x _ 5 , x _ 2 ) AND notice . ccomp ( x _ 5, x _ 6 ) AND like . agent ( x _ 6 , x _ 3 ) AND like . theme ( x _ 6 , Zoey ) AND value . agent ( x _ 7 , Liam ) AND value . ccomp ( x _ 7, x _ 8 ) AND notice . agent ( x _ 8 , x _ 2 ) AND notice . ccomp ( x _ 8, x _ 9 ) AND like . agent ( x _ 9 , x _ 3 ) AND like . theme ( x _ 9 , Zoey )	elips_VPE_depth_gen
The girl respected that the squirrel appreciated that Emma found a block and so did the cat .	* girl ( x _ 0 ) ; * squirrel ( x _ 4 ) ; * cat ( x _ 3 ) ; block ( x _ 5 ) AND respect . agent ( x _ 6 , x _ 0 ) AND respect . ccomp ( x _ 6, x _ 7 ) AND appreciate . agent ( x _ 7 , x _ 4 ) AND appreciate . ccomp ( x _ 7, x _ 8 ) AND find . agent ( x _ 8 , Emma ) AND find . theme ( x _ 8 , x _ 5 ) AND respect . agent ( x _ 9 , x _ 3 ) AND respect . ccomp ( x _ 9, x _ 10 ) AND appreciate . agent ( x _ 10 , x _ 4 ) AND appreciate . ccomp ( x _ 10, x _ 11 ) AND find . agent ( x _ 11 , Emma ) AND find . theme ( x _ 11 , x _ 5 )	elips_VPE_depth_gen
A boy hoped that Elizabeth said that Michael found a sweetcorn and so did Emma .	boy ( x _ 0 ) AND sweetcorn ( x _ 2 ) AND hope . agent ( x _ 3 , x _ 0 ) AND hope . ccomp ( x _ 3, x _ 4 ) AND say . agent ( x _ 4 , Elizabeth ) AND say . ccomp ( x _ 4, x _ 5 ) AND find . agent ( x _ 5 , Michael ) AND find . theme ( x _ 5 , x _ 2 ) AND hope . agent ( x _ 6 , Emma ) AND hope . ccomp ( x _ 6, x _ 7 ) AND say . agent ( x _ 7 , Elizabeth ) AND say . ccomp ( x _ 7, x _ 8 ) AND find . agent ( x _ 8 , Michael ) AND find . theme ( x _ 8 , x _ 2 )	elips_VPE_depth_gen
Emma confessed that the lawyer believed that a girl said that Ethan admired the drink and so did Luna .	* lawyer ( x _ 3 ) ; * drink ( x _ 5 ) ; girl ( x _ 4 ) AND confess . agent ( x _ 6 , Emma ) AND confess . ccomp ( x _ 6, x _ 7 ) AND believe . agent ( x _ 7 , x _ 3 ) AND believe . ccomp ( x _ 7, x _ 8 ) AND say . agent ( x _ 8 , x _ 4 ) AND say . ccomp ( x _ 8, x _ 9 ) AND admire . agent ( x _ 9 , Ethan ) AND admire . theme ( x _ 9 , x _ 5 ) AND confess . agent ( x _ 10 , Luna ) AND confess . ccomp ( x _ 10, x _ 11 ) AND believe . agent ( x _ 11 , x _ 3 ) AND believe . ccomp ( x _ 11, x _ 12 ) AND say . agent ( x _ 12 , x _ 4 ) AND say . ccomp ( x _ 12, x _ 13 ) AND admire . agent ( x _ 13 , Ethan ) AND admire . theme ( x _ 13 , x _ 5 )	elips_VPE_depth_gen
A boy valued that Liam said that the dog liked that Isabella liked that James helped the needle and so did a girl .	* dog ( x _ 4 ) ; * needle ( x _ 5 ) ; boy ( x _ 0 ) AND girl ( x _ 3 ) AND value . agent ( x _ 6 , x _ 0 ) AND value . ccomp ( x _ 6, x _ 7 ) AND say . agent ( x _ 7 , Liam ) AND say . ccomp ( x _ 7, x _ 8 ) AND like . agent ( x _ 8 , x _ 4 ) AND like . ccomp ( x _ 8, x _ 9 ) AND like . agent ( x _ 9 , Isabella ) AND like . ccomp ( x _ 9, x _ 10 ) AND help . agent ( x _ 10 , James ) AND help . theme ( x _ 10 , x _ 5 ) AND value . agent ( x _ 11 , x _ 3 ) AND value . ccomp ( x _ 11, x _ 12 ) AND say . agent ( x _ 12 , Liam ) AND say . ccomp ( x _ 12, x _ 13 ) AND like . agent ( x _ 13 , x _ 4 ) AND like . ccomp ( x _ 13, x _ 14 ) AND like . agent ( x _ 14 , Isabella ) AND like . ccomp ( x _ 14, x _ 15 ) AND help . agent ( x _ 15 , James ) AND help . theme ( x _ 15 , x _ 5 )	elips_VPE_depth_gen
The girl liked that the student declared that a dog appreciated Emma and so did a lion .	* girl ( x _ 0 ) ; * student ( x _ 4 ) ; dog ( x _ 5 ) AND lion ( x _ 3 ) AND like . agent ( x _ 6 , x _ 0 ) AND like . ccomp ( x _ 6, x _ 7 ) AND declare . agent ( x _ 7 , x _ 4 ) AND declare . ccomp ( x _ 7, x _ 8 ) AND appreciate . agent ( x _ 8 , x _ 5 ) AND appreciate . theme ( x _ 8 , Emma ) AND like . agent ( x _ 9 , x _ 3 ) AND like . ccomp ( x _ 9, x _ 10 ) AND declare . agent ( x _ 10 , x _ 4 ) AND declare . ccomp ( x _ 10, x _ 11 ) AND appreciate . agent ( x _ 11 , x _ 5 ) AND appreciate . theme ( x _ 11 , Emma )	elips_VPE_depth_gen
A cow believed that the girl confessed that a cat liked the donut and so did Isabella .	* girl ( x _ 4 ) ; * donut ( x _ 6 ) ; cow ( x _ 0 ) AND cat ( x _ 5 ) AND believe . agent ( x _ 7 , x _ 0 ) AND believe . ccomp ( x _ 7, x _ 8 ) AND confess . agent ( x _ 8 , x _ 4 ) AND confess . ccomp ( x _ 8, x _ 9 ) AND like . agent ( x _ 9 , x _ 5 ) AND like . theme ( x _ 9 , x _ 6 ) AND believe . agent ( x _ 10 , Isabella ) AND believe . ccomp ( x _ 10, x _ 11 ) AND confess . agent ( x _ 11 , x _ 4 ) AND confess . ccomp ( x _ 11, x _ 12 ) AND like . agent ( x _ 12 , x _ 5 ) AND like . theme ( x _ 12 , x _ 6 )	elips_VPE_depth_gen
Elijah tolerated that Andrew hoped that Christopher liked a dog and so did Emma .	dog ( x _ 1 ) AND tolerate . agent ( x _ 2 , Elijah ) AND tolerate . ccomp ( x _ 2, x _ 3 ) AND hope . agent ( x _ 3 , Andrew ) AND hope . ccomp ( x _ 3, x _ 4 ) AND like . agent ( x _ 4 , Christopher ) AND like . theme ( x _ 4 , x _ 1 ) AND tolerate . agent ( x _ 5 , Emma ) AND tolerate . ccomp ( x _ 5, x _ 6 ) AND hope . agent ( x _ 6 , Andrew ) AND hope . ccomp ( x _ 6, x _ 7 ) AND like . agent ( x _ 7 , Christopher ) AND like . theme ( x _ 7 , x _ 1 )	elips_VPE_depth_gen
A farmer liked that a boy said that Emma helped a cake and so did Amelia .	farmer ( x _ 0 ) AND boy ( x _ 3 ) AND cake ( x _ 4 ) AND like . agent ( x _ 5 , x _ 0 ) AND like . ccomp ( x _ 5, x _ 6 ) AND say . agent ( x _ 6 , x _ 3 ) AND say . ccomp ( x _ 6, x _ 7 ) AND help . agent ( x _ 7 , Emma ) AND help . theme ( x _ 7 , x _ 4 ) AND like . agent ( x _ 8 , Amelia ) AND like . ccomp ( x _ 8, x _ 9 ) AND say . agent ( x _ 9 , x _ 3 ) AND say . ccomp ( x _ 9, x _ 10 ) AND help . agent ( x _ 10 , Emma ) AND help . theme ( x _ 10 , x _ 4 )	elips_VPE_depth_gen
Harper liked that the servant hoped that the dog liked that Jackson liked a cake and so did Emma .	* servant ( x _ 3 ) ; * dog ( x _ 4 ) ; cake ( x _ 5 ) AND like . agent ( x _ 6 , Harper ) AND like . ccomp ( x _ 6, x _ 7 ) AND hope . agent ( x _ 7 , x _ 3 ) AND hope . ccomp ( x _ 7, x _ 8 ) AND like . agent ( x _ 8 , x _ 4 ) AND like . ccomp ( x _ 8, x _ 9 ) AND like . agent ( x _ 9 , Jackson ) AND like . theme ( x _ 9 , x _ 5 ) AND like . agent ( x _ 10 , Emma ) AND like . ccomp ( x _ 10, x _ 11 ) AND hope . agent ( x _ 11 , x _ 3 ) AND hope . ccomp ( x _ 11, x _ 12 ) AND like . agent ( x _ 12 , x _ 4 ) AND like . ccomp ( x _ 12, x _ 13 ) AND like . agent ( x _ 13 , Jackson ) AND like . theme ( x _ 13 , x _ 5 )	elips_VPE_depth_gen
A girl believed that James believed that Emma said that the monkey liked that Camila liked a potato and so did Elijah .	* monkey ( x _ 3 ) ; girl ( x _ 0 ) AND potato ( x _ 4 ) AND believe . agent ( x _ 5 , x _ 0 ) AND believe . ccomp ( x _ 5, x _ 6 ) AND believe . agent ( x _ 6 , James ) AND believe . ccomp ( x _ 6, x _ 7 ) AND say . agent ( x _ 7 , Emma ) AND say . ccomp ( x _ 7, x _ 8 ) AND like . agent ( x _ 8 , x _ 3 ) AND like . ccomp ( x _ 8, x _ 9 ) AND like . agent ( x _ 9 , Camila ) AND like . theme ( x _ 9 , x _ 4 ) AND believe . agent ( x _ 10 , Elijah ) AND believe . ccomp ( x _ 10, x _ 11 ) AND believe . agent ( x _ 11 , James ) AND believe . ccomp ( x _ 11, x _ 12 ) AND say . agent ( x _ 12 , Emma ) AND say . ccomp ( x _ 12, x _ 13 ) AND like . agent ( x _ 13 , x _ 3 ) AND like . ccomp ( x _ 13, x _ 14 ) AND like . agent ( x _ 14 , Camila ) AND like . theme ( x _ 14 , x _ 4 )	elips_VPE_depth_gen
Noah imagined that a girl liked that Charlotte liked that a monkey appreciated the plate and so did a teacher .	* plate ( x _ 6 ) ; girl ( x _ 4 ) AND monkey ( x _ 5 ) AND teacher ( x _ 3 ) AND imagine . agent ( x _ 7 , Noah ) AND imagine . ccomp ( x _ 7, x _ 8 ) AND like . agent ( x _ 8 , x _ 4 ) AND like . ccomp ( x _ 8, x _ 9 ) AND like . agent ( x _ 9 , Charlotte ) AND like . ccomp ( x _ 9, x _ 10 ) AND appreciate . agent ( x _ 10 , x _ 5 ) AND appreciate . theme ( x _ 10 , x _ 6 ) AND imagine . agent ( x _ 11 , x _ 3 ) AND imagine . ccomp ( x _ 11, x _ 12 ) AND like . agent ( x _ 12 , x _ 4 ) AND like . ccomp ( x _ 12, x _ 13 ) AND like . agent ( x _ 13 , Charlotte ) AND like . ccomp ( x _ 13, x _ 14 ) AND appreciate . agent ( x _ 14 , x _ 5 ) AND appreciate . theme ( x _ 14 , x _ 6 )	elips_VPE_depth_gen
A girl expected that the cat liked that the prince admired a sweetcorn and so did a patient .	* cat ( x _ 5 ) ; * prince ( x _ 6 ) ; girl ( x _ 0 ) AND sweetcorn ( x _ 7 ) AND patient ( x _ 4 ) AND expect . agent ( x _ 8 , x _ 0 ) AND expect . ccomp ( x _ 8, x _ 9 ) AND like . agent ( x _ 9 , x _ 5 ) AND like . ccomp ( x _ 9, x _ 10 ) AND admire . agent ( x _ 10 , x _ 6 ) AND admire . theme ( x _ 10 , x _ 7 ) AND expect . agent ( x _ 11 , x _ 4 ) AND expect . ccomp ( x _ 11, x _ 12 ) AND like . agent ( x _ 12 , x _ 5 ) AND like . ccomp ( x _ 12, x _ 13 ) AND admire . agent ( x _ 13 , x _ 6 ) AND admire . theme ( x _ 13 , x _ 7 )	elips_VPE_depth_gen
Evelyn confessed that a cat confessed that the frog liked that a girl liked that the mouse loved the donut and so did a dog .	* frog ( x _ 7 ) ; * mouse ( x _ 9 ) ; * donut ( x _ 10 ) ; cat ( x _ 6 ) AND girl ( x _ 8 ) AND dog ( x _ 5 ) AND confess . agent ( x _ 11 , Evelyn ) AND confess . ccomp ( x _ 11, x _ 12 ) AND confess . agent ( x _ 12 , x _ 6 ) AND confess . ccomp ( x _ 12, x _ 13 ) AND like . agent ( x _ 13 , x _ 7 ) AND like . ccomp ( x _ 13, x _ 14 ) AND like . agent ( x _ 14 , x _ 8 ) AND like . ccomp ( x _ 14, x _ 15 ) AND love . agent ( x _ 15 , x _ 9 ) AND love . theme ( x _ 15 , x _ 10 ) AND confess . agent ( x _ 16 , x _ 5 ) AND confess . ccomp ( x _ 16, x _ 17 ) AND confess . agent ( x _ 17 , x _ 6 ) AND confess . ccomp ( x _ 17, x _ 18 ) AND like . agent ( x _ 18 , x _ 7 ) AND like . ccomp ( x _ 18, x _ 19 ) AND like . agent ( x _ 19 , x _ 8 ) AND like . ccomp ( x _ 19, x _ 20 ) AND love . agent ( x _ 20 , x _ 9 ) AND love . theme ( x _ 20 , x _ 10 )	elips_VPE_depth_gen
Charlotte liked that Liam expected that Emma admired a scarf and so did a patient .	scarf ( x _ 2 ) AND patient ( x _ 1 ) AND like . agent ( x _ 3 , Charlotte ) AND like . ccomp ( x _ 3, x _ 4 ) AND expect . agent ( x _ 4 , Liam ) AND expect . ccomp ( x _ 4, x _ 5 ) AND admire . agent ( x _ 5 , Emma ) AND admire . theme ( x _ 5 , x _ 2 ) AND like . agent ( x _ 6 , x _ 1 ) AND like . ccomp ( x _ 6, x _ 7 ) AND expect . agent ( x _ 7 , Liam ) AND expect . ccomp ( x _ 7, x _ 8 ) AND admire . agent ( x _ 8 , Emma ) AND admire . theme ( x _ 8 , x _ 2 )	elips_VPE_depth_gen
Emma hoped that the child said that the girl liked the donut and so did Mia .	* child ( x _ 3 ) ; * girl ( x _ 4 ) ; * donut ( x _ 5 ) ; hope . agent ( x _ 6 , Emma ) AND hope . ccomp ( x _ 6, x _ 7 ) AND say . agent ( x _ 7 , x _ 3 ) AND say . ccomp ( x _ 7, x _ 8 ) AND like . agent ( x _ 8 , x _ 4 ) AND like . theme ( x _ 8 , x _ 5 ) AND hope . agent ( x _ 9 , Mia ) AND hope . ccomp ( x _ 9, x _ 10 ) AND say . agent ( x _ 10 , x _ 3 ) AND say . ccomp ( x _ 10, x _ 11 ) AND like . agent ( x _ 11 , x _ 4 ) AND like . theme ( x _ 11 , x _ 5 )	elips_VPE_depth_gen
A girl thought that Mila noticed that Aria liked that a boy loved the cake and so did Liam .	* cake ( x _ 4 ) ; girl ( x _ 0 ) AND boy ( x _ 3 ) AND think . agent ( x _ 5 , x _ 0 ) AND think . ccomp ( x _ 5, x _ 6 ) AND notice . agent ( x _ 6 , Mila ) AND notice . ccomp ( x _ 6, x _ 7 ) AND like . agent ( x _ 7 , Aria ) AND like . ccomp ( x _ 7, x _ 8 ) AND love . agent ( x _ 8 , x _ 3 ) AND love . theme ( x _ 8 , x _ 4 ) AND think . agent ( x _ 9 , Liam ) AND think . ccomp ( x _ 9, x _ 10 ) AND notice . agent ( x _ 10 , Mila ) AND notice . ccomp ( x _ 10, x _ 11 ) AND like . agent ( x _ 11 , Aria ) AND like . ccomp ( x _ 11, x _ 12 ) AND love . agent ( x _ 12 , x _ 3 ) AND love . theme ( x _ 12 , x _ 4 )	elips_VPE_depth_gen
Emma noticed that a prince said that a cat appreciated a balloon and so did Olivia .	prince ( x _ 3 ) AND cat ( x _ 4 ) AND balloon ( x _ 5 ) AND notice . agent ( x _ 6 , Emma ) AND notice . ccomp ( x _ 6, x _ 7 ) AND say . agent ( x _ 7 , x _ 3 ) AND say . ccomp ( x _ 7, x _ 8 ) AND appreciate . agent ( x _ 8 , x _ 4 ) AND appreciate . theme ( x _ 8 , x _ 5 ) AND notice . agent ( x _ 9 , Olivia ) AND notice . ccomp ( x _ 9, x _ 10 ) AND say . agent ( x _ 10 , x _ 3 ) AND say . ccomp ( x _ 10, x _ 11 ) AND appreciate . agent ( x _ 11 , x _ 4 ) AND appreciate . theme ( x _ 11 , x _ 5 )	elips_VPE_depth_gen
The kitty valued that Ava believed that the girl admired Alexander and so did the cat .	* kitty ( x _ 0 ) ; * girl ( x _ 3 ) ; * cat ( x _ 2 ) ; value . agent ( x _ 4 , x _ 0 ) AND value . ccomp ( x _ 4, x _ 5 ) AND believe . agent ( x _ 5 , Ava ) AND believe . ccomp ( x _ 5, x _ 6 ) AND admire . agent ( x _ 6 , x _ 3 ) AND admire . theme ( x _ 6 , Alexander ) AND value . agent ( x _ 7 , x _ 2 ) AND value . ccomp ( x _ 7, x _ 8 ) AND believe . agent ( x _ 8 , Ava ) AND believe . ccomp ( x _ 8, x _ 9 ) AND admire . agent ( x _ 9 , x _ 3 ) AND admire . theme ( x _ 9 , Alexander )	elips_VPE_depth_gen
Sofia tolerated that a monster liked that a cat found the donut and so did William .	* donut ( x _ 5 ) ; monster ( x _ 3 ) AND cat ( x _ 4 ) AND tolerate . agent ( x _ 6 , Sofia ) AND tolerate . ccomp ( x _ 6, x _ 7 ) AND like . agent ( x _ 7 , x _ 3 ) AND like . ccomp ( x _ 7, x _ 8 ) AND find . agent ( x _ 8 , x _ 4 ) AND find . theme ( x _ 8 , x _ 5 ) AND tolerate . agent ( x _ 9 , William ) AND tolerate . ccomp ( x _ 9, x _ 10 ) AND like . agent ( x _ 10 , x _ 3 ) AND like . ccomp ( x _ 10, x _ 11 ) AND find . agent ( x _ 11 , x _ 4 ) AND find . theme ( x _ 11 , x _ 5 )	elips_VPE_depth_gen
A cat liked that Emma liked that a girl liked that the princess missed the boy and so did a frog .	* princess ( x _ 6 ) ; * boy ( x _ 7 ) ; cat ( x _ 0 ) AND girl ( x _ 5 ) AND frog ( x _ 4 ) AND like . agent ( x _ 8 , x _ 0 ) AND like . ccomp ( x _ 8, x _ 9 ) AND like . agent ( x _ 9 , Emma ) AND like . ccomp ( x _ 9, x _ 10 ) AND like . agent ( x _ 10 , x _ 5 ) AND like . ccomp ( x _ 10, x _ 11 ) AND miss . agent ( x _ 11 , x _ 6 ) AND miss . theme ( x _ 11 , x _ 7 ) AND like . agent ( x _ 12 , x _ 4 ) AND like . ccomp ( x _ 12, x _ 13 ) AND like . agent ( x _ 13 , Emma ) AND like . ccomp ( x _ 13, x _ 14 ) AND like . agent ( x _ 14 , x _ 5 ) AND like . ccomp ( x _ 14, x _ 15 ) AND miss . agent ( x _ 15 , x _ 6 ) AND miss . theme ( x _ 15 , x _ 7 )	elips_VPE_depth_gen
Oliver liked that Camila tolerated that the customer loved a donut and so did Emma .	* customer ( x _ 2 ) ; donut ( x _ 3 ) AND like . agent ( x _ 4 , Oliver ) AND like . ccomp ( x _ 4, x _ 5 ) AND tolerate . agent ( x _ 5 , Camila ) AND tolerate . ccomp ( x _ 5, x _ 6 ) AND love . agent ( x _ 6 , x _ 2 ) AND love . theme ( x _ 6 , x _ 3 ) AND like . agent ( x _ 7 , Emma ) AND like . ccomp ( x _ 7, x _ 8 ) AND tolerate . agent ( x _ 8 , Camila ) AND tolerate . ccomp ( x _ 8, x _ 9 ) AND love . agent ( x _ 9 , x _ 2 ) AND love . theme ( x _ 9 , x _ 3 )	elips_VPE_depth_gen
Ella declared that Jaxon hoped that the bear liked the molecule and so did Olivia .	* bear ( x _ 2 ) ; * molecule ( x _ 3 ) ; declare . agent ( x _ 4 , Ella ) AND declare . ccomp ( x _ 4, x _ 5 ) AND hope . agent ( x _ 5 , Jaxon ) AND hope . ccomp ( x _ 5, x _ 6 ) AND like . agent ( x _ 6 , x _ 2 ) AND like . theme ( x _ 6 , x _ 3 ) AND declare . agent ( x _ 7 , Olivia ) AND declare . ccomp ( x _ 7, x _ 8 ) AND hope . agent ( x _ 8 , Jaxon ) AND hope . ccomp ( x _ 8, x _ 9 ) AND like . agent ( x _ 9 , x _ 2 ) AND like . theme ( x _ 9 , x _ 3 )	elips_VPE_depth_gen
A girl noticed that Liam liked that a frog found James and so did Eleanor .	girl ( x _ 0 ) AND frog ( x _ 2 ) AND notice . agent ( x _ 3 , x _ 0 ) AND notice . ccomp ( x _ 3, x _ 4 ) AND like . agent ( x _ 4 , Liam ) AND like . ccomp ( x _ 4, x _ 5 ) AND find . agent ( x _ 5 , x _ 2 ) AND find . theme ( x _ 5 , James ) AND notice . agent ( x _ 6 , Eleanor ) AND notice . ccomp ( x _ 6, x _ 7 ) AND like . agent ( x _ 7 , Liam ) AND like . ccomp ( x _ 7, x _ 8 ) AND find . agent ( x _ 8 , x _ 2 ) AND find . theme ( x _ 8 , James )	elips_VPE_depth_gen
The boy liked that Isabella said that Julian liked a purse and so did Nora .	* boy ( x _ 0 ) ; purse ( x _ 2 ) AND like . agent ( x _ 3 , x _ 0 ) AND like . ccomp ( x _ 3, x _ 4 ) AND say . agent ( x _ 4 , Isabella ) AND say . ccomp ( x _ 4, x _ 5 ) AND like . agent ( x _ 5 , Julian ) AND like . theme ( x _ 5 , x _ 2 ) AND like . agent ( x _ 6 , Nora ) AND like . ccomp ( x _ 6, x _ 7 ) AND say . agent ( x _ 7 , Isabella ) AND say . ccomp ( x _ 7, x _ 8 ) AND like . agent ( x _ 8 , Julian ) AND like . theme ( x _ 8 , x _ 2 )	elips_VPE_depth_gen
Jackson liked that Ava confessed that a boy helped Emma and so did the president .	* president ( x _ 1 ) ; boy ( x _ 2 ) AND like . agent ( x _ 3 , Jackson ) AND like . ccomp ( x _ 3, x _ 4 ) AND confess . agent ( x _ 4 , Ava ) AND confess . ccomp ( x _ 4, x _ 5 ) AND help . agent ( x _ 5 , x _ 2 ) AND help . theme ( x _ 5 , Emma ) AND like . agent ( x _ 6 , x _ 1 ) AND like . ccomp ( x _ 6, x _ 7 ) AND confess . agent ( x _ 7 , Ava ) AND confess . ccomp ( x _ 7, x _ 8 ) AND help . agent ( x _ 8 , x _ 2 ) AND help . theme ( x _ 8 , Emma )	elips_VPE_depth_gen
Olivia meant that Savannah liked that a crocodile missed a pickle and so did Violet .	crocodile ( x _ 2 ) AND pickle ( x _ 3 ) AND mean . agent ( x _ 4 , Olivia ) AND mean . ccomp ( x _ 4, x _ 5 ) AND like . agent ( x _ 5 , Savannah ) AND like . ccomp ( x _ 5, x _ 6 ) AND miss . agent ( x _ 6 , x _ 2 ) AND miss . theme ( x _ 6 , x _ 3 ) AND mean . agent ( x _ 7 , Violet ) AND mean . ccomp ( x _ 7, x _ 8 ) AND like . agent ( x _ 8 , Savannah ) AND like . ccomp ( x _ 8, x _ 9 ) AND miss . agent ( x _ 9 , x _ 2 ) AND miss . theme ( x _ 9 , x _ 3 )	elips_VPE_depth_gen
The mouse hoped that a girl liked that Jack liked that Jayden liked Lucas and so did Ella .	* mouse ( x _ 0 ) ; girl ( x _ 2 ) AND hope . agent ( x _ 3 , x _ 0 ) AND hope . ccomp ( x _ 3, x _ 4 ) AND like . agent ( x _ 4 , x _ 2 ) AND like . ccomp ( x _ 4, x _ 5 ) AND like . agent ( x _ 5 , Jack ) AND like . ccomp ( x _ 5, x _ 6 ) AND like . agent ( x _ 6 , Jayden ) AND like . theme ( x _ 6 , Lucas ) AND hope . agent ( x _ 7 , Ella ) AND hope . ccomp ( x _ 7, x _ 8 ) AND like . agent ( x _ 8 , x _ 2 ) AND like . ccomp ( x _ 8, x _ 9 ) AND like . agent ( x _ 9 , Jack ) AND like . ccomp ( x _ 9, x _ 10 ) AND like . agent ( x _ 10 , Jayden ) AND like . theme ( x _ 10 , Lucas )	elips_VPE_depth_gen
Isabella said that Ellie liked that a zebra helped a cake and so did Emma .	zebra ( x _ 2 ) AND cake ( x _ 3 ) AND say . agent ( x _ 4 , Isabella ) AND say . ccomp ( x _ 4, x _ 5 ) AND like . agent ( x _ 5 , Ellie ) AND like . ccomp ( x _ 5, x _ 6 ) AND help . agent ( x _ 6 , x _ 2 ) AND help . theme ( x _ 6 , x _ 3 ) AND say . agent ( x _ 7 , Emma ) AND say . ccomp ( x _ 7, x _ 8 ) AND like . agent ( x _ 8 , Ellie ) AND like . ccomp ( x _ 8, x _ 9 ) AND help . agent ( x _ 9 , x _ 2 ) AND help . theme ( x _ 9 , x _ 3 )	elips_VPE_depth_gen
A bear imagined that Lillian meant that the boy hoped that the captain liked a girl and so did Charlotte .	* boy ( x _ 4 ) ; * captain ( x _ 5 ) ; bear ( x _ 0 ) AND girl ( x _ 6 ) AND imagine . agent ( x _ 7 , x _ 0 ) AND imagine . ccomp ( x _ 7, x _ 8 ) AND mean . agent ( x _ 8 , Lillian ) AND mean . ccomp ( x _ 8, x _ 9 ) AND hope . agent ( x _ 9 , x _ 4 ) AND hope . ccomp ( x _ 9, x _ 10 ) AND like . agent ( x _ 10 , x _ 5 ) AND like . theme ( x _ 10 , x _ 6 ) AND imagine . agent ( x _ 11 , Charlotte ) AND imagine . ccomp ( x _ 11, x _ 12 ) AND mean . agent ( x _ 12 , Lillian ) AND mean . ccomp ( x _ 12, x _ 13 ) AND hope . agent ( x _ 13 , x _ 4 ) AND hope . ccomp ( x _ 13, x _ 14 ) AND like . agent ( x _ 14 , x _ 5 ) AND like . theme ( x _ 14 , x _ 6 )	elips_VPE_depth_gen
Emily said that the frog hoped that Benjamin liked a boy and so did a baby .	* frog ( x _ 3 ) ; boy ( x _ 4 ) AND baby ( x _ 2 ) AND say . agent ( x _ 5 , Emily ) AND say . ccomp ( x _ 5, x _ 6 ) AND hope . agent ( x _ 6 , x _ 3 ) AND hope . ccomp ( x _ 6, x _ 7 ) AND like . agent ( x _ 7 , Benjamin ) AND like . theme ( x _ 7 , x _ 4 ) AND say . agent ( x _ 8 , x _ 2 ) AND say . ccomp ( x _ 8, x _ 9 ) AND hope . agent ( x _ 9 , x _ 3 ) AND hope . ccomp ( x _ 9, x _ 10 ) AND like . agent ( x _ 10 , Benjamin ) AND like . theme ( x _ 10 , x _ 4 )	elips_VPE_depth_gen
A girl said that Liam hoped that the boy found Eleanor and so did a wolf .	* boy ( x _ 3 ) ; girl ( x _ 0 ) AND wolf ( x _ 2 ) AND say . agent ( x _ 4 , x _ 0 ) AND say . ccomp ( x _ 4, x _ 5 ) AND hope . agent ( x _ 5 , Liam ) AND hope . ccomp ( x _ 5, x _ 6 ) AND find . agent ( x _ 6 , x _ 3 ) AND find . theme ( x _ 6 , Eleanor ) AND say . agent ( x _ 7 , x _ 2 ) AND say . ccomp ( x _ 7, x _ 8 ) AND hope . agent ( x _ 8 , Liam ) AND hope . ccomp ( x _ 8, x _ 9 ) AND find . agent ( x _ 9 , x _ 3 ) AND find . theme ( x _ 9 , Eleanor )	elips_VPE_depth_gen
A dog noticed that a girl expected that Emma found a strawberry and so did a student .	dog ( x _ 0 ) AND girl ( x _ 4 ) AND strawberry ( x _ 5 ) AND student ( x _ 3 ) AND notice . agent ( x _ 6 , x _ 0 ) AND notice . ccomp ( x _ 6, x _ 7 ) AND expect . agent ( x _ 7 , x _ 4 ) AND expect . ccomp ( x _ 7, x _ 8 ) AND find . agent ( x _ 8 , Emma ) AND find . theme ( x _ 8 , x _ 5 ) AND notice . agent ( x _ 9 , x _ 3 ) AND notice . ccomp ( x _ 9, x _ 10 ) AND expect . agent ( x _ 10 , x _ 4 ) AND expect . ccomp ( x _ 10, x _ 11 ) AND find . agent ( x _ 11 , Emma ) AND find . theme ( x _ 11 , x _ 5 )	elips_VPE_depth_gen
The lawyer liked that Chloe confessed that Daniel helped Liam and so did Sebastian .	* lawyer ( x _ 0 ) ; like . agent ( x _ 1 , x _ 0 ) AND like . ccomp ( x _ 1, x _ 2 ) AND confess . agent ( x _ 2 , Chloe ) AND confess . ccomp ( x _ 2, x _ 3 ) AND help . agent ( x _ 3 , Daniel ) AND help . theme ( x _ 3 , Liam ) AND like . agent ( x _ 4 , Sebastian ) AND like . ccomp ( x _ 4, x _ 5 ) AND confess . agent ( x _ 5 , Chloe ) AND confess . ccomp ( x _ 5, x _ 6 ) AND help . agent ( x _ 6 , Daniel ) AND help . theme ( x _ 6 , Liam )	elips_VPE_depth_gen
Emma expected that the landlord valued that Amelia helped the cake and so did Aubrey .	* landlord ( x _ 2 ) ; * cake ( x _ 3 ) ; expect . agent ( x _ 4 , Emma ) AND expect . ccomp ( x _ 4, x _ 5 ) AND value . agent ( x _ 5 , x _ 2 ) AND value . ccomp ( x _ 5, x _ 6 ) AND help . agent ( x _ 6 , Amelia ) AND help . theme ( x _ 6 , x _ 3 ) AND expect . agent ( x _ 7 , Aubrey ) AND expect . ccomp ( x _ 7, x _ 8 ) AND value . agent ( x _ 8 , x _ 2 ) AND value . ccomp ( x _ 8, x _ 9 ) AND help . agent ( x _ 9 , Amelia ) AND help . theme ( x _ 9 , x _ 3 )	elips_VPE_depth_gen
Noah believed that the girl hoped that the child liked the cookie and so did a soldier .	* girl ( x _ 4 ) ; * child ( x _ 5 ) ; * cookie ( x _ 6 ) ; soldier ( x _ 3 ) AND believe . agent ( x _ 7 , Noah ) AND believe . ccomp ( x _ 7, x _ 8 ) AND hope . agent ( x _ 8 , x _ 4 ) AND hope . ccomp ( x _ 8, x _ 9 ) AND like . agent ( x _ 9 , x _ 5 ) AND like . theme ( x _ 9 , x _ 6 ) AND believe . agent ( x _ 10 , x _ 3 ) AND believe . ccomp ( x _ 10, x _ 11 ) AND hope . agent ( x _ 11 , x _ 4 ) AND hope . ccomp ( x _ 11, x _ 12 ) AND like . agent ( x _ 12 , x _ 5 ) AND like . theme ( x _ 12 , x _ 6 )	elips_VPE_depth_gen
Elizabeth noticed that Emma appreciated that the teacher proved that a girl adored Gabriel and so did the wolf .	* teacher ( x _ 3 ) ; * wolf ( x _ 2 ) ; girl ( x _ 4 ) AND notice . agent ( x _ 5 , Elizabeth ) AND notice . ccomp ( x _ 5, x _ 6 ) AND appreciate . agent ( x _ 6 , Emma ) AND appreciate . ccomp ( x _ 6, x _ 7 ) AND prove . agent ( x _ 7 , x _ 3 ) AND prove . ccomp ( x _ 7, x _ 8 ) AND adore . agent ( x _ 8 , x _ 4 ) AND adore . theme ( x _ 8 , Gabriel ) AND notice . agent ( x _ 9 , x _ 2 ) AND notice . ccomp ( x _ 9, x _ 10 ) AND appreciate . agent ( x _ 10 , Emma ) AND appreciate . ccomp ( x _ 10, x _ 11 ) AND prove . agent ( x _ 11 , x _ 3 ) AND prove . ccomp ( x _ 11, x _ 12 ) AND adore . agent ( x _ 12 , x _ 4 ) AND adore . theme ( x _ 12 , Gabriel )	elips_VPE_depth_gen
The girl liked that Charlotte expected that the donkey helped the cookie and so did Avery .	* girl ( x _ 0 ) ; * donkey ( x _ 3 ) ; * cookie ( x _ 4 ) ; like . agent ( x _ 5 , x _ 0 ) AND like . ccomp ( x _ 5, x _ 6 ) AND expect . agent ( x _ 6 , Charlotte ) AND expect . ccomp ( x _ 6, x _ 7 ) AND help . agent ( x _ 7 , x _ 3 ) AND help . theme ( x _ 7 , x _ 4 ) AND like . agent ( x _ 8 , Avery ) AND like . ccomp ( x _ 8, x _ 9 ) AND expect . agent ( x _ 9 , Charlotte ) AND expect . ccomp ( x _ 9, x _ 10 ) AND help . agent ( x _ 10 , x _ 3 ) AND help . theme ( x _ 10 , x _ 4 )	elips_VPE_depth_gen
A girl believed that Asher respected that Emma appreciated a cake and so did a bear .	girl ( x _ 0 ) AND cake ( x _ 3 ) AND bear ( x _ 2 ) AND believe . agent ( x _ 4 , x _ 0 ) AND believe . ccomp ( x _ 4, x _ 5 ) AND respect . agent ( x _ 5 , Asher ) AND respect . ccomp ( x _ 5, x _ 6 ) AND appreciate . agent ( x _ 6 , Emma ) AND appreciate . theme ( x _ 6 , x _ 3 ) AND believe . agent ( x _ 7 , x _ 2 ) AND believe . ccomp ( x _ 7, x _ 8 ) AND respect . agent ( x _ 8 , Asher ) AND respect . ccomp ( x _ 8, x _ 9 ) AND appreciate . agent ( x _ 9 , Emma ) AND appreciate . theme ( x _ 9 , x _ 3 )	elips_VPE_depth_gen
Liam liked that Olivia declared that a frog respected that a girl missed the monster and so did Elizabeth .	* monster ( x _ 5 ) ; frog ( x _ 3 ) AND girl ( x _ 4 ) AND like . agent ( x _ 6 , Liam ) AND like . ccomp ( x _ 6, x _ 7 ) AND declare . agent ( x _ 7 , Olivia ) AND declare . ccomp ( x _ 7, x _ 8 ) AND respect . agent ( x _ 8 , x _ 3 ) AND respect . ccomp ( x _ 8, x _ 9 ) AND miss . agent ( x _ 9 , x _ 4 ) AND miss . theme ( x _ 9 , x _ 5 ) AND like . agent ( x _ 10 , Elizabeth ) AND like . ccomp ( x _ 10, x _ 11 ) AND declare . agent ( x _ 11 , Olivia ) AND declare . ccomp ( x _ 11, x _ 12 ) AND respect . agent ( x _ 12 , x _ 3 ) AND respect . ccomp ( x _ 12, x _ 13 ) AND miss . agent ( x _ 13 , x _ 4 ) AND miss . theme ( x _ 13 , x _ 5 )	elips_VPE_depth_gen
The bear tolerated that the baby imagined that Emma liked a chalk and so did a girl .	* bear ( x _ 0 ) ; * baby ( x _ 4 ) ; chalk ( x _ 5 ) AND girl ( x _ 3 ) AND tolerate . agent ( x _ 6 , x _ 0 ) AND tolerate . ccomp ( x _ 6, x _ 7 ) AND imagine . agent ( x _ 7 , x _ 4 ) AND imagine . ccomp ( x _ 7, x _ 8 ) AND like . agent ( x _ 8 , Emma ) AND like . theme ( x _ 8 , x _ 5 ) AND tolerate . agent ( x _ 9 , x _ 3 ) AND tolerate . ccomp ( x _ 9, x _ 10 ) AND imagine . agent ( x _ 10 , x _ 4 ) AND imagine . ccomp ( x _ 10, x _ 11 ) AND like . agent ( x _ 11 , Emma ) AND like . theme ( x _ 11 , x _ 5 )	elips_VPE_depth_gen
Liam noticed that Hazel confessed that a monkey liked a jigsaw and so did the friend .	* friend ( x _ 2 ) ; monkey ( x _ 3 ) AND jigsaw ( x _ 4 ) AND notice . agent ( x _ 5 , Liam ) AND notice . ccomp ( x _ 5, x _ 6 ) AND confess . agent ( x _ 6 , Hazel ) AND confess . ccomp ( x _ 6, x _ 7 ) AND like . agent ( x _ 7 , x _ 3 ) AND like . theme ( x _ 7 , x _ 4 ) AND notice . agent ( x _ 8 , x _ 2 ) AND notice . ccomp ( x _ 8, x _ 9 ) AND confess . agent ( x _ 9 , Hazel ) AND confess . ccomp ( x _ 9, x _ 10 ) AND like . agent ( x _ 10 , x _ 3 ) AND like . theme ( x _ 10 , x _ 4 )	elips_VPE_depth_gen
Liam liked that a girl noticed that James tolerated that the baby liked that a citizen adored the chalk and so did a boy .	* baby ( x _ 6 ) ; * chalk ( x _ 8 ) ; girl ( x _ 5 ) AND citizen ( x _ 7 ) AND boy ( x _ 4 ) AND like . agent ( x _ 9 , Liam ) AND like . ccomp ( x _ 9, x _ 10 ) AND notice . agent ( x _ 10 , x _ 5 ) AND notice . ccomp ( x _ 10, x _ 11 ) AND tolerate . agent ( x _ 11 , James ) AND tolerate . ccomp ( x _ 11, x _ 12 ) AND like . agent ( x _ 12 , x _ 6 ) AND like . ccomp ( x _ 12, x _ 13 ) AND adore . agent ( x _ 13 , x _ 7 ) AND adore . theme ( x _ 13 , x _ 8 ) AND like . agent ( x _ 14 , x _ 4 ) AND like . ccomp ( x _ 14, x _ 15 ) AND notice . agent ( x _ 15 , x _ 5 ) AND notice . ccomp ( x _ 15, x _ 16 ) AND tolerate . agent ( x _ 16 , James ) AND tolerate . ccomp ( x _ 16, x _ 17 ) AND like . agent ( x _ 17 , x _ 6 ) AND like . ccomp ( x _ 17, x _ 18 ) AND adore . agent ( x _ 18 , x _ 7 ) AND adore . theme ( x _ 18 , x _ 8 )	elips_VPE_depth_gen
Olivia believed that Emma confessed that a moose adored William and so did the girl .	* girl ( x _ 1 ) ; moose ( x _ 2 ) AND believe . agent ( x _ 3 , Olivia ) AND believe . ccomp ( x _ 3, x _ 4 ) AND confess . agent ( x _ 4 , Emma ) AND confess . ccomp ( x _ 4, x _ 5 ) AND adore . agent ( x _ 5 , x _ 2 ) AND adore . theme ( x _ 5 , William ) AND believe . agent ( x _ 6 , x _ 1 ) AND believe . ccomp ( x _ 6, x _ 7 ) AND confess . agent ( x _ 7 , Emma ) AND confess . ccomp ( x _ 7, x _ 8 ) AND adore . agent ( x _ 8 , x _ 2 ) AND adore . theme ( x _ 8 , William )	elips_VPE_depth_gen
A boy liked that a frog liked that Madison missed a donut and so did Emma .	boy ( x _ 0 ) AND frog ( x _ 3 ) AND donut ( x _ 4 ) AND like . agent ( x _ 5 , x _ 0 ) AND like . ccomp ( x _ 5, x _ 6 ) AND like . agent ( x _ 6 , x _ 3 ) AND like . ccomp ( x _ 6, x _ 7 ) AND miss . agent ( x _ 7 , Madison ) AND miss . theme ( x _ 7 , x _ 4 ) AND like . agent ( x _ 8 , Emma ) AND like . ccomp ( x _ 8, x _ 9 ) AND like . agent ( x _ 9 , x _ 3 ) AND like . ccomp ( x _ 9, x _ 10 ) AND miss . agent ( x _ 10 , Madison ) AND miss . theme ( x _ 10 , x _ 4 )	elips_VPE_depth_gen
A boy liked that a bear said that a child loved a toy and so did Owen .	boy ( x _ 0 ) AND bear ( x _ 4 ) AND child ( x _ 5 ) AND toy ( x _ 6 ) AND like . agent ( x _ 7 , x _ 0 ) AND like . ccomp ( x _ 7, x _ 8 ) AND say . agent ( x _ 8 , x _ 4 ) AND say . ccomp ( x _ 8, x _ 9 ) AND love . agent ( x _ 9 , x _ 5 ) AND love . theme ( x _ 9 , x _ 6 ) AND like . agent ( x _ 10 , Owen ) AND like . ccomp ( x _ 10, x _ 11 ) AND say . agent ( x _ 11 , x _ 4 ) AND say . ccomp ( x _ 11, x _ 12 ) AND love . agent ( x _ 12 , x _ 5 ) AND love . theme ( x _ 12 , x _ 6 )	elips_VPE_depth_gen
Emma noticed that Olivia noticed that a girl dreamed that Liam hoped that the pig liked a cake and so did Abigail .	* pig ( x _ 4 ) ; girl ( x _ 3 ) AND cake ( x _ 5 ) AND notice . agent ( x _ 6 , Emma ) AND notice . ccomp ( x _ 6, x _ 7 ) AND notice . agent ( x _ 7 , Olivia ) AND notice . ccomp ( x _ 7, x _ 8 ) AND dream . agent ( x _ 8 , x _ 3 ) AND dream . ccomp ( x _ 8, x _ 9 ) AND hope . agent ( x _ 9 , Liam ) AND hope . ccomp ( x _ 9, x _ 10 ) AND like . agent ( x _ 10 , x _ 4 ) AND like . theme ( x _ 10 , x _ 5 ) AND notice . agent ( x _ 11 , Abigail ) AND notice . ccomp ( x _ 11, x _ 12 ) AND notice . agent ( x _ 12 , Olivia ) AND notice . ccomp ( x _ 12, x _ 13 ) AND dream . agent ( x _ 13 , x _ 3 ) AND dream . ccomp ( x _ 13, x _ 14 ) AND hope . agent ( x _ 14 , Liam ) AND hope . ccomp ( x _ 14, x _ 15 ) AND like . agent ( x _ 15 , x _ 4 ) AND like . theme ( x _ 15 , x _ 5 )	elips_VPE_depth_gen
The tourist hoped that Emma liked that the baby liked a brush and so did Liam .	* tourist ( x _ 0 ) ; * baby ( x _ 3 ) ; brush ( x _ 4 ) AND hope . agent ( x _ 5 , x _ 0 ) AND hope . ccomp ( x _ 5, x _ 6 ) AND like . agent ( x _ 6 , Emma ) AND like . ccomp ( x _ 6, x _ 7 ) AND like . agent ( x _ 7 , x _ 3 ) AND like . theme ( x _ 7 , x _ 4 ) AND hope . agent ( x _ 8 , Liam ) AND hope . ccomp ( x _ 8, x _ 9 ) AND like . agent ( x _ 9 , Emma ) AND like . ccomp ( x _ 9, x _ 10 ) AND like . agent ( x _ 10 , x _ 3 ) AND like . theme ( x _ 10 , x _ 4 )	elips_VPE_depth_gen
Emma hoped that the boy proved that Amelia liked the donut and so did Olivia .	* boy ( x _ 2 ) ; * donut ( x _ 3 ) ; hope . agent ( x _ 4 , Emma ) AND hope . ccomp ( x _ 4, x _ 5 ) AND prove . agent ( x _ 5 , x _ 2 ) AND prove . ccomp ( x _ 5, x _ 6 ) AND like . agent ( x _ 6 , Amelia ) AND like . theme ( x _ 6 , x _ 3 ) AND hope . agent ( x _ 7 , Olivia ) AND hope . ccomp ( x _ 7, x _ 8 ) AND prove . agent ( x _ 8 , x _ 2 ) AND prove . ccomp ( x _ 8, x _ 9 ) AND like . agent ( x _ 9 , Amelia ) AND like . theme ( x _ 9 , x _ 3 )	elips_VPE_depth_gen
Liam wished that a boy respected that Grayson respected the donut and so did the girl .	* donut ( x _ 4 ) ; * girl ( x _ 2 ) ; boy ( x _ 3 ) AND wish . agent ( x _ 5 , Liam ) AND wish . ccomp ( x _ 5, x _ 6 ) AND respect . agent ( x _ 6 , x _ 3 ) AND respect . ccomp ( x _ 6, x _ 7 ) AND respect . agent ( x _ 7 , Grayson ) AND respect . theme ( x _ 7 , x _ 4 ) AND wish . agent ( x _ 8 , x _ 2 ) AND wish . ccomp ( x _ 8, x _ 9 ) AND respect . agent ( x _ 9 , x _ 3 ) AND respect . ccomp ( x _ 9, x _ 10 ) AND respect . agent ( x _ 10 , Grayson ) AND respect . theme ( x _ 10 , x _ 4 )	elips_VPE_depth_gen
Julian liked that Liam hoped that the boy respected that the baby liked a cow and so did a girl .	* boy ( x _ 4 ) ; * baby ( x _ 5 ) ; cow ( x _ 6 ) AND girl ( x _ 3 ) AND like . agent ( x _ 7 , Julian ) AND like . ccomp ( x _ 7, x _ 8 ) AND hope . agent ( x _ 8 , Liam ) AND hope . ccomp ( x _ 8, x _ 9 ) AND respect . agent ( x _ 9 , x _ 4 ) AND respect . ccomp ( x _ 9, x _ 10 ) AND like . agent ( x _ 10 , x _ 5 ) AND like . theme ( x _ 10 , x _ 6 ) AND like . agent ( x _ 11 , x _ 3 ) AND like . ccomp ( x _ 11, x _ 12 ) AND hope . agent ( x _ 12 , Liam ) AND hope . ccomp ( x _ 12, x _ 13 ) AND respect . agent ( x _ 13 , x _ 4 ) AND respect . ccomp ( x _ 13, x _ 14 ) AND like . agent ( x _ 14 , x _ 5 ) AND like . theme ( x _ 14 , x _ 6 )	elips_VPE_depth_gen
A dog hoped that Oliver wished that the cat missed Addison and so did Emma .	* cat ( x _ 2 ) ; dog ( x _ 0 ) AND hope . agent ( x _ 3 , x _ 0 ) AND hope . ccomp ( x _ 3, x _ 4 ) AND wish . agent ( x _ 4 , Oliver ) AND wish . ccomp ( x _ 4, x _ 5 ) AND miss . agent ( x _ 5 , x _ 2 ) AND miss . theme ( x _ 5 , Addison ) AND hope . agent ( x _ 6 , Emma ) AND hope . ccomp ( x _ 6, x _ 7 ) AND wish . agent ( x _ 7 , Oliver ) AND wish . ccomp ( x _ 7, x _ 8 ) AND miss . agent ( x _ 8 , x _ 2 ) AND miss . theme ( x _ 8 , Addison )	elips_VPE_depth_gen
Anthony supported that Liam appreciated that the girl helped the donut and so did Emma .	* girl ( x _ 2 ) ; * donut ( x _ 3 ) ; support . agent ( x _ 4 , Anthony ) AND support . ccomp ( x _ 4, x _ 5 ) AND appreciate . agent ( x _ 5 , Liam ) AND appreciate . ccomp ( x _ 5, x _ 6 ) AND help . agent ( x _ 6 , x _ 2 ) AND help . theme ( x _ 6 , x _ 3 ) AND support . agent ( x _ 7 , Emma ) AND support . ccomp ( x _ 7, x _ 8 ) AND appreciate . agent ( x _ 8 , Liam ) AND appreciate . ccomp ( x _ 8, x _ 9 ) AND help . agent ( x _ 9 , x _ 2 ) AND help . theme ( x _ 9 , x _ 3 )	elips_VPE_depth_gen
A turkey tolerated that Sophia said that David said that a teacher helped a cake and so did Emma .	turkey ( x _ 0 ) AND teacher ( x _ 3 ) AND cake ( x _ 4 ) AND tolerate . agent ( x _ 5 , x _ 0 ) AND tolerate . ccomp ( x _ 5, x _ 6 ) AND say . agent ( x _ 6 , Sophia ) AND say . ccomp ( x _ 6, x _ 7 ) AND say . agent ( x _ 7 , David ) AND say . ccomp ( x _ 7, x _ 8 ) AND help . agent ( x _ 8 , x _ 3 ) AND help . theme ( x _ 8 , x _ 4 ) AND tolerate . agent ( x _ 9 , Emma ) AND tolerate . ccomp ( x _ 9, x _ 10 ) AND say . agent ( x _ 10 , Sophia ) AND say . ccomp ( x _ 10, x _ 11 ) AND say . agent ( x _ 11 , David ) AND say . ccomp ( x _ 11, x _ 12 ) AND help . agent ( x _ 12 , x _ 3 ) AND help . theme ( x _ 12 , x _ 4 )	elips_VPE_depth_gen
A boy liked that Emma declared that Sophia helped the donut and so did Liam .	* donut ( x _ 2 ) ; boy ( x _ 0 ) AND like . agent ( x _ 3 , x _ 0 ) AND like . ccomp ( x _ 3, x _ 4 ) AND declare . agent ( x _ 4 , Emma ) AND declare . ccomp ( x _ 4, x _ 5 ) AND help . agent ( x _ 5 , Sophia ) AND help . theme ( x _ 5 , x _ 2 ) AND like . agent ( x _ 6 , Liam ) AND like . ccomp ( x _ 6, x _ 7 ) AND declare . agent ( x _ 7 , Emma ) AND declare . ccomp ( x _ 7, x _ 8 ) AND help . agent ( x _ 8 , Sophia ) AND help . theme ( x _ 8 , x _ 2 )	elips_VPE_depth_gen
The monster liked that Emma liked that Ava loved a cookie and so did Elijah .	* monster ( x _ 0 ) ; cookie ( x _ 2 ) AND like . agent ( x _ 3 , x _ 0 ) AND like . ccomp ( x _ 3, x _ 4 ) AND like . agent ( x _ 4 , Emma ) AND like . ccomp ( x _ 4, x _ 5 ) AND love . agent ( x _ 5 , Ava ) AND love . theme ( x _ 5 , x _ 2 ) AND like . agent ( x _ 6 , Elijah ) AND like . ccomp ( x _ 6, x _ 7 ) AND like . agent ( x _ 7 , Emma ) AND like . ccomp ( x _ 7, x _ 8 ) AND love . agent ( x _ 8 , Ava ) AND love . theme ( x _ 8 , x _ 2 )	elips_VPE_depth_gen
Harper said that a girl liked that the director missed Samuel and so did a crocodile .	* director ( x _ 4 ) ; girl ( x _ 3 ) AND crocodile ( x _ 2 ) AND say . agent ( x _ 5 , Harper ) AND say . ccomp ( x _ 5, x _ 6 ) AND like . agent ( x _ 6 , x _ 3 ) AND like . ccomp ( x _ 6, x _ 7 ) AND miss . agent ( x _ 7 , x _ 4 ) AND miss . theme ( x _ 7 , Samuel ) AND say . agent ( x _ 8 , x _ 2 ) AND say . ccomp ( x _ 8, x _ 9 ) AND like . agent ( x _ 9 , x _ 3 ) AND like . ccomp ( x _ 9, x _ 10 ) AND miss . agent ( x _ 10 , x _ 4 ) AND miss . theme ( x _ 10 , Samuel )	elips_VPE_depth_gen
The lamb declared that the girl hoped that the governor liked Isabella and so did Olivia .	* lamb ( x _ 0 ) ; * girl ( x _ 3 ) ; * governor ( x _ 4 ) ; declare . agent ( x _ 5 , x _ 0 ) AND declare . ccomp ( x _ 5, x _ 6 ) AND hope . agent ( x _ 6 , x _ 3 ) AND hope . ccomp ( x _ 6, x _ 7 ) AND like . agent ( x _ 7 , x _ 4 ) AND like . theme ( x _ 7 , Isabella ) AND declare . agent ( x _ 8 , Olivia ) AND declare . ccomp ( x _ 8, x _ 9 ) AND hope . agent ( x _ 9 , x _ 3 ) AND hope . ccomp ( x _ 9, x _ 10 ) AND like . agent ( x _ 10 , x _ 4 ) AND like . theme ( x _ 10 , Isabella )	elips_VPE_depth_gen
Emma thought that Noah liked that the boy hoped that the chicken respected the rose and so did the girl .	* boy ( x _ 4 ) ; * chicken ( x _ 5 ) ; * rose ( x _ 6 ) ; * girl ( x _ 3 ) ; think . agent ( x _ 7 , Emma ) AND think . ccomp ( x _ 7, x _ 8 ) AND like . agent ( x _ 8 , Noah ) AND like . ccomp ( x _ 8, x _ 9 ) AND hope . agent ( x _ 9 , x _ 4 ) AND hope . ccomp ( x _ 9, x _ 10 ) AND respect . agent ( x _ 10 , x _ 5 ) AND respect . theme ( x _ 10 , x _ 6 ) AND think . agent ( x _ 11 , x _ 3 ) AND think . ccomp ( x _ 11, x _ 12 ) AND like . agent ( x _ 12 , Noah ) AND like . ccomp ( x _ 12, x _ 13 ) AND hope . agent ( x _ 13 , x _ 4 ) AND hope . ccomp ( x _ 13, x _ 14 ) AND respect . agent ( x _ 14 , x _ 5 ) AND respect . theme ( x _ 14 , x _ 6 )	elips_VPE_depth_gen
Ava believed that a guard noticed that the bear valued that William liked Emma and so did Ella .	* bear ( x _ 3 ) ; guard ( x _ 2 ) AND believe . agent ( x _ 4 , Ava ) AND believe . ccomp ( x _ 4, x _ 5 ) AND notice . agent ( x _ 5 , x _ 2 ) AND notice . ccomp ( x _ 5, x _ 6 ) AND value . agent ( x _ 6 , x _ 3 ) AND value . ccomp ( x _ 6, x _ 7 ) AND like . agent ( x _ 7 , William ) AND like . theme ( x _ 7 , Emma ) AND believe . agent ( x _ 8 , Ella ) AND believe . ccomp ( x _ 8, x _ 9 ) AND notice . agent ( x _ 9 , x _ 2 ) AND notice . ccomp ( x _ 9, x _ 10 ) AND value . agent ( x _ 10 , x _ 3 ) AND value . ccomp ( x _ 10, x _ 11 ) AND like . agent ( x _ 11 , William ) AND like . theme ( x _ 11 , Emma )	elips_VPE_depth_gen
A teacher dreamed that Charlotte noticed that the cat found a boy and so did Olivia .	* cat ( x _ 3 ) ; teacher ( x _ 0 ) AND boy ( x _ 4 ) AND dream . agent ( x _ 5 , x _ 0 ) AND dream . ccomp ( x _ 5, x _ 6 ) AND notice . agent ( x _ 6 , Charlotte ) AND notice . ccomp ( x _ 6, x _ 7 ) AND find . agent ( x _ 7 , x _ 3 ) AND find . theme ( x _ 7 , x _ 4 ) AND dream . agent ( x _ 8 , Olivia ) AND dream . ccomp ( x _ 8, x _ 9 ) AND notice . agent ( x _ 9 , Charlotte ) AND notice . ccomp ( x _ 9, x _ 10 ) AND find . agent ( x _ 10 , x _ 3 ) AND find . theme ( x _ 10 , x _ 4 )	elips_VPE_depth_gen
Emma liked that Olivia dreamed that a frog liked that a girl liked a citizen and so did Liam .	frog ( x _ 3 ) AND girl ( x _ 4 ) AND citizen ( x _ 5 ) AND like . agent ( x _ 6 , Emma ) AND like . ccomp ( x _ 6, x _ 7 ) AND dream . agent ( x _ 7 , Olivia ) AND dream . ccomp ( x _ 7, x _ 8 ) AND like . agent ( x _ 8 , x _ 3 ) AND like . ccomp ( x _ 8, x _ 9 ) AND like . agent ( x _ 9 , x _ 4 ) AND like . theme ( x _ 9 , x _ 5 ) AND like . agent ( x _ 10 , Liam ) AND like . ccomp ( x _ 10, x _ 11 ) AND dream . agent ( x _ 11 , Olivia ) AND dream . ccomp ( x _ 11, x _ 12 ) AND like . agent ( x _ 12 , x _ 3 ) AND like . ccomp ( x _ 12, x _ 13 ) AND like . agent ( x _ 13 , x _ 4 ) AND like . theme ( x _ 13 , x _ 5 )	elips_VPE_depth_gen
Isabella valued that Liam hoped that Luke missed the donut and so did a boy .	* donut ( x _ 2 ) ; boy ( x _ 1 ) AND value . agent ( x _ 3 , Isabella ) AND value . ccomp ( x _ 3, x _ 4 ) AND hope . agent ( x _ 4 , Liam ) AND hope . ccomp ( x _ 4, x _ 5 ) AND miss . agent ( x _ 5 , Luke ) AND miss . theme ( x _ 5 , x _ 2 ) AND value . agent ( x _ 6 , x _ 1 ) AND value . ccomp ( x _ 6, x _ 7 ) AND hope . agent ( x _ 7 , Liam ) AND hope . ccomp ( x _ 7, x _ 8 ) AND miss . agent ( x _ 8 , Luke ) AND miss . theme ( x _ 8 , x _ 2 )	elips_VPE_depth_gen
Isabella hoped that the girl expected that Emma loved a donut and so did Grace .	* girl ( x _ 2 ) ; donut ( x _ 3 ) AND hope . agent ( x _ 4 , Isabella ) AND hope . ccomp ( x _ 4, x _ 5 ) AND expect . agent ( x _ 5 , x _ 2 ) AND expect . ccomp ( x _ 5, x _ 6 ) AND love . agent ( x _ 6 , Emma ) AND love . theme ( x _ 6 , x _ 3 ) AND hope . agent ( x _ 7 , Grace ) AND hope . ccomp ( x _ 7, x _ 8 ) AND expect . agent ( x _ 8 , x _ 2 ) AND expect . ccomp ( x _ 8, x _ 9 ) AND love . agent ( x _ 9 , Emma ) AND love . theme ( x _ 9 , x _ 3 )	elips_VPE_depth_gen
William noticed that a farmer hoped that Audrey said that the girl liked a needle and so did the boy .	* girl ( x _ 5 ) ; * boy ( x _ 3 ) ; farmer ( x _ 4 ) AND needle ( x _ 6 ) AND notice . agent ( x _ 7 , William ) AND notice . ccomp ( x _ 7, x _ 8 ) AND hope . agent ( x _ 8 , x _ 4 ) AND hope . ccomp ( x _ 8, x _ 9 ) AND say . agent ( x _ 9 , Audrey ) AND say . ccomp ( x _ 9, x _ 10 ) AND like . agent ( x _ 10 , x _ 5 ) AND like . theme ( x _ 10 , x _ 6 ) AND notice . agent ( x _ 11 , x _ 3 ) AND notice . ccomp ( x _ 11, x _ 12 ) AND hope . agent ( x _ 12 , x _ 4 ) AND hope . ccomp ( x _ 12, x _ 13 ) AND say . agent ( x _ 13 , Audrey ) AND say . ccomp ( x _ 13, x _ 14 ) AND like . agent ( x _ 14 , x _ 5 ) AND like . theme ( x _ 14 , x _ 6 )	elips_VPE_depth_gen
The baby liked that William liked that Emma respected that a girl dreamed that a cat respected a box and so did Olivia .	* baby ( x _ 0 ) ; girl ( x _ 4 ) AND cat ( x _ 5 ) AND box ( x _ 6 ) AND like . agent ( x _ 7 , x _ 0 ) AND like . ccomp ( x _ 7, x _ 8 ) AND like . agent ( x _ 8 , William ) AND like . ccomp ( x _ 8, x _ 9 ) AND respect . agent ( x _ 9 , Emma ) AND respect . ccomp ( x _ 9, x _ 10 ) AND dream . agent ( x _ 10 , x _ 4 ) AND dream . ccomp ( x _ 10, x _ 11 ) AND respect . agent ( x _ 11 , x _ 5 ) AND respect . theme ( x _ 11 , x _ 6 ) AND like . agent ( x _ 12 , Olivia ) AND like . ccomp ( x _ 12, x _ 13 ) AND like . agent ( x _ 13 , William ) AND like . ccomp ( x _ 13, x _ 14 ) AND respect . agent ( x _ 14 , Emma ) AND respect . ccomp ( x _ 14, x _ 15 ) AND dream . agent ( x _ 15 , x _ 4 ) AND dream . ccomp ( x _ 15, x _ 16 ) AND respect . agent ( x _ 16 , x _ 5 ) AND respect . theme ( x _ 16 , x _ 6 )	elips_VPE_depth_gen
The giraffe proved that a lamb liked that the boy loved a girl and so did Abigail .	* giraffe ( x _ 0 ) ; * boy ( x _ 5 ) ; lamb ( x _ 4 ) AND girl ( x _ 6 ) AND prove . agent ( x _ 7 , x _ 0 ) AND prove . ccomp ( x _ 7, x _ 8 ) AND like . agent ( x _ 8 , x _ 4 ) AND like . ccomp ( x _ 8, x _ 9 ) AND love . agent ( x _ 9 , x _ 5 ) AND love . theme ( x _ 9 , x _ 6 ) AND prove . agent ( x _ 10 , Abigail ) AND prove . ccomp ( x _ 10, x _ 11 ) AND like . agent ( x _ 11 , x _ 4 ) AND like . ccomp ( x _ 11, x _ 12 ) AND love . agent ( x _ 12 , x _ 5 ) AND love . theme ( x _ 12 , x _ 6 )	elips_VPE_depth_gen
The sailor appreciated that a girl said that Liam poked a cake and so did Ava .	* sailor ( x _ 0 ) ; girl ( x _ 3 ) AND cake ( x _ 4 ) AND appreciate . agent ( x _ 5 , x _ 0 ) AND appreciate . ccomp ( x _ 5, x _ 6 ) AND say . agent ( x _ 6 , x _ 3 ) AND say . ccomp ( x _ 6, x _ 7 ) AND poke . agent ( x _ 7 , Liam ) AND poke . theme ( x _ 7 , x _ 4 ) AND appreciate . agent ( x _ 8 , Ava ) AND appreciate . ccomp ( x _ 8, x _ 9 ) AND say . agent ( x _ 9 , x _ 3 ) AND say . ccomp ( x _ 9, x _ 10 ) AND poke . agent ( x _ 10 , Liam ) AND poke . theme ( x _ 10 , x _ 4 )	elips_VPE_depth_gen
The student liked that a judge meant that the girl helped the cake and so did the cat .	* student ( x _ 0 ) ; * girl ( x _ 6 ) ; * cake ( x _ 7 ) ; * cat ( x _ 4 ) ; judge ( x _ 5 ) AND like . agent ( x _ 8 , x _ 0 ) AND like . ccomp ( x _ 8, x _ 9 ) AND mean . agent ( x _ 9 , x _ 5 ) AND mean . ccomp ( x _ 9, x _ 10 ) AND help . agent ( x _ 10 , x _ 6 ) AND help . theme ( x _ 10 , x _ 7 ) AND like . agent ( x _ 11 , x _ 4 ) AND like . ccomp ( x _ 11, x _ 12 ) AND mean . agent ( x _ 12 , x _ 5 ) AND mean . ccomp ( x _ 12, x _ 13 ) AND help . agent ( x _ 13 , x _ 6 ) AND help . theme ( x _ 13 , x _ 7 )	elips_VPE_depth_gen
A boy supported that Olivia hoped that Ava believed that Ellie admired Grayson and so did a girl .	boy ( x _ 0 ) AND girl ( x _ 1 ) AND support . agent ( x _ 2 , x _ 0 ) AND support . ccomp ( x _ 2, x _ 3 ) AND hope . agent ( x _ 3 , Olivia ) AND hope . ccomp ( x _ 3, x _ 4 ) AND believe . agent ( x _ 4 , Ava ) AND believe . ccomp ( x _ 4, x _ 5 ) AND admire . agent ( x _ 5 , Ellie ) AND admire . theme ( x _ 5 , Grayson ) AND support . agent ( x _ 6 , x _ 1 ) AND support . ccomp ( x _ 6, x _ 7 ) AND hope . agent ( x _ 7 , Olivia ) AND hope . ccomp ( x _ 7, x _ 8 ) AND believe . agent ( x _ 8 , Ava ) AND believe . ccomp ( x _ 8, x _ 9 ) AND admire . agent ( x _ 9 , Ellie ) AND admire . theme ( x _ 9 , Grayson )	elips_VPE_depth_gen
Emma supported that Lucas liked that the boy found the rose and so did Nora .	* boy ( x _ 2 ) ; * rose ( x _ 3 ) ; support . agent ( x _ 4 , Emma ) AND support . ccomp ( x _ 4, x _ 5 ) AND like . agent ( x _ 5 , Lucas ) AND like . ccomp ( x _ 5, x _ 6 ) AND find . agent ( x _ 6 , x _ 2 ) AND find . theme ( x _ 6 , x _ 3 ) AND support . agent ( x _ 7 , Nora ) AND support . ccomp ( x _ 7, x _ 8 ) AND like . agent ( x _ 8 , Lucas ) AND like . ccomp ( x _ 8, x _ 9 ) AND find . agent ( x _ 9 , x _ 2 ) AND find . theme ( x _ 9 , x _ 3 )	elips_VPE_depth_gen
Emma noticed that the girl imagined that Madison missed a leaf and so did William .	* girl ( x _ 2 ) ; leaf ( x _ 3 ) AND notice . agent ( x _ 4 , Emma ) AND notice . ccomp ( x _ 4, x _ 5 ) AND imagine . agent ( x _ 5 , x _ 2 ) AND imagine . ccomp ( x _ 5, x _ 6 ) AND miss . agent ( x _ 6 , Madison ) AND miss . theme ( x _ 6 , x _ 3 ) AND notice . agent ( x _ 7 , William ) AND notice . ccomp ( x _ 7, x _ 8 ) AND imagine . agent ( x _ 8 , x _ 2 ) AND imagine . ccomp ( x _ 8, x _ 9 ) AND miss . agent ( x _ 9 , Madison ) AND miss . theme ( x _ 9 , x _ 3 )	elips_VPE_depth_gen
The zebra liked that Mason wished that Emma liked a cookie and so did Henry .	* zebra ( x _ 0 ) ; cookie ( x _ 2 ) AND like . agent ( x _ 3 , x _ 0 ) AND like . ccomp ( x _ 3, x _ 4 ) AND wish . agent ( x _ 4 , Mason ) AND wish . ccomp ( x _ 4, x _ 5 ) AND like . agent ( x _ 5 , Emma ) AND like . theme ( x _ 5 , x _ 2 ) AND like . agent ( x _ 6 , Henry ) AND like . ccomp ( x _ 6, x _ 7 ) AND wish . agent ( x _ 7 , Mason ) AND wish . ccomp ( x _ 7, x _ 8 ) AND like . agent ( x _ 8 , Emma ) AND like . theme ( x _ 8 , x _ 2 )	elips_VPE_depth_gen
The boy said that the cat liked that Liam liked that Ava adored the chicken and so did Emma .	* boy ( x _ 0 ) ; * cat ( x _ 3 ) ; * chicken ( x _ 4 ) ; say . agent ( x _ 5 , x _ 0 ) AND say . ccomp ( x _ 5, x _ 6 ) AND like . agent ( x _ 6 , x _ 3 ) AND like . ccomp ( x _ 6, x _ 7 ) AND like . agent ( x _ 7 , Liam ) AND like . ccomp ( x _ 7, x _ 8 ) AND adore . agent ( x _ 8 , Ava ) AND adore . theme ( x _ 8 , x _ 4 ) AND say . agent ( x _ 9 , Emma ) AND say . ccomp ( x _ 9, x _ 10 ) AND like . agent ( x _ 10 , x _ 3 ) AND like . ccomp ( x _ 10, x _ 11 ) AND like . agent ( x _ 11 , Liam ) AND like . ccomp ( x _ 11, x _ 12 ) AND adore . agent ( x _ 12 , Ava ) AND adore . theme ( x _ 12 , x _ 4 )	elips_VPE_depth_gen
The judge supported that the dog declared that Emma appreciated that Liam admired a cat and so did a girl .	* judge ( x _ 0 ) ; * dog ( x _ 4 ) ; cat ( x _ 5 ) AND girl ( x _ 3 ) AND support . agent ( x _ 6 , x _ 0 ) AND support . ccomp ( x _ 6, x _ 7 ) AND declare . agent ( x _ 7 , x _ 4 ) AND declare . ccomp ( x _ 7, x _ 8 ) AND appreciate . agent ( x _ 8 , Emma ) AND appreciate . ccomp ( x _ 8, x _ 9 ) AND admire . agent ( x _ 9 , Liam ) AND admire . theme ( x _ 9 , x _ 5 ) AND support . agent ( x _ 10 , x _ 3 ) AND support . ccomp ( x _ 10, x _ 11 ) AND declare . agent ( x _ 11 , x _ 4 ) AND declare . ccomp ( x _ 11, x _ 12 ) AND appreciate . agent ( x _ 12 , Emma ) AND appreciate . ccomp ( x _ 12, x _ 13 ) AND admire . agent ( x _ 13 , Liam ) AND admire . theme ( x _ 13 , x _ 5 )	elips_VPE_depth_gen
The crocodile hoped that a boy noticed that Aiden admired the watch and so did Ava .	* crocodile ( x _ 0 ) ; * watch ( x _ 4 ) ; boy ( x _ 3 ) AND hope . agent ( x _ 5 , x _ 0 ) AND hope . ccomp ( x _ 5, x _ 6 ) AND notice . agent ( x _ 6 , x _ 3 ) AND notice . ccomp ( x _ 6, x _ 7 ) AND admire . agent ( x _ 7 , Aiden ) AND admire . theme ( x _ 7 , x _ 4 ) AND hope . agent ( x _ 8 , Ava ) AND hope . ccomp ( x _ 8, x _ 9 ) AND notice . agent ( x _ 9 , x _ 3 ) AND notice . ccomp ( x _ 9, x _ 10 ) AND admire . agent ( x _ 10 , Aiden ) AND admire . theme ( x _ 10 , x _ 4 )	elips_VPE_depth_gen
A bird declared that a dog appreciated that Ella loved the cake and so did Liam .	* cake ( x _ 4 ) ; bird ( x _ 0 ) AND dog ( x _ 3 ) AND declare . agent ( x _ 5 , x _ 0 ) AND declare . ccomp ( x _ 5, x _ 6 ) AND appreciate . agent ( x _ 6 , x _ 3 ) AND appreciate . ccomp ( x _ 6, x _ 7 ) AND love . agent ( x _ 7 , Ella ) AND love . theme ( x _ 7 , x _ 4 ) AND declare . agent ( x _ 8 , Liam ) AND declare . ccomp ( x _ 8, x _ 9 ) AND appreciate . agent ( x _ 9 , x _ 3 ) AND appreciate . ccomp ( x _ 9, x _ 10 ) AND love . agent ( x _ 10 , Ella ) AND love . theme ( x _ 10 , x _ 4 )	elips_VPE_depth_gen
William liked that the fly appreciated that a cat wished that Emma loved the cookie and so did Liam .	* fly ( x _ 3 ) ; * cookie ( x _ 5 ) ; cat ( x _ 4 ) AND like . agent ( x _ 6 , William ) AND like . ccomp ( x _ 6, x _ 7 ) AND appreciate . agent ( x _ 7 , x _ 3 ) AND appreciate . ccomp ( x _ 7, x _ 8 ) AND wish . agent ( x _ 8 , x _ 4 ) AND wish . ccomp ( x _ 8, x _ 9 ) AND love . agent ( x _ 9 , Emma ) AND love . theme ( x _ 9 , x _ 5 ) AND like . agent ( x _ 10 , Liam ) AND like . ccomp ( x _ 10, x _ 11 ) AND appreciate . agent ( x _ 11 , x _ 3 ) AND appreciate . ccomp ( x _ 11, x _ 12 ) AND wish . agent ( x _ 12 , x _ 4 ) AND wish . ccomp ( x _ 12, x _ 13 ) AND love . agent ( x _ 13 , Emma ) AND love . theme ( x _ 13 , x _ 5 )	elips_VPE_depth_gen
A girl liked that Mia expected that Liam liked that a zebra liked the basket and so did Abigail .	* basket ( x _ 4 ) ; girl ( x _ 0 ) AND zebra ( x _ 3 ) AND like . agent ( x _ 5 , x _ 0 ) AND like . ccomp ( x _ 5, x _ 6 ) AND expect . agent ( x _ 6 , Mia ) AND expect . ccomp ( x _ 6, x _ 7 ) AND like . agent ( x _ 7 , Liam ) AND like . ccomp ( x _ 7, x _ 8 ) AND like . agent ( x _ 8 , x _ 3 ) AND like . theme ( x _ 8 , x _ 4 ) AND like . agent ( x _ 9 , Abigail ) AND like . ccomp ( x _ 9, x _ 10 ) AND expect . agent ( x _ 10 , Mia ) AND expect . ccomp ( x _ 10, x _ 11 ) AND like . agent ( x _ 11 , Liam ) AND like . ccomp ( x _ 11, x _ 12 ) AND like . agent ( x _ 12 , x _ 3 ) AND like . theme ( x _ 12 , x _ 4 )	elips_VPE_depth_gen
A visitor hoped that Emma liked that the child liked that Harper liked the cake and so did William .	* child ( x _ 3 ) ; * cake ( x _ 4 ) ; visitor ( x _ 0 ) AND hope . agent ( x _ 5 , x _ 0 ) AND hope . ccomp ( x _ 5, x _ 6 ) AND like . agent ( x _ 6 , Emma ) AND like . ccomp ( x _ 6, x _ 7 ) AND like . agent ( x _ 7 , x _ 3 ) AND like . ccomp ( x _ 7, x _ 8 ) AND like . agent ( x _ 8 , Harper ) AND like . theme ( x _ 8 , x _ 4 ) AND hope . agent ( x _ 9 , William ) AND hope . ccomp ( x _ 9, x _ 10 ) AND like . agent ( x _ 10 , Emma ) AND like . ccomp ( x _ 10, x _ 11 ) AND like . agent ( x _ 11 , x _ 3 ) AND like . ccomp ( x _ 11, x _ 12 ) AND like . agent ( x _ 12 , Harper ) AND like . theme ( x _ 12 , x _ 4 )	elips_VPE_depth_gen
A boy proved that Liam liked that Sophia found the cake and so did a butterfly .	* cake ( x _ 3 ) ; boy ( x _ 0 ) AND butterfly ( x _ 2 ) AND prove . agent ( x _ 4 , x _ 0 ) AND prove . ccomp ( x _ 4, x _ 5 ) AND like . agent ( x _ 5 , Liam ) AND like . ccomp ( x _ 5, x _ 6 ) AND find . agent ( x _ 6 , Sophia ) AND find . theme ( x _ 6 , x _ 3 ) AND prove . agent ( x _ 7 , x _ 2 ) AND prove . ccomp ( x _ 7, x _ 8 ) AND like . agent ( x _ 8 , Liam ) AND like . ccomp ( x _ 8, x _ 9 ) AND find . agent ( x _ 9 , Sophia ) AND find . theme ( x _ 9 , x _ 3 )	elips_VPE_depth_gen
A mouse valued that Emma hoped that the girl liked a nail and so did Emily .	* girl ( x _ 3 ) ; mouse ( x _ 0 ) AND nail ( x _ 4 ) AND value . agent ( x _ 5 , x _ 0 ) AND value . ccomp ( x _ 5, x _ 6 ) AND hope . agent ( x _ 6 , Emma ) AND hope . ccomp ( x _ 6, x _ 7 ) AND like . agent ( x _ 7 , x _ 3 ) AND like . theme ( x _ 7 , x _ 4 ) AND value . agent ( x _ 8 , Emily ) AND value . ccomp ( x _ 8, x _ 9 ) AND hope . agent ( x _ 9 , Emma ) AND hope . ccomp ( x _ 9, x _ 10 ) AND like . agent ( x _ 10 , x _ 3 ) AND like . theme ( x _ 10 , x _ 4 )	elips_VPE_depth_gen
A monkey hoped that the guy expected that the girl found a box and so did Emma .	* guy ( x _ 4 ) ; * girl ( x _ 5 ) ; monkey ( x _ 0 ) AND box ( x _ 6 ) AND hope . agent ( x _ 7 , x _ 0 ) AND hope . ccomp ( x _ 7, x _ 8 ) AND expect . agent ( x _ 8 , x _ 4 ) AND expect . ccomp ( x _ 8, x _ 9 ) AND find . agent ( x _ 9 , x _ 5 ) AND find . theme ( x _ 9 , x _ 6 ) AND hope . agent ( x _ 10 , Emma ) AND hope . ccomp ( x _ 10, x _ 11 ) AND expect . agent ( x _ 11 , x _ 4 ) AND expect . ccomp ( x _ 11, x _ 12 ) AND find . agent ( x _ 12 , x _ 5 ) AND find . theme ( x _ 12 , x _ 6 )	elips_VPE_depth_gen
A girl liked that Eleanor supported that Charlotte liked the cake and so did Emma .	* cake ( x _ 2 ) ; girl ( x _ 0 ) AND like . agent ( x _ 3 , x _ 0 ) AND like . ccomp ( x _ 3, x _ 4 ) AND support . agent ( x _ 4 , Eleanor ) AND support . ccomp ( x _ 4, x _ 5 ) AND like . agent ( x _ 5 , Charlotte ) AND like . theme ( x _ 5 , x _ 2 ) AND like . agent ( x _ 6 , Emma ) AND like . ccomp ( x _ 6, x _ 7 ) AND support . agent ( x _ 7 , Eleanor ) AND support . ccomp ( x _ 7, x _ 8 ) AND like . agent ( x _ 8 , Charlotte ) AND like . theme ( x _ 8 , x _ 2 )	elips_VPE_depth_gen
Charlotte said that Emma hoped that a cat liked that Noah liked the raisin and so did the baby .	* raisin ( x _ 4 ) ; * baby ( x _ 2 ) ; cat ( x _ 3 ) AND say . agent ( x _ 5 , Charlotte ) AND say . ccomp ( x _ 5, x _ 6 ) AND hope . agent ( x _ 6 , Emma ) AND hope . ccomp ( x _ 6, x _ 7 ) AND like . agent ( x _ 7 , x _ 3 ) AND like . ccomp ( x _ 7, x _ 8 ) AND like . agent ( x _ 8 , Noah ) AND like . theme ( x _ 8 , x _ 4 ) AND say . agent ( x _ 9 , x _ 2 ) AND say . ccomp ( x _ 9, x _ 10 ) AND hope . agent ( x _ 10 , Emma ) AND hope . ccomp ( x _ 10, x _ 11 ) AND like . agent ( x _ 11 , x _ 3 ) AND like . ccomp ( x _ 11, x _ 12 ) AND like . agent ( x _ 12 , Noah ) AND like . theme ( x _ 12 , x _ 4 )	elips_VPE_depth_gen
Hazel supported that Liam liked that the baby liked that Savannah hoped that a priest found Ava and so did Emma .	* baby ( x _ 2 ) ; priest ( x _ 3 ) AND support . agent ( x _ 4 , Hazel ) AND support . ccomp ( x _ 4, x _ 5 ) AND like . agent ( x _ 5 , Liam ) AND like . ccomp ( x _ 5, x _ 6 ) AND like . agent ( x _ 6 , x _ 2 ) AND like . ccomp ( x _ 6, x _ 7 ) AND hope . agent ( x _ 7 , Savannah ) AND hope . ccomp ( x _ 7, x _ 8 ) AND find . agent ( x _ 8 , x _ 3 ) AND find . theme ( x _ 8 , Ava ) AND support . agent ( x _ 9 , Emma ) AND support . ccomp ( x _ 9, x _ 10 ) AND like . agent ( x _ 10 , Liam ) AND like . ccomp ( x _ 10, x _ 11 ) AND like . agent ( x _ 11 , x _ 2 ) AND like . ccomp ( x _ 11, x _ 12 ) AND hope . agent ( x _ 12 , Savannah ) AND hope . ccomp ( x _ 12, x _ 13 ) AND find . agent ( x _ 13 , x _ 3 ) AND find . theme ( x _ 13 , Ava )	elips_VPE_depth_gen
A butterfly noticed that the boy liked that James helped a drink and so did Olivia .	* boy ( x _ 3 ) ; butterfly ( x _ 0 ) AND drink ( x _ 4 ) AND notice . agent ( x _ 5 , x _ 0 ) AND notice . ccomp ( x _ 5, x _ 6 ) AND like . agent ( x _ 6 , x _ 3 ) AND like . ccomp ( x _ 6, x _ 7 ) AND help . agent ( x _ 7 , James ) AND help . theme ( x _ 7 , x _ 4 ) AND notice . agent ( x _ 8 , Olivia ) AND notice . ccomp ( x _ 8, x _ 9 ) AND like . agent ( x _ 9 , x _ 3 ) AND like . ccomp ( x _ 9, x _ 10 ) AND help . agent ( x _ 10 , James ) AND help . theme ( x _ 10 , x _ 4 )	elips_VPE_depth_gen
A girl liked that Benjamin respected that Oliver liked that Liam liked Emma and so did Evelyn .	girl ( x _ 0 ) AND like . agent ( x _ 1 , x _ 0 ) AND like . ccomp ( x _ 1, x _ 2 ) AND respect . agent ( x _ 2 , Benjamin ) AND respect . ccomp ( x _ 2, x _ 3 ) AND like . agent ( x _ 3 , Oliver ) AND like . ccomp ( x _ 3, x _ 4 ) AND like . agent ( x _ 4 , Liam ) AND like . theme ( x _ 4 , Emma ) AND like . agent ( x _ 5 , Evelyn ) AND like . ccomp ( x _ 5, x _ 6 ) AND respect . agent ( x _ 6 , Benjamin ) AND respect . ccomp ( x _ 6, x _ 7 ) AND like . agent ( x _ 7 , Oliver ) AND like . ccomp ( x _ 7, x _ 8 ) AND like . agent ( x _ 8 , Liam ) AND like . theme ( x _ 8 , Emma )	elips_VPE_depth_gen
A baby dreamed that Elijah confessed that Liam helped the chalk and so did Noah .	* chalk ( x _ 2 ) ; baby ( x _ 0 ) AND dream . agent ( x _ 3 , x _ 0 ) AND dream . ccomp ( x _ 3, x _ 4 ) AND confess . agent ( x _ 4 , Elijah ) AND confess . ccomp ( x _ 4, x _ 5 ) AND help . agent ( x _ 5 , Liam ) AND help . theme ( x _ 5 , x _ 2 ) AND dream . agent ( x _ 6 , Noah ) AND dream . ccomp ( x _ 6, x _ 7 ) AND confess . agent ( x _ 7 , Elijah ) AND confess . ccomp ( x _ 7, x _ 8 ) AND help . agent ( x _ 8 , Liam ) AND help . theme ( x _ 8 , x _ 2 )	elips_VPE_depth_gen
Nora noticed that a boy noticed that a girl hoped that Elizabeth liked Harper and so did James .	boy ( x _ 2 ) AND girl ( x _ 3 ) AND notice . agent ( x _ 4 , Nora ) AND notice . ccomp ( x _ 4, x _ 5 ) AND notice . agent ( x _ 5 , x _ 2 ) AND notice . ccomp ( x _ 5, x _ 6 ) AND hope . agent ( x _ 6 , x _ 3 ) AND hope . ccomp ( x _ 6, x _ 7 ) AND like . agent ( x _ 7 , Elizabeth ) AND like . theme ( x _ 7 , Harper ) AND notice . agent ( x _ 8 , James ) AND notice . ccomp ( x _ 8, x _ 9 ) AND notice . agent ( x _ 9 , x _ 2 ) AND notice . ccomp ( x _ 9, x _ 10 ) AND hope . agent ( x _ 10 , x _ 3 ) AND hope . ccomp ( x _ 10, x _ 11 ) AND like . agent ( x _ 11 , Elizabeth ) AND like . theme ( x _ 11 , Harper )	elips_VPE_depth_gen
Emma liked that the child liked that Charlotte liked that the farmer admired a donut and so did the girl .	* child ( x _ 4 ) ; * farmer ( x _ 5 ) ; * girl ( x _ 3 ) ; donut ( x _ 6 ) AND like . agent ( x _ 7 , Emma ) AND like . ccomp ( x _ 7, x _ 8 ) AND like . agent ( x _ 8 , x _ 4 ) AND like . ccomp ( x _ 8, x _ 9 ) AND like . agent ( x _ 9 , Charlotte ) AND like . ccomp ( x _ 9, x _ 10 ) AND admire . agent ( x _ 10 , x _ 5 ) AND admire . theme ( x _ 10 , x _ 6 ) AND like . agent ( x _ 11 , x _ 3 ) AND like . ccomp ( x _ 11, x _ 12 ) AND like . agent ( x _ 12 , x _ 4 ) AND like . ccomp ( x _ 12, x _ 13 ) AND like . agent ( x _ 13 , Charlotte ) AND like . ccomp ( x _ 13, x _ 14 ) AND admire . agent ( x _ 14 , x _ 5 ) AND admire . theme ( x _ 14 , x _ 6 )	elips_VPE_depth_gen
Emma noticed that a girl liked that a princess hoped that the duck liked a cake and so did a bunny .	* duck ( x _ 7 ) ; girl ( x _ 5 ) AND princess ( x _ 6 ) AND cake ( x _ 8 ) AND bunny ( x _ 4 ) AND notice . agent ( x _ 9 , Emma ) AND notice . ccomp ( x _ 9, x _ 10 ) AND like . agent ( x _ 10 , x _ 5 ) AND like . ccomp ( x _ 10, x _ 11 ) AND hope . agent ( x _ 11 , x _ 6 ) AND hope . ccomp ( x _ 11, x _ 12 ) AND like . agent ( x _ 12 , x _ 7 ) AND like . theme ( x _ 12 , x _ 8 ) AND notice . agent ( x _ 13 , x _ 4 ) AND notice . ccomp ( x _ 13, x _ 14 ) AND like . agent ( x _ 14 , x _ 5 ) AND like . ccomp ( x _ 14, x _ 15 ) AND hope . agent ( x _ 15 , x _ 6 ) AND hope . ccomp ( x _ 15, x _ 16 ) AND like . agent ( x _ 16 , x _ 7 ) AND like . theme ( x _ 16 , x _ 8 )	elips_VPE_depth_gen
A bear hoped that Oliver confessed that Ava found a girl and so did a dog .	bear ( x _ 0 ) AND girl ( x _ 3 ) AND dog ( x _ 2 ) AND hope . agent ( x _ 4 , x _ 0 ) AND hope . ccomp ( x _ 4, x _ 5 ) AND confess . agent ( x _ 5 , Oliver ) AND confess . ccomp ( x _ 5, x _ 6 ) AND find . agent ( x _ 6 , Ava ) AND find . theme ( x _ 6 , x _ 3 ) AND hope . agent ( x _ 7 , x _ 2 ) AND hope . ccomp ( x _ 7, x _ 8 ) AND confess . agent ( x _ 8 , Oliver ) AND confess . ccomp ( x _ 8, x _ 9 ) AND find . agent ( x _ 9 , Ava ) AND find . theme ( x _ 9 , x _ 3 )	elips_VPE_depth_gen
A citizen believed that Victoria liked that Avery poked a donut and so did Liam .	citizen ( x _ 0 ) AND donut ( x _ 2 ) AND believe . agent ( x _ 3 , x _ 0 ) AND believe . ccomp ( x _ 3, x _ 4 ) AND like . agent ( x _ 4 , Victoria ) AND like . ccomp ( x _ 4, x _ 5 ) AND poke . agent ( x _ 5 , Avery ) AND poke . theme ( x _ 5 , x _ 2 ) AND believe . agent ( x _ 6 , Liam ) AND believe . ccomp ( x _ 6, x _ 7 ) AND like . agent ( x _ 7 , Victoria ) AND like . ccomp ( x _ 7, x _ 8 ) AND poke . agent ( x _ 8 , Avery ) AND poke . theme ( x _ 8 , x _ 2 )	elips_VPE_depth_gen
A baby liked that Natalie said that Mia liked the donut and so did a girl .	* donut ( x _ 3 ) ; baby ( x _ 0 ) AND girl ( x _ 2 ) AND like . agent ( x _ 4 , x _ 0 ) AND like . ccomp ( x _ 4, x _ 5 ) AND say . agent ( x _ 5 , Natalie ) AND say . ccomp ( x _ 5, x _ 6 ) AND like . agent ( x _ 6 , Mia ) AND like . theme ( x _ 6 , x _ 3 ) AND like . agent ( x _ 7 , x _ 2 ) AND like . ccomp ( x _ 7, x _ 8 ) AND say . agent ( x _ 8 , Natalie ) AND say . ccomp ( x _ 8, x _ 9 ) AND like . agent ( x _ 9 , Mia ) AND like . theme ( x _ 9 , x _ 3 )	elips_VPE_depth_gen
Emma supported that a cat liked that the girl poked a cake and so did a kid .	* girl ( x _ 5 ) ; cat ( x _ 4 ) AND cake ( x _ 6 ) AND kid ( x _ 3 ) AND support . agent ( x _ 7 , Emma ) AND support . ccomp ( x _ 7, x _ 8 ) AND like . agent ( x _ 8 , x _ 4 ) AND like . ccomp ( x _ 8, x _ 9 ) AND poke . agent ( x _ 9 , x _ 5 ) AND poke . theme ( x _ 9 , x _ 6 ) AND support . agent ( x _ 10 , x _ 3 ) AND support . ccomp ( x _ 10, x _ 11 ) AND like . agent ( x _ 11 , x _ 4 ) AND like . ccomp ( x _ 11, x _ 12 ) AND poke . agent ( x _ 12 , x _ 5 ) AND poke . theme ( x _ 12 , x _ 6 )	elips_VPE_depth_gen
Isabella proved that Mila imagined that a boy admired that the girl helped Noah and so did Ava .	* girl ( x _ 3 ) ; boy ( x _ 2 ) AND prove . agent ( x _ 4 , Isabella ) AND prove . ccomp ( x _ 4, x _ 5 ) AND imagine . agent ( x _ 5 , Mila ) AND imagine . ccomp ( x _ 5, x _ 6 ) AND admire . agent ( x _ 6 , x _ 2 ) AND admire . ccomp ( x _ 6, x _ 7 ) AND help . agent ( x _ 7 , x _ 3 ) AND help . theme ( x _ 7 , Noah ) AND prove . agent ( x _ 8 , Ava ) AND prove . ccomp ( x _ 8, x _ 9 ) AND imagine . agent ( x _ 9 , Mila ) AND imagine . ccomp ( x _ 9, x _ 10 ) AND admire . agent ( x _ 10 , x _ 2 ) AND admire . ccomp ( x _ 10, x _ 11 ) AND help . agent ( x _ 11 , x _ 3 ) AND help . theme ( x _ 11 , Noah )	elips_VPE_depth_gen
Emma noticed that the sailor hoped that the dog loved a boy and so did a girl .	* sailor ( x _ 4 ) ; * dog ( x _ 5 ) ; boy ( x _ 6 ) AND girl ( x _ 3 ) AND notice . agent ( x _ 7 , Emma ) AND notice . ccomp ( x _ 7, x _ 8 ) AND hope . agent ( x _ 8 , x _ 4 ) AND hope . ccomp ( x _ 8, x _ 9 ) AND love . agent ( x _ 9 , x _ 5 ) AND love . theme ( x _ 9 , x _ 6 ) AND notice . agent ( x _ 10 , x _ 3 ) AND notice . ccomp ( x _ 10, x _ 11 ) AND hope . agent ( x _ 11 , x _ 4 ) AND hope . ccomp ( x _ 11, x _ 12 ) AND love . agent ( x _ 12 , x _ 5 ) AND love . theme ( x _ 12 , x _ 6 )	elips_VPE_depth_gen
Emma noticed that Natalie liked that a girl helped a father and so did a teacher .	girl ( x _ 3 ) AND father ( x _ 4 ) AND teacher ( x _ 2 ) AND notice . agent ( x _ 5 , Emma ) AND notice . ccomp ( x _ 5, x _ 6 ) AND like . agent ( x _ 6 , Natalie ) AND like . ccomp ( x _ 6, x _ 7 ) AND help . agent ( x _ 7 , x _ 3 ) AND help . theme ( x _ 7 , x _ 4 ) AND notice . agent ( x _ 8 , x _ 2 ) AND notice . ccomp ( x _ 8, x _ 9 ) AND like . agent ( x _ 9 , Natalie ) AND like . ccomp ( x _ 9, x _ 10 ) AND help . agent ( x _ 10 , x _ 3 ) AND help . theme ( x _ 10 , x _ 4 )	elips_VPE_depth_gen
Julian respected that a baby believed that Hannah liked the governor and so did the scientist .	* governor ( x _ 4 ) ; * scientist ( x _ 2 ) ; baby ( x _ 3 ) AND respect . agent ( x _ 5 , Julian ) AND respect . ccomp ( x _ 5, x _ 6 ) AND believe . agent ( x _ 6 , x _ 3 ) AND believe . ccomp ( x _ 6, x _ 7 ) AND like . agent ( x _ 7 , Hannah ) AND like . theme ( x _ 7 , x _ 4 ) AND respect . agent ( x _ 8 , x _ 2 ) AND respect . ccomp ( x _ 8, x _ 9 ) AND believe . agent ( x _ 9 , x _ 3 ) AND believe . ccomp ( x _ 9, x _ 10 ) AND like . agent ( x _ 10 , Hannah ) AND like . theme ( x _ 10 , x _ 4 )	elips_VPE_depth_gen
A boy said that the penguin liked that the duck appreciated the game and so did the dog .	* penguin ( x _ 5 ) ; * duck ( x _ 6 ) ; * game ( x _ 7 ) ; * dog ( x _ 4 ) ; boy ( x _ 0 ) AND say . agent ( x _ 8 , x _ 0 ) AND say . ccomp ( x _ 8, x _ 9 ) AND like . agent ( x _ 9 , x _ 5 ) AND like . ccomp ( x _ 9, x _ 10 ) AND appreciate . agent ( x _ 10 , x _ 6 ) AND appreciate . theme ( x _ 10 , x _ 7 ) AND say . agent ( x _ 11 , x _ 4 ) AND say . ccomp ( x _ 11, x _ 12 ) AND like . agent ( x _ 12 , x _ 5 ) AND like . ccomp ( x _ 12, x _ 13 ) AND appreciate . agent ( x _ 13 , x _ 6 ) AND appreciate . theme ( x _ 13 , x _ 7 )	elips_VPE_depth_gen
The girl liked that the hero liked that the boy found the cake and so did Julian .	* girl ( x _ 0 ) ; * hero ( x _ 4 ) ; * boy ( x _ 5 ) ; * cake ( x _ 6 ) ; like . agent ( x _ 7 , x _ 0 ) AND like . ccomp ( x _ 7, x _ 8 ) AND like . agent ( x _ 8 , x _ 4 ) AND like . ccomp ( x _ 8, x _ 9 ) AND find . agent ( x _ 9 , x _ 5 ) AND find . theme ( x _ 9 , x _ 6 ) AND like . agent ( x _ 10 , Julian ) AND like . ccomp ( x _ 10, x _ 11 ) AND like . agent ( x _ 11 , x _ 4 ) AND like . ccomp ( x _ 11, x _ 12 ) AND find . agent ( x _ 12 , x _ 5 ) AND find . theme ( x _ 12 , x _ 6 )	elips_VPE_depth_gen
A baby dreamed that a girl liked that a boy loved the cookie and so did Isabella .	* cookie ( x _ 6 ) ; baby ( x _ 0 ) AND girl ( x _ 4 ) AND boy ( x _ 5 ) AND dream . agent ( x _ 7 , x _ 0 ) AND dream . ccomp ( x _ 7, x _ 8 ) AND like . agent ( x _ 8 , x _ 4 ) AND like . ccomp ( x _ 8, x _ 9 ) AND love . agent ( x _ 9 , x _ 5 ) AND love . theme ( x _ 9 , x _ 6 ) AND dream . agent ( x _ 10 , Isabella ) AND dream . ccomp ( x _ 10, x _ 11 ) AND like . agent ( x _ 11 , x _ 4 ) AND like . ccomp ( x _ 11, x _ 12 ) AND love . agent ( x _ 12 , x _ 5 ) AND love . theme ( x _ 12 , x _ 6 )	elips_VPE_depth_gen
A captain noticed that Olivia appreciated that Layla said that the boy respected a girl and so did Emma .	* boy ( x _ 3 ) ; captain ( x _ 0 ) AND girl ( x _ 4 ) AND notice . agent ( x _ 5 , x _ 0 ) AND notice . ccomp ( x _ 5, x _ 6 ) AND appreciate . agent ( x _ 6 , Olivia ) AND appreciate . ccomp ( x _ 6, x _ 7 ) AND say . agent ( x _ 7 , Layla ) AND say . ccomp ( x _ 7, x _ 8 ) AND respect . agent ( x _ 8 , x _ 3 ) AND respect . theme ( x _ 8 , x _ 4 ) AND notice . agent ( x _ 9 , Emma ) AND notice . ccomp ( x _ 9, x _ 10 ) AND appreciate . agent ( x _ 10 , Olivia ) AND appreciate . ccomp ( x _ 10, x _ 11 ) AND say . agent ( x _ 11 , Layla ) AND say . ccomp ( x _ 11, x _ 12 ) AND respect . agent ( x _ 12 , x _ 3 ) AND respect . theme ( x _ 12 , x _ 4 )	elips_VPE_depth_gen
The girl appreciated that Eleanor said that Charlotte helped a bunny and so did a fish .	* girl ( x _ 0 ) ; bunny ( x _ 3 ) AND fish ( x _ 2 ) AND appreciate . agent ( x _ 4 , x _ 0 ) AND appreciate . ccomp ( x _ 4, x _ 5 ) AND say . agent ( x _ 5 , Eleanor ) AND say . ccomp ( x _ 5, x _ 6 ) AND help . agent ( x _ 6 , Charlotte ) AND help . theme ( x _ 6 , x _ 3 ) AND appreciate . agent ( x _ 7 , x _ 2 ) AND appreciate . ccomp ( x _ 7, x _ 8 ) AND say . agent ( x _ 8 , Eleanor ) AND say . ccomp ( x _ 8, x _ 9 ) AND help . agent ( x _ 9 , Charlotte ) AND help . theme ( x _ 9 , x _ 3 )	elips_VPE_depth_gen
The dog said that the frog hoped that a duke liked a girl and so did Emma .	* dog ( x _ 0 ) ; * frog ( x _ 4 ) ; duke ( x _ 5 ) AND girl ( x _ 6 ) AND say . agent ( x _ 7 , x _ 0 ) AND say . ccomp ( x _ 7, x _ 8 ) AND hope . agent ( x _ 8 , x _ 4 ) AND hope . ccomp ( x _ 8, x _ 9 ) AND like . agent ( x _ 9 , x _ 5 ) AND like . theme ( x _ 9 , x _ 6 ) AND say . agent ( x _ 10 , Emma ) AND say . ccomp ( x _ 10, x _ 11 ) AND hope . agent ( x _ 11 , x _ 4 ) AND hope . ccomp ( x _ 11, x _ 12 ) AND like . agent ( x _ 12 , x _ 5 ) AND like . theme ( x _ 12 , x _ 6 )	elips_VPE_depth_gen
A boy hoped that a girl thought that a baby liked the block and so did Liam .	* block ( x _ 6 ) ; boy ( x _ 0 ) AND girl ( x _ 4 ) AND baby ( x _ 5 ) AND hope . agent ( x _ 7 , x _ 0 ) AND hope . ccomp ( x _ 7, x _ 8 ) AND think . agent ( x _ 8 , x _ 4 ) AND think . ccomp ( x _ 8, x _ 9 ) AND like . agent ( x _ 9 , x _ 5 ) AND like . theme ( x _ 9 , x _ 6 ) AND hope . agent ( x _ 10 , Liam ) AND hope . ccomp ( x _ 10, x _ 11 ) AND think . agent ( x _ 11 , x _ 4 ) AND think . ccomp ( x _ 11, x _ 12 ) AND like . agent ( x _ 12 , x _ 5 ) AND like . theme ( x _ 12 , x _ 6 )	elips_VPE_depth_gen
Jacob hoped that Joseph noticed that a giraffe respected the donut and so did the cat .	* donut ( x _ 4 ) ; * cat ( x _ 2 ) ; giraffe ( x _ 3 ) AND hope . agent ( x _ 5 , Jacob ) AND hope . ccomp ( x _ 5, x _ 6 ) AND notice . agent ( x _ 6 , Joseph ) AND notice . ccomp ( x _ 6, x _ 7 ) AND respect . agent ( x _ 7 , x _ 3 ) AND respect . theme ( x _ 7 , x _ 4 ) AND hope . agent ( x _ 8 , x _ 2 ) AND hope . ccomp ( x _ 8, x _ 9 ) AND notice . agent ( x _ 9 , Joseph ) AND notice . ccomp ( x _ 9, x _ 10 ) AND respect . agent ( x _ 10 , x _ 3 ) AND respect . theme ( x _ 10 , x _ 4 )	elips_VPE_depth_gen
Evelyn confessed that a bear said that a driver liked a cat and so did a frog .	bear ( x _ 4 ) AND driver ( x _ 5 ) AND cat ( x _ 6 ) AND frog ( x _ 3 ) AND confess . agent ( x _ 7 , Evelyn ) AND confess . ccomp ( x _ 7, x _ 8 ) AND say . agent ( x _ 8 , x _ 4 ) AND say . ccomp ( x _ 8, x _ 9 ) AND like . agent ( x _ 9 , x _ 5 ) AND like . theme ( x _ 9 , x _ 6 ) AND confess . agent ( x _ 10 , x _ 3 ) AND confess . ccomp ( x _ 10, x _ 11 ) AND say . agent ( x _ 11 , x _ 4 ) AND say . ccomp ( x _ 11, x _ 12 ) AND like . agent ( x _ 12 , x _ 5 ) AND like . theme ( x _ 12 , x _ 6 )	elips_VPE_depth_gen
A girl hoped that Asher liked that Gabriel liked Mason and so did the scientist .	* scientist ( x _ 1 ) ; girl ( x _ 0 ) AND hope . agent ( x _ 2 , x _ 0 ) AND hope . ccomp ( x _ 2, x _ 3 ) AND like . agent ( x _ 3 , Asher ) AND like . ccomp ( x _ 3, x _ 4 ) AND like . agent ( x _ 4 , Gabriel ) AND like . theme ( x _ 4 , Mason ) AND hope . agent ( x _ 5 , x _ 1 ) AND hope . ccomp ( x _ 5, x _ 6 ) AND like . agent ( x _ 6 , Asher ) AND like . ccomp ( x _ 6, x _ 7 ) AND like . agent ( x _ 7 , Gabriel ) AND like . theme ( x _ 7 , Mason )	elips_VPE_depth_gen
Noah hoped that the girl liked that Emma declared that a friend respected the cake and so did Ethan .	* girl ( x _ 3 ) ; * cake ( x _ 5 ) ; friend ( x _ 4 ) AND hope . agent ( x _ 6 , Noah ) AND hope . ccomp ( x _ 6, x _ 7 ) AND like . agent ( x _ 7 , x _ 3 ) AND like . ccomp ( x _ 7, x _ 8 ) AND declare . agent ( x _ 8 , Emma ) AND declare . ccomp ( x _ 8, x _ 9 ) AND respect . agent ( x _ 9 , x _ 4 ) AND respect . theme ( x _ 9 , x _ 5 ) AND hope . agent ( x _ 10 , Ethan ) AND hope . ccomp ( x _ 10, x _ 11 ) AND like . agent ( x _ 11 , x _ 3 ) AND like . ccomp ( x _ 11, x _ 12 ) AND declare . agent ( x _ 12 , Emma ) AND declare . ccomp ( x _ 12, x _ 13 ) AND respect . agent ( x _ 13 , x _ 4 ) AND respect . theme ( x _ 13 , x _ 5 )	elips_VPE_depth_gen
The girl declared that Scarlett liked that the frog hoped that the bear appreciated a crayon and so did a monkey .	* girl ( x _ 0 ) ; * frog ( x _ 5 ) ; * bear ( x _ 6 ) ; crayon ( x _ 7 ) AND monkey ( x _ 4 ) AND declare . agent ( x _ 8 , x _ 0 ) AND declare . ccomp ( x _ 8, x _ 9 ) AND like . agent ( x _ 9 , Scarlett ) AND like . ccomp ( x _ 9, x _ 10 ) AND hope . agent ( x _ 10 , x _ 5 ) AND hope . ccomp ( x _ 10, x _ 11 ) AND appreciate . agent ( x _ 11 , x _ 6 ) AND appreciate . theme ( x _ 11 , x _ 7 ) AND declare . agent ( x _ 12 , x _ 4 ) AND declare . ccomp ( x _ 12, x _ 13 ) AND like . agent ( x _ 13 , Scarlett ) AND like . ccomp ( x _ 13, x _ 14 ) AND hope . agent ( x _ 14 , x _ 5 ) AND hope . ccomp ( x _ 14, x _ 15 ) AND appreciate . agent ( x _ 15 , x _ 6 ) AND appreciate . theme ( x _ 15 , x _ 7 )	elips_VPE_depth_gen
The baby hoped that a boy confessed that the child declared that Avery loved a pancake and so did the duke .	* baby ( x _ 0 ) ; * child ( x _ 6 ) ; * duke ( x _ 4 ) ; boy ( x _ 5 ) AND pancake ( x _ 7 ) AND hope . agent ( x _ 8 , x _ 0 ) AND hope . ccomp ( x _ 8, x _ 9 ) AND confess . agent ( x _ 9 , x _ 5 ) AND confess . ccomp ( x _ 9, x _ 10 ) AND declare . agent ( x _ 10 , x _ 6 ) AND declare . ccomp ( x _ 10, x _ 11 ) AND love . agent ( x _ 11 , Avery ) AND love . theme ( x _ 11 , x _ 7 ) AND hope . agent ( x _ 12 , x _ 4 ) AND hope . ccomp ( x _ 12, x _ 13 ) AND confess . agent ( x _ 13 , x _ 5 ) AND confess . ccomp ( x _ 13, x _ 14 ) AND declare . agent ( x _ 14 , x _ 6 ) AND declare . ccomp ( x _ 14, x _ 15 ) AND love . agent ( x _ 15 , Avery ) AND love . theme ( x _ 15 , x _ 7 )	elips_VPE_depth_gen
Liam confessed that the mouse liked that Jacob liked a monkey and so did Emma .	* mouse ( x _ 2 ) ; monkey ( x _ 3 ) AND confess . agent ( x _ 4 , Liam ) AND confess . ccomp ( x _ 4, x _ 5 ) AND like . agent ( x _ 5 , x _ 2 ) AND like . ccomp ( x _ 5, x _ 6 ) AND like . agent ( x _ 6 , Jacob ) AND like . theme ( x _ 6 , x _ 3 ) AND confess . agent ( x _ 7 , Emma ) AND confess . ccomp ( x _ 7, x _ 8 ) AND like . agent ( x _ 8 , x _ 2 ) AND like . ccomp ( x _ 8, x _ 9 ) AND like . agent ( x _ 9 , Jacob ) AND like . theme ( x _ 9 , x _ 3 )	elips_VPE_depth_gen
Charlotte said that a student liked that the boy found a horse and so did the giraffe .	* boy ( x _ 5 ) ; * giraffe ( x _ 3 ) ; student ( x _ 4 ) AND horse ( x _ 6 ) AND say . agent ( x _ 7 , Charlotte ) AND say . ccomp ( x _ 7, x _ 8 ) AND like . agent ( x _ 8 , x _ 4 ) AND like . ccomp ( x _ 8, x _ 9 ) AND find . agent ( x _ 9 , x _ 5 ) AND find . theme ( x _ 9 , x _ 6 ) AND say . agent ( x _ 10 , x _ 3 ) AND say . ccomp ( x _ 10, x _ 11 ) AND like . agent ( x _ 11 , x _ 4 ) AND like . ccomp ( x _ 11, x _ 12 ) AND find . agent ( x _ 12 , x _ 5 ) AND find . theme ( x _ 12 , x _ 6 )	elips_VPE_depth_gen
Anthony hoped that the boy thought that Ava respected Isabella and so did Emma .	* boy ( x _ 1 ) ; hope . agent ( x _ 2 , Anthony ) AND hope . ccomp ( x _ 2, x _ 3 ) AND think . agent ( x _ 3 , x _ 1 ) AND think . ccomp ( x _ 3, x _ 4 ) AND respect . agent ( x _ 4 , Ava ) AND respect . theme ( x _ 4 , Isabella ) AND hope . agent ( x _ 5 , Emma ) AND hope . ccomp ( x _ 5, x _ 6 ) AND think . agent ( x _ 6 , x _ 1 ) AND think . ccomp ( x _ 6, x _ 7 ) AND respect . agent ( x _ 7 , Ava ) AND respect . theme ( x _ 7 , Isabella )	elips_VPE_depth_gen
A horse liked that James declared that Emma helped a baby and so did Lincoln .	horse ( x _ 0 ) AND baby ( x _ 2 ) AND like . agent ( x _ 3 , x _ 0 ) AND like . ccomp ( x _ 3, x _ 4 ) AND declare . agent ( x _ 4 , James ) AND declare . ccomp ( x _ 4, x _ 5 ) AND help . agent ( x _ 5 , Emma ) AND help . theme ( x _ 5 , x _ 2 ) AND like . agent ( x _ 6 , Lincoln ) AND like . ccomp ( x _ 6, x _ 7 ) AND declare . agent ( x _ 7 , James ) AND declare . ccomp ( x _ 7, x _ 8 ) AND help . agent ( x _ 8 , Emma ) AND help . theme ( x _ 8 , x _ 2 )	elips_VPE_depth_gen
Ethan liked that Liam hoped that a girl helped the drink and so did Elizabeth .	* drink ( x _ 3 ) ; girl ( x _ 2 ) AND like . agent ( x _ 4 , Ethan ) AND like . ccomp ( x _ 4, x _ 5 ) AND hope . agent ( x _ 5 , Liam ) AND hope . ccomp ( x _ 5, x _ 6 ) AND help . agent ( x _ 6 , x _ 2 ) AND help . theme ( x _ 6 , x _ 3 ) AND like . agent ( x _ 7 , Elizabeth ) AND like . ccomp ( x _ 7, x _ 8 ) AND hope . agent ( x _ 8 , Liam ) AND hope . ccomp ( x _ 8, x _ 9 ) AND help . agent ( x _ 9 , x _ 2 ) AND help . theme ( x _ 9 , x _ 3 )	elips_VPE_depth_gen
Emma liked that a horse noticed that the duke thought that a driver liked that Sofia found a chalk and so did Aiden .	* duke ( x _ 5 ) ; horse ( x _ 4 ) AND driver ( x _ 6 ) AND chalk ( x _ 7 ) AND like . agent ( x _ 8 , Emma ) AND like . ccomp ( x _ 8, x _ 9 ) AND notice . agent ( x _ 9 , x _ 4 ) AND notice . ccomp ( x _ 9, x _ 10 ) AND think . agent ( x _ 10 , x _ 5 ) AND think . ccomp ( x _ 10, x _ 11 ) AND like . agent ( x _ 11 , x _ 6 ) AND like . ccomp ( x _ 11, x _ 12 ) AND find . agent ( x _ 12 , Sofia ) AND find . theme ( x _ 12 , x _ 7 ) AND like . agent ( x _ 13 , Aiden ) AND like . ccomp ( x _ 13, x _ 14 ) AND notice . agent ( x _ 14 , x _ 4 ) AND notice . ccomp ( x _ 14, x _ 15 ) AND think . agent ( x _ 15 , x _ 5 ) AND think . ccomp ( x _ 15, x _ 16 ) AND like . agent ( x _ 16 , x _ 6 ) AND like . ccomp ( x _ 16, x _ 17 ) AND find . agent ( x _ 17 , Sofia ) AND find . theme ( x _ 17 , x _ 7 )	elips_VPE_depth_gen
The girl noticed that a dog liked that a mouse meant that Sofia loved the cake and so did Emma .	* girl ( x _ 0 ) ; * cake ( x _ 6 ) ; dog ( x _ 4 ) AND mouse ( x _ 5 ) AND notice . agent ( x _ 7 , x _ 0 ) AND notice . ccomp ( x _ 7, x _ 8 ) AND like . agent ( x _ 8 , x _ 4 ) AND like . ccomp ( x _ 8, x _ 9 ) AND mean . agent ( x _ 9 , x _ 5 ) AND mean . ccomp ( x _ 9, x _ 10 ) AND love . agent ( x _ 10 , Sofia ) AND love . theme ( x _ 10 , x _ 6 ) AND notice . agent ( x _ 11 , Emma ) AND notice . ccomp ( x _ 11, x _ 12 ) AND like . agent ( x _ 12 , x _ 4 ) AND like . ccomp ( x _ 12, x _ 13 ) AND mean . agent ( x _ 13 , x _ 5 ) AND mean . ccomp ( x _ 13, x _ 14 ) AND love . agent ( x _ 14 , Sofia ) AND love . theme ( x _ 14 , x _ 6 )	elips_VPE_depth_gen
Olivia hoped that the girl expected that Oliver liked the cake and so did Madison .	* girl ( x _ 2 ) ; * cake ( x _ 3 ) ; hope . agent ( x _ 4 , Olivia ) AND hope . ccomp ( x _ 4, x _ 5 ) AND expect . agent ( x _ 5 , x _ 2 ) AND expect . ccomp ( x _ 5, x _ 6 ) AND like . agent ( x _ 6 , Oliver ) AND like . theme ( x _ 6 , x _ 3 ) AND hope . agent ( x _ 7 , Madison ) AND hope . ccomp ( x _ 7, x _ 8 ) AND expect . agent ( x _ 8 , x _ 2 ) AND expect . ccomp ( x _ 8, x _ 9 ) AND like . agent ( x _ 9 , Oliver ) AND like . theme ( x _ 9 , x _ 3 )	elips_VPE_depth_gen
The sheep noticed that the girl valued that Ellie liked that a professor liked a balloon and so did William .	* sheep ( x _ 0 ) ; * girl ( x _ 4 ) ; professor ( x _ 5 ) AND balloon ( x _ 6 ) AND notice . agent ( x _ 7 , x _ 0 ) AND notice . ccomp ( x _ 7, x _ 8 ) AND value . agent ( x _ 8 , x _ 4 ) AND value . ccomp ( x _ 8, x _ 9 ) AND like . agent ( x _ 9 , Ellie ) AND like . ccomp ( x _ 9, x _ 10 ) AND like . agent ( x _ 10 , x _ 5 ) AND like . theme ( x _ 10 , x _ 6 ) AND notice . agent ( x _ 11 , William ) AND notice . ccomp ( x _ 11, x _ 12 ) AND value . agent ( x _ 12 , x _ 4 ) AND value . ccomp ( x _ 12, x _ 13 ) AND like . agent ( x _ 13 , Ellie ) AND like . ccomp ( x _ 13, x _ 14 ) AND like . agent ( x _ 14 , x _ 5 ) AND like . theme ( x _ 14 , x _ 6 )	elips_VPE_depth_gen
A girl hoped that Jacob liked that a teacher admired the banana and so did a child .	* banana ( x _ 5 ) ; girl ( x _ 0 ) AND teacher ( x _ 4 ) AND child ( x _ 3 ) AND hope . agent ( x _ 6 , x _ 0 ) AND hope . ccomp ( x _ 6, x _ 7 ) AND like . agent ( x _ 7 , Jacob ) AND like . ccomp ( x _ 7, x _ 8 ) AND admire . agent ( x _ 8 , x _ 4 ) AND admire . theme ( x _ 8 , x _ 5 ) AND hope . agent ( x _ 9 , x _ 3 ) AND hope . ccomp ( x _ 9, x _ 10 ) AND like . agent ( x _ 10 , Jacob ) AND like . ccomp ( x _ 10, x _ 11 ) AND admire . agent ( x _ 11 , x _ 4 ) AND admire . theme ( x _ 11 , x _ 5 )	elips_VPE_depth_gen
The cat thought that a boy noticed that Emma poked the ball and so did the girl .	* cat ( x _ 0 ) ; * ball ( x _ 5 ) ; * girl ( x _ 3 ) ; boy ( x _ 4 ) AND think . agent ( x _ 6 , x _ 0 ) AND think . ccomp ( x _ 6, x _ 7 ) AND notice . agent ( x _ 7 , x _ 4 ) AND notice . ccomp ( x _ 7, x _ 8 ) AND poke . agent ( x _ 8 , Emma ) AND poke . theme ( x _ 8 , x _ 5 ) AND think . agent ( x _ 9 , x _ 3 ) AND think . ccomp ( x _ 9, x _ 10 ) AND notice . agent ( x _ 10 , x _ 4 ) AND notice . ccomp ( x _ 10, x _ 11 ) AND poke . agent ( x _ 11 , Emma ) AND poke . theme ( x _ 11 , x _ 5 )	elips_VPE_depth_gen
A customer wished that Emma liked that Madison appreciated James and so did Mila .	customer ( x _ 0 ) AND wish . agent ( x _ 1 , x _ 0 ) AND wish . ccomp ( x _ 1, x _ 2 ) AND like . agent ( x _ 2 , Emma ) AND like . ccomp ( x _ 2, x _ 3 ) AND appreciate . agent ( x _ 3 , Madison ) AND appreciate . theme ( x _ 3 , James ) AND wish . agent ( x _ 4 , Mila ) AND wish . ccomp ( x _ 4, x _ 5 ) AND like . agent ( x _ 5 , Emma ) AND like . ccomp ( x _ 5, x _ 6 ) AND appreciate . agent ( x _ 6 , Madison ) AND appreciate . theme ( x _ 6 , James )	elips_VPE_depth_gen
Emma confessed that Isabella liked that a farmer proved that the boy liked the rose and so did a girl .	* boy ( x _ 5 ) ; * rose ( x _ 6 ) ; farmer ( x _ 4 ) AND girl ( x _ 3 ) AND confess . agent ( x _ 7 , Emma ) AND confess . ccomp ( x _ 7, x _ 8 ) AND like . agent ( x _ 8 , Isabella ) AND like . ccomp ( x _ 8, x _ 9 ) AND prove . agent ( x _ 9 , x _ 4 ) AND prove . ccomp ( x _ 9, x _ 10 ) AND like . agent ( x _ 10 , x _ 5 ) AND like . theme ( x _ 10 , x _ 6 ) AND confess . agent ( x _ 11 , x _ 3 ) AND confess . ccomp ( x _ 11, x _ 12 ) AND like . agent ( x _ 12 , Isabella ) AND like . ccomp ( x _ 12, x _ 13 ) AND prove . agent ( x _ 13 , x _ 4 ) AND prove . ccomp ( x _ 13, x _ 14 ) AND like . agent ( x _ 14 , x _ 5 ) AND like . theme ( x _ 14 , x _ 6 )	elips_VPE_depth_gen
Caleb supported that Mason said that the girl liked the crayon and so did Charlotte .	* girl ( x _ 2 ) ; * crayon ( x _ 3 ) ; support . agent ( x _ 4 , Caleb ) AND support . ccomp ( x _ 4, x _ 5 ) AND say . agent ( x _ 5 , Mason ) AND say . ccomp ( x _ 5, x _ 6 ) AND like . agent ( x _ 6 , x _ 2 ) AND like . theme ( x _ 6 , x _ 3 ) AND support . agent ( x _ 7 , Charlotte ) AND support . ccomp ( x _ 7, x _ 8 ) AND say . agent ( x _ 8 , Mason ) AND say . ccomp ( x _ 8, x _ 9 ) AND like . agent ( x _ 9 , x _ 2 ) AND like . theme ( x _ 9 , x _ 3 )	elips_VPE_depth_gen
A girl hoped that Ethan liked that the cat declared that Joshua thought that Stella liked the boy and so did Emma .	* cat ( x _ 3 ) ; * boy ( x _ 4 ) ; girl ( x _ 0 ) AND hope . agent ( x _ 5 , x _ 0 ) AND hope . ccomp ( x _ 5, x _ 6 ) AND like . agent ( x _ 6 , Ethan ) AND like . ccomp ( x _ 6, x _ 7 ) AND declare . agent ( x _ 7 , x _ 3 ) AND declare . ccomp ( x _ 7, x _ 8 ) AND think . agent ( x _ 8 , Joshua ) AND think . ccomp ( x _ 8, x _ 9 ) AND like . agent ( x _ 9 , Stella ) AND like . theme ( x _ 9 , x _ 4 ) AND hope . agent ( x _ 10 , Emma ) AND hope . ccomp ( x _ 10, x _ 11 ) AND like . agent ( x _ 11 , Ethan ) AND like . ccomp ( x _ 11, x _ 12 ) AND declare . agent ( x _ 12 , x _ 3 ) AND declare . ccomp ( x _ 12, x _ 13 ) AND think . agent ( x _ 13 , Joshua ) AND think . ccomp ( x _ 13, x _ 14 ) AND like . agent ( x _ 14 , Stella ) AND like . theme ( x _ 14 , x _ 4 )	elips_VPE_depth_gen
The bear believed that the girl believed that Emma liked a cake and so did a dog .	* bear ( x _ 0 ) ; * girl ( x _ 4 ) ; cake ( x _ 5 ) AND dog ( x _ 3 ) AND believe . agent ( x _ 6 , x _ 0 ) AND believe . ccomp ( x _ 6, x _ 7 ) AND believe . agent ( x _ 7 , x _ 4 ) AND believe . ccomp ( x _ 7, x _ 8 ) AND like . agent ( x _ 8 , Emma ) AND like . theme ( x _ 8 , x _ 5 ) AND believe . agent ( x _ 9 , x _ 3 ) AND believe . ccomp ( x _ 9, x _ 10 ) AND believe . agent ( x _ 10 , x _ 4 ) AND believe . ccomp ( x _ 10, x _ 11 ) AND like . agent ( x _ 11 , Emma ) AND like . theme ( x _ 11 , x _ 5 )	elips_VPE_depth_gen
Emma liked that a penguin expected that Olivia said that a deer adored a cake and so did Liam .	penguin ( x _ 3 ) AND deer ( x _ 4 ) AND cake ( x _ 5 ) AND like . agent ( x _ 6 , Emma ) AND like . ccomp ( x _ 6, x _ 7 ) AND expect . agent ( x _ 7 , x _ 3 ) AND expect . ccomp ( x _ 7, x _ 8 ) AND say . agent ( x _ 8 , Olivia ) AND say . ccomp ( x _ 8, x _ 9 ) AND adore . agent ( x _ 9 , x _ 4 ) AND adore . theme ( x _ 9 , x _ 5 ) AND like . agent ( x _ 10 , Liam ) AND like . ccomp ( x _ 10, x _ 11 ) AND expect . agent ( x _ 11 , x _ 3 ) AND expect . ccomp ( x _ 11, x _ 12 ) AND say . agent ( x _ 12 , Olivia ) AND say . ccomp ( x _ 12, x _ 13 ) AND adore . agent ( x _ 13 , x _ 4 ) AND adore . theme ( x _ 13 , x _ 5 )	elips_VPE_depth_gen
Liam hoped that a student hoped that the boy liked that a giraffe found a penguin and so did Noah .	* boy ( x _ 5 ) ; student ( x _ 4 ) AND giraffe ( x _ 6 ) AND penguin ( x _ 7 ) AND hope . agent ( x _ 8 , Liam ) AND hope . ccomp ( x _ 8, x _ 9 ) AND hope . agent ( x _ 9 , x _ 4 ) AND hope . ccomp ( x _ 9, x _ 10 ) AND like . agent ( x _ 10 , x _ 5 ) AND like . ccomp ( x _ 10, x _ 11 ) AND find . agent ( x _ 11 , x _ 6 ) AND find . theme ( x _ 11 , x _ 7 ) AND hope . agent ( x _ 12 , Noah ) AND hope . ccomp ( x _ 12, x _ 13 ) AND hope . agent ( x _ 13 , x _ 4 ) AND hope . ccomp ( x _ 13, x _ 14 ) AND like . agent ( x _ 14 , x _ 5 ) AND like . ccomp ( x _ 14, x _ 15 ) AND find . agent ( x _ 15 , x _ 6 ) AND find . theme ( x _ 15 , x _ 7 )	elips_VPE_depth_gen
Noah tolerated that a goose liked that Emma loved the donut and so did the boy .	* donut ( x _ 4 ) ; * boy ( x _ 2 ) ; goose ( x _ 3 ) AND tolerate . agent ( x _ 5 , Noah ) AND tolerate . ccomp ( x _ 5, x _ 6 ) AND like . agent ( x _ 6 , x _ 3 ) AND like . ccomp ( x _ 6, x _ 7 ) AND love . agent ( x _ 7 , Emma ) AND love . theme ( x _ 7 , x _ 4 ) AND tolerate . agent ( x _ 8 , x _ 2 ) AND tolerate . ccomp ( x _ 8, x _ 9 ) AND like . agent ( x _ 9 , x _ 3 ) AND like . ccomp ( x _ 9, x _ 10 ) AND love . agent ( x _ 10 , Emma ) AND love . theme ( x _ 10 , x _ 4 )	elips_VPE_depth_gen
The scientist noticed that Ava supported that a horse noticed that Riley dreamed that Liam liked William and so did the girl .	* scientist ( x _ 0 ) ; * girl ( x _ 2 ) ; horse ( x _ 3 ) AND notice . agent ( x _ 4 , x _ 0 ) AND notice . ccomp ( x _ 4, x _ 5 ) AND support . agent ( x _ 5 , Ava ) AND support . ccomp ( x _ 5, x _ 6 ) AND notice . agent ( x _ 6 , x _ 3 ) AND notice . ccomp ( x _ 6, x _ 7 ) AND dream . agent ( x _ 7 , Riley ) AND dream . ccomp ( x _ 7, x _ 8 ) AND like . agent ( x _ 8 , Liam ) AND like . theme ( x _ 8 , William ) AND notice . agent ( x _ 9 , x _ 2 ) AND notice . ccomp ( x _ 9, x _ 10 ) AND support . agent ( x _ 10 , Ava ) AND support . ccomp ( x _ 10, x _ 11 ) AND notice . agent ( x _ 11 , x _ 3 ) AND notice . ccomp ( x _ 11, x _ 12 ) AND dream . agent ( x _ 12 , Riley ) AND dream . ccomp ( x _ 12, x _ 13 ) AND like . agent ( x _ 13 , Liam ) AND like . theme ( x _ 13 , William )	elips_VPE_depth_gen
A girl liked that Emma hoped that the horse liked a melon and so did the boy .	* horse ( x _ 4 ) ; * boy ( x _ 3 ) ; girl ( x _ 0 ) AND melon ( x _ 5 ) AND like . agent ( x _ 6 , x _ 0 ) AND like . ccomp ( x _ 6, x _ 7 ) AND hope . agent ( x _ 7 , Emma ) AND hope . ccomp ( x _ 7, x _ 8 ) AND like . agent ( x _ 8 , x _ 4 ) AND like . theme ( x _ 8 , x _ 5 ) AND like . agent ( x _ 9 , x _ 3 ) AND like . ccomp ( x _ 9, x _ 10 ) AND hope . agent ( x _ 10 , Emma ) AND hope . ccomp ( x _ 10, x _ 11 ) AND like . agent ( x _ 11 , x _ 4 ) AND like . theme ( x _ 11 , x _ 5 )	elips_VPE_depth_gen
Emma liked that a boy wished that Noah found the visitor and so did the cat .	* visitor ( x _ 4 ) ; * cat ( x _ 2 ) ; boy ( x _ 3 ) AND like . agent ( x _ 5 , Emma ) AND like . ccomp ( x _ 5, x _ 6 ) AND wish . agent ( x _ 6 , x _ 3 ) AND wish . ccomp ( x _ 6, x _ 7 ) AND find . agent ( x _ 7 , Noah ) AND find . theme ( x _ 7 , x _ 4 ) AND like . agent ( x _ 8 , x _ 2 ) AND like . ccomp ( x _ 8, x _ 9 ) AND wish . agent ( x _ 9 , x _ 3 ) AND wish . ccomp ( x _ 9, x _ 10 ) AND find . agent ( x _ 10 , Noah ) AND find . theme ( x _ 10 , x _ 4 )	elips_VPE_depth_gen
David hoped that a scientist said that a squirrel said that Sophia liked that the baby loved Emma and so did a boy .	* baby ( x _ 6 ) ; scientist ( x _ 4 ) AND squirrel ( x _ 5 ) AND boy ( x _ 3 ) AND hope . agent ( x _ 7 , David ) AND hope . ccomp ( x _ 7, x _ 8 ) AND say . agent ( x _ 8 , x _ 4 ) AND say . ccomp ( x _ 8, x _ 9 ) AND say . agent ( x _ 9 , x _ 5 ) AND say . ccomp ( x _ 9, x _ 10 ) AND like . agent ( x _ 10 , Sophia ) AND like . ccomp ( x _ 10, x _ 11 ) AND love . agent ( x _ 11 , x _ 6 ) AND love . theme ( x _ 11 , Emma ) AND hope . agent ( x _ 12 , x _ 3 ) AND hope . ccomp ( x _ 12, x _ 13 ) AND say . agent ( x _ 13 , x _ 4 ) AND say . ccomp ( x _ 13, x _ 14 ) AND say . agent ( x _ 14 , x _ 5 ) AND say . ccomp ( x _ 14, x _ 15 ) AND like . agent ( x _ 15 , Sophia ) AND like . ccomp ( x _ 15, x _ 16 ) AND love . agent ( x _ 16 , x _ 6 ) AND love . theme ( x _ 16 , Emma )	elips_VPE_depth_gen
Lillian liked that Mason hoped that the girl poked a cake and so did a cat .	* girl ( x _ 3 ) ; cake ( x _ 4 ) AND cat ( x _ 2 ) AND like . agent ( x _ 5 , Lillian ) AND like . ccomp ( x _ 5, x _ 6 ) AND hope . agent ( x _ 6 , Mason ) AND hope . ccomp ( x _ 6, x _ 7 ) AND poke . agent ( x _ 7 , x _ 3 ) AND poke . theme ( x _ 7 , x _ 4 ) AND like . agent ( x _ 8 , x _ 2 ) AND like . ccomp ( x _ 8, x _ 9 ) AND hope . agent ( x _ 9 , Mason ) AND hope . ccomp ( x _ 9, x _ 10 ) AND poke . agent ( x _ 10 , x _ 3 ) AND poke . theme ( x _ 10 , x _ 4 )	elips_VPE_depth_gen
A politician appreciated that a fly supported that a baby proved that a cat hoped that Emma liked a crown and so did the girl .	* girl ( x _ 5 ) ; politician ( x _ 0 ) AND fly ( x _ 6 ) AND baby ( x _ 7 ) AND cat ( x _ 8 ) AND crown ( x _ 9 ) AND appreciate . agent ( x _ 10 , x _ 0 ) AND appreciate . ccomp ( x _ 10, x _ 11 ) AND support . agent ( x _ 11 , x _ 6 ) AND support . ccomp ( x _ 11, x _ 12 ) AND prove . agent ( x _ 12 , x _ 7 ) AND prove . ccomp ( x _ 12, x _ 13 ) AND hope . agent ( x _ 13 , x _ 8 ) AND hope . ccomp ( x _ 13, x _ 14 ) AND like . agent ( x _ 14 , Emma ) AND like . theme ( x _ 14 , x _ 9 ) AND appreciate . agent ( x _ 15 , x _ 5 ) AND appreciate . ccomp ( x _ 15, x _ 16 ) AND support . agent ( x _ 16 , x _ 6 ) AND support . ccomp ( x _ 16, x _ 17 ) AND prove . agent ( x _ 17 , x _ 7 ) AND prove . ccomp ( x _ 17, x _ 18 ) AND hope . agent ( x _ 18 , x _ 8 ) AND hope . ccomp ( x _ 18, x _ 19 ) AND like . agent ( x _ 19 , Emma ) AND like . theme ( x _ 19 , x _ 9 )	elips_VPE_depth_gen
Andrew said that the girl admired that Olivia wished that the bird liked the bottle and so did a lion .	* girl ( x _ 4 ) ; * bird ( x _ 5 ) ; * bottle ( x _ 6 ) ; lion ( x _ 3 ) AND say . agent ( x _ 7 , Andrew ) AND say . ccomp ( x _ 7, x _ 8 ) AND admire . agent ( x _ 8 , x _ 4 ) AND admire . ccomp ( x _ 8, x _ 9 ) AND wish . agent ( x _ 9 , Olivia ) AND wish . ccomp ( x _ 9, x _ 10 ) AND like . agent ( x _ 10 , x _ 5 ) AND like . theme ( x _ 10 , x _ 6 ) AND say . agent ( x _ 11 , x _ 3 ) AND say . ccomp ( x _ 11, x _ 12 ) AND admire . agent ( x _ 12 , x _ 4 ) AND admire . ccomp ( x _ 12, x _ 13 ) AND wish . agent ( x _ 13 , Olivia ) AND wish . ccomp ( x _ 13, x _ 14 ) AND like . agent ( x _ 14 , x _ 5 ) AND like . theme ( x _ 14 , x _ 6 )	elips_VPE_depth_gen
Noah noticed that Liam proved that Olivia loved the boy and so did the girl .	* boy ( x _ 2 ) ; * girl ( x _ 1 ) ; notice . agent ( x _ 3 , Noah ) AND notice . ccomp ( x _ 3, x _ 4 ) AND prove . agent ( x _ 4 , Liam ) AND prove . ccomp ( x _ 4, x _ 5 ) AND love . agent ( x _ 5 , Olivia ) AND love . theme ( x _ 5 , x _ 2 ) AND notice . agent ( x _ 6 , x _ 1 ) AND notice . ccomp ( x _ 6, x _ 7 ) AND prove . agent ( x _ 7 , Liam ) AND prove . ccomp ( x _ 7, x _ 8 ) AND love . agent ( x _ 8 , Olivia ) AND love . theme ( x _ 8 , x _ 2 )	elips_VPE_depth_gen
A girl liked that Dylan hoped that Sophia liked that the dog liked Mila and so did Harper .	* dog ( x _ 2 ) ; girl ( x _ 0 ) AND like . agent ( x _ 3 , x _ 0 ) AND like . ccomp ( x _ 3, x _ 4 ) AND hope . agent ( x _ 4 , Dylan ) AND hope . ccomp ( x _ 4, x _ 5 ) AND like . agent ( x _ 5 , Sophia ) AND like . ccomp ( x _ 5, x _ 6 ) AND like . agent ( x _ 6 , x _ 2 ) AND like . theme ( x _ 6 , Mila ) AND like . agent ( x _ 7 , Harper ) AND like . ccomp ( x _ 7, x _ 8 ) AND hope . agent ( x _ 8 , Dylan ) AND hope . ccomp ( x _ 8, x _ 9 ) AND like . agent ( x _ 9 , Sophia ) AND like . ccomp ( x _ 9, x _ 10 ) AND like . agent ( x _ 10 , x _ 2 ) AND like . theme ( x _ 10 , Mila )	elips_VPE_depth_gen
Noah liked that Liam tolerated that the dog helped Emma and so did Mia .	* dog ( x _ 1 ) ; like . agent ( x _ 2 , Noah ) AND like . ccomp ( x _ 2, x _ 3 ) AND tolerate . agent ( x _ 3 , Liam ) AND tolerate . ccomp ( x _ 3, x _ 4 ) AND help . agent ( x _ 4 , x _ 1 ) AND help . theme ( x _ 4 , Emma ) AND like . agent ( x _ 5 , Mia ) AND like . ccomp ( x _ 5, x _ 6 ) AND tolerate . agent ( x _ 6 , Liam ) AND tolerate . ccomp ( x _ 6, x _ 7 ) AND help . agent ( x _ 7 , x _ 1 ) AND help . theme ( x _ 7 , Emma )	elips_VPE_depth_gen
The girl dreamed that the cat respected that Emma hoped that the boy admired a box and so did Liam .	* girl ( x _ 0 ) ; * cat ( x _ 4 ) ; * boy ( x _ 5 ) ; box ( x _ 6 ) AND dream . agent ( x _ 7 , x _ 0 ) AND dream . ccomp ( x _ 7, x _ 8 ) AND respect . agent ( x _ 8 , x _ 4 ) AND respect . ccomp ( x _ 8, x _ 9 ) AND hope . agent ( x _ 9 , Emma ) AND hope . ccomp ( x _ 9, x _ 10 ) AND admire . agent ( x _ 10 , x _ 5 ) AND admire . theme ( x _ 10 , x _ 6 ) AND dream . agent ( x _ 11 , Liam ) AND dream . ccomp ( x _ 11, x _ 12 ) AND respect . agent ( x _ 12 , x _ 4 ) AND respect . ccomp ( x _ 12, x _ 13 ) AND hope . agent ( x _ 13 , Emma ) AND hope . ccomp ( x _ 13, x _ 14 ) AND admire . agent ( x _ 14 , x _ 5 ) AND admire . theme ( x _ 14 , x _ 6 )	elips_VPE_depth_gen
A girl liked that Mia noticed that Liam liked the cake and so did Elizabeth .	* cake ( x _ 2 ) ; girl ( x _ 0 ) AND like . agent ( x _ 3 , x _ 0 ) AND like . ccomp ( x _ 3, x _ 4 ) AND notice . agent ( x _ 4 , Mia ) AND notice . ccomp ( x _ 4, x _ 5 ) AND like . agent ( x _ 5 , Liam ) AND like . theme ( x _ 5 , x _ 2 ) AND like . agent ( x _ 6 , Elizabeth ) AND like . ccomp ( x _ 6, x _ 7 ) AND notice . agent ( x _ 7 , Mia ) AND notice . ccomp ( x _ 7, x _ 8 ) AND like . agent ( x _ 8 , Liam ) AND like . theme ( x _ 8 , x _ 2 )	elips_VPE_depth_gen
Liam hoped that the cat said that the penguin respected the dog and so did Zoey .	* cat ( x _ 3 ) ; * penguin ( x _ 4 ) ; * dog ( x _ 5 ) ; hope . agent ( x _ 6 , Liam ) AND hope . ccomp ( x _ 6, x _ 7 ) AND say . agent ( x _ 7 , x _ 3 ) AND say . ccomp ( x _ 7, x _ 8 ) AND respect . agent ( x _ 8 , x _ 4 ) AND respect . theme ( x _ 8 , x _ 5 ) AND hope . agent ( x _ 9 , Zoey ) AND hope . ccomp ( x _ 9, x _ 10 ) AND say . agent ( x _ 10 , x _ 3 ) AND say . ccomp ( x _ 10, x _ 11 ) AND respect . agent ( x _ 11 , x _ 4 ) AND respect . theme ( x _ 11 , x _ 5 )	elips_VPE_depth_gen
A teacher appreciated that Ava said that Emma helped a melon and so did the cat .	* cat ( x _ 2 ) ; teacher ( x _ 0 ) AND melon ( x _ 3 ) AND appreciate . agent ( x _ 4 , x _ 0 ) AND appreciate . ccomp ( x _ 4, x _ 5 ) AND say . agent ( x _ 5 , Ava ) AND say . ccomp ( x _ 5, x _ 6 ) AND help . agent ( x _ 6 , Emma ) AND help . theme ( x _ 6 , x _ 3 ) AND appreciate . agent ( x _ 7 , x _ 2 ) AND appreciate . ccomp ( x _ 7, x _ 8 ) AND say . agent ( x _ 8 , Ava ) AND say . ccomp ( x _ 8, x _ 9 ) AND help . agent ( x _ 9 , Emma ) AND help . theme ( x _ 9 , x _ 3 )	elips_VPE_depth_gen
Liam hoped that James noticed that Logan liked a cookie and so did Emma .	cookie ( x _ 1 ) AND hope . agent ( x _ 2 , Liam ) AND hope . ccomp ( x _ 2, x _ 3 ) AND notice . agent ( x _ 3 , James ) AND notice . ccomp ( x _ 3, x _ 4 ) AND like . agent ( x _ 4 , Logan ) AND like . theme ( x _ 4 , x _ 1 ) AND hope . agent ( x _ 5 , Emma ) AND hope . ccomp ( x _ 5, x _ 6 ) AND notice . agent ( x _ 6 , James ) AND notice . ccomp ( x _ 6, x _ 7 ) AND like . agent ( x _ 7 , Logan ) AND like . theme ( x _ 7 , x _ 1 )	elips_VPE_depth_gen
Liam thought that a patient admired that the kid found a boy and so did Emma .	* kid ( x _ 4 ) ; patient ( x _ 3 ) AND boy ( x _ 5 ) AND think . agent ( x _ 6 , Liam ) AND think . ccomp ( x _ 6, x _ 7 ) AND admire . agent ( x _ 7 , x _ 3 ) AND admire . ccomp ( x _ 7, x _ 8 ) AND find . agent ( x _ 8 , x _ 4 ) AND find . theme ( x _ 8 , x _ 5 ) AND think . agent ( x _ 9 , Emma ) AND think . ccomp ( x _ 9, x _ 10 ) AND admire . agent ( x _ 10 , x _ 3 ) AND admire . ccomp ( x _ 10, x _ 11 ) AND find . agent ( x _ 11 , x _ 4 ) AND find . theme ( x _ 11 , x _ 5 )	elips_VPE_depth_gen
A boy liked that the child liked that a lion helped a cake and so did Liam .	* child ( x _ 4 ) ; boy ( x _ 0 ) AND lion ( x _ 5 ) AND cake ( x _ 6 ) AND like . agent ( x _ 7 , x _ 0 ) AND like . ccomp ( x _ 7, x _ 8 ) AND like . agent ( x _ 8 , x _ 4 ) AND like . ccomp ( x _ 8, x _ 9 ) AND help . agent ( x _ 9 , x _ 5 ) AND help . theme ( x _ 9 , x _ 6 ) AND like . agent ( x _ 10 , Liam ) AND like . ccomp ( x _ 10, x _ 11 ) AND like . agent ( x _ 11 , x _ 4 ) AND like . ccomp ( x _ 11, x _ 12 ) AND help . agent ( x _ 12 , x _ 5 ) AND help . theme ( x _ 12 , x _ 6 )	elips_VPE_depth_gen
Emma liked that Ava wished that a boy liked that Mason helped the drink and so did Brooklyn .	* drink ( x _ 3 ) ; boy ( x _ 2 ) AND like . agent ( x _ 4 , Emma ) AND like . ccomp ( x _ 4, x _ 5 ) AND wish . agent ( x _ 5 , Ava ) AND wish . ccomp ( x _ 5, x _ 6 ) AND like . agent ( x _ 6 , x _ 2 ) AND like . ccomp ( x _ 6, x _ 7 ) AND help . agent ( x _ 7 , Mason ) AND help . theme ( x _ 7 , x _ 3 ) AND like . agent ( x _ 8 , Brooklyn ) AND like . ccomp ( x _ 8, x _ 9 ) AND wish . agent ( x _ 9 , Ava ) AND wish . ccomp ( x _ 9, x _ 10 ) AND like . agent ( x _ 10 , x _ 2 ) AND like . ccomp ( x _ 10, x _ 11 ) AND help . agent ( x _ 11 , Mason ) AND help . theme ( x _ 11 , x _ 3 )	elips_VPE_depth_gen
Liam liked that Zoe liked that Amelia appreciated that the baby liked the donut and so did James .	* baby ( x _ 2 ) ; * donut ( x _ 3 ) ; like . agent ( x _ 4 , Liam ) AND like . ccomp ( x _ 4, x _ 5 ) AND like . agent ( x _ 5 , Zoe ) AND like . ccomp ( x _ 5, x _ 6 ) AND appreciate . agent ( x _ 6 , Amelia ) AND appreciate . ccomp ( x _ 6, x _ 7 ) AND like . agent ( x _ 7 , x _ 2 ) AND like . theme ( x _ 7 , x _ 3 ) AND like . agent ( x _ 8 , James ) AND like . ccomp ( x _ 8, x _ 9 ) AND like . agent ( x _ 9 , Zoe ) AND like . ccomp ( x _ 9, x _ 10 ) AND appreciate . agent ( x _ 10 , Amelia ) AND appreciate . ccomp ( x _ 10, x _ 11 ) AND like . agent ( x _ 11 , x _ 2 ) AND like . theme ( x _ 11 , x _ 3 )	elips_VPE_depth_gen
Victoria liked that the chicken said that the dog liked the father and so did Avery .	* chicken ( x _ 3 ) ; * dog ( x _ 4 ) ; * father ( x _ 5 ) ; like . agent ( x _ 6 , Victoria ) AND like . ccomp ( x _ 6, x _ 7 ) AND say . agent ( x _ 7 , x _ 3 ) AND say . ccomp ( x _ 7, x _ 8 ) AND like . agent ( x _ 8 , x _ 4 ) AND like . theme ( x _ 8 , x _ 5 ) AND like . agent ( x _ 9 , Avery ) AND like . ccomp ( x _ 9, x _ 10 ) AND say . agent ( x _ 10 , x _ 3 ) AND say . ccomp ( x _ 10, x _ 11 ) AND like . agent ( x _ 11 , x _ 4 ) AND like . theme ( x _ 11 , x _ 5 )	elips_VPE_depth_gen
The girl believed that Isabella hoped that the boy loved a cake and so did the pig .	* girl ( x _ 0 ) ; * boy ( x _ 4 ) ; * pig ( x _ 3 ) ; cake ( x _ 5 ) AND believe . agent ( x _ 6 , x _ 0 ) AND believe . ccomp ( x _ 6, x _ 7 ) AND hope . agent ( x _ 7 , Isabella ) AND hope . ccomp ( x _ 7, x _ 8 ) AND love . agent ( x _ 8 , x _ 4 ) AND love . theme ( x _ 8 , x _ 5 ) AND believe . agent ( x _ 9 , x _ 3 ) AND believe . ccomp ( x _ 9, x _ 10 ) AND hope . agent ( x _ 10 , Isabella ) AND hope . ccomp ( x _ 10, x _ 11 ) AND love . agent ( x _ 11 , x _ 4 ) AND love . theme ( x _ 11 , x _ 5 )	elips_VPE_depth_gen
A mouse proved that Emma hoped that the butterfly liked that Charlotte poked a cake and so did Olivia .	* butterfly ( x _ 3 ) ; mouse ( x _ 0 ) AND cake ( x _ 4 ) AND prove . agent ( x _ 5 , x _ 0 ) AND prove . ccomp ( x _ 5, x _ 6 ) AND hope . agent ( x _ 6 , Emma ) AND hope . ccomp ( x _ 6, x _ 7 ) AND like . agent ( x _ 7 , x _ 3 ) AND like . ccomp ( x _ 7, x _ 8 ) AND poke . agent ( x _ 8 , Charlotte ) AND poke . theme ( x _ 8 , x _ 4 ) AND prove . agent ( x _ 9 , Olivia ) AND prove . ccomp ( x _ 9, x _ 10 ) AND hope . agent ( x _ 10 , Emma ) AND hope . ccomp ( x _ 10, x _ 11 ) AND like . agent ( x _ 11 , x _ 3 ) AND like . ccomp ( x _ 11, x _ 12 ) AND poke . agent ( x _ 12 , Charlotte ) AND poke . theme ( x _ 12 , x _ 4 )	elips_VPE_depth_gen
William liked that the doctor supported that Oliver liked the cow and so did Liam .	* doctor ( x _ 2 ) ; * cow ( x _ 3 ) ; like . agent ( x _ 4 , William ) AND like . ccomp ( x _ 4, x _ 5 ) AND support . agent ( x _ 5 , x _ 2 ) AND support . ccomp ( x _ 5, x _ 6 ) AND like . agent ( x _ 6 , Oliver ) AND like . theme ( x _ 6 , x _ 3 ) AND like . agent ( x _ 7 , Liam ) AND like . ccomp ( x _ 7, x _ 8 ) AND support . agent ( x _ 8 , x _ 2 ) AND support . ccomp ( x _ 8, x _ 9 ) AND like . agent ( x _ 9 , Oliver ) AND like . theme ( x _ 9 , x _ 3 )	elips_VPE_depth_gen
Savannah liked that the dog liked that Samuel liked that Emma missed Olivia and so did Liam .	* dog ( x _ 1 ) ; like . agent ( x _ 2 , Savannah ) AND like . ccomp ( x _ 2, x _ 3 ) AND like . agent ( x _ 3 , x _ 1 ) AND like . ccomp ( x _ 3, x _ 4 ) AND like . agent ( x _ 4 , Samuel ) AND like . ccomp ( x _ 4, x _ 5 ) AND miss . agent ( x _ 5 , Emma ) AND miss . theme ( x _ 5 , Olivia ) AND like . agent ( x _ 6 , Liam ) AND like . ccomp ( x _ 6, x _ 7 ) AND like . agent ( x _ 7 , x _ 1 ) AND like . ccomp ( x _ 7, x _ 8 ) AND like . agent ( x _ 8 , Samuel ) AND like . ccomp ( x _ 8, x _ 9 ) AND miss . agent ( x _ 9 , Emma ) AND miss . theme ( x _ 9 , Olivia )	elips_VPE_depth_gen
A girl liked that Emma liked that John liked the cake and so did a squirrel .	* cake ( x _ 3 ) ; girl ( x _ 0 ) AND squirrel ( x _ 2 ) AND like . agent ( x _ 4 , x _ 0 ) AND like . ccomp ( x _ 4, x _ 5 ) AND like . agent ( x _ 5 , Emma ) AND like . ccomp ( x _ 5, x _ 6 ) AND like . agent ( x _ 6 , John ) AND like . theme ( x _ 6 , x _ 3 ) AND like . agent ( x _ 7 , x _ 2 ) AND like . ccomp ( x _ 7, x _ 8 ) AND like . agent ( x _ 8 , Emma ) AND like . ccomp ( x _ 8, x _ 9 ) AND like . agent ( x _ 9 , John ) AND like . theme ( x _ 9 , x _ 3 )	elips_VPE_depth_gen
The penguin admired that the president said that Noah liked the cake and so did the child .	* penguin ( x _ 0 ) ; * president ( x _ 4 ) ; * cake ( x _ 5 ) ; * child ( x _ 3 ) ; admire . agent ( x _ 6 , x _ 0 ) AND admire . ccomp ( x _ 6, x _ 7 ) AND say . agent ( x _ 7 , x _ 4 ) AND say . ccomp ( x _ 7, x _ 8 ) AND like . agent ( x _ 8 , Noah ) AND like . theme ( x _ 8 , x _ 5 ) AND admire . agent ( x _ 9 , x _ 3 ) AND admire . ccomp ( x _ 9, x _ 10 ) AND say . agent ( x _ 10 , x _ 4 ) AND say . ccomp ( x _ 10, x _ 11 ) AND like . agent ( x _ 11 , Noah ) AND like . theme ( x _ 11 , x _ 5 )	elips_VPE_depth_gen
Olivia believed that Isabella liked that Audrey said that the baby liked a donut and so did a girl .	* baby ( x _ 3 ) ; donut ( x _ 4 ) AND girl ( x _ 2 ) AND believe . agent ( x _ 5 , Olivia ) AND believe . ccomp ( x _ 5, x _ 6 ) AND like . agent ( x _ 6 , Isabella ) AND like . ccomp ( x _ 6, x _ 7 ) AND say . agent ( x _ 7 , Audrey ) AND say . ccomp ( x _ 7, x _ 8 ) AND like . agent ( x _ 8 , x _ 3 ) AND like . theme ( x _ 8 , x _ 4 ) AND believe . agent ( x _ 9 , x _ 2 ) AND believe . ccomp ( x _ 9, x _ 10 ) AND like . agent ( x _ 10 , Isabella ) AND like . ccomp ( x _ 10, x _ 11 ) AND say . agent ( x _ 11 , Audrey ) AND say . ccomp ( x _ 11, x _ 12 ) AND like . agent ( x _ 12 , x _ 3 ) AND like . theme ( x _ 12 , x _ 4 )	elips_VPE_depth_gen
Logan wished that Liam said that Benjamin loved the girl and so did James .	* girl ( x _ 1 ) ; wish . agent ( x _ 2 , Logan ) AND wish . ccomp ( x _ 2, x _ 3 ) AND say . agent ( x _ 3 , Liam ) AND say . ccomp ( x _ 3, x _ 4 ) AND love . agent ( x _ 4 , Benjamin ) AND love . theme ( x _ 4 , x _ 1 ) AND wish . agent ( x _ 5 , James ) AND wish . ccomp ( x _ 5, x _ 6 ) AND say . agent ( x _ 6 , Liam ) AND say . ccomp ( x _ 6, x _ 7 ) AND love . agent ( x _ 7 , Benjamin ) AND love . theme ( x _ 7 , x _ 1 )	elips_VPE_depth_gen
A cat hoped that the kitty liked that a child said that the teacher hoped that Mason helped Emma and so did Liam .	* kitty ( x _ 4 ) ; * teacher ( x _ 6 ) ; cat ( x _ 0 ) AND child ( x _ 5 ) AND hope . agent ( x _ 7 , x _ 0 ) AND hope . ccomp ( x _ 7, x _ 8 ) AND like . agent ( x _ 8 , x _ 4 ) AND like . ccomp ( x _ 8, x _ 9 ) AND say . agent ( x _ 9 , x _ 5 ) AND say . ccomp ( x _ 9, x _ 10 ) AND hope . agent ( x _ 10 , x _ 6 ) AND hope . ccomp ( x _ 10, x _ 11 ) AND help . agent ( x _ 11 , Mason ) AND help . theme ( x _ 11 , Emma ) AND hope . agent ( x _ 12 , Liam ) AND hope . ccomp ( x _ 12, x _ 13 ) AND like . agent ( x _ 13 , x _ 4 ) AND like . ccomp ( x _ 13, x _ 14 ) AND say . agent ( x _ 14 , x _ 5 ) AND say . ccomp ( x _ 14, x _ 15 ) AND hope . agent ( x _ 15 , x _ 6 ) AND hope . ccomp ( x _ 15, x _ 16 ) AND help . agent ( x _ 16 , Mason ) AND help . theme ( x _ 16 , Emma )	elips_VPE_depth_gen
Emma said that Henry said that Sophia loved the radio and so did a turtle .	* radio ( x _ 2 ) ; turtle ( x _ 1 ) AND say . agent ( x _ 3 , Emma ) AND say . ccomp ( x _ 3, x _ 4 ) AND say . agent ( x _ 4 , Henry ) AND say . ccomp ( x _ 4, x _ 5 ) AND love . agent ( x _ 5 , Sophia ) AND love . theme ( x _ 5 , x _ 2 ) AND say . agent ( x _ 6 , x _ 1 ) AND say . ccomp ( x _ 6, x _ 7 ) AND say . agent ( x _ 7 , Henry ) AND say . ccomp ( x _ 7, x _ 8 ) AND love . agent ( x _ 8 , Sophia ) AND love . theme ( x _ 8 , x _ 2 )	elips_VPE_depth_gen
Ella declared that the girl liked that Emily helped a hero and so did Olivia .	* girl ( x _ 2 ) ; hero ( x _ 3 ) AND declare . agent ( x _ 4 , Ella ) AND declare . ccomp ( x _ 4, x _ 5 ) AND like . agent ( x _ 5 , x _ 2 ) AND like . ccomp ( x _ 5, x _ 6 ) AND help . agent ( x _ 6 , Emily ) AND help . theme ( x _ 6 , x _ 3 ) AND declare . agent ( x _ 7 , Olivia ) AND declare . ccomp ( x _ 7, x _ 8 ) AND like . agent ( x _ 8 , x _ 2 ) AND like . ccomp ( x _ 8, x _ 9 ) AND help . agent ( x _ 9 , Emily ) AND help . theme ( x _ 9 , x _ 3 )	elips_VPE_depth_gen
Emma hoped that a girl liked that Violet helped a donut and so did Michael .	girl ( x _ 2 ) AND donut ( x _ 3 ) AND hope . agent ( x _ 4 , Emma ) AND hope . ccomp ( x _ 4, x _ 5 ) AND like . agent ( x _ 5 , x _ 2 ) AND like . ccomp ( x _ 5, x _ 6 ) AND help . agent ( x _ 6 , Violet ) AND help . theme ( x _ 6 , x _ 3 ) AND hope . agent ( x _ 7 , Michael ) AND hope . ccomp ( x _ 7, x _ 8 ) AND like . agent ( x _ 8 , x _ 2 ) AND like . ccomp ( x _ 8, x _ 9 ) AND help . agent ( x _ 9 , Violet ) AND help . theme ( x _ 9 , x _ 3 )	elips_VPE_depth_gen
The chicken said that the girl noticed that Layla adored the dog and so did Emma .	* chicken ( x _ 0 ) ; * girl ( x _ 3 ) ; * dog ( x _ 4 ) ; say . agent ( x _ 5 , x _ 0 ) AND say . ccomp ( x _ 5, x _ 6 ) AND notice . agent ( x _ 6 , x _ 3 ) AND notice . ccomp ( x _ 6, x _ 7 ) AND adore . agent ( x _ 7 , Layla ) AND adore . theme ( x _ 7 , x _ 4 ) AND say . agent ( x _ 8 , Emma ) AND say . ccomp ( x _ 8, x _ 9 ) AND notice . agent ( x _ 9 , x _ 3 ) AND notice . ccomp ( x _ 9, x _ 10 ) AND adore . agent ( x _ 10 , Layla ) AND adore . theme ( x _ 10 , x _ 4 )	elips_VPE_depth_gen
Ava respected that the girl thought that a cat appreciated Emma and so did Mason .	* girl ( x _ 2 ) ; cat ( x _ 3 ) AND respect . agent ( x _ 4 , Ava ) AND respect . ccomp ( x _ 4, x _ 5 ) AND think . agent ( x _ 5 , x _ 2 ) AND think . ccomp ( x _ 5, x _ 6 ) AND appreciate . agent ( x _ 6 , x _ 3 ) AND appreciate . theme ( x _ 6 , Emma ) AND respect . agent ( x _ 7 , Mason ) AND respect . ccomp ( x _ 7, x _ 8 ) AND think . agent ( x _ 8 , x _ 2 ) AND think . ccomp ( x _ 8, x _ 9 ) AND appreciate . agent ( x _ 9 , x _ 3 ) AND appreciate . theme ( x _ 9 , Emma )	elips_VPE_depth_gen
Emma meant that a chicken liked that Olivia liked that a girl liked a donut and so did Liam .	chicken ( x _ 3 ) AND girl ( x _ 4 ) AND donut ( x _ 5 ) AND mean . agent ( x _ 6 , Emma ) AND mean . ccomp ( x _ 6, x _ 7 ) AND like . agent ( x _ 7 , x _ 3 ) AND like . ccomp ( x _ 7, x _ 8 ) AND like . agent ( x _ 8 , Olivia ) AND like . ccomp ( x _ 8, x _ 9 ) AND like . agent ( x _ 9 , x _ 4 ) AND like . theme ( x _ 9 , x _ 5 ) AND mean . agent ( x _ 10 , Liam ) AND mean . ccomp ( x _ 10, x _ 11 ) AND like . agent ( x _ 11 , x _ 3 ) AND like . ccomp ( x _ 11, x _ 12 ) AND like . agent ( x _ 12 , Olivia ) AND like . ccomp ( x _ 12, x _ 13 ) AND like . agent ( x _ 13 , x _ 4 ) AND like . theme ( x _ 13 , x _ 5 )	elips_VPE_depth_gen
Emma liked that James imagined that Alexander loved a pretzel and so did a boy .	pretzel ( x _ 2 ) AND boy ( x _ 1 ) AND like . agent ( x _ 3 , Emma ) AND like . ccomp ( x _ 3, x _ 4 ) AND imagine . agent ( x _ 4 , James ) AND imagine . ccomp ( x _ 4, x _ 5 ) AND love . agent ( x _ 5 , Alexander ) AND love . theme ( x _ 5 , x _ 2 ) AND like . agent ( x _ 6 , x _ 1 ) AND like . ccomp ( x _ 6, x _ 7 ) AND imagine . agent ( x _ 7 , James ) AND imagine . ccomp ( x _ 7, x _ 8 ) AND love . agent ( x _ 8 , Alexander ) AND love . theme ( x _ 8 , x _ 2 )	elips_VPE_depth_gen
The cat said that the girl tolerated that the dog adored a cookie and so did Riley .	* cat ( x _ 0 ) ; * girl ( x _ 4 ) ; * dog ( x _ 5 ) ; cookie ( x _ 6 ) AND say . agent ( x _ 7 , x _ 0 ) AND say . ccomp ( x _ 7, x _ 8 ) AND tolerate . agent ( x _ 8 , x _ 4 ) AND tolerate . ccomp ( x _ 8, x _ 9 ) AND adore . agent ( x _ 9 , x _ 5 ) AND adore . theme ( x _ 9 , x _ 6 ) AND say . agent ( x _ 10 , Riley ) AND say . ccomp ( x _ 10, x _ 11 ) AND tolerate . agent ( x _ 11 , x _ 4 ) AND tolerate . ccomp ( x _ 11, x _ 12 ) AND adore . agent ( x _ 12 , x _ 5 ) AND adore . theme ( x _ 12 , x _ 6 )	elips_VPE_depth_gen
Emma hoped that the teacher liked that Lucas noticed that the cat respected the box and so did the girl .	* teacher ( x _ 4 ) ; * cat ( x _ 5 ) ; * box ( x _ 6 ) ; * girl ( x _ 3 ) ; hope . agent ( x _ 7 , Emma ) AND hope . ccomp ( x _ 7, x _ 8 ) AND like . agent ( x _ 8 , x _ 4 ) AND like . ccomp ( x _ 8, x _ 9 ) AND notice . agent ( x _ 9 , Lucas ) AND notice . ccomp ( x _ 9, x _ 10 ) AND respect . agent ( x _ 10 , x _ 5 ) AND respect . theme ( x _ 10 , x _ 6 ) AND hope . agent ( x _ 11 , x _ 3 ) AND hope . ccomp ( x _ 11, x _ 12 ) AND like . agent ( x _ 12 , x _ 4 ) AND like . ccomp ( x _ 12, x _ 13 ) AND notice . agent ( x _ 13 , Lucas ) AND notice . ccomp ( x _ 13, x _ 14 ) AND respect . agent ( x _ 14 , x _ 5 ) AND respect . theme ( x _ 14 , x _ 6 )	elips_VPE_depth_gen
The girl liked that Emma dreamed that a penguin liked a fish and so did a bear .	* girl ( x _ 0 ) ; penguin ( x _ 4 ) AND fish ( x _ 5 ) AND bear ( x _ 3 ) AND like . agent ( x _ 6 , x _ 0 ) AND like . ccomp ( x _ 6, x _ 7 ) AND dream . agent ( x _ 7 , Emma ) AND dream . ccomp ( x _ 7, x _ 8 ) AND like . agent ( x _ 8 , x _ 4 ) AND like . theme ( x _ 8 , x _ 5 ) AND like . agent ( x _ 9 , x _ 3 ) AND like . ccomp ( x _ 9, x _ 10 ) AND dream . agent ( x _ 10 , Emma ) AND dream . ccomp ( x _ 10, x _ 11 ) AND like . agent ( x _ 11 , x _ 4 ) AND like . theme ( x _ 11 , x _ 5 )	elips_VPE_depth_gen
William admired that Emma liked that Olivia liked a cake and so did the penguin .	* penguin ( x _ 1 ) ; cake ( x _ 2 ) AND admire . agent ( x _ 3 , William ) AND admire . ccomp ( x _ 3, x _ 4 ) AND like . agent ( x _ 4 , Emma ) AND like . ccomp ( x _ 4, x _ 5 ) AND like . agent ( x _ 5 , Olivia ) AND like . theme ( x _ 5 , x _ 2 ) AND admire . agent ( x _ 6 , x _ 1 ) AND admire . ccomp ( x _ 6, x _ 7 ) AND like . agent ( x _ 7 , Emma ) AND like . ccomp ( x _ 7, x _ 8 ) AND like . agent ( x _ 8 , Olivia ) AND like . theme ( x _ 8 , x _ 2 )	elips_VPE_depth_gen
Isabella said that Benjamin confessed that Liam liked that the teacher loved a girl and so did the chicken .	* teacher ( x _ 3 ) ; * chicken ( x _ 2 ) ; girl ( x _ 4 ) AND say . agent ( x _ 5 , Isabella ) AND say . ccomp ( x _ 5, x _ 6 ) AND confess . agent ( x _ 6 , Benjamin ) AND confess . ccomp ( x _ 6, x _ 7 ) AND like . agent ( x _ 7 , Liam ) AND like . ccomp ( x _ 7, x _ 8 ) AND love . agent ( x _ 8 , x _ 3 ) AND love . theme ( x _ 8 , x _ 4 ) AND say . agent ( x _ 9 , x _ 2 ) AND say . ccomp ( x _ 9, x _ 10 ) AND confess . agent ( x _ 10 , Benjamin ) AND confess . ccomp ( x _ 10, x _ 11 ) AND like . agent ( x _ 11 , Liam ) AND like . ccomp ( x _ 11, x _ 12 ) AND love . agent ( x _ 12 , x _ 3 ) AND love . theme ( x _ 12 , x _ 4 )	elips_VPE_depth_gen
Anthony liked that the boy liked that Elizabeth helped Mason and so did a monster .	* boy ( x _ 2 ) ; monster ( x _ 1 ) AND like . agent ( x _ 3 , Anthony ) AND like . ccomp ( x _ 3, x _ 4 ) AND like . agent ( x _ 4 , x _ 2 ) AND like . ccomp ( x _ 4, x _ 5 ) AND help . agent ( x _ 5 , Elizabeth ) AND help . theme ( x _ 5 , Mason ) AND like . agent ( x _ 6 , x _ 1 ) AND like . ccomp ( x _ 6, x _ 7 ) AND like . agent ( x _ 7 , x _ 2 ) AND like . ccomp ( x _ 7, x _ 8 ) AND help . agent ( x _ 8 , Elizabeth ) AND help . theme ( x _ 8 , Mason )	elips_VPE_depth_gen
A bee noticed that a cat hoped that the girl liked that a boy liked the donut and so did Liam .	* girl ( x _ 6 ) ; * donut ( x _ 8 ) ; bee ( x _ 0 ) AND cat ( x _ 5 ) AND boy ( x _ 7 ) AND notice . agent ( x _ 9 , x _ 0 ) AND notice . ccomp ( x _ 9, x _ 10 ) AND hope . agent ( x _ 10 , x _ 5 ) AND hope . ccomp ( x _ 10, x _ 11 ) AND like . agent ( x _ 11 , x _ 6 ) AND like . ccomp ( x _ 11, x _ 12 ) AND like . agent ( x _ 12 , x _ 7 ) AND like . theme ( x _ 12 , x _ 8 ) AND notice . agent ( x _ 13 , Liam ) AND notice . ccomp ( x _ 13, x _ 14 ) AND hope . agent ( x _ 14 , x _ 5 ) AND hope . ccomp ( x _ 14, x _ 15 ) AND like . agent ( x _ 15 , x _ 6 ) AND like . ccomp ( x _ 15, x _ 16 ) AND like . agent ( x _ 16 , x _ 7 ) AND like . theme ( x _ 16 , x _ 8 )	elips_VPE_depth_gen
William liked that the cat noticed that a child helped the shirt and so did a boy .	* cat ( x _ 4 ) ; * shirt ( x _ 6 ) ; child ( x _ 5 ) AND boy ( x _ 3 ) AND like . agent ( x _ 7 , William ) AND like . ccomp ( x _ 7, x _ 8 ) AND notice . agent ( x _ 8 , x _ 4 ) AND notice . ccomp ( x _ 8, x _ 9 ) AND help . agent ( x _ 9 , x _ 5 ) AND help . theme ( x _ 9 , x _ 6 ) AND like . agent ( x _ 10 , x _ 3 ) AND like . ccomp ( x _ 10, x _ 11 ) AND notice . agent ( x _ 11 , x _ 4 ) AND notice . ccomp ( x _ 11, x _ 12 ) AND help . agent ( x _ 12 , x _ 5 ) AND help . theme ( x _ 12 , x _ 6 )	elips_VPE_depth_gen
The priest hoped that the bear hoped that a dealer liked the donut and so did the bird .	* priest ( x _ 0 ) ; * bear ( x _ 5 ) ; * donut ( x _ 7 ) ; * bird ( x _ 4 ) ; dealer ( x _ 6 ) AND hope . agent ( x _ 8 , x _ 0 ) AND hope . ccomp ( x _ 8, x _ 9 ) AND hope . agent ( x _ 9 , x _ 5 ) AND hope . ccomp ( x _ 9, x _ 10 ) AND like . agent ( x _ 10 , x _ 6 ) AND like . theme ( x _ 10 , x _ 7 ) AND hope . agent ( x _ 11 , x _ 4 ) AND hope . ccomp ( x _ 11, x _ 12 ) AND hope . agent ( x _ 12 , x _ 5 ) AND hope . ccomp ( x _ 12, x _ 13 ) AND like . agent ( x _ 13 , x _ 6 ) AND like . theme ( x _ 13 , x _ 7 )	elips_VPE_depth_gen
The governor respected that a cat proved that a girl liked the rose and so did a monster .	* governor ( x _ 0 ) ; * rose ( x _ 7 ) ; cat ( x _ 5 ) AND girl ( x _ 6 ) AND monster ( x _ 4 ) AND respect . agent ( x _ 8 , x _ 0 ) AND respect . ccomp ( x _ 8, x _ 9 ) AND prove . agent ( x _ 9 , x _ 5 ) AND prove . ccomp ( x _ 9, x _ 10 ) AND like . agent ( x _ 10 , x _ 6 ) AND like . theme ( x _ 10 , x _ 7 ) AND respect . agent ( x _ 11 , x _ 4 ) AND respect . ccomp ( x _ 11, x _ 12 ) AND prove . agent ( x _ 12 , x _ 5 ) AND prove . ccomp ( x _ 12, x _ 13 ) AND like . agent ( x _ 13 , x _ 6 ) AND like . theme ( x _ 13 , x _ 7 )	elips_VPE_depth_gen
Noah imagined that Olivia valued that Emma proved that a girl liked that Liam respected Chloe and so did the cat .	* cat ( x _ 1 ) ; girl ( x _ 2 ) AND imagine . agent ( x _ 3 , Noah ) AND imagine . ccomp ( x _ 3, x _ 4 ) AND value . agent ( x _ 4 , Olivia ) AND value . ccomp ( x _ 4, x _ 5 ) AND prove . agent ( x _ 5 , Emma ) AND prove . ccomp ( x _ 5, x _ 6 ) AND like . agent ( x _ 6 , x _ 2 ) AND like . ccomp ( x _ 6, x _ 7 ) AND respect . agent ( x _ 7 , Liam ) AND respect . theme ( x _ 7 , Chloe ) AND imagine . agent ( x _ 8 , x _ 1 ) AND imagine . ccomp ( x _ 8, x _ 9 ) AND value . agent ( x _ 9 , Olivia ) AND value . ccomp ( x _ 9, x _ 10 ) AND prove . agent ( x _ 10 , Emma ) AND prove . ccomp ( x _ 10, x _ 11 ) AND like . agent ( x _ 11 , x _ 2 ) AND like . ccomp ( x _ 11, x _ 12 ) AND respect . agent ( x _ 12 , Liam ) AND respect . theme ( x _ 12 , Chloe )	elips_VPE_depth_gen
James liked that a monster admired that the cat liked the cake and so did Emma .	* cat ( x _ 4 ) ; * cake ( x _ 5 ) ; monster ( x _ 3 ) AND like . agent ( x _ 6 , James ) AND like . ccomp ( x _ 6, x _ 7 ) AND admire . agent ( x _ 7 , x _ 3 ) AND admire . ccomp ( x _ 7, x _ 8 ) AND like . agent ( x _ 8 , x _ 4 ) AND like . theme ( x _ 8 , x _ 5 ) AND like . agent ( x _ 9 , Emma ) AND like . ccomp ( x _ 9, x _ 10 ) AND admire . agent ( x _ 10 , x _ 3 ) AND admire . ccomp ( x _ 10, x _ 11 ) AND like . agent ( x _ 11 , x _ 4 ) AND like . theme ( x _ 11 , x _ 5 )	elips_VPE_depth_gen
Emma liked that Noah liked that a student helped a cake and so did the girl .	* girl ( x _ 2 ) ; student ( x _ 3 ) AND cake ( x _ 4 ) AND like . agent ( x _ 5 , Emma ) AND like . ccomp ( x _ 5, x _ 6 ) AND like . agent ( x _ 6 , Noah ) AND like . ccomp ( x _ 6, x _ 7 ) AND help . agent ( x _ 7 , x _ 3 ) AND help . theme ( x _ 7 , x _ 4 ) AND like . agent ( x _ 8 , x _ 2 ) AND like . ccomp ( x _ 8, x _ 9 ) AND like . agent ( x _ 9 , Noah ) AND like . ccomp ( x _ 9, x _ 10 ) AND help . agent ( x _ 10 , x _ 3 ) AND help . theme ( x _ 10 , x _ 4 )	elips_VPE_depth_gen
A girl liked that the turkey liked that the chief liked that Charlotte liked the cake and so did James .	* turkey ( x _ 4 ) ; * chief ( x _ 5 ) ; * cake ( x _ 6 ) ; girl ( x _ 0 ) AND like . agent ( x _ 7 , x _ 0 ) AND like . ccomp ( x _ 7, x _ 8 ) AND like . agent ( x _ 8 , x _ 4 ) AND like . ccomp ( x _ 8, x _ 9 ) AND like . agent ( x _ 9 , x _ 5 ) AND like . ccomp ( x _ 9, x _ 10 ) AND like . agent ( x _ 10 , Charlotte ) AND like . theme ( x _ 10 , x _ 6 ) AND like . agent ( x _ 11 , James ) AND like . ccomp ( x _ 11, x _ 12 ) AND like . agent ( x _ 12 , x _ 4 ) AND like . ccomp ( x _ 12, x _ 13 ) AND like . agent ( x _ 13 , x _ 5 ) AND like . ccomp ( x _ 13, x _ 14 ) AND like . agent ( x _ 14 , Charlotte ) AND like . theme ( x _ 14 , x _ 6 )	elips_VPE_depth_gen
Olivia hoped that a guest admired that a teacher liked a boy and so did a cat .	guest ( x _ 4 ) AND teacher ( x _ 5 ) AND boy ( x _ 6 ) AND cat ( x _ 3 ) AND hope . agent ( x _ 7 , Olivia ) AND hope . ccomp ( x _ 7, x _ 8 ) AND admire . agent ( x _ 8 , x _ 4 ) AND admire . ccomp ( x _ 8, x _ 9 ) AND like . agent ( x _ 9 , x _ 5 ) AND like . theme ( x _ 9 , x _ 6 ) AND hope . agent ( x _ 10 , x _ 3 ) AND hope . ccomp ( x _ 10, x _ 11 ) AND admire . agent ( x _ 11 , x _ 4 ) AND admire . ccomp ( x _ 11, x _ 12 ) AND like . agent ( x _ 12 , x _ 5 ) AND like . theme ( x _ 12 , x _ 6 )	elips_VPE_depth_gen
The guard hoped that a boy respected that the bird hoped that Alexander said that the captain helped Zoey and so did a frog .	* guard ( x _ 0 ) ; * bird ( x _ 6 ) ; * captain ( x _ 7 ) ; boy ( x _ 5 ) AND frog ( x _ 4 ) AND hope . agent ( x _ 8 , x _ 0 ) AND hope . ccomp ( x _ 8, x _ 9 ) AND respect . agent ( x _ 9 , x _ 5 ) AND respect . ccomp ( x _ 9, x _ 10 ) AND hope . agent ( x _ 10 , x _ 6 ) AND hope . ccomp ( x _ 10, x _ 11 ) AND say . agent ( x _ 11 , Alexander ) AND say . ccomp ( x _ 11, x _ 12 ) AND help . agent ( x _ 12 , x _ 7 ) AND help . theme ( x _ 12 , Zoey ) AND hope . agent ( x _ 13 , x _ 4 ) AND hope . ccomp ( x _ 13, x _ 14 ) AND respect . agent ( x _ 14 , x _ 5 ) AND respect . ccomp ( x _ 14, x _ 15 ) AND hope . agent ( x _ 15 , x _ 6 ) AND hope . ccomp ( x _ 15, x _ 16 ) AND say . agent ( x _ 16 , Alexander ) AND say . ccomp ( x _ 16, x _ 17 ) AND help . agent ( x _ 17 , x _ 7 ) AND help . theme ( x _ 17 , Zoey )	elips_VPE_depth_gen
The duke hoped that Madison liked that a princess said that the boy liked that Liam helped the bird and so did Emma .	* duke ( x _ 0 ) ; * boy ( x _ 5 ) ; * bird ( x _ 6 ) ; princess ( x _ 4 ) AND hope . agent ( x _ 7 , x _ 0 ) AND hope . ccomp ( x _ 7, x _ 8 ) AND like . agent ( x _ 8 , Madison ) AND like . ccomp ( x _ 8, x _ 9 ) AND say . agent ( x _ 9 , x _ 4 ) AND say . ccomp ( x _ 9, x _ 10 ) AND like . agent ( x _ 10 , x _ 5 ) AND like . ccomp ( x _ 10, x _ 11 ) AND help . agent ( x _ 11 , Liam ) AND help . theme ( x _ 11 , x _ 6 ) AND hope . agent ( x _ 12 , Emma ) AND hope . ccomp ( x _ 12, x _ 13 ) AND like . agent ( x _ 13 , Madison ) AND like . ccomp ( x _ 13, x _ 14 ) AND say . agent ( x _ 14 , x _ 4 ) AND say . ccomp ( x _ 14, x _ 15 ) AND like . agent ( x _ 15 , x _ 5 ) AND like . ccomp ( x _ 15, x _ 16 ) AND help . agent ( x _ 16 , Liam ) AND help . theme ( x _ 16 , x _ 6 )	elips_VPE_depth_gen
Olivia declared that a baby said that Emma loved Isabella and so did the girl .	* girl ( x _ 1 ) ; baby ( x _ 2 ) AND declare . agent ( x _ 3 , Olivia ) AND declare . ccomp ( x _ 3, x _ 4 ) AND say . agent ( x _ 4 , x _ 2 ) AND say . ccomp ( x _ 4, x _ 5 ) AND love . agent ( x _ 5 , Emma ) AND love . theme ( x _ 5 , Isabella ) AND declare . agent ( x _ 6 , x _ 1 ) AND declare . ccomp ( x _ 6, x _ 7 ) AND say . agent ( x _ 7 , x _ 2 ) AND say . ccomp ( x _ 7, x _ 8 ) AND love . agent ( x _ 8 , Emma ) AND love . theme ( x _ 8 , Isabella )	elips_VPE_depth_gen
A girl admired that Noah hoped that the baby found a melon and so did the giraffe .	* baby ( x _ 4 ) ; * giraffe ( x _ 3 ) ; girl ( x _ 0 ) AND melon ( x _ 5 ) AND admire . agent ( x _ 6 , x _ 0 ) AND admire . ccomp ( x _ 6, x _ 7 ) AND hope . agent ( x _ 7 , Noah ) AND hope . ccomp ( x _ 7, x _ 8 ) AND find . agent ( x _ 8 , x _ 4 ) AND find . theme ( x _ 8 , x _ 5 ) AND admire . agent ( x _ 9 , x _ 3 ) AND admire . ccomp ( x _ 9, x _ 10 ) AND hope . agent ( x _ 10 , Noah ) AND hope . ccomp ( x _ 10, x _ 11 ) AND find . agent ( x _ 11 , x _ 4 ) AND find . theme ( x _ 11 , x _ 5 )	elips_VPE_depth_gen
A doctor liked that the girl respected that a donkey liked the boy and so did Chloe .	* girl ( x _ 4 ) ; * boy ( x _ 6 ) ; doctor ( x _ 0 ) AND donkey ( x _ 5 ) AND like . agent ( x _ 7 , x _ 0 ) AND like . ccomp ( x _ 7, x _ 8 ) AND respect . agent ( x _ 8 , x _ 4 ) AND respect . ccomp ( x _ 8, x _ 9 ) AND like . agent ( x _ 9 , x _ 5 ) AND like . theme ( x _ 9 , x _ 6 ) AND like . agent ( x _ 10 , Chloe ) AND like . ccomp ( x _ 10, x _ 11 ) AND respect . agent ( x _ 11 , x _ 4 ) AND respect . ccomp ( x _ 11, x _ 12 ) AND like . agent ( x _ 12 , x _ 5 ) AND like . theme ( x _ 12 , x _ 6 )	elips_VPE_depth_gen
William liked that Asher hoped that a bear liked that Ella expected that Liam poked Sophia and so did a cat .	bear ( x _ 2 ) AND cat ( x _ 1 ) AND like . agent ( x _ 3 , William ) AND like . ccomp ( x _ 3, x _ 4 ) AND hope . agent ( x _ 4 , Asher ) AND hope . ccomp ( x _ 4, x _ 5 ) AND like . agent ( x _ 5 , x _ 2 ) AND like . ccomp ( x _ 5, x _ 6 ) AND expect . agent ( x _ 6 , Ella ) AND expect . ccomp ( x _ 6, x _ 7 ) AND poke . agent ( x _ 7 , Liam ) AND poke . theme ( x _ 7 , Sophia ) AND like . agent ( x _ 8 , x _ 1 ) AND like . ccomp ( x _ 8, x _ 9 ) AND hope . agent ( x _ 9 , Asher ) AND hope . ccomp ( x _ 9, x _ 10 ) AND like . agent ( x _ 10 , x _ 2 ) AND like . ccomp ( x _ 10, x _ 11 ) AND expect . agent ( x _ 11 , Ella ) AND expect . ccomp ( x _ 11, x _ 12 ) AND poke . agent ( x _ 12 , Liam ) AND poke . theme ( x _ 12 , Sophia )	elips_VPE_depth_gen
Emma supported that Amelia proved that a father liked James and so did Olivia .	father ( x _ 1 ) AND support . agent ( x _ 2 , Emma ) AND support . ccomp ( x _ 2, x _ 3 ) AND prove . agent ( x _ 3 , Amelia ) AND prove . ccomp ( x _ 3, x _ 4 ) AND like . agent ( x _ 4 , x _ 1 ) AND like . theme ( x _ 4 , James ) AND support . agent ( x _ 5 , Olivia ) AND support . ccomp ( x _ 5, x _ 6 ) AND prove . agent ( x _ 6 , Amelia ) AND prove . ccomp ( x _ 6, x _ 7 ) AND like . agent ( x _ 7 , x _ 1 ) AND like . theme ( x _ 7 , James )	elips_VPE_depth_gen
Sofia liked that Ava proved that Emma appreciated a servant and so did a cat .	servant ( x _ 2 ) AND cat ( x _ 1 ) AND like . agent ( x _ 3 , Sofia ) AND like . ccomp ( x _ 3, x _ 4 ) AND prove . agent ( x _ 4 , Ava ) AND prove . ccomp ( x _ 4, x _ 5 ) AND appreciate . agent ( x _ 5 , Emma ) AND appreciate . theme ( x _ 5 , x _ 2 ) AND like . agent ( x _ 6 , x _ 1 ) AND like . ccomp ( x _ 6, x _ 7 ) AND prove . agent ( x _ 7 , Ava ) AND prove . ccomp ( x _ 7, x _ 8 ) AND appreciate . agent ( x _ 8 , Emma ) AND appreciate . theme ( x _ 8 , x _ 2 )	elips_VPE_depth_gen
William hoped that the child liked that Olivia liked that a girl poked a frog and so did the boy .	* child ( x _ 4 ) ; * boy ( x _ 3 ) ; girl ( x _ 5 ) AND frog ( x _ 6 ) AND hope . agent ( x _ 7 , William ) AND hope . ccomp ( x _ 7, x _ 8 ) AND like . agent ( x _ 8 , x _ 4 ) AND like . ccomp ( x _ 8, x _ 9 ) AND like . agent ( x _ 9 , Olivia ) AND like . ccomp ( x _ 9, x _ 10 ) AND poke . agent ( x _ 10 , x _ 5 ) AND poke . theme ( x _ 10 , x _ 6 ) AND hope . agent ( x _ 11 , x _ 3 ) AND hope . ccomp ( x _ 11, x _ 12 ) AND like . agent ( x _ 12 , x _ 4 ) AND like . ccomp ( x _ 12, x _ 13 ) AND like . agent ( x _ 13 , Olivia ) AND like . ccomp ( x _ 13, x _ 14 ) AND poke . agent ( x _ 14 , x _ 5 ) AND poke . theme ( x _ 14 , x _ 6 )	elips_VPE_depth_gen
The girl said that Henry said that Liam liked that Thomas wished that John liked a rose and so did a kid .	* girl ( x _ 0 ) ; rose ( x _ 3 ) AND kid ( x _ 2 ) AND say . agent ( x _ 4 , x _ 0 ) AND say . ccomp ( x _ 4, x _ 5 ) AND say . agent ( x _ 5 , Henry ) AND say . ccomp ( x _ 5, x _ 6 ) AND like . agent ( x _ 6 , Liam ) AND like . ccomp ( x _ 6, x _ 7 ) AND wish . agent ( x _ 7 , Thomas ) AND wish . ccomp ( x _ 7, x _ 8 ) AND like . agent ( x _ 8 , John ) AND like . theme ( x _ 8 , x _ 3 ) AND say . agent ( x _ 9 , x _ 2 ) AND say . ccomp ( x _ 9, x _ 10 ) AND say . agent ( x _ 10 , Henry ) AND say . ccomp ( x _ 10, x _ 11 ) AND like . agent ( x _ 11 , Liam ) AND like . ccomp ( x _ 11, x _ 12 ) AND wish . agent ( x _ 12 , Thomas ) AND wish . ccomp ( x _ 12, x _ 13 ) AND like . agent ( x _ 13 , John ) AND like . theme ( x _ 13 , x _ 3 )	elips_VPE_depth_gen
The monster liked that Emma expected that a girl helped the patient and so did a consumer .	* monster ( x _ 0 ) ; * patient ( x _ 5 ) ; girl ( x _ 4 ) AND consumer ( x _ 3 ) AND like . agent ( x _ 6 , x _ 0 ) AND like . ccomp ( x _ 6, x _ 7 ) AND expect . agent ( x _ 7 , Emma ) AND expect . ccomp ( x _ 7, x _ 8 ) AND help . agent ( x _ 8 , x _ 4 ) AND help . theme ( x _ 8 , x _ 5 ) AND like . agent ( x _ 9 , x _ 3 ) AND like . ccomp ( x _ 9, x _ 10 ) AND expect . agent ( x _ 10 , Emma ) AND expect . ccomp ( x _ 10, x _ 11 ) AND help . agent ( x _ 11 , x _ 4 ) AND help . theme ( x _ 11 , x _ 5 )	elips_VPE_depth_gen
Liam said that Lucas liked that William respected a cookie and so did Olivia .	cookie ( x _ 1 ) AND say . agent ( x _ 2 , Liam ) AND say . ccomp ( x _ 2, x _ 3 ) AND like . agent ( x _ 3 , Lucas ) AND like . ccomp ( x _ 3, x _ 4 ) AND respect . agent ( x _ 4 , William ) AND respect . theme ( x _ 4 , x _ 1 ) AND say . agent ( x _ 5 , Olivia ) AND say . ccomp ( x _ 5, x _ 6 ) AND like . agent ( x _ 6 , Lucas ) AND like . ccomp ( x _ 6, x _ 7 ) AND respect . agent ( x _ 7 , William ) AND respect . theme ( x _ 7 , x _ 1 )	elips_VPE_depth_gen
Liam said that Noah supported that Emma admired the cake and so did a sailor .	* cake ( x _ 2 ) ; sailor ( x _ 1 ) AND say . agent ( x _ 3 , Liam ) AND say . ccomp ( x _ 3, x _ 4 ) AND support . agent ( x _ 4 , Noah ) AND support . ccomp ( x _ 4, x _ 5 ) AND admire . agent ( x _ 5 , Emma ) AND admire . theme ( x _ 5 , x _ 2 ) AND say . agent ( x _ 6 , x _ 1 ) AND say . ccomp ( x _ 6, x _ 7 ) AND support . agent ( x _ 7 , Noah ) AND support . ccomp ( x _ 7, x _ 8 ) AND admire . agent ( x _ 8 , Emma ) AND admire . theme ( x _ 8 , x _ 2 )	elips_VPE_depth_gen
Mateo believed that Victoria liked that Emma liked the cake and so did the cat .	* cake ( x _ 2 ) ; * cat ( x _ 1 ) ; believe . agent ( x _ 3 , Mateo ) AND believe . ccomp ( x _ 3, x _ 4 ) AND like . agent ( x _ 4 , Victoria ) AND like . ccomp ( x _ 4, x _ 5 ) AND like . agent ( x _ 5 , Emma ) AND like . theme ( x _ 5 , x _ 2 ) AND believe . agent ( x _ 6 , x _ 1 ) AND believe . ccomp ( x _ 6, x _ 7 ) AND like . agent ( x _ 7 , Victoria ) AND like . ccomp ( x _ 7, x _ 8 ) AND like . agent ( x _ 8 , Emma ) AND like . theme ( x _ 8 , x _ 2 )	elips_VPE_depth_gen
James believed that Liam liked that Olivia poked Emma and so did a girl .	girl ( x _ 0 ) AND believe . agent ( x _ 1 , James ) AND believe . ccomp ( x _ 1, x _ 2 ) AND like . agent ( x _ 2 , Liam ) AND like . ccomp ( x _ 2, x _ 3 ) AND poke . agent ( x _ 3 , Olivia ) AND poke . theme ( x _ 3 , Emma ) AND believe . agent ( x _ 4 , x _ 0 ) AND believe . ccomp ( x _ 4, x _ 5 ) AND like . agent ( x _ 5 , Liam ) AND like . ccomp ( x _ 5, x _ 6 ) AND poke . agent ( x _ 6 , Olivia ) AND poke . theme ( x _ 6 , Emma )	elips_VPE_depth_gen
A cat liked that Noah believed that Ava admired the drink and so did a boy .	* drink ( x _ 3 ) ; cat ( x _ 0 ) AND boy ( x _ 2 ) AND like . agent ( x _ 4 , x _ 0 ) AND like . ccomp ( x _ 4, x _ 5 ) AND believe . agent ( x _ 5 , Noah ) AND believe . ccomp ( x _ 5, x _ 6 ) AND admire . agent ( x _ 6 , Ava ) AND admire . theme ( x _ 6 , x _ 3 ) AND like . agent ( x _ 7 , x _ 2 ) AND like . ccomp ( x _ 7, x _ 8 ) AND believe . agent ( x _ 8 , Noah ) AND believe . ccomp ( x _ 8, x _ 9 ) AND admire . agent ( x _ 9 , Ava ) AND admire . theme ( x _ 9 , x _ 3 )	elips_VPE_depth_gen
Olivia appreciated that a bunny believed that a dog wished that the father liked that Luna helped a manager and so did a girl .	* father ( x _ 7 ) ; bunny ( x _ 5 ) AND dog ( x _ 6 ) AND manager ( x _ 8 ) AND girl ( x _ 4 ) AND appreciate . agent ( x _ 9 , Olivia ) AND appreciate . ccomp ( x _ 9, x _ 10 ) AND believe . agent ( x _ 10 , x _ 5 ) AND believe . ccomp ( x _ 10, x _ 11 ) AND wish . agent ( x _ 11 , x _ 6 ) AND wish . ccomp ( x _ 11, x _ 12 ) AND like . agent ( x _ 12 , x _ 7 ) AND like . ccomp ( x _ 12, x _ 13 ) AND help . agent ( x _ 13 , Luna ) AND help . theme ( x _ 13 , x _ 8 ) AND appreciate . agent ( x _ 14 , x _ 4 ) AND appreciate . ccomp ( x _ 14, x _ 15 ) AND believe . agent ( x _ 15 , x _ 5 ) AND believe . ccomp ( x _ 15, x _ 16 ) AND wish . agent ( x _ 16 , x _ 6 ) AND wish . ccomp ( x _ 16, x _ 17 ) AND like . agent ( x _ 17 , x _ 7 ) AND like . ccomp ( x _ 17, x _ 18 ) AND help . agent ( x _ 18 , Luna ) AND help . theme ( x _ 18 , x _ 8 )	elips_VPE_depth_gen
A child believed that a dog confessed that the girl liked Liam and so did Emma .	* girl ( x _ 4 ) ; child ( x _ 0 ) AND dog ( x _ 3 ) AND believe . agent ( x _ 5 , x _ 0 ) AND believe . ccomp ( x _ 5, x _ 6 ) AND confess . agent ( x _ 6 , x _ 3 ) AND confess . ccomp ( x _ 6, x _ 7 ) AND like . agent ( x _ 7 , x _ 4 ) AND like . theme ( x _ 7 , Liam ) AND believe . agent ( x _ 8 , Emma ) AND believe . ccomp ( x _ 8, x _ 9 ) AND confess . agent ( x _ 9 , x _ 3 ) AND confess . ccomp ( x _ 9, x _ 10 ) AND like . agent ( x _ 10 , x _ 4 ) AND like . theme ( x _ 10 , Liam )	elips_VPE_depth_gen
William liked that a girl valued that Sophia liked a cake and so did Emma .	girl ( x _ 2 ) AND cake ( x _ 3 ) AND like . agent ( x _ 4 , William ) AND like . ccomp ( x _ 4, x _ 5 ) AND value . agent ( x _ 5 , x _ 2 ) AND value . ccomp ( x _ 5, x _ 6 ) AND like . agent ( x _ 6 , Sophia ) AND like . theme ( x _ 6 , x _ 3 ) AND like . agent ( x _ 7 , Emma ) AND like . ccomp ( x _ 7, x _ 8 ) AND value . agent ( x _ 8 , x _ 2 ) AND value . ccomp ( x _ 8, x _ 9 ) AND like . agent ( x _ 9 , Sophia ) AND like . theme ( x _ 9 , x _ 3 )	elips_VPE_depth_gen
Olivia admired that a monkey liked that the puppy liked that a girl admired a drink and so did the visitor .	* puppy ( x _ 6 ) ; * visitor ( x _ 4 ) ; monkey ( x _ 5 ) AND girl ( x _ 7 ) AND drink ( x _ 8 ) AND admire . agent ( x _ 9 , Olivia ) AND admire . ccomp ( x _ 9, x _ 10 ) AND like . agent ( x _ 10 , x _ 5 ) AND like . ccomp ( x _ 10, x _ 11 ) AND like . agent ( x _ 11 , x _ 6 ) AND like . ccomp ( x _ 11, x _ 12 ) AND admire . agent ( x _ 12 , x _ 7 ) AND admire . theme ( x _ 12 , x _ 8 ) AND admire . agent ( x _ 13 , x _ 4 ) AND admire . ccomp ( x _ 13, x _ 14 ) AND like . agent ( x _ 14 , x _ 5 ) AND like . ccomp ( x _ 14, x _ 15 ) AND like . agent ( x _ 15 , x _ 6 ) AND like . ccomp ( x _ 15, x _ 16 ) AND admire . agent ( x _ 16 , x _ 7 ) AND admire . theme ( x _ 16 , x _ 8 )	elips_VPE_depth_gen
The boy proved that Emma imagined that a girl respected the doll and so did the baby .	* boy ( x _ 0 ) ; * doll ( x _ 5 ) ; * baby ( x _ 3 ) ; girl ( x _ 4 ) AND prove . agent ( x _ 6 , x _ 0 ) AND prove . ccomp ( x _ 6, x _ 7 ) AND imagine . agent ( x _ 7 , Emma ) AND imagine . ccomp ( x _ 7, x _ 8 ) AND respect . agent ( x _ 8 , x _ 4 ) AND respect . theme ( x _ 8 , x _ 5 ) AND prove . agent ( x _ 9 , x _ 3 ) AND prove . ccomp ( x _ 9, x _ 10 ) AND imagine . agent ( x _ 10 , Emma ) AND imagine . ccomp ( x _ 10, x _ 11 ) AND respect . agent ( x _ 11 , x _ 4 ) AND respect . theme ( x _ 11 , x _ 5 )	elips_VPE_depth_gen
Abigail believed that Anthony admired that a guy noticed that a child missed the butterfly and so did the frog .	* butterfly ( x _ 6 ) ; * frog ( x _ 3 ) ; guy ( x _ 4 ) AND child ( x _ 5 ) AND believe . agent ( x _ 7 , Abigail ) AND believe . ccomp ( x _ 7, x _ 8 ) AND admire . agent ( x _ 8 , Anthony ) AND admire . ccomp ( x _ 8, x _ 9 ) AND notice . agent ( x _ 9 , x _ 4 ) AND notice . ccomp ( x _ 9, x _ 10 ) AND miss . agent ( x _ 10 , x _ 5 ) AND miss . theme ( x _ 10 , x _ 6 ) AND believe . agent ( x _ 11 , x _ 3 ) AND believe . ccomp ( x _ 11, x _ 12 ) AND admire . agent ( x _ 12 , Anthony ) AND admire . ccomp ( x _ 12, x _ 13 ) AND notice . agent ( x _ 13 , x _ 4 ) AND notice . ccomp ( x _ 13, x _ 14 ) AND miss . agent ( x _ 14 , x _ 5 ) AND miss . theme ( x _ 14 , x _ 6 )	elips_VPE_depth_gen
The duck liked that Thomas said that a dog liked a rose and so did a cat .	* duck ( x _ 0 ) ; dog ( x _ 4 ) AND rose ( x _ 5 ) AND cat ( x _ 3 ) AND like . agent ( x _ 6 , x _ 0 ) AND like . ccomp ( x _ 6, x _ 7 ) AND say . agent ( x _ 7 , Thomas ) AND say . ccomp ( x _ 7, x _ 8 ) AND like . agent ( x _ 8 , x _ 4 ) AND like . theme ( x _ 8 , x _ 5 ) AND like . agent ( x _ 9 , x _ 3 ) AND like . ccomp ( x _ 9, x _ 10 ) AND say . agent ( x _ 10 , Thomas ) AND say . ccomp ( x _ 10, x _ 11 ) AND like . agent ( x _ 11 , x _ 4 ) AND like . theme ( x _ 11 , x _ 5 )	elips_VPE_depth_gen
A giraffe liked that the girl liked that Mason said that a crocodile helped James and so did Noah .	* girl ( x _ 3 ) ; giraffe ( x _ 0 ) AND crocodile ( x _ 4 ) AND like . agent ( x _ 5 , x _ 0 ) AND like . ccomp ( x _ 5, x _ 6 ) AND like . agent ( x _ 6 , x _ 3 ) AND like . ccomp ( x _ 6, x _ 7 ) AND say . agent ( x _ 7 , Mason ) AND say . ccomp ( x _ 7, x _ 8 ) AND help . agent ( x _ 8 , x _ 4 ) AND help . theme ( x _ 8 , James ) AND like . agent ( x _ 9 , Noah ) AND like . ccomp ( x _ 9, x _ 10 ) AND like . agent ( x _ 10 , x _ 3 ) AND like . ccomp ( x _ 10, x _ 11 ) AND say . agent ( x _ 11 , Mason ) AND say . ccomp ( x _ 11, x _ 12 ) AND help . agent ( x _ 12 , x _ 4 ) AND help . theme ( x _ 12 , James )	elips_VPE_depth_gen
A boy wished that a child dreamed that Ava appreciated Emma and so did the dog .	* dog ( x _ 2 ) ; boy ( x _ 0 ) AND child ( x _ 3 ) AND wish . agent ( x _ 4 , x _ 0 ) AND wish . ccomp ( x _ 4, x _ 5 ) AND dream . agent ( x _ 5 , x _ 3 ) AND dream . ccomp ( x _ 5, x _ 6 ) AND appreciate . agent ( x _ 6 , Ava ) AND appreciate . theme ( x _ 6 , Emma ) AND wish . agent ( x _ 7 , x _ 2 ) AND wish . ccomp ( x _ 7, x _ 8 ) AND dream . agent ( x _ 8 , x _ 3 ) AND dream . ccomp ( x _ 8, x _ 9 ) AND appreciate . agent ( x _ 9 , Ava ) AND appreciate . theme ( x _ 9 , Emma )	elips_VPE_depth_gen
Emma appreciated that the bunny declared that a girl liked that a cat admired Liam and so did Elizabeth .	* bunny ( x _ 3 ) ; girl ( x _ 4 ) AND cat ( x _ 5 ) AND appreciate . agent ( x _ 6 , Emma ) AND appreciate . ccomp ( x _ 6, x _ 7 ) AND declare . agent ( x _ 7 , x _ 3 ) AND declare . ccomp ( x _ 7, x _ 8 ) AND like . agent ( x _ 8 , x _ 4 ) AND like . ccomp ( x _ 8, x _ 9 ) AND admire . agent ( x _ 9 , x _ 5 ) AND admire . theme ( x _ 9 , Liam ) AND appreciate . agent ( x _ 10 , Elizabeth ) AND appreciate . ccomp ( x _ 10, x _ 11 ) AND declare . agent ( x _ 11 , x _ 3 ) AND declare . ccomp ( x _ 11, x _ 12 ) AND like . agent ( x _ 12 , x _ 4 ) AND like . ccomp ( x _ 12, x _ 13 ) AND admire . agent ( x _ 13 , x _ 5 ) AND admire . theme ( x _ 13 , Liam )	elips_VPE_depth_gen
The cat noticed that Emma said that Ava tolerated that Noah liked Olivia and so did a girl .	* cat ( x _ 0 ) ; girl ( x _ 1 ) AND notice . agent ( x _ 2 , x _ 0 ) AND notice . ccomp ( x _ 2, x _ 3 ) AND say . agent ( x _ 3 , Emma ) AND say . ccomp ( x _ 3, x _ 4 ) AND tolerate . agent ( x _ 4 , Ava ) AND tolerate . ccomp ( x _ 4, x _ 5 ) AND like . agent ( x _ 5 , Noah ) AND like . theme ( x _ 5 , Olivia ) AND notice . agent ( x _ 6 , x _ 1 ) AND notice . ccomp ( x _ 6, x _ 7 ) AND say . agent ( x _ 7 , Emma ) AND say . ccomp ( x _ 7, x _ 8 ) AND tolerate . agent ( x _ 8 , Ava ) AND tolerate . ccomp ( x _ 8, x _ 9 ) AND like . agent ( x _ 9 , Noah ) AND like . theme ( x _ 9 , Olivia )	elips_VPE_depth_gen
A mother said that a student noticed that Olivia declared that a cat appreciated a plant and so did Emma .	mother ( x _ 0 ) AND student ( x _ 4 ) AND cat ( x _ 5 ) AND plant ( x _ 6 ) AND say . agent ( x _ 7 , x _ 0 ) AND say . ccomp ( x _ 7, x _ 8 ) AND notice . agent ( x _ 8 , x _ 4 ) AND notice . ccomp ( x _ 8, x _ 9 ) AND declare . agent ( x _ 9 , Olivia ) AND declare . ccomp ( x _ 9, x _ 10 ) AND appreciate . agent ( x _ 10 , x _ 5 ) AND appreciate . theme ( x _ 10 , x _ 6 ) AND say . agent ( x _ 11 , Emma ) AND say . ccomp ( x _ 11, x _ 12 ) AND notice . agent ( x _ 12 , x _ 4 ) AND notice . ccomp ( x _ 12, x _ 13 ) AND declare . agent ( x _ 13 , Olivia ) AND declare . ccomp ( x _ 13, x _ 14 ) AND appreciate . agent ( x _ 14 , x _ 5 ) AND appreciate . theme ( x _ 14 , x _ 6 )	elips_VPE_depth_gen
A frog believed that Liam tolerated that the cat admired Emma and so did the pony .	* cat ( x _ 3 ) ; * pony ( x _ 2 ) ; frog ( x _ 0 ) AND believe . agent ( x _ 4 , x _ 0 ) AND believe . ccomp ( x _ 4, x _ 5 ) AND tolerate . agent ( x _ 5 , Liam ) AND tolerate . ccomp ( x _ 5, x _ 6 ) AND admire . agent ( x _ 6 , x _ 3 ) AND admire . theme ( x _ 6 , Emma ) AND believe . agent ( x _ 7 , x _ 2 ) AND believe . ccomp ( x _ 7, x _ 8 ) AND tolerate . agent ( x _ 8 , Liam ) AND tolerate . ccomp ( x _ 8, x _ 9 ) AND admire . agent ( x _ 9 , x _ 3 ) AND admire . theme ( x _ 9 , Emma )	elips_VPE_depth_gen
The monkey expected that the child thought that the girl poked a cake and so did Emma .	* monkey ( x _ 0 ) ; * child ( x _ 4 ) ; * girl ( x _ 5 ) ; cake ( x _ 6 ) AND expect . agent ( x _ 7 , x _ 0 ) AND expect . ccomp ( x _ 7, x _ 8 ) AND think . agent ( x _ 8 , x _ 4 ) AND think . ccomp ( x _ 8, x _ 9 ) AND poke . agent ( x _ 9 , x _ 5 ) AND poke . theme ( x _ 9 , x _ 6 ) AND expect . agent ( x _ 10 , Emma ) AND expect . ccomp ( x _ 10, x _ 11 ) AND think . agent ( x _ 11 , x _ 4 ) AND think . ccomp ( x _ 11, x _ 12 ) AND poke . agent ( x _ 12 , x _ 5 ) AND poke . theme ( x _ 12 , x _ 6 )	elips_VPE_depth_gen
A cat meant that Emma noticed that Liam admired that Asher respected Olivia and so did the girl .	* girl ( x _ 1 ) ; cat ( x _ 0 ) AND mean . agent ( x _ 2 , x _ 0 ) AND mean . ccomp ( x _ 2, x _ 3 ) AND notice . agent ( x _ 3 , Emma ) AND notice . ccomp ( x _ 3, x _ 4 ) AND admire . agent ( x _ 4 , Liam ) AND admire . ccomp ( x _ 4, x _ 5 ) AND respect . agent ( x _ 5 , Asher ) AND respect . theme ( x _ 5 , Olivia ) AND mean . agent ( x _ 6 , x _ 1 ) AND mean . ccomp ( x _ 6, x _ 7 ) AND notice . agent ( x _ 7 , Emma ) AND notice . ccomp ( x _ 7, x _ 8 ) AND admire . agent ( x _ 8 , Liam ) AND admire . ccomp ( x _ 8, x _ 9 ) AND respect . agent ( x _ 9 , Asher ) AND respect . theme ( x _ 9 , Olivia )	elips_VPE_depth_gen
Liam liked that the cat liked that a boy helped the cake and so did Carter .	* cat ( x _ 3 ) ; * cake ( x _ 5 ) ; boy ( x _ 4 ) AND like . agent ( x _ 6 , Liam ) AND like . ccomp ( x _ 6, x _ 7 ) AND like . agent ( x _ 7 , x _ 3 ) AND like . ccomp ( x _ 7, x _ 8 ) AND help . agent ( x _ 8 , x _ 4 ) AND help . theme ( x _ 8 , x _ 5 ) AND like . agent ( x _ 9 , Carter ) AND like . ccomp ( x _ 9, x _ 10 ) AND like . agent ( x _ 10 , x _ 3 ) AND like . ccomp ( x _ 10, x _ 11 ) AND help . agent ( x _ 11 , x _ 4 ) AND help . theme ( x _ 11 , x _ 5 )	elips_VPE_depth_gen
Liam liked that Charlotte respected that a teacher liked a president and so did Mason .	teacher ( x _ 2 ) AND president ( x _ 3 ) AND like . agent ( x _ 4 , Liam ) AND like . ccomp ( x _ 4, x _ 5 ) AND respect . agent ( x _ 5 , Charlotte ) AND respect . ccomp ( x _ 5, x _ 6 ) AND like . agent ( x _ 6 , x _ 2 ) AND like . theme ( x _ 6 , x _ 3 ) AND like . agent ( x _ 7 , Mason ) AND like . ccomp ( x _ 7, x _ 8 ) AND respect . agent ( x _ 8 , Charlotte ) AND respect . ccomp ( x _ 8, x _ 9 ) AND like . agent ( x _ 9 , x _ 2 ) AND like . theme ( x _ 9 , x _ 3 )	elips_VPE_depth_gen
Brooklyn noticed that Charlotte liked that Skylar helped Emma and so did Nora .	notice . agent ( x _ 0 , Brooklyn ) AND notice . ccomp ( x _ 0, x _ 1 ) AND like . agent ( x _ 1 , Charlotte ) AND like . ccomp ( x _ 1, x _ 2 ) AND help . agent ( x _ 2 , Skylar ) AND help . theme ( x _ 2 , Emma ) AND notice . agent ( x _ 3 , Nora ) AND notice . ccomp ( x _ 3, x _ 4 ) AND like . agent ( x _ 4 , Charlotte ) AND like . ccomp ( x _ 4, x _ 5 ) AND help . agent ( x _ 5 , Skylar ) AND help . theme ( x _ 5 , Emma )	elips_VPE_depth_gen
The girl liked that the child tolerated that the queen admired Emma and so did a lawyer .	* girl ( x _ 0 ) ; * child ( x _ 4 ) ; * queen ( x _ 5 ) ; lawyer ( x _ 3 ) AND like . agent ( x _ 6 , x _ 0 ) AND like . ccomp ( x _ 6, x _ 7 ) AND tolerate . agent ( x _ 7 , x _ 4 ) AND tolerate . ccomp ( x _ 7, x _ 8 ) AND admire . agent ( x _ 8 , x _ 5 ) AND admire . theme ( x _ 8 , Emma ) AND like . agent ( x _ 9 , x _ 3 ) AND like . ccomp ( x _ 9, x _ 10 ) AND tolerate . agent ( x _ 10 , x _ 4 ) AND tolerate . ccomp ( x _ 10, x _ 11 ) AND admire . agent ( x _ 11 , x _ 5 ) AND admire . theme ( x _ 11 , Emma )	elips_VPE_depth_gen
Liam liked that Abigail liked that the baby respected the rose and so did Jackson .	* baby ( x _ 2 ) ; * rose ( x _ 3 ) ; like . agent ( x _ 4 , Liam ) AND like . ccomp ( x _ 4, x _ 5 ) AND like . agent ( x _ 5 , Abigail ) AND like . ccomp ( x _ 5, x _ 6 ) AND respect . agent ( x _ 6 , x _ 2 ) AND respect . theme ( x _ 6 , x _ 3 ) AND like . agent ( x _ 7 , Jackson ) AND like . ccomp ( x _ 7, x _ 8 ) AND like . agent ( x _ 8 , Abigail ) AND like . ccomp ( x _ 8, x _ 9 ) AND respect . agent ( x _ 9 , x _ 2 ) AND respect . theme ( x _ 9 , x _ 3 )	elips_VPE_depth_gen
Emma hoped that Eleanor supported that a boy poked a child and so did the girl .	* girl ( x _ 2 ) ; boy ( x _ 3 ) AND child ( x _ 4 ) AND hope . agent ( x _ 5 , Emma ) AND hope . ccomp ( x _ 5, x _ 6 ) AND support . agent ( x _ 6 , Eleanor ) AND support . ccomp ( x _ 6, x _ 7 ) AND poke . agent ( x _ 7 , x _ 3 ) AND poke . theme ( x _ 7 , x _ 4 ) AND hope . agent ( x _ 8 , x _ 2 ) AND hope . ccomp ( x _ 8, x _ 9 ) AND support . agent ( x _ 9 , Eleanor ) AND support . ccomp ( x _ 9, x _ 10 ) AND poke . agent ( x _ 10 , x _ 3 ) AND poke . theme ( x _ 10 , x _ 4 )	elips_VPE_depth_gen
Sophia confessed that a boy said that the mother found Emma and so did Elijah .	* mother ( x _ 3 ) ; boy ( x _ 2 ) AND confess . agent ( x _ 4 , Sophia ) AND confess . ccomp ( x _ 4, x _ 5 ) AND say . agent ( x _ 5 , x _ 2 ) AND say . ccomp ( x _ 5, x _ 6 ) AND find . agent ( x _ 6 , x _ 3 ) AND find . theme ( x _ 6 , Emma ) AND confess . agent ( x _ 7 , Elijah ) AND confess . ccomp ( x _ 7, x _ 8 ) AND say . agent ( x _ 8 , x _ 2 ) AND say . ccomp ( x _ 8, x _ 9 ) AND find . agent ( x _ 9 , x _ 3 ) AND find . theme ( x _ 9 , Emma )	elips_VPE_depth_gen
Ellie liked that John proved that the girl liked that a frog liked that Benjamin found a cake and so did a bear .	* girl ( x _ 4 ) ; frog ( x _ 5 ) AND cake ( x _ 6 ) AND bear ( x _ 3 ) AND like . agent ( x _ 7 , Ellie ) AND like . ccomp ( x _ 7, x _ 8 ) AND prove . agent ( x _ 8 , John ) AND prove . ccomp ( x _ 8, x _ 9 ) AND like . agent ( x _ 9 , x _ 4 ) AND like . ccomp ( x _ 9, x _ 10 ) AND like . agent ( x _ 10 , x _ 5 ) AND like . ccomp ( x _ 10, x _ 11 ) AND find . agent ( x _ 11 , Benjamin ) AND find . theme ( x _ 11 , x _ 6 ) AND like . agent ( x _ 12 , x _ 3 ) AND like . ccomp ( x _ 12, x _ 13 ) AND prove . agent ( x _ 13 , John ) AND prove . ccomp ( x _ 13, x _ 14 ) AND like . agent ( x _ 14 , x _ 4 ) AND like . ccomp ( x _ 14, x _ 15 ) AND like . agent ( x _ 15 , x _ 5 ) AND like . ccomp ( x _ 15, x _ 16 ) AND find . agent ( x _ 16 , Benjamin ) AND find . theme ( x _ 16 , x _ 6 )	elips_VPE_depth_gen
Olivia hoped that Elizabeth confessed that Evelyn helped a crystal and so did a girl .	crystal ( x _ 2 ) AND girl ( x _ 1 ) AND hope . agent ( x _ 3 , Olivia ) AND hope . ccomp ( x _ 3, x _ 4 ) AND confess . agent ( x _ 4 , Elizabeth ) AND confess . ccomp ( x _ 4, x _ 5 ) AND help . agent ( x _ 5 , Evelyn ) AND help . theme ( x _ 5 , x _ 2 ) AND hope . agent ( x _ 6 , x _ 1 ) AND hope . ccomp ( x _ 6, x _ 7 ) AND confess . agent ( x _ 7 , Elizabeth ) AND confess . ccomp ( x _ 7, x _ 8 ) AND help . agent ( x _ 8 , Evelyn ) AND help . theme ( x _ 8 , x _ 2 )	elips_VPE_depth_gen
Olivia liked that the girl proved that Evelyn liked a dog and so did Emma .	* girl ( x _ 2 ) ; dog ( x _ 3 ) AND like . agent ( x _ 4 , Olivia ) AND like . ccomp ( x _ 4, x _ 5 ) AND prove . agent ( x _ 5 , x _ 2 ) AND prove . ccomp ( x _ 5, x _ 6 ) AND like . agent ( x _ 6 , Evelyn ) AND like . theme ( x _ 6 , x _ 3 ) AND like . agent ( x _ 7 , Emma ) AND like . ccomp ( x _ 7, x _ 8 ) AND prove . agent ( x _ 8 , x _ 2 ) AND prove . ccomp ( x _ 8, x _ 9 ) AND like . agent ( x _ 9 , Evelyn ) AND like . theme ( x _ 9 , x _ 3 )	elips_VPE_depth_gen
Emma noticed that Noah said that Avery hoped that the monster hoped that a girl found a baby and so did Charlotte .	* monster ( x _ 3 ) ; girl ( x _ 4 ) AND baby ( x _ 5 ) AND notice . agent ( x _ 6 , Emma ) AND notice . ccomp ( x _ 6, x _ 7 ) AND say . agent ( x _ 7 , Noah ) AND say . ccomp ( x _ 7, x _ 8 ) AND hope . agent ( x _ 8 , Avery ) AND hope . ccomp ( x _ 8, x _ 9 ) AND hope . agent ( x _ 9 , x _ 3 ) AND hope . ccomp ( x _ 9, x _ 10 ) AND find . agent ( x _ 10 , x _ 4 ) AND find . theme ( x _ 10 , x _ 5 ) AND notice . agent ( x _ 11 , Charlotte ) AND notice . ccomp ( x _ 11, x _ 12 ) AND say . agent ( x _ 12 , Noah ) AND say . ccomp ( x _ 12, x _ 13 ) AND hope . agent ( x _ 13 , Avery ) AND hope . ccomp ( x _ 13, x _ 14 ) AND hope . agent ( x _ 14 , x _ 3 ) AND hope . ccomp ( x _ 14, x _ 15 ) AND find . agent ( x _ 15 , x _ 4 ) AND find . theme ( x _ 15 , x _ 5 )	elips_VPE_depth_gen
A pony tolerated that Liam liked that Emma hoped that a girl helped Stella and so did the tiger .	* tiger ( x _ 2 ) ; pony ( x _ 0 ) AND girl ( x _ 3 ) AND tolerate . agent ( x _ 4 , x _ 0 ) AND tolerate . ccomp ( x _ 4, x _ 5 ) AND like . agent ( x _ 5 , Liam ) AND like . ccomp ( x _ 5, x _ 6 ) AND hope . agent ( x _ 6 , Emma ) AND hope . ccomp ( x _ 6, x _ 7 ) AND help . agent ( x _ 7 , x _ 3 ) AND help . theme ( x _ 7 , Stella ) AND tolerate . agent ( x _ 8 , x _ 2 ) AND tolerate . ccomp ( x _ 8, x _ 9 ) AND like . agent ( x _ 9 , Liam ) AND like . ccomp ( x _ 9, x _ 10 ) AND hope . agent ( x _ 10 , Emma ) AND hope . ccomp ( x _ 10, x _ 11 ) AND help . agent ( x _ 11 , x _ 3 ) AND help . theme ( x _ 11 , Stella )	elips_VPE_depth_gen
Liam liked that Charlotte declared that Skylar helped the donut and so did the turtle .	* donut ( x _ 2 ) ; * turtle ( x _ 1 ) ; like . agent ( x _ 3 , Liam ) AND like . ccomp ( x _ 3, x _ 4 ) AND declare . agent ( x _ 4 , Charlotte ) AND declare . ccomp ( x _ 4, x _ 5 ) AND help . agent ( x _ 5 , Skylar ) AND help . theme ( x _ 5 , x _ 2 ) AND like . agent ( x _ 6 , x _ 1 ) AND like . ccomp ( x _ 6, x _ 7 ) AND declare . agent ( x _ 7 , Charlotte ) AND declare . ccomp ( x _ 7, x _ 8 ) AND help . agent ( x _ 8 , Skylar ) AND help . theme ( x _ 8 , x _ 2 )	elips_VPE_depth_gen
The girl liked that a coach believed that the lamb liked the drink and so did Emma .	* girl ( x _ 0 ) ; * lamb ( x _ 5 ) ; * drink ( x _ 6 ) ; coach ( x _ 4 ) AND like . agent ( x _ 7 , x _ 0 ) AND like . ccomp ( x _ 7, x _ 8 ) AND believe . agent ( x _ 8 , x _ 4 ) AND believe . ccomp ( x _ 8, x _ 9 ) AND like . agent ( x _ 9 , x _ 5 ) AND like . theme ( x _ 9 , x _ 6 ) AND like . agent ( x _ 10 , Emma ) AND like . ccomp ( x _ 10, x _ 11 ) AND believe . agent ( x _ 11 , x _ 4 ) AND believe . ccomp ( x _ 11, x _ 12 ) AND like . agent ( x _ 12 , x _ 5 ) AND like . theme ( x _ 12 , x _ 6 )	elips_VPE_depth_gen
The turtle liked that Liam noticed that the baby adored Lincoln and so did Skylar .	* turtle ( x _ 0 ) ; * baby ( x _ 2 ) ; like . agent ( x _ 3 , x _ 0 ) AND like . ccomp ( x _ 3, x _ 4 ) AND notice . agent ( x _ 4 , Liam ) AND notice . ccomp ( x _ 4, x _ 5 ) AND adore . agent ( x _ 5 , x _ 2 ) AND adore . theme ( x _ 5 , Lincoln ) AND like . agent ( x _ 6 , Skylar ) AND like . ccomp ( x _ 6, x _ 7 ) AND notice . agent ( x _ 7 , Liam ) AND notice . ccomp ( x _ 7, x _ 8 ) AND adore . agent ( x _ 8 , x _ 2 ) AND adore . theme ( x _ 8 , Lincoln )	elips_VPE_depth_gen
A girl liked that Gabriel hoped that Emma poked the basket and so did a boy .	* basket ( x _ 3 ) ; girl ( x _ 0 ) AND boy ( x _ 2 ) AND like . agent ( x _ 4 , x _ 0 ) AND like . ccomp ( x _ 4, x _ 5 ) AND hope . agent ( x _ 5 , Gabriel ) AND hope . ccomp ( x _ 5, x _ 6 ) AND poke . agent ( x _ 6 , Emma ) AND poke . theme ( x _ 6 , x _ 3 ) AND like . agent ( x _ 7 , x _ 2 ) AND like . ccomp ( x _ 7, x _ 8 ) AND hope . agent ( x _ 8 , Gabriel ) AND hope . ccomp ( x _ 8, x _ 9 ) AND poke . agent ( x _ 9 , Emma ) AND poke . theme ( x _ 9 , x _ 3 )	elips_VPE_depth_gen
Daniel said that a professor liked that the teacher helped the block and so did Liam .	* teacher ( x _ 4 ) ; * block ( x _ 5 ) ; professor ( x _ 3 ) AND say . agent ( x _ 6 , Daniel ) AND say . ccomp ( x _ 6, x _ 7 ) AND like . agent ( x _ 7 , x _ 3 ) AND like . ccomp ( x _ 7, x _ 8 ) AND help . agent ( x _ 8 , x _ 4 ) AND help . theme ( x _ 8 , x _ 5 ) AND say . agent ( x _ 9 , Liam ) AND say . ccomp ( x _ 9, x _ 10 ) AND like . agent ( x _ 10 , x _ 3 ) AND like . ccomp ( x _ 10, x _ 11 ) AND help . agent ( x _ 11 , x _ 4 ) AND help . theme ( x _ 11 , x _ 5 )	elips_VPE_depth_gen
The bunny wished that Liam confessed that the citizen found a cat and so did Emma .	* bunny ( x _ 0 ) ; * citizen ( x _ 3 ) ; cat ( x _ 4 ) AND wish . agent ( x _ 5 , x _ 0 ) AND wish . ccomp ( x _ 5, x _ 6 ) AND confess . agent ( x _ 6 , Liam ) AND confess . ccomp ( x _ 6, x _ 7 ) AND find . agent ( x _ 7 , x _ 3 ) AND find . theme ( x _ 7 , x _ 4 ) AND wish . agent ( x _ 8 , Emma ) AND wish . ccomp ( x _ 8, x _ 9 ) AND confess . agent ( x _ 9 , Liam ) AND confess . ccomp ( x _ 9, x _ 10 ) AND find . agent ( x _ 10 , x _ 3 ) AND find . theme ( x _ 10 , x _ 4 )	elips_VPE_depth_gen
Elijah dreamed that the frog confessed that Noah liked a boy and so did a teacher .	* frog ( x _ 3 ) ; boy ( x _ 4 ) AND teacher ( x _ 2 ) AND dream . agent ( x _ 5 , Elijah ) AND dream . ccomp ( x _ 5, x _ 6 ) AND confess . agent ( x _ 6 , x _ 3 ) AND confess . ccomp ( x _ 6, x _ 7 ) AND like . agent ( x _ 7 , Noah ) AND like . theme ( x _ 7 , x _ 4 ) AND dream . agent ( x _ 8 , x _ 2 ) AND dream . ccomp ( x _ 8, x _ 9 ) AND confess . agent ( x _ 9 , x _ 3 ) AND confess . ccomp ( x _ 9, x _ 10 ) AND like . agent ( x _ 10 , Noah ) AND like . theme ( x _ 10 , x _ 4 )	elips_VPE_depth_gen
A girl noticed that Liam hoped that Ava helped Jayden and so did a guy .	girl ( x _ 0 ) AND guy ( x _ 1 ) AND notice . agent ( x _ 2 , x _ 0 ) AND notice . ccomp ( x _ 2, x _ 3 ) AND hope . agent ( x _ 3 , Liam ) AND hope . ccomp ( x _ 3, x _ 4 ) AND help . agent ( x _ 4 , Ava ) AND help . theme ( x _ 4 , Jayden ) AND notice . agent ( x _ 5 , x _ 1 ) AND notice . ccomp ( x _ 5, x _ 6 ) AND hope . agent ( x _ 6 , Liam ) AND hope . ccomp ( x _ 6, x _ 7 ) AND help . agent ( x _ 7 , Ava ) AND help . theme ( x _ 7 , Jayden )	elips_VPE_depth_gen
