Chloe touched the donut and so did Sophia .	* donut ( x _ 1 ) ; touch . agent ( x _ 2 , Chloe ) AND touch . theme ( x _ 2 , x _ 1 ) AND touch . agent ( x _ 3 , Sophia ) AND touch . theme ( x _ 3 , x _ 1 )	elips_VPE_gen
A boy said that Emma tolerated the princess and so did Olivia .	* princess ( x _ 2 ) ; boy ( x _ 0 ) AND say . agent ( x _ 3 , x _ 0 ) AND say . ccomp ( x _ 3, x _ 4 ) AND tolerate . agent ( x _ 4 , Emma ) AND tolerate . theme ( x _ 4 , x _ 2 ) AND say . agent ( x _ 5 , Olivia ) AND say . ccomp ( x _ 5, x _ 6 ) AND tolerate . agent ( x _ 6 , Emma ) AND tolerate . theme ( x _ 6 , x _ 2 )	elips_VPE_gen
Olivia called a girl and so did the boy .	* boy ( x _ 1 ) ; girl ( x _ 2 ) AND call . agent ( x _ 3 , Olivia ) AND call . theme ( x _ 3 , x _ 2 ) AND call . agent ( x _ 4 , x _ 1 ) AND call . theme ( x _ 4 , x _ 2 )	elips_VPE_gen
A student held Penelope and so did James .	student ( x _ 0 ) AND hold . agent ( x _ 1 , x _ 0 ) AND hold . theme ( x _ 1 , Penelope ) AND hold . agent ( x _ 2 , James ) AND hold . theme ( x _ 2 , Penelope )	elips_VPE_gen
Emma pierced the baby and so did the bird .	* baby ( x _ 2 ) ; * bird ( x _ 1 ) ; pierce . agent ( x _ 3 , Emma ) AND pierce . theme ( x _ 3 , x _ 2 ) AND pierce . agent ( x _ 4 , x _ 1 ) AND pierce . theme ( x _ 4 , x _ 2 )	elips_VPE_gen
Carter threw the drink and so did Emma .	* drink ( x _ 1 ) ; throw . agent ( x _ 2 , Carter ) AND throw . theme ( x _ 2 , x _ 1 ) AND throw . agent ( x _ 3 , Emma ) AND throw . theme ( x _ 3 , x _ 1 )	elips_VPE_gen
The deer appreciated that a mouse threw the donut and so did Liam .	* deer ( x _ 0 ) ; * donut ( x _ 4 ) ; mouse ( x _ 3 ) AND appreciate . agent ( x _ 5 , x _ 0 ) AND appreciate . ccomp ( x _ 5, x _ 6 ) AND throw . agent ( x _ 6 , x _ 3 ) AND throw . theme ( x _ 6 , x _ 4 ) AND appreciate . agent ( x _ 7 , Liam ) AND appreciate . ccomp ( x _ 7, x _ 8 ) AND throw . agent ( x _ 8 , x _ 3 ) AND throw . theme ( x _ 8 , x _ 4 )	elips_VPE_gen
A bird held a girl and so did Emma .	bird ( x _ 0 ) AND girl ( x _ 2 ) AND hold . agent ( x _ 3 , x _ 0 ) AND hold . theme ( x _ 3 , x _ 2 ) AND hold . agent ( x _ 4 , Emma ) AND hold . theme ( x _ 4 , x _ 2 )	elips_VPE_gen
The student said that Isabella discovered a girl and so did Emma .	* student ( x _ 0 ) ; girl ( x _ 2 ) AND say . agent ( x _ 3 , x _ 0 ) AND say . ccomp ( x _ 3, x _ 4 ) AND discover . agent ( x _ 4 , Isabella ) AND discover . theme ( x _ 4 , x _ 2 ) AND say . agent ( x _ 5 , Emma ) AND say . ccomp ( x _ 5, x _ 6 ) AND discover . agent ( x _ 6 , Isabella ) AND discover . theme ( x _ 6 , x _ 2 )	elips_VPE_gen
Hannah threw the tool and so did a monkey .	* tool ( x _ 2 ) ; monkey ( x _ 1 ) AND throw . agent ( x _ 3 , Hannah ) AND throw . theme ( x _ 3 , x _ 2 ) AND throw . agent ( x _ 4 , x _ 1 ) AND throw . theme ( x _ 4 , x _ 2 )	elips_VPE_gen
Ava threw Isaac and so did Lucas .	throw . agent ( x _ 0 , Ava ) AND throw . theme ( x _ 0 , Isaac ) AND throw . agent ( x _ 1 , Lucas ) AND throw . theme ( x _ 1 , Isaac )	elips_VPE_gen
Jacob noticed the brush and so did the boy .	* brush ( x _ 2 ) ; * boy ( x _ 1 ) ; notice . agent ( x _ 3 , Jacob ) AND notice . theme ( x _ 3 , x _ 2 ) AND notice . agent ( x _ 4 , x _ 1 ) AND notice . theme ( x _ 4 , x _ 2 )	elips_VPE_gen
Emma heard a girl and so did William .	girl ( x _ 1 ) AND hear . agent ( x _ 2 , Emma ) AND hear . theme ( x _ 2 , x _ 1 ) AND hear . agent ( x _ 3 , William ) AND hear . theme ( x _ 3 , x _ 1 )	elips_VPE_gen
Emily threw a girl and so did the boy .	* boy ( x _ 1 ) ; girl ( x _ 2 ) AND throw . agent ( x _ 3 , Emily ) AND throw . theme ( x _ 3 , x _ 2 ) AND throw . agent ( x _ 4 , x _ 1 ) AND throw . theme ( x _ 4 , x _ 2 )	elips_VPE_gen
Ava knew the sandwich and so did a girl .	* sandwich ( x _ 2 ) ; girl ( x _ 1 ) AND know . agent ( x _ 3 , Ava ) AND know . theme ( x _ 3 , x _ 2 ) AND know . agent ( x _ 4 , x _ 1 ) AND know . theme ( x _ 4 , x _ 2 )	elips_VPE_gen
Emma called Penelope and so did a bunny .	bunny ( x _ 0 ) AND call . agent ( x _ 1 , Emma ) AND call . theme ( x _ 1 , Penelope ) AND call . agent ( x _ 2 , x _ 0 ) AND call . theme ( x _ 2 , Penelope )	elips_VPE_gen
The girl observed Wyatt and so did Matthew .	* girl ( x _ 0 ) ; observe . agent ( x _ 1 , x _ 0 ) AND observe . theme ( x _ 1 , Wyatt ) AND observe . agent ( x _ 2 , Matthew ) AND observe . theme ( x _ 2 , Wyatt )	elips_VPE_gen
Emma worshipped the cake and so did the squirrel .	* cake ( x _ 2 ) ; * squirrel ( x _ 1 ) ; worship . agent ( x _ 3 , Emma ) AND worship . theme ( x _ 3 , x _ 2 ) AND worship . agent ( x _ 4 , x _ 1 ) AND worship . theme ( x _ 4 , x _ 2 )	elips_VPE_gen
A mouse called a teacher and so did the girl .	* girl ( x _ 2 ) ; mouse ( x _ 0 ) AND teacher ( x _ 3 ) AND call . agent ( x _ 4 , x _ 0 ) AND call . theme ( x _ 4 , x _ 3 ) AND call . agent ( x _ 5 , x _ 2 ) AND call . theme ( x _ 5 , x _ 3 )	elips_VPE_gen
Emma liked that Charlotte threw a boy and so did a girl .	boy ( x _ 2 ) AND girl ( x _ 1 ) AND like . agent ( x _ 3 , Emma ) AND like . ccomp ( x _ 3, x _ 4 ) AND throw . agent ( x _ 4 , Charlotte ) AND throw . theme ( x _ 4 , x _ 2 ) AND like . agent ( x _ 5 , x _ 1 ) AND like . ccomp ( x _ 5, x _ 6 ) AND throw . agent ( x _ 6 , Charlotte ) AND throw . theme ( x _ 6 , x _ 2 )	elips_VPE_gen
James hoped that Emma called the cake and so did Olivia .	* cake ( x _ 1 ) ; hope . agent ( x _ 2 , James ) AND hope . ccomp ( x _ 2, x _ 3 ) AND call . agent ( x _ 3 , Emma ) AND call . theme ( x _ 3 , x _ 1 ) AND hope . agent ( x _ 4 , Olivia ) AND hope . ccomp ( x _ 4, x _ 5 ) AND call . agent ( x _ 5 , Emma ) AND call . theme ( x _ 5 , x _ 1 )	elips_VPE_gen
Oliver meant that Emma tolerated a raisin and so did the giraffe .	* giraffe ( x _ 1 ) ; raisin ( x _ 2 ) AND mean . agent ( x _ 3 , Oliver ) AND mean . ccomp ( x _ 3, x _ 4 ) AND tolerate . agent ( x _ 4 , Emma ) AND tolerate . theme ( x _ 4 , x _ 2 ) AND mean . agent ( x _ 5 , x _ 1 ) AND mean . ccomp ( x _ 5, x _ 6 ) AND tolerate . agent ( x _ 6 , Emma ) AND tolerate . theme ( x _ 6 , x _ 2 )	elips_VPE_gen
A giraffe heard Layla and so did a student .	giraffe ( x _ 0 ) AND student ( x _ 1 ) AND hear . agent ( x _ 2 , x _ 0 ) AND hear . theme ( x _ 2 , Layla ) AND hear . agent ( x _ 3 , x _ 1 ) AND hear . theme ( x _ 3 , Layla )	elips_VPE_gen
Natalie tossed the girl and so did a squirrel .	* girl ( x _ 2 ) ; squirrel ( x _ 1 ) AND toss . agent ( x _ 3 , Natalie ) AND toss . theme ( x _ 3 , x _ 2 ) AND toss . agent ( x _ 4 , x _ 1 ) AND toss . theme ( x _ 4 , x _ 2 )	elips_VPE_gen
Emma called a cake and so did a boy .	cake ( x _ 2 ) AND boy ( x _ 1 ) AND call . agent ( x _ 3 , Emma ) AND call . theme ( x _ 3 , x _ 2 ) AND call . agent ( x _ 4 , x _ 1 ) AND call . theme ( x _ 4 , x _ 2 )	elips_VPE_gen
A tiger liked that Emma packed a brush and so did Aubrey .	tiger ( x _ 0 ) AND brush ( x _ 2 ) AND like . agent ( x _ 3 , x _ 0 ) AND like . ccomp ( x _ 3, x _ 4 ) AND pack . agent ( x _ 4 , Emma ) AND pack . theme ( x _ 4 , x _ 2 ) AND like . agent ( x _ 5 , Aubrey ) AND like . ccomp ( x _ 5, x _ 6 ) AND pack . agent ( x _ 6 , Emma ) AND pack . theme ( x _ 6 , x _ 2 )	elips_VPE_gen
Grace threw a cake and so did a boy .	cake ( x _ 2 ) AND boy ( x _ 1 ) AND throw . agent ( x _ 3 , Grace ) AND throw . theme ( x _ 3 , x _ 2 ) AND throw . agent ( x _ 4 , x _ 1 ) AND throw . theme ( x _ 4 , x _ 2 )	elips_VPE_gen
Emma pierced the pencil and so did the girl .	* pencil ( x _ 2 ) ; * girl ( x _ 1 ) ; pierce . agent ( x _ 3 , Emma ) AND pierce . theme ( x _ 3 , x _ 2 ) AND pierce . agent ( x _ 4 , x _ 1 ) AND pierce . theme ( x _ 4 , x _ 2 )	elips_VPE_gen
Emma called the pencil and so did Liam .	* pencil ( x _ 1 ) ; call . agent ( x _ 2 , Emma ) AND call . theme ( x _ 2 , x _ 1 ) AND call . agent ( x _ 3 , Liam ) AND call . theme ( x _ 3 , x _ 1 )	elips_VPE_gen
A girl tolerated the box and so did James .	* box ( x _ 2 ) ; girl ( x _ 0 ) AND tolerate . agent ( x _ 3 , x _ 0 ) AND tolerate . theme ( x _ 3 , x _ 2 ) AND tolerate . agent ( x _ 4 , James ) AND tolerate . theme ( x _ 4 , x _ 2 )	elips_VPE_gen
A cat valued Penelope and so did the girl .	* girl ( x _ 1 ) ; cat ( x _ 0 ) AND value . agent ( x _ 2 , x _ 0 ) AND value . theme ( x _ 2 , Penelope ) AND value . agent ( x _ 3 , x _ 1 ) AND value . theme ( x _ 3 , Penelope )	elips_VPE_gen
Liam threw the bottle and so did the queen .	* bottle ( x _ 2 ) ; * queen ( x _ 1 ) ; throw . agent ( x _ 3 , Liam ) AND throw . theme ( x _ 3 , x _ 2 ) AND throw . agent ( x _ 4 , x _ 1 ) AND throw . theme ( x _ 4 , x _ 2 )	elips_VPE_gen
The boy held the box and so did a producer .	* boy ( x _ 0 ) ; * box ( x _ 3 ) ; producer ( x _ 2 ) AND hold . agent ( x _ 4 , x _ 0 ) AND hold . theme ( x _ 4 , x _ 3 ) AND hold . agent ( x _ 5 , x _ 2 ) AND hold . theme ( x _ 5 , x _ 3 )	elips_VPE_gen
The girl packed the teacher and so did Oliver .	* girl ( x _ 0 ) ; * teacher ( x _ 2 ) ; pack . agent ( x _ 3 , x _ 0 ) AND pack . theme ( x _ 3 , x _ 2 ) AND pack . agent ( x _ 4 , Oliver ) AND pack . theme ( x _ 4 , x _ 2 )	elips_VPE_gen
A researcher saw Penelope and so did Emma .	researcher ( x _ 0 ) AND see . agent ( x _ 1 , x _ 0 ) AND see . theme ( x _ 1 , Penelope ) AND see . agent ( x _ 2 , Emma ) AND see . theme ( x _ 2 , Penelope )	elips_VPE_gen
A monkey called a rose and so did Isaac .	monkey ( x _ 0 ) AND rose ( x _ 2 ) AND call . agent ( x _ 3 , x _ 0 ) AND call . theme ( x _ 3 , x _ 2 ) AND call . agent ( x _ 4 , Isaac ) AND call . theme ( x _ 4 , x _ 2 )	elips_VPE_gen
William stabbed Aurora and so did the girl .	* girl ( x _ 0 ) ; stab . agent ( x _ 1 , William ) AND stab . theme ( x _ 1 , Aurora ) AND stab . agent ( x _ 2 , x _ 0 ) AND stab . theme ( x _ 2 , Aurora )	elips_VPE_gen
Samuel tossed the melon and so did the cat .	* melon ( x _ 2 ) ; * cat ( x _ 1 ) ; toss . agent ( x _ 3 , Samuel ) AND toss . theme ( x _ 3 , x _ 2 ) AND toss . agent ( x _ 4 , x _ 1 ) AND toss . theme ( x _ 4 , x _ 2 )	elips_VPE_gen
Elizabeth tolerated the student and so did the boy .	* student ( x _ 2 ) ; * boy ( x _ 1 ) ; tolerate . agent ( x _ 3 , Elizabeth ) AND tolerate . theme ( x _ 3 , x _ 2 ) AND tolerate . agent ( x _ 4 , x _ 1 ) AND tolerate . theme ( x _ 4 , x _ 2 )	elips_VPE_gen
William observed a cookie and so did a hero .	cookie ( x _ 2 ) AND hero ( x _ 1 ) AND observe . agent ( x _ 3 , William ) AND observe . theme ( x _ 3 , x _ 2 ) AND observe . agent ( x _ 4 , x _ 1 ) AND observe . theme ( x _ 4 , x _ 2 )	elips_VPE_gen
A spokesman heard Jack and so did a boy .	spokesman ( x _ 0 ) AND boy ( x _ 1 ) AND hear . agent ( x _ 2 , x _ 0 ) AND hear . theme ( x _ 2 , Jack ) AND hear . agent ( x _ 3 , x _ 1 ) AND hear . theme ( x _ 3 , Jack )	elips_VPE_gen
A citizen investigated a cookie and so did the girl .	* girl ( x _ 2 ) ; citizen ( x _ 0 ) AND cookie ( x _ 3 ) AND investigate . agent ( x _ 4 , x _ 0 ) AND investigate . theme ( x _ 4 , x _ 3 ) AND investigate . agent ( x _ 5 , x _ 2 ) AND investigate . theme ( x _ 5 , x _ 3 )	elips_VPE_gen
Emma heard the donut and so did the girl .	* donut ( x _ 2 ) ; * girl ( x _ 1 ) ; hear . agent ( x _ 3 , Emma ) AND hear . theme ( x _ 3 , x _ 2 ) AND hear . agent ( x _ 4 , x _ 1 ) AND hear . theme ( x _ 4 , x _ 2 )	elips_VPE_gen
A girl heard the donut and so did Charlotte .	* donut ( x _ 2 ) ; girl ( x _ 0 ) AND hear . agent ( x _ 3 , x _ 0 ) AND hear . theme ( x _ 3 , x _ 2 ) AND hear . agent ( x _ 4 , Charlotte ) AND hear . theme ( x _ 4 , x _ 2 )	elips_VPE_gen
Sophia worshipped Penelope and so did Olivia .	worship . agent ( x _ 0 , Sophia ) AND worship . theme ( x _ 0 , Penelope ) AND worship . agent ( x _ 1 , Olivia ) AND worship . theme ( x _ 1 , Penelope )	elips_VPE_gen
Bella admired that the girl tossed a baby and so did Emma .	* girl ( x _ 2 ) ; baby ( x _ 3 ) AND admire . agent ( x _ 4 , Bella ) AND admire . ccomp ( x _ 4, x _ 5 ) AND toss . agent ( x _ 5 , x _ 2 ) AND toss . theme ( x _ 5 , x _ 3 ) AND admire . agent ( x _ 6 , Emma ) AND admire . ccomp ( x _ 6, x _ 7 ) AND toss . agent ( x _ 7 , x _ 2 ) AND toss . theme ( x _ 7 , x _ 3 )	elips_VPE_gen
A bird liked that the horse valued Penelope and so did Elijah .	* horse ( x _ 2 ) ; bird ( x _ 0 ) AND like . agent ( x _ 3 , x _ 0 ) AND like . ccomp ( x _ 3, x _ 4 ) AND value . agent ( x _ 4 , x _ 2 ) AND value . theme ( x _ 4 , Penelope ) AND like . agent ( x _ 5 , Elijah ) AND like . ccomp ( x _ 5, x _ 6 ) AND value . agent ( x _ 6 , x _ 2 ) AND value . theme ( x _ 6 , Penelope )	elips_VPE_gen
A dog threw the bat and so did Olivia .	* bat ( x _ 2 ) ; dog ( x _ 0 ) AND throw . agent ( x _ 3 , x _ 0 ) AND throw . theme ( x _ 3 , x _ 2 ) AND throw . agent ( x _ 4 , Olivia ) AND throw . theme ( x _ 4 , x _ 2 )	elips_VPE_gen
A teacher liked that Aria packed Penelope and so did the servant .	* servant ( x _ 1 ) ; teacher ( x _ 0 ) AND like . agent ( x _ 2 , x _ 0 ) AND like . ccomp ( x _ 2, x _ 3 ) AND pack . agent ( x _ 3 , Aria ) AND pack . theme ( x _ 3 , Penelope ) AND like . agent ( x _ 4 , x _ 1 ) AND like . ccomp ( x _ 4, x _ 5 ) AND pack . agent ( x _ 5 , Aria ) AND pack . theme ( x _ 5 , Penelope )	elips_VPE_gen
Emma saw a pizza and so did a baby .	pizza ( x _ 2 ) AND baby ( x _ 1 ) AND see . agent ( x _ 3 , Emma ) AND see . theme ( x _ 3 , x _ 2 ) AND see . agent ( x _ 4 , x _ 1 ) AND see . theme ( x _ 4 , x _ 2 )	elips_VPE_gen
Olivia discovered Jack and so did a dog .	dog ( x _ 0 ) AND discover . agent ( x _ 1 , Olivia ) AND discover . theme ( x _ 1 , Jack ) AND discover . agent ( x _ 2 , x _ 0 ) AND discover . theme ( x _ 2 , Jack )	elips_VPE_gen
The boy expected that the dog tolerated the girl and so did a cat .	* boy ( x _ 0 ) ; * dog ( x _ 4 ) ; * girl ( x _ 5 ) ; cat ( x _ 3 ) AND expect . agent ( x _ 6 , x _ 0 ) AND expect . ccomp ( x _ 6, x _ 7 ) AND tolerate . agent ( x _ 7 , x _ 4 ) AND tolerate . theme ( x _ 7 , x _ 5 ) AND expect . agent ( x _ 8 , x _ 3 ) AND expect . ccomp ( x _ 8, x _ 9 ) AND tolerate . agent ( x _ 9 , x _ 4 ) AND tolerate . theme ( x _ 9 , x _ 5 )	elips_VPE_gen
Liam admired that Hannah touched Layla and so did the passenger .	* passenger ( x _ 0 ) ; admire . agent ( x _ 1 , Liam ) AND admire . ccomp ( x _ 1, x _ 2 ) AND touch . agent ( x _ 2 , Hannah ) AND touch . theme ( x _ 2 , Layla ) AND admire . agent ( x _ 3 , x _ 0 ) AND admire . ccomp ( x _ 3, x _ 4 ) AND touch . agent ( x _ 4 , Hannah ) AND touch . theme ( x _ 4 , Layla )	elips_VPE_gen
Emma called the boy and so did a girl .	* boy ( x _ 2 ) ; girl ( x _ 1 ) AND call . agent ( x _ 3 , Emma ) AND call . theme ( x _ 3 , x _ 2 ) AND call . agent ( x _ 4 , x _ 1 ) AND call . theme ( x _ 4 , x _ 2 )	elips_VPE_gen
A girl packed a hamburger and so did a sailor .	girl ( x _ 0 ) AND hamburger ( x _ 3 ) AND sailor ( x _ 2 ) AND pack . agent ( x _ 4 , x _ 0 ) AND pack . theme ( x _ 4 , x _ 3 ) AND pack . agent ( x _ 5 , x _ 2 ) AND pack . theme ( x _ 5 , x _ 3 )	elips_VPE_gen
The lion noticed Penelope and so did Sophia .	* lion ( x _ 0 ) ; notice . agent ( x _ 1 , x _ 0 ) AND notice . theme ( x _ 1 , Penelope ) AND notice . agent ( x _ 2 , Sophia ) AND notice . theme ( x _ 2 , Penelope )	elips_VPE_gen
Emma packed Layla and so did Olivia .	pack . agent ( x _ 0 , Emma ) AND pack . theme ( x _ 0 , Layla ) AND pack . agent ( x _ 1 , Olivia ) AND pack . theme ( x _ 1 , Layla )	elips_VPE_gen
A dealer declared that the girl threw Jaxon and so did Noah .	* girl ( x _ 2 ) ; dealer ( x _ 0 ) AND declare . agent ( x _ 3 , x _ 0 ) AND declare . ccomp ( x _ 3, x _ 4 ) AND throw . agent ( x _ 4 , x _ 2 ) AND throw . theme ( x _ 4 , Jaxon ) AND declare . agent ( x _ 5 , Noah ) AND declare . ccomp ( x _ 5, x _ 6 ) AND throw . agent ( x _ 6 , x _ 2 ) AND throw . theme ( x _ 6 , Jaxon )	elips_VPE_gen
A cat called the frog and so did Emma .	* frog ( x _ 2 ) ; cat ( x _ 0 ) AND call . agent ( x _ 3 , x _ 0 ) AND call . theme ( x _ 3 , x _ 2 ) AND call . agent ( x _ 4 , Emma ) AND call . theme ( x _ 4 , x _ 2 )	elips_VPE_gen
Liam knew the cake and so did a monkey .	* cake ( x _ 2 ) ; monkey ( x _ 1 ) AND know . agent ( x _ 3 , Liam ) AND know . theme ( x _ 3 , x _ 2 ) AND know . agent ( x _ 4 , x _ 1 ) AND know . theme ( x _ 4 , x _ 2 )	elips_VPE_gen
The puppy liked that the lion tolerated the child and so did Lucas .	* puppy ( x _ 0 ) ; * lion ( x _ 3 ) ; * child ( x _ 4 ) ; like . agent ( x _ 5 , x _ 0 ) AND like . ccomp ( x _ 5, x _ 6 ) AND tolerate . agent ( x _ 6 , x _ 3 ) AND tolerate . theme ( x _ 6 , x _ 4 ) AND like . agent ( x _ 7 , Lucas ) AND like . ccomp ( x _ 7, x _ 8 ) AND tolerate . agent ( x _ 8 , x _ 3 ) AND tolerate . theme ( x _ 8 , x _ 4 )	elips_VPE_gen
Ava saw the leaf and so did Liam .	* leaf ( x _ 1 ) ; see . agent ( x _ 2 , Ava ) AND see . theme ( x _ 2 , x _ 1 ) AND see . agent ( x _ 3 , Liam ) AND see . theme ( x _ 3 , x _ 1 )	elips_VPE_gen
Natalie tolerated Layla and so did Christopher .	tolerate . agent ( x _ 0 , Natalie ) AND tolerate . theme ( x _ 0 , Layla ) AND tolerate . agent ( x _ 1 , Christopher ) AND tolerate . theme ( x _ 1 , Layla )	elips_VPE_gen
Jacob valued a donut and so did the cat .	* cat ( x _ 1 ) ; donut ( x _ 2 ) AND value . agent ( x _ 3 , Jacob ) AND value . theme ( x _ 3 , x _ 2 ) AND value . agent ( x _ 4 , x _ 1 ) AND value . theme ( x _ 4 , x _ 2 )	elips_VPE_gen
The giraffe liked that a cat observed the girl and so did David .	* giraffe ( x _ 0 ) ; * girl ( x _ 4 ) ; cat ( x _ 3 ) AND like . agent ( x _ 5 , x _ 0 ) AND like . ccomp ( x _ 5, x _ 6 ) AND observe . agent ( x _ 6 , x _ 3 ) AND observe . theme ( x _ 6 , x _ 4 ) AND like . agent ( x _ 7 , David ) AND like . ccomp ( x _ 7, x _ 8 ) AND observe . agent ( x _ 8 , x _ 3 ) AND observe . theme ( x _ 8 , x _ 4 )	elips_VPE_gen
The girl tolerated a bat and so did the hen .	* girl ( x _ 0 ) ; * hen ( x _ 2 ) ; bat ( x _ 3 ) AND tolerate . agent ( x _ 4 , x _ 0 ) AND tolerate . theme ( x _ 4 , x _ 3 ) AND tolerate . agent ( x _ 5 , x _ 2 ) AND tolerate . theme ( x _ 5 , x _ 3 )	elips_VPE_gen
Emma threw the pickle and so did William .	* pickle ( x _ 1 ) ; throw . agent ( x _ 2 , Emma ) AND throw . theme ( x _ 2 , x _ 1 ) AND throw . agent ( x _ 3 , William ) AND throw . theme ( x _ 3 , x _ 1 )	elips_VPE_gen
Emma held Lillian and so did Oliver .	hold . agent ( x _ 0 , Emma ) AND hold . theme ( x _ 0 , Lillian ) AND hold . agent ( x _ 1 , Oliver ) AND hold . theme ( x _ 1 , Lillian )	elips_VPE_gen
Liam held Ellie and so did William .	hold . agent ( x _ 0 , Liam ) AND hold . theme ( x _ 0 , Ellie ) AND hold . agent ( x _ 1 , William ) AND hold . theme ( x _ 1 , Ellie )	elips_VPE_gen
The girl worshipped a melon and so did Emma .	* girl ( x _ 0 ) ; melon ( x _ 2 ) AND worship . agent ( x _ 3 , x _ 0 ) AND worship . theme ( x _ 3 , x _ 2 ) AND worship . agent ( x _ 4 , Emma ) AND worship . theme ( x _ 4 , x _ 2 )	elips_VPE_gen
The mouse saw the girl and so did Elijah .	* mouse ( x _ 0 ) ; * girl ( x _ 2 ) ; see . agent ( x _ 3 , x _ 0 ) AND see . theme ( x _ 3 , x _ 2 ) AND see . agent ( x _ 4 , Elijah ) AND see . theme ( x _ 4 , x _ 2 )	elips_VPE_gen
Emma threw the donut and so did a girl .	* donut ( x _ 2 ) ; girl ( x _ 1 ) AND throw . agent ( x _ 3 , Emma ) AND throw . theme ( x _ 3 , x _ 2 ) AND throw . agent ( x _ 4 , x _ 1 ) AND throw . theme ( x _ 4 , x _ 2 )	elips_VPE_gen
Noah valued the cake and so did a cat .	* cake ( x _ 2 ) ; cat ( x _ 1 ) AND value . agent ( x _ 3 , Noah ) AND value . theme ( x _ 3 , x _ 2 ) AND value . agent ( x _ 4 , x _ 1 ) AND value . theme ( x _ 4 , x _ 2 )	elips_VPE_gen
Emma threw a lion and so did a girl .	lion ( x _ 2 ) AND girl ( x _ 1 ) AND throw . agent ( x _ 3 , Emma ) AND throw . theme ( x _ 3 , x _ 2 ) AND throw . agent ( x _ 4 , x _ 1 ) AND throw . theme ( x _ 4 , x _ 2 )	elips_VPE_gen
The child saw the baby and so did a girl .	* child ( x _ 0 ) ; * baby ( x _ 3 ) ; girl ( x _ 2 ) AND see . agent ( x _ 4 , x _ 0 ) AND see . theme ( x _ 4 , x _ 3 ) AND see . agent ( x _ 5 , x _ 2 ) AND see . theme ( x _ 5 , x _ 3 )	elips_VPE_gen
The boy threw the liver and so did William .	* boy ( x _ 0 ) ; * liver ( x _ 2 ) ; throw . agent ( x _ 3 , x _ 0 ) AND throw . theme ( x _ 3 , x _ 2 ) AND throw . agent ( x _ 4 , William ) AND throw . theme ( x _ 4 , x _ 2 )	elips_VPE_gen
Charlotte valued Nora and so did a girl .	girl ( x _ 0 ) AND value . agent ( x _ 1 , Charlotte ) AND value . theme ( x _ 1 , Nora ) AND value . agent ( x _ 2 , x _ 0 ) AND value . theme ( x _ 2 , Nora )	elips_VPE_gen
Olivia threw Zoey and so did a politician .	politician ( x _ 0 ) AND throw . agent ( x _ 1 , Olivia ) AND throw . theme ( x _ 1 , Zoey ) AND throw . agent ( x _ 2 , x _ 0 ) AND throw . theme ( x _ 2 , Zoey )	elips_VPE_gen
Luna liked that a spokesman studied the balloon and so did a student .	* balloon ( x _ 4 ) ; spokesman ( x _ 3 ) AND student ( x _ 2 ) AND like . agent ( x _ 5 , Luna ) AND like . ccomp ( x _ 5, x _ 6 ) AND study . agent ( x _ 6 , x _ 3 ) AND study . theme ( x _ 6 , x _ 4 ) AND like . agent ( x _ 7 , x _ 2 ) AND like . ccomp ( x _ 7, x _ 8 ) AND study . agent ( x _ 8 , x _ 3 ) AND study . theme ( x _ 8 , x _ 4 )	elips_VPE_gen
Liam called John and so did a farmer .	farmer ( x _ 0 ) AND call . agent ( x _ 1 , Liam ) AND call . theme ( x _ 1 , John ) AND call . agent ( x _ 2 , x _ 0 ) AND call . theme ( x _ 2 , John )	elips_VPE_gen
A cat heard Ryan and so did Liam .	cat ( x _ 0 ) AND hear . agent ( x _ 1 , x _ 0 ) AND hear . theme ( x _ 1 , Ryan ) AND hear . agent ( x _ 2 , Liam ) AND hear . theme ( x _ 2 , Ryan )	elips_VPE_gen
Mia called the cake and so did Emma .	* cake ( x _ 1 ) ; call . agent ( x _ 2 , Mia ) AND call . theme ( x _ 2 , x _ 1 ) AND call . agent ( x _ 3 , Emma ) AND call . theme ( x _ 3 , x _ 1 )	elips_VPE_gen
Elizabeth threw a donut and so did Isabella .	donut ( x _ 1 ) AND throw . agent ( x _ 2 , Elizabeth ) AND throw . theme ( x _ 2 , x _ 1 ) AND throw . agent ( x _ 3 , Isabella ) AND throw . theme ( x _ 3 , x _ 1 )	elips_VPE_gen
Olivia valued a girl and so did the child .	* child ( x _ 1 ) ; girl ( x _ 2 ) AND value . agent ( x _ 3 , Olivia ) AND value . theme ( x _ 3 , x _ 2 ) AND value . agent ( x _ 4 , x _ 1 ) AND value . theme ( x _ 4 , x _ 2 )	elips_VPE_gen
Emma touched the ball and so did Levi .	* ball ( x _ 1 ) ; touch . agent ( x _ 2 , Emma ) AND touch . theme ( x _ 2 , x _ 1 ) AND touch . agent ( x _ 3 , Levi ) AND touch . theme ( x _ 3 , x _ 1 )	elips_VPE_gen
Matthew valued the cookie and so did Leah .	* cookie ( x _ 1 ) ; value . agent ( x _ 2 , Matthew ) AND value . theme ( x _ 2 , x _ 1 ) AND value . agent ( x _ 3 , Leah ) AND value . theme ( x _ 3 , x _ 1 )	elips_VPE_gen
A teacher threw a muffin and so did the bear .	* bear ( x _ 2 ) ; teacher ( x _ 0 ) AND muffin ( x _ 3 ) AND throw . agent ( x _ 4 , x _ 0 ) AND throw . theme ( x _ 4 , x _ 3 ) AND throw . agent ( x _ 5 , x _ 2 ) AND throw . theme ( x _ 5 , x _ 3 )	elips_VPE_gen
Isabella knew a cookie and so did Ryan .	cookie ( x _ 1 ) AND know . agent ( x _ 2 , Isabella ) AND know . theme ( x _ 2 , x _ 1 ) AND know . agent ( x _ 3 , Ryan ) AND know . theme ( x _ 3 , x _ 1 )	elips_VPE_gen
Olivia threw a crayon and so did a resident .	crayon ( x _ 2 ) AND resident ( x _ 1 ) AND throw . agent ( x _ 3 , Olivia ) AND throw . theme ( x _ 3 , x _ 2 ) AND throw . agent ( x _ 4 , x _ 1 ) AND throw . theme ( x _ 4 , x _ 2 )	elips_VPE_gen
A dog called John and so did a cat .	dog ( x _ 0 ) AND cat ( x _ 1 ) AND call . agent ( x _ 2 , x _ 0 ) AND call . theme ( x _ 2 , John ) AND call . agent ( x _ 3 , x _ 1 ) AND call . theme ( x _ 3 , John )	elips_VPE_gen
A boy heard a drink and so did Mason .	boy ( x _ 0 ) AND drink ( x _ 2 ) AND hear . agent ( x _ 3 , x _ 0 ) AND hear . theme ( x _ 3 , x _ 2 ) AND hear . agent ( x _ 4 , Mason ) AND hear . theme ( x _ 4 , x _ 2 )	elips_VPE_gen
The bear heard a cake and so did a boy .	* bear ( x _ 0 ) ; cake ( x _ 3 ) AND boy ( x _ 2 ) AND hear . agent ( x _ 4 , x _ 0 ) AND hear . theme ( x _ 4 , x _ 3 ) AND hear . agent ( x _ 5 , x _ 2 ) AND hear . theme ( x _ 5 , x _ 3 )	elips_VPE_gen
A teacher said that the girl threw Jayden and so did a boy .	* girl ( x _ 3 ) ; teacher ( x _ 0 ) AND boy ( x _ 2 ) AND say . agent ( x _ 4 , x _ 0 ) AND say . ccomp ( x _ 4, x _ 5 ) AND throw . agent ( x _ 5 , x _ 3 ) AND throw . theme ( x _ 5 , Jayden ) AND say . agent ( x _ 6 , x _ 2 ) AND say . ccomp ( x _ 6, x _ 7 ) AND throw . agent ( x _ 7 , x _ 3 ) AND throw . theme ( x _ 7 , Jayden )	elips_VPE_gen
Liam tolerated the cake and so did the girl .	* cake ( x _ 2 ) ; * girl ( x _ 1 ) ; tolerate . agent ( x _ 3 , Liam ) AND tolerate . theme ( x _ 3 , x _ 2 ) AND tolerate . agent ( x _ 4 , x _ 1 ) AND tolerate . theme ( x _ 4 , x _ 2 )	elips_VPE_gen
The girl packed the donut and so did Daniel .	* girl ( x _ 0 ) ; * donut ( x _ 2 ) ; pack . agent ( x _ 3 , x _ 0 ) AND pack . theme ( x _ 3 , x _ 2 ) AND pack . agent ( x _ 4 , Daniel ) AND pack . theme ( x _ 4 , x _ 2 )	elips_VPE_gen
Amelia called a raisin and so did Noah .	raisin ( x _ 1 ) AND call . agent ( x _ 2 , Amelia ) AND call . theme ( x _ 2 , x _ 1 ) AND call . agent ( x _ 3 , Noah ) AND call . theme ( x _ 3 , x _ 1 )	elips_VPE_gen
A girl tolerated a chair and so did Emma .	girl ( x _ 0 ) AND chair ( x _ 2 ) AND tolerate . agent ( x _ 3 , x _ 0 ) AND tolerate . theme ( x _ 3 , x _ 2 ) AND tolerate . agent ( x _ 4 , Emma ) AND tolerate . theme ( x _ 4 , x _ 2 )	elips_VPE_gen
Emma noticed that the child heard Levi and so did Logan .	* child ( x _ 1 ) ; notice . agent ( x _ 2 , Emma ) AND notice . ccomp ( x _ 2, x _ 3 ) AND hear . agent ( x _ 3 , x _ 1 ) AND hear . theme ( x _ 3 , Levi ) AND notice . agent ( x _ 4 , Logan ) AND notice . ccomp ( x _ 4, x _ 5 ) AND hear . agent ( x _ 5 , x _ 1 ) AND hear . theme ( x _ 5 , Levi )	elips_VPE_gen
Olivia threw a cake and so did Emma .	cake ( x _ 1 ) AND throw . agent ( x _ 2 , Olivia ) AND throw . theme ( x _ 2 , x _ 1 ) AND throw . agent ( x _ 3 , Emma ) AND throw . theme ( x _ 3 , x _ 1 )	elips_VPE_gen
Logan held John and so did the teacher .	* teacher ( x _ 0 ) ; hold . agent ( x _ 1 , Logan ) AND hold . theme ( x _ 1 , John ) AND hold . agent ( x _ 2 , x _ 0 ) AND hold . theme ( x _ 2 , John )	elips_VPE_gen
The dog valued a donut and so did a frog .	* dog ( x _ 0 ) ; donut ( x _ 3 ) AND frog ( x _ 2 ) AND value . agent ( x _ 4 , x _ 0 ) AND value . theme ( x _ 4 , x _ 3 ) AND value . agent ( x _ 5 , x _ 2 ) AND value . theme ( x _ 5 , x _ 3 )	elips_VPE_gen
A cow imagined that a girl held a cake and so did Emma .	cow ( x _ 0 ) AND girl ( x _ 3 ) AND cake ( x _ 4 ) AND imagine . agent ( x _ 5 , x _ 0 ) AND imagine . ccomp ( x _ 5, x _ 6 ) AND hold . agent ( x _ 6 , x _ 3 ) AND hold . theme ( x _ 6 , x _ 4 ) AND imagine . agent ( x _ 7 , Emma ) AND imagine . ccomp ( x _ 7, x _ 8 ) AND hold . agent ( x _ 8 , x _ 3 ) AND hold . theme ( x _ 8 , x _ 4 )	elips_VPE_gen
Liam valued a bean and so did the girl .	* girl ( x _ 1 ) ; bean ( x _ 2 ) AND value . agent ( x _ 3 , Liam ) AND value . theme ( x _ 3 , x _ 2 ) AND value . agent ( x _ 4 , x _ 1 ) AND value . theme ( x _ 4 , x _ 2 )	elips_VPE_gen
Leah threw Penelope and so did the girl .	* girl ( x _ 0 ) ; throw . agent ( x _ 1 , Leah ) AND throw . theme ( x _ 1 , Penelope ) AND throw . agent ( x _ 2 , x _ 0 ) AND throw . theme ( x _ 2 , Penelope )	elips_VPE_gen
Elijah tolerated the leaf and so did Emma .	* leaf ( x _ 1 ) ; tolerate . agent ( x _ 2 , Elijah ) AND tolerate . theme ( x _ 2 , x _ 1 ) AND tolerate . agent ( x _ 3 , Emma ) AND tolerate . theme ( x _ 3 , x _ 1 )	elips_VPE_gen
The boy expected that the girl called the cake and so did Emma .	* boy ( x _ 0 ) ; * girl ( x _ 3 ) ; * cake ( x _ 4 ) ; expect . agent ( x _ 5 , x _ 0 ) AND expect . ccomp ( x _ 5, x _ 6 ) AND call . agent ( x _ 6 , x _ 3 ) AND call . theme ( x _ 6 , x _ 4 ) AND expect . agent ( x _ 7 , Emma ) AND expect . ccomp ( x _ 7, x _ 8 ) AND call . agent ( x _ 8 , x _ 3 ) AND call . theme ( x _ 8 , x _ 4 )	elips_VPE_gen
A girl valued the monkey and so did Emma .	* monkey ( x _ 2 ) ; girl ( x _ 0 ) AND value . agent ( x _ 3 , x _ 0 ) AND value . theme ( x _ 3 , x _ 2 ) AND value . agent ( x _ 4 , Emma ) AND value . theme ( x _ 4 , x _ 2 )	elips_VPE_gen
Harper imagined that Emily called a cake and so did Ava .	cake ( x _ 1 ) AND imagine . agent ( x _ 2 , Harper ) AND imagine . ccomp ( x _ 2, x _ 3 ) AND call . agent ( x _ 3 , Emily ) AND call . theme ( x _ 3 , x _ 1 ) AND imagine . agent ( x _ 4 , Ava ) AND imagine . ccomp ( x _ 4, x _ 5 ) AND call . agent ( x _ 5 , Emily ) AND call . theme ( x _ 5 , x _ 1 )	elips_VPE_gen
Sebastian examined Penelope and so did Charlotte .	examine . agent ( x _ 0 , Sebastian ) AND examine . theme ( x _ 0 , Penelope ) AND examine . agent ( x _ 1 , Charlotte ) AND examine . theme ( x _ 1 , Penelope )	elips_VPE_gen
The frog noticed that the mother studied a baby and so did Luke .	* frog ( x _ 0 ) ; * mother ( x _ 3 ) ; baby ( x _ 4 ) AND notice . agent ( x _ 5 , x _ 0 ) AND notice . ccomp ( x _ 5, x _ 6 ) AND study . agent ( x _ 6 , x _ 3 ) AND study . theme ( x _ 6 , x _ 4 ) AND notice . agent ( x _ 7 , Luke ) AND notice . ccomp ( x _ 7, x _ 8 ) AND study . agent ( x _ 8 , x _ 3 ) AND study . theme ( x _ 8 , x _ 4 )	elips_VPE_gen
Joseph stabbed Isaac and so did the girl .	* girl ( x _ 0 ) ; stab . agent ( x _ 1 , Joseph ) AND stab . theme ( x _ 1 , Isaac ) AND stab . agent ( x _ 2 , x _ 0 ) AND stab . theme ( x _ 2 , Isaac )	elips_VPE_gen
Joshua threw a yogurt and so did Ava .	yogurt ( x _ 1 ) AND throw . agent ( x _ 2 , Joshua ) AND throw . theme ( x _ 2 , x _ 1 ) AND throw . agent ( x _ 3 , Ava ) AND throw . theme ( x _ 3 , x _ 1 )	elips_VPE_gen
The resident tolerated Wyatt and so did the boy .	* resident ( x _ 0 ) ; * boy ( x _ 1 ) ; tolerate . agent ( x _ 2 , x _ 0 ) AND tolerate . theme ( x _ 2 , Wyatt ) AND tolerate . agent ( x _ 3 , x _ 1 ) AND tolerate . theme ( x _ 3 , Wyatt )	elips_VPE_gen
Olivia called Layla and so did a lawyer .	lawyer ( x _ 0 ) AND call . agent ( x _ 1 , Olivia ) AND call . theme ( x _ 1 , Layla ) AND call . agent ( x _ 2 , x _ 0 ) AND call . theme ( x _ 2 , Layla )	elips_VPE_gen
A girl observed Jayden and so did a dog .	girl ( x _ 0 ) AND dog ( x _ 1 ) AND observe . agent ( x _ 2 , x _ 0 ) AND observe . theme ( x _ 2 , Jayden ) AND observe . agent ( x _ 3 , x _ 1 ) AND observe . theme ( x _ 3 , Jayden )	elips_VPE_gen
Ava tolerated Wyatt and so did a girl .	girl ( x _ 0 ) AND tolerate . agent ( x _ 1 , Ava ) AND tolerate . theme ( x _ 1 , Wyatt ) AND tolerate . agent ( x _ 2 , x _ 0 ) AND tolerate . theme ( x _ 2 , Wyatt )	elips_VPE_gen
Ethan studied a cookie and so did Emma .	cookie ( x _ 1 ) AND study . agent ( x _ 2 , Ethan ) AND study . theme ( x _ 2 , x _ 1 ) AND study . agent ( x _ 3 , Emma ) AND study . theme ( x _ 3 , x _ 1 )	elips_VPE_gen
Elijah threw the cake and so did Emma .	* cake ( x _ 1 ) ; throw . agent ( x _ 2 , Elijah ) AND throw . theme ( x _ 2 , x _ 1 ) AND throw . agent ( x _ 3 , Emma ) AND throw . theme ( x _ 3 , x _ 1 )	elips_VPE_gen
Liam threw the newspaper and so did a girl .	* newspaper ( x _ 2 ) ; girl ( x _ 1 ) AND throw . agent ( x _ 3 , Liam ) AND throw . theme ( x _ 3 , x _ 2 ) AND throw . agent ( x _ 4 , x _ 1 ) AND throw . theme ( x _ 4 , x _ 2 )	elips_VPE_gen
The baby studied a girl and so did Liam .	* baby ( x _ 0 ) ; girl ( x _ 2 ) AND study . agent ( x _ 3 , x _ 0 ) AND study . theme ( x _ 3 , x _ 2 ) AND study . agent ( x _ 4 , Liam ) AND study . theme ( x _ 4 , x _ 2 )	elips_VPE_gen
Emma valued Penelope and so did a farmer .	farmer ( x _ 0 ) AND value . agent ( x _ 1 , Emma ) AND value . theme ( x _ 1 , Penelope ) AND value . agent ( x _ 2 , x _ 0 ) AND value . theme ( x _ 2 , Penelope )	elips_VPE_gen
A boy threw a cake and so did Emma .	boy ( x _ 0 ) AND cake ( x _ 2 ) AND throw . agent ( x _ 3 , x _ 0 ) AND throw . theme ( x _ 3 , x _ 2 ) AND throw . agent ( x _ 4 , Emma ) AND throw . theme ( x _ 4 , x _ 2 )	elips_VPE_gen
The girl hoped that Aurora packed a box and so did Charlotte .	* girl ( x _ 0 ) ; box ( x _ 2 ) AND hope . agent ( x _ 3 , x _ 0 ) AND hope . ccomp ( x _ 3, x _ 4 ) AND pack . agent ( x _ 4 , Aurora ) AND pack . theme ( x _ 4 , x _ 2 ) AND hope . agent ( x _ 5 , Charlotte ) AND hope . ccomp ( x _ 5, x _ 6 ) AND pack . agent ( x _ 6 , Aurora ) AND pack . theme ( x _ 6 , x _ 2 )	elips_VPE_gen
Liam liked that Emma called Penelope and so did a priest .	priest ( x _ 0 ) AND like . agent ( x _ 1 , Liam ) AND like . ccomp ( x _ 1, x _ 2 ) AND call . agent ( x _ 2 , Emma ) AND call . theme ( x _ 2 , Penelope ) AND like . agent ( x _ 3 , x _ 0 ) AND like . ccomp ( x _ 3, x _ 4 ) AND call . agent ( x _ 4 , Emma ) AND call . theme ( x _ 4 , Penelope )	elips_VPE_gen
The girl noticed that William valued a cake and so did the baby .	* girl ( x _ 0 ) ; * baby ( x _ 2 ) ; cake ( x _ 3 ) AND notice . agent ( x _ 4 , x _ 0 ) AND notice . ccomp ( x _ 4, x _ 5 ) AND value . agent ( x _ 5 , William ) AND value . theme ( x _ 5 , x _ 3 ) AND notice . agent ( x _ 6 , x _ 2 ) AND notice . ccomp ( x _ 6, x _ 7 ) AND value . agent ( x _ 7 , William ) AND value . theme ( x _ 7 , x _ 3 )	elips_VPE_gen
Emma threw the rose and so did the princess .	* rose ( x _ 2 ) ; * princess ( x _ 1 ) ; throw . agent ( x _ 3 , Emma ) AND throw . theme ( x _ 3 , x _ 2 ) AND throw . agent ( x _ 4 , x _ 1 ) AND throw . theme ( x _ 4 , x _ 2 )	elips_VPE_gen
Emma called a girl and so did Joshua .	girl ( x _ 1 ) AND call . agent ( x _ 2 , Emma ) AND call . theme ( x _ 2 , x _ 1 ) AND call . agent ( x _ 3 , Joshua ) AND call . theme ( x _ 3 , x _ 1 )	elips_VPE_gen
A child called a cake and so did a guard .	child ( x _ 0 ) AND cake ( x _ 3 ) AND guard ( x _ 2 ) AND call . agent ( x _ 4 , x _ 0 ) AND call . theme ( x _ 4 , x _ 3 ) AND call . agent ( x _ 5 , x _ 2 ) AND call . theme ( x _ 5 , x _ 3 )	elips_VPE_gen
Emma worshipped a cake and so did Evelyn .	cake ( x _ 1 ) AND worship . agent ( x _ 2 , Emma ) AND worship . theme ( x _ 2 , x _ 1 ) AND worship . agent ( x _ 3 , Evelyn ) AND worship . theme ( x _ 3 , x _ 1 )	elips_VPE_gen
Emma threw a block and so did Liam .	block ( x _ 1 ) AND throw . agent ( x _ 2 , Emma ) AND throw . theme ( x _ 2 , x _ 1 ) AND throw . agent ( x _ 3 , Liam ) AND throw . theme ( x _ 3 , x _ 1 )	elips_VPE_gen
The boy pierced Penelope and so did a farmer .	* boy ( x _ 0 ) ; farmer ( x _ 1 ) AND pierce . agent ( x _ 2 , x _ 0 ) AND pierce . theme ( x _ 2 , Penelope ) AND pierce . agent ( x _ 3 , x _ 1 ) AND pierce . theme ( x _ 3 , Penelope )	elips_VPE_gen
Emma heard the monkey and so did a girl .	* monkey ( x _ 2 ) ; girl ( x _ 1 ) AND hear . agent ( x _ 3 , Emma ) AND hear . theme ( x _ 3 , x _ 2 ) AND hear . agent ( x _ 4 , x _ 1 ) AND hear . theme ( x _ 4 , x _ 2 )	elips_VPE_gen
Zoe confessed that Wyatt noticed a girl and so did Noah .	girl ( x _ 1 ) AND confess . agent ( x _ 2 , Zoe ) AND confess . ccomp ( x _ 2, x _ 3 ) AND notice . agent ( x _ 3 , Wyatt ) AND notice . theme ( x _ 3 , x _ 1 ) AND confess . agent ( x _ 4 , Noah ) AND confess . ccomp ( x _ 4, x _ 5 ) AND notice . agent ( x _ 5 , Wyatt ) AND notice . theme ( x _ 5 , x _ 1 )	elips_VPE_gen
The chicken hoped that the girl valued the balloon and so did Zoe .	* chicken ( x _ 0 ) ; * girl ( x _ 3 ) ; * balloon ( x _ 4 ) ; hope . agent ( x _ 5 , x _ 0 ) AND hope . ccomp ( x _ 5, x _ 6 ) AND value . agent ( x _ 6 , x _ 3 ) AND value . theme ( x _ 6 , x _ 4 ) AND hope . agent ( x _ 7 , Zoe ) AND hope . ccomp ( x _ 7, x _ 8 ) AND value . agent ( x _ 8 , x _ 3 ) AND value . theme ( x _ 8 , x _ 4 )	elips_VPE_gen
Liam liked that Emma packed the box and so did Oliver .	* box ( x _ 1 ) ; like . agent ( x _ 2 , Liam ) AND like . ccomp ( x _ 2, x _ 3 ) AND pack . agent ( x _ 3 , Emma ) AND pack . theme ( x _ 3 , x _ 1 ) AND like . agent ( x _ 4 , Oliver ) AND like . ccomp ( x _ 4, x _ 5 ) AND pack . agent ( x _ 5 , Emma ) AND pack . theme ( x _ 5 , x _ 1 )	elips_VPE_gen
The dog called the ring and so did the lawyer .	* dog ( x _ 0 ) ; * ring ( x _ 3 ) ; * lawyer ( x _ 2 ) ; call . agent ( x _ 4 , x _ 0 ) AND call . theme ( x _ 4 , x _ 3 ) AND call . agent ( x _ 5 , x _ 2 ) AND call . theme ( x _ 5 , x _ 3 )	elips_VPE_gen
A boy heard Lily and so did Olivia .	boy ( x _ 0 ) AND hear . agent ( x _ 1 , x _ 0 ) AND hear . theme ( x _ 1 , Lily ) AND hear . agent ( x _ 2 , Olivia ) AND hear . theme ( x _ 2 , Lily )	elips_VPE_gen
A girl called Layla and so did Liam .	girl ( x _ 0 ) AND call . agent ( x _ 1 , x _ 0 ) AND call . theme ( x _ 1 , Layla ) AND call . agent ( x _ 2 , Liam ) AND call . theme ( x _ 2 , Layla )	elips_VPE_gen
Mason believed that Emma called a donut and so did a fly .	donut ( x _ 2 ) AND fly ( x _ 1 ) AND believe . agent ( x _ 3 , Mason ) AND believe . ccomp ( x _ 3, x _ 4 ) AND call . agent ( x _ 4 , Emma ) AND call . theme ( x _ 4 , x _ 2 ) AND believe . agent ( x _ 5 , x _ 1 ) AND believe . ccomp ( x _ 5, x _ 6 ) AND call . agent ( x _ 6 , Emma ) AND call . theme ( x _ 6 , x _ 2 )	elips_VPE_gen
A girl confessed that Liam threw Wyatt and so did Avery .	girl ( x _ 0 ) AND confess . agent ( x _ 1 , x _ 0 ) AND confess . ccomp ( x _ 1, x _ 2 ) AND throw . agent ( x _ 2 , Liam ) AND throw . theme ( x _ 2 , Wyatt ) AND confess . agent ( x _ 3 , Avery ) AND confess . ccomp ( x _ 3, x _ 4 ) AND throw . agent ( x _ 4 , Liam ) AND throw . theme ( x _ 4 , Wyatt )	elips_VPE_gen
A girl valued a pen and so did Emma .	girl ( x _ 0 ) AND pen ( x _ 2 ) AND value . agent ( x _ 3 , x _ 0 ) AND value . theme ( x _ 3 , x _ 2 ) AND value . agent ( x _ 4 , Emma ) AND value . theme ( x _ 4 , x _ 2 )	elips_VPE_gen
The scientist liked that a girl threw a jigsaw and so did a soldier .	* scientist ( x _ 0 ) ; girl ( x _ 4 ) AND jigsaw ( x _ 5 ) AND soldier ( x _ 3 ) AND like . agent ( x _ 6 , x _ 0 ) AND like . ccomp ( x _ 6, x _ 7 ) AND throw . agent ( x _ 7 , x _ 4 ) AND throw . theme ( x _ 7 , x _ 5 ) AND like . agent ( x _ 8 , x _ 3 ) AND like . ccomp ( x _ 8, x _ 9 ) AND throw . agent ( x _ 9 , x _ 4 ) AND throw . theme ( x _ 9 , x _ 5 )	elips_VPE_gen
Jacob wished that James valued the cake and so did a boy .	* cake ( x _ 2 ) ; boy ( x _ 1 ) AND wish . agent ( x _ 3 , Jacob ) AND wish . ccomp ( x _ 3, x _ 4 ) AND value . agent ( x _ 4 , James ) AND value . theme ( x _ 4 , x _ 2 ) AND wish . agent ( x _ 5 , x _ 1 ) AND wish . ccomp ( x _ 5, x _ 6 ) AND value . agent ( x _ 6 , James ) AND value . theme ( x _ 6 , x _ 2 )	elips_VPE_gen
A mouse called the teacher and so did the boy .	* teacher ( x _ 3 ) ; * boy ( x _ 2 ) ; mouse ( x _ 0 ) AND call . agent ( x _ 4 , x _ 0 ) AND call . theme ( x _ 4 , x _ 3 ) AND call . agent ( x _ 5 , x _ 2 ) AND call . theme ( x _ 5 , x _ 3 )	elips_VPE_gen
Stella held the cake and so did Noah .	* cake ( x _ 1 ) ; hold . agent ( x _ 2 , Stella ) AND hold . theme ( x _ 2 , x _ 1 ) AND hold . agent ( x _ 3 , Noah ) AND hold . theme ( x _ 3 , x _ 1 )	elips_VPE_gen
The sheep pierced the horse and so did Emma .	* sheep ( x _ 0 ) ; * horse ( x _ 2 ) ; pierce . agent ( x _ 3 , x _ 0 ) AND pierce . theme ( x _ 3 , x _ 2 ) AND pierce . agent ( x _ 4 , Emma ) AND pierce . theme ( x _ 4 , x _ 2 )	elips_VPE_gen
Jack confessed that a princess held a giraffe and so did a girl .	princess ( x _ 3 ) AND giraffe ( x _ 4 ) AND girl ( x _ 2 ) AND confess . agent ( x _ 5 , Jack ) AND confess . ccomp ( x _ 5, x _ 6 ) AND hold . agent ( x _ 6 , x _ 3 ) AND hold . theme ( x _ 6 , x _ 4 ) AND confess . agent ( x _ 7 , x _ 2 ) AND confess . ccomp ( x _ 7, x _ 8 ) AND hold . agent ( x _ 8 , x _ 3 ) AND hold . theme ( x _ 8 , x _ 4 )	elips_VPE_gen
A girl liked that Chloe threw the cookie and so did a dog .	* cookie ( x _ 3 ) ; girl ( x _ 0 ) AND dog ( x _ 2 ) AND like . agent ( x _ 4 , x _ 0 ) AND like . ccomp ( x _ 4, x _ 5 ) AND throw . agent ( x _ 5 , Chloe ) AND throw . theme ( x _ 5 , x _ 3 ) AND like . agent ( x _ 6 , x _ 2 ) AND like . ccomp ( x _ 6, x _ 7 ) AND throw . agent ( x _ 7 , Chloe ) AND throw . theme ( x _ 7 , x _ 3 )	elips_VPE_gen
A girl saw a cat and so did Emma .	girl ( x _ 0 ) AND cat ( x _ 2 ) AND see . agent ( x _ 3 , x _ 0 ) AND see . theme ( x _ 3 , x _ 2 ) AND see . agent ( x _ 4 , Emma ) AND see . theme ( x _ 4 , x _ 2 )	elips_VPE_gen
A girl called Zoey and so did Olivia .	girl ( x _ 0 ) AND call . agent ( x _ 1 , x _ 0 ) AND call . theme ( x _ 1 , Zoey ) AND call . agent ( x _ 2 , Olivia ) AND call . theme ( x _ 2 , Zoey )	elips_VPE_gen
The cat threw the dog and so did Emma .	* cat ( x _ 0 ) ; * dog ( x _ 2 ) ; throw . agent ( x _ 3 , x _ 0 ) AND throw . theme ( x _ 3 , x _ 2 ) AND throw . agent ( x _ 4 , Emma ) AND throw . theme ( x _ 4 , x _ 2 )	elips_VPE_gen
A boy observed a cake and so did a girl .	boy ( x _ 0 ) AND cake ( x _ 3 ) AND girl ( x _ 2 ) AND observe . agent ( x _ 4 , x _ 0 ) AND observe . theme ( x _ 4 , x _ 3 ) AND observe . agent ( x _ 5 , x _ 2 ) AND observe . theme ( x _ 5 , x _ 3 )	elips_VPE_gen
The girl heard a strawberry and so did Noah .	* girl ( x _ 0 ) ; strawberry ( x _ 2 ) AND hear . agent ( x _ 3 , x _ 0 ) AND hear . theme ( x _ 3 , x _ 2 ) AND hear . agent ( x _ 4 , Noah ) AND hear . theme ( x _ 4 , x _ 2 )	elips_VPE_gen
A cat called Zoey and so did Stella .	cat ( x _ 0 ) AND call . agent ( x _ 1 , x _ 0 ) AND call . theme ( x _ 1 , Zoey ) AND call . agent ( x _ 2 , Stella ) AND call . theme ( x _ 2 , Zoey )	elips_VPE_gen
Anthony liked that William saw Penelope and so did the father .	* father ( x _ 0 ) ; like . agent ( x _ 1 , Anthony ) AND like . ccomp ( x _ 1, x _ 2 ) AND see . agent ( x _ 2 , William ) AND see . theme ( x _ 2 , Penelope ) AND like . agent ( x _ 3 , x _ 0 ) AND like . ccomp ( x _ 3, x _ 4 ) AND see . agent ( x _ 4 , William ) AND see . theme ( x _ 4 , Penelope )	elips_VPE_gen
Lucas threw Penelope and so did the girl .	* girl ( x _ 0 ) ; throw . agent ( x _ 1 , Lucas ) AND throw . theme ( x _ 1 , Penelope ) AND throw . agent ( x _ 2 , x _ 0 ) AND throw . theme ( x _ 2 , Penelope )	elips_VPE_gen
The girl called a block and so did the cat .	* girl ( x _ 0 ) ; * cat ( x _ 2 ) ; block ( x _ 3 ) AND call . agent ( x _ 4 , x _ 0 ) AND call . theme ( x _ 4 , x _ 3 ) AND call . agent ( x _ 5 , x _ 2 ) AND call . theme ( x _ 5 , x _ 3 )	elips_VPE_gen
A mouse studied the child and so did Liam .	* child ( x _ 2 ) ; mouse ( x _ 0 ) AND study . agent ( x _ 3 , x _ 0 ) AND study . theme ( x _ 3 , x _ 2 ) AND study . agent ( x _ 4 , Liam ) AND study . theme ( x _ 4 , x _ 2 )	elips_VPE_gen
A boy said that the dog threw the girl and so did Lucas .	* dog ( x _ 3 ) ; * girl ( x _ 4 ) ; boy ( x _ 0 ) AND say . agent ( x _ 5 , x _ 0 ) AND say . ccomp ( x _ 5, x _ 6 ) AND throw . agent ( x _ 6 , x _ 3 ) AND throw . theme ( x _ 6 , x _ 4 ) AND say . agent ( x _ 7 , Lucas ) AND say . ccomp ( x _ 7, x _ 8 ) AND throw . agent ( x _ 8 , x _ 3 ) AND throw . theme ( x _ 8 , x _ 4 )	elips_VPE_gen
Ava discovered Wyatt and so did a lion .	lion ( x _ 0 ) AND discover . agent ( x _ 1 , Ava ) AND discover . theme ( x _ 1 , Wyatt ) AND discover . agent ( x _ 2 , x _ 0 ) AND discover . theme ( x _ 2 , Wyatt )	elips_VPE_gen
Emma threw a baby and so did the dog .	* dog ( x _ 1 ) ; baby ( x _ 2 ) AND throw . agent ( x _ 3 , Emma ) AND throw . theme ( x _ 3 , x _ 2 ) AND throw . agent ( x _ 4 , x _ 1 ) AND throw . theme ( x _ 4 , x _ 2 )	elips_VPE_gen
A baby liked that a girl held Nora and so did Noah .	baby ( x _ 0 ) AND girl ( x _ 2 ) AND like . agent ( x _ 3 , x _ 0 ) AND like . ccomp ( x _ 3, x _ 4 ) AND hold . agent ( x _ 4 , x _ 2 ) AND hold . theme ( x _ 4 , Nora ) AND like . agent ( x _ 5 , Noah ) AND like . ccomp ( x _ 5, x _ 6 ) AND hold . agent ( x _ 6 , x _ 2 ) AND hold . theme ( x _ 6 , Nora )	elips_VPE_gen
Elizabeth held a donut and so did Emma .	donut ( x _ 1 ) AND hold . agent ( x _ 2 , Elizabeth ) AND hold . theme ( x _ 2 , x _ 1 ) AND hold . agent ( x _ 3 , Emma ) AND hold . theme ( x _ 3 , x _ 1 )	elips_VPE_gen
The girl heard the director and so did Benjamin .	* girl ( x _ 0 ) ; * director ( x _ 2 ) ; hear . agent ( x _ 3 , x _ 0 ) AND hear . theme ( x _ 3 , x _ 2 ) AND hear . agent ( x _ 4 , Benjamin ) AND hear . theme ( x _ 4 , x _ 2 )	elips_VPE_gen
A sailor liked that a monkey heard the girl and so did Emma .	* girl ( x _ 4 ) ; sailor ( x _ 0 ) AND monkey ( x _ 3 ) AND like . agent ( x _ 5 , x _ 0 ) AND like . ccomp ( x _ 5, x _ 6 ) AND hear . agent ( x _ 6 , x _ 3 ) AND hear . theme ( x _ 6 , x _ 4 ) AND like . agent ( x _ 7 , Emma ) AND like . ccomp ( x _ 7, x _ 8 ) AND hear . agent ( x _ 8 , x _ 3 ) AND hear . theme ( x _ 8 , x _ 4 )	elips_VPE_gen
A mother hoped that a chicken threw a can and so did Noah .	mother ( x _ 0 ) AND chicken ( x _ 3 ) AND can ( x _ 4 ) AND hope . agent ( x _ 5 , x _ 0 ) AND hope . ccomp ( x _ 5, x _ 6 ) AND throw . agent ( x _ 6 , x _ 3 ) AND throw . theme ( x _ 6 , x _ 4 ) AND hope . agent ( x _ 7 , Noah ) AND hope . ccomp ( x _ 7, x _ 8 ) AND throw . agent ( x _ 8 , x _ 3 ) AND throw . theme ( x _ 8 , x _ 4 )	elips_VPE_gen
James discovered a girl and so did the boy .	* boy ( x _ 1 ) ; girl ( x _ 2 ) AND discover . agent ( x _ 3 , James ) AND discover . theme ( x _ 3 , x _ 2 ) AND discover . agent ( x _ 4 , x _ 1 ) AND discover . theme ( x _ 4 , x _ 2 )	elips_VPE_gen
The boy admired that the dog called the box and so did the girl .	* boy ( x _ 0 ) ; * dog ( x _ 4 ) ; * box ( x _ 5 ) ; * girl ( x _ 3 ) ; admire . agent ( x _ 6 , x _ 0 ) AND admire . ccomp ( x _ 6, x _ 7 ) AND call . agent ( x _ 7 , x _ 4 ) AND call . theme ( x _ 7 , x _ 5 ) AND admire . agent ( x _ 8 , x _ 3 ) AND admire . ccomp ( x _ 8, x _ 9 ) AND call . agent ( x _ 9 , x _ 4 ) AND call . theme ( x _ 9 , x _ 5 )	elips_VPE_gen
The patient heard a hamburger and so did Isabella .	* patient ( x _ 0 ) ; hamburger ( x _ 2 ) AND hear . agent ( x _ 3 , x _ 0 ) AND hear . theme ( x _ 3 , x _ 2 ) AND hear . agent ( x _ 4 , Isabella ) AND hear . theme ( x _ 4 , x _ 2 )	elips_VPE_gen
Noah pierced the donut and so did Emma .	* donut ( x _ 1 ) ; pierce . agent ( x _ 2 , Noah ) AND pierce . theme ( x _ 2 , x _ 1 ) AND pierce . agent ( x _ 3 , Emma ) AND pierce . theme ( x _ 3 , x _ 1 )	elips_VPE_gen
Mason confessed that a giraffe valued a box and so did Emma .	giraffe ( x _ 2 ) AND box ( x _ 3 ) AND confess . agent ( x _ 4 , Mason ) AND confess . ccomp ( x _ 4, x _ 5 ) AND value . agent ( x _ 5 , x _ 2 ) AND value . theme ( x _ 5 , x _ 3 ) AND confess . agent ( x _ 6 , Emma ) AND confess . ccomp ( x _ 6, x _ 7 ) AND value . agent ( x _ 7 , x _ 2 ) AND value . theme ( x _ 7 , x _ 3 )	elips_VPE_gen
Aurora appreciated that Emma discovered the melon and so did William .	* melon ( x _ 1 ) ; appreciate . agent ( x _ 2 , Aurora ) AND appreciate . ccomp ( x _ 2, x _ 3 ) AND discover . agent ( x _ 3 , Emma ) AND discover . theme ( x _ 3 , x _ 1 ) AND appreciate . agent ( x _ 4 , William ) AND appreciate . ccomp ( x _ 4, x _ 5 ) AND discover . agent ( x _ 5 , Emma ) AND discover . theme ( x _ 5 , x _ 1 )	elips_VPE_gen
Noah pierced the boy and so did Emma .	* boy ( x _ 1 ) ; pierce . agent ( x _ 2 , Noah ) AND pierce . theme ( x _ 2 , x _ 1 ) AND pierce . agent ( x _ 3 , Emma ) AND pierce . theme ( x _ 3 , x _ 1 )	elips_VPE_gen
Liam liked that Isabella called the mouse and so did Ava .	* mouse ( x _ 1 ) ; like . agent ( x _ 2 , Liam ) AND like . ccomp ( x _ 2, x _ 3 ) AND call . agent ( x _ 3 , Isabella ) AND call . theme ( x _ 3 , x _ 1 ) AND like . agent ( x _ 4 , Ava ) AND like . ccomp ( x _ 4, x _ 5 ) AND call . agent ( x _ 5 , Isabella ) AND call . theme ( x _ 5 , x _ 1 )	elips_VPE_gen
Logan heard the girl and so did James .	* girl ( x _ 1 ) ; hear . agent ( x _ 2 , Logan ) AND hear . theme ( x _ 2 , x _ 1 ) AND hear . agent ( x _ 3 , James ) AND hear . theme ( x _ 3 , x _ 1 )	elips_VPE_gen
Ava threw Skylar and so did the manager .	* manager ( x _ 0 ) ; throw . agent ( x _ 1 , Ava ) AND throw . theme ( x _ 1 , Skylar ) AND throw . agent ( x _ 2 , x _ 0 ) AND throw . theme ( x _ 2 , Skylar )	elips_VPE_gen
A bunny studied the scientist and so did Ava .	* scientist ( x _ 2 ) ; bunny ( x _ 0 ) AND study . agent ( x _ 3 , x _ 0 ) AND study . theme ( x _ 3 , x _ 2 ) AND study . agent ( x _ 4 , Ava ) AND study . theme ( x _ 4 , x _ 2 )	elips_VPE_gen
The girl observed the cake and so did the boy .	* girl ( x _ 0 ) ; * cake ( x _ 3 ) ; * boy ( x _ 2 ) ; observe . agent ( x _ 4 , x _ 0 ) AND observe . theme ( x _ 4 , x _ 3 ) AND observe . agent ( x _ 5 , x _ 2 ) AND observe . theme ( x _ 5 , x _ 3 )	elips_VPE_gen
The duck threw a girl and so did the boy .	* duck ( x _ 0 ) ; * boy ( x _ 2 ) ; girl ( x _ 3 ) AND throw . agent ( x _ 4 , x _ 0 ) AND throw . theme ( x _ 4 , x _ 3 ) AND throw . agent ( x _ 5 , x _ 2 ) AND throw . theme ( x _ 5 , x _ 3 )	elips_VPE_gen
Olivia called Penelope and so did a girl .	girl ( x _ 0 ) AND call . agent ( x _ 1 , Olivia ) AND call . theme ( x _ 1 , Penelope ) AND call . agent ( x _ 2 , x _ 0 ) AND call . theme ( x _ 2 , Penelope )	elips_VPE_gen
Emma declared that Owen touched a donut and so did Ava .	donut ( x _ 1 ) AND declare . agent ( x _ 2 , Emma ) AND declare . ccomp ( x _ 2, x _ 3 ) AND touch . agent ( x _ 3 , Owen ) AND touch . theme ( x _ 3 , x _ 1 ) AND declare . agent ( x _ 4 , Ava ) AND declare . ccomp ( x _ 4, x _ 5 ) AND touch . agent ( x _ 5 , Owen ) AND touch . theme ( x _ 5 , x _ 1 )	elips_VPE_gen
Abigail called Stella and so did Emma .	call . agent ( x _ 0 , Abigail ) AND call . theme ( x _ 0 , Stella ) AND call . agent ( x _ 1 , Emma ) AND call . theme ( x _ 1 , Stella )	elips_VPE_gen
The boy knew Wyatt and so did a girl .	* boy ( x _ 0 ) ; girl ( x _ 1 ) AND know . agent ( x _ 2 , x _ 0 ) AND know . theme ( x _ 2 , Wyatt ) AND know . agent ( x _ 3 , x _ 1 ) AND know . theme ( x _ 3 , Wyatt )	elips_VPE_gen
Ava called a girl and so did the chicken .	* chicken ( x _ 1 ) ; girl ( x _ 2 ) AND call . agent ( x _ 3 , Ava ) AND call . theme ( x _ 3 , x _ 2 ) AND call . agent ( x _ 4 , x _ 1 ) AND call . theme ( x _ 4 , x _ 2 )	elips_VPE_gen
Liam imagined that a girl threw the knife and so did Oliver .	* knife ( x _ 3 ) ; girl ( x _ 2 ) AND imagine . agent ( x _ 4 , Liam ) AND imagine . ccomp ( x _ 4, x _ 5 ) AND throw . agent ( x _ 5 , x _ 2 ) AND throw . theme ( x _ 5 , x _ 3 ) AND imagine . agent ( x _ 6 , Oliver ) AND imagine . ccomp ( x _ 6, x _ 7 ) AND throw . agent ( x _ 7 , x _ 2 ) AND throw . theme ( x _ 7 , x _ 3 )	elips_VPE_gen
Logan believed that a girl studied a donut and so did the boy .	* boy ( x _ 2 ) ; girl ( x _ 3 ) AND donut ( x _ 4 ) AND believe . agent ( x _ 5 , Logan ) AND believe . ccomp ( x _ 5, x _ 6 ) AND study . agent ( x _ 6 , x _ 3 ) AND study . theme ( x _ 6 , x _ 4 ) AND believe . agent ( x _ 7 , x _ 2 ) AND believe . ccomp ( x _ 7, x _ 8 ) AND study . agent ( x _ 8 , x _ 3 ) AND study . theme ( x _ 8 , x _ 4 )	elips_VPE_gen
Nora liked that a lawyer packed a jigsaw and so did a child .	lawyer ( x _ 3 ) AND jigsaw ( x _ 4 ) AND child ( x _ 2 ) AND like . agent ( x _ 5 , Nora ) AND like . ccomp ( x _ 5, x _ 6 ) AND pack . agent ( x _ 6 , x _ 3 ) AND pack . theme ( x _ 6 , x _ 4 ) AND like . agent ( x _ 7 , x _ 2 ) AND like . ccomp ( x _ 7, x _ 8 ) AND pack . agent ( x _ 8 , x _ 3 ) AND pack . theme ( x _ 8 , x _ 4 )	elips_VPE_gen
Lily hoped that the girl heard a flag and so did Emma .	* girl ( x _ 2 ) ; flag ( x _ 3 ) AND hope . agent ( x _ 4 , Lily ) AND hope . ccomp ( x _ 4, x _ 5 ) AND hear . agent ( x _ 5 , x _ 2 ) AND hear . theme ( x _ 5 , x _ 3 ) AND hope . agent ( x _ 6 , Emma ) AND hope . ccomp ( x _ 6, x _ 7 ) AND hear . agent ( x _ 7 , x _ 2 ) AND hear . theme ( x _ 7 , x _ 3 )	elips_VPE_gen
The boy worshipped the rose and so did the girl .	* boy ( x _ 0 ) ; * rose ( x _ 3 ) ; * girl ( x _ 2 ) ; worship . agent ( x _ 4 , x _ 0 ) AND worship . theme ( x _ 4 , x _ 3 ) AND worship . agent ( x _ 5 , x _ 2 ) AND worship . theme ( x _ 5 , x _ 3 )	elips_VPE_gen
Liam heard Layla and so did a butterfly .	butterfly ( x _ 0 ) AND hear . agent ( x _ 1 , Liam ) AND hear . theme ( x _ 1 , Layla ) AND hear . agent ( x _ 2 , x _ 0 ) AND hear . theme ( x _ 2 , Layla )	elips_VPE_gen
Harper saw the cake and so did Abigail .	* cake ( x _ 1 ) ; see . agent ( x _ 2 , Harper ) AND see . theme ( x _ 2 , x _ 1 ) AND see . agent ( x _ 3 , Abigail ) AND see . theme ( x _ 3 , x _ 1 )	elips_VPE_gen
A baby valued that a boy threw the cat and so did Emma .	* cat ( x _ 4 ) ; baby ( x _ 0 ) AND boy ( x _ 3 ) AND value . agent ( x _ 5 , x _ 0 ) AND value . ccomp ( x _ 5, x _ 6 ) AND throw . agent ( x _ 6 , x _ 3 ) AND throw . theme ( x _ 6 , x _ 4 ) AND value . agent ( x _ 7 , Emma ) AND value . ccomp ( x _ 7, x _ 8 ) AND throw . agent ( x _ 8 , x _ 3 ) AND throw . theme ( x _ 8 , x _ 4 )	elips_VPE_gen
A boy heard a doll and so did Olivia .	boy ( x _ 0 ) AND doll ( x _ 2 ) AND hear . agent ( x _ 3 , x _ 0 ) AND hear . theme ( x _ 3 , x _ 2 ) AND hear . agent ( x _ 4 , Olivia ) AND hear . theme ( x _ 4 , x _ 2 )	elips_VPE_gen
Matthew liked that Liam threw the fig and so did the bird .	* fig ( x _ 2 ) ; * bird ( x _ 1 ) ; like . agent ( x _ 3 , Matthew ) AND like . ccomp ( x _ 3, x _ 4 ) AND throw . agent ( x _ 4 , Liam ) AND throw . theme ( x _ 4 , x _ 2 ) AND like . agent ( x _ 5 , x _ 1 ) AND like . ccomp ( x _ 5, x _ 6 ) AND throw . agent ( x _ 6 , Liam ) AND throw . theme ( x _ 6 , x _ 2 )	elips_VPE_gen
Emma examined a cookie and so did Oliver .	cookie ( x _ 1 ) AND examine . agent ( x _ 2 , Emma ) AND examine . theme ( x _ 2 , x _ 1 ) AND examine . agent ( x _ 3 , Oliver ) AND examine . theme ( x _ 3 , x _ 1 )	elips_VPE_gen
A teacher valued that Asher heard Wyatt and so did Emma .	teacher ( x _ 0 ) AND value . agent ( x _ 1 , x _ 0 ) AND value . ccomp ( x _ 1, x _ 2 ) AND hear . agent ( x _ 2 , Asher ) AND hear . theme ( x _ 2 , Wyatt ) AND value . agent ( x _ 3 , Emma ) AND value . ccomp ( x _ 3, x _ 4 ) AND hear . agent ( x _ 4 , Asher ) AND hear . theme ( x _ 4 , Wyatt )	elips_VPE_gen
A boy threw a cake and so did Abigail .	boy ( x _ 0 ) AND cake ( x _ 2 ) AND throw . agent ( x _ 3 , x _ 0 ) AND throw . theme ( x _ 3 , x _ 2 ) AND throw . agent ( x _ 4 , Abigail ) AND throw . theme ( x _ 4 , x _ 2 )	elips_VPE_gen
Olivia proved that Emma discovered Penelope and so did a fly .	fly ( x _ 0 ) AND prove . agent ( x _ 1 , Olivia ) AND prove . ccomp ( x _ 1, x _ 2 ) AND discover . agent ( x _ 2 , Emma ) AND discover . theme ( x _ 2 , Penelope ) AND prove . agent ( x _ 3 , x _ 0 ) AND prove . ccomp ( x _ 3, x _ 4 ) AND discover . agent ( x _ 4 , Emma ) AND discover . theme ( x _ 4 , Penelope )	elips_VPE_gen
The cat investigated the raisin and so did a girl .	* cat ( x _ 0 ) ; * raisin ( x _ 3 ) ; girl ( x _ 2 ) AND investigate . agent ( x _ 4 , x _ 0 ) AND investigate . theme ( x _ 4 , x _ 3 ) AND investigate . agent ( x _ 5 , x _ 2 ) AND investigate . theme ( x _ 5 , x _ 3 )	elips_VPE_gen
Charlotte called Lillian and so did the donkey .	* donkey ( x _ 0 ) ; call . agent ( x _ 1 , Charlotte ) AND call . theme ( x _ 1 , Lillian ) AND call . agent ( x _ 2 , x _ 0 ) AND call . theme ( x _ 2 , Lillian )	elips_VPE_gen
Liam hoped that Brooklyn heard a dog and so did Lucas .	dog ( x _ 1 ) AND hope . agent ( x _ 2 , Liam ) AND hope . ccomp ( x _ 2, x _ 3 ) AND hear . agent ( x _ 3 , Brooklyn ) AND hear . theme ( x _ 3 , x _ 1 ) AND hope . agent ( x _ 4 , Lucas ) AND hope . ccomp ( x _ 4, x _ 5 ) AND hear . agent ( x _ 5 , Brooklyn ) AND hear . theme ( x _ 5 , x _ 1 )	elips_VPE_gen
The boy discovered the cake and so did Charlotte .	* boy ( x _ 0 ) ; * cake ( x _ 2 ) ; discover . agent ( x _ 3 , x _ 0 ) AND discover . theme ( x _ 3 , x _ 2 ) AND discover . agent ( x _ 4 , Charlotte ) AND discover . theme ( x _ 4 , x _ 2 )	elips_VPE_gen
The hen respected that Olivia threw the pencil and so did Emma .	* hen ( x _ 0 ) ; * pencil ( x _ 2 ) ; respect . agent ( x _ 3 , x _ 0 ) AND respect . ccomp ( x _ 3, x _ 4 ) AND throw . agent ( x _ 4 , Olivia ) AND throw . theme ( x _ 4 , x _ 2 ) AND respect . agent ( x _ 5 , Emma ) AND respect . ccomp ( x _ 5, x _ 6 ) AND throw . agent ( x _ 6 , Olivia ) AND throw . theme ( x _ 6 , x _ 2 )	elips_VPE_gen
A cat called the ball and so did Emma .	* ball ( x _ 2 ) ; cat ( x _ 0 ) AND call . agent ( x _ 3 , x _ 0 ) AND call . theme ( x _ 3 , x _ 2 ) AND call . agent ( x _ 4 , Emma ) AND call . theme ( x _ 4 , x _ 2 )	elips_VPE_gen
Emma heard the block and so did the boy .	* block ( x _ 2 ) ; * boy ( x _ 1 ) ; hear . agent ( x _ 3 , Emma ) AND hear . theme ( x _ 3 , x _ 2 ) AND hear . agent ( x _ 4 , x _ 1 ) AND hear . theme ( x _ 4 , x _ 2 )	elips_VPE_gen
A girl tossed a cake and so did Emma .	girl ( x _ 0 ) AND cake ( x _ 2 ) AND toss . agent ( x _ 3 , x _ 0 ) AND toss . theme ( x _ 3 , x _ 2 ) AND toss . agent ( x _ 4 , Emma ) AND toss . theme ( x _ 4 , x _ 2 )	elips_VPE_gen
The girl believed that Liam investigated Hannah and so did Claire .	* girl ( x _ 0 ) ; believe . agent ( x _ 1 , x _ 0 ) AND believe . ccomp ( x _ 1, x _ 2 ) AND investigate . agent ( x _ 2 , Liam ) AND investigate . theme ( x _ 2 , Hannah ) AND believe . agent ( x _ 3 , Claire ) AND believe . ccomp ( x _ 3, x _ 4 ) AND investigate . agent ( x _ 4 , Liam ) AND investigate . theme ( x _ 4 , Hannah )	elips_VPE_gen
A puppy hoped that Emma knew Penelope and so did Sophia .	puppy ( x _ 0 ) AND hope . agent ( x _ 1 , x _ 0 ) AND hope . ccomp ( x _ 1, x _ 2 ) AND know . agent ( x _ 2 , Emma ) AND know . theme ( x _ 2 , Penelope ) AND hope . agent ( x _ 3 , Sophia ) AND hope . ccomp ( x _ 3, x _ 4 ) AND know . agent ( x _ 4 , Emma ) AND know . theme ( x _ 4 , Penelope )	elips_VPE_gen
The zebra hoped that Emma valued the drink and so did a dog .	* zebra ( x _ 0 ) ; * drink ( x _ 3 ) ; dog ( x _ 2 ) AND hope . agent ( x _ 4 , x _ 0 ) AND hope . ccomp ( x _ 4, x _ 5 ) AND value . agent ( x _ 5 , Emma ) AND value . theme ( x _ 5 , x _ 3 ) AND hope . agent ( x _ 6 , x _ 2 ) AND hope . ccomp ( x _ 6, x _ 7 ) AND value . agent ( x _ 7 , Emma ) AND value . theme ( x _ 7 , x _ 3 )	elips_VPE_gen
Olivia called the cake and so did James .	* cake ( x _ 1 ) ; call . agent ( x _ 2 , Olivia ) AND call . theme ( x _ 2 , x _ 1 ) AND call . agent ( x _ 3 , James ) AND call . theme ( x _ 3 , x _ 1 )	elips_VPE_gen
The girl meant that Liam called the butterfly and so did Emma .	* girl ( x _ 0 ) ; * butterfly ( x _ 2 ) ; mean . agent ( x _ 3 , x _ 0 ) AND mean . ccomp ( x _ 3, x _ 4 ) AND call . agent ( x _ 4 , Liam ) AND call . theme ( x _ 4 , x _ 2 ) AND mean . agent ( x _ 5 , Emma ) AND mean . ccomp ( x _ 5, x _ 6 ) AND call . agent ( x _ 6 , Liam ) AND call . theme ( x _ 6 , x _ 2 )	elips_VPE_gen
A boy valued a cat and so did Emma .	boy ( x _ 0 ) AND cat ( x _ 2 ) AND value . agent ( x _ 3 , x _ 0 ) AND value . theme ( x _ 3 , x _ 2 ) AND value . agent ( x _ 4 , Emma ) AND value . theme ( x _ 4 , x _ 2 )	elips_VPE_gen
Emma worshipped a cake and so did Emily .	cake ( x _ 1 ) AND worship . agent ( x _ 2 , Emma ) AND worship . theme ( x _ 2 , x _ 1 ) AND worship . agent ( x _ 3 , Emily ) AND worship . theme ( x _ 3 , x _ 1 )	elips_VPE_gen
Emma worshipped Natalie and so did a boy .	boy ( x _ 0 ) AND worship . agent ( x _ 1 , Emma ) AND worship . theme ( x _ 1 , Natalie ) AND worship . agent ( x _ 2 , x _ 0 ) AND worship . theme ( x _ 2 , Natalie )	elips_VPE_gen
Emma noticed that the friend tossed Wyatt and so did the cat .	* friend ( x _ 2 ) ; * cat ( x _ 1 ) ; notice . agent ( x _ 3 , Emma ) AND notice . ccomp ( x _ 3, x _ 4 ) AND toss . agent ( x _ 4 , x _ 2 ) AND toss . theme ( x _ 4 , Wyatt ) AND notice . agent ( x _ 5 , x _ 1 ) AND notice . ccomp ( x _ 5, x _ 6 ) AND toss . agent ( x _ 6 , x _ 2 ) AND toss . theme ( x _ 6 , Wyatt )	elips_VPE_gen
Noah noticed that Olivia called a boy and so did Emma .	boy ( x _ 1 ) AND notice . agent ( x _ 2 , Noah ) AND notice . ccomp ( x _ 2, x _ 3 ) AND call . agent ( x _ 3 , Olivia ) AND call . theme ( x _ 3 , x _ 1 ) AND notice . agent ( x _ 4 , Emma ) AND notice . ccomp ( x _ 4, x _ 5 ) AND call . agent ( x _ 5 , Olivia ) AND call . theme ( x _ 5 , x _ 1 )	elips_VPE_gen
A girl threw the cake and so did a sailor .	* cake ( x _ 3 ) ; girl ( x _ 0 ) AND sailor ( x _ 2 ) AND throw . agent ( x _ 4 , x _ 0 ) AND throw . theme ( x _ 4 , x _ 3 ) AND throw . agent ( x _ 5 , x _ 2 ) AND throw . theme ( x _ 5 , x _ 3 )	elips_VPE_gen
Addison wished that a girl noticed the cake and so did the penguin .	* cake ( x _ 4 ) ; * penguin ( x _ 2 ) ; girl ( x _ 3 ) AND wish . agent ( x _ 5 , Addison ) AND wish . ccomp ( x _ 5, x _ 6 ) AND notice . agent ( x _ 6 , x _ 3 ) AND notice . theme ( x _ 6 , x _ 4 ) AND wish . agent ( x _ 7 , x _ 2 ) AND wish . ccomp ( x _ 7, x _ 8 ) AND notice . agent ( x _ 8 , x _ 3 ) AND notice . theme ( x _ 8 , x _ 4 )	elips_VPE_gen
A dog liked that Ethan discovered the cake and so did the boy .	* cake ( x _ 3 ) ; * boy ( x _ 2 ) ; dog ( x _ 0 ) AND like . agent ( x _ 4 , x _ 0 ) AND like . ccomp ( x _ 4, x _ 5 ) AND discover . agent ( x _ 5 , Ethan ) AND discover . theme ( x _ 5 , x _ 3 ) AND like . agent ( x _ 6 , x _ 2 ) AND like . ccomp ( x _ 6, x _ 7 ) AND discover . agent ( x _ 7 , Ethan ) AND discover . theme ( x _ 7 , x _ 3 )	elips_VPE_gen
Liam liked that the turkey packed a cake and so did Owen .	* turkey ( x _ 2 ) ; cake ( x _ 3 ) AND like . agent ( x _ 4 , Liam ) AND like . ccomp ( x _ 4, x _ 5 ) AND pack . agent ( x _ 5 , x _ 2 ) AND pack . theme ( x _ 5 , x _ 3 ) AND like . agent ( x _ 6 , Owen ) AND like . ccomp ( x _ 6, x _ 7 ) AND pack . agent ( x _ 7 , x _ 2 ) AND pack . theme ( x _ 7 , x _ 3 )	elips_VPE_gen
A girl dreamed that Alexander tossed a donut and so did Liam .	girl ( x _ 0 ) AND donut ( x _ 2 ) AND dream . agent ( x _ 3 , x _ 0 ) AND dream . ccomp ( x _ 3, x _ 4 ) AND toss . agent ( x _ 4 , Alexander ) AND toss . theme ( x _ 4 , x _ 2 ) AND dream . agent ( x _ 5 , Liam ) AND dream . ccomp ( x _ 5, x _ 6 ) AND toss . agent ( x _ 6 , Alexander ) AND toss . theme ( x _ 6 , x _ 2 )	elips_VPE_gen
The frog tolerated Nora and so did a girl .	* frog ( x _ 0 ) ; girl ( x _ 1 ) AND tolerate . agent ( x _ 2 , x _ 0 ) AND tolerate . theme ( x _ 2 , Nora ) AND tolerate . agent ( x _ 3 , x _ 1 ) AND tolerate . theme ( x _ 3 , Nora )	elips_VPE_gen
A lamb dreamed that Emma called a cake and so did a lawyer .	lamb ( x _ 0 ) AND cake ( x _ 3 ) AND lawyer ( x _ 2 ) AND dream . agent ( x _ 4 , x _ 0 ) AND dream . ccomp ( x _ 4, x _ 5 ) AND call . agent ( x _ 5 , Emma ) AND call . theme ( x _ 5 , x _ 3 ) AND dream . agent ( x _ 6 , x _ 2 ) AND dream . ccomp ( x _ 6, x _ 7 ) AND call . agent ( x _ 7 , Emma ) AND call . theme ( x _ 7 , x _ 3 )	elips_VPE_gen
A boy called a girl and so did Emma .	boy ( x _ 0 ) AND girl ( x _ 2 ) AND call . agent ( x _ 3 , x _ 0 ) AND call . theme ( x _ 3 , x _ 2 ) AND call . agent ( x _ 4 , Emma ) AND call . theme ( x _ 4 , x _ 2 )	elips_VPE_gen
The bear knew a cookie and so did a baby .	* bear ( x _ 0 ) ; cookie ( x _ 3 ) AND baby ( x _ 2 ) AND know . agent ( x _ 4 , x _ 0 ) AND know . theme ( x _ 4 , x _ 3 ) AND know . agent ( x _ 5 , x _ 2 ) AND know . theme ( x _ 5 , x _ 3 )	elips_VPE_gen
Mila valued the boy and so did Olivia .	* boy ( x _ 1 ) ; value . agent ( x _ 2 , Mila ) AND value . theme ( x _ 2 , x _ 1 ) AND value . agent ( x _ 3 , Olivia ) AND value . theme ( x _ 3 , x _ 1 )	elips_VPE_gen
The resident liked that Emma threw the cracker and so did Olivia .	* resident ( x _ 0 ) ; * cracker ( x _ 2 ) ; like . agent ( x _ 3 , x _ 0 ) AND like . ccomp ( x _ 3, x _ 4 ) AND throw . agent ( x _ 4 , Emma ) AND throw . theme ( x _ 4 , x _ 2 ) AND like . agent ( x _ 5 , Olivia ) AND like . ccomp ( x _ 5, x _ 6 ) AND throw . agent ( x _ 6 , Emma ) AND throw . theme ( x _ 6 , x _ 2 )	elips_VPE_gen
Grace called a box and so did James .	box ( x _ 1 ) AND call . agent ( x _ 2 , Grace ) AND call . theme ( x _ 2 , x _ 1 ) AND call . agent ( x _ 3 , James ) AND call . theme ( x _ 3 , x _ 1 )	elips_VPE_gen
Emma tolerated a pretzel and so did a cat .	pretzel ( x _ 2 ) AND cat ( x _ 1 ) AND tolerate . agent ( x _ 3 , Emma ) AND tolerate . theme ( x _ 3 , x _ 2 ) AND tolerate . agent ( x _ 4 , x _ 1 ) AND tolerate . theme ( x _ 4 , x _ 2 )	elips_VPE_gen
The sailor said that a bee worshipped the duck and so did the tenant .	* sailor ( x _ 0 ) ; * duck ( x _ 5 ) ; * tenant ( x _ 3 ) ; bee ( x _ 4 ) AND say . agent ( x _ 6 , x _ 0 ) AND say . ccomp ( x _ 6, x _ 7 ) AND worship . agent ( x _ 7 , x _ 4 ) AND worship . theme ( x _ 7 , x _ 5 ) AND say . agent ( x _ 8 , x _ 3 ) AND say . ccomp ( x _ 8, x _ 9 ) AND worship . agent ( x _ 9 , x _ 4 ) AND worship . theme ( x _ 9 , x _ 5 )	elips_VPE_gen
Emma heard Luke and so did Jaxon .	hear . agent ( x _ 0 , Emma ) AND hear . theme ( x _ 0 , Luke ) AND hear . agent ( x _ 1 , Jaxon ) AND hear . theme ( x _ 1 , Luke )	elips_VPE_gen
The boy threw Penelope and so did the bee .	* boy ( x _ 0 ) ; * bee ( x _ 1 ) ; throw . agent ( x _ 2 , x _ 0 ) AND throw . theme ( x _ 2 , Penelope ) AND throw . agent ( x _ 3 , x _ 1 ) AND throw . theme ( x _ 3 , Penelope )	elips_VPE_gen
The frog threw the cake and so did Madison .	* frog ( x _ 0 ) ; * cake ( x _ 2 ) ; throw . agent ( x _ 3 , x _ 0 ) AND throw . theme ( x _ 3 , x _ 2 ) AND throw . agent ( x _ 4 , Madison ) AND throw . theme ( x _ 4 , x _ 2 )	elips_VPE_gen
Sebastian discovered Penelope and so did a cat .	cat ( x _ 0 ) AND discover . agent ( x _ 1 , Sebastian ) AND discover . theme ( x _ 1 , Penelope ) AND discover . agent ( x _ 2 , x _ 0 ) AND discover . theme ( x _ 2 , Penelope )	elips_VPE_gen
A patient heard a cookie and so did the penguin .	* penguin ( x _ 2 ) ; patient ( x _ 0 ) AND cookie ( x _ 3 ) AND hear . agent ( x _ 4 , x _ 0 ) AND hear . theme ( x _ 4 , x _ 3 ) AND hear . agent ( x _ 5 , x _ 2 ) AND hear . theme ( x _ 5 , x _ 3 )	elips_VPE_gen
Olivia touched Ellie and so did the cat .	* cat ( x _ 0 ) ; touch . agent ( x _ 1 , Olivia ) AND touch . theme ( x _ 1 , Ellie ) AND touch . agent ( x _ 2 , x _ 0 ) AND touch . theme ( x _ 2 , Ellie )	elips_VPE_gen
A chicken worshipped a boy and so did the sailor .	* sailor ( x _ 2 ) ; chicken ( x _ 0 ) AND boy ( x _ 3 ) AND worship . agent ( x _ 4 , x _ 0 ) AND worship . theme ( x _ 4 , x _ 3 ) AND worship . agent ( x _ 5 , x _ 2 ) AND worship . theme ( x _ 5 , x _ 3 )	elips_VPE_gen
Emma worshipped a girl and so did Liam .	girl ( x _ 1 ) AND worship . agent ( x _ 2 , Emma ) AND worship . theme ( x _ 2 , x _ 1 ) AND worship . agent ( x _ 3 , Liam ) AND worship . theme ( x _ 3 , x _ 1 )	elips_VPE_gen
The girl called the button and so did Olivia .	* girl ( x _ 0 ) ; * button ( x _ 2 ) ; call . agent ( x _ 3 , x _ 0 ) AND call . theme ( x _ 3 , x _ 2 ) AND call . agent ( x _ 4 , Olivia ) AND call . theme ( x _ 4 , x _ 2 )	elips_VPE_gen
Isabella worshipped a girl and so did the boy .	* boy ( x _ 1 ) ; girl ( x _ 2 ) AND worship . agent ( x _ 3 , Isabella ) AND worship . theme ( x _ 3 , x _ 2 ) AND worship . agent ( x _ 4 , x _ 1 ) AND worship . theme ( x _ 4 , x _ 2 )	elips_VPE_gen
Avery touched Penelope and so did the cat .	* cat ( x _ 0 ) ; touch . agent ( x _ 1 , Avery ) AND touch . theme ( x _ 1 , Penelope ) AND touch . agent ( x _ 2 , x _ 0 ) AND touch . theme ( x _ 2 , Penelope )	elips_VPE_gen
The child said that Emma threw the drink and so did a boy .	* child ( x _ 0 ) ; * drink ( x _ 3 ) ; boy ( x _ 2 ) AND say . agent ( x _ 4 , x _ 0 ) AND say . ccomp ( x _ 4, x _ 5 ) AND throw . agent ( x _ 5 , Emma ) AND throw . theme ( x _ 5 , x _ 3 ) AND say . agent ( x _ 6 , x _ 2 ) AND say . ccomp ( x _ 6, x _ 7 ) AND throw . agent ( x _ 7 , Emma ) AND throw . theme ( x _ 7 , x _ 3 )	elips_VPE_gen
Olivia hoped that Emma noticed the hamburger and so did the professor .	* hamburger ( x _ 2 ) ; * professor ( x _ 1 ) ; hope . agent ( x _ 3 , Olivia ) AND hope . ccomp ( x _ 3, x _ 4 ) AND notice . agent ( x _ 4 , Emma ) AND notice . theme ( x _ 4 , x _ 2 ) AND hope . agent ( x _ 5 , x _ 1 ) AND hope . ccomp ( x _ 5, x _ 6 ) AND notice . agent ( x _ 6 , Emma ) AND notice . theme ( x _ 6 , x _ 2 )	elips_VPE_gen
A cat proved that Olivia examined a muffin and so did Emma .	cat ( x _ 0 ) AND muffin ( x _ 2 ) AND prove . agent ( x _ 3 , x _ 0 ) AND prove . ccomp ( x _ 3, x _ 4 ) AND examine . agent ( x _ 4 , Olivia ) AND examine . theme ( x _ 4 , x _ 2 ) AND prove . agent ( x _ 5 , Emma ) AND prove . ccomp ( x _ 5, x _ 6 ) AND examine . agent ( x _ 6 , Olivia ) AND examine . theme ( x _ 6 , x _ 2 )	elips_VPE_gen
James heard a bag and so did a girl .	bag ( x _ 2 ) AND girl ( x _ 1 ) AND hear . agent ( x _ 3 , James ) AND hear . theme ( x _ 3 , x _ 2 ) AND hear . agent ( x _ 4 , x _ 1 ) AND hear . theme ( x _ 4 , x _ 2 )	elips_VPE_gen
The puppy called the girl and so did the lion .	* puppy ( x _ 0 ) ; * girl ( x _ 3 ) ; * lion ( x _ 2 ) ; call . agent ( x _ 4 , x _ 0 ) AND call . theme ( x _ 4 , x _ 3 ) AND call . agent ( x _ 5 , x _ 2 ) AND call . theme ( x _ 5 , x _ 3 )	elips_VPE_gen
The crocodile called a cake and so did a boy .	* crocodile ( x _ 0 ) ; cake ( x _ 3 ) AND boy ( x _ 2 ) AND call . agent ( x _ 4 , x _ 0 ) AND call . theme ( x _ 4 , x _ 3 ) AND call . agent ( x _ 5 , x _ 2 ) AND call . theme ( x _ 5 , x _ 3 )	elips_VPE_gen
Liam packed Wyatt and so did Emma .	pack . agent ( x _ 0 , Liam ) AND pack . theme ( x _ 0 , Wyatt ) AND pack . agent ( x _ 1 , Emma ) AND pack . theme ( x _ 1 , Wyatt )	elips_VPE_gen
A child called the rose and so did a cat .	* rose ( x _ 3 ) ; child ( x _ 0 ) AND cat ( x _ 2 ) AND call . agent ( x _ 4 , x _ 0 ) AND call . theme ( x _ 4 , x _ 3 ) AND call . agent ( x _ 5 , x _ 2 ) AND call . theme ( x _ 5 , x _ 3 )	elips_VPE_gen
A bear liked that a fish held the rose and so did Isabella .	* rose ( x _ 4 ) ; bear ( x _ 0 ) AND fish ( x _ 3 ) AND like . agent ( x _ 5 , x _ 0 ) AND like . ccomp ( x _ 5, x _ 6 ) AND hold . agent ( x _ 6 , x _ 3 ) AND hold . theme ( x _ 6 , x _ 4 ) AND like . agent ( x _ 7 , Isabella ) AND like . ccomp ( x _ 7, x _ 8 ) AND hold . agent ( x _ 8 , x _ 3 ) AND hold . theme ( x _ 8 , x _ 4 )	elips_VPE_gen
The cat tolerated Levi and so did Liam .	* cat ( x _ 0 ) ; tolerate . agent ( x _ 1 , x _ 0 ) AND tolerate . theme ( x _ 1 , Levi ) AND tolerate . agent ( x _ 2 , Liam ) AND tolerate . theme ( x _ 2 , Levi )	elips_VPE_gen
The girl liked that the child investigated Asher and so did Levi .	* girl ( x _ 0 ) ; * child ( x _ 2 ) ; like . agent ( x _ 3 , x _ 0 ) AND like . ccomp ( x _ 3, x _ 4 ) AND investigate . agent ( x _ 4 , x _ 2 ) AND investigate . theme ( x _ 4 , Asher ) AND like . agent ( x _ 5 , Levi ) AND like . ccomp ( x _ 5, x _ 6 ) AND investigate . agent ( x _ 6 , x _ 2 ) AND investigate . theme ( x _ 6 , Asher )	elips_VPE_gen
A girl called Leah and so did Emma .	girl ( x _ 0 ) AND call . agent ( x _ 1 , x _ 0 ) AND call . theme ( x _ 1 , Leah ) AND call . agent ( x _ 2 , Emma ) AND call . theme ( x _ 2 , Leah )	elips_VPE_gen
A girl heard a monster and so did a teacher .	girl ( x _ 0 ) AND monster ( x _ 3 ) AND teacher ( x _ 2 ) AND hear . agent ( x _ 4 , x _ 0 ) AND hear . theme ( x _ 4 , x _ 3 ) AND hear . agent ( x _ 5 , x _ 2 ) AND hear . theme ( x _ 5 , x _ 3 )	elips_VPE_gen
A child tolerated that the girl tossed a shell and so did Olivia .	* girl ( x _ 3 ) ; child ( x _ 0 ) AND shell ( x _ 4 ) AND tolerate . agent ( x _ 5 , x _ 0 ) AND tolerate . ccomp ( x _ 5, x _ 6 ) AND toss . agent ( x _ 6 , x _ 3 ) AND toss . theme ( x _ 6 , x _ 4 ) AND tolerate . agent ( x _ 7 , Olivia ) AND tolerate . ccomp ( x _ 7, x _ 8 ) AND toss . agent ( x _ 8 , x _ 3 ) AND toss . theme ( x _ 8 , x _ 4 )	elips_VPE_gen
Emma thought that a cat threw Bella and so did Lucas .	cat ( x _ 1 ) AND think . agent ( x _ 2 , Emma ) AND think . ccomp ( x _ 2, x _ 3 ) AND throw . agent ( x _ 3 , x _ 1 ) AND throw . theme ( x _ 3 , Bella ) AND think . agent ( x _ 4 , Lucas ) AND think . ccomp ( x _ 4, x _ 5 ) AND throw . agent ( x _ 5 , x _ 1 ) AND throw . theme ( x _ 5 , Bella )	elips_VPE_gen
A frog tolerated Penelope and so did the cat .	* cat ( x _ 1 ) ; frog ( x _ 0 ) AND tolerate . agent ( x _ 2 , x _ 0 ) AND tolerate . theme ( x _ 2 , Penelope ) AND tolerate . agent ( x _ 3 , x _ 1 ) AND tolerate . theme ( x _ 3 , Penelope )	elips_VPE_gen
Emma saw a cookie and so did the boy .	* boy ( x _ 1 ) ; cookie ( x _ 2 ) AND see . agent ( x _ 3 , Emma ) AND see . theme ( x _ 3 , x _ 2 ) AND see . agent ( x _ 4 , x _ 1 ) AND see . theme ( x _ 4 , x _ 2 )	elips_VPE_gen
Amelia tolerated the rose and so did the girl .	* rose ( x _ 2 ) ; * girl ( x _ 1 ) ; tolerate . agent ( x _ 3 , Amelia ) AND tolerate . theme ( x _ 3 , x _ 2 ) AND tolerate . agent ( x _ 4 , x _ 1 ) AND tolerate . theme ( x _ 4 , x _ 2 )	elips_VPE_gen
A hero tolerated a cake and so did Noah .	hero ( x _ 0 ) AND cake ( x _ 2 ) AND tolerate . agent ( x _ 3 , x _ 0 ) AND tolerate . theme ( x _ 3 , x _ 2 ) AND tolerate . agent ( x _ 4 , Noah ) AND tolerate . theme ( x _ 4 , x _ 2 )	elips_VPE_gen
Aria threw Layla and so did Liam .	throw . agent ( x _ 0 , Aria ) AND throw . theme ( x _ 0 , Layla ) AND throw . agent ( x _ 1 , Liam ) AND throw . theme ( x _ 1 , Layla )	elips_VPE_gen
The cat packed the fly and so did a girl .	* cat ( x _ 0 ) ; * fly ( x _ 3 ) ; girl ( x _ 2 ) AND pack . agent ( x _ 4 , x _ 0 ) AND pack . theme ( x _ 4 , x _ 3 ) AND pack . agent ( x _ 5 , x _ 2 ) AND pack . theme ( x _ 5 , x _ 3 )	elips_VPE_gen
Olivia threw a horse and so did Grayson .	horse ( x _ 1 ) AND throw . agent ( x _ 2 , Olivia ) AND throw . theme ( x _ 2 , x _ 1 ) AND throw . agent ( x _ 3 , Grayson ) AND throw . theme ( x _ 3 , x _ 1 )	elips_VPE_gen
A boy said that the girl studied a game and so did Isabella .	* girl ( x _ 3 ) ; boy ( x _ 0 ) AND game ( x _ 4 ) AND say . agent ( x _ 5 , x _ 0 ) AND say . ccomp ( x _ 5, x _ 6 ) AND study . agent ( x _ 6 , x _ 3 ) AND study . theme ( x _ 6 , x _ 4 ) AND say . agent ( x _ 7 , Isabella ) AND say . ccomp ( x _ 7, x _ 8 ) AND study . agent ( x _ 8 , x _ 3 ) AND study . theme ( x _ 8 , x _ 4 )	elips_VPE_gen
A girl packed Savannah and so did a penguin .	girl ( x _ 0 ) AND penguin ( x _ 1 ) AND pack . agent ( x _ 2 , x _ 0 ) AND pack . theme ( x _ 2 , Savannah ) AND pack . agent ( x _ 3 , x _ 1 ) AND pack . theme ( x _ 3 , Savannah )	elips_VPE_gen
A dog liked that Lucas noticed the boy and so did a cat .	* boy ( x _ 3 ) ; dog ( x _ 0 ) AND cat ( x _ 2 ) AND like . agent ( x _ 4 , x _ 0 ) AND like . ccomp ( x _ 4, x _ 5 ) AND notice . agent ( x _ 5 , Lucas ) AND notice . theme ( x _ 5 , x _ 3 ) AND like . agent ( x _ 6 , x _ 2 ) AND like . ccomp ( x _ 6, x _ 7 ) AND notice . agent ( x _ 7 , Lucas ) AND notice . theme ( x _ 7 , x _ 3 )	elips_VPE_gen
Ethan heard Zoey and so did the bird .	* bird ( x _ 0 ) ; hear . agent ( x _ 1 , Ethan ) AND hear . theme ( x _ 1 , Zoey ) AND hear . agent ( x _ 2 , x _ 0 ) AND hear . theme ( x _ 2 , Zoey )	elips_VPE_gen
A boy called a raisin and so did the teacher .	* teacher ( x _ 2 ) ; boy ( x _ 0 ) AND raisin ( x _ 3 ) AND call . agent ( x _ 4 , x _ 0 ) AND call . theme ( x _ 4 , x _ 3 ) AND call . agent ( x _ 5 , x _ 2 ) AND call . theme ( x _ 5 , x _ 3 )	elips_VPE_gen
Emma liked that a girl held a cake and so did a boy .	girl ( x _ 3 ) AND cake ( x _ 4 ) AND boy ( x _ 2 ) AND like . agent ( x _ 5 , Emma ) AND like . ccomp ( x _ 5, x _ 6 ) AND hold . agent ( x _ 6 , x _ 3 ) AND hold . theme ( x _ 6 , x _ 4 ) AND like . agent ( x _ 7 , x _ 2 ) AND like . ccomp ( x _ 7, x _ 8 ) AND hold . agent ( x _ 8 , x _ 3 ) AND hold . theme ( x _ 8 , x _ 4 )	elips_VPE_gen
A frog knew the chalk and so did Liam .	* chalk ( x _ 2 ) ; frog ( x _ 0 ) AND know . agent ( x _ 3 , x _ 0 ) AND know . theme ( x _ 3 , x _ 2 ) AND know . agent ( x _ 4 , Liam ) AND know . theme ( x _ 4 , x _ 2 )	elips_VPE_gen
A child threw Penelope and so did William .	child ( x _ 0 ) AND throw . agent ( x _ 1 , x _ 0 ) AND throw . theme ( x _ 1 , Penelope ) AND throw . agent ( x _ 2 , William ) AND throw . theme ( x _ 2 , Penelope )	elips_VPE_gen
The girl liked that the teacher tolerated a cake and so did a baby .	* girl ( x _ 0 ) ; * teacher ( x _ 4 ) ; cake ( x _ 5 ) AND baby ( x _ 3 ) AND like . agent ( x _ 6 , x _ 0 ) AND like . ccomp ( x _ 6, x _ 7 ) AND tolerate . agent ( x _ 7 , x _ 4 ) AND tolerate . theme ( x _ 7 , x _ 5 ) AND like . agent ( x _ 8 , x _ 3 ) AND like . ccomp ( x _ 8, x _ 9 ) AND tolerate . agent ( x _ 9 , x _ 4 ) AND tolerate . theme ( x _ 9 , x _ 5 )	elips_VPE_gen
The lawyer tolerated a girl and so did William .	* lawyer ( x _ 0 ) ; girl ( x _ 2 ) AND tolerate . agent ( x _ 3 , x _ 0 ) AND tolerate . theme ( x _ 3 , x _ 2 ) AND tolerate . agent ( x _ 4 , William ) AND tolerate . theme ( x _ 4 , x _ 2 )	elips_VPE_gen
The mouse noticed a girl and so did Emma .	* mouse ( x _ 0 ) ; girl ( x _ 2 ) AND notice . agent ( x _ 3 , x _ 0 ) AND notice . theme ( x _ 3 , x _ 2 ) AND notice . agent ( x _ 4 , Emma ) AND notice . theme ( x _ 4 , x _ 2 )	elips_VPE_gen
A girl touched a chicken and so did Emma .	girl ( x _ 0 ) AND chicken ( x _ 2 ) AND touch . agent ( x _ 3 , x _ 0 ) AND touch . theme ( x _ 3 , x _ 2 ) AND touch . agent ( x _ 4 , Emma ) AND touch . theme ( x _ 4 , x _ 2 )	elips_VPE_gen
A girl valued Zoe and so did Emma .	girl ( x _ 0 ) AND value . agent ( x _ 1 , x _ 0 ) AND value . theme ( x _ 1 , Zoe ) AND value . agent ( x _ 2 , Emma ) AND value . theme ( x _ 2 , Zoe )	elips_VPE_gen
Dylan saw a cat and so did Emma .	cat ( x _ 1 ) AND see . agent ( x _ 2 , Dylan ) AND see . theme ( x _ 2 , x _ 1 ) AND see . agent ( x _ 3 , Emma ) AND see . theme ( x _ 3 , x _ 1 )	elips_VPE_gen
Emma said that a cat examined the duck and so did the girl .	* duck ( x _ 4 ) ; * girl ( x _ 2 ) ; cat ( x _ 3 ) AND say . agent ( x _ 5 , Emma ) AND say . ccomp ( x _ 5, x _ 6 ) AND examine . agent ( x _ 6 , x _ 3 ) AND examine . theme ( x _ 6 , x _ 4 ) AND say . agent ( x _ 7 , x _ 2 ) AND say . ccomp ( x _ 7, x _ 8 ) AND examine . agent ( x _ 8 , x _ 3 ) AND examine . theme ( x _ 8 , x _ 4 )	elips_VPE_gen
Zoey liked that a girl discovered Nora and so did Emma .	girl ( x _ 1 ) AND like . agent ( x _ 2 , Zoey ) AND like . ccomp ( x _ 2, x _ 3 ) AND discover . agent ( x _ 3 , x _ 1 ) AND discover . theme ( x _ 3 , Nora ) AND like . agent ( x _ 4 , Emma ) AND like . ccomp ( x _ 4, x _ 5 ) AND discover . agent ( x _ 5 , x _ 1 ) AND discover . theme ( x _ 5 , Nora )	elips_VPE_gen
Sophia said that Amelia discovered the donut and so did the boy .	* donut ( x _ 2 ) ; * boy ( x _ 1 ) ; say . agent ( x _ 3 , Sophia ) AND say . ccomp ( x _ 3, x _ 4 ) AND discover . agent ( x _ 4 , Amelia ) AND discover . theme ( x _ 4 , x _ 2 ) AND say . agent ( x _ 5 , x _ 1 ) AND say . ccomp ( x _ 5, x _ 6 ) AND discover . agent ( x _ 6 , Amelia ) AND discover . theme ( x _ 6 , x _ 2 )	elips_VPE_gen
A boy called the cake and so did a dog .	* cake ( x _ 3 ) ; boy ( x _ 0 ) AND dog ( x _ 2 ) AND call . agent ( x _ 4 , x _ 0 ) AND call . theme ( x _ 4 , x _ 3 ) AND call . agent ( x _ 5 , x _ 2 ) AND call . theme ( x _ 5 , x _ 3 )	elips_VPE_gen
The crocodile noticed that the cat called a horse and so did the lawyer .	* crocodile ( x _ 0 ) ; * cat ( x _ 4 ) ; * lawyer ( x _ 3 ) ; horse ( x _ 5 ) AND notice . agent ( x _ 6 , x _ 0 ) AND notice . ccomp ( x _ 6, x _ 7 ) AND call . agent ( x _ 7 , x _ 4 ) AND call . theme ( x _ 7 , x _ 5 ) AND notice . agent ( x _ 8 , x _ 3 ) AND notice . ccomp ( x _ 8, x _ 9 ) AND call . agent ( x _ 9 , x _ 4 ) AND call . theme ( x _ 9 , x _ 5 )	elips_VPE_gen
The frog stabbed a bucket and so did the guest .	* frog ( x _ 0 ) ; * guest ( x _ 2 ) ; bucket ( x _ 3 ) AND stab . agent ( x _ 4 , x _ 0 ) AND stab . theme ( x _ 4 , x _ 3 ) AND stab . agent ( x _ 5 , x _ 2 ) AND stab . theme ( x _ 5 , x _ 3 )	elips_VPE_gen
A captain called a cake and so did the cat .	* cat ( x _ 2 ) ; captain ( x _ 0 ) AND cake ( x _ 3 ) AND call . agent ( x _ 4 , x _ 0 ) AND call . theme ( x _ 4 , x _ 3 ) AND call . agent ( x _ 5 , x _ 2 ) AND call . theme ( x _ 5 , x _ 3 )	elips_VPE_gen
A girl hoped that Lucas pierced a mirror and so did Liam .	girl ( x _ 0 ) AND mirror ( x _ 2 ) AND hope . agent ( x _ 3 , x _ 0 ) AND hope . ccomp ( x _ 3, x _ 4 ) AND pierce . agent ( x _ 4 , Lucas ) AND pierce . theme ( x _ 4 , x _ 2 ) AND hope . agent ( x _ 5 , Liam ) AND hope . ccomp ( x _ 5, x _ 6 ) AND pierce . agent ( x _ 6 , Lucas ) AND pierce . theme ( x _ 6 , x _ 2 )	elips_VPE_gen
Oliver tolerated a girl and so did Emma .	girl ( x _ 1 ) AND tolerate . agent ( x _ 2 , Oliver ) AND tolerate . theme ( x _ 2 , x _ 1 ) AND tolerate . agent ( x _ 3 , Emma ) AND tolerate . theme ( x _ 3 , x _ 1 )	elips_VPE_gen
The girl noticed that the lion threw the cake and so did Sophia .	* girl ( x _ 0 ) ; * lion ( x _ 3 ) ; * cake ( x _ 4 ) ; notice . agent ( x _ 5 , x _ 0 ) AND notice . ccomp ( x _ 5, x _ 6 ) AND throw . agent ( x _ 6 , x _ 3 ) AND throw . theme ( x _ 6 , x _ 4 ) AND notice . agent ( x _ 7 , Sophia ) AND notice . ccomp ( x _ 7, x _ 8 ) AND throw . agent ( x _ 8 , x _ 3 ) AND throw . theme ( x _ 8 , x _ 4 )	elips_VPE_gen
The dog discovered Jayden and so did the girl .	* dog ( x _ 0 ) ; * girl ( x _ 1 ) ; discover . agent ( x _ 2 , x _ 0 ) AND discover . theme ( x _ 2 , Jayden ) AND discover . agent ( x _ 3 , x _ 1 ) AND discover . theme ( x _ 3 , Jayden )	elips_VPE_gen
A boy observed Penelope and so did Liam .	boy ( x _ 0 ) AND observe . agent ( x _ 1 , x _ 0 ) AND observe . theme ( x _ 1 , Penelope ) AND observe . agent ( x _ 2 , Liam ) AND observe . theme ( x _ 2 , Penelope )	elips_VPE_gen
The girl valued the cookie and so did David .	* girl ( x _ 0 ) ; * cookie ( x _ 2 ) ; value . agent ( x _ 3 , x _ 0 ) AND value . theme ( x _ 3 , x _ 2 ) AND value . agent ( x _ 4 , David ) AND value . theme ( x _ 4 , x _ 2 )	elips_VPE_gen
William liked that a girl threw the wolf and so did a lamb .	* wolf ( x _ 4 ) ; girl ( x _ 3 ) AND lamb ( x _ 2 ) AND like . agent ( x _ 5 , William ) AND like . ccomp ( x _ 5, x _ 6 ) AND throw . agent ( x _ 6 , x _ 3 ) AND throw . theme ( x _ 6 , x _ 4 ) AND like . agent ( x _ 7 , x _ 2 ) AND like . ccomp ( x _ 7, x _ 8 ) AND throw . agent ( x _ 8 , x _ 3 ) AND throw . theme ( x _ 8 , x _ 4 )	elips_VPE_gen
Amelia tolerated that Oliver heard Penelope and so did the girl .	* girl ( x _ 0 ) ; tolerate . agent ( x _ 1 , Amelia ) AND tolerate . ccomp ( x _ 1, x _ 2 ) AND hear . agent ( x _ 2 , Oliver ) AND hear . theme ( x _ 2 , Penelope ) AND tolerate . agent ( x _ 3 , x _ 0 ) AND tolerate . ccomp ( x _ 3, x _ 4 ) AND hear . agent ( x _ 4 , Oliver ) AND hear . theme ( x _ 4 , Penelope )	elips_VPE_gen
Asher threw the raisin and so did Olivia .	* raisin ( x _ 1 ) ; throw . agent ( x _ 2 , Asher ) AND throw . theme ( x _ 2 , x _ 1 ) AND throw . agent ( x _ 3 , Olivia ) AND throw . theme ( x _ 3 , x _ 1 )	elips_VPE_gen
Liam held the cake and so did Emma .	* cake ( x _ 1 ) ; hold . agent ( x _ 2 , Liam ) AND hold . theme ( x _ 2 , x _ 1 ) AND hold . agent ( x _ 3 , Emma ) AND hold . theme ( x _ 3 , x _ 1 )	elips_VPE_gen
The pig hoped that the girl noticed a cookie and so did William .	* pig ( x _ 0 ) ; * girl ( x _ 3 ) ; cookie ( x _ 4 ) AND hope . agent ( x _ 5 , x _ 0 ) AND hope . ccomp ( x _ 5, x _ 6 ) AND notice . agent ( x _ 6 , x _ 3 ) AND notice . theme ( x _ 6 , x _ 4 ) AND hope . agent ( x _ 7 , William ) AND hope . ccomp ( x _ 7, x _ 8 ) AND notice . agent ( x _ 8 , x _ 3 ) AND notice . theme ( x _ 8 , x _ 4 )	elips_VPE_gen
Oliver called a coin and so did Christopher .	coin ( x _ 1 ) AND call . agent ( x _ 2 , Oliver ) AND call . theme ( x _ 2 , x _ 1 ) AND call . agent ( x _ 3 , Christopher ) AND call . theme ( x _ 3 , x _ 1 )	elips_VPE_gen
A penguin respected that the monster examined a giraffe and so did Noah .	* monster ( x _ 3 ) ; penguin ( x _ 0 ) AND giraffe ( x _ 4 ) AND respect . agent ( x _ 5 , x _ 0 ) AND respect . ccomp ( x _ 5, x _ 6 ) AND examine . agent ( x _ 6 , x _ 3 ) AND examine . theme ( x _ 6 , x _ 4 ) AND respect . agent ( x _ 7 , Noah ) AND respect . ccomp ( x _ 7, x _ 8 ) AND examine . agent ( x _ 8 , x _ 3 ) AND examine . theme ( x _ 8 , x _ 4 )	elips_VPE_gen
Harper liked that a baby heard a bear and so did Emma .	baby ( x _ 2 ) AND bear ( x _ 3 ) AND like . agent ( x _ 4 , Harper ) AND like . ccomp ( x _ 4, x _ 5 ) AND hear . agent ( x _ 5 , x _ 2 ) AND hear . theme ( x _ 5 , x _ 3 ) AND like . agent ( x _ 6 , Emma ) AND like . ccomp ( x _ 6, x _ 7 ) AND hear . agent ( x _ 7 , x _ 2 ) AND hear . theme ( x _ 7 , x _ 3 )	elips_VPE_gen
Emma threw a raisin and so did Olivia .	raisin ( x _ 1 ) AND throw . agent ( x _ 2 , Emma ) AND throw . theme ( x _ 2 , x _ 1 ) AND throw . agent ( x _ 3 , Olivia ) AND throw . theme ( x _ 3 , x _ 1 )	elips_VPE_gen
Scarlett threw a cake and so did the girl .	* girl ( x _ 1 ) ; cake ( x _ 2 ) AND throw . agent ( x _ 3 , Scarlett ) AND throw . theme ( x _ 3 , x _ 2 ) AND throw . agent ( x _ 4 , x _ 1 ) AND throw . theme ( x _ 4 , x _ 2 )	elips_VPE_gen
Emma tolerated a raisin and so did a dog .	raisin ( x _ 2 ) AND dog ( x _ 1 ) AND tolerate . agent ( x _ 3 , Emma ) AND tolerate . theme ( x _ 3 , x _ 2 ) AND tolerate . agent ( x _ 4 , x _ 1 ) AND tolerate . theme ( x _ 4 , x _ 2 )	elips_VPE_gen
Audrey valued the donut and so did the girl .	* donut ( x _ 2 ) ; * girl ( x _ 1 ) ; value . agent ( x _ 3 , Audrey ) AND value . theme ( x _ 3 , x _ 2 ) AND value . agent ( x _ 4 , x _ 1 ) AND value . theme ( x _ 4 , x _ 2 )	elips_VPE_gen
Emma saw the raisin and so did William .	* raisin ( x _ 1 ) ; see . agent ( x _ 2 , Emma ) AND see . theme ( x _ 2 , x _ 1 ) AND see . agent ( x _ 3 , William ) AND see . theme ( x _ 3 , x _ 1 )	elips_VPE_gen
Skylar admired that the boy threw the rose and so did Claire .	* boy ( x _ 2 ) ; * rose ( x _ 3 ) ; admire . agent ( x _ 4 , Skylar ) AND admire . ccomp ( x _ 4, x _ 5 ) AND throw . agent ( x _ 5 , x _ 2 ) AND throw . theme ( x _ 5 , x _ 3 ) AND admire . agent ( x _ 6 , Claire ) AND admire . ccomp ( x _ 6, x _ 7 ) AND throw . agent ( x _ 7 , x _ 2 ) AND throw . theme ( x _ 7 , x _ 3 )	elips_VPE_gen
The boy confessed that the baby held a pizza and so did Noah .	* boy ( x _ 0 ) ; * baby ( x _ 3 ) ; pizza ( x _ 4 ) AND confess . agent ( x _ 5 , x _ 0 ) AND confess . ccomp ( x _ 5, x _ 6 ) AND hold . agent ( x _ 6 , x _ 3 ) AND hold . theme ( x _ 6 , x _ 4 ) AND confess . agent ( x _ 7 , Noah ) AND confess . ccomp ( x _ 7, x _ 8 ) AND hold . agent ( x _ 8 , x _ 3 ) AND hold . theme ( x _ 8 , x _ 4 )	elips_VPE_gen
Emma held the bowl and so did a cat .	* bowl ( x _ 2 ) ; cat ( x _ 1 ) AND hold . agent ( x _ 3 , Emma ) AND hold . theme ( x _ 3 , x _ 2 ) AND hold . agent ( x _ 4 , x _ 1 ) AND hold . theme ( x _ 4 , x _ 2 )	elips_VPE_gen
The girl held a donut and so did Emma .	* girl ( x _ 0 ) ; donut ( x _ 2 ) AND hold . agent ( x _ 3 , x _ 0 ) AND hold . theme ( x _ 3 , x _ 2 ) AND hold . agent ( x _ 4 , Emma ) AND hold . theme ( x _ 4 , x _ 2 )	elips_VPE_gen
The boy threw the glue and so did Jacob .	* boy ( x _ 0 ) ; * glue ( x _ 2 ) ; throw . agent ( x _ 3 , x _ 0 ) AND throw . theme ( x _ 3 , x _ 2 ) AND throw . agent ( x _ 4 , Jacob ) AND throw . theme ( x _ 4 , x _ 2 )	elips_VPE_gen
Emma heard a plant and so did Sophia .	plant ( x _ 1 ) AND hear . agent ( x _ 2 , Emma ) AND hear . theme ( x _ 2 , x _ 1 ) AND hear . agent ( x _ 3 , Sophia ) AND hear . theme ( x _ 3 , x _ 1 )	elips_VPE_gen
A bird liked that the girl examined Aurora and so did a donkey .	* girl ( x _ 3 ) ; bird ( x _ 0 ) AND donkey ( x _ 2 ) AND like . agent ( x _ 4 , x _ 0 ) AND like . ccomp ( x _ 4, x _ 5 ) AND examine . agent ( x _ 5 , x _ 3 ) AND examine . theme ( x _ 5 , Aurora ) AND like . agent ( x _ 6 , x _ 2 ) AND like . ccomp ( x _ 6, x _ 7 ) AND examine . agent ( x _ 7 , x _ 3 ) AND examine . theme ( x _ 7 , Aurora )	elips_VPE_gen
A cat tolerated the leaf and so did a dog .	* leaf ( x _ 3 ) ; cat ( x _ 0 ) AND dog ( x _ 2 ) AND tolerate . agent ( x _ 4 , x _ 0 ) AND tolerate . theme ( x _ 4 , x _ 3 ) AND tolerate . agent ( x _ 5 , x _ 2 ) AND tolerate . theme ( x _ 5 , x _ 3 )	elips_VPE_gen
The cat tolerated Lillian and so did Olivia .	* cat ( x _ 0 ) ; tolerate . agent ( x _ 1 , x _ 0 ) AND tolerate . theme ( x _ 1 , Lillian ) AND tolerate . agent ( x _ 2 , Olivia ) AND tolerate . theme ( x _ 2 , Lillian )	elips_VPE_gen
Emma called a cake and so did Leah .	cake ( x _ 1 ) AND call . agent ( x _ 2 , Emma ) AND call . theme ( x _ 2 , x _ 1 ) AND call . agent ( x _ 3 , Leah ) AND call . theme ( x _ 3 , x _ 1 )	elips_VPE_gen
Emma called a wolf and so did a dog .	wolf ( x _ 2 ) AND dog ( x _ 1 ) AND call . agent ( x _ 3 , Emma ) AND call . theme ( x _ 3 , x _ 2 ) AND call . agent ( x _ 4 , x _ 1 ) AND call . theme ( x _ 4 , x _ 2 )	elips_VPE_gen
The boy studied the child and so did Mia .	* boy ( x _ 0 ) ; * child ( x _ 2 ) ; study . agent ( x _ 3 , x _ 0 ) AND study . theme ( x _ 3 , x _ 2 ) AND study . agent ( x _ 4 , Mia ) AND study . theme ( x _ 4 , x _ 2 )	elips_VPE_gen
Aria meant that Jaxon knew a chicken and so did Emma .	chicken ( x _ 1 ) AND mean . agent ( x _ 2 , Aria ) AND mean . ccomp ( x _ 2, x _ 3 ) AND know . agent ( x _ 3 , Jaxon ) AND know . theme ( x _ 3 , x _ 1 ) AND mean . agent ( x _ 4 , Emma ) AND mean . ccomp ( x _ 4, x _ 5 ) AND know . agent ( x _ 5 , Jaxon ) AND know . theme ( x _ 5 , x _ 1 )	elips_VPE_gen
A girl called the donut and so did a professor .	* donut ( x _ 3 ) ; girl ( x _ 0 ) AND professor ( x _ 2 ) AND call . agent ( x _ 4 , x _ 0 ) AND call . theme ( x _ 4 , x _ 3 ) AND call . agent ( x _ 5 , x _ 2 ) AND call . theme ( x _ 5 , x _ 3 )	elips_VPE_gen
The girl knew a cake and so did the guest .	* girl ( x _ 0 ) ; * guest ( x _ 2 ) ; cake ( x _ 3 ) AND know . agent ( x _ 4 , x _ 0 ) AND know . theme ( x _ 4 , x _ 3 ) AND know . agent ( x _ 5 , x _ 2 ) AND know . theme ( x _ 5 , x _ 3 )	elips_VPE_gen
The boy called the rose and so did Sophia .	* boy ( x _ 0 ) ; * rose ( x _ 2 ) ; call . agent ( x _ 3 , x _ 0 ) AND call . theme ( x _ 3 , x _ 2 ) AND call . agent ( x _ 4 , Sophia ) AND call . theme ( x _ 4 , x _ 2 )	elips_VPE_gen
The soldier knew a donut and so did a dog .	* soldier ( x _ 0 ) ; donut ( x _ 3 ) AND dog ( x _ 2 ) AND know . agent ( x _ 4 , x _ 0 ) AND know . theme ( x _ 4 , x _ 3 ) AND know . agent ( x _ 5 , x _ 2 ) AND know . theme ( x _ 5 , x _ 3 )	elips_VPE_gen
Liam said that Emma stabbed the baby and so did the cat .	* baby ( x _ 2 ) ; * cat ( x _ 1 ) ; say . agent ( x _ 3 , Liam ) AND say . ccomp ( x _ 3, x _ 4 ) AND stab . agent ( x _ 4 , Emma ) AND stab . theme ( x _ 4 , x _ 2 ) AND say . agent ( x _ 5 , x _ 1 ) AND say . ccomp ( x _ 5, x _ 6 ) AND stab . agent ( x _ 6 , Emma ) AND stab . theme ( x _ 6 , x _ 2 )	elips_VPE_gen
A child called the bottle and so did the girl .	* bottle ( x _ 3 ) ; * girl ( x _ 2 ) ; child ( x _ 0 ) AND call . agent ( x _ 4 , x _ 0 ) AND call . theme ( x _ 4 , x _ 3 ) AND call . agent ( x _ 5 , x _ 2 ) AND call . theme ( x _ 5 , x _ 3 )	elips_VPE_gen
Alexander noticed a cake and so did the boy .	* boy ( x _ 1 ) ; cake ( x _ 2 ) AND notice . agent ( x _ 3 , Alexander ) AND notice . theme ( x _ 3 , x _ 2 ) AND notice . agent ( x _ 4 , x _ 1 ) AND notice . theme ( x _ 4 , x _ 2 )	elips_VPE_gen
Sofia respected that Ethan tossed a girl and so did a baby .	girl ( x _ 2 ) AND baby ( x _ 1 ) AND respect . agent ( x _ 3 , Sofia ) AND respect . ccomp ( x _ 3, x _ 4 ) AND toss . agent ( x _ 4 , Ethan ) AND toss . theme ( x _ 4 , x _ 2 ) AND respect . agent ( x _ 5 , x _ 1 ) AND respect . ccomp ( x _ 5, x _ 6 ) AND toss . agent ( x _ 6 , Ethan ) AND toss . theme ( x _ 6 , x _ 2 )	elips_VPE_gen
Oliver tossed Penelope and so did the boy .	* boy ( x _ 0 ) ; toss . agent ( x _ 1 , Oliver ) AND toss . theme ( x _ 1 , Penelope ) AND toss . agent ( x _ 2 , x _ 0 ) AND toss . theme ( x _ 2 , Penelope )	elips_VPE_gen
A mouse valued that a baby observed a sandwich and so did a girl .	mouse ( x _ 0 ) AND baby ( x _ 4 ) AND sandwich ( x _ 5 ) AND girl ( x _ 3 ) AND value . agent ( x _ 6 , x _ 0 ) AND value . ccomp ( x _ 6, x _ 7 ) AND observe . agent ( x _ 7 , x _ 4 ) AND observe . theme ( x _ 7 , x _ 5 ) AND value . agent ( x _ 8 , x _ 3 ) AND value . ccomp ( x _ 8, x _ 9 ) AND observe . agent ( x _ 9 , x _ 4 ) AND observe . theme ( x _ 9 , x _ 5 )	elips_VPE_gen
The girl heard a plant and so did Abigail .	* girl ( x _ 0 ) ; plant ( x _ 2 ) AND hear . agent ( x _ 3 , x _ 0 ) AND hear . theme ( x _ 3 , x _ 2 ) AND hear . agent ( x _ 4 , Abigail ) AND hear . theme ( x _ 4 , x _ 2 )	elips_VPE_gen
The boy investigated the donut and so did a tourist .	* boy ( x _ 0 ) ; * donut ( x _ 3 ) ; tourist ( x _ 2 ) AND investigate . agent ( x _ 4 , x _ 0 ) AND investigate . theme ( x _ 4 , x _ 3 ) AND investigate . agent ( x _ 5 , x _ 2 ) AND investigate . theme ( x _ 5 , x _ 3 )	elips_VPE_gen
Emma packed the cake and so did a bird .	* cake ( x _ 2 ) ; bird ( x _ 1 ) AND pack . agent ( x _ 3 , Emma ) AND pack . theme ( x _ 3 , x _ 2 ) AND pack . agent ( x _ 4 , x _ 1 ) AND pack . theme ( x _ 4 , x _ 2 )	elips_VPE_gen
The girl liked that a boy threw Wyatt and so did Grayson .	* girl ( x _ 0 ) ; boy ( x _ 2 ) AND like . agent ( x _ 3 , x _ 0 ) AND like . ccomp ( x _ 3, x _ 4 ) AND throw . agent ( x _ 4 , x _ 2 ) AND throw . theme ( x _ 4 , Wyatt ) AND like . agent ( x _ 5 , Grayson ) AND like . ccomp ( x _ 5, x _ 6 ) AND throw . agent ( x _ 6 , x _ 2 ) AND throw . theme ( x _ 6 , Wyatt )	elips_VPE_gen
The king saw the rose and so did the hen .	* king ( x _ 0 ) ; * rose ( x _ 3 ) ; * hen ( x _ 2 ) ; see . agent ( x _ 4 , x _ 0 ) AND see . theme ( x _ 4 , x _ 3 ) AND see . agent ( x _ 5 , x _ 2 ) AND see . theme ( x _ 5 , x _ 3 )	elips_VPE_gen
The bird threw Penelope and so did Emma .	* bird ( x _ 0 ) ; throw . agent ( x _ 1 , x _ 0 ) AND throw . theme ( x _ 1 , Penelope ) AND throw . agent ( x _ 2 , Emma ) AND throw . theme ( x _ 2 , Penelope )	elips_VPE_gen
The girl held a baby and so did Olivia .	* girl ( x _ 0 ) ; baby ( x _ 2 ) AND hold . agent ( x _ 3 , x _ 0 ) AND hold . theme ( x _ 3 , x _ 2 ) AND hold . agent ( x _ 4 , Olivia ) AND hold . theme ( x _ 4 , x _ 2 )	elips_VPE_gen
Emma tolerated a hamburger and so did the cat .	* cat ( x _ 1 ) ; hamburger ( x _ 2 ) AND tolerate . agent ( x _ 3 , Emma ) AND tolerate . theme ( x _ 3 , x _ 2 ) AND tolerate . agent ( x _ 4 , x _ 1 ) AND tolerate . theme ( x _ 4 , x _ 2 )	elips_VPE_gen
Isabella examined the cake and so did a boy .	* cake ( x _ 2 ) ; boy ( x _ 1 ) AND examine . agent ( x _ 3 , Isabella ) AND examine . theme ( x _ 3 , x _ 2 ) AND examine . agent ( x _ 4 , x _ 1 ) AND examine . theme ( x _ 4 , x _ 2 )	elips_VPE_gen
Amelia called Gabriel and so did the boy .	* boy ( x _ 0 ) ; call . agent ( x _ 1 , Amelia ) AND call . theme ( x _ 1 , Gabriel ) AND call . agent ( x _ 2 , x _ 0 ) AND call . theme ( x _ 2 , Gabriel )	elips_VPE_gen
Lily heard the lollipop and so did Isabella .	* lollipop ( x _ 1 ) ; hear . agent ( x _ 2 , Lily ) AND hear . theme ( x _ 2 , x _ 1 ) AND hear . agent ( x _ 3 , Isabella ) AND hear . theme ( x _ 3 , x _ 1 )	elips_VPE_gen
Emma called a cake and so did a girl .	cake ( x _ 2 ) AND girl ( x _ 1 ) AND call . agent ( x _ 3 , Emma ) AND call . theme ( x _ 3 , x _ 2 ) AND call . agent ( x _ 4 , x _ 1 ) AND call . theme ( x _ 4 , x _ 2 )	elips_VPE_gen
Liam called Penelope and so did Benjamin .	call . agent ( x _ 0 , Liam ) AND call . theme ( x _ 0 , Penelope ) AND call . agent ( x _ 1 , Benjamin ) AND call . theme ( x _ 1 , Penelope )	elips_VPE_gen
A baby valued a girl and so did Ava .	baby ( x _ 0 ) AND girl ( x _ 2 ) AND value . agent ( x _ 3 , x _ 0 ) AND value . theme ( x _ 3 , x _ 2 ) AND value . agent ( x _ 4 , Ava ) AND value . theme ( x _ 4 , x _ 2 )	elips_VPE_gen
A landlord heard Wyatt and so did Emma .	landlord ( x _ 0 ) AND hear . agent ( x _ 1 , x _ 0 ) AND hear . theme ( x _ 1 , Wyatt ) AND hear . agent ( x _ 2 , Emma ) AND hear . theme ( x _ 2 , Wyatt )	elips_VPE_gen
Emma called the rose and so did Mia .	* rose ( x _ 1 ) ; call . agent ( x _ 2 , Emma ) AND call . theme ( x _ 2 , x _ 1 ) AND call . agent ( x _ 3 , Mia ) AND call . theme ( x _ 3 , x _ 1 )	elips_VPE_gen
Emma studied John and so did Natalie .	study . agent ( x _ 0 , Emma ) AND study . theme ( x _ 0 , John ) AND study . agent ( x _ 1 , Natalie ) AND study . theme ( x _ 1 , John )	elips_VPE_gen
The cat threw Penelope and so did Harper .	* cat ( x _ 0 ) ; throw . agent ( x _ 1 , x _ 0 ) AND throw . theme ( x _ 1 , Penelope ) AND throw . agent ( x _ 2 , Harper ) AND throw . theme ( x _ 2 , Penelope )	elips_VPE_gen
Emma called Leah and so did Mia .	call . agent ( x _ 0 , Emma ) AND call . theme ( x _ 0 , Leah ) AND call . agent ( x _ 1 , Mia ) AND call . theme ( x _ 1 , Leah )	elips_VPE_gen
A baby valued that the girl noticed the cake and so did Liam .	* girl ( x _ 3 ) ; * cake ( x _ 4 ) ; baby ( x _ 0 ) AND value . agent ( x _ 5 , x _ 0 ) AND value . ccomp ( x _ 5, x _ 6 ) AND notice . agent ( x _ 6 , x _ 3 ) AND notice . theme ( x _ 6 , x _ 4 ) AND value . agent ( x _ 7 , Liam ) AND value . ccomp ( x _ 7, x _ 8 ) AND notice . agent ( x _ 8 , x _ 3 ) AND notice . theme ( x _ 8 , x _ 4 )	elips_VPE_gen
James valued that a servant investigated a hamburger and so did a boy .	servant ( x _ 3 ) AND hamburger ( x _ 4 ) AND boy ( x _ 2 ) AND value . agent ( x _ 5 , James ) AND value . ccomp ( x _ 5, x _ 6 ) AND investigate . agent ( x _ 6 , x _ 3 ) AND investigate . theme ( x _ 6 , x _ 4 ) AND value . agent ( x _ 7 , x _ 2 ) AND value . ccomp ( x _ 7, x _ 8 ) AND investigate . agent ( x _ 8 , x _ 3 ) AND investigate . theme ( x _ 8 , x _ 4 )	elips_VPE_gen
The lion liked that Ava called a cat and so did Emma .	* lion ( x _ 0 ) ; cat ( x _ 2 ) AND like . agent ( x _ 3 , x _ 0 ) AND like . ccomp ( x _ 3, x _ 4 ) AND call . agent ( x _ 4 , Ava ) AND call . theme ( x _ 4 , x _ 2 ) AND like . agent ( x _ 5 , Emma ) AND like . ccomp ( x _ 5, x _ 6 ) AND call . agent ( x _ 6 , Ava ) AND call . theme ( x _ 6 , x _ 2 )	elips_VPE_gen
A frog liked that a cat observed the baby and so did the dog .	* baby ( x _ 5 ) ; * dog ( x _ 3 ) ; frog ( x _ 0 ) AND cat ( x _ 4 ) AND like . agent ( x _ 6 , x _ 0 ) AND like . ccomp ( x _ 6, x _ 7 ) AND observe . agent ( x _ 7 , x _ 4 ) AND observe . theme ( x _ 7 , x _ 5 ) AND like . agent ( x _ 8 , x _ 3 ) AND like . ccomp ( x _ 8, x _ 9 ) AND observe . agent ( x _ 9 , x _ 4 ) AND observe . theme ( x _ 9 , x _ 5 )	elips_VPE_gen
The boy liked that Natalie tossed the rose and so did the girl .	* boy ( x _ 0 ) ; * rose ( x _ 3 ) ; * girl ( x _ 2 ) ; like . agent ( x _ 4 , x _ 0 ) AND like . ccomp ( x _ 4, x _ 5 ) AND toss . agent ( x _ 5 , Natalie ) AND toss . theme ( x _ 5 , x _ 3 ) AND like . agent ( x _ 6 , x _ 2 ) AND like . ccomp ( x _ 6, x _ 7 ) AND toss . agent ( x _ 7 , Natalie ) AND toss . theme ( x _ 7 , x _ 3 )	elips_VPE_gen
The bunny heard Penelope and so did a mother .	* bunny ( x _ 0 ) ; mother ( x _ 1 ) AND hear . agent ( x _ 2 , x _ 0 ) AND hear . theme ( x _ 2 , Penelope ) AND hear . agent ( x _ 3 , x _ 1 ) AND hear . theme ( x _ 3 , Penelope )	elips_VPE_gen
Noah discovered a donut and so did the dog .	* dog ( x _ 1 ) ; donut ( x _ 2 ) AND discover . agent ( x _ 3 , Noah ) AND discover . theme ( x _ 3 , x _ 2 ) AND discover . agent ( x _ 4 , x _ 1 ) AND discover . theme ( x _ 4 , x _ 2 )	elips_VPE_gen
A chicken liked that the goose heard a melon and so did Emma .	* goose ( x _ 3 ) ; chicken ( x _ 0 ) AND melon ( x _ 4 ) AND like . agent ( x _ 5 , x _ 0 ) AND like . ccomp ( x _ 5, x _ 6 ) AND hear . agent ( x _ 6 , x _ 3 ) AND hear . theme ( x _ 6 , x _ 4 ) AND like . agent ( x _ 7 , Emma ) AND like . ccomp ( x _ 7, x _ 8 ) AND hear . agent ( x _ 8 , x _ 3 ) AND hear . theme ( x _ 8 , x _ 4 )	elips_VPE_gen
Oliver tolerated a bat and so did a girl .	bat ( x _ 2 ) AND girl ( x _ 1 ) AND tolerate . agent ( x _ 3 , Oliver ) AND tolerate . theme ( x _ 3 , x _ 2 ) AND tolerate . agent ( x _ 4 , x _ 1 ) AND tolerate . theme ( x _ 4 , x _ 2 )	elips_VPE_gen
A boy threw Penelope and so did Olivia .	boy ( x _ 0 ) AND throw . agent ( x _ 1 , x _ 0 ) AND throw . theme ( x _ 1 , Penelope ) AND throw . agent ( x _ 2 , Olivia ) AND throw . theme ( x _ 2 , Penelope )	elips_VPE_gen
Emma called Layla and so did Abigail .	call . agent ( x _ 0 , Emma ) AND call . theme ( x _ 0 , Layla ) AND call . agent ( x _ 1 , Abigail ) AND call . theme ( x _ 1 , Layla )	elips_VPE_gen
A girl hoped that the boy held a cake and so did Benjamin .	* boy ( x _ 3 ) ; girl ( x _ 0 ) AND cake ( x _ 4 ) AND hope . agent ( x _ 5 , x _ 0 ) AND hope . ccomp ( x _ 5, x _ 6 ) AND hold . agent ( x _ 6 , x _ 3 ) AND hold . theme ( x _ 6 , x _ 4 ) AND hope . agent ( x _ 7 , Benjamin ) AND hope . ccomp ( x _ 7, x _ 8 ) AND hold . agent ( x _ 8 , x _ 3 ) AND hold . theme ( x _ 8 , x _ 4 )	elips_VPE_gen
The chicken liked that the bird tolerated a cake and so did a girl .	* chicken ( x _ 0 ) ; * bird ( x _ 4 ) ; cake ( x _ 5 ) AND girl ( x _ 3 ) AND like . agent ( x _ 6 , x _ 0 ) AND like . ccomp ( x _ 6, x _ 7 ) AND tolerate . agent ( x _ 7 , x _ 4 ) AND tolerate . theme ( x _ 7 , x _ 5 ) AND like . agent ( x _ 8 , x _ 3 ) AND like . ccomp ( x _ 8, x _ 9 ) AND tolerate . agent ( x _ 9 , x _ 4 ) AND tolerate . theme ( x _ 9 , x _ 5 )	elips_VPE_gen
The dog valued a child and so did a cat .	* dog ( x _ 0 ) ; child ( x _ 3 ) AND cat ( x _ 2 ) AND value . agent ( x _ 4 , x _ 0 ) AND value . theme ( x _ 4 , x _ 3 ) AND value . agent ( x _ 5 , x _ 2 ) AND value . theme ( x _ 5 , x _ 3 )	elips_VPE_gen
Noah called the bunny and so did a boy .	* bunny ( x _ 2 ) ; boy ( x _ 1 ) AND call . agent ( x _ 3 , Noah ) AND call . theme ( x _ 3 , x _ 2 ) AND call . agent ( x _ 4 , x _ 1 ) AND call . theme ( x _ 4 , x _ 2 )	elips_VPE_gen
A girl threw the tool and so did Liam .	* tool ( x _ 2 ) ; girl ( x _ 0 ) AND throw . agent ( x _ 3 , x _ 0 ) AND throw . theme ( x _ 3 , x _ 2 ) AND throw . agent ( x _ 4 , Liam ) AND throw . theme ( x _ 4 , x _ 2 )	elips_VPE_gen
The monster valued the cookie and so did Elijah .	* monster ( x _ 0 ) ; * cookie ( x _ 2 ) ; value . agent ( x _ 3 , x _ 0 ) AND value . theme ( x _ 3 , x _ 2 ) AND value . agent ( x _ 4 , Elijah ) AND value . theme ( x _ 4 , x _ 2 )	elips_VPE_gen
Liam respected that a scientist heard a box and so did Ava .	scientist ( x _ 2 ) AND box ( x _ 3 ) AND respect . agent ( x _ 4 , Liam ) AND respect . ccomp ( x _ 4, x _ 5 ) AND hear . agent ( x _ 5 , x _ 2 ) AND hear . theme ( x _ 5 , x _ 3 ) AND respect . agent ( x _ 6 , Ava ) AND respect . ccomp ( x _ 6, x _ 7 ) AND hear . agent ( x _ 7 , x _ 2 ) AND hear . theme ( x _ 7 , x _ 3 )	elips_VPE_gen
Mateo worshipped a cake and so did the teacher .	* teacher ( x _ 1 ) ; cake ( x _ 2 ) AND worship . agent ( x _ 3 , Mateo ) AND worship . theme ( x _ 3 , x _ 2 ) AND worship . agent ( x _ 4 , x _ 1 ) AND worship . theme ( x _ 4 , x _ 2 )	elips_VPE_gen
A lion saw the girl and so did Emma .	* girl ( x _ 2 ) ; lion ( x _ 0 ) AND see . agent ( x _ 3 , x _ 0 ) AND see . theme ( x _ 3 , x _ 2 ) AND see . agent ( x _ 4 , Emma ) AND see . theme ( x _ 4 , x _ 2 )	elips_VPE_gen
The president held the cake and so did a boy .	* president ( x _ 0 ) ; * cake ( x _ 3 ) ; boy ( x _ 2 ) AND hold . agent ( x _ 4 , x _ 0 ) AND hold . theme ( x _ 4 , x _ 3 ) AND hold . agent ( x _ 5 , x _ 2 ) AND hold . theme ( x _ 5 , x _ 3 )	elips_VPE_gen
Emma liked that Grace worshipped a cake and so did Mia .	cake ( x _ 1 ) AND like . agent ( x _ 2 , Emma ) AND like . ccomp ( x _ 2, x _ 3 ) AND worship . agent ( x _ 3 , Grace ) AND worship . theme ( x _ 3 , x _ 1 ) AND like . agent ( x _ 4 , Mia ) AND like . ccomp ( x _ 4, x _ 5 ) AND worship . agent ( x _ 5 , Grace ) AND worship . theme ( x _ 5 , x _ 1 )	elips_VPE_gen
Emma threw a cake and so did the girl .	* girl ( x _ 1 ) ; cake ( x _ 2 ) AND throw . agent ( x _ 3 , Emma ) AND throw . theme ( x _ 3 , x _ 2 ) AND throw . agent ( x _ 4 , x _ 1 ) AND throw . theme ( x _ 4 , x _ 2 )	elips_VPE_gen
Olivia confessed that Violet threw a princess and so did the girl .	* girl ( x _ 1 ) ; princess ( x _ 2 ) AND confess . agent ( x _ 3 , Olivia ) AND confess . ccomp ( x _ 3, x _ 4 ) AND throw . agent ( x _ 4 , Violet ) AND throw . theme ( x _ 4 , x _ 2 ) AND confess . agent ( x _ 5 , x _ 1 ) AND confess . ccomp ( x _ 5, x _ 6 ) AND throw . agent ( x _ 6 , Violet ) AND throw . theme ( x _ 6 , x _ 2 )	elips_VPE_gen
A manager tolerated a drink and so did the girl .	* girl ( x _ 2 ) ; manager ( x _ 0 ) AND drink ( x _ 3 ) AND tolerate . agent ( x _ 4 , x _ 0 ) AND tolerate . theme ( x _ 4 , x _ 3 ) AND tolerate . agent ( x _ 5 , x _ 2 ) AND tolerate . theme ( x _ 5 , x _ 3 )	elips_VPE_gen
The boy called Luke and so did the monster .	* boy ( x _ 0 ) ; * monster ( x _ 1 ) ; call . agent ( x _ 2 , x _ 0 ) AND call . theme ( x _ 2 , Luke ) AND call . agent ( x _ 3 , x _ 1 ) AND call . theme ( x _ 3 , Luke )	elips_VPE_gen
The dog knew a girl and so did a child .	* dog ( x _ 0 ) ; girl ( x _ 3 ) AND child ( x _ 2 ) AND know . agent ( x _ 4 , x _ 0 ) AND know . theme ( x _ 4 , x _ 3 ) AND know . agent ( x _ 5 , x _ 2 ) AND know . theme ( x _ 5 , x _ 3 )	elips_VPE_gen
The boy knew the mandarin and so did the cat .	* boy ( x _ 0 ) ; * mandarin ( x _ 3 ) ; * cat ( x _ 2 ) ; know . agent ( x _ 4 , x _ 0 ) AND know . theme ( x _ 4 , x _ 3 ) AND know . agent ( x _ 5 , x _ 2 ) AND know . theme ( x _ 5 , x _ 3 )	elips_VPE_gen
The frog packed a beer and so did a dog .	* frog ( x _ 0 ) ; beer ( x _ 3 ) AND dog ( x _ 2 ) AND pack . agent ( x _ 4 , x _ 0 ) AND pack . theme ( x _ 4 , x _ 3 ) AND pack . agent ( x _ 5 , x _ 2 ) AND pack . theme ( x _ 5 , x _ 3 )	elips_VPE_gen
The giraffe said that a cat called a cookie and so did Jackson .	* giraffe ( x _ 0 ) ; cat ( x _ 3 ) AND cookie ( x _ 4 ) AND say . agent ( x _ 5 , x _ 0 ) AND say . ccomp ( x _ 5, x _ 6 ) AND call . agent ( x _ 6 , x _ 3 ) AND call . theme ( x _ 6 , x _ 4 ) AND say . agent ( x _ 7 , Jackson ) AND say . ccomp ( x _ 7, x _ 8 ) AND call . agent ( x _ 8 , x _ 3 ) AND call . theme ( x _ 8 , x _ 4 )	elips_VPE_gen
Emma threw a melon and so did the boy .	* boy ( x _ 1 ) ; melon ( x _ 2 ) AND throw . agent ( x _ 3 , Emma ) AND throw . theme ( x _ 3 , x _ 2 ) AND throw . agent ( x _ 4 , x _ 1 ) AND throw . theme ( x _ 4 , x _ 2 )	elips_VPE_gen
A monkey tolerated the pickle and so did Liam .	* pickle ( x _ 2 ) ; monkey ( x _ 0 ) AND tolerate . agent ( x _ 3 , x _ 0 ) AND tolerate . theme ( x _ 3 , x _ 2 ) AND tolerate . agent ( x _ 4 , Liam ) AND tolerate . theme ( x _ 4 , x _ 2 )	elips_VPE_gen
The boy valued Wyatt and so did Ethan .	* boy ( x _ 0 ) ; value . agent ( x _ 1 , x _ 0 ) AND value . theme ( x _ 1 , Wyatt ) AND value . agent ( x _ 2 , Ethan ) AND value . theme ( x _ 2 , Wyatt )	elips_VPE_gen
The bear noticed the boy and so did Emma .	* bear ( x _ 0 ) ; * boy ( x _ 2 ) ; notice . agent ( x _ 3 , x _ 0 ) AND notice . theme ( x _ 3 , x _ 2 ) AND notice . agent ( x _ 4 , Emma ) AND notice . theme ( x _ 4 , x _ 2 )	elips_VPE_gen
The governor proved that Ellie examined the cake and so did the girl .	* governor ( x _ 0 ) ; * cake ( x _ 3 ) ; * girl ( x _ 2 ) ; prove . agent ( x _ 4 , x _ 0 ) AND prove . ccomp ( x _ 4, x _ 5 ) AND examine . agent ( x _ 5 , Ellie ) AND examine . theme ( x _ 5 , x _ 3 ) AND prove . agent ( x _ 6 , x _ 2 ) AND prove . ccomp ( x _ 6, x _ 7 ) AND examine . agent ( x _ 7 , Ellie ) AND examine . theme ( x _ 7 , x _ 3 )	elips_VPE_gen
James studied the drink and so did Logan .	* drink ( x _ 1 ) ; study . agent ( x _ 2 , James ) AND study . theme ( x _ 2 , x _ 1 ) AND study . agent ( x _ 3 , Logan ) AND study . theme ( x _ 3 , x _ 1 )	elips_VPE_gen
Zoey threw a cat and so did Bella .	cat ( x _ 1 ) AND throw . agent ( x _ 2 , Zoey ) AND throw . theme ( x _ 2 , x _ 1 ) AND throw . agent ( x _ 3 , Bella ) AND throw . theme ( x _ 3 , x _ 1 )	elips_VPE_gen
The girl called the hamburger and so did James .	* girl ( x _ 0 ) ; * hamburger ( x _ 2 ) ; call . agent ( x _ 3 , x _ 0 ) AND call . theme ( x _ 3 , x _ 2 ) AND call . agent ( x _ 4 , James ) AND call . theme ( x _ 4 , x _ 2 )	elips_VPE_gen
A dog knew Penelope and so did the boy .	* boy ( x _ 1 ) ; dog ( x _ 0 ) AND know . agent ( x _ 2 , x _ 0 ) AND know . theme ( x _ 2 , Penelope ) AND know . agent ( x _ 3 , x _ 1 ) AND know . theme ( x _ 3 , Penelope )	elips_VPE_gen
The hero tolerated that Emma tossed a toy and so did the cat .	* hero ( x _ 0 ) ; * cat ( x _ 2 ) ; toy ( x _ 3 ) AND tolerate . agent ( x _ 4 , x _ 0 ) AND tolerate . ccomp ( x _ 4, x _ 5 ) AND toss . agent ( x _ 5 , Emma ) AND toss . theme ( x _ 5 , x _ 3 ) AND tolerate . agent ( x _ 6 , x _ 2 ) AND tolerate . ccomp ( x _ 6, x _ 7 ) AND toss . agent ( x _ 7 , Emma ) AND toss . theme ( x _ 7 , x _ 3 )	elips_VPE_gen
Emma called the brain and so did the girl .	* brain ( x _ 2 ) ; * girl ( x _ 1 ) ; call . agent ( x _ 3 , Emma ) AND call . theme ( x _ 3 , x _ 2 ) AND call . agent ( x _ 4 , x _ 1 ) AND call . theme ( x _ 4 , x _ 2 )	elips_VPE_gen
Ava proved that Liam pierced the girl and so did the teacher .	* girl ( x _ 2 ) ; * teacher ( x _ 1 ) ; prove . agent ( x _ 3 , Ava ) AND prove . ccomp ( x _ 3, x _ 4 ) AND pierce . agent ( x _ 4 , Liam ) AND pierce . theme ( x _ 4 , x _ 2 ) AND prove . agent ( x _ 5 , x _ 1 ) AND prove . ccomp ( x _ 5, x _ 6 ) AND pierce . agent ( x _ 6 , Liam ) AND pierce . theme ( x _ 6 , x _ 2 )	elips_VPE_gen
A baby called a cookie and so did the cat .	* cat ( x _ 2 ) ; baby ( x _ 0 ) AND cookie ( x _ 3 ) AND call . agent ( x _ 4 , x _ 0 ) AND call . theme ( x _ 4 , x _ 3 ) AND call . agent ( x _ 5 , x _ 2 ) AND call . theme ( x _ 5 , x _ 3 )	elips_VPE_gen
The patient liked that William heard a girl and so did Camila .	* patient ( x _ 0 ) ; girl ( x _ 2 ) AND like . agent ( x _ 3 , x _ 0 ) AND like . ccomp ( x _ 3, x _ 4 ) AND hear . agent ( x _ 4 , William ) AND hear . theme ( x _ 4 , x _ 2 ) AND like . agent ( x _ 5 , Camila ) AND like . ccomp ( x _ 5, x _ 6 ) AND hear . agent ( x _ 6 , William ) AND hear . theme ( x _ 6 , x _ 2 )	elips_VPE_gen
Lucas liked that a baby examined John and so did a girl .	baby ( x _ 2 ) AND girl ( x _ 1 ) AND like . agent ( x _ 3 , Lucas ) AND like . ccomp ( x _ 3, x _ 4 ) AND examine . agent ( x _ 4 , x _ 2 ) AND examine . theme ( x _ 4 , John ) AND like . agent ( x _ 5 , x _ 1 ) AND like . ccomp ( x _ 5, x _ 6 ) AND examine . agent ( x _ 6 , x _ 2 ) AND examine . theme ( x _ 6 , John )	elips_VPE_gen
Olivia liked that a girl threw John and so did the patient .	* patient ( x _ 1 ) ; girl ( x _ 2 ) AND like . agent ( x _ 3 , Olivia ) AND like . ccomp ( x _ 3, x _ 4 ) AND throw . agent ( x _ 4 , x _ 2 ) AND throw . theme ( x _ 4 , John ) AND like . agent ( x _ 5 , x _ 1 ) AND like . ccomp ( x _ 5, x _ 6 ) AND throw . agent ( x _ 6 , x _ 2 ) AND throw . theme ( x _ 6 , John )	elips_VPE_gen
A tourist worshipped Wyatt and so did Emma .	tourist ( x _ 0 ) AND worship . agent ( x _ 1 , x _ 0 ) AND worship . theme ( x _ 1 , Wyatt ) AND worship . agent ( x _ 2 , Emma ) AND worship . theme ( x _ 2 , Wyatt )	elips_VPE_gen
A frog threw Penelope and so did Emma .	frog ( x _ 0 ) AND throw . agent ( x _ 1 , x _ 0 ) AND throw . theme ( x _ 1 , Penelope ) AND throw . agent ( x _ 2 , Emma ) AND throw . theme ( x _ 2 , Penelope )	elips_VPE_gen
The girl imagined that a customer threw Layla and so did Wyatt .	* girl ( x _ 0 ) ; customer ( x _ 2 ) AND imagine . agent ( x _ 3 , x _ 0 ) AND imagine . ccomp ( x _ 3, x _ 4 ) AND throw . agent ( x _ 4 , x _ 2 ) AND throw . theme ( x _ 4 , Layla ) AND imagine . agent ( x _ 5 , Wyatt ) AND imagine . ccomp ( x _ 5, x _ 6 ) AND throw . agent ( x _ 6 , x _ 2 ) AND throw . theme ( x _ 6 , Layla )	elips_VPE_gen
A duck called Layla and so did the mouse .	* mouse ( x _ 1 ) ; duck ( x _ 0 ) AND call . agent ( x _ 2 , x _ 0 ) AND call . theme ( x _ 2 , Layla ) AND call . agent ( x _ 3 , x _ 1 ) AND call . theme ( x _ 3 , Layla )	elips_VPE_gen
The girl valued that Liam tossed the soap and so did Lucas .	* girl ( x _ 0 ) ; * soap ( x _ 2 ) ; value . agent ( x _ 3 , x _ 0 ) AND value . ccomp ( x _ 3, x _ 4 ) AND toss . agent ( x _ 4 , Liam ) AND toss . theme ( x _ 4 , x _ 2 ) AND value . agent ( x _ 5 , Lucas ) AND value . ccomp ( x _ 5, x _ 6 ) AND toss . agent ( x _ 6 , Liam ) AND toss . theme ( x _ 6 , x _ 2 )	elips_VPE_gen
A girl worshipped the cake and so did Olivia .	* cake ( x _ 2 ) ; girl ( x _ 0 ) AND worship . agent ( x _ 3 , x _ 0 ) AND worship . theme ( x _ 3 , x _ 2 ) AND worship . agent ( x _ 4 , Olivia ) AND worship . theme ( x _ 4 , x _ 2 )	elips_VPE_gen
Isaac touched the leaf and so did the child .	* leaf ( x _ 2 ) ; * child ( x _ 1 ) ; touch . agent ( x _ 3 , Isaac ) AND touch . theme ( x _ 3 , x _ 2 ) AND touch . agent ( x _ 4 , x _ 1 ) AND touch . theme ( x _ 4 , x _ 2 )	elips_VPE_gen
The princess declared that Isabella packed the girl and so did Samuel .	* princess ( x _ 0 ) ; * girl ( x _ 2 ) ; declare . agent ( x _ 3 , x _ 0 ) AND declare . ccomp ( x _ 3, x _ 4 ) AND pack . agent ( x _ 4 , Isabella ) AND pack . theme ( x _ 4 , x _ 2 ) AND declare . agent ( x _ 5 , Samuel ) AND declare . ccomp ( x _ 5, x _ 6 ) AND pack . agent ( x _ 6 , Isabella ) AND pack . theme ( x _ 6 , x _ 2 )	elips_VPE_gen
Emma appreciated that the girl saw the rose and so did Liam .	* girl ( x _ 2 ) ; * rose ( x _ 3 ) ; appreciate . agent ( x _ 4 , Emma ) AND appreciate . ccomp ( x _ 4, x _ 5 ) AND see . agent ( x _ 5 , x _ 2 ) AND see . theme ( x _ 5 , x _ 3 ) AND appreciate . agent ( x _ 6 , Liam ) AND appreciate . ccomp ( x _ 6, x _ 7 ) AND see . agent ( x _ 7 , x _ 2 ) AND see . theme ( x _ 7 , x _ 3 )	elips_VPE_gen
The crocodile saw Riley and so did a lamb .	* crocodile ( x _ 0 ) ; lamb ( x _ 1 ) AND see . agent ( x _ 2 , x _ 0 ) AND see . theme ( x _ 2 , Riley ) AND see . agent ( x _ 3 , x _ 1 ) AND see . theme ( x _ 3 , Riley )	elips_VPE_gen
Emma noticed that the cat touched the cake and so did a girl .	* cat ( x _ 3 ) ; * cake ( x _ 4 ) ; girl ( x _ 2 ) AND notice . agent ( x _ 5 , Emma ) AND notice . ccomp ( x _ 5, x _ 6 ) AND touch . agent ( x _ 6 , x _ 3 ) AND touch . theme ( x _ 6 , x _ 4 ) AND notice . agent ( x _ 7 , x _ 2 ) AND notice . ccomp ( x _ 7, x _ 8 ) AND touch . agent ( x _ 8 , x _ 3 ) AND touch . theme ( x _ 8 , x _ 4 )	elips_VPE_gen
Victoria said that William stabbed Wyatt and so did Emma .	say . agent ( x _ 0 , Victoria ) AND say . ccomp ( x _ 0, x _ 1 ) AND stab . agent ( x _ 1 , William ) AND stab . theme ( x _ 1 , Wyatt ) AND say . agent ( x _ 2 , Emma ) AND say . ccomp ( x _ 2, x _ 3 ) AND stab . agent ( x _ 3 , William ) AND stab . theme ( x _ 3 , Wyatt )	elips_VPE_gen
The girl respected that Liam heard the dog and so did Nora .	* girl ( x _ 0 ) ; * dog ( x _ 2 ) ; respect . agent ( x _ 3 , x _ 0 ) AND respect . ccomp ( x _ 3, x _ 4 ) AND hear . agent ( x _ 4 , Liam ) AND hear . theme ( x _ 4 , x _ 2 ) AND respect . agent ( x _ 5 , Nora ) AND respect . ccomp ( x _ 5, x _ 6 ) AND hear . agent ( x _ 6 , Liam ) AND hear . theme ( x _ 6 , x _ 2 )	elips_VPE_gen
Jacob packed a box and so did Liam .	box ( x _ 1 ) AND pack . agent ( x _ 2 , Jacob ) AND pack . theme ( x _ 2 , x _ 1 ) AND pack . agent ( x _ 3 , Liam ) AND pack . theme ( x _ 3 , x _ 1 )	elips_VPE_gen
A chicken respected that the cat tossed Brooklyn and so did Emma .	* cat ( x _ 2 ) ; chicken ( x _ 0 ) AND respect . agent ( x _ 3 , x _ 0 ) AND respect . ccomp ( x _ 3, x _ 4 ) AND toss . agent ( x _ 4 , x _ 2 ) AND toss . theme ( x _ 4 , Brooklyn ) AND respect . agent ( x _ 5 , Emma ) AND respect . ccomp ( x _ 5, x _ 6 ) AND toss . agent ( x _ 6 , x _ 2 ) AND toss . theme ( x _ 6 , Brooklyn )	elips_VPE_gen
Emma called the deer and so did a customer .	* deer ( x _ 2 ) ; customer ( x _ 1 ) AND call . agent ( x _ 3 , Emma ) AND call . theme ( x _ 3 , x _ 2 ) AND call . agent ( x _ 4 , x _ 1 ) AND call . theme ( x _ 4 , x _ 2 )	elips_VPE_gen
The professor held the jar and so did a writer .	* professor ( x _ 0 ) ; * jar ( x _ 3 ) ; writer ( x _ 2 ) AND hold . agent ( x _ 4 , x _ 0 ) AND hold . theme ( x _ 4 , x _ 3 ) AND hold . agent ( x _ 5 , x _ 2 ) AND hold . theme ( x _ 5 , x _ 3 )	elips_VPE_gen
James heard the cake and so did a girl .	* cake ( x _ 2 ) ; girl ( x _ 1 ) AND hear . agent ( x _ 3 , James ) AND hear . theme ( x _ 3 , x _ 2 ) AND hear . agent ( x _ 4 , x _ 1 ) AND hear . theme ( x _ 4 , x _ 2 )	elips_VPE_gen
Harper knew Stella and so did the writer .	* writer ( x _ 0 ) ; know . agent ( x _ 1 , Harper ) AND know . theme ( x _ 1 , Stella ) AND know . agent ( x _ 2 , x _ 0 ) AND know . theme ( x _ 2 , Stella )	elips_VPE_gen
Elijah threw Anthony and so did Ava .	throw . agent ( x _ 0 , Elijah ) AND throw . theme ( x _ 0 , Anthony ) AND throw . agent ( x _ 1 , Ava ) AND throw . theme ( x _ 1 , Anthony )	elips_VPE_gen
A girl liked that Noah examined the child and so did a baby .	* child ( x _ 3 ) ; girl ( x _ 0 ) AND baby ( x _ 2 ) AND like . agent ( x _ 4 , x _ 0 ) AND like . ccomp ( x _ 4, x _ 5 ) AND examine . agent ( x _ 5 , Noah ) AND examine . theme ( x _ 5 , x _ 3 ) AND like . agent ( x _ 6 , x _ 2 ) AND like . ccomp ( x _ 6, x _ 7 ) AND examine . agent ( x _ 7 , Noah ) AND examine . theme ( x _ 7 , x _ 3 )	elips_VPE_gen
A boy held the hero and so did Christopher .	* hero ( x _ 2 ) ; boy ( x _ 0 ) AND hold . agent ( x _ 3 , x _ 0 ) AND hold . theme ( x _ 3 , x _ 2 ) AND hold . agent ( x _ 4 , Christopher ) AND hold . theme ( x _ 4 , x _ 2 )	elips_VPE_gen
Michael called a baby and so did a judge .	baby ( x _ 2 ) AND judge ( x _ 1 ) AND call . agent ( x _ 3 , Michael ) AND call . theme ( x _ 3 , x _ 2 ) AND call . agent ( x _ 4 , x _ 1 ) AND call . theme ( x _ 4 , x _ 2 )	elips_VPE_gen
Noah heard a can and so did a girl .	can ( x _ 2 ) AND girl ( x _ 1 ) AND hear . agent ( x _ 3 , Noah ) AND hear . theme ( x _ 3 , x _ 2 ) AND hear . agent ( x _ 4 , x _ 1 ) AND hear . theme ( x _ 4 , x _ 2 )	elips_VPE_gen
Liam packed the teacher and so did William .	* teacher ( x _ 1 ) ; pack . agent ( x _ 2 , Liam ) AND pack . theme ( x _ 2 , x _ 1 ) AND pack . agent ( x _ 3 , William ) AND pack . theme ( x _ 3 , x _ 1 )	elips_VPE_gen
The dog said that Mia heard a pen and so did the cat .	* dog ( x _ 0 ) ; * cat ( x _ 2 ) ; pen ( x _ 3 ) AND say . agent ( x _ 4 , x _ 0 ) AND say . ccomp ( x _ 4, x _ 5 ) AND hear . agent ( x _ 5 , Mia ) AND hear . theme ( x _ 5 , x _ 3 ) AND say . agent ( x _ 6 , x _ 2 ) AND say . ccomp ( x _ 6, x _ 7 ) AND hear . agent ( x _ 7 , Mia ) AND hear . theme ( x _ 7 , x _ 3 )	elips_VPE_gen
Elijah called a rose and so did Emma .	rose ( x _ 1 ) AND call . agent ( x _ 2 , Elijah ) AND call . theme ( x _ 2 , x _ 1 ) AND call . agent ( x _ 3 , Emma ) AND call . theme ( x _ 3 , x _ 1 )	elips_VPE_gen
A baby threw the cake and so did Liam .	* cake ( x _ 2 ) ; baby ( x _ 0 ) AND throw . agent ( x _ 3 , x _ 0 ) AND throw . theme ( x _ 3 , x _ 2 ) AND throw . agent ( x _ 4 , Liam ) AND throw . theme ( x _ 4 , x _ 2 )	elips_VPE_gen
The wolf threw Violet and so did Olivia .	* wolf ( x _ 0 ) ; throw . agent ( x _ 1 , x _ 0 ) AND throw . theme ( x _ 1 , Violet ) AND throw . agent ( x _ 2 , Olivia ) AND throw . theme ( x _ 2 , Violet )	elips_VPE_gen
A moose pierced a frog and so did a mouse .	moose ( x _ 0 ) AND frog ( x _ 3 ) AND mouse ( x _ 2 ) AND pierce . agent ( x _ 4 , x _ 0 ) AND pierce . theme ( x _ 4 , x _ 3 ) AND pierce . agent ( x _ 5 , x _ 2 ) AND pierce . theme ( x _ 5 , x _ 3 )	elips_VPE_gen
The dog packed a jigsaw and so did the zebra .	* dog ( x _ 0 ) ; * zebra ( x _ 2 ) ; jigsaw ( x _ 3 ) AND pack . agent ( x _ 4 , x _ 0 ) AND pack . theme ( x _ 4 , x _ 3 ) AND pack . agent ( x _ 5 , x _ 2 ) AND pack . theme ( x _ 5 , x _ 3 )	elips_VPE_gen
Emma liked that a boy packed the cookie and so did Aurora .	* cookie ( x _ 3 ) ; boy ( x _ 2 ) AND like . agent ( x _ 4 , Emma ) AND like . ccomp ( x _ 4, x _ 5 ) AND pack . agent ( x _ 5 , x _ 2 ) AND pack . theme ( x _ 5 , x _ 3 ) AND like . agent ( x _ 6 , Aurora ) AND like . ccomp ( x _ 6, x _ 7 ) AND pack . agent ( x _ 7 , x _ 2 ) AND pack . theme ( x _ 7 , x _ 3 )	elips_VPE_gen
James knew a cake and so did the girl .	* girl ( x _ 1 ) ; cake ( x _ 2 ) AND know . agent ( x _ 3 , James ) AND know . theme ( x _ 3 , x _ 2 ) AND know . agent ( x _ 4 , x _ 1 ) AND know . theme ( x _ 4 , x _ 2 )	elips_VPE_gen
Jacob supported that Emma valued Christopher and so did Liam .	support . agent ( x _ 0 , Jacob ) AND support . ccomp ( x _ 0, x _ 1 ) AND value . agent ( x _ 1 , Emma ) AND value . theme ( x _ 1 , Christopher ) AND support . agent ( x _ 2 , Liam ) AND support . ccomp ( x _ 2, x _ 3 ) AND value . agent ( x _ 3 , Emma ) AND value . theme ( x _ 3 , Christopher )	elips_VPE_gen
A bear worshipped the ball and so did Liam .	* ball ( x _ 2 ) ; bear ( x _ 0 ) AND worship . agent ( x _ 3 , x _ 0 ) AND worship . theme ( x _ 3 , x _ 2 ) AND worship . agent ( x _ 4 , Liam ) AND worship . theme ( x _ 4 , x _ 2 )	elips_VPE_gen
Jack called the hero and so did Noah .	* hero ( x _ 1 ) ; call . agent ( x _ 2 , Jack ) AND call . theme ( x _ 2 , x _ 1 ) AND call . agent ( x _ 3 , Noah ) AND call . theme ( x _ 3 , x _ 1 )	elips_VPE_gen
A frog heard Julian and so did Olivia .	frog ( x _ 0 ) AND hear . agent ( x _ 1 , x _ 0 ) AND hear . theme ( x _ 1 , Julian ) AND hear . agent ( x _ 2 , Olivia ) AND hear . theme ( x _ 2 , Julian )	elips_VPE_gen
The turkey worshipped the child and so did a horse .	* turkey ( x _ 0 ) ; * child ( x _ 3 ) ; horse ( x _ 2 ) AND worship . agent ( x _ 4 , x _ 0 ) AND worship . theme ( x _ 4 , x _ 3 ) AND worship . agent ( x _ 5 , x _ 2 ) AND worship . theme ( x _ 5 , x _ 3 )	elips_VPE_gen
A boy saw the block and so did the girl .	* block ( x _ 3 ) ; * girl ( x _ 2 ) ; boy ( x _ 0 ) AND see . agent ( x _ 4 , x _ 0 ) AND see . theme ( x _ 4 , x _ 3 ) AND see . agent ( x _ 5 , x _ 2 ) AND see . theme ( x _ 5 , x _ 3 )	elips_VPE_gen
Andrew saw a muffin and so did Carter .	muffin ( x _ 1 ) AND see . agent ( x _ 2 , Andrew ) AND see . theme ( x _ 2 , x _ 1 ) AND see . agent ( x _ 3 , Carter ) AND see . theme ( x _ 3 , x _ 1 )	elips_VPE_gen
A child confessed that Layla examined a sandwich and so did Liam .	child ( x _ 0 ) AND sandwich ( x _ 2 ) AND confess . agent ( x _ 3 , x _ 0 ) AND confess . ccomp ( x _ 3, x _ 4 ) AND examine . agent ( x _ 4 , Layla ) AND examine . theme ( x _ 4 , x _ 2 ) AND confess . agent ( x _ 5 , Liam ) AND confess . ccomp ( x _ 5, x _ 6 ) AND examine . agent ( x _ 6 , Layla ) AND examine . theme ( x _ 6 , x _ 2 )	elips_VPE_gen
Asher tossed the cake and so did Elijah .	* cake ( x _ 1 ) ; toss . agent ( x _ 2 , Asher ) AND toss . theme ( x _ 2 , x _ 1 ) AND toss . agent ( x _ 3 , Elijah ) AND toss . theme ( x _ 3 , x _ 1 )	elips_VPE_gen
The bear hoped that Elijah called Penelope and so did James .	* bear ( x _ 0 ) ; hope . agent ( x _ 1 , x _ 0 ) AND hope . ccomp ( x _ 1, x _ 2 ) AND call . agent ( x _ 2 , Elijah ) AND call . theme ( x _ 2 , Penelope ) AND hope . agent ( x _ 3 , James ) AND hope . ccomp ( x _ 3, x _ 4 ) AND call . agent ( x _ 4 , Elijah ) AND call . theme ( x _ 4 , Penelope )	elips_VPE_gen
Sofia heard the donut and so did a poet .	* donut ( x _ 2 ) ; poet ( x _ 1 ) AND hear . agent ( x _ 3 , Sofia ) AND hear . theme ( x _ 3 , x _ 2 ) AND hear . agent ( x _ 4 , x _ 1 ) AND hear . theme ( x _ 4 , x _ 2 )	elips_VPE_gen
A consumer held a rose and so did Camila .	consumer ( x _ 0 ) AND rose ( x _ 2 ) AND hold . agent ( x _ 3 , x _ 0 ) AND hold . theme ( x _ 3 , x _ 2 ) AND hold . agent ( x _ 4 , Camila ) AND hold . theme ( x _ 4 , x _ 2 )	elips_VPE_gen
Madison tolerated Wyatt and so did Ava .	tolerate . agent ( x _ 0 , Madison ) AND tolerate . theme ( x _ 0 , Wyatt ) AND tolerate . agent ( x _ 1 , Ava ) AND tolerate . theme ( x _ 1 , Wyatt )	elips_VPE_gen
The cat confessed that the professor tolerated the drink and so did Sophia .	* cat ( x _ 0 ) ; * professor ( x _ 3 ) ; * drink ( x _ 4 ) ; confess . agent ( x _ 5 , x _ 0 ) AND confess . ccomp ( x _ 5, x _ 6 ) AND tolerate . agent ( x _ 6 , x _ 3 ) AND tolerate . theme ( x _ 6 , x _ 4 ) AND confess . agent ( x _ 7 , Sophia ) AND confess . ccomp ( x _ 7, x _ 8 ) AND tolerate . agent ( x _ 8 , x _ 3 ) AND tolerate . theme ( x _ 8 , x _ 4 )	elips_VPE_gen
Ellie liked that a girl called a cookie and so did Sophia .	girl ( x _ 2 ) AND cookie ( x _ 3 ) AND like . agent ( x _ 4 , Ellie ) AND like . ccomp ( x _ 4, x _ 5 ) AND call . agent ( x _ 5 , x _ 2 ) AND call . theme ( x _ 5 , x _ 3 ) AND like . agent ( x _ 6 , Sophia ) AND like . ccomp ( x _ 6, x _ 7 ) AND call . agent ( x _ 7 , x _ 2 ) AND call . theme ( x _ 7 , x _ 3 )	elips_VPE_gen
Olivia liked that Isabella called a girl and so did Emma .	girl ( x _ 1 ) AND like . agent ( x _ 2 , Olivia ) AND like . ccomp ( x _ 2, x _ 3 ) AND call . agent ( x _ 3 , Isabella ) AND call . theme ( x _ 3 , x _ 1 ) AND like . agent ( x _ 4 , Emma ) AND like . ccomp ( x _ 4, x _ 5 ) AND call . agent ( x _ 5 , Isabella ) AND call . theme ( x _ 5 , x _ 1 )	elips_VPE_gen
The child examined a cake and so did the writer .	* child ( x _ 0 ) ; * writer ( x _ 2 ) ; cake ( x _ 3 ) AND examine . agent ( x _ 4 , x _ 0 ) AND examine . theme ( x _ 4 , x _ 3 ) AND examine . agent ( x _ 5 , x _ 2 ) AND examine . theme ( x _ 5 , x _ 3 )	elips_VPE_gen
The girl hoped that Evelyn tolerated a pen and so did a dog .	* girl ( x _ 0 ) ; pen ( x _ 3 ) AND dog ( x _ 2 ) AND hope . agent ( x _ 4 , x _ 0 ) AND hope . ccomp ( x _ 4, x _ 5 ) AND tolerate . agent ( x _ 5 , Evelyn ) AND tolerate . theme ( x _ 5 , x _ 3 ) AND hope . agent ( x _ 6 , x _ 2 ) AND hope . ccomp ( x _ 6, x _ 7 ) AND tolerate . agent ( x _ 7 , Evelyn ) AND tolerate . theme ( x _ 7 , x _ 3 )	elips_VPE_gen
The poet discovered the brain and so did the friend .	* poet ( x _ 0 ) ; * brain ( x _ 3 ) ; * friend ( x _ 2 ) ; discover . agent ( x _ 4 , x _ 0 ) AND discover . theme ( x _ 4 , x _ 3 ) AND discover . agent ( x _ 5 , x _ 2 ) AND discover . theme ( x _ 5 , x _ 3 )	elips_VPE_gen
The cat noticed that a girl knew a potato and so did Emma .	* cat ( x _ 0 ) ; girl ( x _ 3 ) AND potato ( x _ 4 ) AND notice . agent ( x _ 5 , x _ 0 ) AND notice . ccomp ( x _ 5, x _ 6 ) AND know . agent ( x _ 6 , x _ 3 ) AND know . theme ( x _ 6 , x _ 4 ) AND notice . agent ( x _ 7 , Emma ) AND notice . ccomp ( x _ 7, x _ 8 ) AND know . agent ( x _ 8 , x _ 3 ) AND know . theme ( x _ 8 , x _ 4 )	elips_VPE_gen
Olivia wished that Eleanor examined a melon and so did Emma .	melon ( x _ 1 ) AND wish . agent ( x _ 2 , Olivia ) AND wish . ccomp ( x _ 2, x _ 3 ) AND examine . agent ( x _ 3 , Eleanor ) AND examine . theme ( x _ 3 , x _ 1 ) AND wish . agent ( x _ 4 , Emma ) AND wish . ccomp ( x _ 4, x _ 5 ) AND examine . agent ( x _ 5 , Eleanor ) AND examine . theme ( x _ 5 , x _ 1 )	elips_VPE_gen
A boy valued the girl and so did Zoe .	* girl ( x _ 2 ) ; boy ( x _ 0 ) AND value . agent ( x _ 3 , x _ 0 ) AND value . theme ( x _ 3 , x _ 2 ) AND value . agent ( x _ 4 , Zoe ) AND value . theme ( x _ 4 , x _ 2 )	elips_VPE_gen
Sophia packed Audrey and so did Leo .	pack . agent ( x _ 0 , Sophia ) AND pack . theme ( x _ 0 , Audrey ) AND pack . agent ( x _ 1 , Leo ) AND pack . theme ( x _ 1 , Audrey )	elips_VPE_gen
A boy packed Lily and so did Emma .	boy ( x _ 0 ) AND pack . agent ( x _ 1 , x _ 0 ) AND pack . theme ( x _ 1 , Lily ) AND pack . agent ( x _ 2 , Emma ) AND pack . theme ( x _ 2 , Lily )	elips_VPE_gen
A giraffe studied the cake and so did the baby .	* cake ( x _ 3 ) ; * baby ( x _ 2 ) ; giraffe ( x _ 0 ) AND study . agent ( x _ 4 , x _ 0 ) AND study . theme ( x _ 4 , x _ 3 ) AND study . agent ( x _ 5 , x _ 2 ) AND study . theme ( x _ 5 , x _ 3 )	elips_VPE_gen
Ava tolerated Wyatt and so did the girl .	* girl ( x _ 0 ) ; tolerate . agent ( x _ 1 , Ava ) AND tolerate . theme ( x _ 1 , Wyatt ) AND tolerate . agent ( x _ 2 , x _ 0 ) AND tolerate . theme ( x _ 2 , Wyatt )	elips_VPE_gen
Ethan observed a donut and so did Emma .	donut ( x _ 1 ) AND observe . agent ( x _ 2 , Ethan ) AND observe . theme ( x _ 2 , x _ 1 ) AND observe . agent ( x _ 3 , Emma ) AND observe . theme ( x _ 3 , x _ 1 )	elips_VPE_gen
The boy threw a dog and so did Emma .	* boy ( x _ 0 ) ; dog ( x _ 2 ) AND throw . agent ( x _ 3 , x _ 0 ) AND throw . theme ( x _ 3 , x _ 2 ) AND throw . agent ( x _ 4 , Emma ) AND throw . theme ( x _ 4 , x _ 2 )	elips_VPE_gen
A dog worshipped Zoey and so did a baby .	dog ( x _ 0 ) AND baby ( x _ 1 ) AND worship . agent ( x _ 2 , x _ 0 ) AND worship . theme ( x _ 2 , Zoey ) AND worship . agent ( x _ 3 , x _ 1 ) AND worship . theme ( x _ 3 , Zoey )	elips_VPE_gen
The girl threw Penelope and so did a duck .	* girl ( x _ 0 ) ; duck ( x _ 1 ) AND throw . agent ( x _ 2 , x _ 0 ) AND throw . theme ( x _ 2 , Penelope ) AND throw . agent ( x _ 3 , x _ 1 ) AND throw . theme ( x _ 3 , Penelope )	elips_VPE_gen
Olivia touched Nora and so did Natalie .	touch . agent ( x _ 0 , Olivia ) AND touch . theme ( x _ 0 , Nora ) AND touch . agent ( x _ 1 , Natalie ) AND touch . theme ( x _ 1 , Nora )	elips_VPE_gen
The girl confessed that Emma called the raisin and so did Liam .	* girl ( x _ 0 ) ; * raisin ( x _ 2 ) ; confess . agent ( x _ 3 , x _ 0 ) AND confess . ccomp ( x _ 3, x _ 4 ) AND call . agent ( x _ 4 , Emma ) AND call . theme ( x _ 4 , x _ 2 ) AND confess . agent ( x _ 5 , Liam ) AND confess . ccomp ( x _ 5, x _ 6 ) AND call . agent ( x _ 6 , Emma ) AND call . theme ( x _ 6 , x _ 2 )	elips_VPE_gen
A cat threw a cookie and so did Emma .	cat ( x _ 0 ) AND cookie ( x _ 2 ) AND throw . agent ( x _ 3 , x _ 0 ) AND throw . theme ( x _ 3 , x _ 2 ) AND throw . agent ( x _ 4 , Emma ) AND throw . theme ( x _ 4 , x _ 2 )	elips_VPE_gen
Avery threw a cake and so did the baby .	* baby ( x _ 1 ) ; cake ( x _ 2 ) AND throw . agent ( x _ 3 , Avery ) AND throw . theme ( x _ 3 , x _ 2 ) AND throw . agent ( x _ 4 , x _ 1 ) AND throw . theme ( x _ 4 , x _ 2 )	elips_VPE_gen
The girl tolerated Penelope and so did a mouse .	* girl ( x _ 0 ) ; mouse ( x _ 1 ) AND tolerate . agent ( x _ 2 , x _ 0 ) AND tolerate . theme ( x _ 2 , Penelope ) AND tolerate . agent ( x _ 3 , x _ 1 ) AND tolerate . theme ( x _ 3 , Penelope )	elips_VPE_gen
The guest hoped that the penguin packed a weapon and so did Hazel .	* guest ( x _ 0 ) ; * penguin ( x _ 3 ) ; weapon ( x _ 4 ) AND hope . agent ( x _ 5 , x _ 0 ) AND hope . ccomp ( x _ 5, x _ 6 ) AND pack . agent ( x _ 6 , x _ 3 ) AND pack . theme ( x _ 6 , x _ 4 ) AND hope . agent ( x _ 7 , Hazel ) AND hope . ccomp ( x _ 7, x _ 8 ) AND pack . agent ( x _ 8 , x _ 3 ) AND pack . theme ( x _ 8 , x _ 4 )	elips_VPE_gen
Liam wished that a girl knew the baby and so did Mia .	* baby ( x _ 3 ) ; girl ( x _ 2 ) AND wish . agent ( x _ 4 , Liam ) AND wish . ccomp ( x _ 4, x _ 5 ) AND know . agent ( x _ 5 , x _ 2 ) AND know . theme ( x _ 5 , x _ 3 ) AND wish . agent ( x _ 6 , Mia ) AND wish . ccomp ( x _ 6, x _ 7 ) AND know . agent ( x _ 7 , x _ 2 ) AND know . theme ( x _ 7 , x _ 3 )	elips_VPE_gen
A boy called Penelope and so did a girl .	boy ( x _ 0 ) AND girl ( x _ 1 ) AND call . agent ( x _ 2 , x _ 0 ) AND call . theme ( x _ 2 , Penelope ) AND call . agent ( x _ 3 , x _ 1 ) AND call . theme ( x _ 3 , Penelope )	elips_VPE_gen
Liam valued Eleanor and so did Nathan .	value . agent ( x _ 0 , Liam ) AND value . theme ( x _ 0 , Eleanor ) AND value . agent ( x _ 1 , Nathan ) AND value . theme ( x _ 1 , Eleanor )	elips_VPE_gen
The girl studied Hannah and so did Emma .	* girl ( x _ 0 ) ; study . agent ( x _ 1 , x _ 0 ) AND study . theme ( x _ 1 , Hannah ) AND study . agent ( x _ 2 , Emma ) AND study . theme ( x _ 2 , Hannah )	elips_VPE_gen
Emma valued Penelope and so did the zebra .	* zebra ( x _ 0 ) ; value . agent ( x _ 1 , Emma ) AND value . theme ( x _ 1 , Penelope ) AND value . agent ( x _ 2 , x _ 0 ) AND value . theme ( x _ 2 , Penelope )	elips_VPE_gen
Avery threw Grayson and so did Ava .	throw . agent ( x _ 0 , Avery ) AND throw . theme ( x _ 0 , Grayson ) AND throw . agent ( x _ 1 , Ava ) AND throw . theme ( x _ 1 , Grayson )	elips_VPE_gen
The farmer investigated the cake and so did the girl .	* farmer ( x _ 0 ) ; * cake ( x _ 3 ) ; * girl ( x _ 2 ) ; investigate . agent ( x _ 4 , x _ 0 ) AND investigate . theme ( x _ 4 , x _ 3 ) AND investigate . agent ( x _ 5 , x _ 2 ) AND investigate . theme ( x _ 5 , x _ 3 )	elips_VPE_gen
Noah threw a donut and so did a girl .	donut ( x _ 2 ) AND girl ( x _ 1 ) AND throw . agent ( x _ 3 , Noah ) AND throw . theme ( x _ 3 , x _ 2 ) AND throw . agent ( x _ 4 , x _ 1 ) AND throw . theme ( x _ 4 , x _ 2 )	elips_VPE_gen
Lillian heard the cake and so did Noah .	* cake ( x _ 1 ) ; hear . agent ( x _ 2 , Lillian ) AND hear . theme ( x _ 2 , x _ 1 ) AND hear . agent ( x _ 3 , Noah ) AND hear . theme ( x _ 3 , x _ 1 )	elips_VPE_gen
The baby valued the pencil and so did Levi .	* baby ( x _ 0 ) ; * pencil ( x _ 2 ) ; value . agent ( x _ 3 , x _ 0 ) AND value . theme ( x _ 3 , x _ 2 ) AND value . agent ( x _ 4 , Levi ) AND value . theme ( x _ 4 , x _ 2 )	elips_VPE_gen
A moose packed the strawberry and so did a girl .	* strawberry ( x _ 3 ) ; moose ( x _ 0 ) AND girl ( x _ 2 ) AND pack . agent ( x _ 4 , x _ 0 ) AND pack . theme ( x _ 4 , x _ 3 ) AND pack . agent ( x _ 5 , x _ 2 ) AND pack . theme ( x _ 5 , x _ 3 )	elips_VPE_gen
Liam valued the boy and so did Emma .	* boy ( x _ 1 ) ; value . agent ( x _ 2 , Liam ) AND value . theme ( x _ 2 , x _ 1 ) AND value . agent ( x _ 3 , Emma ) AND value . theme ( x _ 3 , x _ 1 )	elips_VPE_gen
The child hoped that the baby saw the bear and so did Amelia .	* child ( x _ 0 ) ; * baby ( x _ 3 ) ; * bear ( x _ 4 ) ; hope . agent ( x _ 5 , x _ 0 ) AND hope . ccomp ( x _ 5, x _ 6 ) AND see . agent ( x _ 6 , x _ 3 ) AND see . theme ( x _ 6 , x _ 4 ) AND hope . agent ( x _ 7 , Amelia ) AND hope . ccomp ( x _ 7, x _ 8 ) AND see . agent ( x _ 8 , x _ 3 ) AND see . theme ( x _ 8 , x _ 4 )	elips_VPE_gen
Olivia hoped that the girl packed a cake and so did Aiden .	* girl ( x _ 2 ) ; cake ( x _ 3 ) AND hope . agent ( x _ 4 , Olivia ) AND hope . ccomp ( x _ 4, x _ 5 ) AND pack . agent ( x _ 5 , x _ 2 ) AND pack . theme ( x _ 5 , x _ 3 ) AND hope . agent ( x _ 6 , Aiden ) AND hope . ccomp ( x _ 6, x _ 7 ) AND pack . agent ( x _ 7 , x _ 2 ) AND pack . theme ( x _ 7 , x _ 3 )	elips_VPE_gen
The girl liked that Michael threw a cookie and so did the student .	* girl ( x _ 0 ) ; * student ( x _ 2 ) ; cookie ( x _ 3 ) AND like . agent ( x _ 4 , x _ 0 ) AND like . ccomp ( x _ 4, x _ 5 ) AND throw . agent ( x _ 5 , Michael ) AND throw . theme ( x _ 5 , x _ 3 ) AND like . agent ( x _ 6 , x _ 2 ) AND like . ccomp ( x _ 6, x _ 7 ) AND throw . agent ( x _ 7 , Michael ) AND throw . theme ( x _ 7 , x _ 3 )	elips_VPE_gen
A boy liked that the girl threw a cookie and so did a manager .	* girl ( x _ 4 ) ; boy ( x _ 0 ) AND cookie ( x _ 5 ) AND manager ( x _ 3 ) AND like . agent ( x _ 6 , x _ 0 ) AND like . ccomp ( x _ 6, x _ 7 ) AND throw . agent ( x _ 7 , x _ 4 ) AND throw . theme ( x _ 7 , x _ 5 ) AND like . agent ( x _ 8 , x _ 3 ) AND like . ccomp ( x _ 8, x _ 9 ) AND throw . agent ( x _ 9 , x _ 4 ) AND throw . theme ( x _ 9 , x _ 5 )	elips_VPE_gen
Emma heard Penelope and so did the girl .	* girl ( x _ 0 ) ; hear . agent ( x _ 1 , Emma ) AND hear . theme ( x _ 1 , Penelope ) AND hear . agent ( x _ 2 , x _ 0 ) AND hear . theme ( x _ 2 , Penelope )	elips_VPE_gen
A hero called the cake and so did a girl .	* cake ( x _ 3 ) ; hero ( x _ 0 ) AND girl ( x _ 2 ) AND call . agent ( x _ 4 , x _ 0 ) AND call . theme ( x _ 4 , x _ 3 ) AND call . agent ( x _ 5 , x _ 2 ) AND call . theme ( x _ 5 , x _ 3 )	elips_VPE_gen
A dog threw a cake and so did Emma .	dog ( x _ 0 ) AND cake ( x _ 2 ) AND throw . agent ( x _ 3 , x _ 0 ) AND throw . theme ( x _ 3 , x _ 2 ) AND throw . agent ( x _ 4 , Emma ) AND throw . theme ( x _ 4 , x _ 2 )	elips_VPE_gen
Emma said that a doctor pierced the chicken and so did the teacher .	* chicken ( x _ 4 ) ; * teacher ( x _ 2 ) ; doctor ( x _ 3 ) AND say . agent ( x _ 5 , Emma ) AND say . ccomp ( x _ 5, x _ 6 ) AND pierce . agent ( x _ 6 , x _ 3 ) AND pierce . theme ( x _ 6 , x _ 4 ) AND say . agent ( x _ 7 , x _ 2 ) AND say . ccomp ( x _ 7, x _ 8 ) AND pierce . agent ( x _ 8 , x _ 3 ) AND pierce . theme ( x _ 8 , x _ 4 )	elips_VPE_gen
Olivia valued the donut and so did a girl .	* donut ( x _ 2 ) ; girl ( x _ 1 ) AND value . agent ( x _ 3 , Olivia ) AND value . theme ( x _ 3 , x _ 2 ) AND value . agent ( x _ 4 , x _ 1 ) AND value . theme ( x _ 4 , x _ 2 )	elips_VPE_gen
The turkey threw the plant and so did Alexander .	* turkey ( x _ 0 ) ; * plant ( x _ 2 ) ; throw . agent ( x _ 3 , x _ 0 ) AND throw . theme ( x _ 3 , x _ 2 ) AND throw . agent ( x _ 4 , Alexander ) AND throw . theme ( x _ 4 , x _ 2 )	elips_VPE_gen
The girl threw a cake and so did the chief .	* girl ( x _ 0 ) ; * chief ( x _ 2 ) ; cake ( x _ 3 ) AND throw . agent ( x _ 4 , x _ 0 ) AND throw . theme ( x _ 4 , x _ 3 ) AND throw . agent ( x _ 5 , x _ 2 ) AND throw . theme ( x _ 5 , x _ 3 )	elips_VPE_gen
Emma threw Lily and so did Sophia .	throw . agent ( x _ 0 , Emma ) AND throw . theme ( x _ 0 , Lily ) AND throw . agent ( x _ 1 , Sophia ) AND throw . theme ( x _ 1 , Lily )	elips_VPE_gen
The prince touched a cake and so did Evelyn .	* prince ( x _ 0 ) ; cake ( x _ 2 ) AND touch . agent ( x _ 3 , x _ 0 ) AND touch . theme ( x _ 3 , x _ 2 ) AND touch . agent ( x _ 4 , Evelyn ) AND touch . theme ( x _ 4 , x _ 2 )	elips_VPE_gen
Jayden packed a president and so did Noah .	president ( x _ 1 ) AND pack . agent ( x _ 2 , Jayden ) AND pack . theme ( x _ 2 , x _ 1 ) AND pack . agent ( x _ 3 , Noah ) AND pack . theme ( x _ 3 , x _ 1 )	elips_VPE_gen
Liam noticed that a girl stabbed a sandwich and so did Emma .	girl ( x _ 2 ) AND sandwich ( x _ 3 ) AND notice . agent ( x _ 4 , Liam ) AND notice . ccomp ( x _ 4, x _ 5 ) AND stab . agent ( x _ 5 , x _ 2 ) AND stab . theme ( x _ 5 , x _ 3 ) AND notice . agent ( x _ 6 , Emma ) AND notice . ccomp ( x _ 6, x _ 7 ) AND stab . agent ( x _ 7 , x _ 2 ) AND stab . theme ( x _ 7 , x _ 3 )	elips_VPE_gen
The boy packed the cake and so did a princess .	* boy ( x _ 0 ) ; * cake ( x _ 3 ) ; princess ( x _ 2 ) AND pack . agent ( x _ 4 , x _ 0 ) AND pack . theme ( x _ 4 , x _ 3 ) AND pack . agent ( x _ 5 , x _ 2 ) AND pack . theme ( x _ 5 , x _ 3 )	elips_VPE_gen
Elizabeth believed that the judge called Nathan and so did a kid .	* judge ( x _ 2 ) ; kid ( x _ 1 ) AND believe . agent ( x _ 3 , Elizabeth ) AND believe . ccomp ( x _ 3, x _ 4 ) AND call . agent ( x _ 4 , x _ 2 ) AND call . theme ( x _ 4 , Nathan ) AND believe . agent ( x _ 5 , x _ 1 ) AND believe . ccomp ( x _ 5, x _ 6 ) AND call . agent ( x _ 6 , x _ 2 ) AND call . theme ( x _ 6 , Nathan )	elips_VPE_gen
Emma noticed a lawyer and so did Skylar .	lawyer ( x _ 1 ) AND notice . agent ( x _ 2 , Emma ) AND notice . theme ( x _ 2 , x _ 1 ) AND notice . agent ( x _ 3 , Skylar ) AND notice . theme ( x _ 3 , x _ 1 )	elips_VPE_gen
The girl liked that Emma packed Penelope and so did Oliver .	* girl ( x _ 0 ) ; like . agent ( x _ 1 , x _ 0 ) AND like . ccomp ( x _ 1, x _ 2 ) AND pack . agent ( x _ 2 , Emma ) AND pack . theme ( x _ 2 , Penelope ) AND like . agent ( x _ 3 , Oliver ) AND like . ccomp ( x _ 3, x _ 4 ) AND pack . agent ( x _ 4 , Emma ) AND pack . theme ( x _ 4 , Penelope )	elips_VPE_gen
Aubrey packed a cookie and so did Emma .	cookie ( x _ 1 ) AND pack . agent ( x _ 2 , Aubrey ) AND pack . theme ( x _ 2 , x _ 1 ) AND pack . agent ( x _ 3 , Emma ) AND pack . theme ( x _ 3 , x _ 1 )	elips_VPE_gen
A lion threw Wyatt and so did a monster .	lion ( x _ 0 ) AND monster ( x _ 1 ) AND throw . agent ( x _ 2 , x _ 0 ) AND throw . theme ( x _ 2 , Wyatt ) AND throw . agent ( x _ 3 , x _ 1 ) AND throw . theme ( x _ 3 , Wyatt )	elips_VPE_gen
A guard held the rose and so did Emma .	* rose ( x _ 2 ) ; guard ( x _ 0 ) AND hold . agent ( x _ 3 , x _ 0 ) AND hold . theme ( x _ 3 , x _ 2 ) AND hold . agent ( x _ 4 , Emma ) AND hold . theme ( x _ 4 , x _ 2 )	elips_VPE_gen
Noah studied a girl and so did Emma .	girl ( x _ 1 ) AND study . agent ( x _ 2 , Noah ) AND study . theme ( x _ 2 , x _ 1 ) AND study . agent ( x _ 3 , Emma ) AND study . theme ( x _ 3 , x _ 1 )	elips_VPE_gen
The dog saw John and so did Olivia .	* dog ( x _ 0 ) ; see . agent ( x _ 1 , x _ 0 ) AND see . theme ( x _ 1 , John ) AND see . agent ( x _ 2 , Olivia ) AND see . theme ( x _ 2 , John )	elips_VPE_gen
James dreamed that Ethan held a sailor and so did the boy .	* boy ( x _ 1 ) ; sailor ( x _ 2 ) AND dream . agent ( x _ 3 , James ) AND dream . ccomp ( x _ 3, x _ 4 ) AND hold . agent ( x _ 4 , Ethan ) AND hold . theme ( x _ 4 , x _ 2 ) AND dream . agent ( x _ 5 , x _ 1 ) AND dream . ccomp ( x _ 5, x _ 6 ) AND hold . agent ( x _ 6 , Ethan ) AND hold . theme ( x _ 6 , x _ 2 )	elips_VPE_gen
A lion studied the donut and so did a butterfly .	* donut ( x _ 3 ) ; lion ( x _ 0 ) AND butterfly ( x _ 2 ) AND study . agent ( x _ 4 , x _ 0 ) AND study . theme ( x _ 4 , x _ 3 ) AND study . agent ( x _ 5 , x _ 2 ) AND study . theme ( x _ 5 , x _ 3 )	elips_VPE_gen
The girl liked that Aubrey heard the melon and so did the cow .	* girl ( x _ 0 ) ; * melon ( x _ 3 ) ; * cow ( x _ 2 ) ; like . agent ( x _ 4 , x _ 0 ) AND like . ccomp ( x _ 4, x _ 5 ) AND hear . agent ( x _ 5 , Aubrey ) AND hear . theme ( x _ 5 , x _ 3 ) AND like . agent ( x _ 6 , x _ 2 ) AND like . ccomp ( x _ 6, x _ 7 ) AND hear . agent ( x _ 7 , Aubrey ) AND hear . theme ( x _ 7 , x _ 3 )	elips_VPE_gen
A girl liked that the dog tolerated Mateo and so did the boy .	* dog ( x _ 3 ) ; * boy ( x _ 2 ) ; girl ( x _ 0 ) AND like . agent ( x _ 4 , x _ 0 ) AND like . ccomp ( x _ 4, x _ 5 ) AND tolerate . agent ( x _ 5 , x _ 3 ) AND tolerate . theme ( x _ 5 , Mateo ) AND like . agent ( x _ 6 , x _ 2 ) AND like . ccomp ( x _ 6, x _ 7 ) AND tolerate . agent ( x _ 7 , x _ 3 ) AND tolerate . theme ( x _ 7 , Mateo )	elips_VPE_gen
A girl discovered the boy and so did Liam .	* boy ( x _ 2 ) ; girl ( x _ 0 ) AND discover . agent ( x _ 3 , x _ 0 ) AND discover . theme ( x _ 3 , x _ 2 ) AND discover . agent ( x _ 4 , Liam ) AND discover . theme ( x _ 4 , x _ 2 )	elips_VPE_gen
Amelia liked that Emma tolerated a cow and so did the cat .	* cat ( x _ 1 ) ; cow ( x _ 2 ) AND like . agent ( x _ 3 , Amelia ) AND like . ccomp ( x _ 3, x _ 4 ) AND tolerate . agent ( x _ 4 , Emma ) AND tolerate . theme ( x _ 4 , x _ 2 ) AND like . agent ( x _ 5 , x _ 1 ) AND like . ccomp ( x _ 5, x _ 6 ) AND tolerate . agent ( x _ 6 , Emma ) AND tolerate . theme ( x _ 6 , x _ 2 )	elips_VPE_gen
A chicken heard a donut and so did Emma .	chicken ( x _ 0 ) AND donut ( x _ 2 ) AND hear . agent ( x _ 3 , x _ 0 ) AND hear . theme ( x _ 3 , x _ 2 ) AND hear . agent ( x _ 4 , Emma ) AND hear . theme ( x _ 4 , x _ 2 )	elips_VPE_gen
The girl called the radio and so did a cat .	* girl ( x _ 0 ) ; * radio ( x _ 3 ) ; cat ( x _ 2 ) AND call . agent ( x _ 4 , x _ 0 ) AND call . theme ( x _ 4 , x _ 3 ) AND call . agent ( x _ 5 , x _ 2 ) AND call . theme ( x _ 5 , x _ 3 )	elips_VPE_gen
The boy packed the girl and so did the lion .	* boy ( x _ 0 ) ; * girl ( x _ 3 ) ; * lion ( x _ 2 ) ; pack . agent ( x _ 4 , x _ 0 ) AND pack . theme ( x _ 4 , x _ 3 ) AND pack . agent ( x _ 5 , x _ 2 ) AND pack . theme ( x _ 5 , x _ 3 )	elips_VPE_gen
Grace threw the sandwich and so did Olivia .	* sandwich ( x _ 1 ) ; throw . agent ( x _ 2 , Grace ) AND throw . theme ( x _ 2 , x _ 1 ) AND throw . agent ( x _ 3 , Olivia ) AND throw . theme ( x _ 3 , x _ 1 )	elips_VPE_gen
A boy imagined that Amelia threw the pizza and so did the girl .	* pizza ( x _ 3 ) ; * girl ( x _ 2 ) ; boy ( x _ 0 ) AND imagine . agent ( x _ 4 , x _ 0 ) AND imagine . ccomp ( x _ 4, x _ 5 ) AND throw . agent ( x _ 5 , Amelia ) AND throw . theme ( x _ 5 , x _ 3 ) AND imagine . agent ( x _ 6 , x _ 2 ) AND imagine . ccomp ( x _ 6, x _ 7 ) AND throw . agent ( x _ 7 , Amelia ) AND throw . theme ( x _ 7 , x _ 3 )	elips_VPE_gen
A girl threw Jaxon and so did Olivia .	girl ( x _ 0 ) AND throw . agent ( x _ 1 , x _ 0 ) AND throw . theme ( x _ 1 , Jaxon ) AND throw . agent ( x _ 2 , Olivia ) AND throw . theme ( x _ 2 , Jaxon )	elips_VPE_gen
Harper liked that a bunny worshipped a pretzel and so did the girl .	* girl ( x _ 2 ) ; bunny ( x _ 3 ) AND pretzel ( x _ 4 ) AND like . agent ( x _ 5 , Harper ) AND like . ccomp ( x _ 5, x _ 6 ) AND worship . agent ( x _ 6 , x _ 3 ) AND worship . theme ( x _ 6 , x _ 4 ) AND like . agent ( x _ 7 , x _ 2 ) AND like . ccomp ( x _ 7, x _ 8 ) AND worship . agent ( x _ 8 , x _ 3 ) AND worship . theme ( x _ 8 , x _ 4 )	elips_VPE_gen
The giraffe valued a pancake and so did Liam .	* giraffe ( x _ 0 ) ; pancake ( x _ 2 ) AND value . agent ( x _ 3 , x _ 0 ) AND value . theme ( x _ 3 , x _ 2 ) AND value . agent ( x _ 4 , Liam ) AND value . theme ( x _ 4 , x _ 2 )	elips_VPE_gen
A girl observed a cake and so did the driver .	* driver ( x _ 2 ) ; girl ( x _ 0 ) AND cake ( x _ 3 ) AND observe . agent ( x _ 4 , x _ 0 ) AND observe . theme ( x _ 4 , x _ 3 ) AND observe . agent ( x _ 5 , x _ 2 ) AND observe . theme ( x _ 5 , x _ 3 )	elips_VPE_gen
William threw the ball and so did a priest .	* ball ( x _ 2 ) ; priest ( x _ 1 ) AND throw . agent ( x _ 3 , William ) AND throw . theme ( x _ 3 , x _ 2 ) AND throw . agent ( x _ 4 , x _ 1 ) AND throw . theme ( x _ 4 , x _ 2 )	elips_VPE_gen
Mila admired that the girl called the cake and so did the baby .	* girl ( x _ 3 ) ; * cake ( x _ 4 ) ; * baby ( x _ 2 ) ; admire . agent ( x _ 5 , Mila ) AND admire . ccomp ( x _ 5, x _ 6 ) AND call . agent ( x _ 6 , x _ 3 ) AND call . theme ( x _ 6 , x _ 4 ) AND admire . agent ( x _ 7 , x _ 2 ) AND admire . ccomp ( x _ 7, x _ 8 ) AND call . agent ( x _ 8 , x _ 3 ) AND call . theme ( x _ 8 , x _ 4 )	elips_VPE_gen
A cat discovered the cookie and so did a boy .	* cookie ( x _ 3 ) ; cat ( x _ 0 ) AND boy ( x _ 2 ) AND discover . agent ( x _ 4 , x _ 0 ) AND discover . theme ( x _ 4 , x _ 3 ) AND discover . agent ( x _ 5 , x _ 2 ) AND discover . theme ( x _ 5 , x _ 3 )	elips_VPE_gen
Liam heard Wyatt and so did the frog .	* frog ( x _ 0 ) ; hear . agent ( x _ 1 , Liam ) AND hear . theme ( x _ 1 , Wyatt ) AND hear . agent ( x _ 2 , x _ 0 ) AND hear . theme ( x _ 2 , Wyatt )	elips_VPE_gen
Ava tolerated that Jackson investigated the manager and so did a mouse .	* manager ( x _ 2 ) ; mouse ( x _ 1 ) AND tolerate . agent ( x _ 3 , Ava ) AND tolerate . ccomp ( x _ 3, x _ 4 ) AND investigate . agent ( x _ 4 , Jackson ) AND investigate . theme ( x _ 4 , x _ 2 ) AND tolerate . agent ( x _ 5 , x _ 1 ) AND tolerate . ccomp ( x _ 5, x _ 6 ) AND investigate . agent ( x _ 6 , Jackson ) AND investigate . theme ( x _ 6 , x _ 2 )	elips_VPE_gen
A chicken discovered a baby and so did Liam .	chicken ( x _ 0 ) AND baby ( x _ 2 ) AND discover . agent ( x _ 3 , x _ 0 ) AND discover . theme ( x _ 3 , x _ 2 ) AND discover . agent ( x _ 4 , Liam ) AND discover . theme ( x _ 4 , x _ 2 )	elips_VPE_gen
Liam said that the monkey valued the potato and so did a girl .	* monkey ( x _ 3 ) ; * potato ( x _ 4 ) ; girl ( x _ 2 ) AND say . agent ( x _ 5 , Liam ) AND say . ccomp ( x _ 5, x _ 6 ) AND value . agent ( x _ 6 , x _ 3 ) AND value . theme ( x _ 6 , x _ 4 ) AND say . agent ( x _ 7 , x _ 2 ) AND say . ccomp ( x _ 7, x _ 8 ) AND value . agent ( x _ 8 , x _ 3 ) AND value . theme ( x _ 8 , x _ 4 )	elips_VPE_gen
The dog studied the teacher and so did Sophia .	* dog ( x _ 0 ) ; * teacher ( x _ 2 ) ; study . agent ( x _ 3 , x _ 0 ) AND study . theme ( x _ 3 , x _ 2 ) AND study . agent ( x _ 4 , Sophia ) AND study . theme ( x _ 4 , x _ 2 )	elips_VPE_gen
A dog wished that a boy worshipped John and so did Emma .	dog ( x _ 0 ) AND boy ( x _ 2 ) AND wish . agent ( x _ 3 , x _ 0 ) AND wish . ccomp ( x _ 3, x _ 4 ) AND worship . agent ( x _ 4 , x _ 2 ) AND worship . theme ( x _ 4 , John ) AND wish . agent ( x _ 5 , Emma ) AND wish . ccomp ( x _ 5, x _ 6 ) AND worship . agent ( x _ 6 , x _ 2 ) AND worship . theme ( x _ 6 , John )	elips_VPE_gen
Emma called a bat and so did the frog .	* frog ( x _ 1 ) ; bat ( x _ 2 ) AND call . agent ( x _ 3 , Emma ) AND call . theme ( x _ 3 , x _ 2 ) AND call . agent ( x _ 4 , x _ 1 ) AND call . theme ( x _ 4 , x _ 2 )	elips_VPE_gen
Liam tolerated the donut and so did Jackson .	* donut ( x _ 1 ) ; tolerate . agent ( x _ 2 , Liam ) AND tolerate . theme ( x _ 2 , x _ 1 ) AND tolerate . agent ( x _ 3 , Jackson ) AND tolerate . theme ( x _ 3 , x _ 1 )	elips_VPE_gen
Mia tolerated a raisin and so did Emma .	raisin ( x _ 1 ) AND tolerate . agent ( x _ 2 , Mia ) AND tolerate . theme ( x _ 2 , x _ 1 ) AND tolerate . agent ( x _ 3 , Emma ) AND tolerate . theme ( x _ 3 , x _ 1 )	elips_VPE_gen
Emma liked that Andrew threw Penelope and so did Noah .	like . agent ( x _ 0 , Emma ) AND like . ccomp ( x _ 0, x _ 1 ) AND throw . agent ( x _ 1 , Andrew ) AND throw . theme ( x _ 1 , Penelope ) AND like . agent ( x _ 2 , Noah ) AND like . ccomp ( x _ 2, x _ 3 ) AND throw . agent ( x _ 3 , Andrew ) AND throw . theme ( x _ 3 , Penelope )	elips_VPE_gen
The girl called the cake and so did Charlotte .	* girl ( x _ 0 ) ; * cake ( x _ 2 ) ; call . agent ( x _ 3 , x _ 0 ) AND call . theme ( x _ 3 , x _ 2 ) AND call . agent ( x _ 4 , Charlotte ) AND call . theme ( x _ 4 , x _ 2 )	elips_VPE_gen
Owen said that a girl threw a hamburger and so did a guard .	girl ( x _ 3 ) AND hamburger ( x _ 4 ) AND guard ( x _ 2 ) AND say . agent ( x _ 5 , Owen ) AND say . ccomp ( x _ 5, x _ 6 ) AND throw . agent ( x _ 6 , x _ 3 ) AND throw . theme ( x _ 6 , x _ 4 ) AND say . agent ( x _ 7 , x _ 2 ) AND say . ccomp ( x _ 7, x _ 8 ) AND throw . agent ( x _ 8 , x _ 3 ) AND throw . theme ( x _ 8 , x _ 4 )	elips_VPE_gen
A boy liked that the frog tolerated the cake and so did the girl .	* frog ( x _ 4 ) ; * cake ( x _ 5 ) ; * girl ( x _ 3 ) ; boy ( x _ 0 ) AND like . agent ( x _ 6 , x _ 0 ) AND like . ccomp ( x _ 6, x _ 7 ) AND tolerate . agent ( x _ 7 , x _ 4 ) AND tolerate . theme ( x _ 7 , x _ 5 ) AND like . agent ( x _ 8 , x _ 3 ) AND like . ccomp ( x _ 8, x _ 9 ) AND tolerate . agent ( x _ 9 , x _ 4 ) AND tolerate . theme ( x _ 9 , x _ 5 )	elips_VPE_gen
A girl touched a box and so did William .	girl ( x _ 0 ) AND box ( x _ 2 ) AND touch . agent ( x _ 3 , x _ 0 ) AND touch . theme ( x _ 3 , x _ 2 ) AND touch . agent ( x _ 4 , William ) AND touch . theme ( x _ 4 , x _ 2 )	elips_VPE_gen
A cat called a cake and so did a monkey .	cat ( x _ 0 ) AND cake ( x _ 3 ) AND monkey ( x _ 2 ) AND call . agent ( x _ 4 , x _ 0 ) AND call . theme ( x _ 4 , x _ 3 ) AND call . agent ( x _ 5 , x _ 2 ) AND call . theme ( x _ 5 , x _ 3 )	elips_VPE_gen
Emma threw Penelope and so did the fly .	* fly ( x _ 0 ) ; throw . agent ( x _ 1 , Emma ) AND throw . theme ( x _ 1 , Penelope ) AND throw . agent ( x _ 2 , x _ 0 ) AND throw . theme ( x _ 2 , Penelope )	elips_VPE_gen
The boy touched a girl and so did Ava .	* boy ( x _ 0 ) ; girl ( x _ 2 ) AND touch . agent ( x _ 3 , x _ 0 ) AND touch . theme ( x _ 3 , x _ 2 ) AND touch . agent ( x _ 4 , Ava ) AND touch . theme ( x _ 4 , x _ 2 )	elips_VPE_gen
Liam called the cake and so did the girl .	* cake ( x _ 2 ) ; * girl ( x _ 1 ) ; call . agent ( x _ 3 , Liam ) AND call . theme ( x _ 3 , x _ 2 ) AND call . agent ( x _ 4 , x _ 1 ) AND call . theme ( x _ 4 , x _ 2 )	elips_VPE_gen
Emma threw Penelope and so did James .	throw . agent ( x _ 0 , Emma ) AND throw . theme ( x _ 0 , Penelope ) AND throw . agent ( x _ 1 , James ) AND throw . theme ( x _ 1 , Penelope )	elips_VPE_gen
Emma stabbed a girl and so did the guest .	* guest ( x _ 1 ) ; girl ( x _ 2 ) AND stab . agent ( x _ 3 , Emma ) AND stab . theme ( x _ 3 , x _ 2 ) AND stab . agent ( x _ 4 , x _ 1 ) AND stab . theme ( x _ 4 , x _ 2 )	elips_VPE_gen
A cat worshipped a boy and so did Olivia .	cat ( x _ 0 ) AND boy ( x _ 2 ) AND worship . agent ( x _ 3 , x _ 0 ) AND worship . theme ( x _ 3 , x _ 2 ) AND worship . agent ( x _ 4 , Olivia ) AND worship . theme ( x _ 4 , x _ 2 )	elips_VPE_gen
A girl declared that a baby called a donut and so did Elizabeth .	girl ( x _ 0 ) AND baby ( x _ 3 ) AND donut ( x _ 4 ) AND declare . agent ( x _ 5 , x _ 0 ) AND declare . ccomp ( x _ 5, x _ 6 ) AND call . agent ( x _ 6 , x _ 3 ) AND call . theme ( x _ 6 , x _ 4 ) AND declare . agent ( x _ 7 , Elizabeth ) AND declare . ccomp ( x _ 7, x _ 8 ) AND call . agent ( x _ 8 , x _ 3 ) AND call . theme ( x _ 8 , x _ 4 )	elips_VPE_gen
Emma stabbed Levi and so did Liam .	stab . agent ( x _ 0 , Emma ) AND stab . theme ( x _ 0 , Levi ) AND stab . agent ( x _ 1 , Liam ) AND stab . theme ( x _ 1 , Levi )	elips_VPE_gen
Emma knew the raisin and so did the girl .	* raisin ( x _ 2 ) ; * girl ( x _ 1 ) ; know . agent ( x _ 3 , Emma ) AND know . theme ( x _ 3 , x _ 2 ) AND know . agent ( x _ 4 , x _ 1 ) AND know . theme ( x _ 4 , x _ 2 )	elips_VPE_gen
Olivia threw Penelope and so did Emma .	throw . agent ( x _ 0 , Olivia ) AND throw . theme ( x _ 0 , Penelope ) AND throw . agent ( x _ 1 , Emma ) AND throw . theme ( x _ 1 , Penelope )	elips_VPE_gen
The child called Penelope and so did Carter .	* child ( x _ 0 ) ; call . agent ( x _ 1 , x _ 0 ) AND call . theme ( x _ 1 , Penelope ) AND call . agent ( x _ 2 , Carter ) AND call . theme ( x _ 2 , Penelope )	elips_VPE_gen
Emma called a cake and so did the hen .	* hen ( x _ 1 ) ; cake ( x _ 2 ) AND call . agent ( x _ 3 , Emma ) AND call . theme ( x _ 3 , x _ 2 ) AND call . agent ( x _ 4 , x _ 1 ) AND call . theme ( x _ 4 , x _ 2 )	elips_VPE_gen
Emily stabbed Audrey and so did the girl .	* girl ( x _ 0 ) ; stab . agent ( x _ 1 , Emily ) AND stab . theme ( x _ 1 , Audrey ) AND stab . agent ( x _ 2 , x _ 0 ) AND stab . theme ( x _ 2 , Audrey )	elips_VPE_gen
A girl packed a boy and so did Emma .	girl ( x _ 0 ) AND boy ( x _ 2 ) AND pack . agent ( x _ 3 , x _ 0 ) AND pack . theme ( x _ 3 , x _ 2 ) AND pack . agent ( x _ 4 , Emma ) AND pack . theme ( x _ 4 , x _ 2 )	elips_VPE_gen
Emma tolerated a girl and so did Claire .	girl ( x _ 1 ) AND tolerate . agent ( x _ 2 , Emma ) AND tolerate . theme ( x _ 2 , x _ 1 ) AND tolerate . agent ( x _ 3 , Claire ) AND tolerate . theme ( x _ 3 , x _ 1 )	elips_VPE_gen
A bee liked that Ava called a cloud and so did a girl .	bee ( x _ 0 ) AND cloud ( x _ 3 ) AND girl ( x _ 2 ) AND like . agent ( x _ 4 , x _ 0 ) AND like . ccomp ( x _ 4, x _ 5 ) AND call . agent ( x _ 5 , Ava ) AND call . theme ( x _ 5 , x _ 3 ) AND like . agent ( x _ 6 , x _ 2 ) AND like . ccomp ( x _ 6, x _ 7 ) AND call . agent ( x _ 7 , Ava ) AND call . theme ( x _ 7 , x _ 3 )	elips_VPE_gen
A giraffe studied Nora and so did Elijah .	giraffe ( x _ 0 ) AND study . agent ( x _ 1 , x _ 0 ) AND study . theme ( x _ 1 , Nora ) AND study . agent ( x _ 2 , Elijah ) AND study . theme ( x _ 2 , Nora )	elips_VPE_gen
The boy stabbed the cake and so did a frog .	* boy ( x _ 0 ) ; * cake ( x _ 3 ) ; frog ( x _ 2 ) AND stab . agent ( x _ 4 , x _ 0 ) AND stab . theme ( x _ 4 , x _ 3 ) AND stab . agent ( x _ 5 , x _ 2 ) AND stab . theme ( x _ 5 , x _ 3 )	elips_VPE_gen
Liam touched a lollipop and so did a girl .	lollipop ( x _ 2 ) AND girl ( x _ 1 ) AND touch . agent ( x _ 3 , Liam ) AND touch . theme ( x _ 3 , x _ 2 ) AND touch . agent ( x _ 4 , x _ 1 ) AND touch . theme ( x _ 4 , x _ 2 )	elips_VPE_gen
A girl worshipped a cake and so did Emma .	girl ( x _ 0 ) AND cake ( x _ 2 ) AND worship . agent ( x _ 3 , x _ 0 ) AND worship . theme ( x _ 3 , x _ 2 ) AND worship . agent ( x _ 4 , Emma ) AND worship . theme ( x _ 4 , x _ 2 )	elips_VPE_gen
Liam called Jack and so did a boy .	boy ( x _ 0 ) AND call . agent ( x _ 1 , Liam ) AND call . theme ( x _ 1 , Jack ) AND call . agent ( x _ 2 , x _ 0 ) AND call . theme ( x _ 2 , Jack )	elips_VPE_gen
Noah packed Caleb and so did Madison .	pack . agent ( x _ 0 , Noah ) AND pack . theme ( x _ 0 , Caleb ) AND pack . agent ( x _ 1 , Madison ) AND pack . theme ( x _ 1 , Caleb )	elips_VPE_gen
The boy threw Penelope and so did Emma .	* boy ( x _ 0 ) ; throw . agent ( x _ 1 , x _ 0 ) AND throw . theme ( x _ 1 , Penelope ) AND throw . agent ( x _ 2 , Emma ) AND throw . theme ( x _ 2 , Penelope )	elips_VPE_gen
Elizabeth liked that the horse stabbed a cookie and so did Harper .	* horse ( x _ 2 ) ; cookie ( x _ 3 ) AND like . agent ( x _ 4 , Elizabeth ) AND like . ccomp ( x _ 4, x _ 5 ) AND stab . agent ( x _ 5 , x _ 2 ) AND stab . theme ( x _ 5 , x _ 3 ) AND like . agent ( x _ 6 , Harper ) AND like . ccomp ( x _ 6, x _ 7 ) AND stab . agent ( x _ 7 , x _ 2 ) AND stab . theme ( x _ 7 , x _ 3 )	elips_VPE_gen
Liam heard a donut and so did a chicken .	donut ( x _ 2 ) AND chicken ( x _ 1 ) AND hear . agent ( x _ 3 , Liam ) AND hear . theme ( x _ 3 , x _ 2 ) AND hear . agent ( x _ 4 , x _ 1 ) AND hear . theme ( x _ 4 , x _ 2 )	elips_VPE_gen
A girl observed a cake and so did a butterfly .	girl ( x _ 0 ) AND cake ( x _ 3 ) AND butterfly ( x _ 2 ) AND observe . agent ( x _ 4 , x _ 0 ) AND observe . theme ( x _ 4 , x _ 3 ) AND observe . agent ( x _ 5 , x _ 2 ) AND observe . theme ( x _ 5 , x _ 3 )	elips_VPE_gen
William hoped that Addison held a girl and so did Liam .	girl ( x _ 1 ) AND hope . agent ( x _ 2 , William ) AND hope . ccomp ( x _ 2, x _ 3 ) AND hold . agent ( x _ 3 , Addison ) AND hold . theme ( x _ 3 , x _ 1 ) AND hope . agent ( x _ 4 , Liam ) AND hope . ccomp ( x _ 4, x _ 5 ) AND hold . agent ( x _ 5 , Addison ) AND hold . theme ( x _ 5 , x _ 1 )	elips_VPE_gen
Noah observed Eleanor and so did the girl .	* girl ( x _ 0 ) ; observe . agent ( x _ 1 , Noah ) AND observe . theme ( x _ 1 , Eleanor ) AND observe . agent ( x _ 2 , x _ 0 ) AND observe . theme ( x _ 2 , Eleanor )	elips_VPE_gen
Aiden hoped that a boy pierced Layla and so did Emma .	boy ( x _ 1 ) AND hope . agent ( x _ 2 , Aiden ) AND hope . ccomp ( x _ 2, x _ 3 ) AND pierce . agent ( x _ 3 , x _ 1 ) AND pierce . theme ( x _ 3 , Layla ) AND hope . agent ( x _ 4 , Emma ) AND hope . ccomp ( x _ 4, x _ 5 ) AND pierce . agent ( x _ 5 , x _ 1 ) AND pierce . theme ( x _ 5 , Layla )	elips_VPE_gen
Charlotte touched the cookie and so did the boy .	* cookie ( x _ 2 ) ; * boy ( x _ 1 ) ; touch . agent ( x _ 3 , Charlotte ) AND touch . theme ( x _ 3 , x _ 2 ) AND touch . agent ( x _ 4 , x _ 1 ) AND touch . theme ( x _ 4 , x _ 2 )	elips_VPE_gen
Sebastian threw a cake and so did Olivia .	cake ( x _ 1 ) AND throw . agent ( x _ 2 , Sebastian ) AND throw . theme ( x _ 2 , x _ 1 ) AND throw . agent ( x _ 3 , Olivia ) AND throw . theme ( x _ 3 , x _ 1 )	elips_VPE_gen
A soldier worshipped Penelope and so did the girl .	* girl ( x _ 1 ) ; soldier ( x _ 0 ) AND worship . agent ( x _ 2 , x _ 0 ) AND worship . theme ( x _ 2 , Penelope ) AND worship . agent ( x _ 3 , x _ 1 ) AND worship . theme ( x _ 3 , Penelope )	elips_VPE_gen
The bee valued the girl and so did the dog .	* bee ( x _ 0 ) ; * girl ( x _ 3 ) ; * dog ( x _ 2 ) ; value . agent ( x _ 4 , x _ 0 ) AND value . theme ( x _ 4 , x _ 3 ) AND value . agent ( x _ 5 , x _ 2 ) AND value . theme ( x _ 5 , x _ 3 )	elips_VPE_gen
Emma threw a lion and so did the duck .	* duck ( x _ 1 ) ; lion ( x _ 2 ) AND throw . agent ( x _ 3 , Emma ) AND throw . theme ( x _ 3 , x _ 2 ) AND throw . agent ( x _ 4 , x _ 1 ) AND throw . theme ( x _ 4 , x _ 2 )	elips_VPE_gen
A squirrel tolerated that a dog packed a boy and so did Olivia .	squirrel ( x _ 0 ) AND dog ( x _ 3 ) AND boy ( x _ 4 ) AND tolerate . agent ( x _ 5 , x _ 0 ) AND tolerate . ccomp ( x _ 5, x _ 6 ) AND pack . agent ( x _ 6 , x _ 3 ) AND pack . theme ( x _ 6 , x _ 4 ) AND tolerate . agent ( x _ 7 , Olivia ) AND tolerate . ccomp ( x _ 7, x _ 8 ) AND pack . agent ( x _ 8 , x _ 3 ) AND pack . theme ( x _ 8 , x _ 4 )	elips_VPE_gen
Emma liked that William held a potato and so did Jacob .	potato ( x _ 1 ) AND like . agent ( x _ 2 , Emma ) AND like . ccomp ( x _ 2, x _ 3 ) AND hold . agent ( x _ 3 , William ) AND hold . theme ( x _ 3 , x _ 1 ) AND like . agent ( x _ 4 , Jacob ) AND like . ccomp ( x _ 4, x _ 5 ) AND hold . agent ( x _ 5 , William ) AND hold . theme ( x _ 5 , x _ 1 )	elips_VPE_gen
Abigail called a tiger and so did the boy .	* boy ( x _ 1 ) ; tiger ( x _ 2 ) AND call . agent ( x _ 3 , Abigail ) AND call . theme ( x _ 3 , x _ 2 ) AND call . agent ( x _ 4 , x _ 1 ) AND call . theme ( x _ 4 , x _ 2 )	elips_VPE_gen
A girl packed the scientist and so did a pupil .	* scientist ( x _ 3 ) ; girl ( x _ 0 ) AND pupil ( x _ 2 ) AND pack . agent ( x _ 4 , x _ 0 ) AND pack . theme ( x _ 4 , x _ 3 ) AND pack . agent ( x _ 5 , x _ 2 ) AND pack . theme ( x _ 5 , x _ 3 )	elips_VPE_gen
Emma admired that Liam threw Penelope and so did Abigail .	admire . agent ( x _ 0 , Emma ) AND admire . ccomp ( x _ 0, x _ 1 ) AND throw . agent ( x _ 1 , Liam ) AND throw . theme ( x _ 1 , Penelope ) AND admire . agent ( x _ 2 , Abigail ) AND admire . ccomp ( x _ 2, x _ 3 ) AND throw . agent ( x _ 3 , Liam ) AND throw . theme ( x _ 3 , Penelope )	elips_VPE_gen
The girl threw the strawberry and so did Liam .	* girl ( x _ 0 ) ; * strawberry ( x _ 2 ) ; throw . agent ( x _ 3 , x _ 0 ) AND throw . theme ( x _ 3 , x _ 2 ) AND throw . agent ( x _ 4 , Liam ) AND throw . theme ( x _ 4 , x _ 2 )	elips_VPE_gen
Abigail heard a flower and so did the cat .	* cat ( x _ 1 ) ; flower ( x _ 2 ) AND hear . agent ( x _ 3 , Abigail ) AND hear . theme ( x _ 3 , x _ 2 ) AND hear . agent ( x _ 4 , x _ 1 ) AND hear . theme ( x _ 4 , x _ 2 )	elips_VPE_gen
The guest confessed that a sailor threw the box and so did Liam .	* guest ( x _ 0 ) ; * box ( x _ 4 ) ; sailor ( x _ 3 ) AND confess . agent ( x _ 5 , x _ 0 ) AND confess . ccomp ( x _ 5, x _ 6 ) AND throw . agent ( x _ 6 , x _ 3 ) AND throw . theme ( x _ 6 , x _ 4 ) AND confess . agent ( x _ 7 , Liam ) AND confess . ccomp ( x _ 7, x _ 8 ) AND throw . agent ( x _ 8 , x _ 3 ) AND throw . theme ( x _ 8 , x _ 4 )	elips_VPE_gen
Emma threw a cake and so did Noah .	cake ( x _ 1 ) AND throw . agent ( x _ 2 , Emma ) AND throw . theme ( x _ 2 , x _ 1 ) AND throw . agent ( x _ 3 , Noah ) AND throw . theme ( x _ 3 , x _ 1 )	elips_VPE_gen
The girl threw Audrey and so did Harper .	* girl ( x _ 0 ) ; throw . agent ( x _ 1 , x _ 0 ) AND throw . theme ( x _ 1 , Audrey ) AND throw . agent ( x _ 2 , Harper ) AND throw . theme ( x _ 2 , Audrey )	elips_VPE_gen
Amelia threw Layla and so did a girl .	girl ( x _ 0 ) AND throw . agent ( x _ 1 , Amelia ) AND throw . theme ( x _ 1 , Layla ) AND throw . agent ( x _ 2 , x _ 0 ) AND throw . theme ( x _ 2 , Layla )	elips_VPE_gen
Samuel noticed Wyatt and so did the giraffe .	* giraffe ( x _ 0 ) ; notice . agent ( x _ 1 , Samuel ) AND notice . theme ( x _ 1 , Wyatt ) AND notice . agent ( x _ 2 , x _ 0 ) AND notice . theme ( x _ 2 , Wyatt )	elips_VPE_gen
Julian discovered the gumball and so did Alexander .	* gumball ( x _ 1 ) ; discover . agent ( x _ 2 , Julian ) AND discover . theme ( x _ 2 , x _ 1 ) AND discover . agent ( x _ 3 , Alexander ) AND discover . theme ( x _ 3 , x _ 1 )	elips_VPE_gen
The cat threw the girl and so did Emma .	* cat ( x _ 0 ) ; * girl ( x _ 2 ) ; throw . agent ( x _ 3 , x _ 0 ) AND throw . theme ( x _ 3 , x _ 2 ) AND throw . agent ( x _ 4 , Emma ) AND throw . theme ( x _ 4 , x _ 2 )	elips_VPE_gen
A chicken held a girl and so did a child .	chicken ( x _ 0 ) AND girl ( x _ 3 ) AND child ( x _ 2 ) AND hold . agent ( x _ 4 , x _ 0 ) AND hold . theme ( x _ 4 , x _ 3 ) AND hold . agent ( x _ 5 , x _ 2 ) AND hold . theme ( x _ 5 , x _ 3 )	elips_VPE_gen
Joseph valued a hero and so did a girl .	hero ( x _ 2 ) AND girl ( x _ 1 ) AND value . agent ( x _ 3 , Joseph ) AND value . theme ( x _ 3 , x _ 2 ) AND value . agent ( x _ 4 , x _ 1 ) AND value . theme ( x _ 4 , x _ 2 )	elips_VPE_gen
Abigail called the drink and so did a baby .	* drink ( x _ 2 ) ; baby ( x _ 1 ) AND call . agent ( x _ 3 , Abigail ) AND call . theme ( x _ 3 , x _ 2 ) AND call . agent ( x _ 4 , x _ 1 ) AND call . theme ( x _ 4 , x _ 2 )	elips_VPE_gen
Thomas tolerated the melon and so did a girl .	* melon ( x _ 2 ) ; girl ( x _ 1 ) AND tolerate . agent ( x _ 3 , Thomas ) AND tolerate . theme ( x _ 3 , x _ 2 ) AND tolerate . agent ( x _ 4 , x _ 1 ) AND tolerate . theme ( x _ 4 , x _ 2 )	elips_VPE_gen
A dog called a cake and so did William .	dog ( x _ 0 ) AND cake ( x _ 2 ) AND call . agent ( x _ 3 , x _ 0 ) AND call . theme ( x _ 3 , x _ 2 ) AND call . agent ( x _ 4 , William ) AND call . theme ( x _ 4 , x _ 2 )	elips_VPE_gen
Mia stabbed Stella and so did Emma .	stab . agent ( x _ 0 , Mia ) AND stab . theme ( x _ 0 , Stella ) AND stab . agent ( x _ 1 , Emma ) AND stab . theme ( x _ 1 , Stella )	elips_VPE_gen
Emma valued the boy and so did William .	* boy ( x _ 1 ) ; value . agent ( x _ 2 , Emma ) AND value . theme ( x _ 2 , x _ 1 ) AND value . agent ( x _ 3 , William ) AND value . theme ( x _ 3 , x _ 1 )	elips_VPE_gen
Isabella threw the game and so did Emma .	* game ( x _ 1 ) ; throw . agent ( x _ 2 , Isabella ) AND throw . theme ( x _ 2 , x _ 1 ) AND throw . agent ( x _ 3 , Emma ) AND throw . theme ( x _ 3 , x _ 1 )	elips_VPE_gen
Olivia heard Jayden and so did the girl .	* girl ( x _ 0 ) ; hear . agent ( x _ 1 , Olivia ) AND hear . theme ( x _ 1 , Jayden ) AND hear . agent ( x _ 2 , x _ 0 ) AND hear . theme ( x _ 2 , Jayden )	elips_VPE_gen
A horse worshipped the melon and so did a boy .	* melon ( x _ 3 ) ; horse ( x _ 0 ) AND boy ( x _ 2 ) AND worship . agent ( x _ 4 , x _ 0 ) AND worship . theme ( x _ 4 , x _ 3 ) AND worship . agent ( x _ 5 , x _ 2 ) AND worship . theme ( x _ 5 , x _ 3 )	elips_VPE_gen
Mia heard Layla and so did Emma .	hear . agent ( x _ 0 , Mia ) AND hear . theme ( x _ 0 , Layla ) AND hear . agent ( x _ 1 , Emma ) AND hear . theme ( x _ 1 , Layla )	elips_VPE_gen
A butterfly tolerated Penelope and so did the girl .	* girl ( x _ 1 ) ; butterfly ( x _ 0 ) AND tolerate . agent ( x _ 2 , x _ 0 ) AND tolerate . theme ( x _ 2 , Penelope ) AND tolerate . agent ( x _ 3 , x _ 1 ) AND tolerate . theme ( x _ 3 , Penelope )	elips_VPE_gen
A deer dreamed that a child valued a donut and so did Noah .	deer ( x _ 0 ) AND child ( x _ 3 ) AND donut ( x _ 4 ) AND dream . agent ( x _ 5 , x _ 0 ) AND dream . ccomp ( x _ 5, x _ 6 ) AND value . agent ( x _ 6 , x _ 3 ) AND value . theme ( x _ 6 , x _ 4 ) AND dream . agent ( x _ 7 , Noah ) AND dream . ccomp ( x _ 7, x _ 8 ) AND value . agent ( x _ 8 , x _ 3 ) AND value . theme ( x _ 8 , x _ 4 )	elips_VPE_gen
A child said that a tiger threw Penelope and so did a cat .	child ( x _ 0 ) AND tiger ( x _ 3 ) AND cat ( x _ 2 ) AND say . agent ( x _ 4 , x _ 0 ) AND say . ccomp ( x _ 4, x _ 5 ) AND throw . agent ( x _ 5 , x _ 3 ) AND throw . theme ( x _ 5 , Penelope ) AND say . agent ( x _ 6 , x _ 2 ) AND say . ccomp ( x _ 6, x _ 7 ) AND throw . agent ( x _ 7 , x _ 3 ) AND throw . theme ( x _ 7 , Penelope )	elips_VPE_gen
Aiden called a donut and so did Liam .	donut ( x _ 1 ) AND call . agent ( x _ 2 , Aiden ) AND call . theme ( x _ 2 , x _ 1 ) AND call . agent ( x _ 3 , Liam ) AND call . theme ( x _ 3 , x _ 1 )	elips_VPE_gen
The boy called the girl and so did Emma .	* boy ( x _ 0 ) ; * girl ( x _ 2 ) ; call . agent ( x _ 3 , x _ 0 ) AND call . theme ( x _ 3 , x _ 2 ) AND call . agent ( x _ 4 , Emma ) AND call . theme ( x _ 4 , x _ 2 )	elips_VPE_gen
Olivia called a box and so did the director .	* director ( x _ 1 ) ; box ( x _ 2 ) AND call . agent ( x _ 3 , Olivia ) AND call . theme ( x _ 3 , x _ 2 ) AND call . agent ( x _ 4 , x _ 1 ) AND call . theme ( x _ 4 , x _ 2 )	elips_VPE_gen
Liam liked that a princess threw the donut and so did the girl .	* donut ( x _ 4 ) ; * girl ( x _ 2 ) ; princess ( x _ 3 ) AND like . agent ( x _ 5 , Liam ) AND like . ccomp ( x _ 5, x _ 6 ) AND throw . agent ( x _ 6 , x _ 3 ) AND throw . theme ( x _ 6 , x _ 4 ) AND like . agent ( x _ 7 , x _ 2 ) AND like . ccomp ( x _ 7, x _ 8 ) AND throw . agent ( x _ 8 , x _ 3 ) AND throw . theme ( x _ 8 , x _ 4 )	elips_VPE_gen
Lucas respected that Emma packed the cake and so did Olivia .	* cake ( x _ 1 ) ; respect . agent ( x _ 2 , Lucas ) AND respect . ccomp ( x _ 2, x _ 3 ) AND pack . agent ( x _ 3 , Emma ) AND pack . theme ( x _ 3 , x _ 1 ) AND respect . agent ( x _ 4 , Olivia ) AND respect . ccomp ( x _ 4, x _ 5 ) AND pack . agent ( x _ 5 , Emma ) AND pack . theme ( x _ 5 , x _ 1 )	elips_VPE_gen
A butterfly saw the hat and so did Nora .	* hat ( x _ 2 ) ; butterfly ( x _ 0 ) AND see . agent ( x _ 3 , x _ 0 ) AND see . theme ( x _ 3 , x _ 2 ) AND see . agent ( x _ 4 , Nora ) AND see . theme ( x _ 4 , x _ 2 )	elips_VPE_gen
Grace examined the monkey and so did Ava .	* monkey ( x _ 1 ) ; examine . agent ( x _ 2 , Grace ) AND examine . theme ( x _ 2 , x _ 1 ) AND examine . agent ( x _ 3 , Ava ) AND examine . theme ( x _ 3 , x _ 1 )	elips_VPE_gen
Dylan held Jack and so did Emma .	hold . agent ( x _ 0 , Dylan ) AND hold . theme ( x _ 0 , Jack ) AND hold . agent ( x _ 1 , Emma ) AND hold . theme ( x _ 1 , Jack )	elips_VPE_gen
A cat called the cake and so did a scientist .	* cake ( x _ 3 ) ; cat ( x _ 0 ) AND scientist ( x _ 2 ) AND call . agent ( x _ 4 , x _ 0 ) AND call . theme ( x _ 4 , x _ 3 ) AND call . agent ( x _ 5 , x _ 2 ) AND call . theme ( x _ 5 , x _ 3 )	elips_VPE_gen
The boy packed a cloud and so did the girl .	* boy ( x _ 0 ) ; * girl ( x _ 2 ) ; cloud ( x _ 3 ) AND pack . agent ( x _ 4 , x _ 0 ) AND pack . theme ( x _ 4 , x _ 3 ) AND pack . agent ( x _ 5 , x _ 2 ) AND pack . theme ( x _ 5 , x _ 3 )	elips_VPE_gen
The girl packed Joshua and so did the deer .	* girl ( x _ 0 ) ; * deer ( x _ 1 ) ; pack . agent ( x _ 2 , x _ 0 ) AND pack . theme ( x _ 2 , Joshua ) AND pack . agent ( x _ 3 , x _ 1 ) AND pack . theme ( x _ 3 , Joshua )	elips_VPE_gen
A hen saw the donut and so did Emma .	* donut ( x _ 2 ) ; hen ( x _ 0 ) AND see . agent ( x _ 3 , x _ 0 ) AND see . theme ( x _ 3 , x _ 2 ) AND see . agent ( x _ 4 , Emma ) AND see . theme ( x _ 4 , x _ 2 )	elips_VPE_gen
A boy heard a girl and so did Emma .	boy ( x _ 0 ) AND girl ( x _ 2 ) AND hear . agent ( x _ 3 , x _ 0 ) AND hear . theme ( x _ 3 , x _ 2 ) AND hear . agent ( x _ 4 , Emma ) AND hear . theme ( x _ 4 , x _ 2 )	elips_VPE_gen
Emma threw the key and so did the girl .	* key ( x _ 2 ) ; * girl ( x _ 1 ) ; throw . agent ( x _ 3 , Emma ) AND throw . theme ( x _ 3 , x _ 2 ) AND throw . agent ( x _ 4 , x _ 1 ) AND throw . theme ( x _ 4 , x _ 2 )	elips_VPE_gen
A girl hoped that a boy observed the donut and so did Olivia .	* donut ( x _ 4 ) ; girl ( x _ 0 ) AND boy ( x _ 3 ) AND hope . agent ( x _ 5 , x _ 0 ) AND hope . ccomp ( x _ 5, x _ 6 ) AND observe . agent ( x _ 6 , x _ 3 ) AND observe . theme ( x _ 6 , x _ 4 ) AND hope . agent ( x _ 7 , Olivia ) AND hope . ccomp ( x _ 7, x _ 8 ) AND observe . agent ( x _ 8 , x _ 3 ) AND observe . theme ( x _ 8 , x _ 4 )	elips_VPE_gen
Emma valued a girl and so did Emily .	girl ( x _ 1 ) AND value . agent ( x _ 2 , Emma ) AND value . theme ( x _ 2 , x _ 1 ) AND value . agent ( x _ 3 , Emily ) AND value . theme ( x _ 3 , x _ 1 )	elips_VPE_gen
Nora liked that Ava packed the girl and so did Liam .	* girl ( x _ 1 ) ; like . agent ( x _ 2 , Nora ) AND like . ccomp ( x _ 2, x _ 3 ) AND pack . agent ( x _ 3 , Ava ) AND pack . theme ( x _ 3 , x _ 1 ) AND like . agent ( x _ 4 , Liam ) AND like . ccomp ( x _ 4, x _ 5 ) AND pack . agent ( x _ 5 , Ava ) AND pack . theme ( x _ 5 , x _ 1 )	elips_VPE_gen
The crocodile touched the shoe and so did the girl .	* crocodile ( x _ 0 ) ; * shoe ( x _ 3 ) ; * girl ( x _ 2 ) ; touch . agent ( x _ 4 , x _ 0 ) AND touch . theme ( x _ 4 , x _ 3 ) AND touch . agent ( x _ 5 , x _ 2 ) AND touch . theme ( x _ 5 , x _ 3 )	elips_VPE_gen
The mouse said that the baby threw Hazel and so did a goose .	* mouse ( x _ 0 ) ; * baby ( x _ 3 ) ; goose ( x _ 2 ) AND say . agent ( x _ 4 , x _ 0 ) AND say . ccomp ( x _ 4, x _ 5 ) AND throw . agent ( x _ 5 , x _ 3 ) AND throw . theme ( x _ 5 , Hazel ) AND say . agent ( x _ 6 , x _ 2 ) AND say . ccomp ( x _ 6, x _ 7 ) AND throw . agent ( x _ 7 , x _ 3 ) AND throw . theme ( x _ 7 , Hazel )	elips_VPE_gen
The giraffe packed the baby and so did Aria .	* giraffe ( x _ 0 ) ; * baby ( x _ 2 ) ; pack . agent ( x _ 3 , x _ 0 ) AND pack . theme ( x _ 3 , x _ 2 ) AND pack . agent ( x _ 4 , Aria ) AND pack . theme ( x _ 4 , x _ 2 )	elips_VPE_gen
A girl threw the needle and so did Noah .	* needle ( x _ 2 ) ; girl ( x _ 0 ) AND throw . agent ( x _ 3 , x _ 0 ) AND throw . theme ( x _ 3 , x _ 2 ) AND throw . agent ( x _ 4 , Noah ) AND throw . theme ( x _ 4 , x _ 2 )	elips_VPE_gen
Emma hoped that Sofia heard the ball and so did a boy .	* ball ( x _ 2 ) ; boy ( x _ 1 ) AND hope . agent ( x _ 3 , Emma ) AND hope . ccomp ( x _ 3, x _ 4 ) AND hear . agent ( x _ 4 , Sofia ) AND hear . theme ( x _ 4 , x _ 2 ) AND hope . agent ( x _ 5 , x _ 1 ) AND hope . ccomp ( x _ 5, x _ 6 ) AND hear . agent ( x _ 6 , Sofia ) AND hear . theme ( x _ 6 , x _ 2 )	elips_VPE_gen
Emma packed the cookie and so did Liam .	* cookie ( x _ 1 ) ; pack . agent ( x _ 2 , Emma ) AND pack . theme ( x _ 2 , x _ 1 ) AND pack . agent ( x _ 3 , Liam ) AND pack . theme ( x _ 3 , x _ 1 )	elips_VPE_gen
The teacher examined the cake and so did the girl .	* teacher ( x _ 0 ) ; * cake ( x _ 3 ) ; * girl ( x _ 2 ) ; examine . agent ( x _ 4 , x _ 0 ) AND examine . theme ( x _ 4 , x _ 3 ) AND examine . agent ( x _ 5 , x _ 2 ) AND examine . theme ( x _ 5 , x _ 3 )	elips_VPE_gen
Emma called a zebra and so did the girl .	* girl ( x _ 1 ) ; zebra ( x _ 2 ) AND call . agent ( x _ 3 , Emma ) AND call . theme ( x _ 3 , x _ 2 ) AND call . agent ( x _ 4 , x _ 1 ) AND call . theme ( x _ 4 , x _ 2 )	elips_VPE_gen
A dog threw the donut and so did a penguin .	* donut ( x _ 3 ) ; dog ( x _ 0 ) AND penguin ( x _ 2 ) AND throw . agent ( x _ 4 , x _ 0 ) AND throw . theme ( x _ 4 , x _ 3 ) AND throw . agent ( x _ 5 , x _ 2 ) AND throw . theme ( x _ 5 , x _ 3 )	elips_VPE_gen
A girl liked that Olivia threw a cake and so did the duck .	* duck ( x _ 2 ) ; girl ( x _ 0 ) AND cake ( x _ 3 ) AND like . agent ( x _ 4 , x _ 0 ) AND like . ccomp ( x _ 4, x _ 5 ) AND throw . agent ( x _ 5 , Olivia ) AND throw . theme ( x _ 5 , x _ 3 ) AND like . agent ( x _ 6 , x _ 2 ) AND like . ccomp ( x _ 6, x _ 7 ) AND throw . agent ( x _ 7 , Olivia ) AND throw . theme ( x _ 7 , x _ 3 )	elips_VPE_gen
Emma saw a bat and so did David .	bat ( x _ 1 ) AND see . agent ( x _ 2 , Emma ) AND see . theme ( x _ 2 , x _ 1 ) AND see . agent ( x _ 3 , David ) AND see . theme ( x _ 3 , x _ 1 )	elips_VPE_gen
A lion called the boy and so did a girl .	* boy ( x _ 3 ) ; lion ( x _ 0 ) AND girl ( x _ 2 ) AND call . agent ( x _ 4 , x _ 0 ) AND call . theme ( x _ 4 , x _ 3 ) AND call . agent ( x _ 5 , x _ 2 ) AND call . theme ( x _ 5 , x _ 3 )	elips_VPE_gen
Jack confessed that Olivia tolerated a cookie and so did Grayson .	cookie ( x _ 1 ) AND confess . agent ( x _ 2 , Jack ) AND confess . ccomp ( x _ 2, x _ 3 ) AND tolerate . agent ( x _ 3 , Olivia ) AND tolerate . theme ( x _ 3 , x _ 1 ) AND confess . agent ( x _ 4 , Grayson ) AND confess . ccomp ( x _ 4, x _ 5 ) AND tolerate . agent ( x _ 5 , Olivia ) AND tolerate . theme ( x _ 5 , x _ 1 )	elips_VPE_gen
The girl liked that a cat called a cookie and so did Liam .	* girl ( x _ 0 ) ; cat ( x _ 3 ) AND cookie ( x _ 4 ) AND like . agent ( x _ 5 , x _ 0 ) AND like . ccomp ( x _ 5, x _ 6 ) AND call . agent ( x _ 6 , x _ 3 ) AND call . theme ( x _ 6 , x _ 4 ) AND like . agent ( x _ 7 , Liam ) AND like . ccomp ( x _ 7, x _ 8 ) AND call . agent ( x _ 8 , x _ 3 ) AND call . theme ( x _ 8 , x _ 4 )	elips_VPE_gen
Ava tolerated the cookie and so did the poet .	* cookie ( x _ 2 ) ; * poet ( x _ 1 ) ; tolerate . agent ( x _ 3 , Ava ) AND tolerate . theme ( x _ 3 , x _ 2 ) AND tolerate . agent ( x _ 4 , x _ 1 ) AND tolerate . theme ( x _ 4 , x _ 2 )	elips_VPE_gen
Emma called Dylan and so did Violet .	call . agent ( x _ 0 , Emma ) AND call . theme ( x _ 0 , Dylan ) AND call . agent ( x _ 1 , Violet ) AND call . theme ( x _ 1 , Dylan )	elips_VPE_gen
Liam touched the donkey and so did Michael .	* donkey ( x _ 1 ) ; touch . agent ( x _ 2 , Liam ) AND touch . theme ( x _ 2 , x _ 1 ) AND touch . agent ( x _ 3 , Michael ) AND touch . theme ( x _ 3 , x _ 1 )	elips_VPE_gen
A baby valued Penelope and so did the butterfly .	* butterfly ( x _ 1 ) ; baby ( x _ 0 ) AND value . agent ( x _ 2 , x _ 0 ) AND value . theme ( x _ 2 , Penelope ) AND value . agent ( x _ 3 , x _ 1 ) AND value . theme ( x _ 3 , Penelope )	elips_VPE_gen
The poet called Layla and so did a girl .	* poet ( x _ 0 ) ; girl ( x _ 1 ) AND call . agent ( x _ 2 , x _ 0 ) AND call . theme ( x _ 2 , Layla ) AND call . agent ( x _ 3 , x _ 1 ) AND call . theme ( x _ 3 , Layla )	elips_VPE_gen
The girl valued the chicken and so did a cat .	* girl ( x _ 0 ) ; * chicken ( x _ 3 ) ; cat ( x _ 2 ) AND value . agent ( x _ 4 , x _ 0 ) AND value . theme ( x _ 4 , x _ 3 ) AND value . agent ( x _ 5 , x _ 2 ) AND value . theme ( x _ 5 , x _ 3 )	elips_VPE_gen
Emma thought that a soldier threw a girl and so did Ava .	soldier ( x _ 2 ) AND girl ( x _ 3 ) AND think . agent ( x _ 4 , Emma ) AND think . ccomp ( x _ 4, x _ 5 ) AND throw . agent ( x _ 5 , x _ 2 ) AND throw . theme ( x _ 5 , x _ 3 ) AND think . agent ( x _ 6 , Ava ) AND think . ccomp ( x _ 6, x _ 7 ) AND throw . agent ( x _ 7 , x _ 2 ) AND throw . theme ( x _ 7 , x _ 3 )	elips_VPE_gen
The butterfly noticed the cake and so did a monkey .	* butterfly ( x _ 0 ) ; * cake ( x _ 3 ) ; monkey ( x _ 2 ) AND notice . agent ( x _ 4 , x _ 0 ) AND notice . theme ( x _ 4 , x _ 3 ) AND notice . agent ( x _ 5 , x _ 2 ) AND notice . theme ( x _ 5 , x _ 3 )	elips_VPE_gen
The girl imagined that a bear called Penelope and so did Hannah .	* girl ( x _ 0 ) ; bear ( x _ 2 ) AND imagine . agent ( x _ 3 , x _ 0 ) AND imagine . ccomp ( x _ 3, x _ 4 ) AND call . agent ( x _ 4 , x _ 2 ) AND call . theme ( x _ 4 , Penelope ) AND imagine . agent ( x _ 5 , Hannah ) AND imagine . ccomp ( x _ 5, x _ 6 ) AND call . agent ( x _ 6 , x _ 2 ) AND call . theme ( x _ 6 , Penelope )	elips_VPE_gen
Liam valued the book and so did Noah .	* book ( x _ 1 ) ; value . agent ( x _ 2 , Liam ) AND value . theme ( x _ 2 , x _ 1 ) AND value . agent ( x _ 3 , Noah ) AND value . theme ( x _ 3 , x _ 1 )	elips_VPE_gen
Emma knew the girl and so did Olivia .	* girl ( x _ 1 ) ; know . agent ( x _ 2 , Emma ) AND know . theme ( x _ 2 , x _ 1 ) AND know . agent ( x _ 3 , Olivia ) AND know . theme ( x _ 3 , x _ 1 )	elips_VPE_gen
The boy threw the cake and so did the cat .	* boy ( x _ 0 ) ; * cake ( x _ 3 ) ; * cat ( x _ 2 ) ; throw . agent ( x _ 4 , x _ 0 ) AND throw . theme ( x _ 4 , x _ 3 ) AND throw . agent ( x _ 5 , x _ 2 ) AND throw . theme ( x _ 5 , x _ 3 )	elips_VPE_gen
A bear heard Penelope and so did Emma .	bear ( x _ 0 ) AND hear . agent ( x _ 1 , x _ 0 ) AND hear . theme ( x _ 1 , Penelope ) AND hear . agent ( x _ 2 , Emma ) AND hear . theme ( x _ 2 , Penelope )	elips_VPE_gen
Emma valued Layla and so did Ava .	value . agent ( x _ 0 , Emma ) AND value . theme ( x _ 0 , Layla ) AND value . agent ( x _ 1 , Ava ) AND value . theme ( x _ 1 , Layla )	elips_VPE_gen
A butterfly observed a cloud and so did the boy .	* boy ( x _ 2 ) ; butterfly ( x _ 0 ) AND cloud ( x _ 3 ) AND observe . agent ( x _ 4 , x _ 0 ) AND observe . theme ( x _ 4 , x _ 3 ) AND observe . agent ( x _ 5 , x _ 2 ) AND observe . theme ( x _ 5 , x _ 3 )	elips_VPE_gen
Charlotte stabbed the box and so did William .	* box ( x _ 1 ) ; stab . agent ( x _ 2 , Charlotte ) AND stab . theme ( x _ 2 , x _ 1 ) AND stab . agent ( x _ 3 , William ) AND stab . theme ( x _ 3 , x _ 1 )	elips_VPE_gen
A baby worshipped a cookie and so did Emma .	baby ( x _ 0 ) AND cookie ( x _ 2 ) AND worship . agent ( x _ 3 , x _ 0 ) AND worship . theme ( x _ 3 , x _ 2 ) AND worship . agent ( x _ 4 , Emma ) AND worship . theme ( x _ 4 , x _ 2 )	elips_VPE_gen
The girl saw a cake and so did the boy .	* girl ( x _ 0 ) ; * boy ( x _ 2 ) ; cake ( x _ 3 ) AND see . agent ( x _ 4 , x _ 0 ) AND see . theme ( x _ 4 , x _ 3 ) AND see . agent ( x _ 5 , x _ 2 ) AND see . theme ( x _ 5 , x _ 3 )	elips_VPE_gen
Luna said that a girl saw the boy and so did Emma .	* boy ( x _ 3 ) ; girl ( x _ 2 ) AND say . agent ( x _ 4 , Luna ) AND say . ccomp ( x _ 4, x _ 5 ) AND see . agent ( x _ 5 , x _ 2 ) AND see . theme ( x _ 5 , x _ 3 ) AND say . agent ( x _ 6 , Emma ) AND say . ccomp ( x _ 6, x _ 7 ) AND see . agent ( x _ 7 , x _ 2 ) AND see . theme ( x _ 7 , x _ 3 )	elips_VPE_gen
The girl tolerated John and so did Olivia .	* girl ( x _ 0 ) ; tolerate . agent ( x _ 1 , x _ 0 ) AND tolerate . theme ( x _ 1 , John ) AND tolerate . agent ( x _ 2 , Olivia ) AND tolerate . theme ( x _ 2 , John )	elips_VPE_gen
Noah heard Wyatt and so did Charlotte .	hear . agent ( x _ 0 , Noah ) AND hear . theme ( x _ 0 , Wyatt ) AND hear . agent ( x _ 1 , Charlotte ) AND hear . theme ( x _ 1 , Wyatt )	elips_VPE_gen
Mason declared that Olivia threw a bat and so did the giraffe .	* giraffe ( x _ 1 ) ; bat ( x _ 2 ) AND declare . agent ( x _ 3 , Mason ) AND declare . ccomp ( x _ 3, x _ 4 ) AND throw . agent ( x _ 4 , Olivia ) AND throw . theme ( x _ 4 , x _ 2 ) AND declare . agent ( x _ 5 , x _ 1 ) AND declare . ccomp ( x _ 5, x _ 6 ) AND throw . agent ( x _ 6 , Olivia ) AND throw . theme ( x _ 6 , x _ 2 )	elips_VPE_gen
Mia threw Penelope and so did a cow .	cow ( x _ 0 ) AND throw . agent ( x _ 1 , Mia ) AND throw . theme ( x _ 1 , Penelope ) AND throw . agent ( x _ 2 , x _ 0 ) AND throw . theme ( x _ 2 , Penelope )	elips_VPE_gen
Mia tolerated that a hero threw a donut and so did Emma .	hero ( x _ 2 ) AND donut ( x _ 3 ) AND tolerate . agent ( x _ 4 , Mia ) AND tolerate . ccomp ( x _ 4, x _ 5 ) AND throw . agent ( x _ 5 , x _ 2 ) AND throw . theme ( x _ 5 , x _ 3 ) AND tolerate . agent ( x _ 6 , Emma ) AND tolerate . ccomp ( x _ 6, x _ 7 ) AND throw . agent ( x _ 7 , x _ 2 ) AND throw . theme ( x _ 7 , x _ 3 )	elips_VPE_gen
A soldier liked that Victoria threw the baby and so did Liam .	* baby ( x _ 2 ) ; soldier ( x _ 0 ) AND like . agent ( x _ 3 , x _ 0 ) AND like . ccomp ( x _ 3, x _ 4 ) AND throw . agent ( x _ 4 , Victoria ) AND throw . theme ( x _ 4 , x _ 2 ) AND like . agent ( x _ 5 , Liam ) AND like . ccomp ( x _ 5, x _ 6 ) AND throw . agent ( x _ 6 , Victoria ) AND throw . theme ( x _ 6 , x _ 2 )	elips_VPE_gen
A cat threw Wyatt and so did the lion .	* lion ( x _ 1 ) ; cat ( x _ 0 ) AND throw . agent ( x _ 2 , x _ 0 ) AND throw . theme ( x _ 2 , Wyatt ) AND throw . agent ( x _ 3 , x _ 1 ) AND throw . theme ( x _ 3 , Wyatt )	elips_VPE_gen
The girl called Penelope and so did Olivia .	* girl ( x _ 0 ) ; call . agent ( x _ 1 , x _ 0 ) AND call . theme ( x _ 1 , Penelope ) AND call . agent ( x _ 2 , Olivia ) AND call . theme ( x _ 2 , Penelope )	elips_VPE_gen
A dog noticed Layla and so did William .	dog ( x _ 0 ) AND notice . agent ( x _ 1 , x _ 0 ) AND notice . theme ( x _ 1 , Layla ) AND notice . agent ( x _ 2 , William ) AND notice . theme ( x _ 2 , Layla )	elips_VPE_gen
Emma studied a bat and so did a girl .	bat ( x _ 2 ) AND girl ( x _ 1 ) AND study . agent ( x _ 3 , Emma ) AND study . theme ( x _ 3 , x _ 2 ) AND study . agent ( x _ 4 , x _ 1 ) AND study . theme ( x _ 4 , x _ 2 )	elips_VPE_gen
A girl valued Riley and so did Liam .	girl ( x _ 0 ) AND value . agent ( x _ 1 , x _ 0 ) AND value . theme ( x _ 1 , Riley ) AND value . agent ( x _ 2 , Liam ) AND value . theme ( x _ 2 , Riley )	elips_VPE_gen
Lillian valued a cake and so did Emma .	cake ( x _ 1 ) AND value . agent ( x _ 2 , Lillian ) AND value . theme ( x _ 2 , x _ 1 ) AND value . agent ( x _ 3 , Emma ) AND value . theme ( x _ 3 , x _ 1 )	elips_VPE_gen
The coach threw a block and so did the girl .	* coach ( x _ 0 ) ; * girl ( x _ 2 ) ; block ( x _ 3 ) AND throw . agent ( x _ 4 , x _ 0 ) AND throw . theme ( x _ 4 , x _ 3 ) AND throw . agent ( x _ 5 , x _ 2 ) AND throw . theme ( x _ 5 , x _ 3 )	elips_VPE_gen
The writer threw the box and so did a girl .	* writer ( x _ 0 ) ; * box ( x _ 3 ) ; girl ( x _ 2 ) AND throw . agent ( x _ 4 , x _ 0 ) AND throw . theme ( x _ 4 , x _ 3 ) AND throw . agent ( x _ 5 , x _ 2 ) AND throw . theme ( x _ 5 , x _ 3 )	elips_VPE_gen
Lily noticed a cake and so did Ava .	cake ( x _ 1 ) AND notice . agent ( x _ 2 , Lily ) AND notice . theme ( x _ 2 , x _ 1 ) AND notice . agent ( x _ 3 , Ava ) AND notice . theme ( x _ 3 , x _ 1 )	elips_VPE_gen
The cat pierced a girl and so did Liam .	* cat ( x _ 0 ) ; girl ( x _ 2 ) AND pierce . agent ( x _ 3 , x _ 0 ) AND pierce . theme ( x _ 3 , x _ 2 ) AND pierce . agent ( x _ 4 , Liam ) AND pierce . theme ( x _ 4 , x _ 2 )	elips_VPE_gen
The bird threw a cookie and so did a girl .	* bird ( x _ 0 ) ; cookie ( x _ 3 ) AND girl ( x _ 2 ) AND throw . agent ( x _ 4 , x _ 0 ) AND throw . theme ( x _ 4 , x _ 3 ) AND throw . agent ( x _ 5 , x _ 2 ) AND throw . theme ( x _ 5 , x _ 3 )	elips_VPE_gen
Isabella valued the cake and so did a dog .	* cake ( x _ 2 ) ; dog ( x _ 1 ) AND value . agent ( x _ 3 , Isabella ) AND value . theme ( x _ 3 , x _ 2 ) AND value . agent ( x _ 4 , x _ 1 ) AND value . theme ( x _ 4 , x _ 2 )	elips_VPE_gen
A girl called the donut and so did Emma .	* donut ( x _ 2 ) ; girl ( x _ 0 ) AND call . agent ( x _ 3 , x _ 0 ) AND call . theme ( x _ 3 , x _ 2 ) AND call . agent ( x _ 4 , Emma ) AND call . theme ( x _ 4 , x _ 2 )	elips_VPE_gen
Emma confessed that a boy called the crayon and so did the cat .	* crayon ( x _ 4 ) ; * cat ( x _ 2 ) ; boy ( x _ 3 ) AND confess . agent ( x _ 5 , Emma ) AND confess . ccomp ( x _ 5, x _ 6 ) AND call . agent ( x _ 6 , x _ 3 ) AND call . theme ( x _ 6 , x _ 4 ) AND confess . agent ( x _ 7 , x _ 2 ) AND confess . ccomp ( x _ 7, x _ 8 ) AND call . agent ( x _ 8 , x _ 3 ) AND call . theme ( x _ 8 , x _ 4 )	elips_VPE_gen
A baby called a muffin and so did the girl .	* girl ( x _ 2 ) ; baby ( x _ 0 ) AND muffin ( x _ 3 ) AND call . agent ( x _ 4 , x _ 0 ) AND call . theme ( x _ 4 , x _ 3 ) AND call . agent ( x _ 5 , x _ 2 ) AND call . theme ( x _ 5 , x _ 3 )	elips_VPE_gen
The girl investigated the cake and so did the teacher .	* girl ( x _ 0 ) ; * cake ( x _ 3 ) ; * teacher ( x _ 2 ) ; investigate . agent ( x _ 4 , x _ 0 ) AND investigate . theme ( x _ 4 , x _ 3 ) AND investigate . agent ( x _ 5 , x _ 2 ) AND investigate . theme ( x _ 5 , x _ 3 )	elips_VPE_gen
A queen declared that the friend packed a princess and so did Emma .	* friend ( x _ 3 ) ; queen ( x _ 0 ) AND princess ( x _ 4 ) AND declare . agent ( x _ 5 , x _ 0 ) AND declare . ccomp ( x _ 5, x _ 6 ) AND pack . agent ( x _ 6 , x _ 3 ) AND pack . theme ( x _ 6 , x _ 4 ) AND declare . agent ( x _ 7 , Emma ) AND declare . ccomp ( x _ 7, x _ 8 ) AND pack . agent ( x _ 8 , x _ 3 ) AND pack . theme ( x _ 8 , x _ 4 )	elips_VPE_gen
A duck tolerated a donut and so did the girl .	* girl ( x _ 2 ) ; duck ( x _ 0 ) AND donut ( x _ 3 ) AND tolerate . agent ( x _ 4 , x _ 0 ) AND tolerate . theme ( x _ 4 , x _ 3 ) AND tolerate . agent ( x _ 5 , x _ 2 ) AND tolerate . theme ( x _ 5 , x _ 3 )	elips_VPE_gen
A girl imagined that the princess heard the boy and so did the baby .	* princess ( x _ 4 ) ; * boy ( x _ 5 ) ; * baby ( x _ 3 ) ; girl ( x _ 0 ) AND imagine . agent ( x _ 6 , x _ 0 ) AND imagine . ccomp ( x _ 6, x _ 7 ) AND hear . agent ( x _ 7 , x _ 4 ) AND hear . theme ( x _ 7 , x _ 5 ) AND imagine . agent ( x _ 8 , x _ 3 ) AND imagine . ccomp ( x _ 8, x _ 9 ) AND hear . agent ( x _ 9 , x _ 4 ) AND hear . theme ( x _ 9 , x _ 5 )	elips_VPE_gen
Caleb tossed John and so did the girl .	* girl ( x _ 0 ) ; toss . agent ( x _ 1 , Caleb ) AND toss . theme ( x _ 1 , John ) AND toss . agent ( x _ 2 , x _ 0 ) AND toss . theme ( x _ 2 , John )	elips_VPE_gen
James worshipped a bowl and so did a dog .	bowl ( x _ 2 ) AND dog ( x _ 1 ) AND worship . agent ( x _ 3 , James ) AND worship . theme ( x _ 3 , x _ 2 ) AND worship . agent ( x _ 4 , x _ 1 ) AND worship . theme ( x _ 4 , x _ 2 )	elips_VPE_gen
A teacher threw the donut and so did Ava .	* donut ( x _ 2 ) ; teacher ( x _ 0 ) AND throw . agent ( x _ 3 , x _ 0 ) AND throw . theme ( x _ 3 , x _ 2 ) AND throw . agent ( x _ 4 , Ava ) AND throw . theme ( x _ 4 , x _ 2 )	elips_VPE_gen
A boy pierced a giraffe and so did a girl .	boy ( x _ 0 ) AND giraffe ( x _ 3 ) AND girl ( x _ 2 ) AND pierce . agent ( x _ 4 , x _ 0 ) AND pierce . theme ( x _ 4 , x _ 3 ) AND pierce . agent ( x _ 5 , x _ 2 ) AND pierce . theme ( x _ 5 , x _ 3 )	elips_VPE_gen
A fish touched the ball and so did the researcher .	* ball ( x _ 3 ) ; * researcher ( x _ 2 ) ; fish ( x _ 0 ) AND touch . agent ( x _ 4 , x _ 0 ) AND touch . theme ( x _ 4 , x _ 3 ) AND touch . agent ( x _ 5 , x _ 2 ) AND touch . theme ( x _ 5 , x _ 3 )	elips_VPE_gen
Liam packed the girl and so did James .	* girl ( x _ 1 ) ; pack . agent ( x _ 2 , Liam ) AND pack . theme ( x _ 2 , x _ 1 ) AND pack . agent ( x _ 3 , James ) AND pack . theme ( x _ 3 , x _ 1 )	elips_VPE_gen
The farmer packed Penelope and so did Emma .	* farmer ( x _ 0 ) ; pack . agent ( x _ 1 , x _ 0 ) AND pack . theme ( x _ 1 , Penelope ) AND pack . agent ( x _ 2 , Emma ) AND pack . theme ( x _ 2 , Penelope )	elips_VPE_gen
Leo pierced a boy and so did Alexander .	boy ( x _ 1 ) AND pierce . agent ( x _ 2 , Leo ) AND pierce . theme ( x _ 2 , x _ 1 ) AND pierce . agent ( x _ 3 , Alexander ) AND pierce . theme ( x _ 3 , x _ 1 )	elips_VPE_gen
The priest liked that the girl called the donut and so did a boy .	* priest ( x _ 0 ) ; * girl ( x _ 4 ) ; * donut ( x _ 5 ) ; boy ( x _ 3 ) AND like . agent ( x _ 6 , x _ 0 ) AND like . ccomp ( x _ 6, x _ 7 ) AND call . agent ( x _ 7 , x _ 4 ) AND call . theme ( x _ 7 , x _ 5 ) AND like . agent ( x _ 8 , x _ 3 ) AND like . ccomp ( x _ 8, x _ 9 ) AND call . agent ( x _ 9 , x _ 4 ) AND call . theme ( x _ 9 , x _ 5 )	elips_VPE_gen
A wolf heard the donut and so did a lion .	* donut ( x _ 3 ) ; wolf ( x _ 0 ) AND lion ( x _ 2 ) AND hear . agent ( x _ 4 , x _ 0 ) AND hear . theme ( x _ 4 , x _ 3 ) AND hear . agent ( x _ 5 , x _ 2 ) AND hear . theme ( x _ 5 , x _ 3 )	elips_VPE_gen
Penelope heard Layla and so did a girl .	girl ( x _ 0 ) AND hear . agent ( x _ 1 , Penelope ) AND hear . theme ( x _ 1 , Layla ) AND hear . agent ( x _ 2 , x _ 0 ) AND hear . theme ( x _ 2 , Layla )	elips_VPE_gen
Ava hoped that Isabella heard the donut and so did Emma .	* donut ( x _ 1 ) ; hope . agent ( x _ 2 , Ava ) AND hope . ccomp ( x _ 2, x _ 3 ) AND hear . agent ( x _ 3 , Isabella ) AND hear . theme ( x _ 3 , x _ 1 ) AND hope . agent ( x _ 4 , Emma ) AND hope . ccomp ( x _ 4, x _ 5 ) AND hear . agent ( x _ 5 , Isabella ) AND hear . theme ( x _ 5 , x _ 1 )	elips_VPE_gen
The cat threw a cake and so did the girl .	* cat ( x _ 0 ) ; * girl ( x _ 2 ) ; cake ( x _ 3 ) AND throw . agent ( x _ 4 , x _ 0 ) AND throw . theme ( x _ 4 , x _ 3 ) AND throw . agent ( x _ 5 , x _ 2 ) AND throw . theme ( x _ 5 , x _ 3 )	elips_VPE_gen
Liam held a drink and so did Jaxon .	drink ( x _ 1 ) AND hold . agent ( x _ 2 , Liam ) AND hold . theme ( x _ 2 , x _ 1 ) AND hold . agent ( x _ 3 , Jaxon ) AND hold . theme ( x _ 3 , x _ 1 )	elips_VPE_gen
The pupil called a cake and so did the girl .	* pupil ( x _ 0 ) ; * girl ( x _ 2 ) ; cake ( x _ 3 ) AND call . agent ( x _ 4 , x _ 0 ) AND call . theme ( x _ 4 , x _ 3 ) AND call . agent ( x _ 5 , x _ 2 ) AND call . theme ( x _ 5 , x _ 3 )	elips_VPE_gen
Logan examined a cookie and so did the girl .	* girl ( x _ 1 ) ; cookie ( x _ 2 ) AND examine . agent ( x _ 3 , Logan ) AND examine . theme ( x _ 3 , x _ 2 ) AND examine . agent ( x _ 4 , x _ 1 ) AND examine . theme ( x _ 4 , x _ 2 )	elips_VPE_gen
The dog said that Noah examined a cake and so did the girl .	* dog ( x _ 0 ) ; * girl ( x _ 2 ) ; cake ( x _ 3 ) AND say . agent ( x _ 4 , x _ 0 ) AND say . ccomp ( x _ 4, x _ 5 ) AND examine . agent ( x _ 5 , Noah ) AND examine . theme ( x _ 5 , x _ 3 ) AND say . agent ( x _ 6 , x _ 2 ) AND say . ccomp ( x _ 6, x _ 7 ) AND examine . agent ( x _ 7 , Noah ) AND examine . theme ( x _ 7 , x _ 3 )	elips_VPE_gen
Evelyn called the donut and so did Emma .	* donut ( x _ 1 ) ; call . agent ( x _ 2 , Evelyn ) AND call . theme ( x _ 2 , x _ 1 ) AND call . agent ( x _ 3 , Emma ) AND call . theme ( x _ 3 , x _ 1 )	elips_VPE_gen
Emma threw a cake and so did a student .	cake ( x _ 2 ) AND student ( x _ 1 ) AND throw . agent ( x _ 3 , Emma ) AND throw . theme ( x _ 3 , x _ 2 ) AND throw . agent ( x _ 4 , x _ 1 ) AND throw . theme ( x _ 4 , x _ 2 )	elips_VPE_gen
Emma threw a donut and so did Nora .	donut ( x _ 1 ) AND throw . agent ( x _ 2 , Emma ) AND throw . theme ( x _ 2 , x _ 1 ) AND throw . agent ( x _ 3 , Nora ) AND throw . theme ( x _ 3 , x _ 1 )	elips_VPE_gen
A girl observed a butterfly and so did the boy .	* boy ( x _ 2 ) ; girl ( x _ 0 ) AND butterfly ( x _ 3 ) AND observe . agent ( x _ 4 , x _ 0 ) AND observe . theme ( x _ 4 , x _ 3 ) AND observe . agent ( x _ 5 , x _ 2 ) AND observe . theme ( x _ 5 , x _ 3 )	elips_VPE_gen
The boy liked that the cat held Nora and so did a girl .	* boy ( x _ 0 ) ; * cat ( x _ 3 ) ; girl ( x _ 2 ) AND like . agent ( x _ 4 , x _ 0 ) AND like . ccomp ( x _ 4, x _ 5 ) AND hold . agent ( x _ 5 , x _ 3 ) AND hold . theme ( x _ 5 , Nora ) AND like . agent ( x _ 6 , x _ 2 ) AND like . ccomp ( x _ 6, x _ 7 ) AND hold . agent ( x _ 7 , x _ 3 ) AND hold . theme ( x _ 7 , Nora )	elips_VPE_gen
A girl liked that Emma threw Penelope and so did a boy .	girl ( x _ 0 ) AND boy ( x _ 1 ) AND like . agent ( x _ 2 , x _ 0 ) AND like . ccomp ( x _ 2, x _ 3 ) AND throw . agent ( x _ 3 , Emma ) AND throw . theme ( x _ 3 , Penelope ) AND like . agent ( x _ 4 , x _ 1 ) AND like . ccomp ( x _ 4, x _ 5 ) AND throw . agent ( x _ 5 , Emma ) AND throw . theme ( x _ 5 , Penelope )	elips_VPE_gen
Samuel liked that the child called Riley and so did a girl .	* child ( x _ 2 ) ; girl ( x _ 1 ) AND like . agent ( x _ 3 , Samuel ) AND like . ccomp ( x _ 3, x _ 4 ) AND call . agent ( x _ 4 , x _ 2 ) AND call . theme ( x _ 4 , Riley ) AND like . agent ( x _ 5 , x _ 1 ) AND like . ccomp ( x _ 5, x _ 6 ) AND call . agent ( x _ 6 , x _ 2 ) AND call . theme ( x _ 6 , Riley )	elips_VPE_gen
Logan liked that Gabriel called Levi and so did Charlotte .	like . agent ( x _ 0 , Logan ) AND like . ccomp ( x _ 0, x _ 1 ) AND call . agent ( x _ 1 , Gabriel ) AND call . theme ( x _ 1 , Levi ) AND like . agent ( x _ 2 , Charlotte ) AND like . ccomp ( x _ 2, x _ 3 ) AND call . agent ( x _ 3 , Gabriel ) AND call . theme ( x _ 3 , Levi )	elips_VPE_gen
Noah studied Wyatt and so did Olivia .	study . agent ( x _ 0 , Noah ) AND study . theme ( x _ 0 , Wyatt ) AND study . agent ( x _ 1 , Olivia ) AND study . theme ( x _ 1 , Wyatt )	elips_VPE_gen
The driver liked that a dog called a cake and so did the girl .	* driver ( x _ 0 ) ; * girl ( x _ 3 ) ; dog ( x _ 4 ) AND cake ( x _ 5 ) AND like . agent ( x _ 6 , x _ 0 ) AND like . ccomp ( x _ 6, x _ 7 ) AND call . agent ( x _ 7 , x _ 4 ) AND call . theme ( x _ 7 , x _ 5 ) AND like . agent ( x _ 8 , x _ 3 ) AND like . ccomp ( x _ 8, x _ 9 ) AND call . agent ( x _ 9 , x _ 4 ) AND call . theme ( x _ 9 , x _ 5 )	elips_VPE_gen
Carter tolerated a melon and so did the cow .	* cow ( x _ 1 ) ; melon ( x _ 2 ) AND tolerate . agent ( x _ 3 , Carter ) AND tolerate . theme ( x _ 3 , x _ 2 ) AND tolerate . agent ( x _ 4 , x _ 1 ) AND tolerate . theme ( x _ 4 , x _ 2 )	elips_VPE_gen
Noah threw Penelope and so did the bird .	* bird ( x _ 0 ) ; throw . agent ( x _ 1 , Noah ) AND throw . theme ( x _ 1 , Penelope ) AND throw . agent ( x _ 2 , x _ 0 ) AND throw . theme ( x _ 2 , Penelope )	elips_VPE_gen
The cat investigated a cake and so did the turtle .	* cat ( x _ 0 ) ; * turtle ( x _ 2 ) ; cake ( x _ 3 ) AND investigate . agent ( x _ 4 , x _ 0 ) AND investigate . theme ( x _ 4 , x _ 3 ) AND investigate . agent ( x _ 5 , x _ 2 ) AND investigate . theme ( x _ 5 , x _ 3 )	elips_VPE_gen
The dog tolerated the cake and so did the girl .	* dog ( x _ 0 ) ; * cake ( x _ 3 ) ; * girl ( x _ 2 ) ; tolerate . agent ( x _ 4 , x _ 0 ) AND tolerate . theme ( x _ 4 , x _ 3 ) AND tolerate . agent ( x _ 5 , x _ 2 ) AND tolerate . theme ( x _ 5 , x _ 3 )	elips_VPE_gen
Elijah tossed a kid and so did a girl .	kid ( x _ 2 ) AND girl ( x _ 1 ) AND toss . agent ( x _ 3 , Elijah ) AND toss . theme ( x _ 3 , x _ 2 ) AND toss . agent ( x _ 4 , x _ 1 ) AND toss . theme ( x _ 4 , x _ 2 )	elips_VPE_gen
Olivia investigated a boy and so did Zoe .	boy ( x _ 1 ) AND investigate . agent ( x _ 2 , Olivia ) AND investigate . theme ( x _ 2 , x _ 1 ) AND investigate . agent ( x _ 3 , Zoe ) AND investigate . theme ( x _ 3 , x _ 1 )	elips_VPE_gen
Emma declared that William called the girl and so did a frog .	* girl ( x _ 2 ) ; frog ( x _ 1 ) AND declare . agent ( x _ 3 , Emma ) AND declare . ccomp ( x _ 3, x _ 4 ) AND call . agent ( x _ 4 , William ) AND call . theme ( x _ 4 , x _ 2 ) AND declare . agent ( x _ 5 , x _ 1 ) AND declare . ccomp ( x _ 5, x _ 6 ) AND call . agent ( x _ 6 , William ) AND call . theme ( x _ 6 , x _ 2 )	elips_VPE_gen
A child observed the dog and so did Isabella .	* dog ( x _ 2 ) ; child ( x _ 0 ) AND observe . agent ( x _ 3 , x _ 0 ) AND observe . theme ( x _ 3 , x _ 2 ) AND observe . agent ( x _ 4 , Isabella ) AND observe . theme ( x _ 4 , x _ 2 )	elips_VPE_gen
The girl called Andrew and so did the lion .	* girl ( x _ 0 ) ; * lion ( x _ 1 ) ; call . agent ( x _ 2 , x _ 0 ) AND call . theme ( x _ 2 , Andrew ) AND call . agent ( x _ 3 , x _ 1 ) AND call . theme ( x _ 3 , Andrew )	elips_VPE_gen
Emma declared that a boy tolerated Bella and so did Avery .	boy ( x _ 1 ) AND declare . agent ( x _ 2 , Emma ) AND declare . ccomp ( x _ 2, x _ 3 ) AND tolerate . agent ( x _ 3 , x _ 1 ) AND tolerate . theme ( x _ 3 , Bella ) AND declare . agent ( x _ 4 , Avery ) AND declare . ccomp ( x _ 4, x _ 5 ) AND tolerate . agent ( x _ 5 , x _ 1 ) AND tolerate . theme ( x _ 5 , Bella )	elips_VPE_gen
Olivia noticed that the monkey threw a cookie and so did Benjamin .	* monkey ( x _ 2 ) ; cookie ( x _ 3 ) AND notice . agent ( x _ 4 , Olivia ) AND notice . ccomp ( x _ 4, x _ 5 ) AND throw . agent ( x _ 5 , x _ 2 ) AND throw . theme ( x _ 5 , x _ 3 ) AND notice . agent ( x _ 6 , Benjamin ) AND notice . ccomp ( x _ 6, x _ 7 ) AND throw . agent ( x _ 7 , x _ 2 ) AND throw . theme ( x _ 7 , x _ 3 )	elips_VPE_gen
Benjamin called Eleanor and so did Emma .	call . agent ( x _ 0 , Benjamin ) AND call . theme ( x _ 0 , Eleanor ) AND call . agent ( x _ 1 , Emma ) AND call . theme ( x _ 1 , Eleanor )	elips_VPE_gen
Liam called Penelope and so did the girl .	* girl ( x _ 0 ) ; call . agent ( x _ 1 , Liam ) AND call . theme ( x _ 1 , Penelope ) AND call . agent ( x _ 2 , x _ 0 ) AND call . theme ( x _ 2 , Penelope )	elips_VPE_gen
The bear appreciated that Liam threw Layla and so did Matthew .	* bear ( x _ 0 ) ; appreciate . agent ( x _ 1 , x _ 0 ) AND appreciate . ccomp ( x _ 1, x _ 2 ) AND throw . agent ( x _ 2 , Liam ) AND throw . theme ( x _ 2 , Layla ) AND appreciate . agent ( x _ 3 , Matthew ) AND appreciate . ccomp ( x _ 3, x _ 4 ) AND throw . agent ( x _ 4 , Liam ) AND throw . theme ( x _ 4 , Layla )	elips_VPE_gen
A child pierced the hamburger and so did Liam .	* hamburger ( x _ 2 ) ; child ( x _ 0 ) AND pierce . agent ( x _ 3 , x _ 0 ) AND pierce . theme ( x _ 3 , x _ 2 ) AND pierce . agent ( x _ 4 , Liam ) AND pierce . theme ( x _ 4 , x _ 2 )	elips_VPE_gen
A teacher hoped that Sebastian studied the cookie and so did Benjamin .	* cookie ( x _ 2 ) ; teacher ( x _ 0 ) AND hope . agent ( x _ 3 , x _ 0 ) AND hope . ccomp ( x _ 3, x _ 4 ) AND study . agent ( x _ 4 , Sebastian ) AND study . theme ( x _ 4 , x _ 2 ) AND hope . agent ( x _ 5 , Benjamin ) AND hope . ccomp ( x _ 5, x _ 6 ) AND study . agent ( x _ 6 , Sebastian ) AND study . theme ( x _ 6 , x _ 2 )	elips_VPE_gen
Jayden tossed a cow and so did the girl .	* girl ( x _ 1 ) ; cow ( x _ 2 ) AND toss . agent ( x _ 3 , Jayden ) AND toss . theme ( x _ 3 , x _ 2 ) AND toss . agent ( x _ 4 , x _ 1 ) AND toss . theme ( x _ 4 , x _ 2 )	elips_VPE_gen
The citizen respected that Ellie called the cake and so did a duck .	* citizen ( x _ 0 ) ; * cake ( x _ 3 ) ; duck ( x _ 2 ) AND respect . agent ( x _ 4 , x _ 0 ) AND respect . ccomp ( x _ 4, x _ 5 ) AND call . agent ( x _ 5 , Ellie ) AND call . theme ( x _ 5 , x _ 3 ) AND respect . agent ( x _ 6 , x _ 2 ) AND respect . ccomp ( x _ 6, x _ 7 ) AND call . agent ( x _ 7 , Ellie ) AND call . theme ( x _ 7 , x _ 3 )	elips_VPE_gen
A president stabbed Violet and so did a cat .	president ( x _ 0 ) AND cat ( x _ 1 ) AND stab . agent ( x _ 2 , x _ 0 ) AND stab . theme ( x _ 2 , Violet ) AND stab . agent ( x _ 3 , x _ 1 ) AND stab . theme ( x _ 3 , Violet )	elips_VPE_gen
Noah heard Wyatt and so did Emma .	hear . agent ( x _ 0 , Noah ) AND hear . theme ( x _ 0 , Wyatt ) AND hear . agent ( x _ 1 , Emma ) AND hear . theme ( x _ 1 , Wyatt )	elips_VPE_gen
Emma liked that Camila held a cake and so did Amelia .	cake ( x _ 1 ) AND like . agent ( x _ 2 , Emma ) AND like . ccomp ( x _ 2, x _ 3 ) AND hold . agent ( x _ 3 , Camila ) AND hold . theme ( x _ 3 , x _ 1 ) AND like . agent ( x _ 4 , Amelia ) AND like . ccomp ( x _ 4, x _ 5 ) AND hold . agent ( x _ 5 , Camila ) AND hold . theme ( x _ 5 , x _ 1 )	elips_VPE_gen
A dog worshipped a lion and so did a bear .	dog ( x _ 0 ) AND lion ( x _ 3 ) AND bear ( x _ 2 ) AND worship . agent ( x _ 4 , x _ 0 ) AND worship . theme ( x _ 4 , x _ 3 ) AND worship . agent ( x _ 5 , x _ 2 ) AND worship . theme ( x _ 5 , x _ 3 )	elips_VPE_gen
A child dreamed that the dog tolerated the hero and so did Liam .	* dog ( x _ 3 ) ; * hero ( x _ 4 ) ; child ( x _ 0 ) AND dream . agent ( x _ 5 , x _ 0 ) AND dream . ccomp ( x _ 5, x _ 6 ) AND tolerate . agent ( x _ 6 , x _ 3 ) AND tolerate . theme ( x _ 6 , x _ 4 ) AND dream . agent ( x _ 7 , Liam ) AND dream . ccomp ( x _ 7, x _ 8 ) AND tolerate . agent ( x _ 8 , x _ 3 ) AND tolerate . theme ( x _ 8 , x _ 4 )	elips_VPE_gen
Liam hoped that a girl called Penelope and so did Charlotte .	girl ( x _ 1 ) AND hope . agent ( x _ 2 , Liam ) AND hope . ccomp ( x _ 2, x _ 3 ) AND call . agent ( x _ 3 , x _ 1 ) AND call . theme ( x _ 3 , Penelope ) AND hope . agent ( x _ 4 , Charlotte ) AND hope . ccomp ( x _ 4, x _ 5 ) AND call . agent ( x _ 5 , x _ 1 ) AND call . theme ( x _ 5 , Penelope )	elips_VPE_gen
Ellie noticed that Liam pierced a cookie and so did Andrew .	cookie ( x _ 1 ) AND notice . agent ( x _ 2 , Ellie ) AND notice . ccomp ( x _ 2, x _ 3 ) AND pierce . agent ( x _ 3 , Liam ) AND pierce . theme ( x _ 3 , x _ 1 ) AND notice . agent ( x _ 4 , Andrew ) AND notice . ccomp ( x _ 4, x _ 5 ) AND pierce . agent ( x _ 5 , Liam ) AND pierce . theme ( x _ 5 , x _ 1 )	elips_VPE_gen
The teacher threw the sandwich and so did a girl .	* teacher ( x _ 0 ) ; * sandwich ( x _ 3 ) ; girl ( x _ 2 ) AND throw . agent ( x _ 4 , x _ 0 ) AND throw . theme ( x _ 4 , x _ 3 ) AND throw . agent ( x _ 5 , x _ 2 ) AND throw . theme ( x _ 5 , x _ 3 )	elips_VPE_gen
A frog tossed a donut and so did the dog .	* dog ( x _ 2 ) ; frog ( x _ 0 ) AND donut ( x _ 3 ) AND toss . agent ( x _ 4 , x _ 0 ) AND toss . theme ( x _ 4 , x _ 3 ) AND toss . agent ( x _ 5 , x _ 2 ) AND toss . theme ( x _ 5 , x _ 3 )	elips_VPE_gen
The girl studied the pancake and so did Emma .	* girl ( x _ 0 ) ; * pancake ( x _ 2 ) ; study . agent ( x _ 3 , x _ 0 ) AND study . theme ( x _ 3 , x _ 2 ) AND study . agent ( x _ 4 , Emma ) AND study . theme ( x _ 4 , x _ 2 )	elips_VPE_gen
A teacher threw a cake and so did the squirrel .	* squirrel ( x _ 2 ) ; teacher ( x _ 0 ) AND cake ( x _ 3 ) AND throw . agent ( x _ 4 , x _ 0 ) AND throw . theme ( x _ 4 , x _ 3 ) AND throw . agent ( x _ 5 , x _ 2 ) AND throw . theme ( x _ 5 , x _ 3 )	elips_VPE_gen
A girl liked that the hen threw a cake and so did Liam .	* hen ( x _ 3 ) ; girl ( x _ 0 ) AND cake ( x _ 4 ) AND like . agent ( x _ 5 , x _ 0 ) AND like . ccomp ( x _ 5, x _ 6 ) AND throw . agent ( x _ 6 , x _ 3 ) AND throw . theme ( x _ 6 , x _ 4 ) AND like . agent ( x _ 7 , Liam ) AND like . ccomp ( x _ 7, x _ 8 ) AND throw . agent ( x _ 8 , x _ 3 ) AND throw . theme ( x _ 8 , x _ 4 )	elips_VPE_gen
The teacher noticed the block and so did Emma .	* teacher ( x _ 0 ) ; * block ( x _ 2 ) ; notice . agent ( x _ 3 , x _ 0 ) AND notice . theme ( x _ 3 , x _ 2 ) AND notice . agent ( x _ 4 , Emma ) AND notice . theme ( x _ 4 , x _ 2 )	elips_VPE_gen
A girl called the book and so did Liam .	* book ( x _ 2 ) ; girl ( x _ 0 ) AND call . agent ( x _ 3 , x _ 0 ) AND call . theme ( x _ 3 , x _ 2 ) AND call . agent ( x _ 4 , Liam ) AND call . theme ( x _ 4 , x _ 2 )	elips_VPE_gen
A girl imagined that the human tolerated the sweetcorn and so did Emma .	* human ( x _ 3 ) ; * sweetcorn ( x _ 4 ) ; girl ( x _ 0 ) AND imagine . agent ( x _ 5 , x _ 0 ) AND imagine . ccomp ( x _ 5, x _ 6 ) AND tolerate . agent ( x _ 6 , x _ 3 ) AND tolerate . theme ( x _ 6 , x _ 4 ) AND imagine . agent ( x _ 7 , Emma ) AND imagine . ccomp ( x _ 7, x _ 8 ) AND tolerate . agent ( x _ 8 , x _ 3 ) AND tolerate . theme ( x _ 8 , x _ 4 )	elips_VPE_gen
A boy proved that a girl held a cake and so did Emma .	boy ( x _ 0 ) AND girl ( x _ 3 ) AND cake ( x _ 4 ) AND prove . agent ( x _ 5 , x _ 0 ) AND prove . ccomp ( x _ 5, x _ 6 ) AND hold . agent ( x _ 6 , x _ 3 ) AND hold . theme ( x _ 6 , x _ 4 ) AND prove . agent ( x _ 7 , Emma ) AND prove . ccomp ( x _ 7, x _ 8 ) AND hold . agent ( x _ 8 , x _ 3 ) AND hold . theme ( x _ 8 , x _ 4 )	elips_VPE_gen
The boy wished that Liam investigated a girl and so did Emma .	* boy ( x _ 0 ) ; girl ( x _ 2 ) AND wish . agent ( x _ 3 , x _ 0 ) AND wish . ccomp ( x _ 3, x _ 4 ) AND investigate . agent ( x _ 4 , Liam ) AND investigate . theme ( x _ 4 , x _ 2 ) AND wish . agent ( x _ 5 , Emma ) AND wish . ccomp ( x _ 5, x _ 6 ) AND investigate . agent ( x _ 6 , Liam ) AND investigate . theme ( x _ 6 , x _ 2 )	elips_VPE_gen
Emma called the chemical and so did a cat .	* chemical ( x _ 2 ) ; cat ( x _ 1 ) AND call . agent ( x _ 3 , Emma ) AND call . theme ( x _ 3 , x _ 2 ) AND call . agent ( x _ 4 , x _ 1 ) AND call . theme ( x _ 4 , x _ 2 )	elips_VPE_gen
The pony threw a cake and so did Mia .	* pony ( x _ 0 ) ; cake ( x _ 2 ) AND throw . agent ( x _ 3 , x _ 0 ) AND throw . theme ( x _ 3 , x _ 2 ) AND throw . agent ( x _ 4 , Mia ) AND throw . theme ( x _ 4 , x _ 2 )	elips_VPE_gen
A mother liked that the goose held a girl and so did Ava .	* goose ( x _ 3 ) ; mother ( x _ 0 ) AND girl ( x _ 4 ) AND like . agent ( x _ 5 , x _ 0 ) AND like . ccomp ( x _ 5, x _ 6 ) AND hold . agent ( x _ 6 , x _ 3 ) AND hold . theme ( x _ 6 , x _ 4 ) AND like . agent ( x _ 7 , Ava ) AND like . ccomp ( x _ 7, x _ 8 ) AND hold . agent ( x _ 8 , x _ 3 ) AND hold . theme ( x _ 8 , x _ 4 )	elips_VPE_gen
A pig liked that a girl held a raisin and so did Olivia .	pig ( x _ 0 ) AND girl ( x _ 3 ) AND raisin ( x _ 4 ) AND like . agent ( x _ 5 , x _ 0 ) AND like . ccomp ( x _ 5, x _ 6 ) AND hold . agent ( x _ 6 , x _ 3 ) AND hold . theme ( x _ 6 , x _ 4 ) AND like . agent ( x _ 7 , Olivia ) AND like . ccomp ( x _ 7, x _ 8 ) AND hold . agent ( x _ 8 , x _ 3 ) AND hold . theme ( x _ 8 , x _ 4 )	elips_VPE_gen
Noah held a knife and so did Emma .	knife ( x _ 1 ) AND hold . agent ( x _ 2 , Noah ) AND hold . theme ( x _ 2 , x _ 1 ) AND hold . agent ( x _ 3 , Emma ) AND hold . theme ( x _ 3 , x _ 1 )	elips_VPE_gen
Mason threw a cookie and so did a child .	cookie ( x _ 2 ) AND child ( x _ 1 ) AND throw . agent ( x _ 3 , Mason ) AND throw . theme ( x _ 3 , x _ 2 ) AND throw . agent ( x _ 4 , x _ 1 ) AND throw . theme ( x _ 4 , x _ 2 )	elips_VPE_gen
Jackson heard Riley and so did Grayson .	hear . agent ( x _ 0 , Jackson ) AND hear . theme ( x _ 0 , Riley ) AND hear . agent ( x _ 1 , Grayson ) AND hear . theme ( x _ 1 , Riley )	elips_VPE_gen
A girl liked that a boy threw the nail and so did Noah .	* nail ( x _ 4 ) ; girl ( x _ 0 ) AND boy ( x _ 3 ) AND like . agent ( x _ 5 , x _ 0 ) AND like . ccomp ( x _ 5, x _ 6 ) AND throw . agent ( x _ 6 , x _ 3 ) AND throw . theme ( x _ 6 , x _ 4 ) AND like . agent ( x _ 7 , Noah ) AND like . ccomp ( x _ 7, x _ 8 ) AND throw . agent ( x _ 8 , x _ 3 ) AND throw . theme ( x _ 8 , x _ 4 )	elips_VPE_gen
Oliver liked that Emma stabbed a pancake and so did Olivia .	pancake ( x _ 1 ) AND like . agent ( x _ 2 , Oliver ) AND like . ccomp ( x _ 2, x _ 3 ) AND stab . agent ( x _ 3 , Emma ) AND stab . theme ( x _ 3 , x _ 1 ) AND like . agent ( x _ 4 , Olivia ) AND like . ccomp ( x _ 4, x _ 5 ) AND stab . agent ( x _ 5 , Emma ) AND stab . theme ( x _ 5 , x _ 1 )	elips_VPE_gen
A child threw a monkey and so did a girl .	child ( x _ 0 ) AND monkey ( x _ 3 ) AND girl ( x _ 2 ) AND throw . agent ( x _ 4 , x _ 0 ) AND throw . theme ( x _ 4 , x _ 3 ) AND throw . agent ( x _ 5 , x _ 2 ) AND throw . theme ( x _ 5 , x _ 3 )	elips_VPE_gen
Noah called a giraffe and so did a student .	giraffe ( x _ 2 ) AND student ( x _ 1 ) AND call . agent ( x _ 3 , Noah ) AND call . theme ( x _ 3 , x _ 2 ) AND call . agent ( x _ 4 , x _ 1 ) AND call . theme ( x _ 4 , x _ 2 )	elips_VPE_gen
A girl threw Wyatt and so did Elijah .	girl ( x _ 0 ) AND throw . agent ( x _ 1 , x _ 0 ) AND throw . theme ( x _ 1 , Wyatt ) AND throw . agent ( x _ 2 , Elijah ) AND throw . theme ( x _ 2 , Wyatt )	elips_VPE_gen
Liam called the cake and so did a bear .	* cake ( x _ 2 ) ; bear ( x _ 1 ) AND call . agent ( x _ 3 , Liam ) AND call . theme ( x _ 3 , x _ 2 ) AND call . agent ( x _ 4 , x _ 1 ) AND call . theme ( x _ 4 , x _ 2 )	elips_VPE_gen
The girl tossed the donut and so did the goose .	* girl ( x _ 0 ) ; * donut ( x _ 3 ) ; * goose ( x _ 2 ) ; toss . agent ( x _ 4 , x _ 0 ) AND toss . theme ( x _ 4 , x _ 3 ) AND toss . agent ( x _ 5 , x _ 2 ) AND toss . theme ( x _ 5 , x _ 3 )	elips_VPE_gen
The cat packed the girl and so did Owen .	* cat ( x _ 0 ) ; * girl ( x _ 2 ) ; pack . agent ( x _ 3 , x _ 0 ) AND pack . theme ( x _ 3 , x _ 2 ) AND pack . agent ( x _ 4 , Owen ) AND pack . theme ( x _ 4 , x _ 2 )	elips_VPE_gen
Ava valued that a mouse called Wyatt and so did Amelia .	mouse ( x _ 1 ) AND value . agent ( x _ 2 , Ava ) AND value . ccomp ( x _ 2, x _ 3 ) AND call . agent ( x _ 3 , x _ 1 ) AND call . theme ( x _ 3 , Wyatt ) AND value . agent ( x _ 4 , Amelia ) AND value . ccomp ( x _ 4, x _ 5 ) AND call . agent ( x _ 5 , x _ 1 ) AND call . theme ( x _ 5 , Wyatt )	elips_VPE_gen
Ava discovered a strawberry and so did a zebra .	strawberry ( x _ 2 ) AND zebra ( x _ 1 ) AND discover . agent ( x _ 3 , Ava ) AND discover . theme ( x _ 3 , x _ 2 ) AND discover . agent ( x _ 4 , x _ 1 ) AND discover . theme ( x _ 4 , x _ 2 )	elips_VPE_gen
Emma said that James noticed Brooklyn and so did Liam .	say . agent ( x _ 0 , Emma ) AND say . ccomp ( x _ 0, x _ 1 ) AND notice . agent ( x _ 1 , James ) AND notice . theme ( x _ 1 , Brooklyn ) AND say . agent ( x _ 2 , Liam ) AND say . ccomp ( x _ 2, x _ 3 ) AND notice . agent ( x _ 3 , James ) AND notice . theme ( x _ 3 , Brooklyn )	elips_VPE_gen
Camila called Dylan and so did the bunny .	* bunny ( x _ 0 ) ; call . agent ( x _ 1 , Camila ) AND call . theme ( x _ 1 , Dylan ) AND call . agent ( x _ 2 , x _ 0 ) AND call . theme ( x _ 2 , Dylan )	elips_VPE_gen
The chicken declared that the writer threw a girl and so did Lillian .	* chicken ( x _ 0 ) ; * writer ( x _ 3 ) ; girl ( x _ 4 ) AND declare . agent ( x _ 5 , x _ 0 ) AND declare . ccomp ( x _ 5, x _ 6 ) AND throw . agent ( x _ 6 , x _ 3 ) AND throw . theme ( x _ 6 , x _ 4 ) AND declare . agent ( x _ 7 , Lillian ) AND declare . ccomp ( x _ 7, x _ 8 ) AND throw . agent ( x _ 8 , x _ 3 ) AND throw . theme ( x _ 8 , x _ 4 )	elips_VPE_gen
A cat saw the cake and so did the president .	* cake ( x _ 3 ) ; * president ( x _ 2 ) ; cat ( x _ 0 ) AND see . agent ( x _ 4 , x _ 0 ) AND see . theme ( x _ 4 , x _ 3 ) AND see . agent ( x _ 5 , x _ 2 ) AND see . theme ( x _ 5 , x _ 3 )	elips_VPE_gen
The duck noticed the boy and so did the girl .	* duck ( x _ 0 ) ; * boy ( x _ 3 ) ; * girl ( x _ 2 ) ; notice . agent ( x _ 4 , x _ 0 ) AND notice . theme ( x _ 4 , x _ 3 ) AND notice . agent ( x _ 5 , x _ 2 ) AND notice . theme ( x _ 5 , x _ 3 )	elips_VPE_gen
Liam saw the cake and so did the cat .	* cake ( x _ 2 ) ; * cat ( x _ 1 ) ; see . agent ( x _ 3 , Liam ) AND see . theme ( x _ 3 , x _ 2 ) AND see . agent ( x _ 4 , x _ 1 ) AND see . theme ( x _ 4 , x _ 2 )	elips_VPE_gen
Emma examined Penelope and so did the girl .	* girl ( x _ 0 ) ; examine . agent ( x _ 1 , Emma ) AND examine . theme ( x _ 1 , Penelope ) AND examine . agent ( x _ 2 , x _ 0 ) AND examine . theme ( x _ 2 , Penelope )	elips_VPE_gen
Liam said that Amelia tolerated the box and so did a dog .	* box ( x _ 2 ) ; dog ( x _ 1 ) AND say . agent ( x _ 3 , Liam ) AND say . ccomp ( x _ 3, x _ 4 ) AND tolerate . agent ( x _ 4 , Amelia ) AND tolerate . theme ( x _ 4 , x _ 2 ) AND say . agent ( x _ 5 , x _ 1 ) AND say . ccomp ( x _ 5, x _ 6 ) AND tolerate . agent ( x _ 6 , Amelia ) AND tolerate . theme ( x _ 6 , x _ 2 )	elips_VPE_gen
A penguin hoped that Ella called a lollipop and so did the monkey .	* monkey ( x _ 2 ) ; penguin ( x _ 0 ) AND lollipop ( x _ 3 ) AND hope . agent ( x _ 4 , x _ 0 ) AND hope . ccomp ( x _ 4, x _ 5 ) AND call . agent ( x _ 5 , Ella ) AND call . theme ( x _ 5 , x _ 3 ) AND hope . agent ( x _ 6 , x _ 2 ) AND hope . ccomp ( x _ 6, x _ 7 ) AND call . agent ( x _ 7 , Ella ) AND call . theme ( x _ 7 , x _ 3 )	elips_VPE_gen
A cat called Riley and so did Emma .	cat ( x _ 0 ) AND call . agent ( x _ 1 , x _ 0 ) AND call . theme ( x _ 1 , Riley ) AND call . agent ( x _ 2 , Emma ) AND call . theme ( x _ 2 , Riley )	elips_VPE_gen
Emma saw a wolf and so did Liam .	wolf ( x _ 1 ) AND see . agent ( x _ 2 , Emma ) AND see . theme ( x _ 2 , x _ 1 ) AND see . agent ( x _ 3 , Liam ) AND see . theme ( x _ 3 , x _ 1 )	elips_VPE_gen
The journalist packed a girl and so did a coach .	* journalist ( x _ 0 ) ; girl ( x _ 3 ) AND coach ( x _ 2 ) AND pack . agent ( x _ 4 , x _ 0 ) AND pack . theme ( x _ 4 , x _ 3 ) AND pack . agent ( x _ 5 , x _ 2 ) AND pack . theme ( x _ 5 , x _ 3 )	elips_VPE_gen
A dog called Addison and so did Emma .	dog ( x _ 0 ) AND call . agent ( x _ 1 , x _ 0 ) AND call . theme ( x _ 1 , Addison ) AND call . agent ( x _ 2 , Emma ) AND call . theme ( x _ 2 , Addison )	elips_VPE_gen
A boy believed that Emma called Natalie and so did the cat .	* cat ( x _ 1 ) ; boy ( x _ 0 ) AND believe . agent ( x _ 2 , x _ 0 ) AND believe . ccomp ( x _ 2, x _ 3 ) AND call . agent ( x _ 3 , Emma ) AND call . theme ( x _ 3 , Natalie ) AND believe . agent ( x _ 4 , x _ 1 ) AND believe . ccomp ( x _ 4, x _ 5 ) AND call . agent ( x _ 5 , Emma ) AND call . theme ( x _ 5 , Natalie )	elips_VPE_gen
A boy threw Hannah and so did a girl .	boy ( x _ 0 ) AND girl ( x _ 1 ) AND throw . agent ( x _ 2 , x _ 0 ) AND throw . theme ( x _ 2 , Hannah ) AND throw . agent ( x _ 3 , x _ 1 ) AND throw . theme ( x _ 3 , Hannah )	elips_VPE_gen
Olivia called the patient and so did a professor .	* patient ( x _ 2 ) ; professor ( x _ 1 ) AND call . agent ( x _ 3 , Olivia ) AND call . theme ( x _ 3 , x _ 2 ) AND call . agent ( x _ 4 , x _ 1 ) AND call . theme ( x _ 4 , x _ 2 )	elips_VPE_gen
Ava discovered the donut and so did James .	* donut ( x _ 1 ) ; discover . agent ( x _ 2 , Ava ) AND discover . theme ( x _ 2 , x _ 1 ) AND discover . agent ( x _ 3 , James ) AND discover . theme ( x _ 3 , x _ 1 )	elips_VPE_gen
A dog valued a cake and so did the girl .	* girl ( x _ 2 ) ; dog ( x _ 0 ) AND cake ( x _ 3 ) AND value . agent ( x _ 4 , x _ 0 ) AND value . theme ( x _ 4 , x _ 3 ) AND value . agent ( x _ 5 , x _ 2 ) AND value . theme ( x _ 5 , x _ 3 )	elips_VPE_gen
Emma worshipped Riley and so did Olivia .	worship . agent ( x _ 0 , Emma ) AND worship . theme ( x _ 0 , Riley ) AND worship . agent ( x _ 1 , Olivia ) AND worship . theme ( x _ 1 , Riley )	elips_VPE_gen
The chicken noticed the donut and so did Noah .	* chicken ( x _ 0 ) ; * donut ( x _ 2 ) ; notice . agent ( x _ 3 , x _ 0 ) AND notice . theme ( x _ 3 , x _ 2 ) AND notice . agent ( x _ 4 , Noah ) AND notice . theme ( x _ 4 , x _ 2 )	elips_VPE_gen
Emma discovered the cat and so did John .	* cat ( x _ 1 ) ; discover . agent ( x _ 2 , Emma ) AND discover . theme ( x _ 2 , x _ 1 ) AND discover . agent ( x _ 3 , John ) AND discover . theme ( x _ 3 , x _ 1 )	elips_VPE_gen
Emma called a cookie and so did William .	cookie ( x _ 1 ) AND call . agent ( x _ 2 , Emma ) AND call . theme ( x _ 2 , x _ 1 ) AND call . agent ( x _ 3 , William ) AND call . theme ( x _ 3 , x _ 1 )	elips_VPE_gen
Lucas called Wyatt and so did William .	call . agent ( x _ 0 , Lucas ) AND call . theme ( x _ 0 , Wyatt ) AND call . agent ( x _ 1 , William ) AND call . theme ( x _ 1 , Wyatt )	elips_VPE_gen
William called the teacher and so did a girl .	* teacher ( x _ 2 ) ; girl ( x _ 1 ) AND call . agent ( x _ 3 , William ) AND call . theme ( x _ 3 , x _ 2 ) AND call . agent ( x _ 4 , x _ 1 ) AND call . theme ( x _ 4 , x _ 2 )	elips_VPE_gen
The boy believed that a girl pierced a fly and so did Liam .	* boy ( x _ 0 ) ; girl ( x _ 3 ) AND fly ( x _ 4 ) AND believe . agent ( x _ 5 , x _ 0 ) AND believe . ccomp ( x _ 5, x _ 6 ) AND pierce . agent ( x _ 6 , x _ 3 ) AND pierce . theme ( x _ 6 , x _ 4 ) AND believe . agent ( x _ 7 , Liam ) AND believe . ccomp ( x _ 7, x _ 8 ) AND pierce . agent ( x _ 8 , x _ 3 ) AND pierce . theme ( x _ 8 , x _ 4 )	elips_VPE_gen
The cow studied Penelope and so did Emma .	* cow ( x _ 0 ) ; study . agent ( x _ 1 , x _ 0 ) AND study . theme ( x _ 1 , Penelope ) AND study . agent ( x _ 2 , Emma ) AND study . theme ( x _ 2 , Penelope )	elips_VPE_gen
Liam threw a cake and so did Benjamin .	cake ( x _ 1 ) AND throw . agent ( x _ 2 , Liam ) AND throw . theme ( x _ 2 , x _ 1 ) AND throw . agent ( x _ 3 , Benjamin ) AND throw . theme ( x _ 3 , x _ 1 )	elips_VPE_gen
William discovered the box and so did Grace .	* box ( x _ 1 ) ; discover . agent ( x _ 2 , William ) AND discover . theme ( x _ 2 , x _ 1 ) AND discover . agent ( x _ 3 , Grace ) AND discover . theme ( x _ 3 , x _ 1 )	elips_VPE_gen
Emma packed the giraffe and so did a girl .	* giraffe ( x _ 2 ) ; girl ( x _ 1 ) AND pack . agent ( x _ 3 , Emma ) AND pack . theme ( x _ 3 , x _ 2 ) AND pack . agent ( x _ 4 , x _ 1 ) AND pack . theme ( x _ 4 , x _ 2 )	elips_VPE_gen
Alexander knew Zoey and so did Emily .	know . agent ( x _ 0 , Alexander ) AND know . theme ( x _ 0 , Zoey ) AND know . agent ( x _ 1 , Emily ) AND know . theme ( x _ 1 , Zoey )	elips_VPE_gen
Emma threw the cake and so did a turkey .	* cake ( x _ 2 ) ; turkey ( x _ 1 ) AND throw . agent ( x _ 3 , Emma ) AND throw . theme ( x _ 3 , x _ 2 ) AND throw . agent ( x _ 4 , x _ 1 ) AND throw . theme ( x _ 4 , x _ 2 )	elips_VPE_gen
The mouse supported that the giraffe threw a box and so did a teacher .	* mouse ( x _ 0 ) ; * giraffe ( x _ 4 ) ; box ( x _ 5 ) AND teacher ( x _ 3 ) AND support . agent ( x _ 6 , x _ 0 ) AND support . ccomp ( x _ 6, x _ 7 ) AND throw . agent ( x _ 7 , x _ 4 ) AND throw . theme ( x _ 7 , x _ 5 ) AND support . agent ( x _ 8 , x _ 3 ) AND support . ccomp ( x _ 8, x _ 9 ) AND throw . agent ( x _ 9 , x _ 4 ) AND throw . theme ( x _ 9 , x _ 5 )	elips_VPE_gen
Olivia tolerated Luke and so did Sofia .	tolerate . agent ( x _ 0 , Olivia ) AND tolerate . theme ( x _ 0 , Luke ) AND tolerate . agent ( x _ 1 , Sofia ) AND tolerate . theme ( x _ 1 , Luke )	elips_VPE_gen
Emma valued that a boy observed a bird and so did Liam .	boy ( x _ 2 ) AND bird ( x _ 3 ) AND value . agent ( x _ 4 , Emma ) AND value . ccomp ( x _ 4, x _ 5 ) AND observe . agent ( x _ 5 , x _ 2 ) AND observe . theme ( x _ 5 , x _ 3 ) AND value . agent ( x _ 6 , Liam ) AND value . ccomp ( x _ 6, x _ 7 ) AND observe . agent ( x _ 7 , x _ 2 ) AND observe . theme ( x _ 7 , x _ 3 )	elips_VPE_gen
A girl threw a tiger and so did Liam .	girl ( x _ 0 ) AND tiger ( x _ 2 ) AND throw . agent ( x _ 3 , x _ 0 ) AND throw . theme ( x _ 3 , x _ 2 ) AND throw . agent ( x _ 4 , Liam ) AND throw . theme ( x _ 4 , x _ 2 )	elips_VPE_gen
The fly worshipped Aubrey and so did the girl .	* fly ( x _ 0 ) ; * girl ( x _ 1 ) ; worship . agent ( x _ 2 , x _ 0 ) AND worship . theme ( x _ 2 , Aubrey ) AND worship . agent ( x _ 3 , x _ 1 ) AND worship . theme ( x _ 3 , Aubrey )	elips_VPE_gen
Olivia respected that Ellie saw Luke and so did Isabella .	respect . agent ( x _ 0 , Olivia ) AND respect . ccomp ( x _ 0, x _ 1 ) AND see . agent ( x _ 1 , Ellie ) AND see . theme ( x _ 1 , Luke ) AND respect . agent ( x _ 2 , Isabella ) AND respect . ccomp ( x _ 2, x _ 3 ) AND see . agent ( x _ 3 , Ellie ) AND see . theme ( x _ 3 , Luke )	elips_VPE_gen
Emma liked that a cat valued a rose and so did the girl .	* girl ( x _ 2 ) ; cat ( x _ 3 ) AND rose ( x _ 4 ) AND like . agent ( x _ 5 , Emma ) AND like . ccomp ( x _ 5, x _ 6 ) AND value . agent ( x _ 6 , x _ 3 ) AND value . theme ( x _ 6 , x _ 4 ) AND like . agent ( x _ 7 , x _ 2 ) AND like . ccomp ( x _ 7, x _ 8 ) AND value . agent ( x _ 8 , x _ 3 ) AND value . theme ( x _ 8 , x _ 4 )	elips_VPE_gen
Emma liked that the teacher valued the donut and so did a girl .	* teacher ( x _ 3 ) ; * donut ( x _ 4 ) ; girl ( x _ 2 ) AND like . agent ( x _ 5 , Emma ) AND like . ccomp ( x _ 5, x _ 6 ) AND value . agent ( x _ 6 , x _ 3 ) AND value . theme ( x _ 6 , x _ 4 ) AND like . agent ( x _ 7 , x _ 2 ) AND like . ccomp ( x _ 7, x _ 8 ) AND value . agent ( x _ 8 , x _ 3 ) AND value . theme ( x _ 8 , x _ 4 )	elips_VPE_gen
Oliver tolerated a box and so did Liam .	box ( x _ 1 ) AND tolerate . agent ( x _ 2 , Oliver ) AND tolerate . theme ( x _ 2 , x _ 1 ) AND tolerate . agent ( x _ 3 , Liam ) AND tolerate . theme ( x _ 3 , x _ 1 )	elips_VPE_gen
William called a donut and so did Emma .	donut ( x _ 1 ) AND call . agent ( x _ 2 , William ) AND call . theme ( x _ 2 , x _ 1 ) AND call . agent ( x _ 3 , Emma ) AND call . theme ( x _ 3 , x _ 1 )	elips_VPE_gen
Emma heard a melon and so did a child .	melon ( x _ 2 ) AND child ( x _ 1 ) AND hear . agent ( x _ 3 , Emma ) AND hear . theme ( x _ 3 , x _ 2 ) AND hear . agent ( x _ 4 , x _ 1 ) AND hear . theme ( x _ 4 , x _ 2 )	elips_VPE_gen
Oliver tossed a girl and so did the boy .	* boy ( x _ 1 ) ; girl ( x _ 2 ) AND toss . agent ( x _ 3 , Oliver ) AND toss . theme ( x _ 3 , x _ 2 ) AND toss . agent ( x _ 4 , x _ 1 ) AND toss . theme ( x _ 4 , x _ 2 )	elips_VPE_gen
A servant appreciated that a dog noticed Penelope and so did a child .	servant ( x _ 0 ) AND dog ( x _ 3 ) AND child ( x _ 2 ) AND appreciate . agent ( x _ 4 , x _ 0 ) AND appreciate . ccomp ( x _ 4, x _ 5 ) AND notice . agent ( x _ 5 , x _ 3 ) AND notice . theme ( x _ 5 , Penelope ) AND appreciate . agent ( x _ 6 , x _ 2 ) AND appreciate . ccomp ( x _ 6, x _ 7 ) AND notice . agent ( x _ 7 , x _ 3 ) AND notice . theme ( x _ 7 , Penelope )	elips_VPE_gen
A dog called the cake and so did the girl .	* cake ( x _ 3 ) ; * girl ( x _ 2 ) ; dog ( x _ 0 ) AND call . agent ( x _ 4 , x _ 0 ) AND call . theme ( x _ 4 , x _ 3 ) AND call . agent ( x _ 5 , x _ 2 ) AND call . theme ( x _ 5 , x _ 3 )	elips_VPE_gen
Emma threw Isaac and so did a coach .	coach ( x _ 0 ) AND throw . agent ( x _ 1 , Emma ) AND throw . theme ( x _ 1 , Isaac ) AND throw . agent ( x _ 2 , x _ 0 ) AND throw . theme ( x _ 2 , Isaac )	elips_VPE_gen
The student worshipped a drink and so did Olivia .	* student ( x _ 0 ) ; drink ( x _ 2 ) AND worship . agent ( x _ 3 , x _ 0 ) AND worship . theme ( x _ 3 , x _ 2 ) AND worship . agent ( x _ 4 , Olivia ) AND worship . theme ( x _ 4 , x _ 2 )	elips_VPE_gen
The baby threw a crayon and so did a girl .	* baby ( x _ 0 ) ; crayon ( x _ 3 ) AND girl ( x _ 2 ) AND throw . agent ( x _ 4 , x _ 0 ) AND throw . theme ( x _ 4 , x _ 3 ) AND throw . agent ( x _ 5 , x _ 2 ) AND throw . theme ( x _ 5 , x _ 3 )	elips_VPE_gen
A frog hoped that the girl stabbed the deer and so did Wyatt .	* girl ( x _ 3 ) ; * deer ( x _ 4 ) ; frog ( x _ 0 ) AND hope . agent ( x _ 5 , x _ 0 ) AND hope . ccomp ( x _ 5, x _ 6 ) AND stab . agent ( x _ 6 , x _ 3 ) AND stab . theme ( x _ 6 , x _ 4 ) AND hope . agent ( x _ 7 , Wyatt ) AND hope . ccomp ( x _ 7, x _ 8 ) AND stab . agent ( x _ 8 , x _ 3 ) AND stab . theme ( x _ 8 , x _ 4 )	elips_VPE_gen
Olivia tolerated a cookie and so did Emma .	cookie ( x _ 1 ) AND tolerate . agent ( x _ 2 , Olivia ) AND tolerate . theme ( x _ 2 , x _ 1 ) AND tolerate . agent ( x _ 3 , Emma ) AND tolerate . theme ( x _ 3 , x _ 1 )	elips_VPE_gen
A butterfly called a girl and so did the boy .	* boy ( x _ 2 ) ; butterfly ( x _ 0 ) AND girl ( x _ 3 ) AND call . agent ( x _ 4 , x _ 0 ) AND call . theme ( x _ 4 , x _ 3 ) AND call . agent ( x _ 5 , x _ 2 ) AND call . theme ( x _ 5 , x _ 3 )	elips_VPE_gen
A mouse packed the cake and so did Grace .	* cake ( x _ 2 ) ; mouse ( x _ 0 ) AND pack . agent ( x _ 3 , x _ 0 ) AND pack . theme ( x _ 3 , x _ 2 ) AND pack . agent ( x _ 4 , Grace ) AND pack . theme ( x _ 4 , x _ 2 )	elips_VPE_gen
The butterfly examined Penelope and so did Liam .	* butterfly ( x _ 0 ) ; examine . agent ( x _ 1 , x _ 0 ) AND examine . theme ( x _ 1 , Penelope ) AND examine . agent ( x _ 2 , Liam ) AND examine . theme ( x _ 2 , Penelope )	elips_VPE_gen
A child knew the cake and so did a cat .	* cake ( x _ 3 ) ; child ( x _ 0 ) AND cat ( x _ 2 ) AND know . agent ( x _ 4 , x _ 0 ) AND know . theme ( x _ 4 , x _ 3 ) AND know . agent ( x _ 5 , x _ 2 ) AND know . theme ( x _ 5 , x _ 3 )	elips_VPE_gen
A girl wished that Emma called a giraffe and so did a consumer .	girl ( x _ 0 ) AND giraffe ( x _ 3 ) AND consumer ( x _ 2 ) AND wish . agent ( x _ 4 , x _ 0 ) AND wish . ccomp ( x _ 4, x _ 5 ) AND call . agent ( x _ 5 , Emma ) AND call . theme ( x _ 5 , x _ 3 ) AND wish . agent ( x _ 6 , x _ 2 ) AND wish . ccomp ( x _ 6, x _ 7 ) AND call . agent ( x _ 7 , Emma ) AND call . theme ( x _ 7 , x _ 3 )	elips_VPE_gen
Emma proved that the girl called Gabriel and so did Jaxon .	* girl ( x _ 1 ) ; prove . agent ( x _ 2 , Emma ) AND prove . ccomp ( x _ 2, x _ 3 ) AND call . agent ( x _ 3 , x _ 1 ) AND call . theme ( x _ 3 , Gabriel ) AND prove . agent ( x _ 4 , Jaxon ) AND prove . ccomp ( x _ 4, x _ 5 ) AND call . agent ( x _ 5 , x _ 1 ) AND call . theme ( x _ 5 , Gabriel )	elips_VPE_gen
Olivia discovered the cake and so did the crocodile .	* cake ( x _ 2 ) ; * crocodile ( x _ 1 ) ; discover . agent ( x _ 3 , Olivia ) AND discover . theme ( x _ 3 , x _ 2 ) AND discover . agent ( x _ 4 , x _ 1 ) AND discover . theme ( x _ 4 , x _ 2 )	elips_VPE_gen
Noah noticed that Liam called Penelope and so did James .	notice . agent ( x _ 0 , Noah ) AND notice . ccomp ( x _ 0, x _ 1 ) AND call . agent ( x _ 1 , Liam ) AND call . theme ( x _ 1 , Penelope ) AND notice . agent ( x _ 2 , James ) AND notice . ccomp ( x _ 2, x _ 3 ) AND call . agent ( x _ 3 , Liam ) AND call . theme ( x _ 3 , Penelope )	elips_VPE_gen
A girl threw a drink and so did Michael .	girl ( x _ 0 ) AND drink ( x _ 2 ) AND throw . agent ( x _ 3 , x _ 0 ) AND throw . theme ( x _ 3 , x _ 2 ) AND throw . agent ( x _ 4 , Michael ) AND throw . theme ( x _ 4 , x _ 2 )	elips_VPE_gen
Emma studied a donut and so did a baby .	donut ( x _ 2 ) AND baby ( x _ 1 ) AND study . agent ( x _ 3 , Emma ) AND study . theme ( x _ 3 , x _ 2 ) AND study . agent ( x _ 4 , x _ 1 ) AND study . theme ( x _ 4 , x _ 2 )	elips_VPE_gen
A girl valued a box and so did Elijah .	girl ( x _ 0 ) AND box ( x _ 2 ) AND value . agent ( x _ 3 , x _ 0 ) AND value . theme ( x _ 3 , x _ 2 ) AND value . agent ( x _ 4 , Elijah ) AND value . theme ( x _ 4 , x _ 2 )	elips_VPE_gen
Jacob studied Joshua and so did a boy .	boy ( x _ 0 ) AND study . agent ( x _ 1 , Jacob ) AND study . theme ( x _ 1 , Joshua ) AND study . agent ( x _ 2 , x _ 0 ) AND study . theme ( x _ 2 , Joshua )	elips_VPE_gen
Sofia threw a seed and so did a girl .	seed ( x _ 2 ) AND girl ( x _ 1 ) AND throw . agent ( x _ 3 , Sofia ) AND throw . theme ( x _ 3 , x _ 2 ) AND throw . agent ( x _ 4 , x _ 1 ) AND throw . theme ( x _ 4 , x _ 2 )	elips_VPE_gen
A girl threw a rose and so did the cat .	* cat ( x _ 2 ) ; girl ( x _ 0 ) AND rose ( x _ 3 ) AND throw . agent ( x _ 4 , x _ 0 ) AND throw . theme ( x _ 4 , x _ 3 ) AND throw . agent ( x _ 5 , x _ 2 ) AND throw . theme ( x _ 5 , x _ 3 )	elips_VPE_gen
The baby studied Wyatt and so did the deer .	* baby ( x _ 0 ) ; * deer ( x _ 1 ) ; study . agent ( x _ 2 , x _ 0 ) AND study . theme ( x _ 2 , Wyatt ) AND study . agent ( x _ 3 , x _ 1 ) AND study . theme ( x _ 3 , Wyatt )	elips_VPE_gen
Liam tolerated a cake and so did Noah .	cake ( x _ 1 ) AND tolerate . agent ( x _ 2 , Liam ) AND tolerate . theme ( x _ 2 , x _ 1 ) AND tolerate . agent ( x _ 3 , Noah ) AND tolerate . theme ( x _ 3 , x _ 1 )	elips_VPE_gen
The hero declared that a boy stabbed a box and so did a cat .	* hero ( x _ 0 ) ; boy ( x _ 4 ) AND box ( x _ 5 ) AND cat ( x _ 3 ) AND declare . agent ( x _ 6 , x _ 0 ) AND declare . ccomp ( x _ 6, x _ 7 ) AND stab . agent ( x _ 7 , x _ 4 ) AND stab . theme ( x _ 7 , x _ 5 ) AND declare . agent ( x _ 8 , x _ 3 ) AND declare . ccomp ( x _ 8, x _ 9 ) AND stab . agent ( x _ 9 , x _ 4 ) AND stab . theme ( x _ 9 , x _ 5 )	elips_VPE_gen
Liam worshipped a drink and so did Emma .	drink ( x _ 1 ) AND worship . agent ( x _ 2 , Liam ) AND worship . theme ( x _ 2 , x _ 1 ) AND worship . agent ( x _ 3 , Emma ) AND worship . theme ( x _ 3 , x _ 1 )	elips_VPE_gen
The child heard Penelope and so did the boy .	* child ( x _ 0 ) ; * boy ( x _ 1 ) ; hear . agent ( x _ 2 , x _ 0 ) AND hear . theme ( x _ 2 , Penelope ) AND hear . agent ( x _ 3 , x _ 1 ) AND hear . theme ( x _ 3 , Penelope )	elips_VPE_gen
A girl liked that Emma valued Wyatt and so did the frog .	* frog ( x _ 1 ) ; girl ( x _ 0 ) AND like . agent ( x _ 2 , x _ 0 ) AND like . ccomp ( x _ 2, x _ 3 ) AND value . agent ( x _ 3 , Emma ) AND value . theme ( x _ 3 , Wyatt ) AND like . agent ( x _ 4 , x _ 1 ) AND like . ccomp ( x _ 4, x _ 5 ) AND value . agent ( x _ 5 , Emma ) AND value . theme ( x _ 5 , Wyatt )	elips_VPE_gen
The patient called the girl and so did Abigail .	* patient ( x _ 0 ) ; * girl ( x _ 2 ) ; call . agent ( x _ 3 , x _ 0 ) AND call . theme ( x _ 3 , x _ 2 ) AND call . agent ( x _ 4 , Abigail ) AND call . theme ( x _ 4 , x _ 2 )	elips_VPE_gen
The cat threw the girl and so did James .	* cat ( x _ 0 ) ; * girl ( x _ 2 ) ; throw . agent ( x _ 3 , x _ 0 ) AND throw . theme ( x _ 3 , x _ 2 ) AND throw . agent ( x _ 4 , James ) AND throw . theme ( x _ 4 , x _ 2 )	elips_VPE_gen
The boy liked that Camila packed the jacket and so did Emma .	* boy ( x _ 0 ) ; * jacket ( x _ 2 ) ; like . agent ( x _ 3 , x _ 0 ) AND like . ccomp ( x _ 3, x _ 4 ) AND pack . agent ( x _ 4 , Camila ) AND pack . theme ( x _ 4 , x _ 2 ) AND like . agent ( x _ 5 , Emma ) AND like . ccomp ( x _ 5, x _ 6 ) AND pack . agent ( x _ 6 , Camila ) AND pack . theme ( x _ 6 , x _ 2 )	elips_VPE_gen
Emma packed Penelope and so did a girl .	girl ( x _ 0 ) AND pack . agent ( x _ 1 , Emma ) AND pack . theme ( x _ 1 , Penelope ) AND pack . agent ( x _ 2 , x _ 0 ) AND pack . theme ( x _ 2 , Penelope )	elips_VPE_gen
Emma pierced the donut and so did the boy .	* donut ( x _ 2 ) ; * boy ( x _ 1 ) ; pierce . agent ( x _ 3 , Emma ) AND pierce . theme ( x _ 3 , x _ 2 ) AND pierce . agent ( x _ 4 , x _ 1 ) AND pierce . theme ( x _ 4 , x _ 2 )	elips_VPE_gen
The king liked that Emma studied a baby and so did a cat .	* king ( x _ 0 ) ; baby ( x _ 3 ) AND cat ( x _ 2 ) AND like . agent ( x _ 4 , x _ 0 ) AND like . ccomp ( x _ 4, x _ 5 ) AND study . agent ( x _ 5 , Emma ) AND study . theme ( x _ 5 , x _ 3 ) AND like . agent ( x _ 6 , x _ 2 ) AND like . ccomp ( x _ 6, x _ 7 ) AND study . agent ( x _ 7 , Emma ) AND study . theme ( x _ 7 , x _ 3 )	elips_VPE_gen
A producer hoped that a child called the drink and so did a dog .	* drink ( x _ 5 ) ; producer ( x _ 0 ) AND child ( x _ 4 ) AND dog ( x _ 3 ) AND hope . agent ( x _ 6 , x _ 0 ) AND hope . ccomp ( x _ 6, x _ 7 ) AND call . agent ( x _ 7 , x _ 4 ) AND call . theme ( x _ 7 , x _ 5 ) AND hope . agent ( x _ 8 , x _ 3 ) AND hope . ccomp ( x _ 8, x _ 9 ) AND call . agent ( x _ 9 , x _ 4 ) AND call . theme ( x _ 9 , x _ 5 )	elips_VPE_gen
The bird proved that Emma called Penelope and so did Chloe .	* bird ( x _ 0 ) ; prove . agent ( x _ 1 , x _ 0 ) AND prove . ccomp ( x _ 1, x _ 2 ) AND call . agent ( x _ 2 , Emma ) AND call . theme ( x _ 2 , Penelope ) AND prove . agent ( x _ 3 , Chloe ) AND prove . ccomp ( x _ 3, x _ 4 ) AND call . agent ( x _ 4 , Emma ) AND call . theme ( x _ 4 , Penelope )	elips_VPE_gen
Emma liked that Theodore tolerated Zoey and so did the girl .	* girl ( x _ 0 ) ; like . agent ( x _ 1 , Emma ) AND like . ccomp ( x _ 1, x _ 2 ) AND tolerate . agent ( x _ 2 , Theodore ) AND tolerate . theme ( x _ 2 , Zoey ) AND like . agent ( x _ 3 , x _ 0 ) AND like . ccomp ( x _ 3, x _ 4 ) AND tolerate . agent ( x _ 4 , Theodore ) AND tolerate . theme ( x _ 4 , Zoey )	elips_VPE_gen
The servant threw the boy and so did Liam .	* servant ( x _ 0 ) ; * boy ( x _ 2 ) ; throw . agent ( x _ 3 , x _ 0 ) AND throw . theme ( x _ 3 , x _ 2 ) AND throw . agent ( x _ 4 , Liam ) AND throw . theme ( x _ 4 , x _ 2 )	elips_VPE_gen
Liam called the cake and so did Mason .	* cake ( x _ 1 ) ; call . agent ( x _ 2 , Liam ) AND call . theme ( x _ 2 , x _ 1 ) AND call . agent ( x _ 3 , Mason ) AND call . theme ( x _ 3 , x _ 1 )	elips_VPE_gen
The girl proved that the monkey packed a donut and so did Noah .	* girl ( x _ 0 ) ; * monkey ( x _ 3 ) ; donut ( x _ 4 ) AND prove . agent ( x _ 5 , x _ 0 ) AND prove . ccomp ( x _ 5, x _ 6 ) AND pack . agent ( x _ 6 , x _ 3 ) AND pack . theme ( x _ 6 , x _ 4 ) AND prove . agent ( x _ 7 , Noah ) AND prove . ccomp ( x _ 7, x _ 8 ) AND pack . agent ( x _ 8 , x _ 3 ) AND pack . theme ( x _ 8 , x _ 4 )	elips_VPE_gen
Liam investigated the donut and so did a bird .	* donut ( x _ 2 ) ; bird ( x _ 1 ) AND investigate . agent ( x _ 3 , Liam ) AND investigate . theme ( x _ 3 , x _ 2 ) AND investigate . agent ( x _ 4 , x _ 1 ) AND investigate . theme ( x _ 4 , x _ 2 )	elips_VPE_gen
The child liked that a dog called a box and so did the girl .	* child ( x _ 0 ) ; * girl ( x _ 3 ) ; dog ( x _ 4 ) AND box ( x _ 5 ) AND like . agent ( x _ 6 , x _ 0 ) AND like . ccomp ( x _ 6, x _ 7 ) AND call . agent ( x _ 7 , x _ 4 ) AND call . theme ( x _ 7 , x _ 5 ) AND like . agent ( x _ 8 , x _ 3 ) AND like . ccomp ( x _ 8, x _ 9 ) AND call . agent ( x _ 9 , x _ 4 ) AND call . theme ( x _ 9 , x _ 5 )	elips_VPE_gen
A child called Penelope and so did a chicken .	child ( x _ 0 ) AND chicken ( x _ 1 ) AND call . agent ( x _ 2 , x _ 0 ) AND call . theme ( x _ 2 , Penelope ) AND call . agent ( x _ 3 , x _ 1 ) AND call . theme ( x _ 3 , Penelope )	elips_VPE_gen
The boy threw a sandwich and so did a girl .	* boy ( x _ 0 ) ; sandwich ( x _ 3 ) AND girl ( x _ 2 ) AND throw . agent ( x _ 4 , x _ 0 ) AND throw . theme ( x _ 4 , x _ 3 ) AND throw . agent ( x _ 5 , x _ 2 ) AND throw . theme ( x _ 5 , x _ 3 )	elips_VPE_gen
A girl tolerated the donut and so did Elijah .	* donut ( x _ 2 ) ; girl ( x _ 0 ) AND tolerate . agent ( x _ 3 , x _ 0 ) AND tolerate . theme ( x _ 3 , x _ 2 ) AND tolerate . agent ( x _ 4 , Elijah ) AND tolerate . theme ( x _ 4 , x _ 2 )	elips_VPE_gen
A frog knew a girl and so did Wyatt .	frog ( x _ 0 ) AND girl ( x _ 2 ) AND know . agent ( x _ 3 , x _ 0 ) AND know . theme ( x _ 3 , x _ 2 ) AND know . agent ( x _ 4 , Wyatt ) AND know . theme ( x _ 4 , x _ 2 )	elips_VPE_gen
A girl thought that a boy called Penelope and so did the child .	* child ( x _ 2 ) ; girl ( x _ 0 ) AND boy ( x _ 3 ) AND think . agent ( x _ 4 , x _ 0 ) AND think . ccomp ( x _ 4, x _ 5 ) AND call . agent ( x _ 5 , x _ 3 ) AND call . theme ( x _ 5 , Penelope ) AND think . agent ( x _ 6 , x _ 2 ) AND think . ccomp ( x _ 6, x _ 7 ) AND call . agent ( x _ 7 , x _ 3 ) AND call . theme ( x _ 7 , Penelope )	elips_VPE_gen
Stella called Penelope and so did Emma .	call . agent ( x _ 0 , Stella ) AND call . theme ( x _ 0 , Penelope ) AND call . agent ( x _ 1 , Emma ) AND call . theme ( x _ 1 , Penelope )	elips_VPE_gen
Samuel threw the strawberry and so did the prince .	* strawberry ( x _ 2 ) ; * prince ( x _ 1 ) ; throw . agent ( x _ 3 , Samuel ) AND throw . theme ( x _ 3 , x _ 2 ) AND throw . agent ( x _ 4 , x _ 1 ) AND throw . theme ( x _ 4 , x _ 2 )	elips_VPE_gen
Nora called the cake and so did the girl .	* cake ( x _ 2 ) ; * girl ( x _ 1 ) ; call . agent ( x _ 3 , Nora ) AND call . theme ( x _ 3 , x _ 2 ) AND call . agent ( x _ 4 , x _ 1 ) AND call . theme ( x _ 4 , x _ 2 )	elips_VPE_gen
Emma heard a baby and so did a cat .	baby ( x _ 2 ) AND cat ( x _ 1 ) AND hear . agent ( x _ 3 , Emma ) AND hear . theme ( x _ 3 , x _ 2 ) AND hear . agent ( x _ 4 , x _ 1 ) AND hear . theme ( x _ 4 , x _ 2 )	elips_VPE_gen
Liam examined a donut and so did a boy .	donut ( x _ 2 ) AND boy ( x _ 1 ) AND examine . agent ( x _ 3 , Liam ) AND examine . theme ( x _ 3 , x _ 2 ) AND examine . agent ( x _ 4 , x _ 1 ) AND examine . theme ( x _ 4 , x _ 2 )	elips_VPE_gen
Ava noticed Wyatt and so did a girl .	girl ( x _ 0 ) AND notice . agent ( x _ 1 , Ava ) AND notice . theme ( x _ 1 , Wyatt ) AND notice . agent ( x _ 2 , x _ 0 ) AND notice . theme ( x _ 2 , Wyatt )	elips_VPE_gen
Ava observed the baby and so did Olivia .	* baby ( x _ 1 ) ; observe . agent ( x _ 2 , Ava ) AND observe . theme ( x _ 2 , x _ 1 ) AND observe . agent ( x _ 3 , Olivia ) AND observe . theme ( x _ 3 , x _ 1 )	elips_VPE_gen
Elizabeth hoped that a girl threw a monkey and so did Theodore .	girl ( x _ 2 ) AND monkey ( x _ 3 ) AND hope . agent ( x _ 4 , Elizabeth ) AND hope . ccomp ( x _ 4, x _ 5 ) AND throw . agent ( x _ 5 , x _ 2 ) AND throw . theme ( x _ 5 , x _ 3 ) AND hope . agent ( x _ 6 , Theodore ) AND hope . ccomp ( x _ 6, x _ 7 ) AND throw . agent ( x _ 7 , x _ 2 ) AND throw . theme ( x _ 7 , x _ 3 )	elips_VPE_gen
William valued Wyatt and so did Emma .	value . agent ( x _ 0 , William ) AND value . theme ( x _ 0 , Wyatt ) AND value . agent ( x _ 1 , Emma ) AND value . theme ( x _ 1 , Wyatt )	elips_VPE_gen
Liam packed the drink and so did Mia .	* drink ( x _ 1 ) ; pack . agent ( x _ 2 , Liam ) AND pack . theme ( x _ 2 , x _ 1 ) AND pack . agent ( x _ 3 , Mia ) AND pack . theme ( x _ 3 , x _ 1 )	elips_VPE_gen
The dog threw the toy and so did a mother .	* dog ( x _ 0 ) ; * toy ( x _ 3 ) ; mother ( x _ 2 ) AND throw . agent ( x _ 4 , x _ 0 ) AND throw . theme ( x _ 4 , x _ 3 ) AND throw . agent ( x _ 5 , x _ 2 ) AND throw . theme ( x _ 5 , x _ 3 )	elips_VPE_gen
A girl said that Aubrey observed Penelope and so did a cat .	girl ( x _ 0 ) AND cat ( x _ 1 ) AND say . agent ( x _ 2 , x _ 0 ) AND say . ccomp ( x _ 2, x _ 3 ) AND observe . agent ( x _ 3 , Aubrey ) AND observe . theme ( x _ 3 , Penelope ) AND say . agent ( x _ 4 , x _ 1 ) AND say . ccomp ( x _ 4, x _ 5 ) AND observe . agent ( x _ 5 , Aubrey ) AND observe . theme ( x _ 5 , Penelope )	elips_VPE_gen
Emma tolerated Penelope and so did Evelyn .	tolerate . agent ( x _ 0 , Emma ) AND tolerate . theme ( x _ 0 , Penelope ) AND tolerate . agent ( x _ 1 , Evelyn ) AND tolerate . theme ( x _ 1 , Penelope )	elips_VPE_gen
Emma threw the toothbrush and so did the sheep .	* toothbrush ( x _ 2 ) ; * sheep ( x _ 1 ) ; throw . agent ( x _ 3 , Emma ) AND throw . theme ( x _ 3 , x _ 2 ) AND throw . agent ( x _ 4 , x _ 1 ) AND throw . theme ( x _ 4 , x _ 2 )	elips_VPE_gen
A guest liked that Charlotte held Penelope and so did Ava .	guest ( x _ 0 ) AND like . agent ( x _ 1 , x _ 0 ) AND like . ccomp ( x _ 1, x _ 2 ) AND hold . agent ( x _ 2 , Charlotte ) AND hold . theme ( x _ 2 , Penelope ) AND like . agent ( x _ 3 , Ava ) AND like . ccomp ( x _ 3, x _ 4 ) AND hold . agent ( x _ 4 , Charlotte ) AND hold . theme ( x _ 4 , Penelope )	elips_VPE_gen
Emma heard Layla and so did the girl .	* girl ( x _ 0 ) ; hear . agent ( x _ 1 , Emma ) AND hear . theme ( x _ 1 , Layla ) AND hear . agent ( x _ 2 , x _ 0 ) AND hear . theme ( x _ 2 , Layla )	elips_VPE_gen
Eleanor threw the baby and so did the child .	* baby ( x _ 2 ) ; * child ( x _ 1 ) ; throw . agent ( x _ 3 , Eleanor ) AND throw . theme ( x _ 3 , x _ 2 ) AND throw . agent ( x _ 4 , x _ 1 ) AND throw . theme ( x _ 4 , x _ 2 )	elips_VPE_gen
Emma called a toy and so did a boy .	toy ( x _ 2 ) AND boy ( x _ 1 ) AND call . agent ( x _ 3 , Emma ) AND call . theme ( x _ 3 , x _ 2 ) AND call . agent ( x _ 4 , x _ 1 ) AND call . theme ( x _ 4 , x _ 2 )	elips_VPE_gen
The doctor liked that a girl called the cookie and so did Grayson .	* doctor ( x _ 0 ) ; * cookie ( x _ 4 ) ; girl ( x _ 3 ) AND like . agent ( x _ 5 , x _ 0 ) AND like . ccomp ( x _ 5, x _ 6 ) AND call . agent ( x _ 6 , x _ 3 ) AND call . theme ( x _ 6 , x _ 4 ) AND like . agent ( x _ 7 , Grayson ) AND like . ccomp ( x _ 7, x _ 8 ) AND call . agent ( x _ 8 , x _ 3 ) AND call . theme ( x _ 8 , x _ 4 )	elips_VPE_gen
A horse heard the donut and so did a girl .	* donut ( x _ 3 ) ; horse ( x _ 0 ) AND girl ( x _ 2 ) AND hear . agent ( x _ 4 , x _ 0 ) AND hear . theme ( x _ 4 , x _ 3 ) AND hear . agent ( x _ 5 , x _ 2 ) AND hear . theme ( x _ 5 , x _ 3 )	elips_VPE_gen
Benjamin touched the baby and so did a butterfly .	* baby ( x _ 2 ) ; butterfly ( x _ 1 ) AND touch . agent ( x _ 3 , Benjamin ) AND touch . theme ( x _ 3 , x _ 2 ) AND touch . agent ( x _ 4 , x _ 1 ) AND touch . theme ( x _ 4 , x _ 2 )	elips_VPE_gen
A girl heard Riley and so did a king .	girl ( x _ 0 ) AND king ( x _ 1 ) AND hear . agent ( x _ 2 , x _ 0 ) AND hear . theme ( x _ 2 , Riley ) AND hear . agent ( x _ 3 , x _ 1 ) AND hear . theme ( x _ 3 , Riley )	elips_VPE_gen
The girl hoped that Benjamin worshipped a sweetcorn and so did Anthony .	* girl ( x _ 0 ) ; sweetcorn ( x _ 2 ) AND hope . agent ( x _ 3 , x _ 0 ) AND hope . ccomp ( x _ 3, x _ 4 ) AND worship . agent ( x _ 4 , Benjamin ) AND worship . theme ( x _ 4 , x _ 2 ) AND hope . agent ( x _ 5 , Anthony ) AND hope . ccomp ( x _ 5, x _ 6 ) AND worship . agent ( x _ 6 , Benjamin ) AND worship . theme ( x _ 6 , x _ 2 )	elips_VPE_gen
Noah meant that Emma saw a cake and so did a girl .	cake ( x _ 2 ) AND girl ( x _ 1 ) AND mean . agent ( x _ 3 , Noah ) AND mean . ccomp ( x _ 3, x _ 4 ) AND see . agent ( x _ 4 , Emma ) AND see . theme ( x _ 4 , x _ 2 ) AND mean . agent ( x _ 5 , x _ 1 ) AND mean . ccomp ( x _ 5, x _ 6 ) AND see . agent ( x _ 6 , Emma ) AND see . theme ( x _ 6 , x _ 2 )	elips_VPE_gen
Olivia threw a balloon and so did a monkey .	balloon ( x _ 2 ) AND monkey ( x _ 1 ) AND throw . agent ( x _ 3 , Olivia ) AND throw . theme ( x _ 3 , x _ 2 ) AND throw . agent ( x _ 4 , x _ 1 ) AND throw . theme ( x _ 4 , x _ 2 )	elips_VPE_gen
Aria meant that a bee tossed a cake and so did James .	bee ( x _ 2 ) AND cake ( x _ 3 ) AND mean . agent ( x _ 4 , Aria ) AND mean . ccomp ( x _ 4, x _ 5 ) AND toss . agent ( x _ 5 , x _ 2 ) AND toss . theme ( x _ 5 , x _ 3 ) AND mean . agent ( x _ 6 , James ) AND mean . ccomp ( x _ 6, x _ 7 ) AND toss . agent ( x _ 7 , x _ 2 ) AND toss . theme ( x _ 7 , x _ 3 )	elips_VPE_gen
A bear held the cake and so did Emma .	* cake ( x _ 2 ) ; bear ( x _ 0 ) AND hold . agent ( x _ 3 , x _ 0 ) AND hold . theme ( x _ 3 , x _ 2 ) AND hold . agent ( x _ 4 , Emma ) AND hold . theme ( x _ 4 , x _ 2 )	elips_VPE_gen
The customer called a cake and so did a landlord .	* customer ( x _ 0 ) ; cake ( x _ 3 ) AND landlord ( x _ 2 ) AND call . agent ( x _ 4 , x _ 0 ) AND call . theme ( x _ 4 , x _ 3 ) AND call . agent ( x _ 5 , x _ 2 ) AND call . theme ( x _ 5 , x _ 3 )	elips_VPE_gen
Ava valued the boy and so did Olivia .	* boy ( x _ 1 ) ; value . agent ( x _ 2 , Ava ) AND value . theme ( x _ 2 , x _ 1 ) AND value . agent ( x _ 3 , Olivia ) AND value . theme ( x _ 3 , x _ 1 )	elips_VPE_gen
Noah imagined that the producer examined a cookie and so did the dog .	* producer ( x _ 3 ) ; * dog ( x _ 2 ) ; cookie ( x _ 4 ) AND imagine . agent ( x _ 5 , Noah ) AND imagine . ccomp ( x _ 5, x _ 6 ) AND examine . agent ( x _ 6 , x _ 3 ) AND examine . theme ( x _ 6 , x _ 4 ) AND imagine . agent ( x _ 7 , x _ 2 ) AND imagine . ccomp ( x _ 7, x _ 8 ) AND examine . agent ( x _ 8 , x _ 3 ) AND examine . theme ( x _ 8 , x _ 4 )	elips_VPE_gen
Olivia tolerated a game and so did Daniel .	game ( x _ 1 ) AND tolerate . agent ( x _ 2 , Olivia ) AND tolerate . theme ( x _ 2 , x _ 1 ) AND tolerate . agent ( x _ 3 , Daniel ) AND tolerate . theme ( x _ 3 , x _ 1 )	elips_VPE_gen
Oliver threw a girl and so did Olivia .	girl ( x _ 1 ) AND throw . agent ( x _ 2 , Oliver ) AND throw . theme ( x _ 2 , x _ 1 ) AND throw . agent ( x _ 3 , Olivia ) AND throw . theme ( x _ 3 , x _ 1 )	elips_VPE_gen
Emma stabbed the drink and so did a girl .	* drink ( x _ 2 ) ; girl ( x _ 1 ) AND stab . agent ( x _ 3 , Emma ) AND stab . theme ( x _ 3 , x _ 2 ) AND stab . agent ( x _ 4 , x _ 1 ) AND stab . theme ( x _ 4 , x _ 2 )	elips_VPE_gen
The cat pierced the box and so did Benjamin .	* cat ( x _ 0 ) ; * box ( x _ 2 ) ; pierce . agent ( x _ 3 , x _ 0 ) AND pierce . theme ( x _ 3 , x _ 2 ) AND pierce . agent ( x _ 4 , Benjamin ) AND pierce . theme ( x _ 4 , x _ 2 )	elips_VPE_gen
Emma investigated a cake and so did James .	cake ( x _ 1 ) AND investigate . agent ( x _ 2 , Emma ) AND investigate . theme ( x _ 2 , x _ 1 ) AND investigate . agent ( x _ 3 , James ) AND investigate . theme ( x _ 3 , x _ 1 )	elips_VPE_gen
Liam heard a princess and so did the bee .	* bee ( x _ 1 ) ; princess ( x _ 2 ) AND hear . agent ( x _ 3 , Liam ) AND hear . theme ( x _ 3 , x _ 2 ) AND hear . agent ( x _ 4 , x _ 1 ) AND hear . theme ( x _ 4 , x _ 2 )	elips_VPE_gen
Olivia touched the cake and so did a student .	* cake ( x _ 2 ) ; student ( x _ 1 ) AND touch . agent ( x _ 3 , Olivia ) AND touch . theme ( x _ 3 , x _ 2 ) AND touch . agent ( x _ 4 , x _ 1 ) AND touch . theme ( x _ 4 , x _ 2 )	elips_VPE_gen
The boy noticed a cake and so did a cat .	* boy ( x _ 0 ) ; cake ( x _ 3 ) AND cat ( x _ 2 ) AND notice . agent ( x _ 4 , x _ 0 ) AND notice . theme ( x _ 4 , x _ 3 ) AND notice . agent ( x _ 5 , x _ 2 ) AND notice . theme ( x _ 5 , x _ 3 )	elips_VPE_gen
Ava tolerated the girl and so did the tourist .	* girl ( x _ 2 ) ; * tourist ( x _ 1 ) ; tolerate . agent ( x _ 3 , Ava ) AND tolerate . theme ( x _ 3 , x _ 2 ) AND tolerate . agent ( x _ 4 , x _ 1 ) AND tolerate . theme ( x _ 4 , x _ 2 )	elips_VPE_gen
A deer hoped that a boy saw the president and so did James .	* president ( x _ 4 ) ; deer ( x _ 0 ) AND boy ( x _ 3 ) AND hope . agent ( x _ 5 , x _ 0 ) AND hope . ccomp ( x _ 5, x _ 6 ) AND see . agent ( x _ 6 , x _ 3 ) AND see . theme ( x _ 6 , x _ 4 ) AND hope . agent ( x _ 7 , James ) AND hope . ccomp ( x _ 7, x _ 8 ) AND see . agent ( x _ 8 , x _ 3 ) AND see . theme ( x _ 8 , x _ 4 )	elips_VPE_gen
The bunny called a cake and so did the cat .	* bunny ( x _ 0 ) ; * cat ( x _ 2 ) ; cake ( x _ 3 ) AND call . agent ( x _ 4 , x _ 0 ) AND call . theme ( x _ 4 , x _ 3 ) AND call . agent ( x _ 5 , x _ 2 ) AND call . theme ( x _ 5 , x _ 3 )	elips_VPE_gen
The dog liked that Violet called a toy and so did a girl .	* dog ( x _ 0 ) ; toy ( x _ 3 ) AND girl ( x _ 2 ) AND like . agent ( x _ 4 , x _ 0 ) AND like . ccomp ( x _ 4, x _ 5 ) AND call . agent ( x _ 5 , Violet ) AND call . theme ( x _ 5 , x _ 3 ) AND like . agent ( x _ 6 , x _ 2 ) AND like . ccomp ( x _ 6, x _ 7 ) AND call . agent ( x _ 7 , Violet ) AND call . theme ( x _ 7 , x _ 3 )	elips_VPE_gen
The girl threw the lion and so did Emma .	* girl ( x _ 0 ) ; * lion ( x _ 2 ) ; throw . agent ( x _ 3 , x _ 0 ) AND throw . theme ( x _ 3 , x _ 2 ) AND throw . agent ( x _ 4 , Emma ) AND throw . theme ( x _ 4 , x _ 2 )	elips_VPE_gen
Liam called a child and so did the girl .	* girl ( x _ 1 ) ; child ( x _ 2 ) AND call . agent ( x _ 3 , Liam ) AND call . theme ( x _ 3 , x _ 2 ) AND call . agent ( x _ 4 , x _ 1 ) AND call . theme ( x _ 4 , x _ 2 )	elips_VPE_gen
Emma liked that Ava pierced the melon and so did a boy .	* melon ( x _ 2 ) ; boy ( x _ 1 ) AND like . agent ( x _ 3 , Emma ) AND like . ccomp ( x _ 3, x _ 4 ) AND pierce . agent ( x _ 4 , Ava ) AND pierce . theme ( x _ 4 , x _ 2 ) AND like . agent ( x _ 5 , x _ 1 ) AND like . ccomp ( x _ 5, x _ 6 ) AND pierce . agent ( x _ 6 , Ava ) AND pierce . theme ( x _ 6 , x _ 2 )	elips_VPE_gen
A girl tolerated the cake and so did Emma .	* cake ( x _ 2 ) ; girl ( x _ 0 ) AND tolerate . agent ( x _ 3 , x _ 0 ) AND tolerate . theme ( x _ 3 , x _ 2 ) AND tolerate . agent ( x _ 4 , Emma ) AND tolerate . theme ( x _ 4 , x _ 2 )	elips_VPE_gen
Emma liked that the chief examined a chicken and so did a boy .	* chief ( x _ 3 ) ; chicken ( x _ 4 ) AND boy ( x _ 2 ) AND like . agent ( x _ 5 , Emma ) AND like . ccomp ( x _ 5, x _ 6 ) AND examine . agent ( x _ 6 , x _ 3 ) AND examine . theme ( x _ 6 , x _ 4 ) AND like . agent ( x _ 7 , x _ 2 ) AND like . ccomp ( x _ 7, x _ 8 ) AND examine . agent ( x _ 8 , x _ 3 ) AND examine . theme ( x _ 8 , x _ 4 )	elips_VPE_gen
The mouse called the boy and so did Elijah .	* mouse ( x _ 0 ) ; * boy ( x _ 2 ) ; call . agent ( x _ 3 , x _ 0 ) AND call . theme ( x _ 3 , x _ 2 ) AND call . agent ( x _ 4 , Elijah ) AND call . theme ( x _ 4 , x _ 2 )	elips_VPE_gen
Charlotte expected that a boy threw Penelope and so did a cat .	boy ( x _ 2 ) AND cat ( x _ 1 ) AND expect . agent ( x _ 3 , Charlotte ) AND expect . ccomp ( x _ 3, x _ 4 ) AND throw . agent ( x _ 4 , x _ 2 ) AND throw . theme ( x _ 4 , Penelope ) AND expect . agent ( x _ 5 , x _ 1 ) AND expect . ccomp ( x _ 5, x _ 6 ) AND throw . agent ( x _ 6 , x _ 2 ) AND throw . theme ( x _ 6 , Penelope )	elips_VPE_gen
A girl studied the raisin and so did the dog .	* raisin ( x _ 3 ) ; * dog ( x _ 2 ) ; girl ( x _ 0 ) AND study . agent ( x _ 4 , x _ 0 ) AND study . theme ( x _ 4 , x _ 3 ) AND study . agent ( x _ 5 , x _ 2 ) AND study . theme ( x _ 5 , x _ 3 )	elips_VPE_gen
Lucas threw the cake and so did the girl .	* cake ( x _ 2 ) ; * girl ( x _ 1 ) ; throw . agent ( x _ 3 , Lucas ) AND throw . theme ( x _ 3 , x _ 2 ) AND throw . agent ( x _ 4 , x _ 1 ) AND throw . theme ( x _ 4 , x _ 2 )	elips_VPE_gen
The boy hoped that Liam stabbed Eleanor and so did the crocodile .	* boy ( x _ 0 ) ; * crocodile ( x _ 1 ) ; hope . agent ( x _ 2 , x _ 0 ) AND hope . ccomp ( x _ 2, x _ 3 ) AND stab . agent ( x _ 3 , Liam ) AND stab . theme ( x _ 3 , Eleanor ) AND hope . agent ( x _ 4 , x _ 1 ) AND hope . ccomp ( x _ 4, x _ 5 ) AND stab . agent ( x _ 5 , Liam ) AND stab . theme ( x _ 5 , Eleanor )	elips_VPE_gen
A girl discovered Zoey and so did a lion .	girl ( x _ 0 ) AND lion ( x _ 1 ) AND discover . agent ( x _ 2 , x _ 0 ) AND discover . theme ( x _ 2 , Zoey ) AND discover . agent ( x _ 3 , x _ 1 ) AND discover . theme ( x _ 3 , Zoey )	elips_VPE_gen
The sheep stabbed a dog and so did Caleb .	* sheep ( x _ 0 ) ; dog ( x _ 2 ) AND stab . agent ( x _ 3 , x _ 0 ) AND stab . theme ( x _ 3 , x _ 2 ) AND stab . agent ( x _ 4 , Caleb ) AND stab . theme ( x _ 4 , x _ 2 )	elips_VPE_gen
Noah knew Penelope and so did Ryan .	know . agent ( x _ 0 , Noah ) AND know . theme ( x _ 0 , Penelope ) AND know . agent ( x _ 1 , Ryan ) AND know . theme ( x _ 1 , Penelope )	elips_VPE_gen
Noah threw a bag and so did Emma .	bag ( x _ 1 ) AND throw . agent ( x _ 2 , Noah ) AND throw . theme ( x _ 2 , x _ 1 ) AND throw . agent ( x _ 3 , Emma ) AND throw . theme ( x _ 3 , x _ 1 )	elips_VPE_gen
Oliver heard a cake and so did a boy .	cake ( x _ 2 ) AND boy ( x _ 1 ) AND hear . agent ( x _ 3 , Oliver ) AND hear . theme ( x _ 3 , x _ 2 ) AND hear . agent ( x _ 4 , x _ 1 ) AND hear . theme ( x _ 4 , x _ 2 )	elips_VPE_gen
Sophia touched a box and so did Liam .	box ( x _ 1 ) AND touch . agent ( x _ 2 , Sophia ) AND touch . theme ( x _ 2 , x _ 1 ) AND touch . agent ( x _ 3 , Liam ) AND touch . theme ( x _ 3 , x _ 1 )	elips_VPE_gen
Emma liked that William threw the box and so did a fish .	* box ( x _ 2 ) ; fish ( x _ 1 ) AND like . agent ( x _ 3 , Emma ) AND like . ccomp ( x _ 3, x _ 4 ) AND throw . agent ( x _ 4 , William ) AND throw . theme ( x _ 4 , x _ 2 ) AND like . agent ( x _ 5 , x _ 1 ) AND like . ccomp ( x _ 5, x _ 6 ) AND throw . agent ( x _ 6 , William ) AND throw . theme ( x _ 6 , x _ 2 )	elips_VPE_gen
Emma noticed the cake and so did a girl .	* cake ( x _ 2 ) ; girl ( x _ 1 ) AND notice . agent ( x _ 3 , Emma ) AND notice . theme ( x _ 3 , x _ 2 ) AND notice . agent ( x _ 4 , x _ 1 ) AND notice . theme ( x _ 4 , x _ 2 )	elips_VPE_gen
Liam studied a crayon and so did Isabella .	crayon ( x _ 1 ) AND study . agent ( x _ 2 , Liam ) AND study . theme ( x _ 2 , x _ 1 ) AND study . agent ( x _ 3 , Isabella ) AND study . theme ( x _ 3 , x _ 1 )	elips_VPE_gen
Emma discovered Penelope and so did Olivia .	discover . agent ( x _ 0 , Emma ) AND discover . theme ( x _ 0 , Penelope ) AND discover . agent ( x _ 1 , Olivia ) AND discover . theme ( x _ 1 , Penelope )	elips_VPE_gen
A boy examined Wyatt and so did the president .	* president ( x _ 1 ) ; boy ( x _ 0 ) AND examine . agent ( x _ 2 , x _ 0 ) AND examine . theme ( x _ 2 , Wyatt ) AND examine . agent ( x _ 3 , x _ 1 ) AND examine . theme ( x _ 3 , Wyatt )	elips_VPE_gen
A cat studied the block and so did Evelyn .	* block ( x _ 2 ) ; cat ( x _ 0 ) AND study . agent ( x _ 3 , x _ 0 ) AND study . theme ( x _ 3 , x _ 2 ) AND study . agent ( x _ 4 , Evelyn ) AND study . theme ( x _ 4 , x _ 2 )	elips_VPE_gen
Emma hoped that Charlotte threw Penelope and so did a boy .	boy ( x _ 0 ) AND hope . agent ( x _ 1 , Emma ) AND hope . ccomp ( x _ 1, x _ 2 ) AND throw . agent ( x _ 2 , Charlotte ) AND throw . theme ( x _ 2 , Penelope ) AND hope . agent ( x _ 3 , x _ 0 ) AND hope . ccomp ( x _ 3, x _ 4 ) AND throw . agent ( x _ 4 , Charlotte ) AND throw . theme ( x _ 4 , Penelope )	elips_VPE_gen
Mila tolerated the melon and so did the cat .	* melon ( x _ 2 ) ; * cat ( x _ 1 ) ; tolerate . agent ( x _ 3 , Mila ) AND tolerate . theme ( x _ 3 , x _ 2 ) AND tolerate . agent ( x _ 4 , x _ 1 ) AND tolerate . theme ( x _ 4 , x _ 2 )	elips_VPE_gen
Emma said that Liam saw a cake and so did the girl .	* girl ( x _ 1 ) ; cake ( x _ 2 ) AND say . agent ( x _ 3 , Emma ) AND say . ccomp ( x _ 3, x _ 4 ) AND see . agent ( x _ 4 , Liam ) AND see . theme ( x _ 4 , x _ 2 ) AND say . agent ( x _ 5 , x _ 1 ) AND say . ccomp ( x _ 5, x _ 6 ) AND see . agent ( x _ 6 , Liam ) AND see . theme ( x _ 6 , x _ 2 )	elips_VPE_gen
Sophia threw the doll and so did the donkey .	* doll ( x _ 2 ) ; * donkey ( x _ 1 ) ; throw . agent ( x _ 3 , Sophia ) AND throw . theme ( x _ 3 , x _ 2 ) AND throw . agent ( x _ 4 , x _ 1 ) AND throw . theme ( x _ 4 , x _ 2 )	elips_VPE_gen
The baby pierced Skylar and so did Olivia .	* baby ( x _ 0 ) ; pierce . agent ( x _ 1 , x _ 0 ) AND pierce . theme ( x _ 1 , Skylar ) AND pierce . agent ( x _ 2 , Olivia ) AND pierce . theme ( x _ 2 , Skylar )	elips_VPE_gen
Emma examined the cake and so did Olivia .	* cake ( x _ 1 ) ; examine . agent ( x _ 2 , Emma ) AND examine . theme ( x _ 2 , x _ 1 ) AND examine . agent ( x _ 3 , Olivia ) AND examine . theme ( x _ 3 , x _ 1 )	elips_VPE_gen
Emma liked that Aurora called a cake and so did a judge .	cake ( x _ 2 ) AND judge ( x _ 1 ) AND like . agent ( x _ 3 , Emma ) AND like . ccomp ( x _ 3, x _ 4 ) AND call . agent ( x _ 4 , Aurora ) AND call . theme ( x _ 4 , x _ 2 ) AND like . agent ( x _ 5 , x _ 1 ) AND like . ccomp ( x _ 5, x _ 6 ) AND call . agent ( x _ 6 , Aurora ) AND call . theme ( x _ 6 , x _ 2 )	elips_VPE_gen
Olivia heard the bean and so did the girl .	* bean ( x _ 2 ) ; * girl ( x _ 1 ) ; hear . agent ( x _ 3 , Olivia ) AND hear . theme ( x _ 3 , x _ 2 ) AND hear . agent ( x _ 4 , x _ 1 ) AND hear . theme ( x _ 4 , x _ 2 )	elips_VPE_gen
A sheep hoped that Liam called the bird and so did a hero .	* bird ( x _ 3 ) ; sheep ( x _ 0 ) AND hero ( x _ 2 ) AND hope . agent ( x _ 4 , x _ 0 ) AND hope . ccomp ( x _ 4, x _ 5 ) AND call . agent ( x _ 5 , Liam ) AND call . theme ( x _ 5 , x _ 3 ) AND hope . agent ( x _ 6 , x _ 2 ) AND hope . ccomp ( x _ 6, x _ 7 ) AND call . agent ( x _ 7 , Liam ) AND call . theme ( x _ 7 , x _ 3 )	elips_VPE_gen
Noah called Penelope and so did the girl .	* girl ( x _ 0 ) ; call . agent ( x _ 1 , Noah ) AND call . theme ( x _ 1 , Penelope ) AND call . agent ( x _ 2 , x _ 0 ) AND call . theme ( x _ 2 , Penelope )	elips_VPE_gen
A dog called a knife and so did Ethan .	dog ( x _ 0 ) AND knife ( x _ 2 ) AND call . agent ( x _ 3 , x _ 0 ) AND call . theme ( x _ 3 , x _ 2 ) AND call . agent ( x _ 4 , Ethan ) AND call . theme ( x _ 4 , x _ 2 )	elips_VPE_gen
The director imagined that Emma noticed a sandwich and so did Levi .	* director ( x _ 0 ) ; sandwich ( x _ 2 ) AND imagine . agent ( x _ 3 , x _ 0 ) AND imagine . ccomp ( x _ 3, x _ 4 ) AND notice . agent ( x _ 4 , Emma ) AND notice . theme ( x _ 4 , x _ 2 ) AND imagine . agent ( x _ 5 , Levi ) AND imagine . ccomp ( x _ 5, x _ 6 ) AND notice . agent ( x _ 6 , Emma ) AND notice . theme ( x _ 6 , x _ 2 )	elips_VPE_gen
Emma threw Stella and so did Noah .	throw . agent ( x _ 0 , Emma ) AND throw . theme ( x _ 0 , Stella ) AND throw . agent ( x _ 1 , Noah ) AND throw . theme ( x _ 1 , Stella )	elips_VPE_gen
The fish called Nora and so did Liam .	* fish ( x _ 0 ) ; call . agent ( x _ 1 , x _ 0 ) AND call . theme ( x _ 1 , Nora ) AND call . agent ( x _ 2 , Liam ) AND call . theme ( x _ 2 , Nora )	elips_VPE_gen
Noah threw Wyatt and so did Emma .	throw . agent ( x _ 0 , Noah ) AND throw . theme ( x _ 0 , Wyatt ) AND throw . agent ( x _ 1 , Emma ) AND throw . theme ( x _ 1 , Wyatt )	elips_VPE_gen
The child studied a cake and so did the boy .	* child ( x _ 0 ) ; * boy ( x _ 2 ) ; cake ( x _ 3 ) AND study . agent ( x _ 4 , x _ 0 ) AND study . theme ( x _ 4 , x _ 3 ) AND study . agent ( x _ 5 , x _ 2 ) AND study . theme ( x _ 5 , x _ 3 )	elips_VPE_gen
The girl hoped that Gabriel held the frog and so did Emma .	* girl ( x _ 0 ) ; * frog ( x _ 2 ) ; hope . agent ( x _ 3 , x _ 0 ) AND hope . ccomp ( x _ 3, x _ 4 ) AND hold . agent ( x _ 4 , Gabriel ) AND hold . theme ( x _ 4 , x _ 2 ) AND hope . agent ( x _ 5 , Emma ) AND hope . ccomp ( x _ 5, x _ 6 ) AND hold . agent ( x _ 6 , Gabriel ) AND hold . theme ( x _ 6 , x _ 2 )	elips_VPE_gen
The girl valued the raisin and so did Emma .	* girl ( x _ 0 ) ; * raisin ( x _ 2 ) ; value . agent ( x _ 3 , x _ 0 ) AND value . theme ( x _ 3 , x _ 2 ) AND value . agent ( x _ 4 , Emma ) AND value . theme ( x _ 4 , x _ 2 )	elips_VPE_gen
The professor observed a mouse and so did Liam .	* professor ( x _ 0 ) ; mouse ( x _ 2 ) AND observe . agent ( x _ 3 , x _ 0 ) AND observe . theme ( x _ 3 , x _ 2 ) AND observe . agent ( x _ 4 , Liam ) AND observe . theme ( x _ 4 , x _ 2 )	elips_VPE_gen
Liam hoped that a mouse packed Wyatt and so did Emma .	mouse ( x _ 1 ) AND hope . agent ( x _ 2 , Liam ) AND hope . ccomp ( x _ 2, x _ 3 ) AND pack . agent ( x _ 3 , x _ 1 ) AND pack . theme ( x _ 3 , Wyatt ) AND hope . agent ( x _ 4 , Emma ) AND hope . ccomp ( x _ 4, x _ 5 ) AND pack . agent ( x _ 5 , x _ 1 ) AND pack . theme ( x _ 5 , Wyatt )	elips_VPE_gen
The boy discovered the chemical and so did William .	* boy ( x _ 0 ) ; * chemical ( x _ 2 ) ; discover . agent ( x _ 3 , x _ 0 ) AND discover . theme ( x _ 3 , x _ 2 ) AND discover . agent ( x _ 4 , William ) AND discover . theme ( x _ 4 , x _ 2 )	elips_VPE_gen
The girl packed a rose and so did the student .	* girl ( x _ 0 ) ; * student ( x _ 2 ) ; rose ( x _ 3 ) AND pack . agent ( x _ 4 , x _ 0 ) AND pack . theme ( x _ 4 , x _ 3 ) AND pack . agent ( x _ 5 , x _ 2 ) AND pack . theme ( x _ 5 , x _ 3 )	elips_VPE_gen
The chicken called a donut and so did Emma .	* chicken ( x _ 0 ) ; donut ( x _ 2 ) AND call . agent ( x _ 3 , x _ 0 ) AND call . theme ( x _ 3 , x _ 2 ) AND call . agent ( x _ 4 , Emma ) AND call . theme ( x _ 4 , x _ 2 )	elips_VPE_gen
Isabella valued Zoey and so did the girl .	* girl ( x _ 0 ) ; value . agent ( x _ 1 , Isabella ) AND value . theme ( x _ 1 , Zoey ) AND value . agent ( x _ 2 , x _ 0 ) AND value . theme ( x _ 2 , Zoey )	elips_VPE_gen
Avery called Jaxon and so did the boy .	* boy ( x _ 0 ) ; call . agent ( x _ 1 , Avery ) AND call . theme ( x _ 1 , Jaxon ) AND call . agent ( x _ 2 , x _ 0 ) AND call . theme ( x _ 2 , Jaxon )	elips_VPE_gen
Alexander liked that a boy pierced a cloud and so did a lawyer .	boy ( x _ 3 ) AND cloud ( x _ 4 ) AND lawyer ( x _ 2 ) AND like . agent ( x _ 5 , Alexander ) AND like . ccomp ( x _ 5, x _ 6 ) AND pierce . agent ( x _ 6 , x _ 3 ) AND pierce . theme ( x _ 6 , x _ 4 ) AND like . agent ( x _ 7 , x _ 2 ) AND like . ccomp ( x _ 7, x _ 8 ) AND pierce . agent ( x _ 8 , x _ 3 ) AND pierce . theme ( x _ 8 , x _ 4 )	elips_VPE_gen
A boy threw the pickle and so did Amelia .	* pickle ( x _ 2 ) ; boy ( x _ 0 ) AND throw . agent ( x _ 3 , x _ 0 ) AND throw . theme ( x _ 3 , x _ 2 ) AND throw . agent ( x _ 4 , Amelia ) AND throw . theme ( x _ 4 , x _ 2 )	elips_VPE_gen
Benjamin tolerated the cat and so did the girl .	* cat ( x _ 2 ) ; * girl ( x _ 1 ) ; tolerate . agent ( x _ 3 , Benjamin ) AND tolerate . theme ( x _ 3 , x _ 2 ) AND tolerate . agent ( x _ 4 , x _ 1 ) AND tolerate . theme ( x _ 4 , x _ 2 )	elips_VPE_gen
William noticed that Emma tossed Penelope and so did a doctor .	doctor ( x _ 0 ) AND notice . agent ( x _ 1 , William ) AND notice . ccomp ( x _ 1, x _ 2 ) AND toss . agent ( x _ 2 , Emma ) AND toss . theme ( x _ 2 , Penelope ) AND notice . agent ( x _ 3 , x _ 0 ) AND notice . ccomp ( x _ 3, x _ 4 ) AND toss . agent ( x _ 4 , Emma ) AND toss . theme ( x _ 4 , Penelope )	elips_VPE_gen
The dog heard the toy and so did Olivia .	* dog ( x _ 0 ) ; * toy ( x _ 2 ) ; hear . agent ( x _ 3 , x _ 0 ) AND hear . theme ( x _ 3 , x _ 2 ) AND hear . agent ( x _ 4 , Olivia ) AND hear . theme ( x _ 4 , x _ 2 )	elips_VPE_gen
The girl liked that Amelia called Wyatt and so did Emma .	* girl ( x _ 0 ) ; like . agent ( x _ 1 , x _ 0 ) AND like . ccomp ( x _ 1, x _ 2 ) AND call . agent ( x _ 2 , Amelia ) AND call . theme ( x _ 2 , Wyatt ) AND like . agent ( x _ 3 , Emma ) AND like . ccomp ( x _ 3, x _ 4 ) AND call . agent ( x _ 4 , Amelia ) AND call . theme ( x _ 4 , Wyatt )	elips_VPE_gen
Olivia declared that Noah discovered the bunny and so did Liam .	* bunny ( x _ 1 ) ; declare . agent ( x _ 2 , Olivia ) AND declare . ccomp ( x _ 2, x _ 3 ) AND discover . agent ( x _ 3 , Noah ) AND discover . theme ( x _ 3 , x _ 1 ) AND declare . agent ( x _ 4 , Liam ) AND declare . ccomp ( x _ 4, x _ 5 ) AND discover . agent ( x _ 5 , Noah ) AND discover . theme ( x _ 5 , x _ 1 )	elips_VPE_gen
Liam stabbed a ball and so did Isabella .	ball ( x _ 1 ) AND stab . agent ( x _ 2 , Liam ) AND stab . theme ( x _ 2 , x _ 1 ) AND stab . agent ( x _ 3 , Isabella ) AND stab . theme ( x _ 3 , x _ 1 )	elips_VPE_gen
Abigail heard Lillian and so did Liam .	hear . agent ( x _ 0 , Abigail ) AND hear . theme ( x _ 0 , Lillian ) AND hear . agent ( x _ 1 , Liam ) AND hear . theme ( x _ 1 , Lillian )	elips_VPE_gen
The child held the cookie and so did Alexander .	* child ( x _ 0 ) ; * cookie ( x _ 2 ) ; hold . agent ( x _ 3 , x _ 0 ) AND hold . theme ( x _ 3 , x _ 2 ) AND hold . agent ( x _ 4 , Alexander ) AND hold . theme ( x _ 4 , x _ 2 )	elips_VPE_gen
Emma expected that a dog packed a sweetcorn and so did Liam .	dog ( x _ 2 ) AND sweetcorn ( x _ 3 ) AND expect . agent ( x _ 4 , Emma ) AND expect . ccomp ( x _ 4, x _ 5 ) AND pack . agent ( x _ 5 , x _ 2 ) AND pack . theme ( x _ 5 , x _ 3 ) AND expect . agent ( x _ 6 , Liam ) AND expect . ccomp ( x _ 6, x _ 7 ) AND pack . agent ( x _ 7 , x _ 2 ) AND pack . theme ( x _ 7 , x _ 3 )	elips_VPE_gen
Ava touched a girl and so did Aurora .	girl ( x _ 1 ) AND touch . agent ( x _ 2 , Ava ) AND touch . theme ( x _ 2 , x _ 1 ) AND touch . agent ( x _ 3 , Aurora ) AND touch . theme ( x _ 3 , x _ 1 )	elips_VPE_gen
Sebastian noticed that Jackson called the gumball and so did Amelia .	* gumball ( x _ 1 ) ; notice . agent ( x _ 2 , Sebastian ) AND notice . ccomp ( x _ 2, x _ 3 ) AND call . agent ( x _ 3 , Jackson ) AND call . theme ( x _ 3 , x _ 1 ) AND notice . agent ( x _ 4 , Amelia ) AND notice . ccomp ( x _ 4, x _ 5 ) AND call . agent ( x _ 5 , Jackson ) AND call . theme ( x _ 5 , x _ 1 )	elips_VPE_gen
Emma threw a girl and so did Liam .	girl ( x _ 1 ) AND throw . agent ( x _ 2 , Emma ) AND throw . theme ( x _ 2 , x _ 1 ) AND throw . agent ( x _ 3 , Liam ) AND throw . theme ( x _ 3 , x _ 1 )	elips_VPE_gen
A cat discovered the box and so did Olivia .	* box ( x _ 2 ) ; cat ( x _ 0 ) AND discover . agent ( x _ 3 , x _ 0 ) AND discover . theme ( x _ 3 , x _ 2 ) AND discover . agent ( x _ 4 , Olivia ) AND discover . theme ( x _ 4 , x _ 2 )	elips_VPE_gen
A baby proved that the girl threw a block and so did William .	* girl ( x _ 3 ) ; baby ( x _ 0 ) AND block ( x _ 4 ) AND prove . agent ( x _ 5 , x _ 0 ) AND prove . ccomp ( x _ 5, x _ 6 ) AND throw . agent ( x _ 6 , x _ 3 ) AND throw . theme ( x _ 6 , x _ 4 ) AND prove . agent ( x _ 7 , William ) AND prove . ccomp ( x _ 7, x _ 8 ) AND throw . agent ( x _ 8 , x _ 3 ) AND throw . theme ( x _ 8 , x _ 4 )	elips_VPE_gen
Nathan said that Emma valued the raisin and so did the cat .	* raisin ( x _ 2 ) ; * cat ( x _ 1 ) ; say . agent ( x _ 3 , Nathan ) AND say . ccomp ( x _ 3, x _ 4 ) AND value . agent ( x _ 4 , Emma ) AND value . theme ( x _ 4 , x _ 2 ) AND say . agent ( x _ 5 , x _ 1 ) AND say . ccomp ( x _ 5, x _ 6 ) AND value . agent ( x _ 6 , Emma ) AND value . theme ( x _ 6 , x _ 2 )	elips_VPE_gen
A dog noticed that a girl tolerated Ellie and so did Owen .	dog ( x _ 0 ) AND girl ( x _ 2 ) AND notice . agent ( x _ 3 , x _ 0 ) AND notice . ccomp ( x _ 3, x _ 4 ) AND tolerate . agent ( x _ 4 , x _ 2 ) AND tolerate . theme ( x _ 4 , Ellie ) AND notice . agent ( x _ 5 , Owen ) AND notice . ccomp ( x _ 5, x _ 6 ) AND tolerate . agent ( x _ 6 , x _ 2 ) AND tolerate . theme ( x _ 6 , Ellie )	elips_VPE_gen
Emma threw the cake and so did the child .	* cake ( x _ 2 ) ; * child ( x _ 1 ) ; throw . agent ( x _ 3 , Emma ) AND throw . theme ( x _ 3 , x _ 2 ) AND throw . agent ( x _ 4 , x _ 1 ) AND throw . theme ( x _ 4 , x _ 2 )	elips_VPE_gen
Abigail noticed a cookie and so did Charlotte .	cookie ( x _ 1 ) AND notice . agent ( x _ 2 , Abigail ) AND notice . theme ( x _ 2 , x _ 1 ) AND notice . agent ( x _ 3 , Charlotte ) AND notice . theme ( x _ 3 , x _ 1 )	elips_VPE_gen
The child hoped that a girl called the penny and so did the chicken .	* child ( x _ 0 ) ; * penny ( x _ 5 ) ; * chicken ( x _ 3 ) ; girl ( x _ 4 ) AND hope . agent ( x _ 6 , x _ 0 ) AND hope . ccomp ( x _ 6, x _ 7 ) AND call . agent ( x _ 7 , x _ 4 ) AND call . theme ( x _ 7 , x _ 5 ) AND hope . agent ( x _ 8 , x _ 3 ) AND hope . ccomp ( x _ 8, x _ 9 ) AND call . agent ( x _ 9 , x _ 4 ) AND call . theme ( x _ 9 , x _ 5 )	elips_VPE_gen
Emma said that Olivia noticed a banana and so did the girl .	* girl ( x _ 1 ) ; banana ( x _ 2 ) AND say . agent ( x _ 3 , Emma ) AND say . ccomp ( x _ 3, x _ 4 ) AND notice . agent ( x _ 4 , Olivia ) AND notice . theme ( x _ 4 , x _ 2 ) AND say . agent ( x _ 5 , x _ 1 ) AND say . ccomp ( x _ 5, x _ 6 ) AND notice . agent ( x _ 6 , Olivia ) AND notice . theme ( x _ 6 , x _ 2 )	elips_VPE_gen
Liam stabbed a raisin and so did Emma .	raisin ( x _ 1 ) AND stab . agent ( x _ 2 , Liam ) AND stab . theme ( x _ 2 , x _ 1 ) AND stab . agent ( x _ 3 , Emma ) AND stab . theme ( x _ 3 , x _ 1 )	elips_VPE_gen
Mia investigated Hannah and so did a boy .	boy ( x _ 0 ) AND investigate . agent ( x _ 1 , Mia ) AND investigate . theme ( x _ 1 , Hannah ) AND investigate . agent ( x _ 2 , x _ 0 ) AND investigate . theme ( x _ 2 , Hannah )	elips_VPE_gen
A girl stabbed a strawberry and so did Liam .	girl ( x _ 0 ) AND strawberry ( x _ 2 ) AND stab . agent ( x _ 3 , x _ 0 ) AND stab . theme ( x _ 3 , x _ 2 ) AND stab . agent ( x _ 4 , Liam ) AND stab . theme ( x _ 4 , x _ 2 )	elips_VPE_gen
A cat studied the cake and so did Isabella .	* cake ( x _ 2 ) ; cat ( x _ 0 ) AND study . agent ( x _ 3 , x _ 0 ) AND study . theme ( x _ 3 , x _ 2 ) AND study . agent ( x _ 4 , Isabella ) AND study . theme ( x _ 4 , x _ 2 )	elips_VPE_gen
Elijah liked that Amelia worshipped the mouse and so did Savannah .	* mouse ( x _ 1 ) ; like . agent ( x _ 2 , Elijah ) AND like . ccomp ( x _ 2, x _ 3 ) AND worship . agent ( x _ 3 , Amelia ) AND worship . theme ( x _ 3 , x _ 1 ) AND like . agent ( x _ 4 , Savannah ) AND like . ccomp ( x _ 4, x _ 5 ) AND worship . agent ( x _ 5 , Amelia ) AND worship . theme ( x _ 5 , x _ 1 )	elips_VPE_gen
A dog called a child and so did a girl .	dog ( x _ 0 ) AND child ( x _ 3 ) AND girl ( x _ 2 ) AND call . agent ( x _ 4 , x _ 0 ) AND call . theme ( x _ 4 , x _ 3 ) AND call . agent ( x _ 5 , x _ 2 ) AND call . theme ( x _ 5 , x _ 3 )	elips_VPE_gen
The girl tolerated Penelope and so did Grace .	* girl ( x _ 0 ) ; tolerate . agent ( x _ 1 , x _ 0 ) AND tolerate . theme ( x _ 1 , Penelope ) AND tolerate . agent ( x _ 2 , Grace ) AND tolerate . theme ( x _ 2 , Penelope )	elips_VPE_gen
A dog heard Jayden and so did Liam .	dog ( x _ 0 ) AND hear . agent ( x _ 1 , x _ 0 ) AND hear . theme ( x _ 1 , Jayden ) AND hear . agent ( x _ 2 , Liam ) AND hear . theme ( x _ 2 , Jayden )	elips_VPE_gen
Sophia called the mouse and so did a sailor .	* mouse ( x _ 2 ) ; sailor ( x _ 1 ) AND call . agent ( x _ 3 , Sophia ) AND call . theme ( x _ 3 , x _ 2 ) AND call . agent ( x _ 4 , x _ 1 ) AND call . theme ( x _ 4 , x _ 2 )	elips_VPE_gen
Sophia wished that a boy tolerated a girl and so did Liam .	boy ( x _ 2 ) AND girl ( x _ 3 ) AND wish . agent ( x _ 4 , Sophia ) AND wish . ccomp ( x _ 4, x _ 5 ) AND tolerate . agent ( x _ 5 , x _ 2 ) AND tolerate . theme ( x _ 5 , x _ 3 ) AND wish . agent ( x _ 6 , Liam ) AND wish . ccomp ( x _ 6, x _ 7 ) AND tolerate . agent ( x _ 7 , x _ 2 ) AND tolerate . theme ( x _ 7 , x _ 3 )	elips_VPE_gen
Camila valued a cracker and so did a girl .	cracker ( x _ 2 ) AND girl ( x _ 1 ) AND value . agent ( x _ 3 , Camila ) AND value . theme ( x _ 3 , x _ 2 ) AND value . agent ( x _ 4 , x _ 1 ) AND value . theme ( x _ 4 , x _ 2 )	elips_VPE_gen
Addison liked that a penguin touched Riley and so did Emma .	penguin ( x _ 1 ) AND like . agent ( x _ 2 , Addison ) AND like . ccomp ( x _ 2, x _ 3 ) AND touch . agent ( x _ 3 , x _ 1 ) AND touch . theme ( x _ 3 , Riley ) AND like . agent ( x _ 4 , Emma ) AND like . ccomp ( x _ 4, x _ 5 ) AND touch . agent ( x _ 5 , x _ 1 ) AND touch . theme ( x _ 5 , Riley )	elips_VPE_gen
The girl noticed that the lion heard the cake and so did a boy .	* girl ( x _ 0 ) ; * lion ( x _ 4 ) ; * cake ( x _ 5 ) ; boy ( x _ 3 ) AND notice . agent ( x _ 6 , x _ 0 ) AND notice . ccomp ( x _ 6, x _ 7 ) AND hear . agent ( x _ 7 , x _ 4 ) AND hear . theme ( x _ 7 , x _ 5 ) AND notice . agent ( x _ 8 , x _ 3 ) AND notice . ccomp ( x _ 8, x _ 9 ) AND hear . agent ( x _ 9 , x _ 4 ) AND hear . theme ( x _ 9 , x _ 5 )	elips_VPE_gen
The cat packed the bunny and so did the girl .	* cat ( x _ 0 ) ; * bunny ( x _ 3 ) ; * girl ( x _ 2 ) ; pack . agent ( x _ 4 , x _ 0 ) AND pack . theme ( x _ 4 , x _ 3 ) AND pack . agent ( x _ 5 , x _ 2 ) AND pack . theme ( x _ 5 , x _ 3 )	elips_VPE_gen
Oliver valued Skylar and so did the girl .	* girl ( x _ 0 ) ; value . agent ( x _ 1 , Oliver ) AND value . theme ( x _ 1 , Skylar ) AND value . agent ( x _ 2 , x _ 0 ) AND value . theme ( x _ 2 , Skylar )	elips_VPE_gen
A duke observed Wyatt and so did a butterfly .	duke ( x _ 0 ) AND butterfly ( x _ 1 ) AND observe . agent ( x _ 2 , x _ 0 ) AND observe . theme ( x _ 2 , Wyatt ) AND observe . agent ( x _ 3 , x _ 1 ) AND observe . theme ( x _ 3 , Wyatt )	elips_VPE_gen
Liam held the dog and so did Emma .	* dog ( x _ 1 ) ; hold . agent ( x _ 2 , Liam ) AND hold . theme ( x _ 2 , x _ 1 ) AND hold . agent ( x _ 3 , Emma ) AND hold . theme ( x _ 3 , x _ 1 )	elips_VPE_gen
A frog called Savannah and so did a duck .	frog ( x _ 0 ) AND duck ( x _ 1 ) AND call . agent ( x _ 2 , x _ 0 ) AND call . theme ( x _ 2 , Savannah ) AND call . agent ( x _ 3 , x _ 1 ) AND call . theme ( x _ 3 , Savannah )	elips_VPE_gen
Liam called Lillian and so did Emma .	call . agent ( x _ 0 , Liam ) AND call . theme ( x _ 0 , Lillian ) AND call . agent ( x _ 1 , Emma ) AND call . theme ( x _ 1 , Lillian )	elips_VPE_gen
A duck believed that a boy noticed Stella and so did Liam .	duck ( x _ 0 ) AND boy ( x _ 2 ) AND believe . agent ( x _ 3 , x _ 0 ) AND believe . ccomp ( x _ 3, x _ 4 ) AND notice . agent ( x _ 4 , x _ 2 ) AND notice . theme ( x _ 4 , Stella ) AND believe . agent ( x _ 5 , Liam ) AND believe . ccomp ( x _ 5, x _ 6 ) AND notice . agent ( x _ 6 , x _ 2 ) AND notice . theme ( x _ 6 , Stella )	elips_VPE_gen
The dog observed Penelope and so did the chicken .	* dog ( x _ 0 ) ; * chicken ( x _ 1 ) ; observe . agent ( x _ 2 , x _ 0 ) AND observe . theme ( x _ 2 , Penelope ) AND observe . agent ( x _ 3 , x _ 1 ) AND observe . theme ( x _ 3 , Penelope )	elips_VPE_gen
Liam noticed a chicken and so did a girl .	chicken ( x _ 2 ) AND girl ( x _ 1 ) AND notice . agent ( x _ 3 , Liam ) AND notice . theme ( x _ 3 , x _ 2 ) AND notice . agent ( x _ 4 , x _ 1 ) AND notice . theme ( x _ 4 , x _ 2 )	elips_VPE_gen
Emma stabbed Nora and so did the boy .	* boy ( x _ 0 ) ; stab . agent ( x _ 1 , Emma ) AND stab . theme ( x _ 1 , Nora ) AND stab . agent ( x _ 2 , x _ 0 ) AND stab . theme ( x _ 2 , Nora )	elips_VPE_gen
Savannah tolerated a tiger and so did the donkey .	* donkey ( x _ 1 ) ; tiger ( x _ 2 ) AND tolerate . agent ( x _ 3 , Savannah ) AND tolerate . theme ( x _ 3 , x _ 2 ) AND tolerate . agent ( x _ 4 , x _ 1 ) AND tolerate . theme ( x _ 4 , x _ 2 )	elips_VPE_gen
Harper discovered the boy and so did the mouse .	* boy ( x _ 2 ) ; * mouse ( x _ 1 ) ; discover . agent ( x _ 3 , Harper ) AND discover . theme ( x _ 3 , x _ 2 ) AND discover . agent ( x _ 4 , x _ 1 ) AND discover . theme ( x _ 4 , x _ 2 )	elips_VPE_gen
Claire thought that Emma observed a boy and so did the girl .	* girl ( x _ 1 ) ; boy ( x _ 2 ) AND think . agent ( x _ 3 , Claire ) AND think . ccomp ( x _ 3, x _ 4 ) AND observe . agent ( x _ 4 , Emma ) AND observe . theme ( x _ 4 , x _ 2 ) AND think . agent ( x _ 5 , x _ 1 ) AND think . ccomp ( x _ 5, x _ 6 ) AND observe . agent ( x _ 6 , Emma ) AND observe . theme ( x _ 6 , x _ 2 )	elips_VPE_gen
The bear hoped that William knew the girl and so did Charlotte .	* bear ( x _ 0 ) ; * girl ( x _ 2 ) ; hope . agent ( x _ 3 , x _ 0 ) AND hope . ccomp ( x _ 3, x _ 4 ) AND know . agent ( x _ 4 , William ) AND know . theme ( x _ 4 , x _ 2 ) AND hope . agent ( x _ 5 , Charlotte ) AND hope . ccomp ( x _ 5, x _ 6 ) AND know . agent ( x _ 6 , William ) AND know . theme ( x _ 6 , x _ 2 )	elips_VPE_gen
Emma threw a boy and so did a penguin .	boy ( x _ 2 ) AND penguin ( x _ 1 ) AND throw . agent ( x _ 3 , Emma ) AND throw . theme ( x _ 3 , x _ 2 ) AND throw . agent ( x _ 4 , x _ 1 ) AND throw . theme ( x _ 4 , x _ 2 )	elips_VPE_gen
William stabbed the cookie and so did Liam .	* cookie ( x _ 1 ) ; stab . agent ( x _ 2 , William ) AND stab . theme ( x _ 2 , x _ 1 ) AND stab . agent ( x _ 3 , Liam ) AND stab . theme ( x _ 3 , x _ 1 )	elips_VPE_gen
Theodore heard a lion and so did Lucas .	lion ( x _ 1 ) AND hear . agent ( x _ 2 , Theodore ) AND hear . theme ( x _ 2 , x _ 1 ) AND hear . agent ( x _ 3 , Lucas ) AND hear . theme ( x _ 3 , x _ 1 )	elips_VPE_gen
A lion called Aurora and so did Liam .	lion ( x _ 0 ) AND call . agent ( x _ 1 , x _ 0 ) AND call . theme ( x _ 1 , Aurora ) AND call . agent ( x _ 2 , Liam ) AND call . theme ( x _ 2 , Aurora )	elips_VPE_gen
A chief valued a towel and so did the girl .	* girl ( x _ 2 ) ; chief ( x _ 0 ) AND towel ( x _ 3 ) AND value . agent ( x _ 4 , x _ 0 ) AND value . theme ( x _ 4 , x _ 3 ) AND value . agent ( x _ 5 , x _ 2 ) AND value . theme ( x _ 5 , x _ 3 )	elips_VPE_gen
Emily hoped that Liam called Wyatt and so did a baby .	baby ( x _ 0 ) AND hope . agent ( x _ 1 , Emily ) AND hope . ccomp ( x _ 1, x _ 2 ) AND call . agent ( x _ 2 , Liam ) AND call . theme ( x _ 2 , Wyatt ) AND hope . agent ( x _ 3 , x _ 0 ) AND hope . ccomp ( x _ 3, x _ 4 ) AND call . agent ( x _ 4 , Liam ) AND call . theme ( x _ 4 , Wyatt )	elips_VPE_gen
Sophia believed that Noah heard a cake and so did a baby .	cake ( x _ 2 ) AND baby ( x _ 1 ) AND believe . agent ( x _ 3 , Sophia ) AND believe . ccomp ( x _ 3, x _ 4 ) AND hear . agent ( x _ 4 , Noah ) AND hear . theme ( x _ 4 , x _ 2 ) AND believe . agent ( x _ 5 , x _ 1 ) AND believe . ccomp ( x _ 5, x _ 6 ) AND hear . agent ( x _ 6 , Noah ) AND hear . theme ( x _ 6 , x _ 2 )	elips_VPE_gen
Olivia threw a girl and so did Emma .	girl ( x _ 1 ) AND throw . agent ( x _ 2 , Olivia ) AND throw . theme ( x _ 2 , x _ 1 ) AND throw . agent ( x _ 3 , Emma ) AND throw . theme ( x _ 3 , x _ 1 )	elips_VPE_gen
Emma noticed that Liam touched a girl and so did the teacher .	* teacher ( x _ 1 ) ; girl ( x _ 2 ) AND notice . agent ( x _ 3 , Emma ) AND notice . ccomp ( x _ 3, x _ 4 ) AND touch . agent ( x _ 4 , Liam ) AND touch . theme ( x _ 4 , x _ 2 ) AND notice . agent ( x _ 5 , x _ 1 ) AND notice . ccomp ( x _ 5, x _ 6 ) AND touch . agent ( x _ 6 , Liam ) AND touch . theme ( x _ 6 , x _ 2 )	elips_VPE_gen
The lion tossed the balloon and so did Olivia .	* lion ( x _ 0 ) ; * balloon ( x _ 2 ) ; toss . agent ( x _ 3 , x _ 0 ) AND toss . theme ( x _ 3 , x _ 2 ) AND toss . agent ( x _ 4 , Olivia ) AND toss . theme ( x _ 4 , x _ 2 )	elips_VPE_gen
The dog proved that Noah threw a drink and so did the pony .	* dog ( x _ 0 ) ; * pony ( x _ 2 ) ; drink ( x _ 3 ) AND prove . agent ( x _ 4 , x _ 0 ) AND prove . ccomp ( x _ 4, x _ 5 ) AND throw . agent ( x _ 5 , Noah ) AND throw . theme ( x _ 5 , x _ 3 ) AND prove . agent ( x _ 6 , x _ 2 ) AND prove . ccomp ( x _ 6, x _ 7 ) AND throw . agent ( x _ 7 , Noah ) AND throw . theme ( x _ 7 , x _ 3 )	elips_VPE_gen
Mason called a sandwich and so did Emma .	sandwich ( x _ 1 ) AND call . agent ( x _ 2 , Mason ) AND call . theme ( x _ 2 , x _ 1 ) AND call . agent ( x _ 3 , Emma ) AND call . theme ( x _ 3 , x _ 1 )	elips_VPE_gen
Emma threw Penelope and so did William .	throw . agent ( x _ 0 , Emma ) AND throw . theme ( x _ 0 , Penelope ) AND throw . agent ( x _ 1 , William ) AND throw . theme ( x _ 1 , Penelope )	elips_VPE_gen
A girl liked that William heard the cake and so did the boy .	* cake ( x _ 3 ) ; * boy ( x _ 2 ) ; girl ( x _ 0 ) AND like . agent ( x _ 4 , x _ 0 ) AND like . ccomp ( x _ 4, x _ 5 ) AND hear . agent ( x _ 5 , William ) AND hear . theme ( x _ 5 , x _ 3 ) AND like . agent ( x _ 6 , x _ 2 ) AND like . ccomp ( x _ 6, x _ 7 ) AND hear . agent ( x _ 7 , William ) AND hear . theme ( x _ 7 , x _ 3 )	elips_VPE_gen
Isabella valued a cake and so did Ava .	cake ( x _ 1 ) AND value . agent ( x _ 2 , Isabella ) AND value . theme ( x _ 2 , x _ 1 ) AND value . agent ( x _ 3 , Ava ) AND value . theme ( x _ 3 , x _ 1 )	elips_VPE_gen
A student observed a rose and so did Emma .	student ( x _ 0 ) AND rose ( x _ 2 ) AND observe . agent ( x _ 3 , x _ 0 ) AND observe . theme ( x _ 3 , x _ 2 ) AND observe . agent ( x _ 4 , Emma ) AND observe . theme ( x _ 4 , x _ 2 )	elips_VPE_gen
The friend threw the balloon and so did Emma .	* friend ( x _ 0 ) ; * balloon ( x _ 2 ) ; throw . agent ( x _ 3 , x _ 0 ) AND throw . theme ( x _ 3 , x _ 2 ) AND throw . agent ( x _ 4 , Emma ) AND throw . theme ( x _ 4 , x _ 2 )	elips_VPE_gen
The dog valued the soap and so did Henry .	* dog ( x _ 0 ) ; * soap ( x _ 2 ) ; value . agent ( x _ 3 , x _ 0 ) AND value . theme ( x _ 3 , x _ 2 ) AND value . agent ( x _ 4 , Henry ) AND value . theme ( x _ 4 , x _ 2 )	elips_VPE_gen
The mouse called the beer and so did the girl .	* mouse ( x _ 0 ) ; * beer ( x _ 3 ) ; * girl ( x _ 2 ) ; call . agent ( x _ 4 , x _ 0 ) AND call . theme ( x _ 4 , x _ 3 ) AND call . agent ( x _ 5 , x _ 2 ) AND call . theme ( x _ 5 , x _ 3 )	elips_VPE_gen
The girl studied Penelope and so did the child .	* girl ( x _ 0 ) ; * child ( x _ 1 ) ; study . agent ( x _ 2 , x _ 0 ) AND study . theme ( x _ 2 , Penelope ) AND study . agent ( x _ 3 , x _ 1 ) AND study . theme ( x _ 3 , Penelope )	elips_VPE_gen
Olivia heard a cake and so did a tenant .	cake ( x _ 2 ) AND tenant ( x _ 1 ) AND hear . agent ( x _ 3 , Olivia ) AND hear . theme ( x _ 3 , x _ 2 ) AND hear . agent ( x _ 4 , x _ 1 ) AND hear . theme ( x _ 4 , x _ 2 )	elips_VPE_gen
The teacher tolerated a book and so did the boy .	* teacher ( x _ 0 ) ; * boy ( x _ 2 ) ; book ( x _ 3 ) AND tolerate . agent ( x _ 4 , x _ 0 ) AND tolerate . theme ( x _ 4 , x _ 3 ) AND tolerate . agent ( x _ 5 , x _ 2 ) AND tolerate . theme ( x _ 5 , x _ 3 )	elips_VPE_gen
Emma called Penelope and so did a boy .	boy ( x _ 0 ) AND call . agent ( x _ 1 , Emma ) AND call . theme ( x _ 1 , Penelope ) AND call . agent ( x _ 2 , x _ 0 ) AND call . theme ( x _ 2 , Penelope )	elips_VPE_gen
The girl called a donut and so did James .	* girl ( x _ 0 ) ; donut ( x _ 2 ) AND call . agent ( x _ 3 , x _ 0 ) AND call . theme ( x _ 3 , x _ 2 ) AND call . agent ( x _ 4 , James ) AND call . theme ( x _ 4 , x _ 2 )	elips_VPE_gen
Evelyn valued that Mason examined the boy and so did Liam .	* boy ( x _ 1 ) ; value . agent ( x _ 2 , Evelyn ) AND value . ccomp ( x _ 2, x _ 3 ) AND examine . agent ( x _ 3 , Mason ) AND examine . theme ( x _ 3 , x _ 1 ) AND value . agent ( x _ 4 , Liam ) AND value . ccomp ( x _ 4, x _ 5 ) AND examine . agent ( x _ 5 , Mason ) AND examine . theme ( x _ 5 , x _ 1 )	elips_VPE_gen
The manager threw the girl and so did Carter .	* manager ( x _ 0 ) ; * girl ( x _ 2 ) ; throw . agent ( x _ 3 , x _ 0 ) AND throw . theme ( x _ 3 , x _ 2 ) AND throw . agent ( x _ 4 , Carter ) AND throw . theme ( x _ 4 , x _ 2 )	elips_VPE_gen
William threw the patient and so did the sailor .	* patient ( x _ 2 ) ; * sailor ( x _ 1 ) ; throw . agent ( x _ 3 , William ) AND throw . theme ( x _ 3 , x _ 2 ) AND throw . agent ( x _ 4 , x _ 1 ) AND throw . theme ( x _ 4 , x _ 2 )	elips_VPE_gen
Isabella called a cake and so did Noah .	cake ( x _ 1 ) AND call . agent ( x _ 2 , Isabella ) AND call . theme ( x _ 2 , x _ 1 ) AND call . agent ( x _ 3 , Noah ) AND call . theme ( x _ 3 , x _ 1 )	elips_VPE_gen
