Alexander liked and the frog helped a researcher .	* frog ( x _ 1 ) ; researcher ( x _ 2 ) AND like . agent ( x _ 3 , Alexander ) AND like . theme ( x _ 3 , x _ 2 ) AND help . agent ( x _ 4 , x _ 1 ) AND help . theme ( x _ 4 , x _ 2 )	elips_RNR_gen
Emma helped and a girl worshipped Jackson .	girl ( x _ 0 ) AND help . agent ( x _ 1 , Emma ) AND help . theme ( x _ 1 , Jackson ) AND worship . agent ( x _ 2 , x _ 0 ) AND worship . theme ( x _ 2 , Jackson )	elips_RNR_gen
Emma helped and the director poked a turtle .	* director ( x _ 1 ) ; turtle ( x _ 2 ) AND help . agent ( x _ 3 , Emma ) AND help . theme ( x _ 3 , x _ 2 ) AND poke . agent ( x _ 4 , x _ 1 ) AND poke . theme ( x _ 4 , x _ 2 )	elips_RNR_gen
A boy liked and a poet liked a fish .	boy ( x _ 0 ) AND fish ( x _ 3 ) AND poet ( x _ 2 ) AND like . agent ( x _ 4 , x _ 0 ) AND like . theme ( x _ 4 , x _ 3 ) AND like . agent ( x _ 5 , x _ 2 ) AND like . theme ( x _ 5 , x _ 3 )	elips_RNR_gen
Emma ate and a boy helped a moose .	moose ( x _ 2 ) AND boy ( x _ 1 ) AND eat . agent ( x _ 3 , Emma ) AND eat . theme ( x _ 3 , x _ 2 ) AND help . agent ( x _ 4 , x _ 1 ) AND help . theme ( x _ 4 , x _ 2 )	elips_RNR_gen
Carter called and Julian liked James .	call . agent ( x _ 0 , Carter ) AND call . theme ( x _ 0 , James ) AND like . agent ( x _ 1 , Julian ) AND like . theme ( x _ 1 , James )	elips_RNR_gen
William liked and a girl liked the fish .	* fish ( x _ 2 ) ; girl ( x _ 1 ) AND like . agent ( x _ 3 , William ) AND like . theme ( x _ 3 , x _ 2 ) AND like . agent ( x _ 4 , x _ 1 ) AND like . theme ( x _ 4 , x _ 2 )	elips_RNR_gen
The girl ate and Emma admired a fish .	* girl ( x _ 0 ) ; fish ( x _ 2 ) AND eat . agent ( x _ 3 , x _ 0 ) AND eat . theme ( x _ 3 , x _ 2 ) AND admire . agent ( x _ 4 , Emma ) AND admire . theme ( x _ 4 , x _ 2 )	elips_RNR_gen
Benjamin ate and Lucas adored the fish .	* fish ( x _ 1 ) ; eat . agent ( x _ 2 , Benjamin ) AND eat . theme ( x _ 2 , x _ 1 ) AND adore . agent ( x _ 3 , Lucas ) AND adore . theme ( x _ 3 , x _ 1 )	elips_RNR_gen
A girl liked and a penguin liked a captain .	girl ( x _ 0 ) AND captain ( x _ 3 ) AND penguin ( x _ 2 ) AND like . agent ( x _ 4 , x _ 0 ) AND like . theme ( x _ 4 , x _ 3 ) AND like . agent ( x _ 5 , x _ 2 ) AND like . theme ( x _ 5 , x _ 3 )	elips_RNR_gen
Liam cleaned and the monkey appreciated the fish .	* fish ( x _ 2 ) ; * monkey ( x _ 1 ) ; clean . agent ( x _ 3 , Liam ) AND clean . theme ( x _ 3 , x _ 2 ) AND appreciate . agent ( x _ 4 , x _ 1 ) AND appreciate . theme ( x _ 4 , x _ 2 )	elips_RNR_gen
Emma helped and a monster liked a moose .	moose ( x _ 2 ) AND monster ( x _ 1 ) AND help . agent ( x _ 3 , Emma ) AND help . theme ( x _ 3 , x _ 2 ) AND like . agent ( x _ 4 , x _ 1 ) AND like . theme ( x _ 4 , x _ 2 )	elips_RNR_gen
The boy painted and the deer held Abigail .	* boy ( x _ 0 ) ; * deer ( x _ 1 ) ; paint . agent ( x _ 2 , x _ 0 ) AND paint . theme ( x _ 2 , Abigail ) AND hold . agent ( x _ 3 , x _ 1 ) AND hold . theme ( x _ 3 , Abigail )	elips_RNR_gen
Emma liked and the girl liked Avery .	* girl ( x _ 0 ) ; like . agent ( x _ 1 , Emma ) AND like . theme ( x _ 1 , Avery ) AND like . agent ( x _ 2 , x _ 0 ) AND like . theme ( x _ 2 , Avery )	elips_RNR_gen
Emma loved and John missed Isabella .	love . agent ( x _ 0 , Emma ) AND love . theme ( x _ 0 , Isabella ) AND miss . agent ( x _ 1 , John ) AND miss . theme ( x _ 1 , Isabella )	elips_RNR_gen
A boy drew and the girl found a fish .	* girl ( x _ 2 ) ; boy ( x _ 0 ) AND fish ( x _ 3 ) AND draw . agent ( x _ 4 , x _ 0 ) AND draw . theme ( x _ 4 , x _ 3 ) AND find . agent ( x _ 5 , x _ 2 ) AND find . theme ( x _ 5 , x _ 3 )	elips_RNR_gen
William liked and Emma liked a puppy .	puppy ( x _ 1 ) AND like . agent ( x _ 2 , William ) AND like . theme ( x _ 2 , x _ 1 ) AND like . agent ( x _ 3 , Emma ) AND like . theme ( x _ 3 , x _ 1 )	elips_RNR_gen
The child found and the girl liked Avery .	* child ( x _ 0 ) ; * girl ( x _ 1 ) ; find . agent ( x _ 2 , x _ 0 ) AND find . theme ( x _ 2 , Avery ) AND like . agent ( x _ 3 , x _ 1 ) AND like . theme ( x _ 3 , Avery )	elips_RNR_gen
The girl appreciated and Emma liked William .	* girl ( x _ 0 ) ; appreciate . agent ( x _ 1 , x _ 0 ) AND appreciate . theme ( x _ 1 , William ) AND like . agent ( x _ 2 , Emma ) AND like . theme ( x _ 2 , William )	elips_RNR_gen
Sophia discovered and a girl threw a moose .	moose ( x _ 2 ) AND girl ( x _ 1 ) AND discover . agent ( x _ 3 , Sophia ) AND discover . theme ( x _ 3 , x _ 2 ) AND throw . agent ( x _ 4 , x _ 1 ) AND throw . theme ( x _ 4 , x _ 2 )	elips_RNR_gen
Mila drew and a girl helped William .	girl ( x _ 0 ) AND draw . agent ( x _ 1 , Mila ) AND draw . theme ( x _ 1 , William ) AND help . agent ( x _ 2 , x _ 0 ) AND help . theme ( x _ 2 , William )	elips_RNR_gen
The prisoner ate and a boy helped a resident .	* prisoner ( x _ 0 ) ; resident ( x _ 3 ) AND boy ( x _ 2 ) AND eat . agent ( x _ 4 , x _ 0 ) AND eat . theme ( x _ 4 , x _ 3 ) AND help . agent ( x _ 5 , x _ 2 ) AND help . theme ( x _ 5 , x _ 3 )	elips_RNR_gen
The bear poked and a cat poked Emma .	* bear ( x _ 0 ) ; cat ( x _ 1 ) AND poke . agent ( x _ 2 , x _ 0 ) AND poke . theme ( x _ 2 , Emma ) AND poke . agent ( x _ 3 , x _ 1 ) AND poke . theme ( x _ 3 , Emma )	elips_RNR_gen
Emma painted and the frog found the creature .	* creature ( x _ 2 ) ; * frog ( x _ 1 ) ; paint . agent ( x _ 3 , Emma ) AND paint . theme ( x _ 3 , x _ 2 ) AND find . agent ( x _ 4 , x _ 1 ) AND find . theme ( x _ 4 , x _ 2 )	elips_RNR_gen
Isabella ate and a child liked a puppy .	puppy ( x _ 2 ) AND child ( x _ 1 ) AND eat . agent ( x _ 3 , Isabella ) AND eat . theme ( x _ 3 , x _ 2 ) AND like . agent ( x _ 4 , x _ 1 ) AND like . theme ( x _ 4 , x _ 2 )	elips_RNR_gen
Emma hunted and a girl liked Noah .	girl ( x _ 0 ) AND hunt . agent ( x _ 1 , Emma ) AND hunt . theme ( x _ 1 , Noah ) AND like . agent ( x _ 2 , x _ 0 ) AND like . theme ( x _ 2 , Noah )	elips_RNR_gen
Ava hunted and the girl liked Olivia .	* girl ( x _ 0 ) ; hunt . agent ( x _ 1 , Ava ) AND hunt . theme ( x _ 1 , Olivia ) AND like . agent ( x _ 2 , x _ 0 ) AND like . theme ( x _ 2 , Olivia )	elips_RNR_gen
The girl found and a boy loved the fish .	* girl ( x _ 0 ) ; * fish ( x _ 3 ) ; boy ( x _ 2 ) AND find . agent ( x _ 4 , x _ 0 ) AND find . theme ( x _ 4 , x _ 3 ) AND love . agent ( x _ 5 , x _ 2 ) AND love . theme ( x _ 5 , x _ 3 )	elips_RNR_gen
The sailor ate and Isabella liked a judge .	* sailor ( x _ 0 ) ; judge ( x _ 2 ) AND eat . agent ( x _ 3 , x _ 0 ) AND eat . theme ( x _ 3 , x _ 2 ) AND like . agent ( x _ 4 , Isabella ) AND like . theme ( x _ 4 , x _ 2 )	elips_RNR_gen
Ava ate and the frog liked Liam .	* frog ( x _ 0 ) ; eat . agent ( x _ 1 , Ava ) AND eat . theme ( x _ 1 , Liam ) AND like . agent ( x _ 2 , x _ 0 ) AND like . theme ( x _ 2 , Liam )	elips_RNR_gen
Aiden cooked and a girl liked the fish .	* fish ( x _ 2 ) ; girl ( x _ 1 ) AND cook . agent ( x _ 3 , Aiden ) AND cook . theme ( x _ 3 , x _ 2 ) AND like . agent ( x _ 4 , x _ 1 ) AND like . theme ( x _ 4 , x _ 2 )	elips_RNR_gen
Liam admired and the girl threw a fish .	* girl ( x _ 1 ) ; fish ( x _ 2 ) AND admire . agent ( x _ 3 , Liam ) AND admire . theme ( x _ 3 , x _ 2 ) AND throw . agent ( x _ 4 , x _ 1 ) AND throw . theme ( x _ 4 , x _ 2 )	elips_RNR_gen
A girl found and Noah helped a pig .	girl ( x _ 0 ) AND pig ( x _ 2 ) AND find . agent ( x _ 3 , x _ 0 ) AND find . theme ( x _ 3 , x _ 2 ) AND help . agent ( x _ 4 , Noah ) AND help . theme ( x _ 4 , x _ 2 )	elips_RNR_gen
A chicken loved and a girl liked Aria .	chicken ( x _ 0 ) AND girl ( x _ 1 ) AND love . agent ( x _ 2 , x _ 0 ) AND love . theme ( x _ 2 , Aria ) AND like . agent ( x _ 3 , x _ 1 ) AND like . theme ( x _ 3 , Aria )	elips_RNR_gen
Emma ate and Olivia liked the prisoner .	* prisoner ( x _ 1 ) ; eat . agent ( x _ 2 , Emma ) AND eat . theme ( x _ 2 , x _ 1 ) AND like . agent ( x _ 3 , Olivia ) AND like . theme ( x _ 3 , x _ 1 )	elips_RNR_gen
A crocodile cooked and a monkey poked the pig .	* pig ( x _ 3 ) ; crocodile ( x _ 0 ) AND monkey ( x _ 2 ) AND cook . agent ( x _ 4 , x _ 0 ) AND cook . theme ( x _ 4 , x _ 3 ) AND poke . agent ( x _ 5 , x _ 2 ) AND poke . theme ( x _ 5 , x _ 3 )	elips_RNR_gen
Noah liked and a girl liked James .	girl ( x _ 0 ) AND like . agent ( x _ 1 , Noah ) AND like . theme ( x _ 1 , James ) AND like . agent ( x _ 2 , x _ 0 ) AND like . theme ( x _ 2 , James )	elips_RNR_gen
Emma ate and a cat worshipped a driver .	driver ( x _ 2 ) AND cat ( x _ 1 ) AND eat . agent ( x _ 3 , Emma ) AND eat . theme ( x _ 3 , x _ 2 ) AND worship . agent ( x _ 4 , x _ 1 ) AND worship . theme ( x _ 4 , x _ 2 )	elips_RNR_gen
Isabella ate and a girl helped a governor .	governor ( x _ 2 ) AND girl ( x _ 1 ) AND eat . agent ( x _ 3 , Isabella ) AND eat . theme ( x _ 3 , x _ 2 ) AND help . agent ( x _ 4 , x _ 1 ) AND help . theme ( x _ 4 , x _ 2 )	elips_RNR_gen
A girl poked and Olivia liked the moose .	* moose ( x _ 2 ) ; girl ( x _ 0 ) AND poke . agent ( x _ 3 , x _ 0 ) AND poke . theme ( x _ 3 , x _ 2 ) AND like . agent ( x _ 4 , Olivia ) AND like . theme ( x _ 4 , x _ 2 )	elips_RNR_gen
Olivia saw and Emma appreciated Mason .	see . agent ( x _ 0 , Olivia ) AND see . theme ( x _ 0 , Mason ) AND appreciate . agent ( x _ 1 , Emma ) AND appreciate . theme ( x _ 1 , Mason )	elips_RNR_gen
A dog threw and Mason liked Liam .	dog ( x _ 0 ) AND throw . agent ( x _ 1 , x _ 0 ) AND throw . theme ( x _ 1 , Liam ) AND like . agent ( x _ 2 , Mason ) AND like . theme ( x _ 2 , Liam )	elips_RNR_gen
Sophia hunted and a girl liked Jacob .	girl ( x _ 0 ) AND hunt . agent ( x _ 1 , Sophia ) AND hunt . theme ( x _ 1 , Jacob ) AND like . agent ( x _ 2 , x _ 0 ) AND like . theme ( x _ 2 , Jacob )	elips_RNR_gen
Liam liked and a baby tossed Elijah .	baby ( x _ 0 ) AND like . agent ( x _ 1 , Liam ) AND like . theme ( x _ 1 , Elijah ) AND toss . agent ( x _ 2 , x _ 0 ) AND toss . theme ( x _ 2 , Elijah )	elips_RNR_gen
The puppy liked and a fly liked Emma .	* puppy ( x _ 0 ) ; fly ( x _ 1 ) AND like . agent ( x _ 2 , x _ 0 ) AND like . theme ( x _ 2 , Emma ) AND like . agent ( x _ 3 , x _ 1 ) AND like . theme ( x _ 3 , Emma )	elips_RNR_gen
The girl ate and a boy helped the fish .	* girl ( x _ 0 ) ; * fish ( x _ 3 ) ; boy ( x _ 2 ) AND eat . agent ( x _ 4 , x _ 0 ) AND eat . theme ( x _ 4 , x _ 3 ) AND help . agent ( x _ 5 , x _ 2 ) AND help . theme ( x _ 5 , x _ 3 )	elips_RNR_gen
Olivia liked and the girl liked a moose .	* girl ( x _ 1 ) ; moose ( x _ 2 ) AND like . agent ( x _ 3 , Olivia ) AND like . theme ( x _ 3 , x _ 2 ) AND like . agent ( x _ 4 , x _ 1 ) AND like . theme ( x _ 4 , x _ 2 )	elips_RNR_gen
Isabella sketched and Emma respected the fish .	* fish ( x _ 1 ) ; sketch . agent ( x _ 2 , Isabella ) AND sketch . theme ( x _ 2 , x _ 1 ) AND respect . agent ( x _ 3 , Emma ) AND respect . theme ( x _ 3 , x _ 1 )	elips_RNR_gen
Emma admired and a child liked a producer .	producer ( x _ 2 ) AND child ( x _ 1 ) AND admire . agent ( x _ 3 , Emma ) AND admire . theme ( x _ 3 , x _ 2 ) AND like . agent ( x _ 4 , x _ 1 ) AND like . theme ( x _ 4 , x _ 2 )	elips_RNR_gen
The bear dusted and Leah missed Emma .	* bear ( x _ 0 ) ; dust . agent ( x _ 1 , x _ 0 ) AND dust . theme ( x _ 1 , Emma ) AND miss . agent ( x _ 2 , Leah ) AND miss . theme ( x _ 2 , Emma )	elips_RNR_gen
Noah liked and the patient liked a poet .	* patient ( x _ 1 ) ; poet ( x _ 2 ) AND like . agent ( x _ 3 , Noah ) AND like . theme ( x _ 3 , x _ 2 ) AND like . agent ( x _ 4 , x _ 1 ) AND like . theme ( x _ 4 , x _ 2 )	elips_RNR_gen
The researcher saw and Olivia liked a pig .	* researcher ( x _ 0 ) ; pig ( x _ 2 ) AND see . agent ( x _ 3 , x _ 0 ) AND see . theme ( x _ 3 , x _ 2 ) AND like . agent ( x _ 4 , Olivia ) AND like . theme ( x _ 4 , x _ 2 )	elips_RNR_gen
Ethan found and Amelia loved Liam .	find . agent ( x _ 0 , Ethan ) AND find . theme ( x _ 0 , Liam ) AND love . agent ( x _ 1 , Amelia ) AND love . theme ( x _ 1 , Liam )	elips_RNR_gen
The mother tossed and Emma helped the squirrel .	* mother ( x _ 0 ) ; * squirrel ( x _ 2 ) ; toss . agent ( x _ 3 , x _ 0 ) AND toss . theme ( x _ 3 , x _ 2 ) AND help . agent ( x _ 4 , Emma ) AND help . theme ( x _ 4 , x _ 2 )	elips_RNR_gen
The bird called and James liked a moose .	* bird ( x _ 0 ) ; moose ( x _ 2 ) AND call . agent ( x _ 3 , x _ 0 ) AND call . theme ( x _ 3 , x _ 2 ) AND like . agent ( x _ 4 , James ) AND like . theme ( x _ 4 , x _ 2 )	elips_RNR_gen
Noah drew and Olivia adored the moose .	* moose ( x _ 1 ) ; draw . agent ( x _ 2 , Noah ) AND draw . theme ( x _ 2 , x _ 1 ) AND adore . agent ( x _ 3 , Olivia ) AND adore . theme ( x _ 3 , x _ 1 )	elips_RNR_gen
Emma liked and Noah stabbed the tenant .	* tenant ( x _ 1 ) ; like . agent ( x _ 2 , Emma ) AND like . theme ( x _ 2 , x _ 1 ) AND stab . agent ( x _ 3 , Noah ) AND stab . theme ( x _ 3 , x _ 1 )	elips_RNR_gen
Emma helped and Victoria adored Olivia .	help . agent ( x _ 0 , Emma ) AND help . theme ( x _ 0 , Olivia ) AND adore . agent ( x _ 1 , Victoria ) AND adore . theme ( x _ 1 , Olivia )	elips_RNR_gen
The baby helped and the girl tolerated Emma .	* baby ( x _ 0 ) ; * girl ( x _ 1 ) ; help . agent ( x _ 2 , x _ 0 ) AND help . theme ( x _ 2 , Emma ) AND tolerate . agent ( x _ 3 , x _ 1 ) AND tolerate . theme ( x _ 3 , Emma )	elips_RNR_gen
A child ate and a boy admired a fish .	child ( x _ 0 ) AND fish ( x _ 3 ) AND boy ( x _ 2 ) AND eat . agent ( x _ 4 , x _ 0 ) AND eat . theme ( x _ 4 , x _ 3 ) AND admire . agent ( x _ 5 , x _ 2 ) AND admire . theme ( x _ 5 , x _ 3 )	elips_RNR_gen
The boy cleaned and the girl helped Liam .	* boy ( x _ 0 ) ; * girl ( x _ 1 ) ; clean . agent ( x _ 2 , x _ 0 ) AND clean . theme ( x _ 2 , Liam ) AND help . agent ( x _ 3 , x _ 1 ) AND help . theme ( x _ 3 , Liam )	elips_RNR_gen
The governor knew and Sophia liked the dealer .	* governor ( x _ 0 ) ; * dealer ( x _ 2 ) ; know . agent ( x _ 3 , x _ 0 ) AND know . theme ( x _ 3 , x _ 2 ) AND like . agent ( x _ 4 , Sophia ) AND like . theme ( x _ 4 , x _ 2 )	elips_RNR_gen
A dog juggled and the boy pierced Emma .	* boy ( x _ 1 ) ; dog ( x _ 0 ) AND juggle . agent ( x _ 2 , x _ 0 ) AND juggle . theme ( x _ 2 , Emma ) AND pierce . agent ( x _ 3 , x _ 1 ) AND pierce . theme ( x _ 3 , Emma )	elips_RNR_gen
Lucas liked and a boy respected Liam .	boy ( x _ 0 ) AND like . agent ( x _ 1 , Lucas ) AND like . theme ( x _ 1 , Liam ) AND respect . agent ( x _ 2 , x _ 0 ) AND respect . theme ( x _ 2 , Liam )	elips_RNR_gen
A child held and Sophia found a judge .	child ( x _ 0 ) AND judge ( x _ 2 ) AND hold . agent ( x _ 3 , x _ 0 ) AND hold . theme ( x _ 3 , x _ 2 ) AND find . agent ( x _ 4 , Sophia ) AND find . theme ( x _ 4 , x _ 2 )	elips_RNR_gen
Harper liked and Liam worshipped the fish .	* fish ( x _ 1 ) ; like . agent ( x _ 2 , Harper ) AND like . theme ( x _ 2 , x _ 1 ) AND worship . agent ( x _ 3 , Liam ) AND worship . theme ( x _ 3 , x _ 1 )	elips_RNR_gen
Emma liked and James touched a consumer .	consumer ( x _ 1 ) AND like . agent ( x _ 2 , Emma ) AND like . theme ( x _ 2 , x _ 1 ) AND touch . agent ( x _ 3 , James ) AND touch . theme ( x _ 3 , x _ 1 )	elips_RNR_gen
The horse liked and the cat liked Emma .	* horse ( x _ 0 ) ; * cat ( x _ 1 ) ; like . agent ( x _ 2 , x _ 0 ) AND like . theme ( x _ 2 , Emma ) AND like . agent ( x _ 3 , x _ 1 ) AND like . theme ( x _ 3 , Emma )	elips_RNR_gen
Emma pierced and a cat liked a pig .	pig ( x _ 2 ) AND cat ( x _ 1 ) AND pierce . agent ( x _ 3 , Emma ) AND pierce . theme ( x _ 3 , x _ 2 ) AND like . agent ( x _ 4 , x _ 1 ) AND like . theme ( x _ 4 , x _ 2 )	elips_RNR_gen
Noah threw and Isabella tossed Charlotte .	throw . agent ( x _ 0 , Noah ) AND throw . theme ( x _ 0 , Charlotte ) AND toss . agent ( x _ 1 , Isabella ) AND toss . theme ( x _ 1 , Charlotte )	elips_RNR_gen
The dog ate and Liam missed a fish .	* dog ( x _ 0 ) ; fish ( x _ 2 ) AND eat . agent ( x _ 3 , x _ 0 ) AND eat . theme ( x _ 3 , x _ 2 ) AND miss . agent ( x _ 4 , Liam ) AND miss . theme ( x _ 4 , x _ 2 )	elips_RNR_gen
A boy ate and the child found Samuel .	* child ( x _ 1 ) ; boy ( x _ 0 ) AND eat . agent ( x _ 2 , x _ 0 ) AND eat . theme ( x _ 2 , Samuel ) AND find . agent ( x _ 3 , x _ 1 ) AND find . theme ( x _ 3 , Samuel )	elips_RNR_gen
A dog painted and Liam found a fish .	dog ( x _ 0 ) AND fish ( x _ 2 ) AND paint . agent ( x _ 3 , x _ 0 ) AND paint . theme ( x _ 3 , x _ 2 ) AND find . agent ( x _ 4 , Liam ) AND find . theme ( x _ 4 , x _ 2 )	elips_RNR_gen
A girl found and the dog discovered Emma .	* dog ( x _ 1 ) ; girl ( x _ 0 ) AND find . agent ( x _ 2 , x _ 0 ) AND find . theme ( x _ 2 , Emma ) AND discover . agent ( x _ 3 , x _ 1 ) AND discover . theme ( x _ 3 , Emma )	elips_RNR_gen
Noah painted and Emma tossed the lamb .	* lamb ( x _ 1 ) ; paint . agent ( x _ 2 , Noah ) AND paint . theme ( x _ 2 , x _ 1 ) AND toss . agent ( x _ 3 , Emma ) AND toss . theme ( x _ 3 , x _ 1 )	elips_RNR_gen
Liam discovered and Madison respected Sophia .	discover . agent ( x _ 0 , Liam ) AND discover . theme ( x _ 0 , Sophia ) AND respect . agent ( x _ 1 , Madison ) AND respect . theme ( x _ 1 , Sophia )	elips_RNR_gen
Emma liked and the girl helped Liam .	* girl ( x _ 0 ) ; like . agent ( x _ 1 , Emma ) AND like . theme ( x _ 1 , Liam ) AND help . agent ( x _ 2 , x _ 0 ) AND help . theme ( x _ 2 , Liam )	elips_RNR_gen
Olivia discovered and a cat admired the soldier .	* soldier ( x _ 2 ) ; cat ( x _ 1 ) AND discover . agent ( x _ 3 , Olivia ) AND discover . theme ( x _ 3 , x _ 2 ) AND admire . agent ( x _ 4 , x _ 1 ) AND admire . theme ( x _ 4 , x _ 2 )	elips_RNR_gen
The pony ate and Olivia pierced the puppy .	* pony ( x _ 0 ) ; * puppy ( x _ 2 ) ; eat . agent ( x _ 3 , x _ 0 ) AND eat . theme ( x _ 3 , x _ 2 ) AND pierce . agent ( x _ 4 , Olivia ) AND pierce . theme ( x _ 4 , x _ 2 )	elips_RNR_gen
The pupil appreciated and the bee found a fish .	* pupil ( x _ 0 ) ; * bee ( x _ 2 ) ; fish ( x _ 3 ) AND appreciate . agent ( x _ 4 , x _ 0 ) AND appreciate . theme ( x _ 4 , x _ 3 ) AND find . agent ( x _ 5 , x _ 2 ) AND find . theme ( x _ 5 , x _ 3 )	elips_RNR_gen
A kid admired and Noah liked a dealer .	kid ( x _ 0 ) AND dealer ( x _ 2 ) AND admire . agent ( x _ 3 , x _ 0 ) AND admire . theme ( x _ 3 , x _ 2 ) AND like . agent ( x _ 4 , Noah ) AND like . theme ( x _ 4 , x _ 2 )	elips_RNR_gen
A girl liked and Liam liked a pony .	girl ( x _ 0 ) AND pony ( x _ 2 ) AND like . agent ( x _ 3 , x _ 0 ) AND like . theme ( x _ 3 , x _ 2 ) AND like . agent ( x _ 4 , Liam ) AND like . theme ( x _ 4 , x _ 2 )	elips_RNR_gen
Ava ate and a boy liked Logan .	boy ( x _ 0 ) AND eat . agent ( x _ 1 , Ava ) AND eat . theme ( x _ 1 , Logan ) AND like . agent ( x _ 2 , x _ 0 ) AND like . theme ( x _ 2 , Logan )	elips_RNR_gen
Liam poked and James adored a pony .	pony ( x _ 1 ) AND poke . agent ( x _ 2 , Liam ) AND poke . theme ( x _ 2 , x _ 1 ) AND adore . agent ( x _ 3 , James ) AND adore . theme ( x _ 3 , x _ 1 )	elips_RNR_gen
The girl ate and Liam valued Emma .	* girl ( x _ 0 ) ; eat . agent ( x _ 1 , x _ 0 ) AND eat . theme ( x _ 1 , Emma ) AND value . agent ( x _ 2 , Liam ) AND value . theme ( x _ 2 , Emma )	elips_RNR_gen
The visitor poked and Ella liked Noah .	* visitor ( x _ 0 ) ; poke . agent ( x _ 1 , x _ 0 ) AND poke . theme ( x _ 1 , Noah ) AND like . agent ( x _ 2 , Ella ) AND like . theme ( x _ 2 , Noah )	elips_RNR_gen
Emma painted and the girl helped Isabella .	* girl ( x _ 0 ) ; paint . agent ( x _ 1 , Emma ) AND paint . theme ( x _ 1 , Isabella ) AND help . agent ( x _ 2 , x _ 0 ) AND help . theme ( x _ 2 , Isabella )	elips_RNR_gen
Liam adored and the girl discovered the citizen .	* citizen ( x _ 2 ) ; * girl ( x _ 1 ) ; adore . agent ( x _ 3 , Liam ) AND adore . theme ( x _ 3 , x _ 2 ) AND discover . agent ( x _ 4 , x _ 1 ) AND discover . theme ( x _ 4 , x _ 2 )	elips_RNR_gen
The girl packed and a dog liked Emma .	* girl ( x _ 0 ) ; dog ( x _ 1 ) AND pack . agent ( x _ 2 , x _ 0 ) AND pack . theme ( x _ 2 , Emma ) AND like . agent ( x _ 3 , x _ 1 ) AND like . theme ( x _ 3 , Emma )	elips_RNR_gen
Riley adored and the guard liked the fish .	* fish ( x _ 2 ) ; * guard ( x _ 1 ) ; adore . agent ( x _ 3 , Riley ) AND adore . theme ( x _ 3 , x _ 2 ) AND like . agent ( x _ 4 , x _ 1 ) AND like . theme ( x _ 4 , x _ 2 )	elips_RNR_gen
Levi respected and the crocodile found the fish .	* fish ( x _ 2 ) ; * crocodile ( x _ 1 ) ; respect . agent ( x _ 3 , Levi ) AND respect . theme ( x _ 3 , x _ 2 ) AND find . agent ( x _ 4 , x _ 1 ) AND find . theme ( x _ 4 , x _ 2 )	elips_RNR_gen
The chicken juggled and a duck touched a sheep .	* chicken ( x _ 0 ) ; sheep ( x _ 3 ) AND duck ( x _ 2 ) AND juggle . agent ( x _ 4 , x _ 0 ) AND juggle . theme ( x _ 4 , x _ 3 ) AND touch . agent ( x _ 5 , x _ 2 ) AND touch . theme ( x _ 5 , x _ 3 )	elips_RNR_gen
A girl heard and Emma liked Chloe .	girl ( x _ 0 ) AND hear . agent ( x _ 1 , x _ 0 ) AND hear . theme ( x _ 1 , Chloe ) AND like . agent ( x _ 2 , Emma ) AND like . theme ( x _ 2 , Chloe )	elips_RNR_gen
A girl ate and Liam liked the driver .	* driver ( x _ 2 ) ; girl ( x _ 0 ) AND eat . agent ( x _ 3 , x _ 0 ) AND eat . theme ( x _ 3 , x _ 2 ) AND like . agent ( x _ 4 , Liam ) AND like . theme ( x _ 4 , x _ 2 )	elips_RNR_gen
Emma admired and Owen liked Noah .	admire . agent ( x _ 0 , Emma ) AND admire . theme ( x _ 0 , Noah ) AND like . agent ( x _ 1 , Owen ) AND like . theme ( x _ 1 , Noah )	elips_RNR_gen
The scientist hunted and Olivia liked Emma .	* scientist ( x _ 0 ) ; hunt . agent ( x _ 1 , x _ 0 ) AND hunt . theme ( x _ 1 , Emma ) AND like . agent ( x _ 2 , Olivia ) AND like . theme ( x _ 2 , Emma )	elips_RNR_gen
Emma ate and the monkey liked Sophia .	* monkey ( x _ 0 ) ; eat . agent ( x _ 1 , Emma ) AND eat . theme ( x _ 1 , Sophia ) AND like . agent ( x _ 2 , x _ 0 ) AND like . theme ( x _ 2 , Sophia )	elips_RNR_gen
Liam ate and a mouse tolerated Olivia .	mouse ( x _ 0 ) AND eat . agent ( x _ 1 , Liam ) AND eat . theme ( x _ 1 , Olivia ) AND tolerate . agent ( x _ 2 , x _ 0 ) AND tolerate . theme ( x _ 2 , Olivia )	elips_RNR_gen
Emma loved and the baby liked the moose .	* moose ( x _ 2 ) ; * baby ( x _ 1 ) ; love . agent ( x _ 3 , Emma ) AND love . theme ( x _ 3 , x _ 2 ) AND like . agent ( x _ 4 , x _ 1 ) AND like . theme ( x _ 4 , x _ 2 )	elips_RNR_gen
Ava touched and the girl liked Olivia .	* girl ( x _ 0 ) ; touch . agent ( x _ 1 , Ava ) AND touch . theme ( x _ 1 , Olivia ) AND like . agent ( x _ 2 , x _ 0 ) AND like . theme ( x _ 2 , Olivia )	elips_RNR_gen
William ate and Emma liked the researcher .	* researcher ( x _ 1 ) ; eat . agent ( x _ 2 , William ) AND eat . theme ( x _ 2 , x _ 1 ) AND like . agent ( x _ 3 , Emma ) AND like . theme ( x _ 3 , x _ 1 )	elips_RNR_gen
Olivia liked and a dog found the moose .	* moose ( x _ 2 ) ; dog ( x _ 1 ) AND like . agent ( x _ 3 , Olivia ) AND like . theme ( x _ 3 , x _ 2 ) AND find . agent ( x _ 4 , x _ 1 ) AND find . theme ( x _ 4 , x _ 2 )	elips_RNR_gen
The host drew and a child admired the moose .	* host ( x _ 0 ) ; * moose ( x _ 3 ) ; child ( x _ 2 ) AND draw . agent ( x _ 4 , x _ 0 ) AND draw . theme ( x _ 4 , x _ 3 ) AND admire . agent ( x _ 5 , x _ 2 ) AND admire . theme ( x _ 5 , x _ 3 )	elips_RNR_gen
A girl packed and Emma helped Ava .	girl ( x _ 0 ) AND pack . agent ( x _ 1 , x _ 0 ) AND pack . theme ( x _ 1 , Ava ) AND help . agent ( x _ 2 , Emma ) AND help . theme ( x _ 2 , Ava )	elips_RNR_gen
Liam ate and Olivia threw Isabella .	eat . agent ( x _ 0 , Liam ) AND eat . theme ( x _ 0 , Isabella ) AND throw . agent ( x _ 1 , Olivia ) AND throw . theme ( x _ 1 , Isabella )	elips_RNR_gen
James liked and Evelyn poked Olivia .	like . agent ( x _ 0 , James ) AND like . theme ( x _ 0 , Olivia ) AND poke . agent ( x _ 1 , Evelyn ) AND poke . theme ( x _ 1 , Olivia )	elips_RNR_gen
The dog found and Evelyn admired Sebastian .	* dog ( x _ 0 ) ; find . agent ( x _ 1 , x _ 0 ) AND find . theme ( x _ 1 , Sebastian ) AND admire . agent ( x _ 2 , Evelyn ) AND admire . theme ( x _ 2 , Sebastian )	elips_RNR_gen
The mouse helped and Olivia helped Charlotte .	* mouse ( x _ 0 ) ; help . agent ( x _ 1 , x _ 0 ) AND help . theme ( x _ 1 , Charlotte ) AND help . agent ( x _ 2 , Olivia ) AND help . theme ( x _ 2 , Charlotte )	elips_RNR_gen
Emma ate and the giraffe liked a pig .	* giraffe ( x _ 1 ) ; pig ( x _ 2 ) AND eat . agent ( x _ 3 , Emma ) AND eat . theme ( x _ 3 , x _ 2 ) AND like . agent ( x _ 4 , x _ 1 ) AND like . theme ( x _ 4 , x _ 2 )	elips_RNR_gen
The girl liked and a captain tossed Emma .	* girl ( x _ 0 ) ; captain ( x _ 1 ) AND like . agent ( x _ 2 , x _ 0 ) AND like . theme ( x _ 2 , Emma ) AND toss . agent ( x _ 3 , x _ 1 ) AND toss . theme ( x _ 3 , Emma )	elips_RNR_gen
A child heard and Sophia respected the lamb .	* lamb ( x _ 2 ) ; child ( x _ 0 ) AND hear . agent ( x _ 3 , x _ 0 ) AND hear . theme ( x _ 3 , x _ 2 ) AND respect . agent ( x _ 4 , Sophia ) AND respect . theme ( x _ 4 , x _ 2 )	elips_RNR_gen
The duck ate and a girl liked Amelia .	* duck ( x _ 0 ) ; girl ( x _ 1 ) AND eat . agent ( x _ 2 , x _ 0 ) AND eat . theme ( x _ 2 , Amelia ) AND like . agent ( x _ 3 , x _ 1 ) AND like . theme ( x _ 3 , Amelia )	elips_RNR_gen
The boy found and Grayson liked Emma .	* boy ( x _ 0 ) ; find . agent ( x _ 1 , x _ 0 ) AND find . theme ( x _ 1 , Emma ) AND like . agent ( x _ 2 , Grayson ) AND like . theme ( x _ 2 , Emma )	elips_RNR_gen
Liam liked and Noah stabbed Emma .	like . agent ( x _ 0 , Liam ) AND like . theme ( x _ 0 , Emma ) AND stab . agent ( x _ 1 , Noah ) AND stab . theme ( x _ 1 , Emma )	elips_RNR_gen
The baby respected and the girl liked the fish .	* baby ( x _ 0 ) ; * fish ( x _ 3 ) ; * girl ( x _ 2 ) ; respect . agent ( x _ 4 , x _ 0 ) AND respect . theme ( x _ 4 , x _ 3 ) AND like . agent ( x _ 5 , x _ 2 ) AND like . theme ( x _ 5 , x _ 3 )	elips_RNR_gen
Emma admired and a boy liked a tenant .	tenant ( x _ 2 ) AND boy ( x _ 1 ) AND admire . agent ( x _ 3 , Emma ) AND admire . theme ( x _ 3 , x _ 2 ) AND like . agent ( x _ 4 , x _ 1 ) AND like . theme ( x _ 4 , x _ 2 )	elips_RNR_gen
The girl painted and Emma adored Noah .	* girl ( x _ 0 ) ; paint . agent ( x _ 1 , x _ 0 ) AND paint . theme ( x _ 1 , Noah ) AND adore . agent ( x _ 2 , Emma ) AND adore . theme ( x _ 2 , Noah )	elips_RNR_gen
A duck sketched and the girl appreciated a moose .	* girl ( x _ 2 ) ; duck ( x _ 0 ) AND moose ( x _ 3 ) AND sketch . agent ( x _ 4 , x _ 0 ) AND sketch . theme ( x _ 4 , x _ 3 ) AND appreciate . agent ( x _ 5 , x _ 2 ) AND appreciate . theme ( x _ 5 , x _ 3 )	elips_RNR_gen
Isabella liked and the child valued Charlotte .	* child ( x _ 0 ) ; like . agent ( x _ 1 , Isabella ) AND like . theme ( x _ 1 , Charlotte ) AND value . agent ( x _ 2 , x _ 0 ) AND value . theme ( x _ 2 , Charlotte )	elips_RNR_gen
The hero ate and Emma liked Ava .	* hero ( x _ 0 ) ; eat . agent ( x _ 1 , x _ 0 ) AND eat . theme ( x _ 1 , Ava ) AND like . agent ( x _ 2 , Emma ) AND like . theme ( x _ 2 , Ava )	elips_RNR_gen
Emma investigated and James respected a moose .	moose ( x _ 1 ) AND investigate . agent ( x _ 2 , Emma ) AND investigate . theme ( x _ 2 , x _ 1 ) AND respect . agent ( x _ 3 , James ) AND respect . theme ( x _ 3 , x _ 1 )	elips_RNR_gen
The dog held and a bird liked a fish .	* dog ( x _ 0 ) ; fish ( x _ 3 ) AND bird ( x _ 2 ) AND hold . agent ( x _ 4 , x _ 0 ) AND hold . theme ( x _ 4 , x _ 3 ) AND like . agent ( x _ 5 , x _ 2 ) AND like . theme ( x _ 5 , x _ 3 )	elips_RNR_gen
Audrey liked and a teacher liked the fish .	* fish ( x _ 2 ) ; teacher ( x _ 1 ) AND like . agent ( x _ 3 , Audrey ) AND like . theme ( x _ 3 , x _ 2 ) AND like . agent ( x _ 4 , x _ 1 ) AND like . theme ( x _ 4 , x _ 2 )	elips_RNR_gen
Amelia liked and a girl appreciated Chloe .	girl ( x _ 0 ) AND like . agent ( x _ 1 , Amelia ) AND like . theme ( x _ 1 , Chloe ) AND appreciate . agent ( x _ 2 , x _ 0 ) AND appreciate . theme ( x _ 2 , Chloe )	elips_RNR_gen
A boy loved and a teacher found James .	boy ( x _ 0 ) AND teacher ( x _ 1 ) AND love . agent ( x _ 2 , x _ 0 ) AND love . theme ( x _ 2 , James ) AND find . agent ( x _ 3 , x _ 1 ) AND find . theme ( x _ 3 , James )	elips_RNR_gen
The teacher threw and the girl liked a puppy .	* teacher ( x _ 0 ) ; * girl ( x _ 2 ) ; puppy ( x _ 3 ) AND throw . agent ( x _ 4 , x _ 0 ) AND throw . theme ( x _ 4 , x _ 3 ) AND like . agent ( x _ 5 , x _ 2 ) AND like . theme ( x _ 5 , x _ 3 )	elips_RNR_gen
A boy cooked and Eleanor liked a human .	boy ( x _ 0 ) AND human ( x _ 2 ) AND cook . agent ( x _ 3 , x _ 0 ) AND cook . theme ( x _ 3 , x _ 2 ) AND like . agent ( x _ 4 , Eleanor ) AND like . theme ( x _ 4 , x _ 2 )	elips_RNR_gen
Emma adored and a cat liked the servant .	* servant ( x _ 2 ) ; cat ( x _ 1 ) AND adore . agent ( x _ 3 , Emma ) AND adore . theme ( x _ 3 , x _ 2 ) AND like . agent ( x _ 4 , x _ 1 ) AND like . theme ( x _ 4 , x _ 2 )	elips_RNR_gen
A girl ate and Emma missed the fish .	* fish ( x _ 2 ) ; girl ( x _ 0 ) AND eat . agent ( x _ 3 , x _ 0 ) AND eat . theme ( x _ 3 , x _ 2 ) AND miss . agent ( x _ 4 , Emma ) AND miss . theme ( x _ 4 , x _ 2 )	elips_RNR_gen
Lucas cooked and Charlotte touched the pig .	* pig ( x _ 1 ) ; cook . agent ( x _ 2 , Lucas ) AND cook . theme ( x _ 2 , x _ 1 ) AND touch . agent ( x _ 3 , Charlotte ) AND touch . theme ( x _ 3 , x _ 1 )	elips_RNR_gen
The human ate and Benjamin loved Emma .	* human ( x _ 0 ) ; eat . agent ( x _ 1 , x _ 0 ) AND eat . theme ( x _ 1 , Emma ) AND love . agent ( x _ 2 , Benjamin ) AND love . theme ( x _ 2 , Emma )	elips_RNR_gen
Emma hunted and a lion liked the tenant .	* tenant ( x _ 2 ) ; lion ( x _ 1 ) AND hunt . agent ( x _ 3 , Emma ) AND hunt . theme ( x _ 3 , x _ 2 ) AND like . agent ( x _ 4 , x _ 1 ) AND like . theme ( x _ 4 , x _ 2 )	elips_RNR_gen
A girl adored and Oliver liked the sheep .	* sheep ( x _ 2 ) ; girl ( x _ 0 ) AND adore . agent ( x _ 3 , x _ 0 ) AND adore . theme ( x _ 3 , x _ 2 ) AND like . agent ( x _ 4 , Oliver ) AND like . theme ( x _ 4 , x _ 2 )	elips_RNR_gen
A girl held and Emma adored a politician .	girl ( x _ 0 ) AND politician ( x _ 2 ) AND hold . agent ( x _ 3 , x _ 0 ) AND hold . theme ( x _ 3 , x _ 2 ) AND adore . agent ( x _ 4 , Emma ) AND adore . theme ( x _ 4 , x _ 2 )	elips_RNR_gen
Olivia painted and James respected the fish .	* fish ( x _ 1 ) ; paint . agent ( x _ 2 , Olivia ) AND paint . theme ( x _ 2 , x _ 1 ) AND respect . agent ( x _ 3 , James ) AND respect . theme ( x _ 3 , x _ 1 )	elips_RNR_gen
A cat liked and Isabella missed Daniel .	cat ( x _ 0 ) AND like . agent ( x _ 1 , x _ 0 ) AND like . theme ( x _ 1 , Daniel ) AND miss . agent ( x _ 2 , Isabella ) AND miss . theme ( x _ 2 , Daniel )	elips_RNR_gen
A bear cooked and the boy liked a fish .	* boy ( x _ 2 ) ; bear ( x _ 0 ) AND fish ( x _ 3 ) AND cook . agent ( x _ 4 , x _ 0 ) AND cook . theme ( x _ 4 , x _ 3 ) AND like . agent ( x _ 5 , x _ 2 ) AND like . theme ( x _ 5 , x _ 3 )	elips_RNR_gen
Emma liked and Liam helped the fish .	* fish ( x _ 1 ) ; like . agent ( x _ 2 , Emma ) AND like . theme ( x _ 2 , x _ 1 ) AND help . agent ( x _ 3 , Liam ) AND help . theme ( x _ 3 , x _ 1 )	elips_RNR_gen
Emma liked and Aiden helped a resident .	resident ( x _ 1 ) AND like . agent ( x _ 2 , Emma ) AND like . theme ( x _ 2 , x _ 1 ) AND help . agent ( x _ 3 , Aiden ) AND help . theme ( x _ 3 , x _ 1 )	elips_RNR_gen
A girl cleaned and Isabella liked Emma .	girl ( x _ 0 ) AND clean . agent ( x _ 1 , x _ 0 ) AND clean . theme ( x _ 1 , Emma ) AND like . agent ( x _ 2 , Isabella ) AND like . theme ( x _ 2 , Emma )	elips_RNR_gen
William observed and Ava liked a pony .	pony ( x _ 1 ) AND observe . agent ( x _ 2 , William ) AND observe . theme ( x _ 2 , x _ 1 ) AND like . agent ( x _ 3 , Ava ) AND like . theme ( x _ 3 , x _ 1 )	elips_RNR_gen
Emma liked and a girl poked Olivia .	girl ( x _ 0 ) AND like . agent ( x _ 1 , Emma ) AND like . theme ( x _ 1 , Olivia ) AND poke . agent ( x _ 2 , x _ 0 ) AND poke . theme ( x _ 2 , Olivia )	elips_RNR_gen
The fly nursed and Isabella liked Amelia .	* fly ( x _ 0 ) ; nurse . agent ( x _ 1 , x _ 0 ) AND nurse . theme ( x _ 1 , Amelia ) AND like . agent ( x _ 2 , Isabella ) AND like . theme ( x _ 2 , Amelia )	elips_RNR_gen
Liam ate and Lucas missed Noah .	eat . agent ( x _ 0 , Liam ) AND eat . theme ( x _ 0 , Noah ) AND miss . agent ( x _ 1 , Lucas ) AND miss . theme ( x _ 1 , Noah )	elips_RNR_gen
The girl loved and a lion liked the moose .	* girl ( x _ 0 ) ; * moose ( x _ 3 ) ; lion ( x _ 2 ) AND love . agent ( x _ 4 , x _ 0 ) AND love . theme ( x _ 4 , x _ 3 ) AND like . agent ( x _ 5 , x _ 2 ) AND like . theme ( x _ 5 , x _ 3 )	elips_RNR_gen
A citizen ate and the tenant liked Liam .	* tenant ( x _ 1 ) ; citizen ( x _ 0 ) AND eat . agent ( x _ 2 , x _ 0 ) AND eat . theme ( x _ 2 , Liam ) AND like . agent ( x _ 3 , x _ 1 ) AND like . theme ( x _ 3 , Liam )	elips_RNR_gen
A girl liked and the baby liked Isabella .	* baby ( x _ 1 ) ; girl ( x _ 0 ) AND like . agent ( x _ 2 , x _ 0 ) AND like . theme ( x _ 2 , Isabella ) AND like . agent ( x _ 3 , x _ 1 ) AND like . theme ( x _ 3 , Isabella )	elips_RNR_gen
Hazel cooked and the girl found a fish .	* girl ( x _ 1 ) ; fish ( x _ 2 ) AND cook . agent ( x _ 3 , Hazel ) AND cook . theme ( x _ 3 , x _ 2 ) AND find . agent ( x _ 4 , x _ 1 ) AND find . theme ( x _ 4 , x _ 2 )	elips_RNR_gen
Noah cleaned and Liam liked the fish .	* fish ( x _ 1 ) ; clean . agent ( x _ 2 , Noah ) AND clean . theme ( x _ 2 , x _ 1 ) AND like . agent ( x _ 3 , Liam ) AND like . theme ( x _ 3 , x _ 1 )	elips_RNR_gen
The girl drew and a dog liked Emma .	* girl ( x _ 0 ) ; dog ( x _ 1 ) AND draw . agent ( x _ 2 , x _ 0 ) AND draw . theme ( x _ 2 , Emma ) AND like . agent ( x _ 3 , x _ 1 ) AND like . theme ( x _ 3 , Emma )	elips_RNR_gen
Emma helped and a girl pierced the fish .	* fish ( x _ 2 ) ; girl ( x _ 1 ) AND help . agent ( x _ 3 , Emma ) AND help . theme ( x _ 3 , x _ 2 ) AND pierce . agent ( x _ 4 , x _ 1 ) AND pierce . theme ( x _ 4 , x _ 2 )	elips_RNR_gen
Emma liked and a resident adored Liam .	resident ( x _ 0 ) AND like . agent ( x _ 1 , Emma ) AND like . theme ( x _ 1 , Liam ) AND adore . agent ( x _ 2 , x _ 0 ) AND adore . theme ( x _ 2 , Liam )	elips_RNR_gen
Ava missed and Emma liked the puppy .	* puppy ( x _ 1 ) ; miss . agent ( x _ 2 , Ava ) AND miss . theme ( x _ 2 , x _ 1 ) AND like . agent ( x _ 3 , Emma ) AND like . theme ( x _ 3 , x _ 1 )	elips_RNR_gen
Emma cleaned and Ryan liked the researcher .	* researcher ( x _ 1 ) ; clean . agent ( x _ 2 , Emma ) AND clean . theme ( x _ 2 , x _ 1 ) AND like . agent ( x _ 3 , Ryan ) AND like . theme ( x _ 3 , x _ 1 )	elips_RNR_gen
William valued and Emma adored Aiden .	value . agent ( x _ 0 , William ) AND value . theme ( x _ 0 , Aiden ) AND adore . agent ( x _ 1 , Emma ) AND adore . theme ( x _ 1 , Aiden )	elips_RNR_gen
The girl dusted and Nathan liked a fish .	* girl ( x _ 0 ) ; fish ( x _ 2 ) AND dust . agent ( x _ 3 , x _ 0 ) AND dust . theme ( x _ 3 , x _ 2 ) AND like . agent ( x _ 4 , Nathan ) AND like . theme ( x _ 4 , x _ 2 )	elips_RNR_gen
The judge valued and Mason respected Noah .	* judge ( x _ 0 ) ; value . agent ( x _ 1 , x _ 0 ) AND value . theme ( x _ 1 , Noah ) AND respect . agent ( x _ 2 , Mason ) AND respect . theme ( x _ 2 , Noah )	elips_RNR_gen
The hen helped and a girl liked the fish .	* hen ( x _ 0 ) ; * fish ( x _ 3 ) ; girl ( x _ 2 ) AND help . agent ( x _ 4 , x _ 0 ) AND help . theme ( x _ 4 , x _ 3 ) AND like . agent ( x _ 5 , x _ 2 ) AND like . theme ( x _ 5 , x _ 3 )	elips_RNR_gen
The teacher ate and Claire tossed the farmer .	* teacher ( x _ 0 ) ; * farmer ( x _ 2 ) ; eat . agent ( x _ 3 , x _ 0 ) AND eat . theme ( x _ 3 , x _ 2 ) AND toss . agent ( x _ 4 , Claire ) AND toss . theme ( x _ 4 , x _ 2 )	elips_RNR_gen
The citizen drew and William loved the sheep .	* citizen ( x _ 0 ) ; * sheep ( x _ 2 ) ; draw . agent ( x _ 3 , x _ 0 ) AND draw . theme ( x _ 3 , x _ 2 ) AND love . agent ( x _ 4 , William ) AND love . theme ( x _ 4 , x _ 2 )	elips_RNR_gen
The hero liked and a girl liked the prince .	* hero ( x _ 0 ) ; * prince ( x _ 3 ) ; girl ( x _ 2 ) AND like . agent ( x _ 4 , x _ 0 ) AND like . theme ( x _ 4 , x _ 3 ) AND like . agent ( x _ 5 , x _ 2 ) AND like . theme ( x _ 5 , x _ 3 )	elips_RNR_gen
James examined and Skylar stabbed Emma .	examine . agent ( x _ 0 , James ) AND examine . theme ( x _ 0 , Emma ) AND stab . agent ( x _ 1 , Skylar ) AND stab . theme ( x _ 1 , Emma )	elips_RNR_gen
The girl helped and Emma missed the pig .	* girl ( x _ 0 ) ; * pig ( x _ 2 ) ; help . agent ( x _ 3 , x _ 0 ) AND help . theme ( x _ 3 , x _ 2 ) AND miss . agent ( x _ 4 , Emma ) AND miss . theme ( x _ 4 , x _ 2 )	elips_RNR_gen
A child helped and Ava admired Emma .	child ( x _ 0 ) AND help . agent ( x _ 1 , x _ 0 ) AND help . theme ( x _ 1 , Emma ) AND admire . agent ( x _ 2 , Ava ) AND admire . theme ( x _ 2 , Emma )	elips_RNR_gen
William helped and the boy helped a pig .	* boy ( x _ 1 ) ; pig ( x _ 2 ) AND help . agent ( x _ 3 , William ) AND help . theme ( x _ 3 , x _ 2 ) AND help . agent ( x _ 4 , x _ 1 ) AND help . theme ( x _ 4 , x _ 2 )	elips_RNR_gen
Sebastian drew and a boy appreciated Emma .	boy ( x _ 0 ) AND draw . agent ( x _ 1 , Sebastian ) AND draw . theme ( x _ 1 , Emma ) AND appreciate . agent ( x _ 2 , x _ 0 ) AND appreciate . theme ( x _ 2 , Emma )	elips_RNR_gen
A girl studied and the dog liked Emma .	* dog ( x _ 1 ) ; girl ( x _ 0 ) AND study . agent ( x _ 2 , x _ 0 ) AND study . theme ( x _ 2 , Emma ) AND like . agent ( x _ 3 , x _ 1 ) AND like . theme ( x _ 3 , Emma )	elips_RNR_gen
The teacher worshipped and a child valued a fish .	* teacher ( x _ 0 ) ; fish ( x _ 3 ) AND child ( x _ 2 ) AND worship . agent ( x _ 4 , x _ 0 ) AND worship . theme ( x _ 4 , x _ 3 ) AND value . agent ( x _ 5 , x _ 2 ) AND value . theme ( x _ 5 , x _ 3 )	elips_RNR_gen
The boy liked and Emma liked a researcher .	* boy ( x _ 0 ) ; researcher ( x _ 2 ) AND like . agent ( x _ 3 , x _ 0 ) AND like . theme ( x _ 3 , x _ 2 ) AND like . agent ( x _ 4 , Emma ) AND like . theme ( x _ 4 , x _ 2 )	elips_RNR_gen
A cat painted and the chicken found a fish .	* chicken ( x _ 2 ) ; cat ( x _ 0 ) AND fish ( x _ 3 ) AND paint . agent ( x _ 4 , x _ 0 ) AND paint . theme ( x _ 4 , x _ 3 ) AND find . agent ( x _ 5 , x _ 2 ) AND find . theme ( x _ 5 , x _ 3 )	elips_RNR_gen
Sofia drew and the teacher helped a fish .	* teacher ( x _ 1 ) ; fish ( x _ 2 ) AND draw . agent ( x _ 3 , Sofia ) AND draw . theme ( x _ 3 , x _ 2 ) AND help . agent ( x _ 4 , x _ 1 ) AND help . theme ( x _ 4 , x _ 2 )	elips_RNR_gen
Liam poked and the farmer tossed Noah .	* farmer ( x _ 0 ) ; poke . agent ( x _ 1 , Liam ) AND poke . theme ( x _ 1 , Noah ) AND toss . agent ( x _ 2 , x _ 0 ) AND toss . theme ( x _ 2 , Noah )	elips_RNR_gen
The girl knew and Ava respected Aria .	* girl ( x _ 0 ) ; know . agent ( x _ 1 , x _ 0 ) AND know . theme ( x _ 1 , Aria ) AND respect . agent ( x _ 2 , Ava ) AND respect . theme ( x _ 2 , Aria )	elips_RNR_gen
Noah ate and the girl missed Emma .	* girl ( x _ 0 ) ; eat . agent ( x _ 1 , Noah ) AND eat . theme ( x _ 1 , Emma ) AND miss . agent ( x _ 2 , x _ 0 ) AND miss . theme ( x _ 2 , Emma )	elips_RNR_gen
Emma ate and a bird missed a fish .	fish ( x _ 2 ) AND bird ( x _ 1 ) AND eat . agent ( x _ 3 , Emma ) AND eat . theme ( x _ 3 , x _ 2 ) AND miss . agent ( x _ 4 , x _ 1 ) AND miss . theme ( x _ 4 , x _ 2 )	elips_RNR_gen
Ava poked and the girl threw Emma .	* girl ( x _ 0 ) ; poke . agent ( x _ 1 , Ava ) AND poke . theme ( x _ 1 , Emma ) AND throw . agent ( x _ 2 , x _ 0 ) AND throw . theme ( x _ 2 , Emma )	elips_RNR_gen
Liam liked and the child found the poet .	* poet ( x _ 2 ) ; * child ( x _ 1 ) ; like . agent ( x _ 3 , Liam ) AND like . theme ( x _ 3 , x _ 2 ) AND find . agent ( x _ 4 , x _ 1 ) AND find . theme ( x _ 4 , x _ 2 )	elips_RNR_gen
Emma liked and a governor poked Liam .	governor ( x _ 0 ) AND like . agent ( x _ 1 , Emma ) AND like . theme ( x _ 1 , Liam ) AND poke . agent ( x _ 2 , x _ 0 ) AND poke . theme ( x _ 2 , Liam )	elips_RNR_gen
The driver liked and the girl helped Benjamin .	* driver ( x _ 0 ) ; * girl ( x _ 1 ) ; like . agent ( x _ 2 , x _ 0 ) AND like . theme ( x _ 2 , Benjamin ) AND help . agent ( x _ 3 , x _ 1 ) AND help . theme ( x _ 3 , Benjamin )	elips_RNR_gen
Henry ate and the monster found Ava .	* monster ( x _ 0 ) ; eat . agent ( x _ 1 , Henry ) AND eat . theme ( x _ 1 , Ava ) AND find . agent ( x _ 2 , x _ 0 ) AND find . theme ( x _ 2 , Ava )	elips_RNR_gen
Olivia painted and a girl appreciated the moose .	* moose ( x _ 2 ) ; girl ( x _ 1 ) AND paint . agent ( x _ 3 , Olivia ) AND paint . theme ( x _ 3 , x _ 2 ) AND appreciate . agent ( x _ 4 , x _ 1 ) AND appreciate . theme ( x _ 4 , x _ 2 )	elips_RNR_gen
The girl found and the boy liked Emma .	* girl ( x _ 0 ) ; * boy ( x _ 1 ) ; find . agent ( x _ 2 , x _ 0 ) AND find . theme ( x _ 2 , Emma ) AND like . agent ( x _ 3 , x _ 1 ) AND like . theme ( x _ 3 , Emma )	elips_RNR_gen
A baby discovered and a girl touched a pig .	baby ( x _ 0 ) AND pig ( x _ 3 ) AND girl ( x _ 2 ) AND discover . agent ( x _ 4 , x _ 0 ) AND discover . theme ( x _ 4 , x _ 3 ) AND touch . agent ( x _ 5 , x _ 2 ) AND touch . theme ( x _ 5 , x _ 3 )	elips_RNR_gen
A girl ate and a boy loved Ava .	girl ( x _ 0 ) AND boy ( x _ 1 ) AND eat . agent ( x _ 2 , x _ 0 ) AND eat . theme ( x _ 2 , Ava ) AND love . agent ( x _ 3 , x _ 1 ) AND love . theme ( x _ 3 , Ava )	elips_RNR_gen
Olivia valued and Noah worshipped Isabella .	value . agent ( x _ 0 , Olivia ) AND value . theme ( x _ 0 , Isabella ) AND worship . agent ( x _ 1 , Noah ) AND worship . theme ( x _ 1 , Isabella )	elips_RNR_gen
A boy cooked and the baby helped a pony .	* baby ( x _ 2 ) ; boy ( x _ 0 ) AND pony ( x _ 3 ) AND cook . agent ( x _ 4 , x _ 0 ) AND cook . theme ( x _ 4 , x _ 3 ) AND help . agent ( x _ 5 , x _ 2 ) AND help . theme ( x _ 5 , x _ 3 )	elips_RNR_gen
The girl packed and Emma helped the fish .	* girl ( x _ 0 ) ; * fish ( x _ 2 ) ; pack . agent ( x _ 3 , x _ 0 ) AND pack . theme ( x _ 3 , x _ 2 ) AND help . agent ( x _ 4 , Emma ) AND help . theme ( x _ 4 , x _ 2 )	elips_RNR_gen
The tenant painted and the bear liked Emily .	* tenant ( x _ 0 ) ; * bear ( x _ 1 ) ; paint . agent ( x _ 2 , x _ 0 ) AND paint . theme ( x _ 2 , Emily ) AND like . agent ( x _ 3 , x _ 1 ) AND like . theme ( x _ 3 , Emily )	elips_RNR_gen
A boy studied and the dog appreciated Emma .	* dog ( x _ 1 ) ; boy ( x _ 0 ) AND study . agent ( x _ 2 , x _ 0 ) AND study . theme ( x _ 2 , Emma ) AND appreciate . agent ( x _ 3 , x _ 1 ) AND appreciate . theme ( x _ 3 , Emma )	elips_RNR_gen
Emma missed and a girl poked Liam .	girl ( x _ 0 ) AND miss . agent ( x _ 1 , Emma ) AND miss . theme ( x _ 1 , Liam ) AND poke . agent ( x _ 2 , x _ 0 ) AND poke . theme ( x _ 2 , Liam )	elips_RNR_gen
Olivia helped and Aria found the fish .	* fish ( x _ 1 ) ; help . agent ( x _ 2 , Olivia ) AND help . theme ( x _ 2 , x _ 1 ) AND find . agent ( x _ 3 , Aria ) AND find . theme ( x _ 3 , x _ 1 )	elips_RNR_gen
The girl liked and Ella tolerated Emma .	* girl ( x _ 0 ) ; like . agent ( x _ 1 , x _ 0 ) AND like . theme ( x _ 1 , Emma ) AND tolerate . agent ( x _ 2 , Ella ) AND tolerate . theme ( x _ 2 , Emma )	elips_RNR_gen
William helped and Liam poked Emma .	help . agent ( x _ 0 , William ) AND help . theme ( x _ 0 , Emma ) AND poke . agent ( x _ 1 , Liam ) AND poke . theme ( x _ 1 , Emma )	elips_RNR_gen
The cat examined and Emma found Jackson .	* cat ( x _ 0 ) ; examine . agent ( x _ 1 , x _ 0 ) AND examine . theme ( x _ 1 , Jackson ) AND find . agent ( x _ 2 , Emma ) AND find . theme ( x _ 2 , Jackson )	elips_RNR_gen
A boy cleaned and a dog appreciated a pony .	boy ( x _ 0 ) AND pony ( x _ 3 ) AND dog ( x _ 2 ) AND clean . agent ( x _ 4 , x _ 0 ) AND clean . theme ( x _ 4 , x _ 3 ) AND appreciate . agent ( x _ 5 , x _ 2 ) AND appreciate . theme ( x _ 5 , x _ 3 )	elips_RNR_gen
The governor heard and Liam liked a fish .	* governor ( x _ 0 ) ; fish ( x _ 2 ) AND hear . agent ( x _ 3 , x _ 0 ) AND hear . theme ( x _ 3 , x _ 2 ) AND like . agent ( x _ 4 , Liam ) AND like . theme ( x _ 4 , x _ 2 )	elips_RNR_gen
A professor found and a teacher missed a moose .	professor ( x _ 0 ) AND moose ( x _ 3 ) AND teacher ( x _ 2 ) AND find . agent ( x _ 4 , x _ 0 ) AND find . theme ( x _ 4 , x _ 3 ) AND miss . agent ( x _ 5 , x _ 2 ) AND miss . theme ( x _ 5 , x _ 3 )	elips_RNR_gen
Emma studied and a girl helped Liam .	girl ( x _ 0 ) AND study . agent ( x _ 1 , Emma ) AND study . theme ( x _ 1 , Liam ) AND help . agent ( x _ 2 , x _ 0 ) AND help . theme ( x _ 2 , Liam )	elips_RNR_gen
Noah liked and a girl liked a moose .	moose ( x _ 2 ) AND girl ( x _ 1 ) AND like . agent ( x _ 3 , Noah ) AND like . theme ( x _ 3 , x _ 2 ) AND like . agent ( x _ 4 , x _ 1 ) AND like . theme ( x _ 4 , x _ 2 )	elips_RNR_gen
The girl sketched and the child respected a fish .	* girl ( x _ 0 ) ; * child ( x _ 2 ) ; fish ( x _ 3 ) AND sketch . agent ( x _ 4 , x _ 0 ) AND sketch . theme ( x _ 4 , x _ 3 ) AND respect . agent ( x _ 5 , x _ 2 ) AND respect . theme ( x _ 5 , x _ 3 )	elips_RNR_gen
Henry pierced and a bird threw a sheep .	sheep ( x _ 2 ) AND bird ( x _ 1 ) AND pierce . agent ( x _ 3 , Henry ) AND pierce . theme ( x _ 3 , x _ 2 ) AND throw . agent ( x _ 4 , x _ 1 ) AND throw . theme ( x _ 4 , x _ 2 )	elips_RNR_gen
David ate and a boy helped the prince .	* prince ( x _ 2 ) ; boy ( x _ 1 ) AND eat . agent ( x _ 3 , David ) AND eat . theme ( x _ 3 , x _ 2 ) AND help . agent ( x _ 4 , x _ 1 ) AND help . theme ( x _ 4 , x _ 2 )	elips_RNR_gen
A citizen hunted and the captain discovered Emma .	* captain ( x _ 1 ) ; citizen ( x _ 0 ) AND hunt . agent ( x _ 2 , x _ 0 ) AND hunt . theme ( x _ 2 , Emma ) AND discover . agent ( x _ 3 , x _ 1 ) AND discover . theme ( x _ 3 , Emma )	elips_RNR_gen
Stella liked and a girl held Aria .	girl ( x _ 0 ) AND like . agent ( x _ 1 , Stella ) AND like . theme ( x _ 1 , Aria ) AND hold . agent ( x _ 2 , x _ 0 ) AND hold . theme ( x _ 2 , Aria )	elips_RNR_gen
The scientist ate and a boy liked the citizen .	* scientist ( x _ 0 ) ; * citizen ( x _ 3 ) ; boy ( x _ 2 ) AND eat . agent ( x _ 4 , x _ 0 ) AND eat . theme ( x _ 4 , x _ 3 ) AND like . agent ( x _ 5 , x _ 2 ) AND like . theme ( x _ 5 , x _ 3 )	elips_RNR_gen
Ella found and Noah missed a moose .	moose ( x _ 1 ) AND find . agent ( x _ 2 , Ella ) AND find . theme ( x _ 2 , x _ 1 ) AND miss . agent ( x _ 3 , Noah ) AND miss . theme ( x _ 3 , x _ 1 )	elips_RNR_gen
Skylar admired and Amelia pierced the fish .	* fish ( x _ 1 ) ; admire . agent ( x _ 2 , Skylar ) AND admire . theme ( x _ 2 , x _ 1 ) AND pierce . agent ( x _ 3 , Amelia ) AND pierce . theme ( x _ 3 , x _ 1 )	elips_RNR_gen
Chloe studied and the zebra liked Emma .	* zebra ( x _ 0 ) ; study . agent ( x _ 1 , Chloe ) AND study . theme ( x _ 1 , Emma ) AND like . agent ( x _ 2 , x _ 0 ) AND like . theme ( x _ 2 , Emma )	elips_RNR_gen
Olivia cleaned and Emma threw the driver .	* driver ( x _ 1 ) ; clean . agent ( x _ 2 , Olivia ) AND clean . theme ( x _ 2 , x _ 1 ) AND throw . agent ( x _ 3 , Emma ) AND throw . theme ( x _ 3 , x _ 1 )	elips_RNR_gen
A passenger ate and Isabella found Elijah .	passenger ( x _ 0 ) AND eat . agent ( x _ 1 , x _ 0 ) AND eat . theme ( x _ 1 , Elijah ) AND find . agent ( x _ 2 , Isabella ) AND find . theme ( x _ 2 , Elijah )	elips_RNR_gen
A girl ate and Emma found the producer .	* producer ( x _ 2 ) ; girl ( x _ 0 ) AND eat . agent ( x _ 3 , x _ 0 ) AND eat . theme ( x _ 3 , x _ 2 ) AND find . agent ( x _ 4 , Emma ) AND find . theme ( x _ 4 , x _ 2 )	elips_RNR_gen
James observed and Emma helped Scarlett .	observe . agent ( x _ 0 , James ) AND observe . theme ( x _ 0 , Scarlett ) AND help . agent ( x _ 1 , Emma ) AND help . theme ( x _ 1 , Scarlett )	elips_RNR_gen
Emma cooked and a cat found the turtle .	* turtle ( x _ 2 ) ; cat ( x _ 1 ) AND cook . agent ( x _ 3 , Emma ) AND cook . theme ( x _ 3 , x _ 2 ) AND find . agent ( x _ 4 , x _ 1 ) AND find . theme ( x _ 4 , x _ 2 )	elips_RNR_gen
The squirrel tolerated and the child loved the moose .	* squirrel ( x _ 0 ) ; * moose ( x _ 3 ) ; * child ( x _ 2 ) ; tolerate . agent ( x _ 4 , x _ 0 ) AND tolerate . theme ( x _ 4 , x _ 3 ) AND love . agent ( x _ 5 , x _ 2 ) AND love . theme ( x _ 5 , x _ 3 )	elips_RNR_gen
Jackson helped and a cat pierced the turkey .	* turkey ( x _ 2 ) ; cat ( x _ 1 ) AND help . agent ( x _ 3 , Jackson ) AND help . theme ( x _ 3 , x _ 2 ) AND pierce . agent ( x _ 4 , x _ 1 ) AND pierce . theme ( x _ 4 , x _ 2 )	elips_RNR_gen
Emma packed and a girl admired the fish .	* fish ( x _ 2 ) ; girl ( x _ 1 ) AND pack . agent ( x _ 3 , Emma ) AND pack . theme ( x _ 3 , x _ 2 ) AND admire . agent ( x _ 4 , x _ 1 ) AND admire . theme ( x _ 4 , x _ 2 )	elips_RNR_gen
Isaac juggled and a boy held a puppy .	puppy ( x _ 2 ) AND boy ( x _ 1 ) AND juggle . agent ( x _ 3 , Isaac ) AND juggle . theme ( x _ 3 , x _ 2 ) AND hold . agent ( x _ 4 , x _ 1 ) AND hold . theme ( x _ 4 , x _ 2 )	elips_RNR_gen
Noah painted and the girl tolerated the fish .	* fish ( x _ 2 ) ; * girl ( x _ 1 ) ; paint . agent ( x _ 3 , Noah ) AND paint . theme ( x _ 3 , x _ 2 ) AND tolerate . agent ( x _ 4 , x _ 1 ) AND tolerate . theme ( x _ 4 , x _ 2 )	elips_RNR_gen
Mia respected and Emma valued the moose .	* moose ( x _ 1 ) ; respect . agent ( x _ 2 , Mia ) AND respect . theme ( x _ 2 , x _ 1 ) AND value . agent ( x _ 3 , Emma ) AND value . theme ( x _ 3 , x _ 1 )	elips_RNR_gen
The giraffe examined and Ava respected Isabella .	* giraffe ( x _ 0 ) ; examine . agent ( x _ 1 , x _ 0 ) AND examine . theme ( x _ 1 , Isabella ) AND respect . agent ( x _ 2 , Ava ) AND respect . theme ( x _ 2 , Isabella )	elips_RNR_gen
A journalist studied and Ava appreciated the moose .	* moose ( x _ 2 ) ; journalist ( x _ 0 ) AND study . agent ( x _ 3 , x _ 0 ) AND study . theme ( x _ 3 , x _ 2 ) AND appreciate . agent ( x _ 4 , Ava ) AND appreciate . theme ( x _ 4 , x _ 2 )	elips_RNR_gen
The girl held and the wolf tossed the lamb .	* girl ( x _ 0 ) ; * lamb ( x _ 3 ) ; * wolf ( x _ 2 ) ; hold . agent ( x _ 4 , x _ 0 ) AND hold . theme ( x _ 4 , x _ 3 ) AND toss . agent ( x _ 5 , x _ 2 ) AND toss . theme ( x _ 5 , x _ 3 )	elips_RNR_gen
Leah helped and Michael appreciated the pig .	* pig ( x _ 1 ) ; help . agent ( x _ 2 , Leah ) AND help . theme ( x _ 2 , x _ 1 ) AND appreciate . agent ( x _ 3 , Michael ) AND appreciate . theme ( x _ 3 , x _ 1 )	elips_RNR_gen
Olivia studied and the girl liked Emma .	* girl ( x _ 0 ) ; study . agent ( x _ 1 , Olivia ) AND study . theme ( x _ 1 , Emma ) AND like . agent ( x _ 2 , x _ 0 ) AND like . theme ( x _ 2 , Emma )	elips_RNR_gen
A bear liked and Isabella found a tourist .	bear ( x _ 0 ) AND tourist ( x _ 2 ) AND like . agent ( x _ 3 , x _ 0 ) AND like . theme ( x _ 3 , x _ 2 ) AND find . agent ( x _ 4 , Isabella ) AND find . theme ( x _ 4 , x _ 2 )	elips_RNR_gen
The boy heard and a wolf respected a fish .	* boy ( x _ 0 ) ; fish ( x _ 3 ) AND wolf ( x _ 2 ) AND hear . agent ( x _ 4 , x _ 0 ) AND hear . theme ( x _ 4 , x _ 3 ) AND respect . agent ( x _ 5 , x _ 2 ) AND respect . theme ( x _ 5 , x _ 3 )	elips_RNR_gen
The princess liked and a girl valued Olivia .	* princess ( x _ 0 ) ; girl ( x _ 1 ) AND like . agent ( x _ 2 , x _ 0 ) AND like . theme ( x _ 2 , Olivia ) AND value . agent ( x _ 3 , x _ 1 ) AND value . theme ( x _ 3 , Olivia )	elips_RNR_gen
A cat ate and Ella respected the passenger .	* passenger ( x _ 2 ) ; cat ( x _ 0 ) AND eat . agent ( x _ 3 , x _ 0 ) AND eat . theme ( x _ 3 , x _ 2 ) AND respect . agent ( x _ 4 , Ella ) AND respect . theme ( x _ 4 , x _ 2 )	elips_RNR_gen
Emma liked and a cat worshipped Olivia .	cat ( x _ 0 ) AND like . agent ( x _ 1 , Emma ) AND like . theme ( x _ 1 , Olivia ) AND worship . agent ( x _ 2 , x _ 0 ) AND worship . theme ( x _ 2 , Olivia )	elips_RNR_gen
A cat discovered and Owen stabbed James .	cat ( x _ 0 ) AND discover . agent ( x _ 1 , x _ 0 ) AND discover . theme ( x _ 1 , James ) AND stab . agent ( x _ 2 , Owen ) AND stab . theme ( x _ 2 , James )	elips_RNR_gen
Emma liked and the passenger liked the dealer .	* dealer ( x _ 2 ) ; * passenger ( x _ 1 ) ; like . agent ( x _ 3 , Emma ) AND like . theme ( x _ 3 , x _ 2 ) AND like . agent ( x _ 4 , x _ 1 ) AND like . theme ( x _ 4 , x _ 2 )	elips_RNR_gen
Aurora ate and Liam appreciated Emma .	eat . agent ( x _ 0 , Aurora ) AND eat . theme ( x _ 0 , Emma ) AND appreciate . agent ( x _ 1 , Liam ) AND appreciate . theme ( x _ 1 , Emma )	elips_RNR_gen
Olivia threw and a girl helped the pig .	* pig ( x _ 2 ) ; girl ( x _ 1 ) AND throw . agent ( x _ 3 , Olivia ) AND throw . theme ( x _ 3 , x _ 2 ) AND help . agent ( x _ 4 , x _ 1 ) AND help . theme ( x _ 4 , x _ 2 )	elips_RNR_gen
Emma ate and Lucas liked Abigail .	eat . agent ( x _ 0 , Emma ) AND eat . theme ( x _ 0 , Abigail ) AND like . agent ( x _ 1 , Lucas ) AND like . theme ( x _ 1 , Abigail )	elips_RNR_gen
A child cleaned and Oliver helped the chief .	* chief ( x _ 2 ) ; child ( x _ 0 ) AND clean . agent ( x _ 3 , x _ 0 ) AND clean . theme ( x _ 3 , x _ 2 ) AND help . agent ( x _ 4 , Oliver ) AND help . theme ( x _ 4 , x _ 2 )	elips_RNR_gen
The girl ate and a cat helped Noah .	* girl ( x _ 0 ) ; cat ( x _ 1 ) AND eat . agent ( x _ 2 , x _ 0 ) AND eat . theme ( x _ 2 , Noah ) AND help . agent ( x _ 3 , x _ 1 ) AND help . theme ( x _ 3 , Noah )	elips_RNR_gen
William admired and the girl found Noah .	* girl ( x _ 0 ) ; admire . agent ( x _ 1 , William ) AND admire . theme ( x _ 1 , Noah ) AND find . agent ( x _ 2 , x _ 0 ) AND find . theme ( x _ 2 , Noah )	elips_RNR_gen
A girl liked and a lion found Emma .	girl ( x _ 0 ) AND lion ( x _ 1 ) AND like . agent ( x _ 2 , x _ 0 ) AND like . theme ( x _ 2 , Emma ) AND find . agent ( x _ 3 , x _ 1 ) AND find . theme ( x _ 3 , Emma )	elips_RNR_gen
A teacher liked and Isabella appreciated the passenger .	* passenger ( x _ 2 ) ; teacher ( x _ 0 ) AND like . agent ( x _ 3 , x _ 0 ) AND like . theme ( x _ 3 , x _ 2 ) AND appreciate . agent ( x _ 4 , Isabella ) AND appreciate . theme ( x _ 4 , x _ 2 )	elips_RNR_gen
A giraffe drew and the servant threw Mila .	* servant ( x _ 1 ) ; giraffe ( x _ 0 ) AND draw . agent ( x _ 2 , x _ 0 ) AND draw . theme ( x _ 2 , Mila ) AND throw . agent ( x _ 3 , x _ 1 ) AND throw . theme ( x _ 3 , Mila )	elips_RNR_gen
The girl ate and William valued a servant .	* girl ( x _ 0 ) ; servant ( x _ 2 ) AND eat . agent ( x _ 3 , x _ 0 ) AND eat . theme ( x _ 3 , x _ 2 ) AND value . agent ( x _ 4 , William ) AND value . theme ( x _ 4 , x _ 2 )	elips_RNR_gen
A governor liked and Emma loved Liam .	governor ( x _ 0 ) AND like . agent ( x _ 1 , x _ 0 ) AND like . theme ( x _ 1 , Liam ) AND love . agent ( x _ 2 , Emma ) AND love . theme ( x _ 2 , Liam )	elips_RNR_gen
The cat ate and the dog poked the moose .	* cat ( x _ 0 ) ; * moose ( x _ 3 ) ; * dog ( x _ 2 ) ; eat . agent ( x _ 4 , x _ 0 ) AND eat . theme ( x _ 4 , x _ 3 ) AND poke . agent ( x _ 5 , x _ 2 ) AND poke . theme ( x _ 5 , x _ 3 )	elips_RNR_gen
Liam ate and Emma tolerated Emily .	eat . agent ( x _ 0 , Liam ) AND eat . theme ( x _ 0 , Emily ) AND tolerate . agent ( x _ 1 , Emma ) AND tolerate . theme ( x _ 1 , Emily )	elips_RNR_gen
Emma liked and Owen helped a chief .	chief ( x _ 1 ) AND like . agent ( x _ 2 , Emma ) AND like . theme ( x _ 2 , x _ 1 ) AND help . agent ( x _ 3 , Owen ) AND help . theme ( x _ 3 , x _ 1 )	elips_RNR_gen
The princess ate and the deer missed Oliver .	* princess ( x _ 0 ) ; * deer ( x _ 1 ) ; eat . agent ( x _ 2 , x _ 0 ) AND eat . theme ( x _ 2 , Oliver ) AND miss . agent ( x _ 3 , x _ 1 ) AND miss . theme ( x _ 3 , Oliver )	elips_RNR_gen
Emma cleaned and a monkey helped the visitor .	* visitor ( x _ 2 ) ; monkey ( x _ 1 ) AND clean . agent ( x _ 3 , Emma ) AND clean . theme ( x _ 3 , x _ 2 ) AND help . agent ( x _ 4 , x _ 1 ) AND help . theme ( x _ 4 , x _ 2 )	elips_RNR_gen
Liam ate and the wolf poked the pig .	* pig ( x _ 2 ) ; * wolf ( x _ 1 ) ; eat . agent ( x _ 3 , Liam ) AND eat . theme ( x _ 3 , x _ 2 ) AND poke . agent ( x _ 4 , x _ 1 ) AND poke . theme ( x _ 4 , x _ 2 )	elips_RNR_gen
Olivia helped and the fly tossed the fish .	* fish ( x _ 2 ) ; * fly ( x _ 1 ) ; help . agent ( x _ 3 , Olivia ) AND help . theme ( x _ 3 , x _ 2 ) AND toss . agent ( x _ 4 , x _ 1 ) AND toss . theme ( x _ 4 , x _ 2 )	elips_RNR_gen
A mouse hunted and Emma touched Ava .	mouse ( x _ 0 ) AND hunt . agent ( x _ 1 , x _ 0 ) AND hunt . theme ( x _ 1 , Ava ) AND touch . agent ( x _ 2 , Emma ) AND touch . theme ( x _ 2 , Ava )	elips_RNR_gen
The girl ate and John tossed a fish .	* girl ( x _ 0 ) ; fish ( x _ 2 ) AND eat . agent ( x _ 3 , x _ 0 ) AND eat . theme ( x _ 3 , x _ 2 ) AND toss . agent ( x _ 4 , John ) AND toss . theme ( x _ 4 , x _ 2 )	elips_RNR_gen
The mouse ate and Emma adored the tenant .	* mouse ( x _ 0 ) ; * tenant ( x _ 2 ) ; eat . agent ( x _ 3 , x _ 0 ) AND eat . theme ( x _ 3 , x _ 2 ) AND adore . agent ( x _ 4 , Emma ) AND adore . theme ( x _ 4 , x _ 2 )	elips_RNR_gen
A farmer poked and Liam appreciated a fish .	farmer ( x _ 0 ) AND fish ( x _ 2 ) AND poke . agent ( x _ 3 , x _ 0 ) AND poke . theme ( x _ 3 , x _ 2 ) AND appreciate . agent ( x _ 4 , Liam ) AND appreciate . theme ( x _ 4 , x _ 2 )	elips_RNR_gen
Liam helped and the baby liked the landlord .	* landlord ( x _ 2 ) ; * baby ( x _ 1 ) ; help . agent ( x _ 3 , Liam ) AND help . theme ( x _ 3 , x _ 2 ) AND like . agent ( x _ 4 , x _ 1 ) AND like . theme ( x _ 4 , x _ 2 )	elips_RNR_gen
Olivia threw and Christopher admired Aiden .	throw . agent ( x _ 0 , Olivia ) AND throw . theme ( x _ 0 , Aiden ) AND admire . agent ( x _ 1 , Christopher ) AND admire . theme ( x _ 1 , Aiden )	elips_RNR_gen
A student liked and the cat loved Oliver .	* cat ( x _ 1 ) ; student ( x _ 0 ) AND like . agent ( x _ 2 , x _ 0 ) AND like . theme ( x _ 2 , Oliver ) AND love . agent ( x _ 3 , x _ 1 ) AND love . theme ( x _ 3 , Oliver )	elips_RNR_gen
The girl observed and Mia liked a passenger .	* girl ( x _ 0 ) ; passenger ( x _ 2 ) AND observe . agent ( x _ 3 , x _ 0 ) AND observe . theme ( x _ 3 , x _ 2 ) AND like . agent ( x _ 4 , Mia ) AND like . theme ( x _ 4 , x _ 2 )	elips_RNR_gen
A teacher knew and Emma liked a fish .	teacher ( x _ 0 ) AND fish ( x _ 2 ) AND know . agent ( x _ 3 , x _ 0 ) AND know . theme ( x _ 3 , x _ 2 ) AND like . agent ( x _ 4 , Emma ) AND like . theme ( x _ 4 , x _ 2 )	elips_RNR_gen
Emma liked and Olivia liked Evelyn .	like . agent ( x _ 0 , Emma ) AND like . theme ( x _ 0 , Evelyn ) AND like . agent ( x _ 1 , Olivia ) AND like . theme ( x _ 1 , Evelyn )	elips_RNR_gen
Emma found and Oliver found a turkey .	turkey ( x _ 1 ) AND find . agent ( x _ 2 , Emma ) AND find . theme ( x _ 2 , x _ 1 ) AND find . agent ( x _ 3 , Oliver ) AND find . theme ( x _ 3 , x _ 1 )	elips_RNR_gen
Liam found and Isabella stabbed a moose .	moose ( x _ 1 ) AND find . agent ( x _ 2 , Liam ) AND find . theme ( x _ 2 , x _ 1 ) AND stab . agent ( x _ 3 , Isabella ) AND stab . theme ( x _ 3 , x _ 1 )	elips_RNR_gen
The lamb knew and a girl liked Isabella .	* lamb ( x _ 0 ) ; girl ( x _ 1 ) AND know . agent ( x _ 2 , x _ 0 ) AND know . theme ( x _ 2 , Isabella ) AND like . agent ( x _ 3 , x _ 1 ) AND like . theme ( x _ 3 , Isabella )	elips_RNR_gen
The boy hunted and James tossed Emma .	* boy ( x _ 0 ) ; hunt . agent ( x _ 1 , x _ 0 ) AND hunt . theme ( x _ 1 , Emma ) AND toss . agent ( x _ 2 , James ) AND toss . theme ( x _ 2 , Emma )	elips_RNR_gen
Emma studied and the boy liked a tenant .	* boy ( x _ 1 ) ; tenant ( x _ 2 ) AND study . agent ( x _ 3 , Emma ) AND study . theme ( x _ 3 , x _ 2 ) AND like . agent ( x _ 4 , x _ 1 ) AND like . theme ( x _ 4 , x _ 2 )	elips_RNR_gen
The girl loved and Logan missed Emma .	* girl ( x _ 0 ) ; love . agent ( x _ 1 , x _ 0 ) AND love . theme ( x _ 1 , Emma ) AND miss . agent ( x _ 2 , Logan ) AND miss . theme ( x _ 2 , Emma )	elips_RNR_gen
Emma found and a girl pierced the pony .	* pony ( x _ 2 ) ; girl ( x _ 1 ) AND find . agent ( x _ 3 , Emma ) AND find . theme ( x _ 3 , x _ 2 ) AND pierce . agent ( x _ 4 , x _ 1 ) AND pierce . theme ( x _ 4 , x _ 2 )	elips_RNR_gen
A girl loved and John liked Emma .	girl ( x _ 0 ) AND love . agent ( x _ 1 , x _ 0 ) AND love . theme ( x _ 1 , Emma ) AND like . agent ( x _ 2 , John ) AND like . theme ( x _ 2 , Emma )	elips_RNR_gen
Emma held and Liam threw Noah .	hold . agent ( x _ 0 , Emma ) AND hold . theme ( x _ 0 , Noah ) AND throw . agent ( x _ 1 , Liam ) AND throw . theme ( x _ 1 , Noah )	elips_RNR_gen
Emma ate and the girl liked Grace .	* girl ( x _ 0 ) ; eat . agent ( x _ 1 , Emma ) AND eat . theme ( x _ 1 , Grace ) AND like . agent ( x _ 2 , x _ 0 ) AND like . theme ( x _ 2 , Grace )	elips_RNR_gen
The boy helped and a horse pierced a creature .	* boy ( x _ 0 ) ; creature ( x _ 3 ) AND horse ( x _ 2 ) AND help . agent ( x _ 4 , x _ 0 ) AND help . theme ( x _ 4 , x _ 3 ) AND pierce . agent ( x _ 5 , x _ 2 ) AND pierce . theme ( x _ 5 , x _ 3 )	elips_RNR_gen
The girl investigated and the cat liked the fish .	* girl ( x _ 0 ) ; * fish ( x _ 3 ) ; * cat ( x _ 2 ) ; investigate . agent ( x _ 4 , x _ 0 ) AND investigate . theme ( x _ 4 , x _ 3 ) AND like . agent ( x _ 5 , x _ 2 ) AND like . theme ( x _ 5 , x _ 3 )	elips_RNR_gen
A girl held and Amelia liked Emma .	girl ( x _ 0 ) AND hold . agent ( x _ 1 , x _ 0 ) AND hold . theme ( x _ 1 , Emma ) AND like . agent ( x _ 2 , Amelia ) AND like . theme ( x _ 2 , Emma )	elips_RNR_gen
The girl sketched and Avery liked Emma .	* girl ( x _ 0 ) ; sketch . agent ( x _ 1 , x _ 0 ) AND sketch . theme ( x _ 1 , Emma ) AND like . agent ( x _ 2 , Avery ) AND like . theme ( x _ 2 , Emma )	elips_RNR_gen
Liam found and Oliver poked the doctor .	* doctor ( x _ 1 ) ; find . agent ( x _ 2 , Liam ) AND find . theme ( x _ 2 , x _ 1 ) AND poke . agent ( x _ 3 , Oliver ) AND poke . theme ( x _ 3 , x _ 1 )	elips_RNR_gen
Emma tolerated and a spokesman liked Noah .	spokesman ( x _ 0 ) AND tolerate . agent ( x _ 1 , Emma ) AND tolerate . theme ( x _ 1 , Noah ) AND like . agent ( x _ 2 , x _ 0 ) AND like . theme ( x _ 2 , Noah )	elips_RNR_gen
Mila found and Elizabeth discovered the fish .	* fish ( x _ 1 ) ; find . agent ( x _ 2 , Mila ) AND find . theme ( x _ 2 , x _ 1 ) AND discover . agent ( x _ 3 , Elizabeth ) AND discover . theme ( x _ 3 , x _ 1 )	elips_RNR_gen
Emma helped and the horse poked a pony .	* horse ( x _ 1 ) ; pony ( x _ 2 ) AND help . agent ( x _ 3 , Emma ) AND help . theme ( x _ 3 , x _ 2 ) AND poke . agent ( x _ 4 , x _ 1 ) AND poke . theme ( x _ 4 , x _ 2 )	elips_RNR_gen
Joshua found and the girl liked Elijah .	* girl ( x _ 0 ) ; find . agent ( x _ 1 , Joshua ) AND find . theme ( x _ 1 , Elijah ) AND like . agent ( x _ 2 , x _ 0 ) AND like . theme ( x _ 2 , Elijah )	elips_RNR_gen
Emma discovered and a cat tolerated Olivia .	cat ( x _ 0 ) AND discover . agent ( x _ 1 , Emma ) AND discover . theme ( x _ 1 , Olivia ) AND tolerate . agent ( x _ 2 , x _ 0 ) AND tolerate . theme ( x _ 2 , Olivia )	elips_RNR_gen
Noah ate and a teacher found Isabella .	teacher ( x _ 0 ) AND eat . agent ( x _ 1 , Noah ) AND eat . theme ( x _ 1 , Isabella ) AND find . agent ( x _ 2 , x _ 0 ) AND find . theme ( x _ 2 , Isabella )	elips_RNR_gen
Emma helped and a king valued Liam .	king ( x _ 0 ) AND help . agent ( x _ 1 , Emma ) AND help . theme ( x _ 1 , Liam ) AND value . agent ( x _ 2 , x _ 0 ) AND value . theme ( x _ 2 , Liam )	elips_RNR_gen
Sofia observed and a cat liked Alexander .	cat ( x _ 0 ) AND observe . agent ( x _ 1 , Sofia ) AND observe . theme ( x _ 1 , Alexander ) AND like . agent ( x _ 2 , x _ 0 ) AND like . theme ( x _ 2 , Alexander )	elips_RNR_gen
A boy drew and a girl discovered a prince .	boy ( x _ 0 ) AND prince ( x _ 3 ) AND girl ( x _ 2 ) AND draw . agent ( x _ 4 , x _ 0 ) AND draw . theme ( x _ 4 , x _ 3 ) AND discover . agent ( x _ 5 , x _ 2 ) AND discover . theme ( x _ 5 , x _ 3 )	elips_RNR_gen
Jaxon liked and a boy pierced a fish .	fish ( x _ 2 ) AND boy ( x _ 1 ) AND like . agent ( x _ 3 , Jaxon ) AND like . theme ( x _ 3 , x _ 2 ) AND pierce . agent ( x _ 4 , x _ 1 ) AND pierce . theme ( x _ 4 , x _ 2 )	elips_RNR_gen
Emma ate and Logan touched Liam .	eat . agent ( x _ 0 , Emma ) AND eat . theme ( x _ 0 , Liam ) AND touch . agent ( x _ 1 , Logan ) AND touch . theme ( x _ 1 , Liam )	elips_RNR_gen
A girl helped and a cat helped a fish .	girl ( x _ 0 ) AND fish ( x _ 3 ) AND cat ( x _ 2 ) AND help . agent ( x _ 4 , x _ 0 ) AND help . theme ( x _ 4 , x _ 3 ) AND help . agent ( x _ 5 , x _ 2 ) AND help . theme ( x _ 5 , x _ 3 )	elips_RNR_gen
A boy loved and a girl liked a fish .	boy ( x _ 0 ) AND fish ( x _ 3 ) AND girl ( x _ 2 ) AND love . agent ( x _ 4 , x _ 0 ) AND love . theme ( x _ 4 , x _ 3 ) AND like . agent ( x _ 5 , x _ 2 ) AND like . theme ( x _ 5 , x _ 3 )	elips_RNR_gen
Emma helped and a dog valued a soldier .	soldier ( x _ 2 ) AND dog ( x _ 1 ) AND help . agent ( x _ 3 , Emma ) AND help . theme ( x _ 3 , x _ 2 ) AND value . agent ( x _ 4 , x _ 1 ) AND value . theme ( x _ 4 , x _ 2 )	elips_RNR_gen
The girl liked and Emma loved the lamb .	* girl ( x _ 0 ) ; * lamb ( x _ 2 ) ; like . agent ( x _ 3 , x _ 0 ) AND like . theme ( x _ 3 , x _ 2 ) AND love . agent ( x _ 4 , Emma ) AND love . theme ( x _ 4 , x _ 2 )	elips_RNR_gen
Stella liked and Emma pierced a producer .	producer ( x _ 1 ) AND like . agent ( x _ 2 , Stella ) AND like . theme ( x _ 2 , x _ 1 ) AND pierce . agent ( x _ 3 , Emma ) AND pierce . theme ( x _ 3 , x _ 1 )	elips_RNR_gen
A pony liked and the girl respected the poet .	* poet ( x _ 3 ) ; * girl ( x _ 2 ) ; pony ( x _ 0 ) AND like . agent ( x _ 4 , x _ 0 ) AND like . theme ( x _ 4 , x _ 3 ) AND respect . agent ( x _ 5 , x _ 2 ) AND respect . theme ( x _ 5 , x _ 3 )	elips_RNR_gen
Emma dusted and the champion adored a sheep .	* champion ( x _ 1 ) ; sheep ( x _ 2 ) AND dust . agent ( x _ 3 , Emma ) AND dust . theme ( x _ 3 , x _ 2 ) AND adore . agent ( x _ 4 , x _ 1 ) AND adore . theme ( x _ 4 , x _ 2 )	elips_RNR_gen
The girl touched and Oliver helped the prince .	* girl ( x _ 0 ) ; * prince ( x _ 2 ) ; touch . agent ( x _ 3 , x _ 0 ) AND touch . theme ( x _ 3 , x _ 2 ) AND help . agent ( x _ 4 , Oliver ) AND help . theme ( x _ 4 , x _ 2 )	elips_RNR_gen
The girl saw and a bird tossed Emma .	* girl ( x _ 0 ) ; bird ( x _ 1 ) AND see . agent ( x _ 2 , x _ 0 ) AND see . theme ( x _ 2 , Emma ) AND toss . agent ( x _ 3 , x _ 1 ) AND toss . theme ( x _ 3 , Emma )	elips_RNR_gen
The doctor helped and the boy poked Liam .	* doctor ( x _ 0 ) ; * boy ( x _ 1 ) ; help . agent ( x _ 2 , x _ 0 ) AND help . theme ( x _ 2 , Liam ) AND poke . agent ( x _ 3 , x _ 1 ) AND poke . theme ( x _ 3 , Liam )	elips_RNR_gen
A cat drew and the chief helped a fish .	* chief ( x _ 2 ) ; cat ( x _ 0 ) AND fish ( x _ 3 ) AND draw . agent ( x _ 4 , x _ 0 ) AND draw . theme ( x _ 4 , x _ 3 ) AND help . agent ( x _ 5 , x _ 2 ) AND help . theme ( x _ 5 , x _ 3 )	elips_RNR_gen
Liam investigated and Emma appreciated the doctor .	* doctor ( x _ 1 ) ; investigate . agent ( x _ 2 , Liam ) AND investigate . theme ( x _ 2 , x _ 1 ) AND appreciate . agent ( x _ 3 , Emma ) AND appreciate . theme ( x _ 3 , x _ 1 )	elips_RNR_gen
Emma helped and Liam missed a fish .	fish ( x _ 1 ) AND help . agent ( x _ 2 , Emma ) AND help . theme ( x _ 2 , x _ 1 ) AND miss . agent ( x _ 3 , Liam ) AND miss . theme ( x _ 3 , x _ 1 )	elips_RNR_gen
Luke helped and a citizen loved the pony .	* pony ( x _ 2 ) ; citizen ( x _ 1 ) AND help . agent ( x _ 3 , Luke ) AND help . theme ( x _ 3 , x _ 2 ) AND love . agent ( x _ 4 , x _ 1 ) AND love . theme ( x _ 4 , x _ 2 )	elips_RNR_gen
Emma ate and Ava loved the moose .	* moose ( x _ 1 ) ; eat . agent ( x _ 2 , Emma ) AND eat . theme ( x _ 2 , x _ 1 ) AND love . agent ( x _ 3 , Ava ) AND love . theme ( x _ 3 , x _ 1 )	elips_RNR_gen
Emma knew and the lion admired a writer .	* lion ( x _ 1 ) ; writer ( x _ 2 ) AND know . agent ( x _ 3 , Emma ) AND know . theme ( x _ 3 , x _ 2 ) AND admire . agent ( x _ 4 , x _ 1 ) AND admire . theme ( x _ 4 , x _ 2 )	elips_RNR_gen
A boy ate and Samuel found the moose .	* moose ( x _ 2 ) ; boy ( x _ 0 ) AND eat . agent ( x _ 3 , x _ 0 ) AND eat . theme ( x _ 3 , x _ 2 ) AND find . agent ( x _ 4 , Samuel ) AND find . theme ( x _ 4 , x _ 2 )	elips_RNR_gen
A boy hunted and Emma liked a citizen .	boy ( x _ 0 ) AND citizen ( x _ 2 ) AND hunt . agent ( x _ 3 , x _ 0 ) AND hunt . theme ( x _ 3 , x _ 2 ) AND like . agent ( x _ 4 , Emma ) AND like . theme ( x _ 4 , x _ 2 )	elips_RNR_gen
A girl found and the lion appreciated the fish .	* fish ( x _ 3 ) ; * lion ( x _ 2 ) ; girl ( x _ 0 ) AND find . agent ( x _ 4 , x _ 0 ) AND find . theme ( x _ 4 , x _ 3 ) AND appreciate . agent ( x _ 5 , x _ 2 ) AND appreciate . theme ( x _ 5 , x _ 3 )	elips_RNR_gen
The girl held and Emma liked the lamb .	* girl ( x _ 0 ) ; * lamb ( x _ 2 ) ; hold . agent ( x _ 3 , x _ 0 ) AND hold . theme ( x _ 3 , x _ 2 ) AND like . agent ( x _ 4 , Emma ) AND like . theme ( x _ 4 , x _ 2 )	elips_RNR_gen
Ava admired and Emma discovered the fish .	* fish ( x _ 1 ) ; admire . agent ( x _ 2 , Ava ) AND admire . theme ( x _ 2 , x _ 1 ) AND discover . agent ( x _ 3 , Emma ) AND discover . theme ( x _ 3 , x _ 1 )	elips_RNR_gen
A girl heard and Elizabeth helped Luna .	girl ( x _ 0 ) AND hear . agent ( x _ 1 , x _ 0 ) AND hear . theme ( x _ 1 , Luna ) AND help . agent ( x _ 2 , Elizabeth ) AND help . theme ( x _ 2 , Luna )	elips_RNR_gen
Liam adored and Mia tossed the puppy .	* puppy ( x _ 1 ) ; adore . agent ( x _ 2 , Liam ) AND adore . theme ( x _ 2 , x _ 1 ) AND toss . agent ( x _ 3 , Mia ) AND toss . theme ( x _ 3 , x _ 1 )	elips_RNR_gen
A fish missed and Liam loved Isabella .	fish ( x _ 0 ) AND miss . agent ( x _ 1 , x _ 0 ) AND miss . theme ( x _ 1 , Isabella ) AND love . agent ( x _ 2 , Liam ) AND love . theme ( x _ 2 , Isabella )	elips_RNR_gen
Liam juggled and Emma held Owen .	juggle . agent ( x _ 0 , Liam ) AND juggle . theme ( x _ 0 , Owen ) AND hold . agent ( x _ 1 , Emma ) AND hold . theme ( x _ 1 , Owen )	elips_RNR_gen
Emma threw and the girl respected Sophia .	* girl ( x _ 0 ) ; throw . agent ( x _ 1 , Emma ) AND throw . theme ( x _ 1 , Sophia ) AND respect . agent ( x _ 2 , x _ 0 ) AND respect . theme ( x _ 2 , Sophia )	elips_RNR_gen
The baby admired and Ava liked a pony .	* baby ( x _ 0 ) ; pony ( x _ 2 ) AND admire . agent ( x _ 3 , x _ 0 ) AND admire . theme ( x _ 3 , x _ 2 ) AND like . agent ( x _ 4 , Ava ) AND like . theme ( x _ 4 , x _ 2 )	elips_RNR_gen
The goose touched and a baby threw Harper .	* goose ( x _ 0 ) ; baby ( x _ 1 ) AND touch . agent ( x _ 2 , x _ 0 ) AND touch . theme ( x _ 2 , Harper ) AND throw . agent ( x _ 3 , x _ 1 ) AND throw . theme ( x _ 3 , Harper )	elips_RNR_gen
Liam liked and a chicken helped Chloe .	chicken ( x _ 0 ) AND like . agent ( x _ 1 , Liam ) AND like . theme ( x _ 1 , Chloe ) AND help . agent ( x _ 2 , x _ 0 ) AND help . theme ( x _ 2 , Chloe )	elips_RNR_gen
The boy found and the citizen liked the pony .	* boy ( x _ 0 ) ; * pony ( x _ 3 ) ; * citizen ( x _ 2 ) ; find . agent ( x _ 4 , x _ 0 ) AND find . theme ( x _ 4 , x _ 3 ) AND like . agent ( x _ 5 , x _ 2 ) AND like . theme ( x _ 5 , x _ 3 )	elips_RNR_gen
A child ate and Liam respected the visitor .	* visitor ( x _ 2 ) ; child ( x _ 0 ) AND eat . agent ( x _ 3 , x _ 0 ) AND eat . theme ( x _ 3 , x _ 2 ) AND respect . agent ( x _ 4 , Liam ) AND respect . theme ( x _ 4 , x _ 2 )	elips_RNR_gen
A lion hunted and Charlotte liked a moose .	lion ( x _ 0 ) AND moose ( x _ 2 ) AND hunt . agent ( x _ 3 , x _ 0 ) AND hunt . theme ( x _ 3 , x _ 2 ) AND like . agent ( x _ 4 , Charlotte ) AND like . theme ( x _ 4 , x _ 2 )	elips_RNR_gen
A bear liked and a boy helped the driver .	* driver ( x _ 3 ) ; bear ( x _ 0 ) AND boy ( x _ 2 ) AND like . agent ( x _ 4 , x _ 0 ) AND like . theme ( x _ 4 , x _ 3 ) AND help . agent ( x _ 5 , x _ 2 ) AND help . theme ( x _ 5 , x _ 3 )	elips_RNR_gen
Riley ate and a girl liked Henry .	girl ( x _ 0 ) AND eat . agent ( x _ 1 , Riley ) AND eat . theme ( x _ 1 , Henry ) AND like . agent ( x _ 2 , x _ 0 ) AND like . theme ( x _ 2 , Henry )	elips_RNR_gen
Ava pierced and Noah liked a friend .	friend ( x _ 1 ) AND pierce . agent ( x _ 2 , Ava ) AND pierce . theme ( x _ 2 , x _ 1 ) AND like . agent ( x _ 3 , Noah ) AND like . theme ( x _ 3 , x _ 1 )	elips_RNR_gen
The girl liked and a cat liked a doctor .	* girl ( x _ 0 ) ; doctor ( x _ 3 ) AND cat ( x _ 2 ) AND like . agent ( x _ 4 , x _ 0 ) AND like . theme ( x _ 4 , x _ 3 ) AND like . agent ( x _ 5 , x _ 2 ) AND like . theme ( x _ 5 , x _ 3 )	elips_RNR_gen
A squirrel cleaned and Ava found the fish .	* fish ( x _ 2 ) ; squirrel ( x _ 0 ) AND clean . agent ( x _ 3 , x _ 0 ) AND clean . theme ( x _ 3 , x _ 2 ) AND find . agent ( x _ 4 , Ava ) AND find . theme ( x _ 4 , x _ 2 )	elips_RNR_gen
Bella found and the captain admired the friend .	* friend ( x _ 2 ) ; * captain ( x _ 1 ) ; find . agent ( x _ 3 , Bella ) AND find . theme ( x _ 3 , x _ 2 ) AND admire . agent ( x _ 4 , x _ 1 ) AND admire . theme ( x _ 4 , x _ 2 )	elips_RNR_gen
The visitor tossed and Aurora liked Daniel .	* visitor ( x _ 0 ) ; toss . agent ( x _ 1 , x _ 0 ) AND toss . theme ( x _ 1 , Daniel ) AND like . agent ( x _ 2 , Aurora ) AND like . theme ( x _ 2 , Daniel )	elips_RNR_gen
Emma loved and Noah liked a fish .	fish ( x _ 1 ) AND love . agent ( x _ 2 , Emma ) AND love . theme ( x _ 2 , x _ 1 ) AND like . agent ( x _ 3 , Noah ) AND like . theme ( x _ 3 , x _ 1 )	elips_RNR_gen
A boy ate and the landlord liked the puppy .	* puppy ( x _ 3 ) ; * landlord ( x _ 2 ) ; boy ( x _ 0 ) AND eat . agent ( x _ 4 , x _ 0 ) AND eat . theme ( x _ 4 , x _ 3 ) AND like . agent ( x _ 5 , x _ 2 ) AND like . theme ( x _ 5 , x _ 3 )	elips_RNR_gen
The creature liked and Emma found Amelia .	* creature ( x _ 0 ) ; like . agent ( x _ 1 , x _ 0 ) AND like . theme ( x _ 1 , Amelia ) AND find . agent ( x _ 2 , Emma ) AND find . theme ( x _ 2 , Amelia )	elips_RNR_gen
The girl painted and Abigail tossed Emma .	* girl ( x _ 0 ) ; paint . agent ( x _ 1 , x _ 0 ) AND paint . theme ( x _ 1 , Emma ) AND toss . agent ( x _ 2 , Abigail ) AND toss . theme ( x _ 2 , Emma )	elips_RNR_gen
Alexander helped and Ava stabbed a fish .	fish ( x _ 1 ) AND help . agent ( x _ 2 , Alexander ) AND help . theme ( x _ 2 , x _ 1 ) AND stab . agent ( x _ 3 , Ava ) AND stab . theme ( x _ 3 , x _ 1 )	elips_RNR_gen
Emma poked and a chicken liked Noah .	chicken ( x _ 0 ) AND poke . agent ( x _ 1 , Emma ) AND poke . theme ( x _ 1 , Noah ) AND like . agent ( x _ 2 , x _ 0 ) AND like . theme ( x _ 2 , Noah )	elips_RNR_gen
Emma examined and a boy poked the pig .	* pig ( x _ 2 ) ; boy ( x _ 1 ) AND examine . agent ( x _ 3 , Emma ) AND examine . theme ( x _ 3 , x _ 2 ) AND poke . agent ( x _ 4 , x _ 1 ) AND poke . theme ( x _ 4 , x _ 2 )	elips_RNR_gen
Savannah discovered and Emma admired Matthew .	discover . agent ( x _ 0 , Savannah ) AND discover . theme ( x _ 0 , Matthew ) AND admire . agent ( x _ 1 , Emma ) AND admire . theme ( x _ 1 , Matthew )	elips_RNR_gen
A cat examined and the servant adored Emma .	* servant ( x _ 1 ) ; cat ( x _ 0 ) AND examine . agent ( x _ 2 , x _ 0 ) AND examine . theme ( x _ 2 , Emma ) AND adore . agent ( x _ 3 , x _ 1 ) AND adore . theme ( x _ 3 , Emma )	elips_RNR_gen
The friend respected and Mia liked the fish .	* friend ( x _ 0 ) ; * fish ( x _ 2 ) ; respect . agent ( x _ 3 , x _ 0 ) AND respect . theme ( x _ 3 , x _ 2 ) AND like . agent ( x _ 4 , Mia ) AND like . theme ( x _ 4 , x _ 2 )	elips_RNR_gen
Liam liked and James loved Noah .	like . agent ( x _ 0 , Liam ) AND like . theme ( x _ 0 , Noah ) AND love . agent ( x _ 1 , James ) AND love . theme ( x _ 1 , Noah )	elips_RNR_gen
Liam tossed and the governor found the citizen .	* citizen ( x _ 2 ) ; * governor ( x _ 1 ) ; toss . agent ( x _ 3 , Liam ) AND toss . theme ( x _ 3 , x _ 2 ) AND find . agent ( x _ 4 , x _ 1 ) AND find . theme ( x _ 4 , x _ 2 )	elips_RNR_gen
A lawyer ate and a boy poked a tenant .	lawyer ( x _ 0 ) AND tenant ( x _ 3 ) AND boy ( x _ 2 ) AND eat . agent ( x _ 4 , x _ 0 ) AND eat . theme ( x _ 4 , x _ 3 ) AND poke . agent ( x _ 5 , x _ 2 ) AND poke . theme ( x _ 5 , x _ 3 )	elips_RNR_gen
A girl hunted and a frog liked the fish .	* fish ( x _ 3 ) ; girl ( x _ 0 ) AND frog ( x _ 2 ) AND hunt . agent ( x _ 4 , x _ 0 ) AND hunt . theme ( x _ 4 , x _ 3 ) AND like . agent ( x _ 5 , x _ 2 ) AND like . theme ( x _ 5 , x _ 3 )	elips_RNR_gen
Charlotte painted and Liam helped the sheep .	* sheep ( x _ 1 ) ; paint . agent ( x _ 2 , Charlotte ) AND paint . theme ( x _ 2 , x _ 1 ) AND help . agent ( x _ 3 , Liam ) AND help . theme ( x _ 3 , x _ 1 )	elips_RNR_gen
The buyer ate and Harper adored Ella .	* buyer ( x _ 0 ) ; eat . agent ( x _ 1 , x _ 0 ) AND eat . theme ( x _ 1 , Ella ) AND adore . agent ( x _ 2 , Harper ) AND adore . theme ( x _ 2 , Ella )	elips_RNR_gen
Ryan found and a girl helped a buyer .	buyer ( x _ 2 ) AND girl ( x _ 1 ) AND find . agent ( x _ 3 , Ryan ) AND find . theme ( x _ 3 , x _ 2 ) AND help . agent ( x _ 4 , x _ 1 ) AND help . theme ( x _ 4 , x _ 2 )	elips_RNR_gen
A dealer painted and Noah liked Emma .	dealer ( x _ 0 ) AND paint . agent ( x _ 1 , x _ 0 ) AND paint . theme ( x _ 1 , Emma ) AND like . agent ( x _ 2 , Noah ) AND like . theme ( x _ 2 , Emma )	elips_RNR_gen
A cat liked and Emma helped a pony .	cat ( x _ 0 ) AND pony ( x _ 2 ) AND like . agent ( x _ 3 , x _ 0 ) AND like . theme ( x _ 3 , x _ 2 ) AND help . agent ( x _ 4 , Emma ) AND help . theme ( x _ 4 , x _ 2 )	elips_RNR_gen
The creature cooked and a girl adored Aiden .	* creature ( x _ 0 ) ; girl ( x _ 1 ) AND cook . agent ( x _ 2 , x _ 0 ) AND cook . theme ( x _ 2 , Aiden ) AND adore . agent ( x _ 3 , x _ 1 ) AND adore . theme ( x _ 3 , Aiden )	elips_RNR_gen
William cooked and Sophia found Olivia .	cook . agent ( x _ 0 , William ) AND cook . theme ( x _ 0 , Olivia ) AND find . agent ( x _ 1 , Sophia ) AND find . theme ( x _ 1 , Olivia )	elips_RNR_gen
Noah pierced and the cat liked the moose .	* moose ( x _ 2 ) ; * cat ( x _ 1 ) ; pierce . agent ( x _ 3 , Noah ) AND pierce . theme ( x _ 3 , x _ 2 ) AND like . agent ( x _ 4 , x _ 1 ) AND like . theme ( x _ 4 , x _ 2 )	elips_RNR_gen
Liam ate and a boy missed Emma .	boy ( x _ 0 ) AND eat . agent ( x _ 1 , Liam ) AND eat . theme ( x _ 1 , Emma ) AND miss . agent ( x _ 2 , x _ 0 ) AND miss . theme ( x _ 2 , Emma )	elips_RNR_gen
The girl loved and the father loved the driver .	* girl ( x _ 0 ) ; * driver ( x _ 3 ) ; * father ( x _ 2 ) ; love . agent ( x _ 4 , x _ 0 ) AND love . theme ( x _ 4 , x _ 3 ) AND love . agent ( x _ 5 , x _ 2 ) AND love . theme ( x _ 5 , x _ 3 )	elips_RNR_gen
The girl poked and Lucas liked a politician .	* girl ( x _ 0 ) ; politician ( x _ 2 ) AND poke . agent ( x _ 3 , x _ 0 ) AND poke . theme ( x _ 3 , x _ 2 ) AND like . agent ( x _ 4 , Lucas ) AND like . theme ( x _ 4 , x _ 2 )	elips_RNR_gen
The monkey ate and Elijah respected a fish .	* monkey ( x _ 0 ) ; fish ( x _ 2 ) AND eat . agent ( x _ 3 , x _ 0 ) AND eat . theme ( x _ 3 , x _ 2 ) AND respect . agent ( x _ 4 , Elijah ) AND respect . theme ( x _ 4 , x _ 2 )	elips_RNR_gen
Victoria found and Alexander found Emma .	find . agent ( x _ 0 , Victoria ) AND find . theme ( x _ 0 , Emma ) AND find . agent ( x _ 1 , Alexander ) AND find . theme ( x _ 1 , Emma )	elips_RNR_gen
The girl loved and a boy liked a friend .	* girl ( x _ 0 ) ; friend ( x _ 3 ) AND boy ( x _ 2 ) AND love . agent ( x _ 4 , x _ 0 ) AND love . theme ( x _ 4 , x _ 3 ) AND like . agent ( x _ 5 , x _ 2 ) AND like . theme ( x _ 5 , x _ 3 )	elips_RNR_gen
The girl drew and a boy poked a farmer .	* girl ( x _ 0 ) ; farmer ( x _ 3 ) AND boy ( x _ 2 ) AND draw . agent ( x _ 4 , x _ 0 ) AND draw . theme ( x _ 4 , x _ 3 ) AND poke . agent ( x _ 5 , x _ 2 ) AND poke . theme ( x _ 5 , x _ 3 )	elips_RNR_gen
Noah ate and the girl helped the turtle .	* turtle ( x _ 2 ) ; * girl ( x _ 1 ) ; eat . agent ( x _ 3 , Noah ) AND eat . theme ( x _ 3 , x _ 2 ) AND help . agent ( x _ 4 , x _ 1 ) AND help . theme ( x _ 4 , x _ 2 )	elips_RNR_gen
Emma called and the boy respected Olivia .	* boy ( x _ 0 ) ; call . agent ( x _ 1 , Emma ) AND call . theme ( x _ 1 , Olivia ) AND respect . agent ( x _ 2 , x _ 0 ) AND respect . theme ( x _ 2 , Olivia )	elips_RNR_gen
Noah called and the girl threw Emma .	* girl ( x _ 0 ) ; call . agent ( x _ 1 , Noah ) AND call . theme ( x _ 1 , Emma ) AND throw . agent ( x _ 2 , x _ 0 ) AND throw . theme ( x _ 2 , Emma )	elips_RNR_gen
The baby painted and a girl missed a squirrel .	* baby ( x _ 0 ) ; squirrel ( x _ 3 ) AND girl ( x _ 2 ) AND paint . agent ( x _ 4 , x _ 0 ) AND paint . theme ( x _ 4 , x _ 3 ) AND miss . agent ( x _ 5 , x _ 2 ) AND miss . theme ( x _ 5 , x _ 3 )	elips_RNR_gen
Emma heard and William threw Elijah .	hear . agent ( x _ 0 , Emma ) AND hear . theme ( x _ 0 , Elijah ) AND throw . agent ( x _ 1 , William ) AND throw . theme ( x _ 1 , Elijah )	elips_RNR_gen
A dog painted and the doctor loved a fish .	* doctor ( x _ 2 ) ; dog ( x _ 0 ) AND fish ( x _ 3 ) AND paint . agent ( x _ 4 , x _ 0 ) AND paint . theme ( x _ 4 , x _ 3 ) AND love . agent ( x _ 5 , x _ 2 ) AND love . theme ( x _ 5 , x _ 3 )	elips_RNR_gen
A crocodile held and Evelyn helped the fish .	* fish ( x _ 2 ) ; crocodile ( x _ 0 ) AND hold . agent ( x _ 3 , x _ 0 ) AND hold . theme ( x _ 3 , x _ 2 ) AND help . agent ( x _ 4 , Evelyn ) AND help . theme ( x _ 4 , x _ 2 )	elips_RNR_gen
Emma helped and a boy admired James .	boy ( x _ 0 ) AND help . agent ( x _ 1 , Emma ) AND help . theme ( x _ 1 , James ) AND admire . agent ( x _ 2 , x _ 0 ) AND admire . theme ( x _ 2 , James )	elips_RNR_gen
James found and Noah missed Olivia .	find . agent ( x _ 0 , James ) AND find . theme ( x _ 0 , Olivia ) AND miss . agent ( x _ 1 , Noah ) AND miss . theme ( x _ 1 , Olivia )	elips_RNR_gen
Emma found and a girl helped Liam .	girl ( x _ 0 ) AND find . agent ( x _ 1 , Emma ) AND find . theme ( x _ 1 , Liam ) AND help . agent ( x _ 2 , x _ 0 ) AND help . theme ( x _ 2 , Liam )	elips_RNR_gen
A dog ate and Emma loved the squirrel .	* squirrel ( x _ 2 ) ; dog ( x _ 0 ) AND eat . agent ( x _ 3 , x _ 0 ) AND eat . theme ( x _ 3 , x _ 2 ) AND love . agent ( x _ 4 , Emma ) AND love . theme ( x _ 4 , x _ 2 )	elips_RNR_gen
David helped and a girl pierced a fish .	fish ( x _ 2 ) AND girl ( x _ 1 ) AND help . agent ( x _ 3 , David ) AND help . theme ( x _ 3 , x _ 2 ) AND pierce . agent ( x _ 4 , x _ 1 ) AND pierce . theme ( x _ 4 , x _ 2 )	elips_RNR_gen
The boy ate and Emma helped the fish .	* boy ( x _ 0 ) ; * fish ( x _ 2 ) ; eat . agent ( x _ 3 , x _ 0 ) AND eat . theme ( x _ 3 , x _ 2 ) AND help . agent ( x _ 4 , Emma ) AND help . theme ( x _ 4 , x _ 2 )	elips_RNR_gen
A mother ate and Matthew adored the pig .	* pig ( x _ 2 ) ; mother ( x _ 0 ) AND eat . agent ( x _ 3 , x _ 0 ) AND eat . theme ( x _ 3 , x _ 2 ) AND adore . agent ( x _ 4 , Matthew ) AND adore . theme ( x _ 4 , x _ 2 )	elips_RNR_gen
Alexander ate and the girl liked the prisoner .	* prisoner ( x _ 2 ) ; * girl ( x _ 1 ) ; eat . agent ( x _ 3 , Alexander ) AND eat . theme ( x _ 3 , x _ 2 ) AND like . agent ( x _ 4 , x _ 1 ) AND like . theme ( x _ 4 , x _ 2 )	elips_RNR_gen
Jacob painted and Liam loved Emma .	paint . agent ( x _ 0 , Jacob ) AND paint . theme ( x _ 0 , Emma ) AND love . agent ( x _ 1 , Liam ) AND love . theme ( x _ 1 , Emma )	elips_RNR_gen
A girl nursed and the bee liked Emma .	* bee ( x _ 1 ) ; girl ( x _ 0 ) AND nurse . agent ( x _ 2 , x _ 0 ) AND nurse . theme ( x _ 2 , Emma ) AND like . agent ( x _ 3 , x _ 1 ) AND like . theme ( x _ 3 , Emma )	elips_RNR_gen
Gabriel painted and the teacher tossed a fish .	* teacher ( x _ 1 ) ; fish ( x _ 2 ) AND paint . agent ( x _ 3 , Gabriel ) AND paint . theme ( x _ 3 , x _ 2 ) AND toss . agent ( x _ 4 , x _ 1 ) AND toss . theme ( x _ 4 , x _ 2 )	elips_RNR_gen
Amelia liked and Elijah liked Emma .	like . agent ( x _ 0 , Amelia ) AND like . theme ( x _ 0 , Emma ) AND like . agent ( x _ 1 , Elijah ) AND like . theme ( x _ 1 , Emma )	elips_RNR_gen
The girl pierced and the mouse liked the fish .	* girl ( x _ 0 ) ; * fish ( x _ 3 ) ; * mouse ( x _ 2 ) ; pierce . agent ( x _ 4 , x _ 0 ) AND pierce . theme ( x _ 4 , x _ 3 ) AND like . agent ( x _ 5 , x _ 2 ) AND like . theme ( x _ 5 , x _ 3 )	elips_RNR_gen
The cat ate and Emma helped the sheep .	* cat ( x _ 0 ) ; * sheep ( x _ 2 ) ; eat . agent ( x _ 3 , x _ 0 ) AND eat . theme ( x _ 3 , x _ 2 ) AND help . agent ( x _ 4 , Emma ) AND help . theme ( x _ 4 , x _ 2 )	elips_RNR_gen
A girl painted and the father helped Elizabeth .	* father ( x _ 1 ) ; girl ( x _ 0 ) AND paint . agent ( x _ 2 , x _ 0 ) AND paint . theme ( x _ 2 , Elizabeth ) AND help . agent ( x _ 3 , x _ 1 ) AND help . theme ( x _ 3 , Elizabeth )	elips_RNR_gen
Grace held and Noah worshipped Emma .	hold . agent ( x _ 0 , Grace ) AND hold . theme ( x _ 0 , Emma ) AND worship . agent ( x _ 1 , Noah ) AND worship . theme ( x _ 1 , Emma )	elips_RNR_gen
Ella appreciated and the moose tossed Liam .	* moose ( x _ 0 ) ; appreciate . agent ( x _ 1 , Ella ) AND appreciate . theme ( x _ 1 , Liam ) AND toss . agent ( x _ 2 , x _ 0 ) AND toss . theme ( x _ 2 , Liam )	elips_RNR_gen
The fly liked and the journalist liked Noah .	* fly ( x _ 0 ) ; * journalist ( x _ 1 ) ; like . agent ( x _ 2 , x _ 0 ) AND like . theme ( x _ 2 , Noah ) AND like . agent ( x _ 3 , x _ 1 ) AND like . theme ( x _ 3 , Noah )	elips_RNR_gen
A lion appreciated and Olivia worshipped Emma .	lion ( x _ 0 ) AND appreciate . agent ( x _ 1 , x _ 0 ) AND appreciate . theme ( x _ 1 , Emma ) AND worship . agent ( x _ 2 , Olivia ) AND worship . theme ( x _ 2 , Emma )	elips_RNR_gen
Chloe painted and a girl adored Emma .	girl ( x _ 0 ) AND paint . agent ( x _ 1 , Chloe ) AND paint . theme ( x _ 1 , Emma ) AND adore . agent ( x _ 2 , x _ 0 ) AND adore . theme ( x _ 2 , Emma )	elips_RNR_gen
Emma liked and Liam poked the soldier .	* soldier ( x _ 1 ) ; like . agent ( x _ 2 , Emma ) AND like . theme ( x _ 2 , x _ 1 ) AND poke . agent ( x _ 3 , Liam ) AND poke . theme ( x _ 3 , x _ 1 )	elips_RNR_gen
Isaac ate and Liam adored Mila .	eat . agent ( x _ 0 , Isaac ) AND eat . theme ( x _ 0 , Mila ) AND adore . agent ( x _ 1 , Liam ) AND adore . theme ( x _ 1 , Mila )	elips_RNR_gen
Charlotte ate and Olivia touched Emma .	eat . agent ( x _ 0 , Charlotte ) AND eat . theme ( x _ 0 , Emma ) AND touch . agent ( x _ 1 , Olivia ) AND touch . theme ( x _ 1 , Emma )	elips_RNR_gen
William ate and a lawyer discovered Emma .	lawyer ( x _ 0 ) AND eat . agent ( x _ 1 , William ) AND eat . theme ( x _ 1 , Emma ) AND discover . agent ( x _ 2 , x _ 0 ) AND discover . theme ( x _ 2 , Emma )	elips_RNR_gen
Noah ate and Liam touched the fish .	* fish ( x _ 1 ) ; eat . agent ( x _ 2 , Noah ) AND eat . theme ( x _ 2 , x _ 1 ) AND touch . agent ( x _ 3 , Liam ) AND touch . theme ( x _ 3 , x _ 1 )	elips_RNR_gen
A guest appreciated and Noah found Emma .	guest ( x _ 0 ) AND appreciate . agent ( x _ 1 , x _ 0 ) AND appreciate . theme ( x _ 1 , Emma ) AND find . agent ( x _ 2 , Noah ) AND find . theme ( x _ 2 , Emma )	elips_RNR_gen
The girl ate and Ava stabbed Lucas .	* girl ( x _ 0 ) ; eat . agent ( x _ 1 , x _ 0 ) AND eat . theme ( x _ 1 , Lucas ) AND stab . agent ( x _ 2 , Ava ) AND stab . theme ( x _ 2 , Lucas )	elips_RNR_gen
Andrew liked and Liam loved a moose .	moose ( x _ 1 ) AND like . agent ( x _ 2 , Andrew ) AND like . theme ( x _ 2 , x _ 1 ) AND love . agent ( x _ 3 , Liam ) AND love . theme ( x _ 3 , x _ 1 )	elips_RNR_gen
Charlotte hunted and the girl helped a moose .	* girl ( x _ 1 ) ; moose ( x _ 2 ) AND hunt . agent ( x _ 3 , Charlotte ) AND hunt . theme ( x _ 3 , x _ 2 ) AND help . agent ( x _ 4 , x _ 1 ) AND help . theme ( x _ 4 , x _ 2 )	elips_RNR_gen
A dog ate and a girl liked Avery .	dog ( x _ 0 ) AND girl ( x _ 1 ) AND eat . agent ( x _ 2 , x _ 0 ) AND eat . theme ( x _ 2 , Avery ) AND like . agent ( x _ 3 , x _ 1 ) AND like . theme ( x _ 3 , Avery )	elips_RNR_gen
Lincoln liked and a monkey pierced the pig .	* pig ( x _ 2 ) ; monkey ( x _ 1 ) AND like . agent ( x _ 3 , Lincoln ) AND like . theme ( x _ 3 , x _ 2 ) AND pierce . agent ( x _ 4 , x _ 1 ) AND pierce . theme ( x _ 4 , x _ 2 )	elips_RNR_gen
Aria valued and Emma stabbed Ella .	value . agent ( x _ 0 , Aria ) AND value . theme ( x _ 0 , Ella ) AND stab . agent ( x _ 1 , Emma ) AND stab . theme ( x _ 1 , Ella )	elips_RNR_gen
A girl drew and Oliver threw a researcher .	girl ( x _ 0 ) AND researcher ( x _ 2 ) AND draw . agent ( x _ 3 , x _ 0 ) AND draw . theme ( x _ 3 , x _ 2 ) AND throw . agent ( x _ 4 , Oliver ) AND throw . theme ( x _ 4 , x _ 2 )	elips_RNR_gen
Elizabeth helped and the cow loved a moose .	* cow ( x _ 1 ) ; moose ( x _ 2 ) AND help . agent ( x _ 3 , Elizabeth ) AND help . theme ( x _ 3 , x _ 2 ) AND love . agent ( x _ 4 , x _ 1 ) AND love . theme ( x _ 4 , x _ 2 )	elips_RNR_gen
Emma admired and Mia threw a consumer .	consumer ( x _ 1 ) AND admire . agent ( x _ 2 , Emma ) AND admire . theme ( x _ 2 , x _ 1 ) AND throw . agent ( x _ 3 , Mia ) AND throw . theme ( x _ 3 , x _ 1 )	elips_RNR_gen
The politician drew and Liam liked a lamb .	* politician ( x _ 0 ) ; lamb ( x _ 2 ) AND draw . agent ( x _ 3 , x _ 0 ) AND draw . theme ( x _ 3 , x _ 2 ) AND like . agent ( x _ 4 , Liam ) AND like . theme ( x _ 4 , x _ 2 )	elips_RNR_gen
Mateo heard and Noah valued Emma .	hear . agent ( x _ 0 , Mateo ) AND hear . theme ( x _ 0 , Emma ) AND value . agent ( x _ 1 , Noah ) AND value . theme ( x _ 1 , Emma )	elips_RNR_gen
Liam liked and a dog admired the chief .	* chief ( x _ 2 ) ; dog ( x _ 1 ) AND like . agent ( x _ 3 , Liam ) AND like . theme ( x _ 3 , x _ 2 ) AND admire . agent ( x _ 4 , x _ 1 ) AND admire . theme ( x _ 4 , x _ 2 )	elips_RNR_gen
A frog juggled and Liam respected the fish .	* fish ( x _ 2 ) ; frog ( x _ 0 ) AND juggle . agent ( x _ 3 , x _ 0 ) AND juggle . theme ( x _ 3 , x _ 2 ) AND respect . agent ( x _ 4 , Liam ) AND respect . theme ( x _ 4 , x _ 2 )	elips_RNR_gen
A dog ate and a bear respected a moose .	dog ( x _ 0 ) AND moose ( x _ 3 ) AND bear ( x _ 2 ) AND eat . agent ( x _ 4 , x _ 0 ) AND eat . theme ( x _ 4 , x _ 3 ) AND respect . agent ( x _ 5 , x _ 2 ) AND respect . theme ( x _ 5 , x _ 3 )	elips_RNR_gen
A lamb liked and Emma liked a fish .	lamb ( x _ 0 ) AND fish ( x _ 2 ) AND like . agent ( x _ 3 , x _ 0 ) AND like . theme ( x _ 3 , x _ 2 ) AND like . agent ( x _ 4 , Emma ) AND like . theme ( x _ 4 , x _ 2 )	elips_RNR_gen
Ava missed and Emma liked Elijah .	miss . agent ( x _ 0 , Ava ) AND miss . theme ( x _ 0 , Elijah ) AND like . agent ( x _ 1 , Emma ) AND like . theme ( x _ 1 , Elijah )	elips_RNR_gen
A dog painted and the scientist stabbed a pig .	* scientist ( x _ 2 ) ; dog ( x _ 0 ) AND pig ( x _ 3 ) AND paint . agent ( x _ 4 , x _ 0 ) AND paint . theme ( x _ 4 , x _ 3 ) AND stab . agent ( x _ 5 , x _ 2 ) AND stab . theme ( x _ 5 , x _ 3 )	elips_RNR_gen
The frog helped and a teacher helped a sheep .	* frog ( x _ 0 ) ; sheep ( x _ 3 ) AND teacher ( x _ 2 ) AND help . agent ( x _ 4 , x _ 0 ) AND help . theme ( x _ 4 , x _ 3 ) AND help . agent ( x _ 5 , x _ 2 ) AND help . theme ( x _ 5 , x _ 3 )	elips_RNR_gen
Emma helped and a bunny held a fish .	fish ( x _ 2 ) AND bunny ( x _ 1 ) AND help . agent ( x _ 3 , Emma ) AND help . theme ( x _ 3 , x _ 2 ) AND hold . agent ( x _ 4 , x _ 1 ) AND hold . theme ( x _ 4 , x _ 2 )	elips_RNR_gen
Audrey liked and a dog liked a squirrel .	squirrel ( x _ 2 ) AND dog ( x _ 1 ) AND like . agent ( x _ 3 , Audrey ) AND like . theme ( x _ 3 , x _ 2 ) AND like . agent ( x _ 4 , x _ 1 ) AND like . theme ( x _ 4 , x _ 2 )	elips_RNR_gen
Emma noticed and a boy found Olivia .	boy ( x _ 0 ) AND notice . agent ( x _ 1 , Emma ) AND notice . theme ( x _ 1 , Olivia ) AND find . agent ( x _ 2 , x _ 0 ) AND find . theme ( x _ 2 , Olivia )	elips_RNR_gen
Henry appreciated and the frog loved the guard .	* guard ( x _ 2 ) ; * frog ( x _ 1 ) ; appreciate . agent ( x _ 3 , Henry ) AND appreciate . theme ( x _ 3 , x _ 2 ) AND love . agent ( x _ 4 , x _ 1 ) AND love . theme ( x _ 4 , x _ 2 )	elips_RNR_gen
A girl found and the dog helped Emma .	* dog ( x _ 1 ) ; girl ( x _ 0 ) AND find . agent ( x _ 2 , x _ 0 ) AND find . theme ( x _ 2 , Emma ) AND help . agent ( x _ 3 , x _ 1 ) AND help . theme ( x _ 3 , Emma )	elips_RNR_gen
The cat studied and the lion loved Emily .	* cat ( x _ 0 ) ; * lion ( x _ 1 ) ; study . agent ( x _ 2 , x _ 0 ) AND study . theme ( x _ 2 , Emily ) AND love . agent ( x _ 3 , x _ 1 ) AND love . theme ( x _ 3 , Emily )	elips_RNR_gen
A child held and Oliver liked the turtle .	* turtle ( x _ 2 ) ; child ( x _ 0 ) AND hold . agent ( x _ 3 , x _ 0 ) AND hold . theme ( x _ 3 , x _ 2 ) AND like . agent ( x _ 4 , Oliver ) AND like . theme ( x _ 4 , x _ 2 )	elips_RNR_gen
Riley liked and the dog helped Sofia .	* dog ( x _ 0 ) ; like . agent ( x _ 1 , Riley ) AND like . theme ( x _ 1 , Sofia ) AND help . agent ( x _ 2 , x _ 0 ) AND help . theme ( x _ 2 , Sofia )	elips_RNR_gen
The baby ate and a politician liked Liam .	* baby ( x _ 0 ) ; politician ( x _ 1 ) AND eat . agent ( x _ 2 , x _ 0 ) AND eat . theme ( x _ 2 , Liam ) AND like . agent ( x _ 3 , x _ 1 ) AND like . theme ( x _ 3 , Liam )	elips_RNR_gen
Mia saw and the girl respected Liam .	* girl ( x _ 0 ) ; see . agent ( x _ 1 , Mia ) AND see . theme ( x _ 1 , Liam ) AND respect . agent ( x _ 2 , x _ 0 ) AND respect . theme ( x _ 2 , Liam )	elips_RNR_gen
Noah heard and Emma liked Abigail .	hear . agent ( x _ 0 , Noah ) AND hear . theme ( x _ 0 , Abigail ) AND like . agent ( x _ 1 , Emma ) AND like . theme ( x _ 1 , Abigail )	elips_RNR_gen
William found and Avery respected Emma .	find . agent ( x _ 0 , William ) AND find . theme ( x _ 0 , Emma ) AND respect . agent ( x _ 1 , Avery ) AND respect . theme ( x _ 1 , Emma )	elips_RNR_gen
Layla ate and Caleb threw the pig .	* pig ( x _ 1 ) ; eat . agent ( x _ 2 , Layla ) AND eat . theme ( x _ 2 , x _ 1 ) AND throw . agent ( x _ 3 , Caleb ) AND throw . theme ( x _ 3 , x _ 1 )	elips_RNR_gen
Sophia hunted and the girl liked a prisoner .	* girl ( x _ 1 ) ; prisoner ( x _ 2 ) AND hunt . agent ( x _ 3 , Sophia ) AND hunt . theme ( x _ 3 , x _ 2 ) AND like . agent ( x _ 4 , x _ 1 ) AND like . theme ( x _ 4 , x _ 2 )	elips_RNR_gen
The student liked and a girl touched the fish .	* student ( x _ 0 ) ; * fish ( x _ 3 ) ; girl ( x _ 2 ) AND like . agent ( x _ 4 , x _ 0 ) AND like . theme ( x _ 4 , x _ 3 ) AND touch . agent ( x _ 5 , x _ 2 ) AND touch . theme ( x _ 5 , x _ 3 )	elips_RNR_gen
Layla poked and the cat poked the sheep .	* sheep ( x _ 2 ) ; * cat ( x _ 1 ) ; poke . agent ( x _ 3 , Layla ) AND poke . theme ( x _ 3 , x _ 2 ) AND poke . agent ( x _ 4 , x _ 1 ) AND poke . theme ( x _ 4 , x _ 2 )	elips_RNR_gen
The baby helped and a girl respected Liam .	* baby ( x _ 0 ) ; girl ( x _ 1 ) AND help . agent ( x _ 2 , x _ 0 ) AND help . theme ( x _ 2 , Liam ) AND respect . agent ( x _ 3 , x _ 1 ) AND respect . theme ( x _ 3 , Liam )	elips_RNR_gen
Emma liked and the cow found Liam .	* cow ( x _ 0 ) ; like . agent ( x _ 1 , Emma ) AND like . theme ( x _ 1 , Liam ) AND find . agent ( x _ 2 , x _ 0 ) AND find . theme ( x _ 2 , Liam )	elips_RNR_gen
Luna ate and the cow respected a fish .	* cow ( x _ 1 ) ; fish ( x _ 2 ) AND eat . agent ( x _ 3 , Luna ) AND eat . theme ( x _ 3 , x _ 2 ) AND respect . agent ( x _ 4 , x _ 1 ) AND respect . theme ( x _ 4 , x _ 2 )	elips_RNR_gen
A bird painted and Riley liked a buyer .	bird ( x _ 0 ) AND buyer ( x _ 2 ) AND paint . agent ( x _ 3 , x _ 0 ) AND paint . theme ( x _ 3 , x _ 2 ) AND like . agent ( x _ 4 , Riley ) AND like . theme ( x _ 4 , x _ 2 )	elips_RNR_gen
A child drew and Harper admired a governor .	child ( x _ 0 ) AND governor ( x _ 2 ) AND draw . agent ( x _ 3 , x _ 0 ) AND draw . theme ( x _ 3 , x _ 2 ) AND admire . agent ( x _ 4 , Harper ) AND admire . theme ( x _ 4 , x _ 2 )	elips_RNR_gen
The boy ate and a baby respected a fish .	* boy ( x _ 0 ) ; fish ( x _ 3 ) AND baby ( x _ 2 ) AND eat . agent ( x _ 4 , x _ 0 ) AND eat . theme ( x _ 4 , x _ 3 ) AND respect . agent ( x _ 5 , x _ 2 ) AND respect . theme ( x _ 5 , x _ 3 )	elips_RNR_gen
A bear ate and Mia appreciated Emma .	bear ( x _ 0 ) AND eat . agent ( x _ 1 , x _ 0 ) AND eat . theme ( x _ 1 , Emma ) AND appreciate . agent ( x _ 2 , Mia ) AND appreciate . theme ( x _ 2 , Emma )	elips_RNR_gen
A boy touched and the girl liked Olivia .	* girl ( x _ 1 ) ; boy ( x _ 0 ) AND touch . agent ( x _ 2 , x _ 0 ) AND touch . theme ( x _ 2 , Olivia ) AND like . agent ( x _ 3 , x _ 1 ) AND like . theme ( x _ 3 , Olivia )	elips_RNR_gen
Emma studied and a duck tossed the turtle .	* turtle ( x _ 2 ) ; duck ( x _ 1 ) AND study . agent ( x _ 3 , Emma ) AND study . theme ( x _ 3 , x _ 2 ) AND toss . agent ( x _ 4 , x _ 1 ) AND toss . theme ( x _ 4 , x _ 2 )	elips_RNR_gen
The horse noticed and Emma found Liam .	* horse ( x _ 0 ) ; notice . agent ( x _ 1 , x _ 0 ) AND notice . theme ( x _ 1 , Liam ) AND find . agent ( x _ 2 , Emma ) AND find . theme ( x _ 2 , Liam )	elips_RNR_gen
The monster drew and Isabella liked Emma .	* monster ( x _ 0 ) ; draw . agent ( x _ 1 , x _ 0 ) AND draw . theme ( x _ 1 , Emma ) AND like . agent ( x _ 2 , Isabella ) AND like . theme ( x _ 2 , Emma )	elips_RNR_gen
Avery observed and a friend valued the squirrel .	* squirrel ( x _ 2 ) ; friend ( x _ 1 ) AND observe . agent ( x _ 3 , Avery ) AND observe . theme ( x _ 3 , x _ 2 ) AND value . agent ( x _ 4 , x _ 1 ) AND value . theme ( x _ 4 , x _ 2 )	elips_RNR_gen
Ryan ate and Sophia found a pig .	pig ( x _ 1 ) AND eat . agent ( x _ 2 , Ryan ) AND eat . theme ( x _ 2 , x _ 1 ) AND find . agent ( x _ 3 , Sophia ) AND find . theme ( x _ 3 , x _ 1 )	elips_RNR_gen
The judge knew and Emma liked the fish .	* judge ( x _ 0 ) ; * fish ( x _ 2 ) ; know . agent ( x _ 3 , x _ 0 ) AND know . theme ( x _ 3 , x _ 2 ) AND like . agent ( x _ 4 , Emma ) AND like . theme ( x _ 4 , x _ 2 )	elips_RNR_gen
The girl juggled and Noah appreciated the priest .	* girl ( x _ 0 ) ; * priest ( x _ 2 ) ; juggle . agent ( x _ 3 , x _ 0 ) AND juggle . theme ( x _ 3 , x _ 2 ) AND appreciate . agent ( x _ 4 , Noah ) AND appreciate . theme ( x _ 4 , x _ 2 )	elips_RNR_gen
A girl helped and William helped James .	girl ( x _ 0 ) AND help . agent ( x _ 1 , x _ 0 ) AND help . theme ( x _ 1 , James ) AND help . agent ( x _ 2 , William ) AND help . theme ( x _ 2 , James )	elips_RNR_gen
The boy tolerated and a frog found Liam .	* boy ( x _ 0 ) ; frog ( x _ 1 ) AND tolerate . agent ( x _ 2 , x _ 0 ) AND tolerate . theme ( x _ 2 , Liam ) AND find . agent ( x _ 3 , x _ 1 ) AND find . theme ( x _ 3 , Liam )	elips_RNR_gen
The chicken worshipped and the wolf found the pig .	* chicken ( x _ 0 ) ; * pig ( x _ 3 ) ; * wolf ( x _ 2 ) ; worship . agent ( x _ 4 , x _ 0 ) AND worship . theme ( x _ 4 , x _ 3 ) AND find . agent ( x _ 5 , x _ 2 ) AND find . theme ( x _ 5 , x _ 3 )	elips_RNR_gen
Olivia ate and a pupil liked the lamb .	* lamb ( x _ 2 ) ; pupil ( x _ 1 ) AND eat . agent ( x _ 3 , Olivia ) AND eat . theme ( x _ 3 , x _ 2 ) AND like . agent ( x _ 4 , x _ 1 ) AND like . theme ( x _ 4 , x _ 2 )	elips_RNR_gen
James called and Olivia liked a politician .	politician ( x _ 1 ) AND call . agent ( x _ 2 , James ) AND call . theme ( x _ 2 , x _ 1 ) AND like . agent ( x _ 3 , Olivia ) AND like . theme ( x _ 3 , x _ 1 )	elips_RNR_gen
A girl juggled and Grace held the fish .	* fish ( x _ 2 ) ; girl ( x _ 0 ) AND juggle . agent ( x _ 3 , x _ 0 ) AND juggle . theme ( x _ 3 , x _ 2 ) AND hold . agent ( x _ 4 , Grace ) AND hold . theme ( x _ 4 , x _ 2 )	elips_RNR_gen
Liam juggled and Sophia poked a pupil .	pupil ( x _ 1 ) AND juggle . agent ( x _ 2 , Liam ) AND juggle . theme ( x _ 2 , x _ 1 ) AND poke . agent ( x _ 3 , Sophia ) AND poke . theme ( x _ 3 , x _ 1 )	elips_RNR_gen
A girl ate and Emma found a chief .	girl ( x _ 0 ) AND chief ( x _ 2 ) AND eat . agent ( x _ 3 , x _ 0 ) AND eat . theme ( x _ 3 , x _ 2 ) AND find . agent ( x _ 4 , Emma ) AND find . theme ( x _ 4 , x _ 2 )	elips_RNR_gen
Grace ate and the bear helped Noah .	* bear ( x _ 0 ) ; eat . agent ( x _ 1 , Grace ) AND eat . theme ( x _ 1 , Noah ) AND help . agent ( x _ 2 , x _ 0 ) AND help . theme ( x _ 2 , Noah )	elips_RNR_gen
The dog liked and Liam missed the pupil .	* dog ( x _ 0 ) ; * pupil ( x _ 2 ) ; like . agent ( x _ 3 , x _ 0 ) AND like . theme ( x _ 3 , x _ 2 ) AND miss . agent ( x _ 4 , Liam ) AND miss . theme ( x _ 4 , x _ 2 )	elips_RNR_gen
A girl dusted and Isabella liked Ava .	girl ( x _ 0 ) AND dust . agent ( x _ 1 , x _ 0 ) AND dust . theme ( x _ 1 , Ava ) AND like . agent ( x _ 2 , Isabella ) AND like . theme ( x _ 2 , Ava )	elips_RNR_gen
Liam helped and a tiger liked James .	tiger ( x _ 0 ) AND help . agent ( x _ 1 , Liam ) AND help . theme ( x _ 1 , James ) AND like . agent ( x _ 2 , x _ 0 ) AND like . theme ( x _ 2 , James )	elips_RNR_gen
A girl painted and Jayden helped Emma .	girl ( x _ 0 ) AND paint . agent ( x _ 1 , x _ 0 ) AND paint . theme ( x _ 1 , Emma ) AND help . agent ( x _ 2 , Jayden ) AND help . theme ( x _ 2 , Emma )	elips_RNR_gen
Liam appreciated and Logan poked the turtle .	* turtle ( x _ 1 ) ; appreciate . agent ( x _ 2 , Liam ) AND appreciate . theme ( x _ 2 , x _ 1 ) AND poke . agent ( x _ 3 , Logan ) AND poke . theme ( x _ 3 , x _ 1 )	elips_RNR_gen
Logan painted and Amelia liked Emma .	paint . agent ( x _ 0 , Logan ) AND paint . theme ( x _ 0 , Emma ) AND like . agent ( x _ 1 , Amelia ) AND like . theme ( x _ 1 , Emma )	elips_RNR_gen
Lillian ate and a guest helped Emma .	guest ( x _ 0 ) AND eat . agent ( x _ 1 , Lillian ) AND eat . theme ( x _ 1 , Emma ) AND help . agent ( x _ 2 , x _ 0 ) AND help . theme ( x _ 2 , Emma )	elips_RNR_gen
A girl painted and Emma liked the fish .	* fish ( x _ 2 ) ; girl ( x _ 0 ) AND paint . agent ( x _ 3 , x _ 0 ) AND paint . theme ( x _ 3 , x _ 2 ) AND like . agent ( x _ 4 , Emma ) AND like . theme ( x _ 4 , x _ 2 )	elips_RNR_gen
Evelyn found and Nora admired a turtle .	turtle ( x _ 1 ) AND find . agent ( x _ 2 , Evelyn ) AND find . theme ( x _ 2 , x _ 1 ) AND admire . agent ( x _ 3 , Nora ) AND admire . theme ( x _ 3 , x _ 1 )	elips_RNR_gen
A girl liked and Sebastian found Emma .	girl ( x _ 0 ) AND like . agent ( x _ 1 , x _ 0 ) AND like . theme ( x _ 1 , Emma ) AND find . agent ( x _ 2 , Sebastian ) AND find . theme ( x _ 2 , Emma )	elips_RNR_gen
The girl ate and Emma found Noah .	* girl ( x _ 0 ) ; eat . agent ( x _ 1 , x _ 0 ) AND eat . theme ( x _ 1 , Noah ) AND find . agent ( x _ 2 , Emma ) AND find . theme ( x _ 2 , Noah )	elips_RNR_gen
The dog knew and a boy adored Emma .	* dog ( x _ 0 ) ; boy ( x _ 1 ) AND know . agent ( x _ 2 , x _ 0 ) AND know . theme ( x _ 2 , Emma ) AND adore . agent ( x _ 3 , x _ 1 ) AND adore . theme ( x _ 3 , Emma )	elips_RNR_gen
Jayden liked and Emma liked Sophia .	like . agent ( x _ 0 , Jayden ) AND like . theme ( x _ 0 , Sophia ) AND like . agent ( x _ 1 , Emma ) AND like . theme ( x _ 1 , Sophia )	elips_RNR_gen
The boy liked and Logan helped Luna .	* boy ( x _ 0 ) ; like . agent ( x _ 1 , x _ 0 ) AND like . theme ( x _ 1 , Luna ) AND help . agent ( x _ 2 , Logan ) AND help . theme ( x _ 2 , Luna )	elips_RNR_gen
Amelia cooked and the girl missed a squirrel .	* girl ( x _ 1 ) ; squirrel ( x _ 2 ) AND cook . agent ( x _ 3 , Amelia ) AND cook . theme ( x _ 3 , x _ 2 ) AND miss . agent ( x _ 4 , x _ 1 ) AND miss . theme ( x _ 4 , x _ 2 )	elips_RNR_gen
A baby ate and Lucas liked a squirrel .	baby ( x _ 0 ) AND squirrel ( x _ 2 ) AND eat . agent ( x _ 3 , x _ 0 ) AND eat . theme ( x _ 3 , x _ 2 ) AND like . agent ( x _ 4 , Lucas ) AND like . theme ( x _ 4 , x _ 2 )	elips_RNR_gen
Ethan drew and a cat tossed a fish .	fish ( x _ 2 ) AND cat ( x _ 1 ) AND draw . agent ( x _ 3 , Ethan ) AND draw . theme ( x _ 3 , x _ 2 ) AND toss . agent ( x _ 4 , x _ 1 ) AND toss . theme ( x _ 4 , x _ 2 )	elips_RNR_gen
The passenger touched and a prisoner found Liam .	* passenger ( x _ 0 ) ; prisoner ( x _ 1 ) AND touch . agent ( x _ 2 , x _ 0 ) AND touch . theme ( x _ 2 , Liam ) AND find . agent ( x _ 3 , x _ 1 ) AND find . theme ( x _ 3 , Liam )	elips_RNR_gen
Levi liked and Olivia loved Emma .	like . agent ( x _ 0 , Levi ) AND like . theme ( x _ 0 , Emma ) AND love . agent ( x _ 1 , Olivia ) AND love . theme ( x _ 1 , Emma )	elips_RNR_gen
A girl painted and the cat admired Charlotte .	* cat ( x _ 1 ) ; girl ( x _ 0 ) AND paint . agent ( x _ 2 , x _ 0 ) AND paint . theme ( x _ 2 , Charlotte ) AND admire . agent ( x _ 3 , x _ 1 ) AND admire . theme ( x _ 3 , Charlotte )	elips_RNR_gen
Amelia ate and the girl liked James .	* girl ( x _ 0 ) ; eat . agent ( x _ 1 , Amelia ) AND eat . theme ( x _ 1 , James ) AND like . agent ( x _ 2 , x _ 0 ) AND like . theme ( x _ 2 , James )	elips_RNR_gen
A chicken noticed and Emma helped the fish .	* fish ( x _ 2 ) ; chicken ( x _ 0 ) AND notice . agent ( x _ 3 , x _ 0 ) AND notice . theme ( x _ 3 , x _ 2 ) AND help . agent ( x _ 4 , Emma ) AND help . theme ( x _ 4 , x _ 2 )	elips_RNR_gen
Olivia ate and Benjamin liked Noah .	eat . agent ( x _ 0 , Olivia ) AND eat . theme ( x _ 0 , Noah ) AND like . agent ( x _ 1 , Benjamin ) AND like . theme ( x _ 1 , Noah )	elips_RNR_gen
Liam painted and the kitty liked the fish .	* fish ( x _ 2 ) ; * kitty ( x _ 1 ) ; paint . agent ( x _ 3 , Liam ) AND paint . theme ( x _ 3 , x _ 2 ) AND like . agent ( x _ 4 , x _ 1 ) AND like . theme ( x _ 4 , x _ 2 )	elips_RNR_gen
Noah helped and the cat tossed Emma .	* cat ( x _ 0 ) ; help . agent ( x _ 1 , Noah ) AND help . theme ( x _ 1 , Emma ) AND toss . agent ( x _ 2 , x _ 0 ) AND toss . theme ( x _ 2 , Emma )	elips_RNR_gen
A bear nursed and the girl worshipped a moose .	* girl ( x _ 2 ) ; bear ( x _ 0 ) AND moose ( x _ 3 ) AND nurse . agent ( x _ 4 , x _ 0 ) AND nurse . theme ( x _ 4 , x _ 3 ) AND worship . agent ( x _ 5 , x _ 2 ) AND worship . theme ( x _ 5 , x _ 3 )	elips_RNR_gen
A mouse ate and the citizen worshipped the politician .	* politician ( x _ 3 ) ; * citizen ( x _ 2 ) ; mouse ( x _ 0 ) AND eat . agent ( x _ 4 , x _ 0 ) AND eat . theme ( x _ 4 , x _ 3 ) AND worship . agent ( x _ 5 , x _ 2 ) AND worship . theme ( x _ 5 , x _ 3 )	elips_RNR_gen
Sophia ate and a boy liked Olivia .	boy ( x _ 0 ) AND eat . agent ( x _ 1 , Sophia ) AND eat . theme ( x _ 1 , Olivia ) AND like . agent ( x _ 2 , x _ 0 ) AND like . theme ( x _ 2 , Olivia )	elips_RNR_gen
The boy liked and a bee found a chief .	* boy ( x _ 0 ) ; chief ( x _ 3 ) AND bee ( x _ 2 ) AND like . agent ( x _ 4 , x _ 0 ) AND like . theme ( x _ 4 , x _ 3 ) AND find . agent ( x _ 5 , x _ 2 ) AND find . theme ( x _ 5 , x _ 3 )	elips_RNR_gen
A horse helped and a girl held Liam .	horse ( x _ 0 ) AND girl ( x _ 1 ) AND help . agent ( x _ 2 , x _ 0 ) AND help . theme ( x _ 2 , Liam ) AND hold . agent ( x _ 3 , x _ 1 ) AND hold . theme ( x _ 3 , Liam )	elips_RNR_gen
A turtle liked and a girl tossed the champion .	* champion ( x _ 3 ) ; turtle ( x _ 0 ) AND girl ( x _ 2 ) AND like . agent ( x _ 4 , x _ 0 ) AND like . theme ( x _ 4 , x _ 3 ) AND toss . agent ( x _ 5 , x _ 2 ) AND toss . theme ( x _ 5 , x _ 3 )	elips_RNR_gen
The servant heard and a horse liked the fish .	* servant ( x _ 0 ) ; * fish ( x _ 3 ) ; horse ( x _ 2 ) AND hear . agent ( x _ 4 , x _ 0 ) AND hear . theme ( x _ 4 , x _ 3 ) AND like . agent ( x _ 5 , x _ 2 ) AND like . theme ( x _ 5 , x _ 3 )	elips_RNR_gen
The girl dusted and a boy helped Amelia .	* girl ( x _ 0 ) ; boy ( x _ 1 ) AND dust . agent ( x _ 2 , x _ 0 ) AND dust . theme ( x _ 2 , Amelia ) AND help . agent ( x _ 3 , x _ 1 ) AND help . theme ( x _ 3 , Amelia )	elips_RNR_gen
Olivia liked and Emma appreciated a fish .	fish ( x _ 1 ) AND like . agent ( x _ 2 , Olivia ) AND like . theme ( x _ 2 , x _ 1 ) AND appreciate . agent ( x _ 3 , Emma ) AND appreciate . theme ( x _ 3 , x _ 1 )	elips_RNR_gen
Emma found and a girl liked a pupil .	pupil ( x _ 2 ) AND girl ( x _ 1 ) AND find . agent ( x _ 3 , Emma ) AND find . theme ( x _ 3 , x _ 2 ) AND like . agent ( x _ 4 , x _ 1 ) AND like . theme ( x _ 4 , x _ 2 )	elips_RNR_gen
Emma ate and the girl liked a fish .	* girl ( x _ 1 ) ; fish ( x _ 2 ) AND eat . agent ( x _ 3 , Emma ) AND eat . theme ( x _ 3 , x _ 2 ) AND like . agent ( x _ 4 , x _ 1 ) AND like . theme ( x _ 4 , x _ 2 )	elips_RNR_gen
The horse juggled and the mouse loved Liam .	* horse ( x _ 0 ) ; * mouse ( x _ 1 ) ; juggle . agent ( x _ 2 , x _ 0 ) AND juggle . theme ( x _ 2 , Liam ) AND love . agent ( x _ 3 , x _ 1 ) AND love . theme ( x _ 3 , Liam )	elips_RNR_gen
A lion admired and a customer helped James .	lion ( x _ 0 ) AND customer ( x _ 1 ) AND admire . agent ( x _ 2 , x _ 0 ) AND admire . theme ( x _ 2 , James ) AND help . agent ( x _ 3 , x _ 1 ) AND help . theme ( x _ 3 , James )	elips_RNR_gen
Emma touched and a girl liked a pony .	pony ( x _ 2 ) AND girl ( x _ 1 ) AND touch . agent ( x _ 3 , Emma ) AND touch . theme ( x _ 3 , x _ 2 ) AND like . agent ( x _ 4 , x _ 1 ) AND like . theme ( x _ 4 , x _ 2 )	elips_RNR_gen
A cat cooked and the teacher liked the squirrel .	* squirrel ( x _ 3 ) ; * teacher ( x _ 2 ) ; cat ( x _ 0 ) AND cook . agent ( x _ 4 , x _ 0 ) AND cook . theme ( x _ 4 , x _ 3 ) AND like . agent ( x _ 5 , x _ 2 ) AND like . theme ( x _ 5 , x _ 3 )	elips_RNR_gen
The coach liked and the girl found a fish .	* coach ( x _ 0 ) ; * girl ( x _ 2 ) ; fish ( x _ 3 ) AND like . agent ( x _ 4 , x _ 0 ) AND like . theme ( x _ 4 , x _ 3 ) AND find . agent ( x _ 5 , x _ 2 ) AND find . theme ( x _ 5 , x _ 3 )	elips_RNR_gen
Benjamin respected and James missed Evelyn .	respect . agent ( x _ 0 , Benjamin ) AND respect . theme ( x _ 0 , Evelyn ) AND miss . agent ( x _ 1 , James ) AND miss . theme ( x _ 1 , Evelyn )	elips_RNR_gen
Emma ate and a dog loved the prince .	* prince ( x _ 2 ) ; dog ( x _ 1 ) AND eat . agent ( x _ 3 , Emma ) AND eat . theme ( x _ 3 , x _ 2 ) AND love . agent ( x _ 4 , x _ 1 ) AND love . theme ( x _ 4 , x _ 2 )	elips_RNR_gen
A mouse liked and a girl helped Ava .	mouse ( x _ 0 ) AND girl ( x _ 1 ) AND like . agent ( x _ 2 , x _ 0 ) AND like . theme ( x _ 2 , Ava ) AND help . agent ( x _ 3 , x _ 1 ) AND help . theme ( x _ 3 , Ava )	elips_RNR_gen
Oliver helped and Emma liked Elijah .	help . agent ( x _ 0 , Oliver ) AND help . theme ( x _ 0 , Elijah ) AND like . agent ( x _ 1 , Emma ) AND like . theme ( x _ 1 , Elijah )	elips_RNR_gen
Liam pierced and Noah stabbed Mia .	pierce . agent ( x _ 0 , Liam ) AND pierce . theme ( x _ 0 , Mia ) AND stab . agent ( x _ 1 , Noah ) AND stab . theme ( x _ 1 , Mia )	elips_RNR_gen
Benjamin painted and Liam respected the fish .	* fish ( x _ 1 ) ; paint . agent ( x _ 2 , Benjamin ) AND paint . theme ( x _ 2 , x _ 1 ) AND respect . agent ( x _ 3 , Liam ) AND respect . theme ( x _ 3 , x _ 1 )	elips_RNR_gen
A girl ate and a boy missed the fish .	* fish ( x _ 3 ) ; girl ( x _ 0 ) AND boy ( x _ 2 ) AND eat . agent ( x _ 4 , x _ 0 ) AND eat . theme ( x _ 4 , x _ 3 ) AND miss . agent ( x _ 5 , x _ 2 ) AND miss . theme ( x _ 5 , x _ 3 )	elips_RNR_gen
Luke liked and the cat liked a human .	* cat ( x _ 1 ) ; human ( x _ 2 ) AND like . agent ( x _ 3 , Luke ) AND like . theme ( x _ 3 , x _ 2 ) AND like . agent ( x _ 4 , x _ 1 ) AND like . theme ( x _ 4 , x _ 2 )	elips_RNR_gen
A girl missed and Emma liked the fish .	* fish ( x _ 2 ) ; girl ( x _ 0 ) AND miss . agent ( x _ 3 , x _ 0 ) AND miss . theme ( x _ 3 , x _ 2 ) AND like . agent ( x _ 4 , Emma ) AND like . theme ( x _ 4 , x _ 2 )	elips_RNR_gen
Liam juggled and Charlotte liked a moose .	moose ( x _ 1 ) AND juggle . agent ( x _ 2 , Liam ) AND juggle . theme ( x _ 2 , x _ 1 ) AND like . agent ( x _ 3 , Charlotte ) AND like . theme ( x _ 3 , x _ 1 )	elips_RNR_gen
The boy liked and the creature tolerated Emma .	* boy ( x _ 0 ) ; * creature ( x _ 1 ) ; like . agent ( x _ 2 , x _ 0 ) AND like . theme ( x _ 2 , Emma ) AND tolerate . agent ( x _ 3 , x _ 1 ) AND tolerate . theme ( x _ 3 , Emma )	elips_RNR_gen
The student drew and Emma worshipped the turtle .	* student ( x _ 0 ) ; * turtle ( x _ 2 ) ; draw . agent ( x _ 3 , x _ 0 ) AND draw . theme ( x _ 3 , x _ 2 ) AND worship . agent ( x _ 4 , Emma ) AND worship . theme ( x _ 4 , x _ 2 )	elips_RNR_gen
The girl ate and Mila helped the moose .	* girl ( x _ 0 ) ; * moose ( x _ 2 ) ; eat . agent ( x _ 3 , x _ 0 ) AND eat . theme ( x _ 3 , x _ 2 ) AND help . agent ( x _ 4 , Mila ) AND help . theme ( x _ 4 , x _ 2 )	elips_RNR_gen
A girl liked and Emma liked the fish .	* fish ( x _ 2 ) ; girl ( x _ 0 ) AND like . agent ( x _ 3 , x _ 0 ) AND like . theme ( x _ 3 , x _ 2 ) AND like . agent ( x _ 4 , Emma ) AND like . theme ( x _ 4 , x _ 2 )	elips_RNR_gen
The giraffe liked and Abigail helped Noah .	* giraffe ( x _ 0 ) ; like . agent ( x _ 1 , x _ 0 ) AND like . theme ( x _ 1 , Noah ) AND help . agent ( x _ 2 , Abigail ) AND help . theme ( x _ 2 , Noah )	elips_RNR_gen
A girl worshipped and Zoey discovered Emma .	girl ( x _ 0 ) AND worship . agent ( x _ 1 , x _ 0 ) AND worship . theme ( x _ 1 , Emma ) AND discover . agent ( x _ 2 , Zoey ) AND discover . theme ( x _ 2 , Emma )	elips_RNR_gen
A cat loved and Emma found Liam .	cat ( x _ 0 ) AND love . agent ( x _ 1 , x _ 0 ) AND love . theme ( x _ 1 , Liam ) AND find . agent ( x _ 2 , Emma ) AND find . theme ( x _ 2 , Liam )	elips_RNR_gen
A monkey liked and Emma helped Liam .	monkey ( x _ 0 ) AND like . agent ( x _ 1 , x _ 0 ) AND like . theme ( x _ 1 , Liam ) AND help . agent ( x _ 2 , Emma ) AND help . theme ( x _ 2 , Liam )	elips_RNR_gen
The cat drew and Ava helped a puppy .	* cat ( x _ 0 ) ; puppy ( x _ 2 ) AND draw . agent ( x _ 3 , x _ 0 ) AND draw . theme ( x _ 3 , x _ 2 ) AND help . agent ( x _ 4 , Ava ) AND help . theme ( x _ 4 , x _ 2 )	elips_RNR_gen
The girl observed and Ava liked Noah .	* girl ( x _ 0 ) ; observe . agent ( x _ 1 , x _ 0 ) AND observe . theme ( x _ 1 , Noah ) AND like . agent ( x _ 2 , Ava ) AND like . theme ( x _ 2 , Noah )	elips_RNR_gen
James packed and a girl admired the turtle .	* turtle ( x _ 2 ) ; girl ( x _ 1 ) AND pack . agent ( x _ 3 , James ) AND pack . theme ( x _ 3 , x _ 2 ) AND admire . agent ( x _ 4 , x _ 1 ) AND admire . theme ( x _ 4 , x _ 2 )	elips_RNR_gen
A girl painted and William found the friend .	* friend ( x _ 2 ) ; girl ( x _ 0 ) AND paint . agent ( x _ 3 , x _ 0 ) AND paint . theme ( x _ 3 , x _ 2 ) AND find . agent ( x _ 4 , William ) AND find . theme ( x _ 4 , x _ 2 )	elips_RNR_gen
The duke tolerated and Liam liked Emma .	* duke ( x _ 0 ) ; tolerate . agent ( x _ 1 , x _ 0 ) AND tolerate . theme ( x _ 1 , Emma ) AND like . agent ( x _ 2 , Liam ) AND like . theme ( x _ 2 , Emma )	elips_RNR_gen
Isabella liked and Benjamin helped Emma .	like . agent ( x _ 0 , Isabella ) AND like . theme ( x _ 0 , Emma ) AND help . agent ( x _ 1 , Benjamin ) AND help . theme ( x _ 1 , Emma )	elips_RNR_gen
Elijah observed and Liam valued Emma .	observe . agent ( x _ 0 , Elijah ) AND observe . theme ( x _ 0 , Emma ) AND value . agent ( x _ 1 , Liam ) AND value . theme ( x _ 1 , Emma )	elips_RNR_gen
The wolf dusted and the girl loved Aiden .	* wolf ( x _ 0 ) ; * girl ( x _ 1 ) ; dust . agent ( x _ 2 , x _ 0 ) AND dust . theme ( x _ 2 , Aiden ) AND love . agent ( x _ 3 , x _ 1 ) AND love . theme ( x _ 3 , Aiden )	elips_RNR_gen
Emma studied and the boy loved Aiden .	* boy ( x _ 0 ) ; study . agent ( x _ 1 , Emma ) AND study . theme ( x _ 1 , Aiden ) AND love . agent ( x _ 2 , x _ 0 ) AND love . theme ( x _ 2 , Aiden )	elips_RNR_gen
Emma appreciated and a human missed a moose .	moose ( x _ 2 ) AND human ( x _ 1 ) AND appreciate . agent ( x _ 3 , Emma ) AND appreciate . theme ( x _ 3 , x _ 2 ) AND miss . agent ( x _ 4 , x _ 1 ) AND miss . theme ( x _ 4 , x _ 2 )	elips_RNR_gen
The cow ate and the girl helped Emily .	* cow ( x _ 0 ) ; * girl ( x _ 1 ) ; eat . agent ( x _ 2 , x _ 0 ) AND eat . theme ( x _ 2 , Emily ) AND help . agent ( x _ 3 , x _ 1 ) AND help . theme ( x _ 3 , Emily )	elips_RNR_gen
The boy nursed and a teacher helped Sophia .	* boy ( x _ 0 ) ; teacher ( x _ 1 ) AND nurse . agent ( x _ 2 , x _ 0 ) AND nurse . theme ( x _ 2 , Sophia ) AND help . agent ( x _ 3 , x _ 1 ) AND help . theme ( x _ 3 , Sophia )	elips_RNR_gen
A girl painted and the boy found Liam .	* boy ( x _ 1 ) ; girl ( x _ 0 ) AND paint . agent ( x _ 2 , x _ 0 ) AND paint . theme ( x _ 2 , Liam ) AND find . agent ( x _ 3 , x _ 1 ) AND find . theme ( x _ 3 , Liam )	elips_RNR_gen
The girl ate and Olivia threw Ava .	* girl ( x _ 0 ) ; eat . agent ( x _ 1 , x _ 0 ) AND eat . theme ( x _ 1 , Ava ) AND throw . agent ( x _ 2 , Olivia ) AND throw . theme ( x _ 2 , Ava )	elips_RNR_gen
A student painted and Benjamin liked the pony .	* pony ( x _ 2 ) ; student ( x _ 0 ) AND paint . agent ( x _ 3 , x _ 0 ) AND paint . theme ( x _ 3 , x _ 2 ) AND like . agent ( x _ 4 , Benjamin ) AND like . theme ( x _ 4 , x _ 2 )	elips_RNR_gen
A girl juggled and James liked Victoria .	girl ( x _ 0 ) AND juggle . agent ( x _ 1 , x _ 0 ) AND juggle . theme ( x _ 1 , Victoria ) AND like . agent ( x _ 2 , James ) AND like . theme ( x _ 2 , Victoria )	elips_RNR_gen
Liam drew and Isabella admired the visitor .	* visitor ( x _ 1 ) ; draw . agent ( x _ 2 , Liam ) AND draw . theme ( x _ 2 , x _ 1 ) AND admire . agent ( x _ 3 , Isabella ) AND admire . theme ( x _ 3 , x _ 1 )	elips_RNR_gen
A girl missed and Amelia liked Emma .	girl ( x _ 0 ) AND miss . agent ( x _ 1 , x _ 0 ) AND miss . theme ( x _ 1 , Emma ) AND like . agent ( x _ 2 , Amelia ) AND like . theme ( x _ 2 , Emma )	elips_RNR_gen
Liam drew and a boy poked the host .	* host ( x _ 2 ) ; boy ( x _ 1 ) AND draw . agent ( x _ 3 , Liam ) AND draw . theme ( x _ 3 , x _ 2 ) AND poke . agent ( x _ 4 , x _ 1 ) AND poke . theme ( x _ 4 , x _ 2 )	elips_RNR_gen
Jacob ate and Olivia loved Liam .	eat . agent ( x _ 0 , Jacob ) AND eat . theme ( x _ 0 , Liam ) AND love . agent ( x _ 1 , Olivia ) AND love . theme ( x _ 1 , Liam )	elips_RNR_gen
The girl valued and Charlotte worshipped the tenant .	* girl ( x _ 0 ) ; * tenant ( x _ 2 ) ; value . agent ( x _ 3 , x _ 0 ) AND value . theme ( x _ 3 , x _ 2 ) AND worship . agent ( x _ 4 , Charlotte ) AND worship . theme ( x _ 4 , x _ 2 )	elips_RNR_gen
Emma liked and Elizabeth liked Mila .	like . agent ( x _ 0 , Emma ) AND like . theme ( x _ 0 , Mila ) AND like . agent ( x _ 1 , Elizabeth ) AND like . theme ( x _ 1 , Mila )	elips_RNR_gen
Ava hunted and Mia missed Emma .	hunt . agent ( x _ 0 , Ava ) AND hunt . theme ( x _ 0 , Emma ) AND miss . agent ( x _ 1 , Mia ) AND miss . theme ( x _ 1 , Emma )	elips_RNR_gen
A chief poked and a baby loved the sheep .	* sheep ( x _ 3 ) ; chief ( x _ 0 ) AND baby ( x _ 2 ) AND poke . agent ( x _ 4 , x _ 0 ) AND poke . theme ( x _ 4 , x _ 3 ) AND love . agent ( x _ 5 , x _ 2 ) AND love . theme ( x _ 5 , x _ 3 )	elips_RNR_gen
Noah nursed and the cat helped the pig .	* pig ( x _ 2 ) ; * cat ( x _ 1 ) ; nurse . agent ( x _ 3 , Noah ) AND nurse . theme ( x _ 3 , x _ 2 ) AND help . agent ( x _ 4 , x _ 1 ) AND help . theme ( x _ 4 , x _ 2 )	elips_RNR_gen
The dog helped and Liam loved Olivia .	* dog ( x _ 0 ) ; help . agent ( x _ 1 , x _ 0 ) AND help . theme ( x _ 1 , Olivia ) AND love . agent ( x _ 2 , Liam ) AND love . theme ( x _ 2 , Olivia )	elips_RNR_gen
Ava appreciated and Emma respected Elijah .	appreciate . agent ( x _ 0 , Ava ) AND appreciate . theme ( x _ 0 , Elijah ) AND respect . agent ( x _ 1 , Emma ) AND respect . theme ( x _ 1 , Elijah )	elips_RNR_gen
The monkey saw and Emma held Charlotte .	* monkey ( x _ 0 ) ; see . agent ( x _ 1 , x _ 0 ) AND see . theme ( x _ 1 , Charlotte ) AND hold . agent ( x _ 2 , Emma ) AND hold . theme ( x _ 2 , Charlotte )	elips_RNR_gen
Liam saw and the boy poked Emma .	* boy ( x _ 0 ) ; see . agent ( x _ 1 , Liam ) AND see . theme ( x _ 1 , Emma ) AND poke . agent ( x _ 2 , x _ 0 ) AND poke . theme ( x _ 2 , Emma )	elips_RNR_gen
William tossed and Mia worshipped Ava .	toss . agent ( x _ 0 , William ) AND toss . theme ( x _ 0 , Ava ) AND worship . agent ( x _ 1 , Mia ) AND worship . theme ( x _ 1 , Ava )	elips_RNR_gen
A cat liked and a girl missed Olivia .	cat ( x _ 0 ) AND girl ( x _ 1 ) AND like . agent ( x _ 2 , x _ 0 ) AND like . theme ( x _ 2 , Olivia ) AND miss . agent ( x _ 3 , x _ 1 ) AND miss . theme ( x _ 3 , Olivia )	elips_RNR_gen
Sophia liked and Emma liked Joseph .	like . agent ( x _ 0 , Sophia ) AND like . theme ( x _ 0 , Joseph ) AND like . agent ( x _ 1 , Emma ) AND like . theme ( x _ 1 , Joseph )	elips_RNR_gen
The mouse poked and Oliver helped the fish .	* mouse ( x _ 0 ) ; * fish ( x _ 2 ) ; poke . agent ( x _ 3 , x _ 0 ) AND poke . theme ( x _ 3 , x _ 2 ) AND help . agent ( x _ 4 , Oliver ) AND help . theme ( x _ 4 , x _ 2 )	elips_RNR_gen
A girl found and Emma liked the duke .	* duke ( x _ 2 ) ; girl ( x _ 0 ) AND find . agent ( x _ 3 , x _ 0 ) AND find . theme ( x _ 3 , x _ 2 ) AND like . agent ( x _ 4 , Emma ) AND like . theme ( x _ 4 , x _ 2 )	elips_RNR_gen
The crocodile adored and a girl helped a human .	* crocodile ( x _ 0 ) ; human ( x _ 3 ) AND girl ( x _ 2 ) AND adore . agent ( x _ 4 , x _ 0 ) AND adore . theme ( x _ 4 , x _ 3 ) AND help . agent ( x _ 5 , x _ 2 ) AND help . theme ( x _ 5 , x _ 3 )	elips_RNR_gen
Liam observed and Emma helped the creature .	* creature ( x _ 1 ) ; observe . agent ( x _ 2 , Liam ) AND observe . theme ( x _ 2 , x _ 1 ) AND help . agent ( x _ 3 , Emma ) AND help . theme ( x _ 3 , x _ 1 )	elips_RNR_gen
Liam liked and the giraffe found the squirrel .	* squirrel ( x _ 2 ) ; * giraffe ( x _ 1 ) ; like . agent ( x _ 3 , Liam ) AND like . theme ( x _ 3 , x _ 2 ) AND find . agent ( x _ 4 , x _ 1 ) AND find . theme ( x _ 4 , x _ 2 )	elips_RNR_gen
The boy admired and Noah admired Emma .	* boy ( x _ 0 ) ; admire . agent ( x _ 1 , x _ 0 ) AND admire . theme ( x _ 1 , Emma ) AND admire . agent ( x _ 2 , Noah ) AND admire . theme ( x _ 2 , Emma )	elips_RNR_gen
The girl dusted and Mason tolerated Emma .	* girl ( x _ 0 ) ; dust . agent ( x _ 1 , x _ 0 ) AND dust . theme ( x _ 1 , Emma ) AND tolerate . agent ( x _ 2 , Mason ) AND tolerate . theme ( x _ 2 , Emma )	elips_RNR_gen
The girl examined and a giraffe appreciated Emma .	* girl ( x _ 0 ) ; giraffe ( x _ 1 ) AND examine . agent ( x _ 2 , x _ 0 ) AND examine . theme ( x _ 2 , Emma ) AND appreciate . agent ( x _ 3 , x _ 1 ) AND appreciate . theme ( x _ 3 , Emma )	elips_RNR_gen
The mouse heard and Noah liked William .	* mouse ( x _ 0 ) ; hear . agent ( x _ 1 , x _ 0 ) AND hear . theme ( x _ 1 , William ) AND like . agent ( x _ 2 , Noah ) AND like . theme ( x _ 2 , William )	elips_RNR_gen
Emma ate and a dog liked Owen .	dog ( x _ 0 ) AND eat . agent ( x _ 1 , Emma ) AND eat . theme ( x _ 1 , Owen ) AND like . agent ( x _ 2 , x _ 0 ) AND like . theme ( x _ 2 , Owen )	elips_RNR_gen
Olivia found and Stella liked the fish .	* fish ( x _ 1 ) ; find . agent ( x _ 2 , Olivia ) AND find . theme ( x _ 2 , x _ 1 ) AND like . agent ( x _ 3 , Stella ) AND like . theme ( x _ 3 , x _ 1 )	elips_RNR_gen
The bunny painted and Emma liked the fish .	* bunny ( x _ 0 ) ; * fish ( x _ 2 ) ; paint . agent ( x _ 3 , x _ 0 ) AND paint . theme ( x _ 3 , x _ 2 ) AND like . agent ( x _ 4 , Emma ) AND like . theme ( x _ 4 , x _ 2 )	elips_RNR_gen
A boy cooked and a sailor liked a lamb .	boy ( x _ 0 ) AND lamb ( x _ 3 ) AND sailor ( x _ 2 ) AND cook . agent ( x _ 4 , x _ 0 ) AND cook . theme ( x _ 4 , x _ 3 ) AND like . agent ( x _ 5 , x _ 2 ) AND like . theme ( x _ 5 , x _ 3 )	elips_RNR_gen
The girl missed and a tourist admired the doctor .	* girl ( x _ 0 ) ; * doctor ( x _ 3 ) ; tourist ( x _ 2 ) AND miss . agent ( x _ 4 , x _ 0 ) AND miss . theme ( x _ 4 , x _ 3 ) AND admire . agent ( x _ 5 , x _ 2 ) AND admire . theme ( x _ 5 , x _ 3 )	elips_RNR_gen
Noah touched and Olivia helped a pupil .	pupil ( x _ 1 ) AND touch . agent ( x _ 2 , Noah ) AND touch . theme ( x _ 2 , x _ 1 ) AND help . agent ( x _ 3 , Olivia ) AND help . theme ( x _ 3 , x _ 1 )	elips_RNR_gen
A boy liked and a girl tossed Emma .	boy ( x _ 0 ) AND girl ( x _ 1 ) AND like . agent ( x _ 2 , x _ 0 ) AND like . theme ( x _ 2 , Emma ) AND toss . agent ( x _ 3 , x _ 1 ) AND toss . theme ( x _ 3 , Emma )	elips_RNR_gen
Chloe helped and a cat liked Benjamin .	cat ( x _ 0 ) AND help . agent ( x _ 1 , Chloe ) AND help . theme ( x _ 1 , Benjamin ) AND like . agent ( x _ 2 , x _ 0 ) AND like . theme ( x _ 2 , Benjamin )	elips_RNR_gen
The resident liked and a duck held Isabella .	* resident ( x _ 0 ) ; duck ( x _ 1 ) AND like . agent ( x _ 2 , x _ 0 ) AND like . theme ( x _ 2 , Isabella ) AND hold . agent ( x _ 3 , x _ 1 ) AND hold . theme ( x _ 3 , Isabella )	elips_RNR_gen
The pony helped and Olivia worshipped Charlotte .	* pony ( x _ 0 ) ; help . agent ( x _ 1 , x _ 0 ) AND help . theme ( x _ 1 , Charlotte ) AND worship . agent ( x _ 2 , Olivia ) AND worship . theme ( x _ 2 , Charlotte )	elips_RNR_gen
The chicken found and the bear discovered a fish .	* chicken ( x _ 0 ) ; * bear ( x _ 2 ) ; fish ( x _ 3 ) AND find . agent ( x _ 4 , x _ 0 ) AND find . theme ( x _ 4 , x _ 3 ) AND discover . agent ( x _ 5 , x _ 2 ) AND discover . theme ( x _ 5 , x _ 3 )	elips_RNR_gen
A girl liked and Emma found Mia .	girl ( x _ 0 ) AND like . agent ( x _ 1 , x _ 0 ) AND like . theme ( x _ 1 , Mia ) AND find . agent ( x _ 2 , Emma ) AND find . theme ( x _ 2 , Mia )	elips_RNR_gen
A dog called and a child admired Emma .	dog ( x _ 0 ) AND child ( x _ 1 ) AND call . agent ( x _ 2 , x _ 0 ) AND call . theme ( x _ 2 , Emma ) AND admire . agent ( x _ 3 , x _ 1 ) AND admire . theme ( x _ 3 , Emma )	elips_RNR_gen
A dog admired and Emma loved the puppy .	* puppy ( x _ 2 ) ; dog ( x _ 0 ) AND admire . agent ( x _ 3 , x _ 0 ) AND admire . theme ( x _ 3 , x _ 2 ) AND love . agent ( x _ 4 , Emma ) AND love . theme ( x _ 4 , x _ 2 )	elips_RNR_gen
Emma liked and a boy liked a moose .	moose ( x _ 2 ) AND boy ( x _ 1 ) AND like . agent ( x _ 3 , Emma ) AND like . theme ( x _ 3 , x _ 2 ) AND like . agent ( x _ 4 , x _ 1 ) AND like . theme ( x _ 4 , x _ 2 )	elips_RNR_gen
Amelia tolerated and Olivia helped Emma .	tolerate . agent ( x _ 0 , Amelia ) AND tolerate . theme ( x _ 0 , Emma ) AND help . agent ( x _ 1 , Olivia ) AND help . theme ( x _ 1 , Emma )	elips_RNR_gen
Olivia liked and Noah liked Liam .	like . agent ( x _ 0 , Olivia ) AND like . theme ( x _ 0 , Liam ) AND like . agent ( x _ 1 , Noah ) AND like . theme ( x _ 1 , Liam )	elips_RNR_gen
Emma studied and the girl liked the moose .	* moose ( x _ 2 ) ; * girl ( x _ 1 ) ; study . agent ( x _ 3 , Emma ) AND study . theme ( x _ 3 , x _ 2 ) AND like . agent ( x _ 4 , x _ 1 ) AND like . theme ( x _ 4 , x _ 2 )	elips_RNR_gen
Emma liked and the boy stabbed the pony .	* pony ( x _ 2 ) ; * boy ( x _ 1 ) ; like . agent ( x _ 3 , Emma ) AND like . theme ( x _ 3 , x _ 2 ) AND stab . agent ( x _ 4 , x _ 1 ) AND stab . theme ( x _ 4 , x _ 2 )	elips_RNR_gen
Emma drew and the child helped William .	* child ( x _ 0 ) ; draw . agent ( x _ 1 , Emma ) AND draw . theme ( x _ 1 , William ) AND help . agent ( x _ 2 , x _ 0 ) AND help . theme ( x _ 2 , William )	elips_RNR_gen
Emma drew and Liam found Evelyn .	draw . agent ( x _ 0 , Emma ) AND draw . theme ( x _ 0 , Evelyn ) AND find . agent ( x _ 1 , Liam ) AND find . theme ( x _ 1 , Evelyn )	elips_RNR_gen
Julian nursed and Liam admired a citizen .	citizen ( x _ 1 ) AND nurse . agent ( x _ 2 , Julian ) AND nurse . theme ( x _ 2 , x _ 1 ) AND admire . agent ( x _ 3 , Liam ) AND admire . theme ( x _ 3 , x _ 1 )	elips_RNR_gen
Olivia found and Emma liked Ava .	find . agent ( x _ 0 , Olivia ) AND find . theme ( x _ 0 , Ava ) AND like . agent ( x _ 1 , Emma ) AND like . theme ( x _ 1 , Ava )	elips_RNR_gen
The girl adored and Isabella missed Liam .	* girl ( x _ 0 ) ; adore . agent ( x _ 1 , x _ 0 ) AND adore . theme ( x _ 1 , Liam ) AND miss . agent ( x _ 2 , Isabella ) AND miss . theme ( x _ 2 , Liam )	elips_RNR_gen
A teacher liked and a duck liked Liam .	teacher ( x _ 0 ) AND duck ( x _ 1 ) AND like . agent ( x _ 2 , x _ 0 ) AND like . theme ( x _ 2 , Liam ) AND like . agent ( x _ 3 , x _ 1 ) AND like . theme ( x _ 3 , Liam )	elips_RNR_gen
Olivia helped and Aurora liked James .	help . agent ( x _ 0 , Olivia ) AND help . theme ( x _ 0 , James ) AND like . agent ( x _ 1 , Aurora ) AND like . theme ( x _ 1 , James )	elips_RNR_gen
A moose ate and a girl helped Noah .	moose ( x _ 0 ) AND girl ( x _ 1 ) AND eat . agent ( x _ 2 , x _ 0 ) AND eat . theme ( x _ 2 , Noah ) AND help . agent ( x _ 3 , x _ 1 ) AND help . theme ( x _ 3 , Noah )	elips_RNR_gen
Noah ate and Liam pierced a farmer .	farmer ( x _ 1 ) AND eat . agent ( x _ 2 , Noah ) AND eat . theme ( x _ 2 , x _ 1 ) AND pierce . agent ( x _ 3 , Liam ) AND pierce . theme ( x _ 3 , x _ 1 )	elips_RNR_gen
Isabella touched and Ava adored William .	touch . agent ( x _ 0 , Isabella ) AND touch . theme ( x _ 0 , William ) AND adore . agent ( x _ 1 , Ava ) AND adore . theme ( x _ 1 , William )	elips_RNR_gen
Ella threw and the captain liked the pupil .	* pupil ( x _ 2 ) ; * captain ( x _ 1 ) ; throw . agent ( x _ 3 , Ella ) AND throw . theme ( x _ 3 , x _ 2 ) AND like . agent ( x _ 4 , x _ 1 ) AND like . theme ( x _ 4 , x _ 2 )	elips_RNR_gen
Elijah drew and Noah helped a creature .	creature ( x _ 1 ) AND draw . agent ( x _ 2 , Elijah ) AND draw . theme ( x _ 2 , x _ 1 ) AND help . agent ( x _ 3 , Noah ) AND help . theme ( x _ 3 , x _ 1 )	elips_RNR_gen
Noah painted and Sophia found Victoria .	paint . agent ( x _ 0 , Noah ) AND paint . theme ( x _ 0 , Victoria ) AND find . agent ( x _ 1 , Sophia ) AND find . theme ( x _ 1 , Victoria )	elips_RNR_gen
Emma painted and Ava liked the sheep .	* sheep ( x _ 1 ) ; paint . agent ( x _ 2 , Emma ) AND paint . theme ( x _ 2 , x _ 1 ) AND like . agent ( x _ 3 , Ava ) AND like . theme ( x _ 3 , x _ 1 )	elips_RNR_gen
Emma respected and a girl loved Mila .	girl ( x _ 0 ) AND respect . agent ( x _ 1 , Emma ) AND respect . theme ( x _ 1 , Mila ) AND love . agent ( x _ 2 , x _ 0 ) AND love . theme ( x _ 2 , Mila )	elips_RNR_gen
The dog ate and Liam appreciated Ethan .	* dog ( x _ 0 ) ; eat . agent ( x _ 1 , x _ 0 ) AND eat . theme ( x _ 1 , Ethan ) AND appreciate . agent ( x _ 2 , Liam ) AND appreciate . theme ( x _ 2 , Ethan )	elips_RNR_gen
A pig liked and Emma held the moose .	* moose ( x _ 2 ) ; pig ( x _ 0 ) AND like . agent ( x _ 3 , x _ 0 ) AND like . theme ( x _ 3 , x _ 2 ) AND hold . agent ( x _ 4 , Emma ) AND hold . theme ( x _ 4 , x _ 2 )	elips_RNR_gen
Liam called and Olivia missed the fish .	* fish ( x _ 1 ) ; call . agent ( x _ 2 , Liam ) AND call . theme ( x _ 2 , x _ 1 ) AND miss . agent ( x _ 3 , Olivia ) AND miss . theme ( x _ 3 , x _ 1 )	elips_RNR_gen
A politician ate and Noah liked Olivia .	politician ( x _ 0 ) AND eat . agent ( x _ 1 , x _ 0 ) AND eat . theme ( x _ 1 , Olivia ) AND like . agent ( x _ 2 , Noah ) AND like . theme ( x _ 2 , Olivia )	elips_RNR_gen
Emma ate and a girl liked Abigail .	girl ( x _ 0 ) AND eat . agent ( x _ 1 , Emma ) AND eat . theme ( x _ 1 , Abigail ) AND like . agent ( x _ 2 , x _ 0 ) AND like . theme ( x _ 2 , Abigail )	elips_RNR_gen
Elizabeth liked and Emma helped Olivia .	like . agent ( x _ 0 , Elizabeth ) AND like . theme ( x _ 0 , Olivia ) AND help . agent ( x _ 1 , Emma ) AND help . theme ( x _ 1 , Olivia )	elips_RNR_gen
A girl drew and the cat helped Liam .	* cat ( x _ 1 ) ; girl ( x _ 0 ) AND draw . agent ( x _ 2 , x _ 0 ) AND draw . theme ( x _ 2 , Liam ) AND help . agent ( x _ 3 , x _ 1 ) AND help . theme ( x _ 3 , Liam )	elips_RNR_gen
James liked and Layla liked a puppy .	puppy ( x _ 1 ) AND like . agent ( x _ 2 , James ) AND like . theme ( x _ 2 , x _ 1 ) AND like . agent ( x _ 3 , Layla ) AND like . theme ( x _ 3 , x _ 1 )	elips_RNR_gen
Olivia liked and the cat helped the buyer .	* buyer ( x _ 2 ) ; * cat ( x _ 1 ) ; like . agent ( x _ 3 , Olivia ) AND like . theme ( x _ 3 , x _ 2 ) AND help . agent ( x _ 4 , x _ 1 ) AND help . theme ( x _ 4 , x _ 2 )	elips_RNR_gen
Olivia helped and a girl adored Elijah .	girl ( x _ 0 ) AND help . agent ( x _ 1 , Olivia ) AND help . theme ( x _ 1 , Elijah ) AND adore . agent ( x _ 2 , x _ 0 ) AND adore . theme ( x _ 2 , Elijah )	elips_RNR_gen
A girl drew and a boy admired Emma .	girl ( x _ 0 ) AND boy ( x _ 1 ) AND draw . agent ( x _ 2 , x _ 0 ) AND draw . theme ( x _ 2 , Emma ) AND admire . agent ( x _ 3 , x _ 1 ) AND admire . theme ( x _ 3 , Emma )	elips_RNR_gen
The dog adored and the dealer liked Sophia .	* dog ( x _ 0 ) ; * dealer ( x _ 1 ) ; adore . agent ( x _ 2 , x _ 0 ) AND adore . theme ( x _ 2 , Sophia ) AND like . agent ( x _ 3 , x _ 1 ) AND like . theme ( x _ 3 , Sophia )	elips_RNR_gen
A boy found and a dog missed Liam .	boy ( x _ 0 ) AND dog ( x _ 1 ) AND find . agent ( x _ 2 , x _ 0 ) AND find . theme ( x _ 2 , Liam ) AND miss . agent ( x _ 3 , x _ 1 ) AND miss . theme ( x _ 3 , Liam )	elips_RNR_gen
Noah ate and a girl stabbed the politician .	* politician ( x _ 2 ) ; girl ( x _ 1 ) AND eat . agent ( x _ 3 , Noah ) AND eat . theme ( x _ 3 , x _ 2 ) AND stab . agent ( x _ 4 , x _ 1 ) AND stab . theme ( x _ 4 , x _ 2 )	elips_RNR_gen
A girl liked and Emma liked a fish .	girl ( x _ 0 ) AND fish ( x _ 2 ) AND like . agent ( x _ 3 , x _ 0 ) AND like . theme ( x _ 3 , x _ 2 ) AND like . agent ( x _ 4 , Emma ) AND like . theme ( x _ 4 , x _ 2 )	elips_RNR_gen
Owen ate and the boy worshipped the doctor .	* doctor ( x _ 2 ) ; * boy ( x _ 1 ) ; eat . agent ( x _ 3 , Owen ) AND eat . theme ( x _ 3 , x _ 2 ) AND worship . agent ( x _ 4 , x _ 1 ) AND worship . theme ( x _ 4 , x _ 2 )	elips_RNR_gen
Liam ate and Elijah liked the prince .	* prince ( x _ 1 ) ; eat . agent ( x _ 2 , Liam ) AND eat . theme ( x _ 2 , x _ 1 ) AND like . agent ( x _ 3 , Elijah ) AND like . theme ( x _ 3 , x _ 1 )	elips_RNR_gen
The cat appreciated and Emma tolerated Oliver .	* cat ( x _ 0 ) ; appreciate . agent ( x _ 1 , x _ 0 ) AND appreciate . theme ( x _ 1 , Oliver ) AND tolerate . agent ( x _ 2 , Emma ) AND tolerate . theme ( x _ 2 , Oliver )	elips_RNR_gen
Elijah ate and Liam respected a fish .	fish ( x _ 1 ) AND eat . agent ( x _ 2 , Elijah ) AND eat . theme ( x _ 2 , x _ 1 ) AND respect . agent ( x _ 3 , Liam ) AND respect . theme ( x _ 3 , x _ 1 )	elips_RNR_gen
A cat helped and a girl tossed the driver .	* driver ( x _ 3 ) ; cat ( x _ 0 ) AND girl ( x _ 2 ) AND help . agent ( x _ 4 , x _ 0 ) AND help . theme ( x _ 4 , x _ 3 ) AND toss . agent ( x _ 5 , x _ 2 ) AND toss . theme ( x _ 5 , x _ 3 )	elips_RNR_gen
The chicken liked and Mason liked the moose .	* chicken ( x _ 0 ) ; * moose ( x _ 2 ) ; like . agent ( x _ 3 , x _ 0 ) AND like . theme ( x _ 3 , x _ 2 ) AND like . agent ( x _ 4 , Mason ) AND like . theme ( x _ 4 , x _ 2 )	elips_RNR_gen
The customer hunted and the captain liked Sofia .	* customer ( x _ 0 ) ; * captain ( x _ 1 ) ; hunt . agent ( x _ 2 , x _ 0 ) AND hunt . theme ( x _ 2 , Sofia ) AND like . agent ( x _ 3 , x _ 1 ) AND like . theme ( x _ 3 , Sofia )	elips_RNR_gen
Mia liked and the mother admired Abigail .	* mother ( x _ 0 ) ; like . agent ( x _ 1 , Mia ) AND like . theme ( x _ 1 , Abigail ) AND admire . agent ( x _ 2 , x _ 0 ) AND admire . theme ( x _ 2 , Abigail )	elips_RNR_gen
A boy discovered and Emma poked Noah .	boy ( x _ 0 ) AND discover . agent ( x _ 1 , x _ 0 ) AND discover . theme ( x _ 1 , Noah ) AND poke . agent ( x _ 2 , Emma ) AND poke . theme ( x _ 2 , Noah )	elips_RNR_gen
A girl cooked and Samuel stabbed a fish .	girl ( x _ 0 ) AND fish ( x _ 2 ) AND cook . agent ( x _ 3 , x _ 0 ) AND cook . theme ( x _ 3 , x _ 2 ) AND stab . agent ( x _ 4 , Samuel ) AND stab . theme ( x _ 4 , x _ 2 )	elips_RNR_gen
Emma painted and the girl liked Liam .	* girl ( x _ 0 ) ; paint . agent ( x _ 1 , Emma ) AND paint . theme ( x _ 1 , Liam ) AND like . agent ( x _ 2 , x _ 0 ) AND like . theme ( x _ 2 , Liam )	elips_RNR_gen
The girl saw and Joseph liked the squirrel .	* girl ( x _ 0 ) ; * squirrel ( x _ 2 ) ; see . agent ( x _ 3 , x _ 0 ) AND see . theme ( x _ 3 , x _ 2 ) AND like . agent ( x _ 4 , Joseph ) AND like . theme ( x _ 4 , x _ 2 )	elips_RNR_gen
A teacher respected and Emma appreciated William .	teacher ( x _ 0 ) AND respect . agent ( x _ 1 , x _ 0 ) AND respect . theme ( x _ 1 , William ) AND appreciate . agent ( x _ 2 , Emma ) AND appreciate . theme ( x _ 2 , William )	elips_RNR_gen
The girl cleaned and the baby helped Liam .	* girl ( x _ 0 ) ; * baby ( x _ 1 ) ; clean . agent ( x _ 2 , x _ 0 ) AND clean . theme ( x _ 2 , Liam ) AND help . agent ( x _ 3 , x _ 1 ) AND help . theme ( x _ 3 , Liam )	elips_RNR_gen
The dog liked and a girl adored a squirrel .	* dog ( x _ 0 ) ; squirrel ( x _ 3 ) AND girl ( x _ 2 ) AND like . agent ( x _ 4 , x _ 0 ) AND like . theme ( x _ 4 , x _ 3 ) AND adore . agent ( x _ 5 , x _ 2 ) AND adore . theme ( x _ 5 , x _ 3 )	elips_RNR_gen
A frog adored and the turkey appreciated the sheep .	* sheep ( x _ 3 ) ; * turkey ( x _ 2 ) ; frog ( x _ 0 ) AND adore . agent ( x _ 4 , x _ 0 ) AND adore . theme ( x _ 4 , x _ 3 ) AND appreciate . agent ( x _ 5 , x _ 2 ) AND appreciate . theme ( x _ 5 , x _ 3 )	elips_RNR_gen
Samuel helped and Emma found Owen .	help . agent ( x _ 0 , Samuel ) AND help . theme ( x _ 0 , Owen ) AND find . agent ( x _ 1 , Emma ) AND find . theme ( x _ 1 , Owen )	elips_RNR_gen
The boy investigated and Emma helped the resident .	* boy ( x _ 0 ) ; * resident ( x _ 2 ) ; investigate . agent ( x _ 3 , x _ 0 ) AND investigate . theme ( x _ 3 , x _ 2 ) AND help . agent ( x _ 4 , Emma ) AND help . theme ( x _ 4 , x _ 2 )	elips_RNR_gen
The girl ate and a mouse valued Charlotte .	* girl ( x _ 0 ) ; mouse ( x _ 1 ) AND eat . agent ( x _ 2 , x _ 0 ) AND eat . theme ( x _ 2 , Charlotte ) AND value . agent ( x _ 3 , x _ 1 ) AND value . theme ( x _ 3 , Charlotte )	elips_RNR_gen
The girl liked and a frog found James .	* girl ( x _ 0 ) ; frog ( x _ 1 ) AND like . agent ( x _ 2 , x _ 0 ) AND like . theme ( x _ 2 , James ) AND find . agent ( x _ 3 , x _ 1 ) AND find . theme ( x _ 3 , James )	elips_RNR_gen
The passenger helped and a cat liked Mila .	* passenger ( x _ 0 ) ; cat ( x _ 1 ) AND help . agent ( x _ 2 , x _ 0 ) AND help . theme ( x _ 2 , Mila ) AND like . agent ( x _ 3 , x _ 1 ) AND like . theme ( x _ 3 , Mila )	elips_RNR_gen
Hannah threw and Olivia liked Avery .	throw . agent ( x _ 0 , Hannah ) AND throw . theme ( x _ 0 , Avery ) AND like . agent ( x _ 1 , Olivia ) AND like . theme ( x _ 1 , Avery )	elips_RNR_gen
A mother ate and the monkey helped a poet .	* monkey ( x _ 2 ) ; mother ( x _ 0 ) AND poet ( x _ 3 ) AND eat . agent ( x _ 4 , x _ 0 ) AND eat . theme ( x _ 4 , x _ 3 ) AND help . agent ( x _ 5 , x _ 2 ) AND help . theme ( x _ 5 , x _ 3 )	elips_RNR_gen
Emma helped and the mouse liked the puppy .	* puppy ( x _ 2 ) ; * mouse ( x _ 1 ) ; help . agent ( x _ 3 , Emma ) AND help . theme ( x _ 3 , x _ 2 ) AND like . agent ( x _ 4 , x _ 1 ) AND like . theme ( x _ 4 , x _ 2 )	elips_RNR_gen
The researcher painted and Sophia helped Aiden .	* researcher ( x _ 0 ) ; paint . agent ( x _ 1 , x _ 0 ) AND paint . theme ( x _ 1 , Aiden ) AND help . agent ( x _ 2 , Sophia ) AND help . theme ( x _ 2 , Aiden )	elips_RNR_gen
Emma helped and Isaac loved the turtle .	* turtle ( x _ 1 ) ; help . agent ( x _ 2 , Emma ) AND help . theme ( x _ 2 , x _ 1 ) AND love . agent ( x _ 3 , Isaac ) AND love . theme ( x _ 3 , x _ 1 )	elips_RNR_gen
Liam ate and a boy liked the moose .	* moose ( x _ 2 ) ; boy ( x _ 1 ) AND eat . agent ( x _ 3 , Liam ) AND eat . theme ( x _ 3 , x _ 2 ) AND like . agent ( x _ 4 , x _ 1 ) AND like . theme ( x _ 4 , x _ 2 )	elips_RNR_gen
Ava saw and the girl held Emma .	* girl ( x _ 0 ) ; see . agent ( x _ 1 , Ava ) AND see . theme ( x _ 1 , Emma ) AND hold . agent ( x _ 2 , x _ 0 ) AND hold . theme ( x _ 2 , Emma )	elips_RNR_gen
The girl found and the giraffe adored Emma .	* girl ( x _ 0 ) ; * giraffe ( x _ 1 ) ; find . agent ( x _ 2 , x _ 0 ) AND find . theme ( x _ 2 , Emma ) AND adore . agent ( x _ 3 , x _ 1 ) AND adore . theme ( x _ 3 , Emma )	elips_RNR_gen
Violet discovered and a girl helped the producer .	* producer ( x _ 2 ) ; girl ( x _ 1 ) AND discover . agent ( x _ 3 , Violet ) AND discover . theme ( x _ 3 , x _ 2 ) AND help . agent ( x _ 4 , x _ 1 ) AND help . theme ( x _ 4 , x _ 2 )	elips_RNR_gen
Madison tossed and Isabella liked the moose .	* moose ( x _ 1 ) ; toss . agent ( x _ 2 , Madison ) AND toss . theme ( x _ 2 , x _ 1 ) AND like . agent ( x _ 3 , Isabella ) AND like . theme ( x _ 3 , x _ 1 )	elips_RNR_gen
The girl cooked and the boy liked the doctor .	* girl ( x _ 0 ) ; * doctor ( x _ 3 ) ; * boy ( x _ 2 ) ; cook . agent ( x _ 4 , x _ 0 ) AND cook . theme ( x _ 4 , x _ 3 ) AND like . agent ( x _ 5 , x _ 2 ) AND like . theme ( x _ 5 , x _ 3 )	elips_RNR_gen
Aurora ate and a girl worshipped Emma .	girl ( x _ 0 ) AND eat . agent ( x _ 1 , Aurora ) AND eat . theme ( x _ 1 , Emma ) AND worship . agent ( x _ 2 , x _ 0 ) AND worship . theme ( x _ 2 , Emma )	elips_RNR_gen
Evelyn called and the baby liked Isabella .	* baby ( x _ 0 ) ; call . agent ( x _ 1 , Evelyn ) AND call . theme ( x _ 1 , Isabella ) AND like . agent ( x _ 2 , x _ 0 ) AND like . theme ( x _ 2 , Isabella )	elips_RNR_gen
A girl liked and a pony found Ava .	girl ( x _ 0 ) AND pony ( x _ 1 ) AND like . agent ( x _ 2 , x _ 0 ) AND like . theme ( x _ 2 , Ava ) AND find . agent ( x _ 3 , x _ 1 ) AND find . theme ( x _ 3 , Ava )	elips_RNR_gen
Emma threw and the spokesman liked Liam .	* spokesman ( x _ 0 ) ; throw . agent ( x _ 1 , Emma ) AND throw . theme ( x _ 1 , Liam ) AND like . agent ( x _ 2 , x _ 0 ) AND like . theme ( x _ 2 , Liam )	elips_RNR_gen
The girl helped and Emma found a fish .	* girl ( x _ 0 ) ; fish ( x _ 2 ) AND help . agent ( x _ 3 , x _ 0 ) AND help . theme ( x _ 3 , x _ 2 ) AND find . agent ( x _ 4 , Emma ) AND find . theme ( x _ 4 , x _ 2 )	elips_RNR_gen
Jackson ate and a monster liked Sofia .	monster ( x _ 0 ) AND eat . agent ( x _ 1 , Jackson ) AND eat . theme ( x _ 1 , Sofia ) AND like . agent ( x _ 2 , x _ 0 ) AND like . theme ( x _ 2 , Sofia )	elips_RNR_gen
Emma pierced and a priest found the fish .	* fish ( x _ 2 ) ; priest ( x _ 1 ) AND pierce . agent ( x _ 3 , Emma ) AND pierce . theme ( x _ 3 , x _ 2 ) AND find . agent ( x _ 4 , x _ 1 ) AND find . theme ( x _ 4 , x _ 2 )	elips_RNR_gen
Emma dusted and Sofia liked Liam .	dust . agent ( x _ 0 , Emma ) AND dust . theme ( x _ 0 , Liam ) AND like . agent ( x _ 1 , Sofia ) AND like . theme ( x _ 1 , Liam )	elips_RNR_gen
The girl helped and Natalie admired Sebastian .	* girl ( x _ 0 ) ; help . agent ( x _ 1 , x _ 0 ) AND help . theme ( x _ 1 , Sebastian ) AND admire . agent ( x _ 2 , Natalie ) AND admire . theme ( x _ 2 , Sebastian )	elips_RNR_gen
The baby ate and Mason helped Emma .	* baby ( x _ 0 ) ; eat . agent ( x _ 1 , x _ 0 ) AND eat . theme ( x _ 1 , Emma ) AND help . agent ( x _ 2 , Mason ) AND help . theme ( x _ 2 , Emma )	elips_RNR_gen
The girl observed and Olivia valued Liam .	* girl ( x _ 0 ) ; observe . agent ( x _ 1 , x _ 0 ) AND observe . theme ( x _ 1 , Liam ) AND value . agent ( x _ 2 , Olivia ) AND value . theme ( x _ 2 , Liam )	elips_RNR_gen
Ava liked and the boy helped a fish .	* boy ( x _ 1 ) ; fish ( x _ 2 ) AND like . agent ( x _ 3 , Ava ) AND like . theme ( x _ 3 , x _ 2 ) AND help . agent ( x _ 4 , x _ 1 ) AND help . theme ( x _ 4 , x _ 2 )	elips_RNR_gen
Liam loved and Emma helped the writer .	* writer ( x _ 1 ) ; love . agent ( x _ 2 , Liam ) AND love . theme ( x _ 2 , x _ 1 ) AND help . agent ( x _ 3 , Emma ) AND help . theme ( x _ 3 , x _ 1 )	elips_RNR_gen
Emma sketched and a girl helped a fish .	fish ( x _ 2 ) AND girl ( x _ 1 ) AND sketch . agent ( x _ 3 , Emma ) AND sketch . theme ( x _ 3 , x _ 2 ) AND help . agent ( x _ 4 , x _ 1 ) AND help . theme ( x _ 4 , x _ 2 )	elips_RNR_gen
Liam liked and Noah tolerated a fish .	fish ( x _ 1 ) AND like . agent ( x _ 2 , Liam ) AND like . theme ( x _ 2 , x _ 1 ) AND tolerate . agent ( x _ 3 , Noah ) AND tolerate . theme ( x _ 3 , x _ 1 )	elips_RNR_gen
The horse helped and Isabella worshipped the moose .	* horse ( x _ 0 ) ; * moose ( x _ 2 ) ; help . agent ( x _ 3 , x _ 0 ) AND help . theme ( x _ 3 , x _ 2 ) AND worship . agent ( x _ 4 , Isabella ) AND worship . theme ( x _ 4 , x _ 2 )	elips_RNR_gen
Emma liked and Isabella liked the turkey .	* turkey ( x _ 1 ) ; like . agent ( x _ 2 , Emma ) AND like . theme ( x _ 2 , x _ 1 ) AND like . agent ( x _ 3 , Isabella ) AND like . theme ( x _ 3 , x _ 1 )	elips_RNR_gen
Emma admired and a frog touched a fish .	fish ( x _ 2 ) AND frog ( x _ 1 ) AND admire . agent ( x _ 3 , Emma ) AND admire . theme ( x _ 3 , x _ 2 ) AND touch . agent ( x _ 4 , x _ 1 ) AND touch . theme ( x _ 4 , x _ 2 )	elips_RNR_gen
A girl adored and the coach valued Abigail .	* coach ( x _ 1 ) ; girl ( x _ 0 ) AND adore . agent ( x _ 2 , x _ 0 ) AND adore . theme ( x _ 2 , Abigail ) AND value . agent ( x _ 3 , x _ 1 ) AND value . theme ( x _ 3 , Abigail )	elips_RNR_gen
The girl liked and a boy found Liam .	* girl ( x _ 0 ) ; boy ( x _ 1 ) AND like . agent ( x _ 2 , x _ 0 ) AND like . theme ( x _ 2 , Liam ) AND find . agent ( x _ 3 , x _ 1 ) AND find . theme ( x _ 3 , Liam )	elips_RNR_gen
Emma loved and Isabella adored Liam .	love . agent ( x _ 0 , Emma ) AND love . theme ( x _ 0 , Liam ) AND adore . agent ( x _ 1 , Isabella ) AND adore . theme ( x _ 1 , Liam )	elips_RNR_gen
Olivia drew and Evelyn loved Emma .	draw . agent ( x _ 0 , Olivia ) AND draw . theme ( x _ 0 , Emma ) AND love . agent ( x _ 1 , Evelyn ) AND love . theme ( x _ 1 , Emma )	elips_RNR_gen
A girl held and Lucas admired Emma .	girl ( x _ 0 ) AND hold . agent ( x _ 1 , x _ 0 ) AND hold . theme ( x _ 1 , Emma ) AND admire . agent ( x _ 2 , Lucas ) AND admire . theme ( x _ 2 , Emma )	elips_RNR_gen
A lion liked and Emma liked Liam .	lion ( x _ 0 ) AND like . agent ( x _ 1 , x _ 0 ) AND like . theme ( x _ 1 , Liam ) AND like . agent ( x _ 2 , Emma ) AND like . theme ( x _ 2 , Liam )	elips_RNR_gen
A girl observed and Emma missed the consumer .	* consumer ( x _ 2 ) ; girl ( x _ 0 ) AND observe . agent ( x _ 3 , x _ 0 ) AND observe . theme ( x _ 3 , x _ 2 ) AND miss . agent ( x _ 4 , Emma ) AND miss . theme ( x _ 4 , x _ 2 )	elips_RNR_gen
The boy liked and a girl liked the fish .	* boy ( x _ 0 ) ; * fish ( x _ 3 ) ; girl ( x _ 2 ) AND like . agent ( x _ 4 , x _ 0 ) AND like . theme ( x _ 4 , x _ 3 ) AND like . agent ( x _ 5 , x _ 2 ) AND like . theme ( x _ 5 , x _ 3 )	elips_RNR_gen
Noah liked and Emma liked Sophia .	like . agent ( x _ 0 , Noah ) AND like . theme ( x _ 0 , Sophia ) AND like . agent ( x _ 1 , Emma ) AND like . theme ( x _ 1 , Sophia )	elips_RNR_gen
A guard cleaned and Samuel loved Emma .	guard ( x _ 0 ) AND clean . agent ( x _ 1 , x _ 0 ) AND clean . theme ( x _ 1 , Emma ) AND love . agent ( x _ 2 , Samuel ) AND love . theme ( x _ 2 , Emma )	elips_RNR_gen
Liam helped and the boy appreciated Grace .	* boy ( x _ 0 ) ; help . agent ( x _ 1 , Liam ) AND help . theme ( x _ 1 , Grace ) AND appreciate . agent ( x _ 2 , x _ 0 ) AND appreciate . theme ( x _ 2 , Grace )	elips_RNR_gen
Noah poked and a girl poked a moose .	moose ( x _ 2 ) AND girl ( x _ 1 ) AND poke . agent ( x _ 3 , Noah ) AND poke . theme ( x _ 3 , x _ 2 ) AND poke . agent ( x _ 4 , x _ 1 ) AND poke . theme ( x _ 4 , x _ 2 )	elips_RNR_gen
A cat ate and the girl pierced the consumer .	* consumer ( x _ 3 ) ; * girl ( x _ 2 ) ; cat ( x _ 0 ) AND eat . agent ( x _ 4 , x _ 0 ) AND eat . theme ( x _ 4 , x _ 3 ) AND pierce . agent ( x _ 5 , x _ 2 ) AND pierce . theme ( x _ 5 , x _ 3 )	elips_RNR_gen
Emma admired and the prisoner helped Isabella .	* prisoner ( x _ 0 ) ; admire . agent ( x _ 1 , Emma ) AND admire . theme ( x _ 1 , Isabella ) AND help . agent ( x _ 2 , x _ 0 ) AND help . theme ( x _ 2 , Isabella )	elips_RNR_gen
The boy cleaned and Liam helped a fish .	* boy ( x _ 0 ) ; fish ( x _ 2 ) AND clean . agent ( x _ 3 , x _ 0 ) AND clean . theme ( x _ 3 , x _ 2 ) AND help . agent ( x _ 4 , Liam ) AND help . theme ( x _ 4 , x _ 2 )	elips_RNR_gen
Benjamin painted and Oliver liked a fish .	fish ( x _ 1 ) AND paint . agent ( x _ 2 , Benjamin ) AND paint . theme ( x _ 2 , x _ 1 ) AND like . agent ( x _ 3 , Oliver ) AND like . theme ( x _ 3 , x _ 1 )	elips_RNR_gen
Olivia knew and Liam liked Benjamin .	know . agent ( x _ 0 , Olivia ) AND know . theme ( x _ 0 , Benjamin ) AND like . agent ( x _ 1 , Liam ) AND like . theme ( x _ 1 , Benjamin )	elips_RNR_gen
The frog ate and the girl liked a pony .	* frog ( x _ 0 ) ; * girl ( x _ 2 ) ; pony ( x _ 3 ) AND eat . agent ( x _ 4 , x _ 0 ) AND eat . theme ( x _ 4 , x _ 3 ) AND like . agent ( x _ 5 , x _ 2 ) AND like . theme ( x _ 5 , x _ 3 )	elips_RNR_gen
The cat helped and a boy stabbed Emma .	* cat ( x _ 0 ) ; boy ( x _ 1 ) AND help . agent ( x _ 2 , x _ 0 ) AND help . theme ( x _ 2 , Emma ) AND stab . agent ( x _ 3 , x _ 1 ) AND stab . theme ( x _ 3 , Emma )	elips_RNR_gen
The cat helped and the girl helped Mila .	* cat ( x _ 0 ) ; * girl ( x _ 1 ) ; help . agent ( x _ 2 , x _ 0 ) AND help . theme ( x _ 2 , Mila ) AND help . agent ( x _ 3 , x _ 1 ) AND help . theme ( x _ 3 , Mila )	elips_RNR_gen
Emma tossed and a cat helped the moose .	* moose ( x _ 2 ) ; cat ( x _ 1 ) AND toss . agent ( x _ 3 , Emma ) AND toss . theme ( x _ 3 , x _ 2 ) AND help . agent ( x _ 4 , x _ 1 ) AND help . theme ( x _ 4 , x _ 2 )	elips_RNR_gen
Noah liked and Liam loved Emma .	like . agent ( x _ 0 , Noah ) AND like . theme ( x _ 0 , Emma ) AND love . agent ( x _ 1 , Liam ) AND love . theme ( x _ 1 , Emma )	elips_RNR_gen
Mason ate and Liam liked Emma .	eat . agent ( x _ 0 , Mason ) AND eat . theme ( x _ 0 , Emma ) AND like . agent ( x _ 1 , Liam ) AND like . theme ( x _ 1 , Emma )	elips_RNR_gen
The baby ate and a girl liked Sophia .	* baby ( x _ 0 ) ; girl ( x _ 1 ) AND eat . agent ( x _ 2 , x _ 0 ) AND eat . theme ( x _ 2 , Sophia ) AND like . agent ( x _ 3 , x _ 1 ) AND like . theme ( x _ 3 , Sophia )	elips_RNR_gen
Liam admired and Julian tossed the fish .	* fish ( x _ 1 ) ; admire . agent ( x _ 2 , Liam ) AND admire . theme ( x _ 2 , x _ 1 ) AND toss . agent ( x _ 3 , Julian ) AND toss . theme ( x _ 3 , x _ 1 )	elips_RNR_gen
A teacher observed and a girl liked Liam .	teacher ( x _ 0 ) AND girl ( x _ 1 ) AND observe . agent ( x _ 2 , x _ 0 ) AND observe . theme ( x _ 2 , Liam ) AND like . agent ( x _ 3 , x _ 1 ) AND like . theme ( x _ 3 , Liam )	elips_RNR_gen
The girl ate and Nathan helped a squirrel .	* girl ( x _ 0 ) ; squirrel ( x _ 2 ) AND eat . agent ( x _ 3 , x _ 0 ) AND eat . theme ( x _ 3 , x _ 2 ) AND help . agent ( x _ 4 , Nathan ) AND help . theme ( x _ 4 , x _ 2 )	elips_RNR_gen
Isabella ate and Emma respected the pig .	* pig ( x _ 1 ) ; eat . agent ( x _ 2 , Isabella ) AND eat . theme ( x _ 2 , x _ 1 ) AND respect . agent ( x _ 3 , Emma ) AND respect . theme ( x _ 3 , x _ 1 )	elips_RNR_gen
A girl ate and the bunny loved Emma .	* bunny ( x _ 1 ) ; girl ( x _ 0 ) AND eat . agent ( x _ 2 , x _ 0 ) AND eat . theme ( x _ 2 , Emma ) AND love . agent ( x _ 3 , x _ 1 ) AND love . theme ( x _ 3 , Emma )	elips_RNR_gen
A girl appreciated and a patient adored Isabella .	girl ( x _ 0 ) AND patient ( x _ 1 ) AND appreciate . agent ( x _ 2 , x _ 0 ) AND appreciate . theme ( x _ 2 , Isabella ) AND adore . agent ( x _ 3 , x _ 1 ) AND adore . theme ( x _ 3 , Isabella )	elips_RNR_gen
Emma liked and the child liked Ava .	* child ( x _ 0 ) ; like . agent ( x _ 1 , Emma ) AND like . theme ( x _ 1 , Ava ) AND like . agent ( x _ 2 , x _ 0 ) AND like . theme ( x _ 2 , Ava )	elips_RNR_gen
The teacher loved and the girl liked Alexander .	* teacher ( x _ 0 ) ; * girl ( x _ 1 ) ; love . agent ( x _ 2 , x _ 0 ) AND love . theme ( x _ 2 , Alexander ) AND like . agent ( x _ 3 , x _ 1 ) AND like . theme ( x _ 3 , Alexander )	elips_RNR_gen
Noah ate and a lion missed Sophia .	lion ( x _ 0 ) AND eat . agent ( x _ 1 , Noah ) AND eat . theme ( x _ 1 , Sophia ) AND miss . agent ( x _ 2 , x _ 0 ) AND miss . theme ( x _ 2 , Sophia )	elips_RNR_gen
A professor tossed and a fly helped the fish .	* fish ( x _ 3 ) ; professor ( x _ 0 ) AND fly ( x _ 2 ) AND toss . agent ( x _ 4 , x _ 0 ) AND toss . theme ( x _ 4 , x _ 3 ) AND help . agent ( x _ 5 , x _ 2 ) AND help . theme ( x _ 5 , x _ 3 )	elips_RNR_gen
Aubrey poked and Emma helped a pony .	pony ( x _ 1 ) AND poke . agent ( x _ 2 , Aubrey ) AND poke . theme ( x _ 2 , x _ 1 ) AND help . agent ( x _ 3 , Emma ) AND help . theme ( x _ 3 , x _ 1 )	elips_RNR_gen
A teacher drew and Emma found the puppy .	* puppy ( x _ 2 ) ; teacher ( x _ 0 ) AND draw . agent ( x _ 3 , x _ 0 ) AND draw . theme ( x _ 3 , x _ 2 ) AND find . agent ( x _ 4 , Emma ) AND find . theme ( x _ 4 , x _ 2 )	elips_RNR_gen
Emma poked and a girl valued a puppy .	puppy ( x _ 2 ) AND girl ( x _ 1 ) AND poke . agent ( x _ 3 , Emma ) AND poke . theme ( x _ 3 , x _ 2 ) AND value . agent ( x _ 4 , x _ 1 ) AND value . theme ( x _ 4 , x _ 2 )	elips_RNR_gen
Isabella found and a girl stabbed Olivia .	girl ( x _ 0 ) AND find . agent ( x _ 1 , Isabella ) AND find . theme ( x _ 1 , Olivia ) AND stab . agent ( x _ 2 , x _ 0 ) AND stab . theme ( x _ 2 , Olivia )	elips_RNR_gen
Alexander drew and the frog poked Ella .	* frog ( x _ 0 ) ; draw . agent ( x _ 1 , Alexander ) AND draw . theme ( x _ 1 , Ella ) AND poke . agent ( x _ 2 , x _ 0 ) AND poke . theme ( x _ 2 , Ella )	elips_RNR_gen
The boy examined and Liam helped the fish .	* boy ( x _ 0 ) ; * fish ( x _ 2 ) ; examine . agent ( x _ 3 , x _ 0 ) AND examine . theme ( x _ 3 , x _ 2 ) AND help . agent ( x _ 4 , Liam ) AND help . theme ( x _ 4 , x _ 2 )	elips_RNR_gen
The girl liked and Emma liked a fish .	* girl ( x _ 0 ) ; fish ( x _ 2 ) AND like . agent ( x _ 3 , x _ 0 ) AND like . theme ( x _ 3 , x _ 2 ) AND like . agent ( x _ 4 , Emma ) AND like . theme ( x _ 4 , x _ 2 )	elips_RNR_gen
Emma called and the girl liked Liam .	* girl ( x _ 0 ) ; call . agent ( x _ 1 , Emma ) AND call . theme ( x _ 1 , Liam ) AND like . agent ( x _ 2 , x _ 0 ) AND like . theme ( x _ 2 , Liam )	elips_RNR_gen
A cat cleaned and Natalie liked Olivia .	cat ( x _ 0 ) AND clean . agent ( x _ 1 , x _ 0 ) AND clean . theme ( x _ 1 , Olivia ) AND like . agent ( x _ 2 , Natalie ) AND like . theme ( x _ 2 , Olivia )	elips_RNR_gen
William discovered and Eleanor appreciated the moose .	* moose ( x _ 1 ) ; discover . agent ( x _ 2 , William ) AND discover . theme ( x _ 2 , x _ 1 ) AND appreciate . agent ( x _ 3 , Eleanor ) AND appreciate . theme ( x _ 3 , x _ 1 )	elips_RNR_gen
Emma nursed and Olivia liked the pig .	* pig ( x _ 1 ) ; nurse . agent ( x _ 2 , Emma ) AND nurse . theme ( x _ 2 , x _ 1 ) AND like . agent ( x _ 3 , Olivia ) AND like . theme ( x _ 3 , x _ 1 )	elips_RNR_gen
A girl valued and the cat helped Madison .	* cat ( x _ 1 ) ; girl ( x _ 0 ) AND value . agent ( x _ 2 , x _ 0 ) AND value . theme ( x _ 2 , Madison ) AND help . agent ( x _ 3 , x _ 1 ) AND help . theme ( x _ 3 , Madison )	elips_RNR_gen
Liam liked and Alexander liked Jackson .	like . agent ( x _ 0 , Liam ) AND like . theme ( x _ 0 , Jackson ) AND like . agent ( x _ 1 , Alexander ) AND like . theme ( x _ 1 , Jackson )	elips_RNR_gen
A cat loved and Olivia touched Emma .	cat ( x _ 0 ) AND love . agent ( x _ 1 , x _ 0 ) AND love . theme ( x _ 1 , Emma ) AND touch . agent ( x _ 2 , Olivia ) AND touch . theme ( x _ 2 , Emma )	elips_RNR_gen
Elizabeth tossed and Dylan loved Lucas .	toss . agent ( x _ 0 , Elizabeth ) AND toss . theme ( x _ 0 , Lucas ) AND love . agent ( x _ 1 , Dylan ) AND love . theme ( x _ 1 , Lucas )	elips_RNR_gen
A boy ate and Isabella liked Ethan .	boy ( x _ 0 ) AND eat . agent ( x _ 1 , x _ 0 ) AND eat . theme ( x _ 1 , Ethan ) AND like . agent ( x _ 2 , Isabella ) AND like . theme ( x _ 2 , Ethan )	elips_RNR_gen
The baby liked and a manager helped the fish .	* baby ( x _ 0 ) ; * fish ( x _ 3 ) ; manager ( x _ 2 ) AND like . agent ( x _ 4 , x _ 0 ) AND like . theme ( x _ 4 , x _ 3 ) AND help . agent ( x _ 5 , x _ 2 ) AND help . theme ( x _ 5 , x _ 3 )	elips_RNR_gen
Olivia admired and a dog appreciated a fish .	fish ( x _ 2 ) AND dog ( x _ 1 ) AND admire . agent ( x _ 3 , Olivia ) AND admire . theme ( x _ 3 , x _ 2 ) AND appreciate . agent ( x _ 4 , x _ 1 ) AND appreciate . theme ( x _ 4 , x _ 2 )	elips_RNR_gen
A frog loved and Olivia poked a lamb .	frog ( x _ 0 ) AND lamb ( x _ 2 ) AND love . agent ( x _ 3 , x _ 0 ) AND love . theme ( x _ 3 , x _ 2 ) AND poke . agent ( x _ 4 , Olivia ) AND poke . theme ( x _ 4 , x _ 2 )	elips_RNR_gen
Emma drew and the father poked Samuel .	* father ( x _ 0 ) ; draw . agent ( x _ 1 , Emma ) AND draw . theme ( x _ 1 , Samuel ) AND poke . agent ( x _ 2 , x _ 0 ) AND poke . theme ( x _ 2 , Samuel )	elips_RNR_gen
William dusted and a crocodile liked the puppy .	* puppy ( x _ 2 ) ; crocodile ( x _ 1 ) AND dust . agent ( x _ 3 , William ) AND dust . theme ( x _ 3 , x _ 2 ) AND like . agent ( x _ 4 , x _ 1 ) AND like . theme ( x _ 4 , x _ 2 )	elips_RNR_gen
The monkey tossed and a guest held a driver .	* monkey ( x _ 0 ) ; driver ( x _ 3 ) AND guest ( x _ 2 ) AND toss . agent ( x _ 4 , x _ 0 ) AND toss . theme ( x _ 4 , x _ 3 ) AND hold . agent ( x _ 5 , x _ 2 ) AND hold . theme ( x _ 5 , x _ 3 )	elips_RNR_gen
Asher dusted and Jacob loved the producer .	* producer ( x _ 1 ) ; dust . agent ( x _ 2 , Asher ) AND dust . theme ( x _ 2 , x _ 1 ) AND love . agent ( x _ 3 , Jacob ) AND love . theme ( x _ 3 , x _ 1 )	elips_RNR_gen
A girl stabbed and Liam liked a fish .	girl ( x _ 0 ) AND fish ( x _ 2 ) AND stab . agent ( x _ 3 , x _ 0 ) AND stab . theme ( x _ 3 , x _ 2 ) AND like . agent ( x _ 4 , Liam ) AND like . theme ( x _ 4 , x _ 2 )	elips_RNR_gen
The girl drew and Olivia worshipped Emma .	* girl ( x _ 0 ) ; draw . agent ( x _ 1 , x _ 0 ) AND draw . theme ( x _ 1 , Emma ) AND worship . agent ( x _ 2 , Olivia ) AND worship . theme ( x _ 2 , Emma )	elips_RNR_gen
Daniel liked and a penguin liked a lamb .	lamb ( x _ 2 ) AND penguin ( x _ 1 ) AND like . agent ( x _ 3 , Daniel ) AND like . theme ( x _ 3 , x _ 2 ) AND like . agent ( x _ 4 , x _ 1 ) AND like . theme ( x _ 4 , x _ 2 )	elips_RNR_gen
Victoria ate and Isabella stabbed Emma .	eat . agent ( x _ 0 , Victoria ) AND eat . theme ( x _ 0 , Emma ) AND stab . agent ( x _ 1 , Isabella ) AND stab . theme ( x _ 1 , Emma )	elips_RNR_gen
A kid painted and Logan stabbed the pig .	* pig ( x _ 2 ) ; kid ( x _ 0 ) AND paint . agent ( x _ 3 , x _ 0 ) AND paint . theme ( x _ 3 , x _ 2 ) AND stab . agent ( x _ 4 , Logan ) AND stab . theme ( x _ 4 , x _ 2 )	elips_RNR_gen
The boy found and the cat tolerated the pony .	* boy ( x _ 0 ) ; * pony ( x _ 3 ) ; * cat ( x _ 2 ) ; find . agent ( x _ 4 , x _ 0 ) AND find . theme ( x _ 4 , x _ 3 ) AND tolerate . agent ( x _ 5 , x _ 2 ) AND tolerate . theme ( x _ 5 , x _ 3 )	elips_RNR_gen
The cat painted and Logan liked a fish .	* cat ( x _ 0 ) ; fish ( x _ 2 ) AND paint . agent ( x _ 3 , x _ 0 ) AND paint . theme ( x _ 3 , x _ 2 ) AND like . agent ( x _ 4 , Logan ) AND like . theme ( x _ 4 , x _ 2 )	elips_RNR_gen
The mouse tossed and a giraffe helped a fish .	* mouse ( x _ 0 ) ; fish ( x _ 3 ) AND giraffe ( x _ 2 ) AND toss . agent ( x _ 4 , x _ 0 ) AND toss . theme ( x _ 4 , x _ 3 ) AND help . agent ( x _ 5 , x _ 2 ) AND help . theme ( x _ 5 , x _ 3 )	elips_RNR_gen
A lion drew and Mateo liked Sophia .	lion ( x _ 0 ) AND draw . agent ( x _ 1 , x _ 0 ) AND draw . theme ( x _ 1 , Sophia ) AND like . agent ( x _ 2 , Mateo ) AND like . theme ( x _ 2 , Sophia )	elips_RNR_gen
The girl helped and Emma liked a puppy .	* girl ( x _ 0 ) ; puppy ( x _ 2 ) AND help . agent ( x _ 3 , x _ 0 ) AND help . theme ( x _ 3 , x _ 2 ) AND like . agent ( x _ 4 , Emma ) AND like . theme ( x _ 4 , x _ 2 )	elips_RNR_gen
The girl missed and Emma poked a puppy .	* girl ( x _ 0 ) ; puppy ( x _ 2 ) AND miss . agent ( x _ 3 , x _ 0 ) AND miss . theme ( x _ 3 , x _ 2 ) AND poke . agent ( x _ 4 , Emma ) AND poke . theme ( x _ 4 , x _ 2 )	elips_RNR_gen
The landlord liked and a girl appreciated the fish .	* landlord ( x _ 0 ) ; * fish ( x _ 3 ) ; girl ( x _ 2 ) AND like . agent ( x _ 4 , x _ 0 ) AND like . theme ( x _ 4 , x _ 3 ) AND appreciate . agent ( x _ 5 , x _ 2 ) AND appreciate . theme ( x _ 5 , x _ 3 )	elips_RNR_gen
The wolf helped and the girl valued Logan .	* wolf ( x _ 0 ) ; * girl ( x _ 1 ) ; help . agent ( x _ 2 , x _ 0 ) AND help . theme ( x _ 2 , Logan ) AND value . agent ( x _ 3 , x _ 1 ) AND value . theme ( x _ 3 , Logan )	elips_RNR_gen
Ethan cooked and the girl liked the fish .	* fish ( x _ 2 ) ; * girl ( x _ 1 ) ; cook . agent ( x _ 3 , Ethan ) AND cook . theme ( x _ 3 , x _ 2 ) AND like . agent ( x _ 4 , x _ 1 ) AND like . theme ( x _ 4 , x _ 2 )	elips_RNR_gen
Layla observed and a student admired the fish .	* fish ( x _ 2 ) ; student ( x _ 1 ) AND observe . agent ( x _ 3 , Layla ) AND observe . theme ( x _ 3 , x _ 2 ) AND admire . agent ( x _ 4 , x _ 1 ) AND admire . theme ( x _ 4 , x _ 2 )	elips_RNR_gen
The girl cooked and the dog found the moose .	* girl ( x _ 0 ) ; * moose ( x _ 3 ) ; * dog ( x _ 2 ) ; cook . agent ( x _ 4 , x _ 0 ) AND cook . theme ( x _ 4 , x _ 3 ) AND find . agent ( x _ 5 , x _ 2 ) AND find . theme ( x _ 5 , x _ 3 )	elips_RNR_gen
William found and Emma liked the fish .	* fish ( x _ 1 ) ; find . agent ( x _ 2 , William ) AND find . theme ( x _ 2 , x _ 1 ) AND like . agent ( x _ 3 , Emma ) AND like . theme ( x _ 3 , x _ 1 )	elips_RNR_gen
A producer helped and Emma helped Madison .	producer ( x _ 0 ) AND help . agent ( x _ 1 , x _ 0 ) AND help . theme ( x _ 1 , Madison ) AND help . agent ( x _ 2 , Emma ) AND help . theme ( x _ 2 , Madison )	elips_RNR_gen
A fish poked and the boy liked Emma .	* boy ( x _ 1 ) ; fish ( x _ 0 ) AND poke . agent ( x _ 2 , x _ 0 ) AND poke . theme ( x _ 2 , Emma ) AND like . agent ( x _ 3 , x _ 1 ) AND like . theme ( x _ 3 , Emma )	elips_RNR_gen
Emma painted and a scientist appreciated the sheep .	* sheep ( x _ 2 ) ; scientist ( x _ 1 ) AND paint . agent ( x _ 3 , Emma ) AND paint . theme ( x _ 3 , x _ 2 ) AND appreciate . agent ( x _ 4 , x _ 1 ) AND appreciate . theme ( x _ 4 , x _ 2 )	elips_RNR_gen
The frog found and a boy liked the prisoner .	* frog ( x _ 0 ) ; * prisoner ( x _ 3 ) ; boy ( x _ 2 ) AND find . agent ( x _ 4 , x _ 0 ) AND find . theme ( x _ 4 , x _ 3 ) AND like . agent ( x _ 5 , x _ 2 ) AND like . theme ( x _ 5 , x _ 3 )	elips_RNR_gen
The girl adored and Anthony helped Madison .	* girl ( x _ 0 ) ; adore . agent ( x _ 1 , x _ 0 ) AND adore . theme ( x _ 1 , Madison ) AND help . agent ( x _ 2 , Anthony ) AND help . theme ( x _ 2 , Madison )	elips_RNR_gen
Isabella heard and Noah found Mason .	hear . agent ( x _ 0 , Isabella ) AND hear . theme ( x _ 0 , Mason ) AND find . agent ( x _ 1 , Noah ) AND find . theme ( x _ 1 , Mason )	elips_RNR_gen
The soldier ate and Emma helped a fish .	* soldier ( x _ 0 ) ; fish ( x _ 2 ) AND eat . agent ( x _ 3 , x _ 0 ) AND eat . theme ( x _ 3 , x _ 2 ) AND help . agent ( x _ 4 , Emma ) AND help . theme ( x _ 4 , x _ 2 )	elips_RNR_gen
The baby liked and Emma found Jacob .	* baby ( x _ 0 ) ; like . agent ( x _ 1 , x _ 0 ) AND like . theme ( x _ 1 , Jacob ) AND find . agent ( x _ 2 , Emma ) AND find . theme ( x _ 2 , Jacob )	elips_RNR_gen
The baby painted and Emma found a moose .	* baby ( x _ 0 ) ; moose ( x _ 2 ) AND paint . agent ( x _ 3 , x _ 0 ) AND paint . theme ( x _ 3 , x _ 2 ) AND find . agent ( x _ 4 , Emma ) AND find . theme ( x _ 4 , x _ 2 )	elips_RNR_gen
The boy poked and the butterfly liked the fish .	* boy ( x _ 0 ) ; * fish ( x _ 3 ) ; * butterfly ( x _ 2 ) ; poke . agent ( x _ 4 , x _ 0 ) AND poke . theme ( x _ 4 , x _ 3 ) AND like . agent ( x _ 5 , x _ 2 ) AND like . theme ( x _ 5 , x _ 3 )	elips_RNR_gen
The lawyer liked and a boy liked Emma .	* lawyer ( x _ 0 ) ; boy ( x _ 1 ) AND like . agent ( x _ 2 , x _ 0 ) AND like . theme ( x _ 2 , Emma ) AND like . agent ( x _ 3 , x _ 1 ) AND like . theme ( x _ 3 , Emma )	elips_RNR_gen
Liam respected and a mouse helped Noah .	mouse ( x _ 0 ) AND respect . agent ( x _ 1 , Liam ) AND respect . theme ( x _ 1 , Noah ) AND help . agent ( x _ 2 , x _ 0 ) AND help . theme ( x _ 2 , Noah )	elips_RNR_gen
William painted and Benjamin stabbed a fish .	fish ( x _ 1 ) AND paint . agent ( x _ 2 , William ) AND paint . theme ( x _ 2 , x _ 1 ) AND stab . agent ( x _ 3 , Benjamin ) AND stab . theme ( x _ 3 , x _ 1 )	elips_RNR_gen
The boy liked and James loved a pig .	* boy ( x _ 0 ) ; pig ( x _ 2 ) AND like . agent ( x _ 3 , x _ 0 ) AND like . theme ( x _ 3 , x _ 2 ) AND love . agent ( x _ 4 , James ) AND love . theme ( x _ 4 , x _ 2 )	elips_RNR_gen
Emma nursed and the donkey liked the fish .	* fish ( x _ 2 ) ; * donkey ( x _ 1 ) ; nurse . agent ( x _ 3 , Emma ) AND nurse . theme ( x _ 3 , x _ 2 ) AND like . agent ( x _ 4 , x _ 1 ) AND like . theme ( x _ 4 , x _ 2 )	elips_RNR_gen
A child ate and Olivia liked the sheep .	* sheep ( x _ 2 ) ; child ( x _ 0 ) AND eat . agent ( x _ 3 , x _ 0 ) AND eat . theme ( x _ 3 , x _ 2 ) AND like . agent ( x _ 4 , Olivia ) AND like . theme ( x _ 4 , x _ 2 )	elips_RNR_gen
A girl investigated and a farmer valued a doctor .	girl ( x _ 0 ) AND doctor ( x _ 3 ) AND farmer ( x _ 2 ) AND investigate . agent ( x _ 4 , x _ 0 ) AND investigate . theme ( x _ 4 , x _ 3 ) AND value . agent ( x _ 5 , x _ 2 ) AND value . theme ( x _ 5 , x _ 3 )	elips_RNR_gen
The monkey loved and a girl helped a fish .	* monkey ( x _ 0 ) ; fish ( x _ 3 ) AND girl ( x _ 2 ) AND love . agent ( x _ 4 , x _ 0 ) AND love . theme ( x _ 4 , x _ 3 ) AND help . agent ( x _ 5 , x _ 2 ) AND help . theme ( x _ 5 , x _ 3 )	elips_RNR_gen
Ava adored and Elijah liked the fish .	* fish ( x _ 1 ) ; adore . agent ( x _ 2 , Ava ) AND adore . theme ( x _ 2 , x _ 1 ) AND like . agent ( x _ 3 , Elijah ) AND like . theme ( x _ 3 , x _ 1 )	elips_RNR_gen
A girl sketched and Emily found a lamb .	girl ( x _ 0 ) AND lamb ( x _ 2 ) AND sketch . agent ( x _ 3 , x _ 0 ) AND sketch . theme ( x _ 3 , x _ 2 ) AND find . agent ( x _ 4 , Emily ) AND find . theme ( x _ 4 , x _ 2 )	elips_RNR_gen
The girl touched and a bird held the soldier .	* girl ( x _ 0 ) ; * soldier ( x _ 3 ) ; bird ( x _ 2 ) AND touch . agent ( x _ 4 , x _ 0 ) AND touch . theme ( x _ 4 , x _ 3 ) AND hold . agent ( x _ 5 , x _ 2 ) AND hold . theme ( x _ 5 , x _ 3 )	elips_RNR_gen
Owen heard and Charlotte liked a moose .	moose ( x _ 1 ) AND hear . agent ( x _ 2 , Owen ) AND hear . theme ( x _ 2 , x _ 1 ) AND like . agent ( x _ 3 , Charlotte ) AND like . theme ( x _ 3 , x _ 1 )	elips_RNR_gen
Liam cooked and a girl worshipped Olivia .	girl ( x _ 0 ) AND cook . agent ( x _ 1 , Liam ) AND cook . theme ( x _ 1 , Olivia ) AND worship . agent ( x _ 2 , x _ 0 ) AND worship . theme ( x _ 2 , Olivia )	elips_RNR_gen
A girl packed and Emma liked the fish .	* fish ( x _ 2 ) ; girl ( x _ 0 ) AND pack . agent ( x _ 3 , x _ 0 ) AND pack . theme ( x _ 3 , x _ 2 ) AND like . agent ( x _ 4 , Emma ) AND like . theme ( x _ 4 , x _ 2 )	elips_RNR_gen
Emma helped and Olivia helped Liam .	help . agent ( x _ 0 , Emma ) AND help . theme ( x _ 0 , Liam ) AND help . agent ( x _ 1 , Olivia ) AND help . theme ( x _ 1 , Liam )	elips_RNR_gen
A manager packed and a cat tolerated the buyer .	* buyer ( x _ 3 ) ; manager ( x _ 0 ) AND cat ( x _ 2 ) AND pack . agent ( x _ 4 , x _ 0 ) AND pack . theme ( x _ 4 , x _ 3 ) AND tolerate . agent ( x _ 5 , x _ 2 ) AND tolerate . theme ( x _ 5 , x _ 3 )	elips_RNR_gen
Emma helped and the girl liked Harper .	* girl ( x _ 0 ) ; help . agent ( x _ 1 , Emma ) AND help . theme ( x _ 1 , Harper ) AND like . agent ( x _ 2 , x _ 0 ) AND like . theme ( x _ 2 , Harper )	elips_RNR_gen
A girl loved and a tenant worshipped the guest .	* guest ( x _ 3 ) ; girl ( x _ 0 ) AND tenant ( x _ 2 ) AND love . agent ( x _ 4 , x _ 0 ) AND love . theme ( x _ 4 , x _ 3 ) AND worship . agent ( x _ 5 , x _ 2 ) AND worship . theme ( x _ 5 , x _ 3 )	elips_RNR_gen
A child nursed and the tenant liked Emma .	* tenant ( x _ 1 ) ; child ( x _ 0 ) AND nurse . agent ( x _ 2 , x _ 0 ) AND nurse . theme ( x _ 2 , Emma ) AND like . agent ( x _ 3 , x _ 1 ) AND like . theme ( x _ 3 , Emma )	elips_RNR_gen
Liam ate and a boy touched a squirrel .	squirrel ( x _ 2 ) AND boy ( x _ 1 ) AND eat . agent ( x _ 3 , Liam ) AND eat . theme ( x _ 3 , x _ 2 ) AND touch . agent ( x _ 4 , x _ 1 ) AND touch . theme ( x _ 4 , x _ 2 )	elips_RNR_gen
Lucas nursed and Olivia liked Liam .	nurse . agent ( x _ 0 , Lucas ) AND nurse . theme ( x _ 0 , Liam ) AND like . agent ( x _ 1 , Olivia ) AND like . theme ( x _ 1 , Liam )	elips_RNR_gen
Noah helped and the baby liked Matthew .	* baby ( x _ 0 ) ; help . agent ( x _ 1 , Noah ) AND help . theme ( x _ 1 , Matthew ) AND like . agent ( x _ 2 , x _ 0 ) AND like . theme ( x _ 2 , Matthew )	elips_RNR_gen
A boy ate and the writer missed Olivia .	* writer ( x _ 1 ) ; boy ( x _ 0 ) AND eat . agent ( x _ 2 , x _ 0 ) AND eat . theme ( x _ 2 , Olivia ) AND miss . agent ( x _ 3 , x _ 1 ) AND miss . theme ( x _ 3 , Olivia )	elips_RNR_gen
The boy investigated and a girl liked the captain .	* boy ( x _ 0 ) ; * captain ( x _ 3 ) ; girl ( x _ 2 ) AND investigate . agent ( x _ 4 , x _ 0 ) AND investigate . theme ( x _ 4 , x _ 3 ) AND like . agent ( x _ 5 , x _ 2 ) AND like . theme ( x _ 5 , x _ 3 )	elips_RNR_gen
Mateo respected and a boy liked the fish .	* fish ( x _ 2 ) ; boy ( x _ 1 ) AND respect . agent ( x _ 3 , Mateo ) AND respect . theme ( x _ 3 , x _ 2 ) AND like . agent ( x _ 4 , x _ 1 ) AND like . theme ( x _ 4 , x _ 2 )	elips_RNR_gen
A child ate and Savannah liked a fish .	child ( x _ 0 ) AND fish ( x _ 2 ) AND eat . agent ( x _ 3 , x _ 0 ) AND eat . theme ( x _ 3 , x _ 2 ) AND like . agent ( x _ 4 , Savannah ) AND like . theme ( x _ 4 , x _ 2 )	elips_RNR_gen
A boy found and the hen found the driver .	* driver ( x _ 3 ) ; * hen ( x _ 2 ) ; boy ( x _ 0 ) AND find . agent ( x _ 4 , x _ 0 ) AND find . theme ( x _ 4 , x _ 3 ) AND find . agent ( x _ 5 , x _ 2 ) AND find . theme ( x _ 5 , x _ 3 )	elips_RNR_gen
Emma ate and the hero liked a producer .	* hero ( x _ 1 ) ; producer ( x _ 2 ) AND eat . agent ( x _ 3 , Emma ) AND eat . theme ( x _ 3 , x _ 2 ) AND like . agent ( x _ 4 , x _ 1 ) AND like . theme ( x _ 4 , x _ 2 )	elips_RNR_gen
A boy painted and the frog helped the chief .	* chief ( x _ 3 ) ; * frog ( x _ 2 ) ; boy ( x _ 0 ) AND paint . agent ( x _ 4 , x _ 0 ) AND paint . theme ( x _ 4 , x _ 3 ) AND help . agent ( x _ 5 , x _ 2 ) AND help . theme ( x _ 5 , x _ 3 )	elips_RNR_gen
A host ate and a fly found a farmer .	host ( x _ 0 ) AND farmer ( x _ 3 ) AND fly ( x _ 2 ) AND eat . agent ( x _ 4 , x _ 0 ) AND eat . theme ( x _ 4 , x _ 3 ) AND find . agent ( x _ 5 , x _ 2 ) AND find . theme ( x _ 5 , x _ 3 )	elips_RNR_gen
A princess dusted and a girl helped a moose .	princess ( x _ 0 ) AND moose ( x _ 3 ) AND girl ( x _ 2 ) AND dust . agent ( x _ 4 , x _ 0 ) AND dust . theme ( x _ 4 , x _ 3 ) AND help . agent ( x _ 5 , x _ 2 ) AND help . theme ( x _ 5 , x _ 3 )	elips_RNR_gen
The fish ate and a girl helped Liam .	* fish ( x _ 0 ) ; girl ( x _ 1 ) AND eat . agent ( x _ 2 , x _ 0 ) AND eat . theme ( x _ 2 , Liam ) AND help . agent ( x _ 3 , x _ 1 ) AND help . theme ( x _ 3 , Liam )	elips_RNR_gen
The girl ate and a priest helped Emma .	* girl ( x _ 0 ) ; priest ( x _ 1 ) AND eat . agent ( x _ 2 , x _ 0 ) AND eat . theme ( x _ 2 , Emma ) AND help . agent ( x _ 3 , x _ 1 ) AND help . theme ( x _ 3 , Emma )	elips_RNR_gen
The girl ate and a customer liked the coach .	* girl ( x _ 0 ) ; * coach ( x _ 3 ) ; customer ( x _ 2 ) AND eat . agent ( x _ 4 , x _ 0 ) AND eat . theme ( x _ 4 , x _ 3 ) AND like . agent ( x _ 5 , x _ 2 ) AND like . theme ( x _ 5 , x _ 3 )	elips_RNR_gen
The boy adored and the girl helped Oliver .	* boy ( x _ 0 ) ; * girl ( x _ 1 ) ; adore . agent ( x _ 2 , x _ 0 ) AND adore . theme ( x _ 2 , Oliver ) AND help . agent ( x _ 3 , x _ 1 ) AND help . theme ( x _ 3 , Oliver )	elips_RNR_gen
A girl saw and Liam missed Emma .	girl ( x _ 0 ) AND see . agent ( x _ 1 , x _ 0 ) AND see . theme ( x _ 1 , Emma ) AND miss . agent ( x _ 2 , Liam ) AND miss . theme ( x _ 2 , Emma )	elips_RNR_gen
Emma liked and Olivia loved Benjamin .	like . agent ( x _ 0 , Emma ) AND like . theme ( x _ 0 , Benjamin ) AND love . agent ( x _ 1 , Olivia ) AND love . theme ( x _ 1 , Benjamin )	elips_RNR_gen
A princess painted and Liam pierced Olivia .	princess ( x _ 0 ) AND paint . agent ( x _ 1 , x _ 0 ) AND paint . theme ( x _ 1 , Olivia ) AND pierce . agent ( x _ 2 , Liam ) AND pierce . theme ( x _ 2 , Olivia )	elips_RNR_gen
The frog ate and Isabella poked the buyer .	* frog ( x _ 0 ) ; * buyer ( x _ 2 ) ; eat . agent ( x _ 3 , x _ 0 ) AND eat . theme ( x _ 3 , x _ 2 ) AND poke . agent ( x _ 4 , Isabella ) AND poke . theme ( x _ 4 , x _ 2 )	elips_RNR_gen
The zebra drew and Liam loved the fish .	* zebra ( x _ 0 ) ; * fish ( x _ 2 ) ; draw . agent ( x _ 3 , x _ 0 ) AND draw . theme ( x _ 3 , x _ 2 ) AND love . agent ( x _ 4 , Liam ) AND love . theme ( x _ 4 , x _ 2 )	elips_RNR_gen
Emma ate and a boy helped the moose .	* moose ( x _ 2 ) ; boy ( x _ 1 ) AND eat . agent ( x _ 3 , Emma ) AND eat . theme ( x _ 3 , x _ 2 ) AND help . agent ( x _ 4 , x _ 1 ) AND help . theme ( x _ 4 , x _ 2 )	elips_RNR_gen
A girl saw and the cat helped Emma .	* cat ( x _ 1 ) ; girl ( x _ 0 ) AND see . agent ( x _ 2 , x _ 0 ) AND see . theme ( x _ 2 , Emma ) AND help . agent ( x _ 3 , x _ 1 ) AND help . theme ( x _ 3 , Emma )	elips_RNR_gen
Oliver helped and a director helped Emma .	director ( x _ 0 ) AND help . agent ( x _ 1 , Oliver ) AND help . theme ( x _ 1 , Emma ) AND help . agent ( x _ 2 , x _ 0 ) AND help . theme ( x _ 2 , Emma )	elips_RNR_gen
Isaac tossed and Liam liked the captain .	* captain ( x _ 1 ) ; toss . agent ( x _ 2 , Isaac ) AND toss . theme ( x _ 2 , x _ 1 ) AND like . agent ( x _ 3 , Liam ) AND like . theme ( x _ 3 , x _ 1 )	elips_RNR_gen
Emma painted and a donkey respected the fish .	* fish ( x _ 2 ) ; donkey ( x _ 1 ) AND paint . agent ( x _ 3 , Emma ) AND paint . theme ( x _ 3 , x _ 2 ) AND respect . agent ( x _ 4 , x _ 1 ) AND respect . theme ( x _ 4 , x _ 2 )	elips_RNR_gen
Liam poked and the mouse liked the fish .	* fish ( x _ 2 ) ; * mouse ( x _ 1 ) ; poke . agent ( x _ 3 , Liam ) AND poke . theme ( x _ 3 , x _ 2 ) AND like . agent ( x _ 4 , x _ 1 ) AND like . theme ( x _ 4 , x _ 2 )	elips_RNR_gen
The butterfly ate and Victoria worshipped Emma .	* butterfly ( x _ 0 ) ; eat . agent ( x _ 1 , x _ 0 ) AND eat . theme ( x _ 1 , Emma ) AND worship . agent ( x _ 2 , Victoria ) AND worship . theme ( x _ 2 , Emma )	elips_RNR_gen
Ella valued and Lucas threw the fish .	* fish ( x _ 1 ) ; value . agent ( x _ 2 , Ella ) AND value . theme ( x _ 2 , x _ 1 ) AND throw . agent ( x _ 3 , Lucas ) AND throw . theme ( x _ 3 , x _ 1 )	elips_RNR_gen
The tiger threw and the girl liked a friend .	* tiger ( x _ 0 ) ; * girl ( x _ 2 ) ; friend ( x _ 3 ) AND throw . agent ( x _ 4 , x _ 0 ) AND throw . theme ( x _ 4 , x _ 3 ) AND like . agent ( x _ 5 , x _ 2 ) AND like . theme ( x _ 5 , x _ 3 )	elips_RNR_gen
A horse helped and a duck liked a squirrel .	horse ( x _ 0 ) AND squirrel ( x _ 3 ) AND duck ( x _ 2 ) AND help . agent ( x _ 4 , x _ 0 ) AND help . theme ( x _ 4 , x _ 3 ) AND like . agent ( x _ 5 , x _ 2 ) AND like . theme ( x _ 5 , x _ 3 )	elips_RNR_gen
Charlotte poked and Emma liked Isabella .	poke . agent ( x _ 0 , Charlotte ) AND poke . theme ( x _ 0 , Isabella ) AND like . agent ( x _ 1 , Emma ) AND like . theme ( x _ 1 , Isabella )	elips_RNR_gen
A girl stabbed and a director adored Jacob .	girl ( x _ 0 ) AND director ( x _ 1 ) AND stab . agent ( x _ 2 , x _ 0 ) AND stab . theme ( x _ 2 , Jacob ) AND adore . agent ( x _ 3 , x _ 1 ) AND adore . theme ( x _ 3 , Jacob )	elips_RNR_gen
The cow painted and the butterfly liked a moose .	* cow ( x _ 0 ) ; * butterfly ( x _ 2 ) ; moose ( x _ 3 ) AND paint . agent ( x _ 4 , x _ 0 ) AND paint . theme ( x _ 4 , x _ 3 ) AND like . agent ( x _ 5 , x _ 2 ) AND like . theme ( x _ 5 , x _ 3 )	elips_RNR_gen
A duke discovered and a girl liked Charlotte .	duke ( x _ 0 ) AND girl ( x _ 1 ) AND discover . agent ( x _ 2 , x _ 0 ) AND discover . theme ( x _ 2 , Charlotte ) AND like . agent ( x _ 3 , x _ 1 ) AND like . theme ( x _ 3 , Charlotte )	elips_RNR_gen
Emma liked and Oliver liked Mia .	like . agent ( x _ 0 , Emma ) AND like . theme ( x _ 0 , Mia ) AND like . agent ( x _ 1 , Oliver ) AND like . theme ( x _ 1 , Mia )	elips_RNR_gen
The farmer liked and the teacher valued a guy .	* farmer ( x _ 0 ) ; * teacher ( x _ 2 ) ; guy ( x _ 3 ) AND like . agent ( x _ 4 , x _ 0 ) AND like . theme ( x _ 4 , x _ 3 ) AND value . agent ( x _ 5 , x _ 2 ) AND value . theme ( x _ 5 , x _ 3 )	elips_RNR_gen
Emma ate and Ethan helped the turkey .	* turkey ( x _ 1 ) ; eat . agent ( x _ 2 , Emma ) AND eat . theme ( x _ 2 , x _ 1 ) AND help . agent ( x _ 3 , Ethan ) AND help . theme ( x _ 3 , x _ 1 )	elips_RNR_gen
The girl poked and Emma liked Isabella .	* girl ( x _ 0 ) ; poke . agent ( x _ 1 , x _ 0 ) AND poke . theme ( x _ 1 , Isabella ) AND like . agent ( x _ 2 , Emma ) AND like . theme ( x _ 2 , Isabella )	elips_RNR_gen
Liam painted and the girl liked a squirrel .	* girl ( x _ 1 ) ; squirrel ( x _ 2 ) AND paint . agent ( x _ 3 , Liam ) AND paint . theme ( x _ 3 , x _ 2 ) AND like . agent ( x _ 4 , x _ 1 ) AND like . theme ( x _ 4 , x _ 2 )	elips_RNR_gen
The girl drew and the child found a fish .	* girl ( x _ 0 ) ; * child ( x _ 2 ) ; fish ( x _ 3 ) AND draw . agent ( x _ 4 , x _ 0 ) AND draw . theme ( x _ 4 , x _ 3 ) AND find . agent ( x _ 5 , x _ 2 ) AND find . theme ( x _ 5 , x _ 3 )	elips_RNR_gen
A girl missed and David discovered a pig .	girl ( x _ 0 ) AND pig ( x _ 2 ) AND miss . agent ( x _ 3 , x _ 0 ) AND miss . theme ( x _ 3 , x _ 2 ) AND discover . agent ( x _ 4 , David ) AND discover . theme ( x _ 4 , x _ 2 )	elips_RNR_gen
A cat packed and Daniel liked James .	cat ( x _ 0 ) AND pack . agent ( x _ 1 , x _ 0 ) AND pack . theme ( x _ 1 , James ) AND like . agent ( x _ 2 , Daniel ) AND like . theme ( x _ 2 , James )	elips_RNR_gen
A doctor tossed and Emma loved Oliver .	doctor ( x _ 0 ) AND toss . agent ( x _ 1 , x _ 0 ) AND toss . theme ( x _ 1 , Oliver ) AND love . agent ( x _ 2 , Emma ) AND love . theme ( x _ 2 , Oliver )	elips_RNR_gen
The coach liked and Daniel liked the fish .	* coach ( x _ 0 ) ; * fish ( x _ 2 ) ; like . agent ( x _ 3 , x _ 0 ) AND like . theme ( x _ 3 , x _ 2 ) AND like . agent ( x _ 4 , Daniel ) AND like . theme ( x _ 4 , x _ 2 )	elips_RNR_gen
A girl valued and a boy liked a fish .	girl ( x _ 0 ) AND fish ( x _ 3 ) AND boy ( x _ 2 ) AND value . agent ( x _ 4 , x _ 0 ) AND value . theme ( x _ 4 , x _ 3 ) AND like . agent ( x _ 5 , x _ 2 ) AND like . theme ( x _ 5 , x _ 3 )	elips_RNR_gen
The boy observed and a frog liked the sheep .	* boy ( x _ 0 ) ; * sheep ( x _ 3 ) ; frog ( x _ 2 ) AND observe . agent ( x _ 4 , x _ 0 ) AND observe . theme ( x _ 4 , x _ 3 ) AND like . agent ( x _ 5 , x _ 2 ) AND like . theme ( x _ 5 , x _ 3 )	elips_RNR_gen
Emma respected and a baby worshipped Noah .	baby ( x _ 0 ) AND respect . agent ( x _ 1 , Emma ) AND respect . theme ( x _ 1 , Noah ) AND worship . agent ( x _ 2 , x _ 0 ) AND worship . theme ( x _ 2 , Noah )	elips_RNR_gen
The girl packed and James threw Emma .	* girl ( x _ 0 ) ; pack . agent ( x _ 1 , x _ 0 ) AND pack . theme ( x _ 1 , Emma ) AND throw . agent ( x _ 2 , James ) AND throw . theme ( x _ 2 , Emma )	elips_RNR_gen
Amelia ate and Emma stabbed Ava .	eat . agent ( x _ 0 , Amelia ) AND eat . theme ( x _ 0 , Ava ) AND stab . agent ( x _ 1 , Emma ) AND stab . theme ( x _ 1 , Ava )	elips_RNR_gen
A girl liked and Liam liked Emma .	girl ( x _ 0 ) AND like . agent ( x _ 1 , x _ 0 ) AND like . theme ( x _ 1 , Emma ) AND like . agent ( x _ 2 , Liam ) AND like . theme ( x _ 2 , Emma )	elips_RNR_gen
Emma ate and the passenger worshipped a lamb .	* passenger ( x _ 1 ) ; lamb ( x _ 2 ) AND eat . agent ( x _ 3 , Emma ) AND eat . theme ( x _ 3 , x _ 2 ) AND worship . agent ( x _ 4 , x _ 1 ) AND worship . theme ( x _ 4 , x _ 2 )	elips_RNR_gen
Scarlett heard and the dog loved the pony .	* pony ( x _ 2 ) ; * dog ( x _ 1 ) ; hear . agent ( x _ 3 , Scarlett ) AND hear . theme ( x _ 3 , x _ 2 ) AND love . agent ( x _ 4 , x _ 1 ) AND love . theme ( x _ 4 , x _ 2 )	elips_RNR_gen
A girl drew and a human found the fish .	* fish ( x _ 3 ) ; girl ( x _ 0 ) AND human ( x _ 2 ) AND draw . agent ( x _ 4 , x _ 0 ) AND draw . theme ( x _ 4 , x _ 3 ) AND find . agent ( x _ 5 , x _ 2 ) AND find . theme ( x _ 5 , x _ 3 )	elips_RNR_gen
The baby juggled and the mouse found Isabella .	* baby ( x _ 0 ) ; * mouse ( x _ 1 ) ; juggle . agent ( x _ 2 , x _ 0 ) AND juggle . theme ( x _ 2 , Isabella ) AND find . agent ( x _ 3 , x _ 1 ) AND find . theme ( x _ 3 , Isabella )	elips_RNR_gen
A duck painted and the cat admired William .	* cat ( x _ 1 ) ; duck ( x _ 0 ) AND paint . agent ( x _ 2 , x _ 0 ) AND paint . theme ( x _ 2 , William ) AND admire . agent ( x _ 3 , x _ 1 ) AND admire . theme ( x _ 3 , William )	elips_RNR_gen
The girl appreciated and Emma tolerated Scarlett .	* girl ( x _ 0 ) ; appreciate . agent ( x _ 1 , x _ 0 ) AND appreciate . theme ( x _ 1 , Scarlett ) AND tolerate . agent ( x _ 2 , Emma ) AND tolerate . theme ( x _ 2 , Scarlett )	elips_RNR_gen
Nora drew and a girl liked a priest .	priest ( x _ 2 ) AND girl ( x _ 1 ) AND draw . agent ( x _ 3 , Nora ) AND draw . theme ( x _ 3 , x _ 2 ) AND like . agent ( x _ 4 , x _ 1 ) AND like . theme ( x _ 4 , x _ 2 )	elips_RNR_gen
A child liked and Emma liked a fish .	child ( x _ 0 ) AND fish ( x _ 2 ) AND like . agent ( x _ 3 , x _ 0 ) AND like . theme ( x _ 3 , x _ 2 ) AND like . agent ( x _ 4 , Emma ) AND like . theme ( x _ 4 , x _ 2 )	elips_RNR_gen
Stella liked and the mouse liked Liam .	* mouse ( x _ 0 ) ; like . agent ( x _ 1 , Stella ) AND like . theme ( x _ 1 , Liam ) AND like . agent ( x _ 2 , x _ 0 ) AND like . theme ( x _ 2 , Liam )	elips_RNR_gen
Emma painted and Leah admired a prince .	prince ( x _ 1 ) AND paint . agent ( x _ 2 , Emma ) AND paint . theme ( x _ 2 , x _ 1 ) AND admire . agent ( x _ 3 , Leah ) AND admire . theme ( x _ 3 , x _ 1 )	elips_RNR_gen
A president sketched and Amelia respected a lamb .	president ( x _ 0 ) AND lamb ( x _ 2 ) AND sketch . agent ( x _ 3 , x _ 0 ) AND sketch . theme ( x _ 3 , x _ 2 ) AND respect . agent ( x _ 4 , Amelia ) AND respect . theme ( x _ 4 , x _ 2 )	elips_RNR_gen
Liam painted and Emma missed the moose .	* moose ( x _ 1 ) ; paint . agent ( x _ 2 , Liam ) AND paint . theme ( x _ 2 , x _ 1 ) AND miss . agent ( x _ 3 , Emma ) AND miss . theme ( x _ 3 , x _ 1 )	elips_RNR_gen
The coach ate and a hero liked the guest .	* coach ( x _ 0 ) ; * guest ( x _ 3 ) ; hero ( x _ 2 ) AND eat . agent ( x _ 4 , x _ 0 ) AND eat . theme ( x _ 4 , x _ 3 ) AND like . agent ( x _ 5 , x _ 2 ) AND like . theme ( x _ 5 , x _ 3 )	elips_RNR_gen
Liam helped and a boy liked Emma .	boy ( x _ 0 ) AND help . agent ( x _ 1 , Liam ) AND help . theme ( x _ 1 , Emma ) AND like . agent ( x _ 2 , x _ 0 ) AND like . theme ( x _ 2 , Emma )	elips_RNR_gen
A dog dusted and Oliver liked a fish .	dog ( x _ 0 ) AND fish ( x _ 2 ) AND dust . agent ( x _ 3 , x _ 0 ) AND dust . theme ( x _ 3 , x _ 2 ) AND like . agent ( x _ 4 , Oliver ) AND like . theme ( x _ 4 , x _ 2 )	elips_RNR_gen
Liam liked and Emma liked the judge .	* judge ( x _ 1 ) ; like . agent ( x _ 2 , Liam ) AND like . theme ( x _ 2 , x _ 1 ) AND like . agent ( x _ 3 , Emma ) AND like . theme ( x _ 3 , x _ 1 )	elips_RNR_gen
Ellie ate and the boy poked Emma .	* boy ( x _ 0 ) ; eat . agent ( x _ 1 , Ellie ) AND eat . theme ( x _ 1 , Emma ) AND poke . agent ( x _ 2 , x _ 0 ) AND poke . theme ( x _ 2 , Emma )	elips_RNR_gen
A cat cleaned and Liam admired a captain .	cat ( x _ 0 ) AND captain ( x _ 2 ) AND clean . agent ( x _ 3 , x _ 0 ) AND clean . theme ( x _ 3 , x _ 2 ) AND admire . agent ( x _ 4 , Liam ) AND admire . theme ( x _ 4 , x _ 2 )	elips_RNR_gen
Emma painted and the cat helped Liam .	* cat ( x _ 0 ) ; paint . agent ( x _ 1 , Emma ) AND paint . theme ( x _ 1 , Liam ) AND help . agent ( x _ 2 , x _ 0 ) AND help . theme ( x _ 2 , Liam )	elips_RNR_gen
Emma painted and the mother liked Liam .	* mother ( x _ 0 ) ; paint . agent ( x _ 1 , Emma ) AND paint . theme ( x _ 1 , Liam ) AND like . agent ( x _ 2 , x _ 0 ) AND like . theme ( x _ 2 , Liam )	elips_RNR_gen
Michael examined and the bear helped a fish .	* bear ( x _ 1 ) ; fish ( x _ 2 ) AND examine . agent ( x _ 3 , Michael ) AND examine . theme ( x _ 3 , x _ 2 ) AND help . agent ( x _ 4 , x _ 1 ) AND help . theme ( x _ 4 , x _ 2 )	elips_RNR_gen
A scientist ate and Ava admired Emma .	scientist ( x _ 0 ) AND eat . agent ( x _ 1 , x _ 0 ) AND eat . theme ( x _ 1 , Emma ) AND admire . agent ( x _ 2 , Ava ) AND admire . theme ( x _ 2 , Emma )	elips_RNR_gen
Emma drew and Benjamin found a turkey .	turkey ( x _ 1 ) AND draw . agent ( x _ 2 , Emma ) AND draw . theme ( x _ 2 , x _ 1 ) AND find . agent ( x _ 3 , Benjamin ) AND find . theme ( x _ 3 , x _ 1 )	elips_RNR_gen
Liam ate and the girl found the guy .	* guy ( x _ 2 ) ; * girl ( x _ 1 ) ; eat . agent ( x _ 3 , Liam ) AND eat . theme ( x _ 3 , x _ 2 ) AND find . agent ( x _ 4 , x _ 1 ) AND find . theme ( x _ 4 , x _ 2 )	elips_RNR_gen
The cat drew and the boy helped the fish .	* cat ( x _ 0 ) ; * fish ( x _ 3 ) ; * boy ( x _ 2 ) ; draw . agent ( x _ 4 , x _ 0 ) AND draw . theme ( x _ 4 , x _ 3 ) AND help . agent ( x _ 5 , x _ 2 ) AND help . theme ( x _ 5 , x _ 3 )	elips_RNR_gen
A girl ate and William helped Emma .	girl ( x _ 0 ) AND eat . agent ( x _ 1 , x _ 0 ) AND eat . theme ( x _ 1 , Emma ) AND help . agent ( x _ 2 , William ) AND help . theme ( x _ 2 , Emma )	elips_RNR_gen
Penelope poked and the girl missed a tourist .	* girl ( x _ 1 ) ; tourist ( x _ 2 ) AND poke . agent ( x _ 3 , Penelope ) AND poke . theme ( x _ 3 , x _ 2 ) AND miss . agent ( x _ 4 , x _ 1 ) AND miss . theme ( x _ 4 , x _ 2 )	elips_RNR_gen
A boy helped and John liked the human .	* human ( x _ 2 ) ; boy ( x _ 0 ) AND help . agent ( x _ 3 , x _ 0 ) AND help . theme ( x _ 3 , x _ 2 ) AND like . agent ( x _ 4 , John ) AND like . theme ( x _ 4 , x _ 2 )	elips_RNR_gen
The sheep poked and Isabella found the puppy .	* sheep ( x _ 0 ) ; * puppy ( x _ 2 ) ; poke . agent ( x _ 3 , x _ 0 ) AND poke . theme ( x _ 3 , x _ 2 ) AND find . agent ( x _ 4 , Isabella ) AND find . theme ( x _ 4 , x _ 2 )	elips_RNR_gen
Emma adored and a crocodile liked the fish .	* fish ( x _ 2 ) ; crocodile ( x _ 1 ) AND adore . agent ( x _ 3 , Emma ) AND adore . theme ( x _ 3 , x _ 2 ) AND like . agent ( x _ 4 , x _ 1 ) AND like . theme ( x _ 4 , x _ 2 )	elips_RNR_gen
The penguin ate and Olivia liked Emma .	* penguin ( x _ 0 ) ; eat . agent ( x _ 1 , x _ 0 ) AND eat . theme ( x _ 1 , Emma ) AND like . agent ( x _ 2 , Olivia ) AND like . theme ( x _ 2 , Emma )	elips_RNR_gen
A chicken liked and Emma helped the fish .	* fish ( x _ 2 ) ; chicken ( x _ 0 ) AND like . agent ( x _ 3 , x _ 0 ) AND like . theme ( x _ 3 , x _ 2 ) AND help . agent ( x _ 4 , Emma ) AND help . theme ( x _ 4 , x _ 2 )	elips_RNR_gen
Liam liked and Noah found Samuel .	like . agent ( x _ 0 , Liam ) AND like . theme ( x _ 0 , Samuel ) AND find . agent ( x _ 1 , Noah ) AND find . theme ( x _ 1 , Samuel )	elips_RNR_gen
Ethan painted and Liam liked the fish .	* fish ( x _ 1 ) ; paint . agent ( x _ 2 , Ethan ) AND paint . theme ( x _ 2 , x _ 1 ) AND like . agent ( x _ 3 , Liam ) AND like . theme ( x _ 3 , x _ 1 )	elips_RNR_gen
Sophia packed and a boy liked the fish .	* fish ( x _ 2 ) ; boy ( x _ 1 ) AND pack . agent ( x _ 3 , Sophia ) AND pack . theme ( x _ 3 , x _ 2 ) AND like . agent ( x _ 4 , x _ 1 ) AND like . theme ( x _ 4 , x _ 2 )	elips_RNR_gen
Michael liked and the boy helped a soldier .	* boy ( x _ 1 ) ; soldier ( x _ 2 ) AND like . agent ( x _ 3 , Michael ) AND like . theme ( x _ 3 , x _ 2 ) AND help . agent ( x _ 4 , x _ 1 ) AND help . theme ( x _ 4 , x _ 2 )	elips_RNR_gen
Emma ate and a bee found Ava .	bee ( x _ 0 ) AND eat . agent ( x _ 1 , Emma ) AND eat . theme ( x _ 1 , Ava ) AND find . agent ( x _ 2 , x _ 0 ) AND find . theme ( x _ 2 , Ava )	elips_RNR_gen
Lucas ate and Amelia adored the moose .	* moose ( x _ 1 ) ; eat . agent ( x _ 2 , Lucas ) AND eat . theme ( x _ 2 , x _ 1 ) AND adore . agent ( x _ 3 , Amelia ) AND adore . theme ( x _ 3 , x _ 1 )	elips_RNR_gen
Olivia dusted and the cow loved Emma .	* cow ( x _ 0 ) ; dust . agent ( x _ 1 , Olivia ) AND dust . theme ( x _ 1 , Emma ) AND love . agent ( x _ 2 , x _ 0 ) AND love . theme ( x _ 2 , Emma )	elips_RNR_gen
The coach painted and the poet liked Emma .	* coach ( x _ 0 ) ; * poet ( x _ 1 ) ; paint . agent ( x _ 2 , x _ 0 ) AND paint . theme ( x _ 2 , Emma ) AND like . agent ( x _ 3 , x _ 1 ) AND like . theme ( x _ 3 , Emma )	elips_RNR_gen
Emma juggled and a dog found a pig .	pig ( x _ 2 ) AND dog ( x _ 1 ) AND juggle . agent ( x _ 3 , Emma ) AND juggle . theme ( x _ 3 , x _ 2 ) AND find . agent ( x _ 4 , x _ 1 ) AND find . theme ( x _ 4 , x _ 2 )	elips_RNR_gen
The giraffe admired and Claire loved the duke .	* giraffe ( x _ 0 ) ; * duke ( x _ 2 ) ; admire . agent ( x _ 3 , x _ 0 ) AND admire . theme ( x _ 3 , x _ 2 ) AND love . agent ( x _ 4 , Claire ) AND love . theme ( x _ 4 , x _ 2 )	elips_RNR_gen
Ava knew and Mia liked Abigail .	know . agent ( x _ 0 , Ava ) AND know . theme ( x _ 0 , Abigail ) AND like . agent ( x _ 1 , Mia ) AND like . theme ( x _ 1 , Abigail )	elips_RNR_gen
A dog missed and Emma found the moose .	* moose ( x _ 2 ) ; dog ( x _ 0 ) AND miss . agent ( x _ 3 , x _ 0 ) AND miss . theme ( x _ 3 , x _ 2 ) AND find . agent ( x _ 4 , Emma ) AND find . theme ( x _ 4 , x _ 2 )	elips_RNR_gen
A girl juggled and Emma held Liam .	girl ( x _ 0 ) AND juggle . agent ( x _ 1 , x _ 0 ) AND juggle . theme ( x _ 1 , Liam ) AND hold . agent ( x _ 2 , Emma ) AND hold . theme ( x _ 2 , Liam )	elips_RNR_gen
A girl liked and Ryan liked the squirrel .	* squirrel ( x _ 2 ) ; girl ( x _ 0 ) AND like . agent ( x _ 3 , x _ 0 ) AND like . theme ( x _ 3 , x _ 2 ) AND like . agent ( x _ 4 , Ryan ) AND like . theme ( x _ 4 , x _ 2 )	elips_RNR_gen
Wyatt hunted and the bird admired James .	* bird ( x _ 0 ) ; hunt . agent ( x _ 1 , Wyatt ) AND hunt . theme ( x _ 1 , James ) AND admire . agent ( x _ 2 , x _ 0 ) AND admire . theme ( x _ 2 , James )	elips_RNR_gen
Liam heard and a chicken liked the moose .	* moose ( x _ 2 ) ; chicken ( x _ 1 ) AND hear . agent ( x _ 3 , Liam ) AND hear . theme ( x _ 3 , x _ 2 ) AND like . agent ( x _ 4 , x _ 1 ) AND like . theme ( x _ 4 , x _ 2 )	elips_RNR_gen
Jayden liked and Stella liked the writer .	* writer ( x _ 1 ) ; like . agent ( x _ 2 , Jayden ) AND like . theme ( x _ 2 , x _ 1 ) AND like . agent ( x _ 3 , Stella ) AND like . theme ( x _ 3 , x _ 1 )	elips_RNR_gen
The child helped and Olivia held Emma .	* child ( x _ 0 ) ; help . agent ( x _ 1 , x _ 0 ) AND help . theme ( x _ 1 , Emma ) AND hold . agent ( x _ 2 , Olivia ) AND hold . theme ( x _ 2 , Emma )	elips_RNR_gen
A cat hunted and Emma touched Alexander .	cat ( x _ 0 ) AND hunt . agent ( x _ 1 , x _ 0 ) AND hunt . theme ( x _ 1 , Alexander ) AND touch . agent ( x _ 2 , Emma ) AND touch . theme ( x _ 2 , Alexander )	elips_RNR_gen
The pony drew and the girl liked Ava .	* pony ( x _ 0 ) ; * girl ( x _ 1 ) ; draw . agent ( x _ 2 , x _ 0 ) AND draw . theme ( x _ 2 , Ava ) AND like . agent ( x _ 3 , x _ 1 ) AND like . theme ( x _ 3 , Ava )	elips_RNR_gen
A boy poked and Emma liked Isabella .	boy ( x _ 0 ) AND poke . agent ( x _ 1 , x _ 0 ) AND poke . theme ( x _ 1 , Isabella ) AND like . agent ( x _ 2 , Emma ) AND like . theme ( x _ 2 , Isabella )	elips_RNR_gen
Liam helped and Elizabeth liked Emma .	help . agent ( x _ 0 , Liam ) AND help . theme ( x _ 0 , Emma ) AND like . agent ( x _ 1 , Elizabeth ) AND like . theme ( x _ 1 , Emma )	elips_RNR_gen
Ava liked and a cat liked the pig .	* pig ( x _ 2 ) ; cat ( x _ 1 ) AND like . agent ( x _ 3 , Ava ) AND like . theme ( x _ 3 , x _ 2 ) AND like . agent ( x _ 4 , x _ 1 ) AND like . theme ( x _ 4 , x _ 2 )	elips_RNR_gen
Mason loved and a girl tossed Aria .	girl ( x _ 0 ) AND love . agent ( x _ 1 , Mason ) AND love . theme ( x _ 1 , Aria ) AND toss . agent ( x _ 2 , x _ 0 ) AND toss . theme ( x _ 2 , Aria )	elips_RNR_gen
The girl respected and Charlotte poked a fish .	* girl ( x _ 0 ) ; fish ( x _ 2 ) AND respect . agent ( x _ 3 , x _ 0 ) AND respect . theme ( x _ 3 , x _ 2 ) AND poke . agent ( x _ 4 , Charlotte ) AND poke . theme ( x _ 4 , x _ 2 )	elips_RNR_gen
A lion investigated and Carter found the creature .	* creature ( x _ 2 ) ; lion ( x _ 0 ) AND investigate . agent ( x _ 3 , x _ 0 ) AND investigate . theme ( x _ 3 , x _ 2 ) AND find . agent ( x _ 4 , Carter ) AND find . theme ( x _ 4 , x _ 2 )	elips_RNR_gen
Emma cooked and the mother held Olivia .	* mother ( x _ 0 ) ; cook . agent ( x _ 1 , Emma ) AND cook . theme ( x _ 1 , Olivia ) AND hold . agent ( x _ 2 , x _ 0 ) AND hold . theme ( x _ 2 , Olivia )	elips_RNR_gen
James liked and Olivia liked Aiden .	like . agent ( x _ 0 , James ) AND like . theme ( x _ 0 , Aiden ) AND like . agent ( x _ 1 , Olivia ) AND like . theme ( x _ 1 , Aiden )	elips_RNR_gen
The butterfly ate and a girl found the fish .	* butterfly ( x _ 0 ) ; * fish ( x _ 3 ) ; girl ( x _ 2 ) AND eat . agent ( x _ 4 , x _ 0 ) AND eat . theme ( x _ 4 , x _ 3 ) AND find . agent ( x _ 5 , x _ 2 ) AND find . theme ( x _ 5 , x _ 3 )	elips_RNR_gen
Aiden drew and Emma helped Liam .	draw . agent ( x _ 0 , Aiden ) AND draw . theme ( x _ 0 , Liam ) AND help . agent ( x _ 1 , Emma ) AND help . theme ( x _ 1 , Liam )	elips_RNR_gen
A chicken packed and a pig threw a fish .	chicken ( x _ 0 ) AND fish ( x _ 3 ) AND pig ( x _ 2 ) AND pack . agent ( x _ 4 , x _ 0 ) AND pack . theme ( x _ 4 , x _ 3 ) AND throw . agent ( x _ 5 , x _ 2 ) AND throw . theme ( x _ 5 , x _ 3 )	elips_RNR_gen
A girl adored and the bee liked Emma .	* bee ( x _ 1 ) ; girl ( x _ 0 ) AND adore . agent ( x _ 2 , x _ 0 ) AND adore . theme ( x _ 2 , Emma ) AND like . agent ( x _ 3 , x _ 1 ) AND like . theme ( x _ 3 , Emma )	elips_RNR_gen
Olivia stabbed and the girl liked Elijah .	* girl ( x _ 0 ) ; stab . agent ( x _ 1 , Olivia ) AND stab . theme ( x _ 1 , Elijah ) AND like . agent ( x _ 2 , x _ 0 ) AND like . theme ( x _ 2 , Elijah )	elips_RNR_gen
Emma hunted and Liam loved Mila .	hunt . agent ( x _ 0 , Emma ) AND hunt . theme ( x _ 0 , Mila ) AND love . agent ( x _ 1 , Liam ) AND love . theme ( x _ 1 , Mila )	elips_RNR_gen
Isabella held and Samuel poked Emma .	hold . agent ( x _ 0 , Isabella ) AND hold . theme ( x _ 0 , Emma ) AND poke . agent ( x _ 1 , Samuel ) AND poke . theme ( x _ 1 , Emma )	elips_RNR_gen
A boy cleaned and Chloe stabbed the captain .	* captain ( x _ 2 ) ; boy ( x _ 0 ) AND clean . agent ( x _ 3 , x _ 0 ) AND clean . theme ( x _ 3 , x _ 2 ) AND stab . agent ( x _ 4 , Chloe ) AND stab . theme ( x _ 4 , x _ 2 )	elips_RNR_gen
Olivia discovered and a boy tolerated Emma .	boy ( x _ 0 ) AND discover . agent ( x _ 1 , Olivia ) AND discover . theme ( x _ 1 , Emma ) AND tolerate . agent ( x _ 2 , x _ 0 ) AND tolerate . theme ( x _ 2 , Emma )	elips_RNR_gen
Emma noticed and Liam found Noah .	notice . agent ( x _ 0 , Emma ) AND notice . theme ( x _ 0 , Noah ) AND find . agent ( x _ 1 , Liam ) AND find . theme ( x _ 1 , Noah )	elips_RNR_gen
Harper adored and Emma helped the fish .	* fish ( x _ 1 ) ; adore . agent ( x _ 2 , Harper ) AND adore . theme ( x _ 2 , x _ 1 ) AND help . agent ( x _ 3 , Emma ) AND help . theme ( x _ 3 , x _ 1 )	elips_RNR_gen
A boy liked and Alexander liked Liam .	boy ( x _ 0 ) AND like . agent ( x _ 1 , x _ 0 ) AND like . theme ( x _ 1 , Liam ) AND like . agent ( x _ 2 , Alexander ) AND like . theme ( x _ 2 , Liam )	elips_RNR_gen
Liam loved and Oliver liked Emma .	love . agent ( x _ 0 , Liam ) AND love . theme ( x _ 0 , Emma ) AND like . agent ( x _ 1 , Oliver ) AND like . theme ( x _ 1 , Emma )	elips_RNR_gen
The lawyer pierced and a cat liked Olivia .	* lawyer ( x _ 0 ) ; cat ( x _ 1 ) AND pierce . agent ( x _ 2 , x _ 0 ) AND pierce . theme ( x _ 2 , Olivia ) AND like . agent ( x _ 3 , x _ 1 ) AND like . theme ( x _ 3 , Olivia )	elips_RNR_gen
Liam adored and the girl found a sheep .	* girl ( x _ 1 ) ; sheep ( x _ 2 ) AND adore . agent ( x _ 3 , Liam ) AND adore . theme ( x _ 3 , x _ 2 ) AND find . agent ( x _ 4 , x _ 1 ) AND find . theme ( x _ 4 , x _ 2 )	elips_RNR_gen
The president ate and a student adored Noah .	* president ( x _ 0 ) ; student ( x _ 1 ) AND eat . agent ( x _ 2 , x _ 0 ) AND eat . theme ( x _ 2 , Noah ) AND adore . agent ( x _ 3 , x _ 1 ) AND adore . theme ( x _ 3 , Noah )	elips_RNR_gen
Emma liked and a cat liked Ava .	cat ( x _ 0 ) AND like . agent ( x _ 1 , Emma ) AND like . theme ( x _ 1 , Ava ) AND like . agent ( x _ 2 , x _ 0 ) AND like . theme ( x _ 2 , Ava )	elips_RNR_gen
Violet ate and Alexander touched a fish .	fish ( x _ 1 ) AND eat . agent ( x _ 2 , Violet ) AND eat . theme ( x _ 2 , x _ 1 ) AND touch . agent ( x _ 3 , Alexander ) AND touch . theme ( x _ 3 , x _ 1 )	elips_RNR_gen
Noah painted and Grace tolerated a turtle .	turtle ( x _ 1 ) AND paint . agent ( x _ 2 , Noah ) AND paint . theme ( x _ 2 , x _ 1 ) AND tolerate . agent ( x _ 3 , Grace ) AND tolerate . theme ( x _ 3 , x _ 1 )	elips_RNR_gen
Riley helped and Liam liked Emma .	help . agent ( x _ 0 , Riley ) AND help . theme ( x _ 0 , Emma ) AND like . agent ( x _ 1 , Liam ) AND like . theme ( x _ 1 , Emma )	elips_RNR_gen
Aiden hunted and Oliver poked the champion .	* champion ( x _ 1 ) ; hunt . agent ( x _ 2 , Aiden ) AND hunt . theme ( x _ 2 , x _ 1 ) AND poke . agent ( x _ 3 , Oliver ) AND poke . theme ( x _ 3 , x _ 1 )	elips_RNR_gen
The boy cleaned and Liam liked James .	* boy ( x _ 0 ) ; clean . agent ( x _ 1 , x _ 0 ) AND clean . theme ( x _ 1 , James ) AND like . agent ( x _ 2 , Liam ) AND like . theme ( x _ 2 , James )	elips_RNR_gen
The puppy ate and Olivia liked Chloe .	* puppy ( x _ 0 ) ; eat . agent ( x _ 1 , x _ 0 ) AND eat . theme ( x _ 1 , Chloe ) AND like . agent ( x _ 2 , Olivia ) AND like . theme ( x _ 2 , Chloe )	elips_RNR_gen
The dog cooked and the girl threw the moose .	* dog ( x _ 0 ) ; * moose ( x _ 3 ) ; * girl ( x _ 2 ) ; cook . agent ( x _ 4 , x _ 0 ) AND cook . theme ( x _ 4 , x _ 3 ) AND throw . agent ( x _ 5 , x _ 2 ) AND throw . theme ( x _ 5 , x _ 3 )	elips_RNR_gen
The manager liked and Emma liked the moose .	* manager ( x _ 0 ) ; * moose ( x _ 2 ) ; like . agent ( x _ 3 , x _ 0 ) AND like . theme ( x _ 3 , x _ 2 ) AND like . agent ( x _ 4 , Emma ) AND like . theme ( x _ 4 , x _ 2 )	elips_RNR_gen
Ava studied and a teacher valued James .	teacher ( x _ 0 ) AND study . agent ( x _ 1 , Ava ) AND study . theme ( x _ 1 , James ) AND value . agent ( x _ 2 , x _ 0 ) AND value . theme ( x _ 2 , James )	elips_RNR_gen
Liam juggled and Ava liked Abigail .	juggle . agent ( x _ 0 , Liam ) AND juggle . theme ( x _ 0 , Abigail ) AND like . agent ( x _ 1 , Ava ) AND like . theme ( x _ 1 , Abigail )	elips_RNR_gen
The girl ate and Noah helped Emma .	* girl ( x _ 0 ) ; eat . agent ( x _ 1 , x _ 0 ) AND eat . theme ( x _ 1 , Emma ) AND help . agent ( x _ 2 , Noah ) AND help . theme ( x _ 2 , Emma )	elips_RNR_gen
A cat loved and Emma liked Carter .	cat ( x _ 0 ) AND love . agent ( x _ 1 , x _ 0 ) AND love . theme ( x _ 1 , Carter ) AND like . agent ( x _ 2 , Emma ) AND like . theme ( x _ 2 , Carter )	elips_RNR_gen
The girl liked and Liam helped Emma .	* girl ( x _ 0 ) ; like . agent ( x _ 1 , x _ 0 ) AND like . theme ( x _ 1 , Emma ) AND help . agent ( x _ 2 , Liam ) AND help . theme ( x _ 2 , Emma )	elips_RNR_gen
Noah cleaned and the chicken liked Charlotte .	* chicken ( x _ 0 ) ; clean . agent ( x _ 1 , Noah ) AND clean . theme ( x _ 1 , Charlotte ) AND like . agent ( x _ 2 , x _ 0 ) AND like . theme ( x _ 2 , Charlotte )	elips_RNR_gen
James poked and a cat tolerated Olivia .	cat ( x _ 0 ) AND poke . agent ( x _ 1 , James ) AND poke . theme ( x _ 1 , Olivia ) AND tolerate . agent ( x _ 2 , x _ 0 ) AND tolerate . theme ( x _ 2 , Olivia )	elips_RNR_gen
Isabella adored and a girl liked a servant .	servant ( x _ 2 ) AND girl ( x _ 1 ) AND adore . agent ( x _ 3 , Isabella ) AND adore . theme ( x _ 3 , x _ 2 ) AND like . agent ( x _ 4 , x _ 1 ) AND like . theme ( x _ 4 , x _ 2 )	elips_RNR_gen
A frog poked and Mason found Liam .	frog ( x _ 0 ) AND poke . agent ( x _ 1 , x _ 0 ) AND poke . theme ( x _ 1 , Liam ) AND find . agent ( x _ 2 , Mason ) AND find . theme ( x _ 2 , Liam )	elips_RNR_gen
Violet ate and Emma helped Ella .	eat . agent ( x _ 0 , Violet ) AND eat . theme ( x _ 0 , Ella ) AND help . agent ( x _ 1 , Emma ) AND help . theme ( x _ 1 , Ella )	elips_RNR_gen
The girl ate and Harper tolerated Emma .	* girl ( x _ 0 ) ; eat . agent ( x _ 1 , x _ 0 ) AND eat . theme ( x _ 1 , Emma ) AND tolerate . agent ( x _ 2 , Harper ) AND tolerate . theme ( x _ 2 , Emma )	elips_RNR_gen
A baby worshipped and Noah touched a lamb .	baby ( x _ 0 ) AND lamb ( x _ 2 ) AND worship . agent ( x _ 3 , x _ 0 ) AND worship . theme ( x _ 3 , x _ 2 ) AND touch . agent ( x _ 4 , Noah ) AND touch . theme ( x _ 4 , x _ 2 )	elips_RNR_gen
Bella cleaned and William missed Emma .	clean . agent ( x _ 0 , Bella ) AND clean . theme ( x _ 0 , Emma ) AND miss . agent ( x _ 1 , William ) AND miss . theme ( x _ 1 , Emma )	elips_RNR_gen
Charlotte pierced and Audrey liked Emma .	pierce . agent ( x _ 0 , Charlotte ) AND pierce . theme ( x _ 0 , Emma ) AND like . agent ( x _ 1 , Audrey ) AND like . theme ( x _ 1 , Emma )	elips_RNR_gen
A mother ate and Emma liked a fish .	mother ( x _ 0 ) AND fish ( x _ 2 ) AND eat . agent ( x _ 3 , x _ 0 ) AND eat . theme ( x _ 3 , x _ 2 ) AND like . agent ( x _ 4 , Emma ) AND like . theme ( x _ 4 , x _ 2 )	elips_RNR_gen
Avery liked and William appreciated Ava .	like . agent ( x _ 0 , Avery ) AND like . theme ( x _ 0 , Ava ) AND appreciate . agent ( x _ 1 , William ) AND appreciate . theme ( x _ 1 , Ava )	elips_RNR_gen
The cat found and Mia helped a fish .	* cat ( x _ 0 ) ; fish ( x _ 2 ) AND find . agent ( x _ 3 , x _ 0 ) AND find . theme ( x _ 3 , x _ 2 ) AND help . agent ( x _ 4 , Mia ) AND help . theme ( x _ 4 , x _ 2 )	elips_RNR_gen
Emma adored and Mia loved Isabella .	adore . agent ( x _ 0 , Emma ) AND adore . theme ( x _ 0 , Isabella ) AND love . agent ( x _ 1 , Mia ) AND love . theme ( x _ 1 , Isabella )	elips_RNR_gen
A priest nursed and Joshua liked the fish .	* fish ( x _ 2 ) ; priest ( x _ 0 ) AND nurse . agent ( x _ 3 , x _ 0 ) AND nurse . theme ( x _ 3 , x _ 2 ) AND like . agent ( x _ 4 , Joshua ) AND like . theme ( x _ 4 , x _ 2 )	elips_RNR_gen
Ava appreciated and Liam held Olivia .	appreciate . agent ( x _ 0 , Ava ) AND appreciate . theme ( x _ 0 , Olivia ) AND hold . agent ( x _ 1 , Liam ) AND hold . theme ( x _ 1 , Olivia )	elips_RNR_gen
The driver liked and a dog loved the sheep .	* driver ( x _ 0 ) ; * sheep ( x _ 3 ) ; dog ( x _ 2 ) AND like . agent ( x _ 4 , x _ 0 ) AND like . theme ( x _ 4 , x _ 3 ) AND love . agent ( x _ 5 , x _ 2 ) AND love . theme ( x _ 5 , x _ 3 )	elips_RNR_gen
A boy helped and Ethan liked Elizabeth .	boy ( x _ 0 ) AND help . agent ( x _ 1 , x _ 0 ) AND help . theme ( x _ 1 , Elizabeth ) AND like . agent ( x _ 2 , Ethan ) AND like . theme ( x _ 2 , Elizabeth )	elips_RNR_gen
The dog liked and Jaxon helped a sheep .	* dog ( x _ 0 ) ; sheep ( x _ 2 ) AND like . agent ( x _ 3 , x _ 0 ) AND like . theme ( x _ 3 , x _ 2 ) AND help . agent ( x _ 4 , Jaxon ) AND help . theme ( x _ 4 , x _ 2 )	elips_RNR_gen
Noah liked and the cat threw the fish .	* fish ( x _ 2 ) ; * cat ( x _ 1 ) ; like . agent ( x _ 3 , Noah ) AND like . theme ( x _ 3 , x _ 2 ) AND throw . agent ( x _ 4 , x _ 1 ) AND throw . theme ( x _ 4 , x _ 2 )	elips_RNR_gen
Emily liked and Liam tossed a chief .	chief ( x _ 1 ) AND like . agent ( x _ 2 , Emily ) AND like . theme ( x _ 2 , x _ 1 ) AND toss . agent ( x _ 3 , Liam ) AND toss . theme ( x _ 3 , x _ 1 )	elips_RNR_gen
Jackson ate and Liam liked Benjamin .	eat . agent ( x _ 0 , Jackson ) AND eat . theme ( x _ 0 , Benjamin ) AND like . agent ( x _ 1 , Liam ) AND like . theme ( x _ 1 , Benjamin )	elips_RNR_gen
Liam liked and a dog poked a consumer .	consumer ( x _ 2 ) AND dog ( x _ 1 ) AND like . agent ( x _ 3 , Liam ) AND like . theme ( x _ 3 , x _ 2 ) AND poke . agent ( x _ 4 , x _ 1 ) AND poke . theme ( x _ 4 , x _ 2 )	elips_RNR_gen
Olivia drew and a princess appreciated a fish .	fish ( x _ 2 ) AND princess ( x _ 1 ) AND draw . agent ( x _ 3 , Olivia ) AND draw . theme ( x _ 3 , x _ 2 ) AND appreciate . agent ( x _ 4 , x _ 1 ) AND appreciate . theme ( x _ 4 , x _ 2 )	elips_RNR_gen
Addison liked and a girl liked Emma .	girl ( x _ 0 ) AND like . agent ( x _ 1 , Addison ) AND like . theme ( x _ 1 , Emma ) AND like . agent ( x _ 2 , x _ 0 ) AND like . theme ( x _ 2 , Emma )	elips_RNR_gen
Olivia loved and the boy poked the fish .	* fish ( x _ 2 ) ; * boy ( x _ 1 ) ; love . agent ( x _ 3 , Olivia ) AND love . theme ( x _ 3 , x _ 2 ) AND poke . agent ( x _ 4 , x _ 1 ) AND poke . theme ( x _ 4 , x _ 2 )	elips_RNR_gen
Liam cooked and Charlotte touched a fish .	fish ( x _ 1 ) AND cook . agent ( x _ 2 , Liam ) AND cook . theme ( x _ 2 , x _ 1 ) AND touch . agent ( x _ 3 , Charlotte ) AND touch . theme ( x _ 3 , x _ 1 )	elips_RNR_gen
A mother poked and the girl liked David .	* girl ( x _ 1 ) ; mother ( x _ 0 ) AND poke . agent ( x _ 2 , x _ 0 ) AND poke . theme ( x _ 2 , David ) AND like . agent ( x _ 3 , x _ 1 ) AND like . theme ( x _ 3 , David )	elips_RNR_gen
The girl liked and a dog stabbed Olivia .	* girl ( x _ 0 ) ; dog ( x _ 1 ) AND like . agent ( x _ 2 , x _ 0 ) AND like . theme ( x _ 2 , Olivia ) AND stab . agent ( x _ 3 , x _ 1 ) AND stab . theme ( x _ 3 , Olivia )	elips_RNR_gen
The cat missed and Emma liked Camila .	* cat ( x _ 0 ) ; miss . agent ( x _ 1 , x _ 0 ) AND miss . theme ( x _ 1 , Camila ) AND like . agent ( x _ 2 , Emma ) AND like . theme ( x _ 2 , Camila )	elips_RNR_gen
A lamb liked and Emma liked Logan .	lamb ( x _ 0 ) AND like . agent ( x _ 1 , x _ 0 ) AND like . theme ( x _ 1 , Logan ) AND like . agent ( x _ 2 , Emma ) AND like . theme ( x _ 2 , Logan )	elips_RNR_gen
The baby ate and Liam valued Olivia .	* baby ( x _ 0 ) ; eat . agent ( x _ 1 , x _ 0 ) AND eat . theme ( x _ 1 , Olivia ) AND value . agent ( x _ 2 , Liam ) AND value . theme ( x _ 2 , Olivia )	elips_RNR_gen
Emma drew and a cat liked Chloe .	cat ( x _ 0 ) AND draw . agent ( x _ 1 , Emma ) AND draw . theme ( x _ 1 , Chloe ) AND like . agent ( x _ 2 , x _ 0 ) AND like . theme ( x _ 2 , Chloe )	elips_RNR_gen
Liam loved and Emma helped the guy .	* guy ( x _ 1 ) ; love . agent ( x _ 2 , Liam ) AND love . theme ( x _ 2 , x _ 1 ) AND help . agent ( x _ 3 , Emma ) AND help . theme ( x _ 3 , x _ 1 )	elips_RNR_gen
Jacob examined and a teacher liked Liam .	teacher ( x _ 0 ) AND examine . agent ( x _ 1 , Jacob ) AND examine . theme ( x _ 1 , Liam ) AND like . agent ( x _ 2 , x _ 0 ) AND like . theme ( x _ 2 , Liam )	elips_RNR_gen
Abigail sketched and Liam liked Emma .	sketch . agent ( x _ 0 , Abigail ) AND sketch . theme ( x _ 0 , Emma ) AND like . agent ( x _ 1 , Liam ) AND like . theme ( x _ 1 , Emma )	elips_RNR_gen
The girl appreciated and a child found Emma .	* girl ( x _ 0 ) ; child ( x _ 1 ) AND appreciate . agent ( x _ 2 , x _ 0 ) AND appreciate . theme ( x _ 2 , Emma ) AND find . agent ( x _ 3 , x _ 1 ) AND find . theme ( x _ 3 , Emma )	elips_RNR_gen
A boy stabbed and Eleanor valued Mila .	boy ( x _ 0 ) AND stab . agent ( x _ 1 , x _ 0 ) AND stab . theme ( x _ 1 , Mila ) AND value . agent ( x _ 2 , Eleanor ) AND value . theme ( x _ 2 , Mila )	elips_RNR_gen
Emma ate and a baby liked a fish .	fish ( x _ 2 ) AND baby ( x _ 1 ) AND eat . agent ( x _ 3 , Emma ) AND eat . theme ( x _ 3 , x _ 2 ) AND like . agent ( x _ 4 , x _ 1 ) AND like . theme ( x _ 4 , x _ 2 )	elips_RNR_gen
A landlord valued and the baby found the politician .	* politician ( x _ 3 ) ; * baby ( x _ 2 ) ; landlord ( x _ 0 ) AND value . agent ( x _ 4 , x _ 0 ) AND value . theme ( x _ 4 , x _ 3 ) AND find . agent ( x _ 5 , x _ 2 ) AND find . theme ( x _ 5 , x _ 3 )	elips_RNR_gen
Isabella helped and a girl loved Olivia .	girl ( x _ 0 ) AND help . agent ( x _ 1 , Isabella ) AND help . theme ( x _ 1 , Olivia ) AND love . agent ( x _ 2 , x _ 0 ) AND love . theme ( x _ 2 , Olivia )	elips_RNR_gen
The mouse painted and a boy admired Emma .	* mouse ( x _ 0 ) ; boy ( x _ 1 ) AND paint . agent ( x _ 2 , x _ 0 ) AND paint . theme ( x _ 2 , Emma ) AND admire . agent ( x _ 3 , x _ 1 ) AND admire . theme ( x _ 3 , Emma )	elips_RNR_gen
Ava loved and a boy found the buyer .	* buyer ( x _ 2 ) ; boy ( x _ 1 ) AND love . agent ( x _ 3 , Ava ) AND love . theme ( x _ 3 , x _ 2 ) AND find . agent ( x _ 4 , x _ 1 ) AND find . theme ( x _ 4 , x _ 2 )	elips_RNR_gen
The customer nursed and the girl found Noah .	* customer ( x _ 0 ) ; * girl ( x _ 1 ) ; nurse . agent ( x _ 2 , x _ 0 ) AND nurse . theme ( x _ 2 , Noah ) AND find . agent ( x _ 3 , x _ 1 ) AND find . theme ( x _ 3 , Noah )	elips_RNR_gen
Lucas ate and a girl helped a pig .	pig ( x _ 2 ) AND girl ( x _ 1 ) AND eat . agent ( x _ 3 , Lucas ) AND eat . theme ( x _ 3 , x _ 2 ) AND help . agent ( x _ 4 , x _ 1 ) AND help . theme ( x _ 4 , x _ 2 )	elips_RNR_gen
Lily liked and the girl found a consumer .	* girl ( x _ 1 ) ; consumer ( x _ 2 ) AND like . agent ( x _ 3 , Lily ) AND like . theme ( x _ 3 , x _ 2 ) AND find . agent ( x _ 4 , x _ 1 ) AND find . theme ( x _ 4 , x _ 2 )	elips_RNR_gen
A teacher heard and Liam loved Emma .	teacher ( x _ 0 ) AND hear . agent ( x _ 1 , x _ 0 ) AND hear . theme ( x _ 1 , Emma ) AND love . agent ( x _ 2 , Liam ) AND love . theme ( x _ 2 , Emma )	elips_RNR_gen
A hero ate and a girl worshipped Emma .	hero ( x _ 0 ) AND girl ( x _ 1 ) AND eat . agent ( x _ 2 , x _ 0 ) AND eat . theme ( x _ 2 , Emma ) AND worship . agent ( x _ 3 , x _ 1 ) AND worship . theme ( x _ 3 , Emma )	elips_RNR_gen
The girl liked and Emma found a journalist .	* girl ( x _ 0 ) ; journalist ( x _ 2 ) AND like . agent ( x _ 3 , x _ 0 ) AND like . theme ( x _ 3 , x _ 2 ) AND find . agent ( x _ 4 , Emma ) AND find . theme ( x _ 4 , x _ 2 )	elips_RNR_gen
The deer appreciated and Sebastian tolerated Emma .	* deer ( x _ 0 ) ; appreciate . agent ( x _ 1 , x _ 0 ) AND appreciate . theme ( x _ 1 , Emma ) AND tolerate . agent ( x _ 2 , Sebastian ) AND tolerate . theme ( x _ 2 , Emma )	elips_RNR_gen
A frog loved and Noah liked the pupil .	* pupil ( x _ 2 ) ; frog ( x _ 0 ) AND love . agent ( x _ 3 , x _ 0 ) AND love . theme ( x _ 3 , x _ 2 ) AND like . agent ( x _ 4 , Noah ) AND like . theme ( x _ 4 , x _ 2 )	elips_RNR_gen
The frog ate and Emma liked Samuel .	* frog ( x _ 0 ) ; eat . agent ( x _ 1 , x _ 0 ) AND eat . theme ( x _ 1 , Samuel ) AND like . agent ( x _ 2 , Emma ) AND like . theme ( x _ 2 , Samuel )	elips_RNR_gen
A cat ate and Emma helped a fish .	cat ( x _ 0 ) AND fish ( x _ 2 ) AND eat . agent ( x _ 3 , x _ 0 ) AND eat . theme ( x _ 3 , x _ 2 ) AND help . agent ( x _ 4 , Emma ) AND help . theme ( x _ 4 , x _ 2 )	elips_RNR_gen
Logan adored and Charlotte liked Mason .	adore . agent ( x _ 0 , Logan ) AND adore . theme ( x _ 0 , Mason ) AND like . agent ( x _ 1 , Charlotte ) AND like . theme ( x _ 1 , Mason )	elips_RNR_gen
The cat drew and Brooklyn liked Jacob .	* cat ( x _ 0 ) ; draw . agent ( x _ 1 , x _ 0 ) AND draw . theme ( x _ 1 , Jacob ) AND like . agent ( x _ 2 , Brooklyn ) AND like . theme ( x _ 2 , Jacob )	elips_RNR_gen
The girl found and Owen liked James .	* girl ( x _ 0 ) ; find . agent ( x _ 1 , x _ 0 ) AND find . theme ( x _ 1 , James ) AND like . agent ( x _ 2 , Owen ) AND like . theme ( x _ 2 , James )	elips_RNR_gen
Emma packed and a butterfly liked Noah .	butterfly ( x _ 0 ) AND pack . agent ( x _ 1 , Emma ) AND pack . theme ( x _ 1 , Noah ) AND like . agent ( x _ 2 , x _ 0 ) AND like . theme ( x _ 2 , Noah )	elips_RNR_gen
The cat worshipped and Olivia worshipped the writer .	* cat ( x _ 0 ) ; * writer ( x _ 2 ) ; worship . agent ( x _ 3 , x _ 0 ) AND worship . theme ( x _ 3 , x _ 2 ) AND worship . agent ( x _ 4 , Olivia ) AND worship . theme ( x _ 4 , x _ 2 )	elips_RNR_gen
Liam painted and the girl helped the puppy .	* puppy ( x _ 2 ) ; * girl ( x _ 1 ) ; paint . agent ( x _ 3 , Liam ) AND paint . theme ( x _ 3 , x _ 2 ) AND help . agent ( x _ 4 , x _ 1 ) AND help . theme ( x _ 4 , x _ 2 )	elips_RNR_gen
Olivia ate and the prince liked Emma .	* prince ( x _ 0 ) ; eat . agent ( x _ 1 , Olivia ) AND eat . theme ( x _ 1 , Emma ) AND like . agent ( x _ 2 , x _ 0 ) AND like . theme ( x _ 2 , Emma )	elips_RNR_gen
The boy poked and a girl liked Lucas .	* boy ( x _ 0 ) ; girl ( x _ 1 ) AND poke . agent ( x _ 2 , x _ 0 ) AND poke . theme ( x _ 2 , Lucas ) AND like . agent ( x _ 3 , x _ 1 ) AND like . theme ( x _ 3 , Lucas )	elips_RNR_gen
A boy ate and Liam liked Olivia .	boy ( x _ 0 ) AND eat . agent ( x _ 1 , x _ 0 ) AND eat . theme ( x _ 1 , Olivia ) AND like . agent ( x _ 2 , Liam ) AND like . theme ( x _ 2 , Olivia )	elips_RNR_gen
Sophia ate and Noah liked a fish .	fish ( x _ 1 ) AND eat . agent ( x _ 2 , Sophia ) AND eat . theme ( x _ 2 , x _ 1 ) AND like . agent ( x _ 3 , Noah ) AND like . theme ( x _ 3 , x _ 1 )	elips_RNR_gen
Emma liked and Grace appreciated the fish .	* fish ( x _ 1 ) ; like . agent ( x _ 2 , Emma ) AND like . theme ( x _ 2 , x _ 1 ) AND appreciate . agent ( x _ 3 , Grace ) AND appreciate . theme ( x _ 3 , x _ 1 )	elips_RNR_gen
A boy liked and Scarlett liked a fish .	boy ( x _ 0 ) AND fish ( x _ 2 ) AND like . agent ( x _ 3 , x _ 0 ) AND like . theme ( x _ 3 , x _ 2 ) AND like . agent ( x _ 4 , Scarlett ) AND like . theme ( x _ 4 , x _ 2 )	elips_RNR_gen
A girl helped and John found a moose .	girl ( x _ 0 ) AND moose ( x _ 2 ) AND help . agent ( x _ 3 , x _ 0 ) AND help . theme ( x _ 3 , x _ 2 ) AND find . agent ( x _ 4 , John ) AND find . theme ( x _ 4 , x _ 2 )	elips_RNR_gen
Emily ate and Liam admired a squirrel .	squirrel ( x _ 1 ) AND eat . agent ( x _ 2 , Emily ) AND eat . theme ( x _ 2 , x _ 1 ) AND admire . agent ( x _ 3 , Liam ) AND admire . theme ( x _ 3 , x _ 1 )	elips_RNR_gen
Emma liked and Joseph pierced Alexander .	like . agent ( x _ 0 , Emma ) AND like . theme ( x _ 0 , Alexander ) AND pierce . agent ( x _ 1 , Joseph ) AND pierce . theme ( x _ 1 , Alexander )	elips_RNR_gen
The dog liked and Olivia appreciated Emma .	* dog ( x _ 0 ) ; like . agent ( x _ 1 , x _ 0 ) AND like . theme ( x _ 1 , Emma ) AND appreciate . agent ( x _ 2 , Olivia ) AND appreciate . theme ( x _ 2 , Emma )	elips_RNR_gen
Emma drew and the child discovered the pig .	* pig ( x _ 2 ) ; * child ( x _ 1 ) ; draw . agent ( x _ 3 , Emma ) AND draw . theme ( x _ 3 , x _ 2 ) AND discover . agent ( x _ 4 , x _ 1 ) AND discover . theme ( x _ 4 , x _ 2 )	elips_RNR_gen
A dog cleaned and Emma appreciated Evelyn .	dog ( x _ 0 ) AND clean . agent ( x _ 1 , x _ 0 ) AND clean . theme ( x _ 1 , Evelyn ) AND appreciate . agent ( x _ 2 , Emma ) AND appreciate . theme ( x _ 2 , Evelyn )	elips_RNR_gen
The buyer liked and the girl liked a pig .	* buyer ( x _ 0 ) ; * girl ( x _ 2 ) ; pig ( x _ 3 ) AND like . agent ( x _ 4 , x _ 0 ) AND like . theme ( x _ 4 , x _ 3 ) AND like . agent ( x _ 5 , x _ 2 ) AND like . theme ( x _ 5 , x _ 3 )	elips_RNR_gen
Joseph respected and the boy loved Emma .	* boy ( x _ 0 ) ; respect . agent ( x _ 1 , Joseph ) AND respect . theme ( x _ 1 , Emma ) AND love . agent ( x _ 2 , x _ 0 ) AND love . theme ( x _ 2 , Emma )	elips_RNR_gen
Aiden liked and Emma liked a driver .	driver ( x _ 1 ) AND like . agent ( x _ 2 , Aiden ) AND like . theme ( x _ 2 , x _ 1 ) AND like . agent ( x _ 3 , Emma ) AND like . theme ( x _ 3 , x _ 1 )	elips_RNR_gen
Ella liked and Liam found Elijah .	like . agent ( x _ 0 , Ella ) AND like . theme ( x _ 0 , Elijah ) AND find . agent ( x _ 1 , Liam ) AND find . theme ( x _ 1 , Elijah )	elips_RNR_gen
Sophia saw and Emma liked the doctor .	* doctor ( x _ 1 ) ; see . agent ( x _ 2 , Sophia ) AND see . theme ( x _ 2 , x _ 1 ) AND like . agent ( x _ 3 , Emma ) AND like . theme ( x _ 3 , x _ 1 )	elips_RNR_gen
Olivia drew and the boy liked the pupil .	* pupil ( x _ 2 ) ; * boy ( x _ 1 ) ; draw . agent ( x _ 3 , Olivia ) AND draw . theme ( x _ 3 , x _ 2 ) AND like . agent ( x _ 4 , x _ 1 ) AND like . theme ( x _ 4 , x _ 2 )	elips_RNR_gen
A champion liked and Benjamin loved a prince .	champion ( x _ 0 ) AND prince ( x _ 2 ) AND like . agent ( x _ 3 , x _ 0 ) AND like . theme ( x _ 3 , x _ 2 ) AND love . agent ( x _ 4 , Benjamin ) AND love . theme ( x _ 4 , x _ 2 )	elips_RNR_gen
A spokesman liked and Liam loved the fish .	* fish ( x _ 2 ) ; spokesman ( x _ 0 ) AND like . agent ( x _ 3 , x _ 0 ) AND like . theme ( x _ 3 , x _ 2 ) AND love . agent ( x _ 4 , Liam ) AND love . theme ( x _ 4 , x _ 2 )	elips_RNR_gen
A girl ate and Matthew worshipped Isabella .	girl ( x _ 0 ) AND eat . agent ( x _ 1 , x _ 0 ) AND eat . theme ( x _ 1 , Isabella ) AND worship . agent ( x _ 2 , Matthew ) AND worship . theme ( x _ 2 , Isabella )	elips_RNR_gen
A zebra valued and the puppy liked a fish .	* puppy ( x _ 2 ) ; zebra ( x _ 0 ) AND fish ( x _ 3 ) AND value . agent ( x _ 4 , x _ 0 ) AND value . theme ( x _ 4 , x _ 3 ) AND like . agent ( x _ 5 , x _ 2 ) AND like . theme ( x _ 5 , x _ 3 )	elips_RNR_gen
The girl stabbed and the boy liked a fish .	* girl ( x _ 0 ) ; * boy ( x _ 2 ) ; fish ( x _ 3 ) AND stab . agent ( x _ 4 , x _ 0 ) AND stab . theme ( x _ 4 , x _ 3 ) AND like . agent ( x _ 5 , x _ 2 ) AND like . theme ( x _ 5 , x _ 3 )	elips_RNR_gen
The duck ate and Amelia loved William .	* duck ( x _ 0 ) ; eat . agent ( x _ 1 , x _ 0 ) AND eat . theme ( x _ 1 , William ) AND love . agent ( x _ 2 , Amelia ) AND love . theme ( x _ 2 , William )	elips_RNR_gen
Emma cleaned and a pony pierced Liam .	pony ( x _ 0 ) AND clean . agent ( x _ 1 , Emma ) AND clean . theme ( x _ 1 , Liam ) AND pierce . agent ( x _ 2 , x _ 0 ) AND pierce . theme ( x _ 2 , Liam )	elips_RNR_gen
Evelyn painted and David liked Emma .	paint . agent ( x _ 0 , Evelyn ) AND paint . theme ( x _ 0 , Emma ) AND like . agent ( x _ 1 , David ) AND like . theme ( x _ 1 , Emma )	elips_RNR_gen
The bee painted and the baby loved Emma .	* bee ( x _ 0 ) ; * baby ( x _ 1 ) ; paint . agent ( x _ 2 , x _ 0 ) AND paint . theme ( x _ 2 , Emma ) AND love . agent ( x _ 3 , x _ 1 ) AND love . theme ( x _ 3 , Emma )	elips_RNR_gen
David helped and the girl liked the turtle .	* turtle ( x _ 2 ) ; * girl ( x _ 1 ) ; help . agent ( x _ 3 , David ) AND help . theme ( x _ 3 , x _ 2 ) AND like . agent ( x _ 4 , x _ 1 ) AND like . theme ( x _ 4 , x _ 2 )	elips_RNR_gen
A girl ate and Carter loved a pony .	girl ( x _ 0 ) AND pony ( x _ 2 ) AND eat . agent ( x _ 3 , x _ 0 ) AND eat . theme ( x _ 3 , x _ 2 ) AND love . agent ( x _ 4 , Carter ) AND love . theme ( x _ 4 , x _ 2 )	elips_RNR_gen
The cat cleaned and Emma appreciated Sophia .	* cat ( x _ 0 ) ; clean . agent ( x _ 1 , x _ 0 ) AND clean . theme ( x _ 1 , Sophia ) AND appreciate . agent ( x _ 2 , Emma ) AND appreciate . theme ( x _ 2 , Sophia )	elips_RNR_gen
The bird ate and a girl liked Isabella .	* bird ( x _ 0 ) ; girl ( x _ 1 ) AND eat . agent ( x _ 2 , x _ 0 ) AND eat . theme ( x _ 2 , Isabella ) AND like . agent ( x _ 3 , x _ 1 ) AND like . theme ( x _ 3 , Isabella )	elips_RNR_gen
The girl liked and Liam liked Isabella .	* girl ( x _ 0 ) ; like . agent ( x _ 1 , x _ 0 ) AND like . theme ( x _ 1 , Isabella ) AND like . agent ( x _ 2 , Liam ) AND like . theme ( x _ 2 , Isabella )	elips_RNR_gen
A girl discovered and Riley threw a pig .	girl ( x _ 0 ) AND pig ( x _ 2 ) AND discover . agent ( x _ 3 , x _ 0 ) AND discover . theme ( x _ 3 , x _ 2 ) AND throw . agent ( x _ 4 , Riley ) AND throw . theme ( x _ 4 , x _ 2 )	elips_RNR_gen
The wolf ate and a monster found the puppy .	* wolf ( x _ 0 ) ; * puppy ( x _ 3 ) ; monster ( x _ 2 ) AND eat . agent ( x _ 4 , x _ 0 ) AND eat . theme ( x _ 4 , x _ 3 ) AND find . agent ( x _ 5 , x _ 2 ) AND find . theme ( x _ 5 , x _ 3 )	elips_RNR_gen
Liam ate and a scientist tossed a fish .	fish ( x _ 2 ) AND scientist ( x _ 1 ) AND eat . agent ( x _ 3 , Liam ) AND eat . theme ( x _ 3 , x _ 2 ) AND toss . agent ( x _ 4 , x _ 1 ) AND toss . theme ( x _ 4 , x _ 2 )	elips_RNR_gen
Elizabeth found and Emma appreciated the fish .	* fish ( x _ 1 ) ; find . agent ( x _ 2 , Elizabeth ) AND find . theme ( x _ 2 , x _ 1 ) AND appreciate . agent ( x _ 3 , Emma ) AND appreciate . theme ( x _ 3 , x _ 1 )	elips_RNR_gen
Emma investigated and Noah liked a moose .	moose ( x _ 1 ) AND investigate . agent ( x _ 2 , Emma ) AND investigate . theme ( x _ 2 , x _ 1 ) AND like . agent ( x _ 3 , Noah ) AND like . theme ( x _ 3 , x _ 1 )	elips_RNR_gen
The girl heard and a puppy liked Isabella .	* girl ( x _ 0 ) ; puppy ( x _ 1 ) AND hear . agent ( x _ 2 , x _ 0 ) AND hear . theme ( x _ 2 , Isabella ) AND like . agent ( x _ 3 , x _ 1 ) AND like . theme ( x _ 3 , Isabella )	elips_RNR_gen
Emma drew and the pony helped the pig .	* pig ( x _ 2 ) ; * pony ( x _ 1 ) ; draw . agent ( x _ 3 , Emma ) AND draw . theme ( x _ 3 , x _ 2 ) AND help . agent ( x _ 4 , x _ 1 ) AND help . theme ( x _ 4 , x _ 2 )	elips_RNR_gen
Leo packed and Liam liked Noah .	pack . agent ( x _ 0 , Leo ) AND pack . theme ( x _ 0 , Noah ) AND like . agent ( x _ 1 , Liam ) AND like . theme ( x _ 1 , Noah )	elips_RNR_gen
A boy ate and a friend tolerated Emma .	boy ( x _ 0 ) AND friend ( x _ 1 ) AND eat . agent ( x _ 2 , x _ 0 ) AND eat . theme ( x _ 2 , Emma ) AND tolerate . agent ( x _ 3 , x _ 1 ) AND tolerate . theme ( x _ 3 , Emma )	elips_RNR_gen
A boy touched and Michael liked Noah .	boy ( x _ 0 ) AND touch . agent ( x _ 1 , x _ 0 ) AND touch . theme ( x _ 1 , Noah ) AND like . agent ( x _ 2 , Michael ) AND like . theme ( x _ 2 , Noah )	elips_RNR_gen
The host cooked and a girl liked the lamb .	* host ( x _ 0 ) ; * lamb ( x _ 3 ) ; girl ( x _ 2 ) AND cook . agent ( x _ 4 , x _ 0 ) AND cook . theme ( x _ 4 , x _ 3 ) AND like . agent ( x _ 5 , x _ 2 ) AND like . theme ( x _ 5 , x _ 3 )	elips_RNR_gen
A boy liked and a doctor tolerated the fish .	* fish ( x _ 3 ) ; boy ( x _ 0 ) AND doctor ( x _ 2 ) AND like . agent ( x _ 4 , x _ 0 ) AND like . theme ( x _ 4 , x _ 3 ) AND tolerate . agent ( x _ 5 , x _ 2 ) AND tolerate . theme ( x _ 5 , x _ 3 )	elips_RNR_gen
The guy liked and a customer poked a fish .	* guy ( x _ 0 ) ; fish ( x _ 3 ) AND customer ( x _ 2 ) AND like . agent ( x _ 4 , x _ 0 ) AND like . theme ( x _ 4 , x _ 3 ) AND poke . agent ( x _ 5 , x _ 2 ) AND poke . theme ( x _ 5 , x _ 3 )	elips_RNR_gen
The goose stabbed and the mouse admired Isabella .	* goose ( x _ 0 ) ; * mouse ( x _ 1 ) ; stab . agent ( x _ 2 , x _ 0 ) AND stab . theme ( x _ 2 , Isabella ) AND admire . agent ( x _ 3 , x _ 1 ) AND admire . theme ( x _ 3 , Isabella )	elips_RNR_gen
A father adored and Evelyn found a dealer .	father ( x _ 0 ) AND dealer ( x _ 2 ) AND adore . agent ( x _ 3 , x _ 0 ) AND adore . theme ( x _ 3 , x _ 2 ) AND find . agent ( x _ 4 , Evelyn ) AND find . theme ( x _ 4 , x _ 2 )	elips_RNR_gen
Hazel juggled and a girl tolerated the researcher .	* researcher ( x _ 2 ) ; girl ( x _ 1 ) AND juggle . agent ( x _ 3 , Hazel ) AND juggle . theme ( x _ 3 , x _ 2 ) AND tolerate . agent ( x _ 4 , x _ 1 ) AND tolerate . theme ( x _ 4 , x _ 2 )	elips_RNR_gen
The pig loved and a girl found the pupil .	* pig ( x _ 0 ) ; * pupil ( x _ 3 ) ; girl ( x _ 2 ) AND love . agent ( x _ 4 , x _ 0 ) AND love . theme ( x _ 4 , x _ 3 ) AND find . agent ( x _ 5 , x _ 2 ) AND find . theme ( x _ 5 , x _ 3 )	elips_RNR_gen
The cat drew and William discovered a fish .	* cat ( x _ 0 ) ; fish ( x _ 2 ) AND draw . agent ( x _ 3 , x _ 0 ) AND draw . theme ( x _ 3 , x _ 2 ) AND discover . agent ( x _ 4 , William ) AND discover . theme ( x _ 4 , x _ 2 )	elips_RNR_gen
The girl valued and Emma found a moose .	* girl ( x _ 0 ) ; moose ( x _ 2 ) AND value . agent ( x _ 3 , x _ 0 ) AND value . theme ( x _ 3 , x _ 2 ) AND find . agent ( x _ 4 , Emma ) AND find . theme ( x _ 4 , x _ 2 )	elips_RNR_gen
A girl liked and Wyatt helped Emma .	girl ( x _ 0 ) AND like . agent ( x _ 1 , x _ 0 ) AND like . theme ( x _ 1 , Emma ) AND help . agent ( x _ 2 , Wyatt ) AND help . theme ( x _ 2 , Emma )	elips_RNR_gen
A bear liked and Levi valued Liam .	bear ( x _ 0 ) AND like . agent ( x _ 1 , x _ 0 ) AND like . theme ( x _ 1 , Liam ) AND value . agent ( x _ 2 , Levi ) AND value . theme ( x _ 2 , Liam )	elips_RNR_gen
The politician liked and a zebra liked William .	* politician ( x _ 0 ) ; zebra ( x _ 1 ) AND like . agent ( x _ 2 , x _ 0 ) AND like . theme ( x _ 2 , William ) AND like . agent ( x _ 3 , x _ 1 ) AND like . theme ( x _ 3 , William )	elips_RNR_gen
Scarlett painted and the dog liked the moose .	* moose ( x _ 2 ) ; * dog ( x _ 1 ) ; paint . agent ( x _ 3 , Scarlett ) AND paint . theme ( x _ 3 , x _ 2 ) AND like . agent ( x _ 4 , x _ 1 ) AND like . theme ( x _ 4 , x _ 2 )	elips_RNR_gen
