The boy threw the kid and the dog the girl .	* boy ( x _ 0 ) ; * kid ( x _ 1 ) ; * dog ( x _ 2 ) ; * girl ( x _ 3 ) ; throw . agent ( x _ 4 , x _ 0 ) AND throw . theme ( x _ 4 , x _ 1 ) AND throw . agent ( x _ 5 , x _ 2 ) AND throw . theme ( x _ 5 , x _ 3 )	elips_gapping_gen
Charlotte called Olivia and Mia Abigail .	call . agent ( x _ 0 , Charlotte ) AND call . theme ( x _ 0 , Olivia ) AND call . agent ( x _ 1 , Mia ) AND call . theme ( x _ 1 , Abigail )	elips_gapping_gen
Emma heard Liam and a girl William .	girl ( x _ 0 ) AND hear . agent ( x _ 1 , Emma ) AND hear . theme ( x _ 1 , Liam ) AND hear . agent ( x _ 2 , x _ 0 ) AND hear . theme ( x _ 2 , William )	elips_gapping_gen
A cat called Chloe and Emma a president .	cat ( x _ 0 ) AND president ( x _ 1 ) AND call . agent ( x _ 2 , x _ 0 ) AND call . theme ( x _ 2 , Chloe ) AND call . agent ( x _ 3 , Emma ) AND call . theme ( x _ 3 , x _ 1 )	elips_gapping_gen
The cat packed a girl and Olivia Emma .	* cat ( x _ 0 ) ; girl ( x _ 1 ) AND pack . agent ( x _ 2 , x _ 0 ) AND pack . theme ( x _ 2 , x _ 1 ) AND pack . agent ( x _ 3 , Olivia ) AND pack . theme ( x _ 3 , Emma )	elips_gapping_gen
Dylan observed a guy and Emma Wyatt .	guy ( x _ 0 ) AND observe . agent ( x _ 1 , Dylan ) AND observe . theme ( x _ 1 , x _ 0 ) AND observe . agent ( x _ 2 , Emma ) AND observe . theme ( x _ 2 , Wyatt )	elips_gapping_gen
Emma noticed Olivia and a goose a puppy .	goose ( x _ 0 ) AND puppy ( x _ 1 ) AND notice . agent ( x _ 2 , Emma ) AND notice . theme ( x _ 2 , Olivia ) AND notice . agent ( x _ 3 , x _ 0 ) AND notice . theme ( x _ 3 , x _ 1 )	elips_gapping_gen
The lawyer pierced Liam and a girl Olivia .	* lawyer ( x _ 0 ) ; girl ( x _ 1 ) AND pierce . agent ( x _ 2 , x _ 0 ) AND pierce . theme ( x _ 2 , Liam ) AND pierce . agent ( x _ 3 , x _ 1 ) AND pierce . theme ( x _ 3 , Olivia )	elips_gapping_gen
The teacher valued Emma and Asher the frog .	* teacher ( x _ 0 ) ; * frog ( x _ 1 ) ; value . agent ( x _ 2 , x _ 0 ) AND value . theme ( x _ 2 , Emma ) AND value . agent ( x _ 3 , Asher ) AND value . theme ( x _ 3 , x _ 1 )	elips_gapping_gen
Olivia threw a boy and the chicken Violet .	* chicken ( x _ 1 ) ; boy ( x _ 0 ) AND throw . agent ( x _ 2 , Olivia ) AND throw . theme ( x _ 2 , x _ 0 ) AND throw . agent ( x _ 3 , x _ 1 ) AND throw . theme ( x _ 3 , Violet )	elips_gapping_gen
Liam held a wolf and the girl Benjamin .	* girl ( x _ 1 ) ; wolf ( x _ 0 ) AND hold . agent ( x _ 2 , Liam ) AND hold . theme ( x _ 2 , x _ 0 ) AND hold . agent ( x _ 3 , x _ 1 ) AND hold . theme ( x _ 3 , Benjamin )	elips_gapping_gen
Joseph threw Liam and the monster a lawyer .	* monster ( x _ 0 ) ; lawyer ( x _ 1 ) AND throw . agent ( x _ 2 , Joseph ) AND throw . theme ( x _ 2 , Liam ) AND throw . agent ( x _ 3 , x _ 0 ) AND throw . theme ( x _ 3 , x _ 1 )	elips_gapping_gen
A spokesman threw Liam and the tourist Emma .	* tourist ( x _ 1 ) ; spokesman ( x _ 0 ) AND throw . agent ( x _ 2 , x _ 0 ) AND throw . theme ( x _ 2 , Liam ) AND throw . agent ( x _ 3 , x _ 1 ) AND throw . theme ( x _ 3 , Emma )	elips_gapping_gen
A doctor called a girl and Emma the monster .	* monster ( x _ 2 ) ; doctor ( x _ 0 ) AND girl ( x _ 1 ) AND call . agent ( x _ 3 , x _ 0 ) AND call . theme ( x _ 3 , x _ 1 ) AND call . agent ( x _ 4 , Emma ) AND call . theme ( x _ 4 , x _ 2 )	elips_gapping_gen
The moose called the girl and Emma Harper .	* moose ( x _ 0 ) ; * girl ( x _ 1 ) ; call . agent ( x _ 2 , x _ 0 ) AND call . theme ( x _ 2 , x _ 1 ) AND call . agent ( x _ 3 , Emma ) AND call . theme ( x _ 3 , Harper )	elips_gapping_gen
Dylan tossed Emma and Liam Sophia .	toss . agent ( x _ 0 , Dylan ) AND toss . theme ( x _ 0 , Emma ) AND toss . agent ( x _ 1 , Liam ) AND toss . theme ( x _ 1 , Sophia )	elips_gapping_gen
Skylar called Evelyn and Liam the bunny .	* bunny ( x _ 0 ) ; call . agent ( x _ 1 , Skylar ) AND call . theme ( x _ 1 , Evelyn ) AND call . agent ( x _ 2 , Liam ) AND call . theme ( x _ 2 , x _ 0 )	elips_gapping_gen
Emma called Lily and the baby a girl .	* baby ( x _ 0 ) ; girl ( x _ 1 ) AND call . agent ( x _ 2 , Emma ) AND call . theme ( x _ 2 , Lily ) AND call . agent ( x _ 3 , x _ 0 ) AND call . theme ( x _ 3 , x _ 1 )	elips_gapping_gen
A girl tolerated the boy and Liam the duck .	* boy ( x _ 1 ) ; * duck ( x _ 2 ) ; girl ( x _ 0 ) AND tolerate . agent ( x _ 3 , x _ 0 ) AND tolerate . theme ( x _ 3 , x _ 1 ) AND tolerate . agent ( x _ 4 , Liam ) AND tolerate . theme ( x _ 4 , x _ 2 )	elips_gapping_gen
Emma saw a girl and the donkey Oliver .	* donkey ( x _ 1 ) ; girl ( x _ 0 ) AND see . agent ( x _ 2 , Emma ) AND see . theme ( x _ 2 , x _ 0 ) AND see . agent ( x _ 3 , x _ 1 ) AND see . theme ( x _ 3 , Oliver )	elips_gapping_gen
A boy touched the girl and Sophia the cat .	* girl ( x _ 1 ) ; * cat ( x _ 2 ) ; boy ( x _ 0 ) AND touch . agent ( x _ 3 , x _ 0 ) AND touch . theme ( x _ 3 , x _ 1 ) AND touch . agent ( x _ 4 , Sophia ) AND touch . theme ( x _ 4 , x _ 2 )	elips_gapping_gen
Liam tolerated Stella and Emma Dylan .	tolerate . agent ( x _ 0 , Liam ) AND tolerate . theme ( x _ 0 , Stella ) AND tolerate . agent ( x _ 1 , Emma ) AND tolerate . theme ( x _ 1 , Dylan )	elips_gapping_gen
Benjamin knew Ava and Isabella the boy .	* boy ( x _ 0 ) ; know . agent ( x _ 1 , Benjamin ) AND know . theme ( x _ 1 , Ava ) AND know . agent ( x _ 2 , Isabella ) AND know . theme ( x _ 2 , x _ 0 )	elips_gapping_gen
A mouse called Emma and the girl Liam .	* girl ( x _ 1 ) ; mouse ( x _ 0 ) AND call . agent ( x _ 2 , x _ 0 ) AND call . theme ( x _ 2 , Emma ) AND call . agent ( x _ 3 , x _ 1 ) AND call . theme ( x _ 3 , Liam )	elips_gapping_gen
The dog observed a girl and Liam the turtle .	* dog ( x _ 0 ) ; * turtle ( x _ 2 ) ; girl ( x _ 1 ) AND observe . agent ( x _ 3 , x _ 0 ) AND observe . theme ( x _ 3 , x _ 1 ) AND observe . agent ( x _ 4 , Liam ) AND observe . theme ( x _ 4 , x _ 2 )	elips_gapping_gen
A boy called Gabriel and Ava Liam .	boy ( x _ 0 ) AND call . agent ( x _ 1 , x _ 0 ) AND call . theme ( x _ 1 , Gabriel ) AND call . agent ( x _ 2 , Ava ) AND call . theme ( x _ 2 , Liam )	elips_gapping_gen
Noah tolerated the journalist and Logan a girl .	* journalist ( x _ 0 ) ; girl ( x _ 1 ) AND tolerate . agent ( x _ 2 , Noah ) AND tolerate . theme ( x _ 2 , x _ 0 ) AND tolerate . agent ( x _ 3 , Logan ) AND tolerate . theme ( x _ 3 , x _ 1 )	elips_gapping_gen
A girl threw the giraffe and the baby Emma .	* giraffe ( x _ 1 ) ; * baby ( x _ 2 ) ; girl ( x _ 0 ) AND throw . agent ( x _ 3 , x _ 0 ) AND throw . theme ( x _ 3 , x _ 1 ) AND throw . agent ( x _ 4 , x _ 2 ) AND throw . theme ( x _ 4 , Emma )	elips_gapping_gen
Noah touched a frog and Liam Emma .	frog ( x _ 0 ) AND touch . agent ( x _ 1 , Noah ) AND touch . theme ( x _ 1 , x _ 0 ) AND touch . agent ( x _ 2 , Liam ) AND touch . theme ( x _ 2 , Emma )	elips_gapping_gen
The girl noticed Ava and Liam Amelia .	* girl ( x _ 0 ) ; notice . agent ( x _ 1 , x _ 0 ) AND notice . theme ( x _ 1 , Ava ) AND notice . agent ( x _ 2 , Liam ) AND notice . theme ( x _ 2 , Amelia )	elips_gapping_gen
Olivia called Liam and the boy a girl .	* boy ( x _ 0 ) ; girl ( x _ 1 ) AND call . agent ( x _ 2 , Olivia ) AND call . theme ( x _ 2 , Liam ) AND call . agent ( x _ 3 , x _ 0 ) AND call . theme ( x _ 3 , x _ 1 )	elips_gapping_gen
The duck threw a teacher and Emma the giraffe .	* duck ( x _ 0 ) ; * giraffe ( x _ 2 ) ; teacher ( x _ 1 ) AND throw . agent ( x _ 3 , x _ 0 ) AND throw . theme ( x _ 3 , x _ 1 ) AND throw . agent ( x _ 4 , Emma ) AND throw . theme ( x _ 4 , x _ 2 )	elips_gapping_gen
Anthony saw the girl and Emma a boy .	* girl ( x _ 0 ) ; boy ( x _ 1 ) AND see . agent ( x _ 2 , Anthony ) AND see . theme ( x _ 2 , x _ 0 ) AND see . agent ( x _ 3 , Emma ) AND see . theme ( x _ 3 , x _ 1 )	elips_gapping_gen
Emma studied Noah and the girl Isabella .	* girl ( x _ 0 ) ; study . agent ( x _ 1 , Emma ) AND study . theme ( x _ 1 , Noah ) AND study . agent ( x _ 2 , x _ 0 ) AND study . theme ( x _ 2 , Isabella )	elips_gapping_gen
A dog investigated Joshua and Michael a child .	dog ( x _ 0 ) AND child ( x _ 1 ) AND investigate . agent ( x _ 2 , x _ 0 ) AND investigate . theme ( x _ 2 , Joshua ) AND investigate . agent ( x _ 3 , Michael ) AND investigate . theme ( x _ 3 , x _ 1 )	elips_gapping_gen
Scarlett heard Ethan and Liam the teacher .	* teacher ( x _ 0 ) ; hear . agent ( x _ 1 , Scarlett ) AND hear . theme ( x _ 1 , Ethan ) AND hear . agent ( x _ 2 , Liam ) AND hear . theme ( x _ 2 , x _ 0 )	elips_gapping_gen
Julian worshipped a cat and Ava a giraffe .	cat ( x _ 0 ) AND giraffe ( x _ 1 ) AND worship . agent ( x _ 2 , Julian ) AND worship . theme ( x _ 2 , x _ 0 ) AND worship . agent ( x _ 3 , Ava ) AND worship . theme ( x _ 3 , x _ 1 )	elips_gapping_gen
A director heard the lion and the monkey the girl .	* lion ( x _ 1 ) ; * monkey ( x _ 2 ) ; * girl ( x _ 3 ) ; director ( x _ 0 ) AND hear . agent ( x _ 4 , x _ 0 ) AND hear . theme ( x _ 4 , x _ 1 ) AND hear . agent ( x _ 5 , x _ 2 ) AND hear . theme ( x _ 5 , x _ 3 )	elips_gapping_gen
James heard Olivia and Harper Ava .	hear . agent ( x _ 0 , James ) AND hear . theme ( x _ 0 , Olivia ) AND hear . agent ( x _ 1 , Harper ) AND hear . theme ( x _ 1 , Ava )	elips_gapping_gen
Emma valued the girl and the cat Ava .	* girl ( x _ 0 ) ; * cat ( x _ 1 ) ; value . agent ( x _ 2 , Emma ) AND value . theme ( x _ 2 , x _ 0 ) AND value . agent ( x _ 3 , x _ 1 ) AND value . theme ( x _ 3 , Ava )	elips_gapping_gen
The dog called Liam and the boy Daniel .	* dog ( x _ 0 ) ; * boy ( x _ 1 ) ; call . agent ( x _ 2 , x _ 0 ) AND call . theme ( x _ 2 , Liam ) AND call . agent ( x _ 3 , x _ 1 ) AND call . theme ( x _ 3 , Daniel )	elips_gapping_gen
Mateo threw Mason and a teacher the duck .	* duck ( x _ 1 ) ; teacher ( x _ 0 ) AND throw . agent ( x _ 2 , Mateo ) AND throw . theme ( x _ 2 , Mason ) AND throw . agent ( x _ 3 , x _ 0 ) AND throw . theme ( x _ 3 , x _ 1 )	elips_gapping_gen
David saw the girl and Olivia the doctor .	* girl ( x _ 0 ) ; * doctor ( x _ 1 ) ; see . agent ( x _ 2 , David ) AND see . theme ( x _ 2 , x _ 0 ) AND see . agent ( x _ 3 , Olivia ) AND see . theme ( x _ 3 , x _ 1 )	elips_gapping_gen
Noah worshipped Olivia and the lion Emma .	* lion ( x _ 0 ) ; worship . agent ( x _ 1 , Noah ) AND worship . theme ( x _ 1 , Olivia ) AND worship . agent ( x _ 2 , x _ 0 ) AND worship . theme ( x _ 2 , Emma )	elips_gapping_gen
A girl threw Ethan and Grayson Emma .	girl ( x _ 0 ) AND throw . agent ( x _ 1 , x _ 0 ) AND throw . theme ( x _ 1 , Ethan ) AND throw . agent ( x _ 2 , Grayson ) AND throw . theme ( x _ 2 , Emma )	elips_gapping_gen
The boy discovered the butterfly and the princess a chicken .	* boy ( x _ 0 ) ; * butterfly ( x _ 1 ) ; * princess ( x _ 2 ) ; chicken ( x _ 3 ) AND discover . agent ( x _ 4 , x _ 0 ) AND discover . theme ( x _ 4 , x _ 1 ) AND discover . agent ( x _ 5 , x _ 2 ) AND discover . theme ( x _ 5 , x _ 3 )	elips_gapping_gen
Emma touched the girl and the cow the mouse .	* girl ( x _ 0 ) ; * cow ( x _ 1 ) ; * mouse ( x _ 2 ) ; touch . agent ( x _ 3 , Emma ) AND touch . theme ( x _ 3 , x _ 0 ) AND touch . agent ( x _ 4 , x _ 1 ) AND touch . theme ( x _ 4 , x _ 2 )	elips_gapping_gen
Owen tolerated Emma and the servant Olivia .	* servant ( x _ 0 ) ; tolerate . agent ( x _ 1 , Owen ) AND tolerate . theme ( x _ 1 , Emma ) AND tolerate . agent ( x _ 2 , x _ 0 ) AND tolerate . theme ( x _ 2 , Olivia )	elips_gapping_gen
The child observed the girl and Emma Sophia .	* child ( x _ 0 ) ; * girl ( x _ 1 ) ; observe . agent ( x _ 2 , x _ 0 ) AND observe . theme ( x _ 2 , x _ 1 ) AND observe . agent ( x _ 3 , Emma ) AND observe . theme ( x _ 3 , Sophia )	elips_gapping_gen
Lincoln called the girl and Joshua Ella .	* girl ( x _ 0 ) ; call . agent ( x _ 1 , Lincoln ) AND call . theme ( x _ 1 , x _ 0 ) AND call . agent ( x _ 2 , Joshua ) AND call . theme ( x _ 2 , Ella )	elips_gapping_gen
Ava discovered Brooklyn and Olivia the cow .	* cow ( x _ 0 ) ; discover . agent ( x _ 1 , Ava ) AND discover . theme ( x _ 1 , Brooklyn ) AND discover . agent ( x _ 2 , Olivia ) AND discover . theme ( x _ 2 , x _ 0 )	elips_gapping_gen
Sofia held Mila and Daniel a baby .	baby ( x _ 0 ) AND hold . agent ( x _ 1 , Sofia ) AND hold . theme ( x _ 1 , Mila ) AND hold . agent ( x _ 2 , Daniel ) AND hold . theme ( x _ 2 , x _ 0 )	elips_gapping_gen
The mouse noticed the chicken and a lamb the horse .	* mouse ( x _ 0 ) ; * chicken ( x _ 1 ) ; * horse ( x _ 3 ) ; lamb ( x _ 2 ) AND notice . agent ( x _ 4 , x _ 0 ) AND notice . theme ( x _ 4 , x _ 1 ) AND notice . agent ( x _ 5 , x _ 2 ) AND notice . theme ( x _ 5 , x _ 3 )	elips_gapping_gen
The frog observed a boy and the tiger a girl .	* frog ( x _ 0 ) ; * tiger ( x _ 2 ) ; boy ( x _ 1 ) AND girl ( x _ 3 ) AND observe . agent ( x _ 4 , x _ 0 ) AND observe . theme ( x _ 4 , x _ 1 ) AND observe . agent ( x _ 5 , x _ 2 ) AND observe . theme ( x _ 5 , x _ 3 )	elips_gapping_gen
Mia threw a boy and the cat Emma .	* cat ( x _ 1 ) ; boy ( x _ 0 ) AND throw . agent ( x _ 2 , Mia ) AND throw . theme ( x _ 2 , x _ 0 ) AND throw . agent ( x _ 3 , x _ 1 ) AND throw . theme ( x _ 3 , Emma )	elips_gapping_gen
The dog threw the cat and Ava the frog .	* dog ( x _ 0 ) ; * cat ( x _ 1 ) ; * frog ( x _ 2 ) ; throw . agent ( x _ 3 , x _ 0 ) AND throw . theme ( x _ 3 , x _ 1 ) AND throw . agent ( x _ 4 , Ava ) AND throw . theme ( x _ 4 , x _ 2 )	elips_gapping_gen
Olivia tolerated a cat and Emma a dog .	cat ( x _ 0 ) AND dog ( x _ 1 ) AND tolerate . agent ( x _ 2 , Olivia ) AND tolerate . theme ( x _ 2 , x _ 0 ) AND tolerate . agent ( x _ 3 , Emma ) AND tolerate . theme ( x _ 3 , x _ 1 )	elips_gapping_gen
Emma valued Liam and a boy Elizabeth .	boy ( x _ 0 ) AND value . agent ( x _ 1 , Emma ) AND value . theme ( x _ 1 , Liam ) AND value . agent ( x _ 2 , x _ 0 ) AND value . theme ( x _ 2 , Elizabeth )	elips_gapping_gen
The girl called the resident and Olivia a cat .	* girl ( x _ 0 ) ; * resident ( x _ 1 ) ; cat ( x _ 2 ) AND call . agent ( x _ 3 , x _ 0 ) AND call . theme ( x _ 3 , x _ 1 ) AND call . agent ( x _ 4 , Olivia ) AND call . theme ( x _ 4 , x _ 2 )	elips_gapping_gen
A priest worshipped Liam and Elijah a boy .	priest ( x _ 0 ) AND boy ( x _ 1 ) AND worship . agent ( x _ 2 , x _ 0 ) AND worship . theme ( x _ 2 , Liam ) AND worship . agent ( x _ 3 , Elijah ) AND worship . theme ( x _ 3 , x _ 1 )	elips_gapping_gen
Liam held a child and a boy Madison .	child ( x _ 0 ) AND boy ( x _ 1 ) AND hold . agent ( x _ 2 , Liam ) AND hold . theme ( x _ 2 , x _ 0 ) AND hold . agent ( x _ 3 , x _ 1 ) AND hold . theme ( x _ 3 , Madison )	elips_gapping_gen
The frog discovered Emma and Jack the child .	* frog ( x _ 0 ) ; * child ( x _ 1 ) ; discover . agent ( x _ 2 , x _ 0 ) AND discover . theme ( x _ 2 , Emma ) AND discover . agent ( x _ 3 , Jack ) AND discover . theme ( x _ 3 , x _ 1 )	elips_gapping_gen
A turtle heard a penguin and Liam Emma .	turtle ( x _ 0 ) AND penguin ( x _ 1 ) AND hear . agent ( x _ 2 , x _ 0 ) AND hear . theme ( x _ 2 , x _ 1 ) AND hear . agent ( x _ 3 , Liam ) AND hear . theme ( x _ 3 , Emma )	elips_gapping_gen
The girl studied Emma and Alexander a sailor .	* girl ( x _ 0 ) ; sailor ( x _ 1 ) AND study . agent ( x _ 2 , x _ 0 ) AND study . theme ( x _ 2 , Emma ) AND study . agent ( x _ 3 , Alexander ) AND study . theme ( x _ 3 , x _ 1 )	elips_gapping_gen
Emma examined Liam and the boy a servant .	* boy ( x _ 0 ) ; servant ( x _ 1 ) AND examine . agent ( x _ 2 , Emma ) AND examine . theme ( x _ 2 , Liam ) AND examine . agent ( x _ 3 , x _ 0 ) AND examine . theme ( x _ 3 , x _ 1 )	elips_gapping_gen
Emma packed the dog and Charlotte a bear .	* dog ( x _ 0 ) ; bear ( x _ 1 ) AND pack . agent ( x _ 2 , Emma ) AND pack . theme ( x _ 2 , x _ 0 ) AND pack . agent ( x _ 3 , Charlotte ) AND pack . theme ( x _ 3 , x _ 1 )	elips_gapping_gen
The dog tolerated Ava and a girl a wolf .	* dog ( x _ 0 ) ; girl ( x _ 1 ) AND wolf ( x _ 2 ) AND tolerate . agent ( x _ 3 , x _ 0 ) AND tolerate . theme ( x _ 3 , Ava ) AND tolerate . agent ( x _ 4 , x _ 1 ) AND tolerate . theme ( x _ 4 , x _ 2 )	elips_gapping_gen
Emma threw Isabella and a giraffe the duck .	* duck ( x _ 1 ) ; giraffe ( x _ 0 ) AND throw . agent ( x _ 2 , Emma ) AND throw . theme ( x _ 2 , Isabella ) AND throw . agent ( x _ 3 , x _ 0 ) AND throw . theme ( x _ 3 , x _ 1 )	elips_gapping_gen
The teacher worshipped the cat and Emma a champion .	* teacher ( x _ 0 ) ; * cat ( x _ 1 ) ; champion ( x _ 2 ) AND worship . agent ( x _ 3 , x _ 0 ) AND worship . theme ( x _ 3 , x _ 1 ) AND worship . agent ( x _ 4 , Emma ) AND worship . theme ( x _ 4 , x _ 2 )	elips_gapping_gen
Stella discovered Audrey and William the farmer .	* farmer ( x _ 0 ) ; discover . agent ( x _ 1 , Stella ) AND discover . theme ( x _ 1 , Audrey ) AND discover . agent ( x _ 2 , William ) AND discover . theme ( x _ 2 , x _ 0 )	elips_gapping_gen
Isabella heard Emma and a landlord the cat .	* cat ( x _ 1 ) ; landlord ( x _ 0 ) AND hear . agent ( x _ 2 , Isabella ) AND hear . theme ( x _ 2 , Emma ) AND hear . agent ( x _ 3 , x _ 0 ) AND hear . theme ( x _ 3 , x _ 1 )	elips_gapping_gen
The girl heard a horse and Isabella Avery .	* girl ( x _ 0 ) ; horse ( x _ 1 ) AND hear . agent ( x _ 2 , x _ 0 ) AND hear . theme ( x _ 2 , x _ 1 ) AND hear . agent ( x _ 3 , Isabella ) AND hear . theme ( x _ 3 , Avery )	elips_gapping_gen
Logan pierced the bunny and a girl Emma .	* bunny ( x _ 0 ) ; girl ( x _ 1 ) AND pierce . agent ( x _ 2 , Logan ) AND pierce . theme ( x _ 2 , x _ 0 ) AND pierce . agent ( x _ 3 , x _ 1 ) AND pierce . theme ( x _ 3 , Emma )	elips_gapping_gen
The girl tossed Sophia and a professor Emma .	* girl ( x _ 0 ) ; professor ( x _ 1 ) AND toss . agent ( x _ 2 , x _ 0 ) AND toss . theme ( x _ 2 , Sophia ) AND toss . agent ( x _ 3 , x _ 1 ) AND toss . theme ( x _ 3 , Emma )	elips_gapping_gen
The journalist called Liam and Sebastian the monkey .	* journalist ( x _ 0 ) ; * monkey ( x _ 1 ) ; call . agent ( x _ 2 , x _ 0 ) AND call . theme ( x _ 2 , Liam ) AND call . agent ( x _ 3 , Sebastian ) AND call . theme ( x _ 3 , x _ 1 )	elips_gapping_gen
Liam pierced Avery and the horse Madison .	* horse ( x _ 0 ) ; pierce . agent ( x _ 1 , Liam ) AND pierce . theme ( x _ 1 , Avery ) AND pierce . agent ( x _ 2 , x _ 0 ) AND pierce . theme ( x _ 2 , Madison )	elips_gapping_gen
The journalist pierced the girl and the horse Liam .	* journalist ( x _ 0 ) ; * girl ( x _ 1 ) ; * horse ( x _ 2 ) ; pierce . agent ( x _ 3 , x _ 0 ) AND pierce . theme ( x _ 3 , x _ 1 ) AND pierce . agent ( x _ 4 , x _ 2 ) AND pierce . theme ( x _ 4 , Liam )	elips_gapping_gen
Liam worshipped Emma and a giraffe Olivia .	giraffe ( x _ 0 ) AND worship . agent ( x _ 1 , Liam ) AND worship . theme ( x _ 1 , Emma ) AND worship . agent ( x _ 2 , x _ 0 ) AND worship . theme ( x _ 2 , Olivia )	elips_gapping_gen
A bear called William and a girl Emma .	bear ( x _ 0 ) AND girl ( x _ 1 ) AND call . agent ( x _ 2 , x _ 0 ) AND call . theme ( x _ 2 , William ) AND call . agent ( x _ 3 , x _ 1 ) AND call . theme ( x _ 3 , Emma )	elips_gapping_gen
Aiden threw a president and Emma Olivia .	president ( x _ 0 ) AND throw . agent ( x _ 1 , Aiden ) AND throw . theme ( x _ 1 , x _ 0 ) AND throw . agent ( x _ 2 , Emma ) AND throw . theme ( x _ 2 , Olivia )	elips_gapping_gen
The dog packed the tiger and Charlotte a girl .	* dog ( x _ 0 ) ; * tiger ( x _ 1 ) ; girl ( x _ 2 ) AND pack . agent ( x _ 3 , x _ 0 ) AND pack . theme ( x _ 3 , x _ 1 ) AND pack . agent ( x _ 4 , Charlotte ) AND pack . theme ( x _ 4 , x _ 2 )	elips_gapping_gen
The pig threw the girl and Emma the cat .	* pig ( x _ 0 ) ; * girl ( x _ 1 ) ; * cat ( x _ 2 ) ; throw . agent ( x _ 3 , x _ 0 ) AND throw . theme ( x _ 3 , x _ 1 ) AND throw . agent ( x _ 4 , Emma ) AND throw . theme ( x _ 4 , x _ 2 )	elips_gapping_gen
A moose tolerated Emily and Liam the writer .	* writer ( x _ 1 ) ; moose ( x _ 0 ) AND tolerate . agent ( x _ 2 , x _ 0 ) AND tolerate . theme ( x _ 2 , Emily ) AND tolerate . agent ( x _ 3 , Liam ) AND tolerate . theme ( x _ 3 , x _ 1 )	elips_gapping_gen
Emma touched Gabriel and Olivia a boy .	boy ( x _ 0 ) AND touch . agent ( x _ 1 , Emma ) AND touch . theme ( x _ 1 , Gabriel ) AND touch . agent ( x _ 2 , Olivia ) AND touch . theme ( x _ 2 , x _ 0 )	elips_gapping_gen
The boy valued the baby and Isaac the patient .	* boy ( x _ 0 ) ; * baby ( x _ 1 ) ; * patient ( x _ 2 ) ; value . agent ( x _ 3 , x _ 0 ) AND value . theme ( x _ 3 , x _ 1 ) AND value . agent ( x _ 4 , Isaac ) AND value . theme ( x _ 4 , x _ 2 )	elips_gapping_gen
James observed a journalist and a chicken Liam .	journalist ( x _ 0 ) AND chicken ( x _ 1 ) AND observe . agent ( x _ 2 , James ) AND observe . theme ( x _ 2 , x _ 0 ) AND observe . agent ( x _ 3 , x _ 1 ) AND observe . theme ( x _ 3 , Liam )	elips_gapping_gen
Olivia packed the lion and Zoe Liam .	* lion ( x _ 0 ) ; pack . agent ( x _ 1 , Olivia ) AND pack . theme ( x _ 1 , x _ 0 ) AND pack . agent ( x _ 2 , Zoe ) AND pack . theme ( x _ 2 , Liam )	elips_gapping_gen
The teacher threw the girl and Emma a doctor .	* teacher ( x _ 0 ) ; * girl ( x _ 1 ) ; doctor ( x _ 2 ) AND throw . agent ( x _ 3 , x _ 0 ) AND throw . theme ( x _ 3 , x _ 1 ) AND throw . agent ( x _ 4 , Emma ) AND throw . theme ( x _ 4 , x _ 2 )	elips_gapping_gen
A lawyer worshipped the girl and Chloe Emma .	* girl ( x _ 1 ) ; lawyer ( x _ 0 ) AND worship . agent ( x _ 2 , x _ 0 ) AND worship . theme ( x _ 2 , x _ 1 ) AND worship . agent ( x _ 3 , Chloe ) AND worship . theme ( x _ 3 , Emma )	elips_gapping_gen
Ava stabbed the girl and Oliver Emma .	* girl ( x _ 0 ) ; stab . agent ( x _ 1 , Ava ) AND stab . theme ( x _ 1 , x _ 0 ) AND stab . agent ( x _ 2 , Oliver ) AND stab . theme ( x _ 2 , Emma )	elips_gapping_gen
A monkey heard a bunny and a boy Hazel .	monkey ( x _ 0 ) AND bunny ( x _ 1 ) AND boy ( x _ 2 ) AND hear . agent ( x _ 3 , x _ 0 ) AND hear . theme ( x _ 3 , x _ 1 ) AND hear . agent ( x _ 4 , x _ 2 ) AND hear . theme ( x _ 4 , Hazel )	elips_gapping_gen
Mila heard Emma and Olivia the child .	* child ( x _ 0 ) ; hear . agent ( x _ 1 , Mila ) AND hear . theme ( x _ 1 , Emma ) AND hear . agent ( x _ 2 , Olivia ) AND hear . theme ( x _ 2 , x _ 0 )	elips_gapping_gen
The prince heard Olivia and a king the girl .	* prince ( x _ 0 ) ; * girl ( x _ 2 ) ; king ( x _ 1 ) AND hear . agent ( x _ 3 , x _ 0 ) AND hear . theme ( x _ 3 , Olivia ) AND hear . agent ( x _ 4 , x _ 1 ) AND hear . theme ( x _ 4 , x _ 2 )	elips_gapping_gen
John observed a girl and the frog Liam .	* frog ( x _ 1 ) ; girl ( x _ 0 ) AND observe . agent ( x _ 2 , John ) AND observe . theme ( x _ 2 , x _ 0 ) AND observe . agent ( x _ 3 , x _ 1 ) AND observe . theme ( x _ 3 , Liam )	elips_gapping_gen
A cat called the boy and Bella Henry .	* boy ( x _ 1 ) ; cat ( x _ 0 ) AND call . agent ( x _ 2 , x _ 0 ) AND call . theme ( x _ 2 , x _ 1 ) AND call . agent ( x _ 3 , Bella ) AND call . theme ( x _ 3 , Henry )	elips_gapping_gen
A girl investigated Noah and Sofia the bunny .	* bunny ( x _ 1 ) ; girl ( x _ 0 ) AND investigate . agent ( x _ 2 , x _ 0 ) AND investigate . theme ( x _ 2 , Noah ) AND investigate . agent ( x _ 3 , Sofia ) AND investigate . theme ( x _ 3 , x _ 1 )	elips_gapping_gen
Jacob examined the baby and the girl the champion .	* baby ( x _ 0 ) ; * girl ( x _ 1 ) ; * champion ( x _ 2 ) ; examine . agent ( x _ 3 , Jacob ) AND examine . theme ( x _ 3 , x _ 0 ) AND examine . agent ( x _ 4 , x _ 1 ) AND examine . theme ( x _ 4 , x _ 2 )	elips_gapping_gen
The dog investigated a baby and a girl Audrey .	* dog ( x _ 0 ) ; baby ( x _ 1 ) AND girl ( x _ 2 ) AND investigate . agent ( x _ 3 , x _ 0 ) AND investigate . theme ( x _ 3 , x _ 1 ) AND investigate . agent ( x _ 4 , x _ 2 ) AND investigate . theme ( x _ 4 , Audrey )	elips_gapping_gen
The wolf valued Emma and the baby the girl .	* wolf ( x _ 0 ) ; * baby ( x _ 1 ) ; * girl ( x _ 2 ) ; value . agent ( x _ 3 , x _ 0 ) AND value . theme ( x _ 3 , Emma ) AND value . agent ( x _ 4 , x _ 1 ) AND value . theme ( x _ 4 , x _ 2 )	elips_gapping_gen
The cat heard the girl and the baby Emma .	* cat ( x _ 0 ) ; * girl ( x _ 1 ) ; * baby ( x _ 2 ) ; hear . agent ( x _ 3 , x _ 0 ) AND hear . theme ( x _ 3 , x _ 1 ) AND hear . agent ( x _ 4 , x _ 2 ) AND hear . theme ( x _ 4 , Emma )	elips_gapping_gen
Emma called a boy and a child the cat .	* cat ( x _ 2 ) ; boy ( x _ 0 ) AND child ( x _ 1 ) AND call . agent ( x _ 3 , Emma ) AND call . theme ( x _ 3 , x _ 0 ) AND call . agent ( x _ 4 , x _ 1 ) AND call . theme ( x _ 4 , x _ 2 )	elips_gapping_gen
A girl called Abigail and Emma Luna .	girl ( x _ 0 ) AND call . agent ( x _ 1 , x _ 0 ) AND call . theme ( x _ 1 , Abigail ) AND call . agent ( x _ 2 , Emma ) AND call . theme ( x _ 2 , Luna )	elips_gapping_gen
Ava packed the girl and Olivia Elijah .	* girl ( x _ 0 ) ; pack . agent ( x _ 1 , Ava ) AND pack . theme ( x _ 1 , x _ 0 ) AND pack . agent ( x _ 2 , Olivia ) AND pack . theme ( x _ 2 , Elijah )	elips_gapping_gen
The king tolerated a turkey and Emma a boy .	* king ( x _ 0 ) ; turkey ( x _ 1 ) AND boy ( x _ 2 ) AND tolerate . agent ( x _ 3 , x _ 0 ) AND tolerate . theme ( x _ 3 , x _ 1 ) AND tolerate . agent ( x _ 4 , Emma ) AND tolerate . theme ( x _ 4 , x _ 2 )	elips_gapping_gen
James discovered Liam and Emma a cat .	cat ( x _ 0 ) AND discover . agent ( x _ 1 , James ) AND discover . theme ( x _ 1 , Liam ) AND discover . agent ( x _ 2 , Emma ) AND discover . theme ( x _ 2 , x _ 0 )	elips_gapping_gen
The girl tossed the researcher and Emma the boy .	* girl ( x _ 0 ) ; * researcher ( x _ 1 ) ; * boy ( x _ 2 ) ; toss . agent ( x _ 3 , x _ 0 ) AND toss . theme ( x _ 3 , x _ 1 ) AND toss . agent ( x _ 4 , Emma ) AND toss . theme ( x _ 4 , x _ 2 )	elips_gapping_gen
A baby called Isabella and Emma Joshua .	baby ( x _ 0 ) AND call . agent ( x _ 1 , x _ 0 ) AND call . theme ( x _ 1 , Isabella ) AND call . agent ( x _ 2 , Emma ) AND call . theme ( x _ 2 , Joshua )	elips_gapping_gen
Liam investigated the boy and Levi a lion .	* boy ( x _ 0 ) ; lion ( x _ 1 ) AND investigate . agent ( x _ 2 , Liam ) AND investigate . theme ( x _ 2 , x _ 0 ) AND investigate . agent ( x _ 3 , Levi ) AND investigate . theme ( x _ 3 , x _ 1 )	elips_gapping_gen
The dealer pierced a dog and Aubrey Christopher .	* dealer ( x _ 0 ) ; dog ( x _ 1 ) AND pierce . agent ( x _ 2 , x _ 0 ) AND pierce . theme ( x _ 2 , x _ 1 ) AND pierce . agent ( x _ 3 , Aubrey ) AND pierce . theme ( x _ 3 , Christopher )	elips_gapping_gen
The spokesman called Noah and Elizabeth a lion .	* spokesman ( x _ 0 ) ; lion ( x _ 1 ) AND call . agent ( x _ 2 , x _ 0 ) AND call . theme ( x _ 2 , Noah ) AND call . agent ( x _ 3 , Elizabeth ) AND call . theme ( x _ 3 , x _ 1 )	elips_gapping_gen
The dealer threw a lion and a giraffe the boy .	* dealer ( x _ 0 ) ; * boy ( x _ 3 ) ; lion ( x _ 1 ) AND giraffe ( x _ 2 ) AND throw . agent ( x _ 4 , x _ 0 ) AND throw . theme ( x _ 4 , x _ 1 ) AND throw . agent ( x _ 5 , x _ 2 ) AND throw . theme ( x _ 5 , x _ 3 )	elips_gapping_gen
The boy tolerated Olivia and Emma a friend .	* boy ( x _ 0 ) ; friend ( x _ 1 ) AND tolerate . agent ( x _ 2 , x _ 0 ) AND tolerate . theme ( x _ 2 , Olivia ) AND tolerate . agent ( x _ 3 , Emma ) AND tolerate . theme ( x _ 3 , x _ 1 )	elips_gapping_gen
Liam held Olivia and James the boy .	* boy ( x _ 0 ) ; hold . agent ( x _ 1 , Liam ) AND hold . theme ( x _ 1 , Olivia ) AND hold . agent ( x _ 2 , James ) AND hold . theme ( x _ 2 , x _ 0 )	elips_gapping_gen
The dog heard a girl and Isabella the cat .	* dog ( x _ 0 ) ; * cat ( x _ 2 ) ; girl ( x _ 1 ) AND hear . agent ( x _ 3 , x _ 0 ) AND hear . theme ( x _ 3 , x _ 1 ) AND hear . agent ( x _ 4 , Isabella ) AND hear . theme ( x _ 4 , x _ 2 )	elips_gapping_gen
Ava investigated Henry and the frog Sophia .	* frog ( x _ 0 ) ; investigate . agent ( x _ 1 , Ava ) AND investigate . theme ( x _ 1 , Henry ) AND investigate . agent ( x _ 2 , x _ 0 ) AND investigate . theme ( x _ 2 , Sophia )	elips_gapping_gen
Alexander called Emma and Wyatt the child .	* child ( x _ 0 ) ; call . agent ( x _ 1 , Alexander ) AND call . theme ( x _ 1 , Emma ) AND call . agent ( x _ 2 , Wyatt ) AND call . theme ( x _ 2 , x _ 0 )	elips_gapping_gen
Andrew noticed David and the giraffe Ethan .	* giraffe ( x _ 0 ) ; notice . agent ( x _ 1 , Andrew ) AND notice . theme ( x _ 1 , David ) AND notice . agent ( x _ 2 , x _ 0 ) AND notice . theme ( x _ 2 , Ethan )	elips_gapping_gen
Noah called the boy and Emma the girl .	* boy ( x _ 0 ) ; * girl ( x _ 1 ) ; call . agent ( x _ 2 , Noah ) AND call . theme ( x _ 2 , x _ 0 ) AND call . agent ( x _ 3 , Emma ) AND call . theme ( x _ 3 , x _ 1 )	elips_gapping_gen
A chief threw William and a girl Harper .	chief ( x _ 0 ) AND girl ( x _ 1 ) AND throw . agent ( x _ 2 , x _ 0 ) AND throw . theme ( x _ 2 , William ) AND throw . agent ( x _ 3 , x _ 1 ) AND throw . theme ( x _ 3 , Harper )	elips_gapping_gen
Liam tolerated Emma and Sofia the giraffe .	* giraffe ( x _ 0 ) ; tolerate . agent ( x _ 1 , Liam ) AND tolerate . theme ( x _ 1 , Emma ) AND tolerate . agent ( x _ 2 , Sofia ) AND tolerate . theme ( x _ 2 , x _ 0 )	elips_gapping_gen
Amelia investigated Elijah and Benjamin Emma .	investigate . agent ( x _ 0 , Amelia ) AND investigate . theme ( x _ 0 , Elijah ) AND investigate . agent ( x _ 1 , Benjamin ) AND investigate . theme ( x _ 1 , Emma )	elips_gapping_gen
Liam threw the girl and a lawyer a buyer .	* girl ( x _ 0 ) ; lawyer ( x _ 1 ) AND buyer ( x _ 2 ) AND throw . agent ( x _ 3 , Liam ) AND throw . theme ( x _ 3 , x _ 0 ) AND throw . agent ( x _ 4 , x _ 1 ) AND throw . theme ( x _ 4 , x _ 2 )	elips_gapping_gen
Emma tolerated Mason and Nathan Liam .	tolerate . agent ( x _ 0 , Emma ) AND tolerate . theme ( x _ 0 , Mason ) AND tolerate . agent ( x _ 1 , Nathan ) AND tolerate . theme ( x _ 1 , Liam )	elips_gapping_gen
Emma heard a girl and Liam Harper .	girl ( x _ 0 ) AND hear . agent ( x _ 1 , Emma ) AND hear . theme ( x _ 1 , x _ 0 ) AND hear . agent ( x _ 2 , Liam ) AND hear . theme ( x _ 2 , Harper )	elips_gapping_gen
Oliver called the lion and a lamb the dog .	* lion ( x _ 0 ) ; * dog ( x _ 2 ) ; lamb ( x _ 1 ) AND call . agent ( x _ 3 , Oliver ) AND call . theme ( x _ 3 , x _ 0 ) AND call . agent ( x _ 4 , x _ 1 ) AND call . theme ( x _ 4 , x _ 2 )	elips_gapping_gen
Emma called the scientist and William Owen .	* scientist ( x _ 0 ) ; call . agent ( x _ 1 , Emma ) AND call . theme ( x _ 1 , x _ 0 ) AND call . agent ( x _ 2 , William ) AND call . theme ( x _ 2 , Owen )	elips_gapping_gen
Sophia threw Ethan and James a consumer .	consumer ( x _ 0 ) AND throw . agent ( x _ 1 , Sophia ) AND throw . theme ( x _ 1 , Ethan ) AND throw . agent ( x _ 2 , James ) AND throw . theme ( x _ 2 , x _ 0 )	elips_gapping_gen
Emma valued a girl and Alexander Isabella .	girl ( x _ 0 ) AND value . agent ( x _ 1 , Emma ) AND value . theme ( x _ 1 , x _ 0 ) AND value . agent ( x _ 2 , Alexander ) AND value . theme ( x _ 2 , Isabella )	elips_gapping_gen
A bear called Mila and a girl Henry .	bear ( x _ 0 ) AND girl ( x _ 1 ) AND call . agent ( x _ 2 , x _ 0 ) AND call . theme ( x _ 2 , Mila ) AND call . agent ( x _ 3 , x _ 1 ) AND call . theme ( x _ 3 , Henry )	elips_gapping_gen
Emma noticed a kid and a boy a girl .	kid ( x _ 0 ) AND boy ( x _ 1 ) AND girl ( x _ 2 ) AND notice . agent ( x _ 3 , Emma ) AND notice . theme ( x _ 3 , x _ 0 ) AND notice . agent ( x _ 4 , x _ 1 ) AND notice . theme ( x _ 4 , x _ 2 )	elips_gapping_gen
A president heard Olivia and Charlotte Emma .	president ( x _ 0 ) AND hear . agent ( x _ 1 , x _ 0 ) AND hear . theme ( x _ 1 , Olivia ) AND hear . agent ( x _ 2 , Charlotte ) AND hear . theme ( x _ 2 , Emma )	elips_gapping_gen
A bear pierced Logan and Emily the girl .	* girl ( x _ 1 ) ; bear ( x _ 0 ) AND pierce . agent ( x _ 2 , x _ 0 ) AND pierce . theme ( x _ 2 , Logan ) AND pierce . agent ( x _ 3 , Emily ) AND pierce . theme ( x _ 3 , x _ 1 )	elips_gapping_gen
Liam discovered Joshua and Natalie Violet .	discover . agent ( x _ 0 , Liam ) AND discover . theme ( x _ 0 , Joshua ) AND discover . agent ( x _ 1 , Natalie ) AND discover . theme ( x _ 1 , Violet )	elips_gapping_gen
The teacher called James and the zebra Olivia .	* teacher ( x _ 0 ) ; * zebra ( x _ 1 ) ; call . agent ( x _ 2 , x _ 0 ) AND call . theme ( x _ 2 , James ) AND call . agent ( x _ 3 , x _ 1 ) AND call . theme ( x _ 3 , Olivia )	elips_gapping_gen
Olivia threw Isabella and a penguin a fish .	penguin ( x _ 0 ) AND fish ( x _ 1 ) AND throw . agent ( x _ 2 , Olivia ) AND throw . theme ( x _ 2 , Isabella ) AND throw . agent ( x _ 3 , x _ 0 ) AND throw . theme ( x _ 3 , x _ 1 )	elips_gapping_gen
Benjamin threw the fish and Emma Isabella .	* fish ( x _ 0 ) ; throw . agent ( x _ 1 , Benjamin ) AND throw . theme ( x _ 1 , x _ 0 ) AND throw . agent ( x _ 2 , Emma ) AND throw . theme ( x _ 2 , Isabella )	elips_gapping_gen
The farmer observed the cat and a frog Riley .	* farmer ( x _ 0 ) ; * cat ( x _ 1 ) ; frog ( x _ 2 ) AND observe . agent ( x _ 3 , x _ 0 ) AND observe . theme ( x _ 3 , x _ 1 ) AND observe . agent ( x _ 4 , x _ 2 ) AND observe . theme ( x _ 4 , Riley )	elips_gapping_gen
Isabella tolerated a cow and the mouse Mason .	* mouse ( x _ 1 ) ; cow ( x _ 0 ) AND tolerate . agent ( x _ 2 , Isabella ) AND tolerate . theme ( x _ 2 , x _ 0 ) AND tolerate . agent ( x _ 3 , x _ 1 ) AND tolerate . theme ( x _ 3 , Mason )	elips_gapping_gen
The girl threw a penguin and Amelia the boy .	* girl ( x _ 0 ) ; * boy ( x _ 2 ) ; penguin ( x _ 1 ) AND throw . agent ( x _ 3 , x _ 0 ) AND throw . theme ( x _ 3 , x _ 1 ) AND throw . agent ( x _ 4 , Amelia ) AND throw . theme ( x _ 4 , x _ 2 )	elips_gapping_gen
A dog tolerated Oliver and Emma a girl .	dog ( x _ 0 ) AND girl ( x _ 1 ) AND tolerate . agent ( x _ 2 , x _ 0 ) AND tolerate . theme ( x _ 2 , Oliver ) AND tolerate . agent ( x _ 3 , Emma ) AND tolerate . theme ( x _ 3 , x _ 1 )	elips_gapping_gen
The dog discovered William and the girl Lincoln .	* dog ( x _ 0 ) ; * girl ( x _ 1 ) ; discover . agent ( x _ 2 , x _ 0 ) AND discover . theme ( x _ 2 , William ) AND discover . agent ( x _ 3 , x _ 1 ) AND discover . theme ( x _ 3 , Lincoln )	elips_gapping_gen
A chicken heard Luke and Liam Emma .	chicken ( x _ 0 ) AND hear . agent ( x _ 1 , x _ 0 ) AND hear . theme ( x _ 1 , Luke ) AND hear . agent ( x _ 2 , Liam ) AND hear . theme ( x _ 2 , Emma )	elips_gapping_gen
Emma called the dog and a girl a boy .	* dog ( x _ 0 ) ; girl ( x _ 1 ) AND boy ( x _ 2 ) AND call . agent ( x _ 3 , Emma ) AND call . theme ( x _ 3 , x _ 0 ) AND call . agent ( x _ 4 , x _ 1 ) AND call . theme ( x _ 4 , x _ 2 )	elips_gapping_gen
A hero threw the girl and the dog the boy .	* girl ( x _ 1 ) ; * dog ( x _ 2 ) ; * boy ( x _ 3 ) ; hero ( x _ 0 ) AND throw . agent ( x _ 4 , x _ 0 ) AND throw . theme ( x _ 4 , x _ 1 ) AND throw . agent ( x _ 5 , x _ 2 ) AND throw . theme ( x _ 5 , x _ 3 )	elips_gapping_gen
The girl studied a child and the mouse the zebra .	* girl ( x _ 0 ) ; * mouse ( x _ 2 ) ; * zebra ( x _ 3 ) ; child ( x _ 1 ) AND study . agent ( x _ 4 , x _ 0 ) AND study . theme ( x _ 4 , x _ 1 ) AND study . agent ( x _ 5 , x _ 2 ) AND study . theme ( x _ 5 , x _ 3 )	elips_gapping_gen
A girl examined a boy and Liam Madison .	girl ( x _ 0 ) AND boy ( x _ 1 ) AND examine . agent ( x _ 2 , x _ 0 ) AND examine . theme ( x _ 2 , x _ 1 ) AND examine . agent ( x _ 3 , Liam ) AND examine . theme ( x _ 3 , Madison )	elips_gapping_gen
A pony threw Olivia and the girl Emma .	* girl ( x _ 1 ) ; pony ( x _ 0 ) AND throw . agent ( x _ 2 , x _ 0 ) AND throw . theme ( x _ 2 , Olivia ) AND throw . agent ( x _ 3 , x _ 1 ) AND throw . theme ( x _ 3 , Emma )	elips_gapping_gen
The bear stabbed a girl and Zoe a mouse .	* bear ( x _ 0 ) ; girl ( x _ 1 ) AND mouse ( x _ 2 ) AND stab . agent ( x _ 3 , x _ 0 ) AND stab . theme ( x _ 3 , x _ 1 ) AND stab . agent ( x _ 4 , Zoe ) AND stab . theme ( x _ 4 , x _ 2 )	elips_gapping_gen
The frog threw Sophia and Natalie Harper .	* frog ( x _ 0 ) ; throw . agent ( x _ 1 , x _ 0 ) AND throw . theme ( x _ 1 , Sophia ) AND throw . agent ( x _ 2 , Natalie ) AND throw . theme ( x _ 2 , Harper )	elips_gapping_gen
Mila called a baby and Oliver a cat .	baby ( x _ 0 ) AND cat ( x _ 1 ) AND call . agent ( x _ 2 , Mila ) AND call . theme ( x _ 2 , x _ 0 ) AND call . agent ( x _ 3 , Oliver ) AND call . theme ( x _ 3 , x _ 1 )	elips_gapping_gen
Emma threw a prince and a monkey Lily .	prince ( x _ 0 ) AND monkey ( x _ 1 ) AND throw . agent ( x _ 2 , Emma ) AND throw . theme ( x _ 2 , x _ 0 ) AND throw . agent ( x _ 3 , x _ 1 ) AND throw . theme ( x _ 3 , Lily )	elips_gapping_gen
The teacher saw Liam and the zebra Emma .	* teacher ( x _ 0 ) ; * zebra ( x _ 1 ) ; see . agent ( x _ 2 , x _ 0 ) AND see . theme ( x _ 2 , Liam ) AND see . agent ( x _ 3 , x _ 1 ) AND see . theme ( x _ 3 , Emma )	elips_gapping_gen
James tolerated the girl and Claire Liam .	* girl ( x _ 0 ) ; tolerate . agent ( x _ 1 , James ) AND tolerate . theme ( x _ 1 , x _ 0 ) AND tolerate . agent ( x _ 2 , Claire ) AND tolerate . theme ( x _ 2 , Liam )	elips_gapping_gen
The student observed Olivia and Zoe the girl .	* student ( x _ 0 ) ; * girl ( x _ 1 ) ; observe . agent ( x _ 2 , x _ 0 ) AND observe . theme ( x _ 2 , Olivia ) AND observe . agent ( x _ 3 , Zoe ) AND observe . theme ( x _ 3 , x _ 1 )	elips_gapping_gen
The dog valued a visitor and the cat a sheep .	* dog ( x _ 0 ) ; * cat ( x _ 2 ) ; visitor ( x _ 1 ) AND sheep ( x _ 3 ) AND value . agent ( x _ 4 , x _ 0 ) AND value . theme ( x _ 4 , x _ 1 ) AND value . agent ( x _ 5 , x _ 2 ) AND value . theme ( x _ 5 , x _ 3 )	elips_gapping_gen
Liam heard the child and a girl Emma .	* child ( x _ 0 ) ; girl ( x _ 1 ) AND hear . agent ( x _ 2 , Liam ) AND hear . theme ( x _ 2 , x _ 0 ) AND hear . agent ( x _ 3 , x _ 1 ) AND hear . theme ( x _ 3 , Emma )	elips_gapping_gen
Wyatt threw a friend and a prince Mia .	friend ( x _ 0 ) AND prince ( x _ 1 ) AND throw . agent ( x _ 2 , Wyatt ) AND throw . theme ( x _ 2 , x _ 0 ) AND throw . agent ( x _ 3 , x _ 1 ) AND throw . theme ( x _ 3 , Mia )	elips_gapping_gen
The boy saw Liam and the frog the dog .	* boy ( x _ 0 ) ; * frog ( x _ 1 ) ; * dog ( x _ 2 ) ; see . agent ( x _ 3 , x _ 0 ) AND see . theme ( x _ 3 , Liam ) AND see . agent ( x _ 4 , x _ 1 ) AND see . theme ( x _ 4 , x _ 2 )	elips_gapping_gen
The duck called Chloe and Oliver the girl .	* duck ( x _ 0 ) ; * girl ( x _ 1 ) ; call . agent ( x _ 2 , x _ 0 ) AND call . theme ( x _ 2 , Chloe ) AND call . agent ( x _ 3 , Oliver ) AND call . theme ( x _ 3 , x _ 1 )	elips_gapping_gen
The girl held Elizabeth and Liam the tiger .	* girl ( x _ 0 ) ; * tiger ( x _ 1 ) ; hold . agent ( x _ 2 , x _ 0 ) AND hold . theme ( x _ 2 , Elizabeth ) AND hold . agent ( x _ 3 , Liam ) AND hold . theme ( x _ 3 , x _ 1 )	elips_gapping_gen
Emma observed Wyatt and the king the bunny .	* king ( x _ 0 ) ; * bunny ( x _ 1 ) ; observe . agent ( x _ 2 , Emma ) AND observe . theme ( x _ 2 , Wyatt ) AND observe . agent ( x _ 3 , x _ 0 ) AND observe . theme ( x _ 3 , x _ 1 )	elips_gapping_gen
Nathan tossed the girl and a giraffe a chicken .	* girl ( x _ 0 ) ; giraffe ( x _ 1 ) AND chicken ( x _ 2 ) AND toss . agent ( x _ 3 , Nathan ) AND toss . theme ( x _ 3 , x _ 0 ) AND toss . agent ( x _ 4 , x _ 1 ) AND toss . theme ( x _ 4 , x _ 2 )	elips_gapping_gen
Nora called a girl and the boy Emma .	* boy ( x _ 1 ) ; girl ( x _ 0 ) AND call . agent ( x _ 2 , Nora ) AND call . theme ( x _ 2 , x _ 0 ) AND call . agent ( x _ 3 , x _ 1 ) AND call . theme ( x _ 3 , Emma )	elips_gapping_gen
The frog worshipped a citizen and the donkey a cat .	* frog ( x _ 0 ) ; * donkey ( x _ 2 ) ; citizen ( x _ 1 ) AND cat ( x _ 3 ) AND worship . agent ( x _ 4 , x _ 0 ) AND worship . theme ( x _ 4 , x _ 1 ) AND worship . agent ( x _ 5 , x _ 2 ) AND worship . theme ( x _ 5 , x _ 3 )	elips_gapping_gen
The tenant held a girl and Emma Julian .	* tenant ( x _ 0 ) ; girl ( x _ 1 ) AND hold . agent ( x _ 2 , x _ 0 ) AND hold . theme ( x _ 2 , x _ 1 ) AND hold . agent ( x _ 3 , Emma ) AND hold . theme ( x _ 3 , Julian )	elips_gapping_gen
Charlotte threw a cat and Noah the girl .	* girl ( x _ 1 ) ; cat ( x _ 0 ) AND throw . agent ( x _ 2 , Charlotte ) AND throw . theme ( x _ 2 , x _ 0 ) AND throw . agent ( x _ 3 , Noah ) AND throw . theme ( x _ 3 , x _ 1 )	elips_gapping_gen
The moose discovered the cat and Noah the penguin .	* moose ( x _ 0 ) ; * cat ( x _ 1 ) ; * penguin ( x _ 2 ) ; discover . agent ( x _ 3 , x _ 0 ) AND discover . theme ( x _ 3 , x _ 1 ) AND discover . agent ( x _ 4 , Noah ) AND discover . theme ( x _ 4 , x _ 2 )	elips_gapping_gen
A cat called Noah and Mason the girl .	* girl ( x _ 1 ) ; cat ( x _ 0 ) AND call . agent ( x _ 2 , x _ 0 ) AND call . theme ( x _ 2 , Noah ) AND call . agent ( x _ 3 , Mason ) AND call . theme ( x _ 3 , x _ 1 )	elips_gapping_gen
A child heard Emma and Henry Liam .	child ( x _ 0 ) AND hear . agent ( x _ 1 , x _ 0 ) AND hear . theme ( x _ 1 , Emma ) AND hear . agent ( x _ 2 , Henry ) AND hear . theme ( x _ 2 , Liam )	elips_gapping_gen
A boy studied William and the giraffe the girl .	* giraffe ( x _ 1 ) ; * girl ( x _ 2 ) ; boy ( x _ 0 ) AND study . agent ( x _ 3 , x _ 0 ) AND study . theme ( x _ 3 , William ) AND study . agent ( x _ 4 , x _ 1 ) AND study . theme ( x _ 4 , x _ 2 )	elips_gapping_gen
Emma saw Noah and Olivia a girl .	girl ( x _ 0 ) AND see . agent ( x _ 1 , Emma ) AND see . theme ( x _ 1 , Noah ) AND see . agent ( x _ 2 , Olivia ) AND see . theme ( x _ 2 , x _ 0 )	elips_gapping_gen
A child tolerated a chicken and a girl the boy .	* boy ( x _ 3 ) ; child ( x _ 0 ) AND chicken ( x _ 1 ) AND girl ( x _ 2 ) AND tolerate . agent ( x _ 4 , x _ 0 ) AND tolerate . theme ( x _ 4 , x _ 1 ) AND tolerate . agent ( x _ 5 , x _ 2 ) AND tolerate . theme ( x _ 5 , x _ 3 )	elips_gapping_gen
Olivia called Emma and James Evelyn .	call . agent ( x _ 0 , Olivia ) AND call . theme ( x _ 0 , Emma ) AND call . agent ( x _ 1 , James ) AND call . theme ( x _ 1 , Evelyn )	elips_gapping_gen
The boy heard Emily and Emma Noah .	* boy ( x _ 0 ) ; hear . agent ( x _ 1 , x _ 0 ) AND hear . theme ( x _ 1 , Emily ) AND hear . agent ( x _ 2 , Emma ) AND hear . theme ( x _ 2 , Noah )	elips_gapping_gen
Liam held Amelia and a cat a baby .	cat ( x _ 0 ) AND baby ( x _ 1 ) AND hold . agent ( x _ 2 , Liam ) AND hold . theme ( x _ 2 , Amelia ) AND hold . agent ( x _ 3 , x _ 0 ) AND hold . theme ( x _ 3 , x _ 1 )	elips_gapping_gen
The cat called a chicken and a girl the turtle .	* cat ( x _ 0 ) ; * turtle ( x _ 3 ) ; chicken ( x _ 1 ) AND girl ( x _ 2 ) AND call . agent ( x _ 4 , x _ 0 ) AND call . theme ( x _ 4 , x _ 1 ) AND call . agent ( x _ 5 , x _ 2 ) AND call . theme ( x _ 5 , x _ 3 )	elips_gapping_gen
The dog saw Samuel and a cat Emma .	* dog ( x _ 0 ) ; cat ( x _ 1 ) AND see . agent ( x _ 2 , x _ 0 ) AND see . theme ( x _ 2 , Samuel ) AND see . agent ( x _ 3 , x _ 1 ) AND see . theme ( x _ 3 , Emma )	elips_gapping_gen
A frog knew a boy and Zoe a guest .	frog ( x _ 0 ) AND boy ( x _ 1 ) AND guest ( x _ 2 ) AND know . agent ( x _ 3 , x _ 0 ) AND know . theme ( x _ 3 , x _ 1 ) AND know . agent ( x _ 4 , Zoe ) AND know . theme ( x _ 4 , x _ 2 )	elips_gapping_gen
William worshipped Ellie and the giraffe Olivia .	* giraffe ( x _ 0 ) ; worship . agent ( x _ 1 , William ) AND worship . theme ( x _ 1 , Ellie ) AND worship . agent ( x _ 2 , x _ 0 ) AND worship . theme ( x _ 2 , Olivia )	elips_gapping_gen
The dog worshipped a cat and Christopher Emma .	* dog ( x _ 0 ) ; cat ( x _ 1 ) AND worship . agent ( x _ 2 , x _ 0 ) AND worship . theme ( x _ 2 , x _ 1 ) AND worship . agent ( x _ 3 , Christopher ) AND worship . theme ( x _ 3 , Emma )	elips_gapping_gen
Liam noticed the girl and the servant Lucas .	* girl ( x _ 0 ) ; * servant ( x _ 1 ) ; notice . agent ( x _ 2 , Liam ) AND notice . theme ( x _ 2 , x _ 0 ) AND notice . agent ( x _ 3 , x _ 1 ) AND notice . theme ( x _ 3 , Lucas )	elips_gapping_gen
Oliver noticed a bear and the cat Lucas .	* cat ( x _ 1 ) ; bear ( x _ 0 ) AND notice . agent ( x _ 2 , Oliver ) AND notice . theme ( x _ 2 , x _ 0 ) AND notice . agent ( x _ 3 , x _ 1 ) AND notice . theme ( x _ 3 , Lucas )	elips_gapping_gen
James called Olivia and Emma Avery .	call . agent ( x _ 0 , James ) AND call . theme ( x _ 0 , Olivia ) AND call . agent ( x _ 1 , Emma ) AND call . theme ( x _ 1 , Avery )	elips_gapping_gen
Benjamin threw Emma and a boy the princess .	* princess ( x _ 1 ) ; boy ( x _ 0 ) AND throw . agent ( x _ 2 , Benjamin ) AND throw . theme ( x _ 2 , Emma ) AND throw . agent ( x _ 3 , x _ 0 ) AND throw . theme ( x _ 3 , x _ 1 )	elips_gapping_gen
The baby tolerated the mouse and a girl Nathan .	* baby ( x _ 0 ) ; * mouse ( x _ 1 ) ; girl ( x _ 2 ) AND tolerate . agent ( x _ 3 , x _ 0 ) AND tolerate . theme ( x _ 3 , x _ 1 ) AND tolerate . agent ( x _ 4 , x _ 2 ) AND tolerate . theme ( x _ 4 , Nathan )	elips_gapping_gen
A giraffe heard a girl and the sheep Noah .	* sheep ( x _ 2 ) ; giraffe ( x _ 0 ) AND girl ( x _ 1 ) AND hear . agent ( x _ 3 , x _ 0 ) AND hear . theme ( x _ 3 , x _ 1 ) AND hear . agent ( x _ 4 , x _ 2 ) AND hear . theme ( x _ 4 , Noah )	elips_gapping_gen
Sofia knew the creature and a girl a priest .	* creature ( x _ 0 ) ; girl ( x _ 1 ) AND priest ( x _ 2 ) AND know . agent ( x _ 3 , Sofia ) AND know . theme ( x _ 3 , x _ 0 ) AND know . agent ( x _ 4 , x _ 1 ) AND know . theme ( x _ 4 , x _ 2 )	elips_gapping_gen
The lion called Emma and the girl Andrew .	* lion ( x _ 0 ) ; * girl ( x _ 1 ) ; call . agent ( x _ 2 , x _ 0 ) AND call . theme ( x _ 2 , Emma ) AND call . agent ( x _ 3 , x _ 1 ) AND call . theme ( x _ 3 , Andrew )	elips_gapping_gen
William threw Olivia and Charlotte the baby .	* baby ( x _ 0 ) ; throw . agent ( x _ 1 , William ) AND throw . theme ( x _ 1 , Olivia ) AND throw . agent ( x _ 2 , Charlotte ) AND throw . theme ( x _ 2 , x _ 0 )	elips_gapping_gen
The sailor tolerated a girl and the teacher the dog .	* sailor ( x _ 0 ) ; * teacher ( x _ 2 ) ; * dog ( x _ 3 ) ; girl ( x _ 1 ) AND tolerate . agent ( x _ 4 , x _ 0 ) AND tolerate . theme ( x _ 4 , x _ 1 ) AND tolerate . agent ( x _ 5 , x _ 2 ) AND tolerate . theme ( x _ 5 , x _ 3 )	elips_gapping_gen
The girl heard a giraffe and Emily Elijah .	* girl ( x _ 0 ) ; giraffe ( x _ 1 ) AND hear . agent ( x _ 2 , x _ 0 ) AND hear . theme ( x _ 2 , x _ 1 ) AND hear . agent ( x _ 3 , Emily ) AND hear . theme ( x _ 3 , Elijah )	elips_gapping_gen
Emma called the teacher and Bella the girl .	* teacher ( x _ 0 ) ; * girl ( x _ 1 ) ; call . agent ( x _ 2 , Emma ) AND call . theme ( x _ 2 , x _ 0 ) AND call . agent ( x _ 3 , Bella ) AND call . theme ( x _ 3 , x _ 1 )	elips_gapping_gen
A captain studied a cat and Ava a giraffe .	captain ( x _ 0 ) AND cat ( x _ 1 ) AND giraffe ( x _ 2 ) AND study . agent ( x _ 3 , x _ 0 ) AND study . theme ( x _ 3 , x _ 1 ) AND study . agent ( x _ 4 , Ava ) AND study . theme ( x _ 4 , x _ 2 )	elips_gapping_gen
A cat investigated the pony and a turkey Grayson .	* pony ( x _ 1 ) ; cat ( x _ 0 ) AND turkey ( x _ 2 ) AND investigate . agent ( x _ 3 , x _ 0 ) AND investigate . theme ( x _ 3 , x _ 1 ) AND investigate . agent ( x _ 4 , x _ 2 ) AND investigate . theme ( x _ 4 , Grayson )	elips_gapping_gen
The girl threw Noah and the boy a zebra .	* girl ( x _ 0 ) ; * boy ( x _ 1 ) ; zebra ( x _ 2 ) AND throw . agent ( x _ 3 , x _ 0 ) AND throw . theme ( x _ 3 , Noah ) AND throw . agent ( x _ 4 , x _ 1 ) AND throw . theme ( x _ 4 , x _ 2 )	elips_gapping_gen
The writer tolerated Liam and the girl Emma .	* writer ( x _ 0 ) ; * girl ( x _ 1 ) ; tolerate . agent ( x _ 2 , x _ 0 ) AND tolerate . theme ( x _ 2 , Liam ) AND tolerate . agent ( x _ 3 , x _ 1 ) AND tolerate . theme ( x _ 3 , Emma )	elips_gapping_gen
A girl packed Asher and a monster Emma .	girl ( x _ 0 ) AND monster ( x _ 1 ) AND pack . agent ( x _ 2 , x _ 0 ) AND pack . theme ( x _ 2 , Asher ) AND pack . agent ( x _ 3 , x _ 1 ) AND pack . theme ( x _ 3 , Emma )	elips_gapping_gen
A frog called the customer and the coach Emma .	* customer ( x _ 1 ) ; * coach ( x _ 2 ) ; frog ( x _ 0 ) AND call . agent ( x _ 3 , x _ 0 ) AND call . theme ( x _ 3 , x _ 1 ) AND call . agent ( x _ 4 , x _ 2 ) AND call . theme ( x _ 4 , Emma )	elips_gapping_gen
Liam heard a dog and the fly a lawyer .	* fly ( x _ 1 ) ; dog ( x _ 0 ) AND lawyer ( x _ 2 ) AND hear . agent ( x _ 3 , Liam ) AND hear . theme ( x _ 3 , x _ 0 ) AND hear . agent ( x _ 4 , x _ 1 ) AND hear . theme ( x _ 4 , x _ 2 )	elips_gapping_gen
Grace threw the mouse and Savannah Noah .	* mouse ( x _ 0 ) ; throw . agent ( x _ 1 , Grace ) AND throw . theme ( x _ 1 , x _ 0 ) AND throw . agent ( x _ 2 , Savannah ) AND throw . theme ( x _ 2 , Noah )	elips_gapping_gen
Olivia discovered a dog and Emma Evelyn .	dog ( x _ 0 ) AND discover . agent ( x _ 1 , Olivia ) AND discover . theme ( x _ 1 , x _ 0 ) AND discover . agent ( x _ 2 , Emma ) AND discover . theme ( x _ 2 , Evelyn )	elips_gapping_gen
The cat examined the girl and Emma the giraffe .	* cat ( x _ 0 ) ; * girl ( x _ 1 ) ; * giraffe ( x _ 2 ) ; examine . agent ( x _ 3 , x _ 0 ) AND examine . theme ( x _ 3 , x _ 1 ) AND examine . agent ( x _ 4 , Emma ) AND examine . theme ( x _ 4 , x _ 2 )	elips_gapping_gen
Noah threw Liam and Emma a boy .	boy ( x _ 0 ) AND throw . agent ( x _ 1 , Noah ) AND throw . theme ( x _ 1 , Liam ) AND throw . agent ( x _ 2 , Emma ) AND throw . theme ( x _ 2 , x _ 0 )	elips_gapping_gen
A girl threw a moose and Emma Matthew .	girl ( x _ 0 ) AND moose ( x _ 1 ) AND throw . agent ( x _ 2 , x _ 0 ) AND throw . theme ( x _ 2 , x _ 1 ) AND throw . agent ( x _ 3 , Emma ) AND throw . theme ( x _ 3 , Matthew )	elips_gapping_gen
The boy called Jayden and a dog Oliver .	* boy ( x _ 0 ) ; dog ( x _ 1 ) AND call . agent ( x _ 2 , x _ 0 ) AND call . theme ( x _ 2 , Jayden ) AND call . agent ( x _ 3 , x _ 1 ) AND call . theme ( x _ 3 , Oliver )	elips_gapping_gen
The boy valued Liam and a mouse Logan .	* boy ( x _ 0 ) ; mouse ( x _ 1 ) AND value . agent ( x _ 2 , x _ 0 ) AND value . theme ( x _ 2 , Liam ) AND value . agent ( x _ 3 , x _ 1 ) AND value . theme ( x _ 3 , Logan )	elips_gapping_gen
The bear examined Emma and a girl the dog .	* bear ( x _ 0 ) ; * dog ( x _ 2 ) ; girl ( x _ 1 ) AND examine . agent ( x _ 3 , x _ 0 ) AND examine . theme ( x _ 3 , Emma ) AND examine . agent ( x _ 4 , x _ 1 ) AND examine . theme ( x _ 4 , x _ 2 )	elips_gapping_gen
A baby examined Liam and James Olivia .	baby ( x _ 0 ) AND examine . agent ( x _ 1 , x _ 0 ) AND examine . theme ( x _ 1 , Liam ) AND examine . agent ( x _ 2 , James ) AND examine . theme ( x _ 2 , Olivia )	elips_gapping_gen
A girl threw Noah and a bird Emma .	girl ( x _ 0 ) AND bird ( x _ 1 ) AND throw . agent ( x _ 2 , x _ 0 ) AND throw . theme ( x _ 2 , Noah ) AND throw . agent ( x _ 3 , x _ 1 ) AND throw . theme ( x _ 3 , Emma )	elips_gapping_gen
Liam threw the princess and a girl the dog .	* princess ( x _ 0 ) ; * dog ( x _ 2 ) ; girl ( x _ 1 ) AND throw . agent ( x _ 3 , Liam ) AND throw . theme ( x _ 3 , x _ 0 ) AND throw . agent ( x _ 4 , x _ 1 ) AND throw . theme ( x _ 4 , x _ 2 )	elips_gapping_gen
A creature worshipped a baby and Michael a chicken .	creature ( x _ 0 ) AND baby ( x _ 1 ) AND chicken ( x _ 2 ) AND worship . agent ( x _ 3 , x _ 0 ) AND worship . theme ( x _ 3 , x _ 1 ) AND worship . agent ( x _ 4 , Michael ) AND worship . theme ( x _ 4 , x _ 2 )	elips_gapping_gen
Emma discovered the girl and a cat a host .	* girl ( x _ 0 ) ; cat ( x _ 1 ) AND host ( x _ 2 ) AND discover . agent ( x _ 3 , Emma ) AND discover . theme ( x _ 3 , x _ 0 ) AND discover . agent ( x _ 4 , x _ 1 ) AND discover . theme ( x _ 4 , x _ 2 )	elips_gapping_gen
Bella touched Ava and Harper the hen .	* hen ( x _ 0 ) ; touch . agent ( x _ 1 , Bella ) AND touch . theme ( x _ 1 , Ava ) AND touch . agent ( x _ 2 , Harper ) AND touch . theme ( x _ 2 , x _ 0 )	elips_gapping_gen
Ava observed the girl and Mason Emma .	* girl ( x _ 0 ) ; observe . agent ( x _ 1 , Ava ) AND observe . theme ( x _ 1 , x _ 0 ) AND observe . agent ( x _ 2 , Mason ) AND observe . theme ( x _ 2 , Emma )	elips_gapping_gen
Isabella investigated Olivia and the fish Liam .	* fish ( x _ 0 ) ; investigate . agent ( x _ 1 , Isabella ) AND investigate . theme ( x _ 1 , Olivia ) AND investigate . agent ( x _ 2 , x _ 0 ) AND investigate . theme ( x _ 2 , Liam )	elips_gapping_gen
Noah packed Violet and a girl Emma .	girl ( x _ 0 ) AND pack . agent ( x _ 1 , Noah ) AND pack . theme ( x _ 1 , Violet ) AND pack . agent ( x _ 2 , x _ 0 ) AND pack . theme ( x _ 2 , Emma )	elips_gapping_gen
A girl threw Sebastian and Liam the visitor .	* visitor ( x _ 1 ) ; girl ( x _ 0 ) AND throw . agent ( x _ 2 , x _ 0 ) AND throw . theme ( x _ 2 , Sebastian ) AND throw . agent ( x _ 3 , Liam ) AND throw . theme ( x _ 3 , x _ 1 )	elips_gapping_gen
Emma threw Olivia and the dog a professor .	* dog ( x _ 0 ) ; professor ( x _ 1 ) AND throw . agent ( x _ 2 , Emma ) AND throw . theme ( x _ 2 , Olivia ) AND throw . agent ( x _ 3 , x _ 0 ) AND throw . theme ( x _ 3 , x _ 1 )	elips_gapping_gen
Emma studied the child and Liam the girl .	* child ( x _ 0 ) ; * girl ( x _ 1 ) ; study . agent ( x _ 2 , Emma ) AND study . theme ( x _ 2 , x _ 0 ) AND study . agent ( x _ 3 , Liam ) AND study . theme ( x _ 3 , x _ 1 )	elips_gapping_gen
Emma threw the girl and the boy Natalie .	* girl ( x _ 0 ) ; * boy ( x _ 1 ) ; throw . agent ( x _ 2 , Emma ) AND throw . theme ( x _ 2 , x _ 0 ) AND throw . agent ( x _ 3 , x _ 1 ) AND throw . theme ( x _ 3 , Natalie )	elips_gapping_gen
A father tolerated Olivia and Emma Dylan .	father ( x _ 0 ) AND tolerate . agent ( x _ 1 , x _ 0 ) AND tolerate . theme ( x _ 1 , Olivia ) AND tolerate . agent ( x _ 2 , Emma ) AND tolerate . theme ( x _ 2 , Dylan )	elips_gapping_gen
Liam valued Elijah and Camila Emma .	value . agent ( x _ 0 , Liam ) AND value . theme ( x _ 0 , Elijah ) AND value . agent ( x _ 1 , Camila ) AND value . theme ( x _ 1 , Emma )	elips_gapping_gen
Sophia heard Emma and Ella a girl .	girl ( x _ 0 ) AND hear . agent ( x _ 1 , Sophia ) AND hear . theme ( x _ 1 , Emma ) AND hear . agent ( x _ 2 , Ella ) AND hear . theme ( x _ 2 , x _ 0 )	elips_gapping_gen
Liam called Emma and the mouse a lawyer .	* mouse ( x _ 0 ) ; lawyer ( x _ 1 ) AND call . agent ( x _ 2 , Liam ) AND call . theme ( x _ 2 , Emma ) AND call . agent ( x _ 3 , x _ 0 ) AND call . theme ( x _ 3 , x _ 1 )	elips_gapping_gen
Ella threw the girl and Sebastian the guest .	* girl ( x _ 0 ) ; * guest ( x _ 1 ) ; throw . agent ( x _ 2 , Ella ) AND throw . theme ( x _ 2 , x _ 0 ) AND throw . agent ( x _ 3 , Sebastian ) AND throw . theme ( x _ 3 , x _ 1 )	elips_gapping_gen
The girl called a wolf and Liam the politician .	* girl ( x _ 0 ) ; * politician ( x _ 2 ) ; wolf ( x _ 1 ) AND call . agent ( x _ 3 , x _ 0 ) AND call . theme ( x _ 3 , x _ 1 ) AND call . agent ( x _ 4 , Liam ) AND call . theme ( x _ 4 , x _ 2 )	elips_gapping_gen
Amelia examined a princess and Liam the donkey .	* donkey ( x _ 1 ) ; princess ( x _ 0 ) AND examine . agent ( x _ 2 , Amelia ) AND examine . theme ( x _ 2 , x _ 0 ) AND examine . agent ( x _ 3 , Liam ) AND examine . theme ( x _ 3 , x _ 1 )	elips_gapping_gen
Emma threw William and a boy Liam .	boy ( x _ 0 ) AND throw . agent ( x _ 1 , Emma ) AND throw . theme ( x _ 1 , William ) AND throw . agent ( x _ 2 , x _ 0 ) AND throw . theme ( x _ 2 , Liam )	elips_gapping_gen
Emma called Noah and the girl Elizabeth .	* girl ( x _ 0 ) ; call . agent ( x _ 1 , Emma ) AND call . theme ( x _ 1 , Noah ) AND call . agent ( x _ 2 , x _ 0 ) AND call . theme ( x _ 2 , Elizabeth )	elips_gapping_gen
Skylar touched a mouse and Oliver a baby .	mouse ( x _ 0 ) AND baby ( x _ 1 ) AND touch . agent ( x _ 2 , Skylar ) AND touch . theme ( x _ 2 , x _ 0 ) AND touch . agent ( x _ 3 , Oliver ) AND touch . theme ( x _ 3 , x _ 1 )	elips_gapping_gen
Liam examined a prisoner and a cat the mouse .	* mouse ( x _ 2 ) ; prisoner ( x _ 0 ) AND cat ( x _ 1 ) AND examine . agent ( x _ 3 , Liam ) AND examine . theme ( x _ 3 , x _ 0 ) AND examine . agent ( x _ 4 , x _ 1 ) AND examine . theme ( x _ 4 , x _ 2 )	elips_gapping_gen
The boy observed a child and Emma a cat .	* boy ( x _ 0 ) ; child ( x _ 1 ) AND cat ( x _ 2 ) AND observe . agent ( x _ 3 , x _ 0 ) AND observe . theme ( x _ 3 , x _ 1 ) AND observe . agent ( x _ 4 , Emma ) AND observe . theme ( x _ 4 , x _ 2 )	elips_gapping_gen
Ava held a boy and a duck a girl .	boy ( x _ 0 ) AND duck ( x _ 1 ) AND girl ( x _ 2 ) AND hold . agent ( x _ 3 , Ava ) AND hold . theme ( x _ 3 , x _ 0 ) AND hold . agent ( x _ 4 , x _ 1 ) AND hold . theme ( x _ 4 , x _ 2 )	elips_gapping_gen
William threw a girl and Emma Jayden .	girl ( x _ 0 ) AND throw . agent ( x _ 1 , William ) AND throw . theme ( x _ 1 , x _ 0 ) AND throw . agent ( x _ 2 , Emma ) AND throw . theme ( x _ 2 , Jayden )	elips_gapping_gen
Sebastian pierced the girl and the crocodile the customer .	* girl ( x _ 0 ) ; * crocodile ( x _ 1 ) ; * customer ( x _ 2 ) ; pierce . agent ( x _ 3 , Sebastian ) AND pierce . theme ( x _ 3 , x _ 0 ) AND pierce . agent ( x _ 4 , x _ 1 ) AND pierce . theme ( x _ 4 , x _ 2 )	elips_gapping_gen
The girl studied Sophia and Ella Olivia .	* girl ( x _ 0 ) ; study . agent ( x _ 1 , x _ 0 ) AND study . theme ( x _ 1 , Sophia ) AND study . agent ( x _ 2 , Ella ) AND study . theme ( x _ 2 , Olivia )	elips_gapping_gen
James called a priest and Noah a girl .	priest ( x _ 0 ) AND girl ( x _ 1 ) AND call . agent ( x _ 2 , James ) AND call . theme ( x _ 2 , x _ 0 ) AND call . agent ( x _ 3 , Noah ) AND call . theme ( x _ 3 , x _ 1 )	elips_gapping_gen
Liam threw Camila and a baby the girl .	* girl ( x _ 1 ) ; baby ( x _ 0 ) AND throw . agent ( x _ 2 , Liam ) AND throw . theme ( x _ 2 , Camila ) AND throw . agent ( x _ 3 , x _ 0 ) AND throw . theme ( x _ 3 , x _ 1 )	elips_gapping_gen
Liam called the dog and William the girl .	* dog ( x _ 0 ) ; * girl ( x _ 1 ) ; call . agent ( x _ 2 , Liam ) AND call . theme ( x _ 2 , x _ 0 ) AND call . agent ( x _ 3 , William ) AND call . theme ( x _ 3 , x _ 1 )	elips_gapping_gen
Liam threw the cat and Olivia the boy .	* cat ( x _ 0 ) ; * boy ( x _ 1 ) ; throw . agent ( x _ 2 , Liam ) AND throw . theme ( x _ 2 , x _ 0 ) AND throw . agent ( x _ 3 , Olivia ) AND throw . theme ( x _ 3 , x _ 1 )	elips_gapping_gen
Emma threw the frog and a producer Liam .	* frog ( x _ 0 ) ; producer ( x _ 1 ) AND throw . agent ( x _ 2 , Emma ) AND throw . theme ( x _ 2 , x _ 0 ) AND throw . agent ( x _ 3 , x _ 1 ) AND throw . theme ( x _ 3 , Liam )	elips_gapping_gen
The boy threw a giraffe and a girl a director .	* boy ( x _ 0 ) ; giraffe ( x _ 1 ) AND girl ( x _ 2 ) AND director ( x _ 3 ) AND throw . agent ( x _ 4 , x _ 0 ) AND throw . theme ( x _ 4 , x _ 1 ) AND throw . agent ( x _ 5 , x _ 2 ) AND throw . theme ( x _ 5 , x _ 3 )	elips_gapping_gen
Emma worshipped Lucas and a girl the lamb .	* lamb ( x _ 1 ) ; girl ( x _ 0 ) AND worship . agent ( x _ 2 , Emma ) AND worship . theme ( x _ 2 , Lucas ) AND worship . agent ( x _ 3 , x _ 0 ) AND worship . theme ( x _ 3 , x _ 1 )	elips_gapping_gen
Carter threw a girl and Emma Hannah .	girl ( x _ 0 ) AND throw . agent ( x _ 1 , Carter ) AND throw . theme ( x _ 1 , x _ 0 ) AND throw . agent ( x _ 2 , Emma ) AND throw . theme ( x _ 2 , Hannah )	elips_gapping_gen
Grace threw Penelope and Riley William .	throw . agent ( x _ 0 , Grace ) AND throw . theme ( x _ 0 , Penelope ) AND throw . agent ( x _ 1 , Riley ) AND throw . theme ( x _ 1 , William )	elips_gapping_gen
A boy noticed the girl and Liam Charlotte .	* girl ( x _ 1 ) ; boy ( x _ 0 ) AND notice . agent ( x _ 2 , x _ 0 ) AND notice . theme ( x _ 2 , x _ 1 ) AND notice . agent ( x _ 3 , Liam ) AND notice . theme ( x _ 3 , Charlotte )	elips_gapping_gen
The girl heard Mason and the soldier Jaxon .	* girl ( x _ 0 ) ; * soldier ( x _ 1 ) ; hear . agent ( x _ 2 , x _ 0 ) AND hear . theme ( x _ 2 , Mason ) AND hear . agent ( x _ 3 , x _ 1 ) AND hear . theme ( x _ 3 , Jaxon )	elips_gapping_gen
Emma heard a cat and a pupil Mila .	cat ( x _ 0 ) AND pupil ( x _ 1 ) AND hear . agent ( x _ 2 , Emma ) AND hear . theme ( x _ 2 , x _ 0 ) AND hear . agent ( x _ 3 , x _ 1 ) AND hear . theme ( x _ 3 , Mila )	elips_gapping_gen
A journalist heard Emma and the baby the child .	* baby ( x _ 1 ) ; * child ( x _ 2 ) ; journalist ( x _ 0 ) AND hear . agent ( x _ 3 , x _ 0 ) AND hear . theme ( x _ 3 , Emma ) AND hear . agent ( x _ 4 , x _ 1 ) AND hear . theme ( x _ 4 , x _ 2 )	elips_gapping_gen
Liam threw the girl and a moose Olivia .	* girl ( x _ 0 ) ; moose ( x _ 1 ) AND throw . agent ( x _ 2 , Liam ) AND throw . theme ( x _ 2 , x _ 0 ) AND throw . agent ( x _ 3 , x _ 1 ) AND throw . theme ( x _ 3 , Olivia )	elips_gapping_gen
Emma valued Isabella and Benjamin a giraffe .	giraffe ( x _ 0 ) AND value . agent ( x _ 1 , Emma ) AND value . theme ( x _ 1 , Isabella ) AND value . agent ( x _ 2 , Benjamin ) AND value . theme ( x _ 2 , x _ 0 )	elips_gapping_gen
Emma threw a penguin and Noah Sophia .	penguin ( x _ 0 ) AND throw . agent ( x _ 1 , Emma ) AND throw . theme ( x _ 1 , x _ 0 ) AND throw . agent ( x _ 2 , Noah ) AND throw . theme ( x _ 2 , Sophia )	elips_gapping_gen
Emma threw a mouse and a dog a boy .	mouse ( x _ 0 ) AND dog ( x _ 1 ) AND boy ( x _ 2 ) AND throw . agent ( x _ 3 , Emma ) AND throw . theme ( x _ 3 , x _ 0 ) AND throw . agent ( x _ 4 , x _ 1 ) AND throw . theme ( x _ 4 , x _ 2 )	elips_gapping_gen
James noticed a cat and Ava Natalie .	cat ( x _ 0 ) AND notice . agent ( x _ 1 , James ) AND notice . theme ( x _ 1 , x _ 0 ) AND notice . agent ( x _ 2 , Ava ) AND notice . theme ( x _ 2 , Natalie )	elips_gapping_gen
The hero pierced a bird and a girl a dog .	* hero ( x _ 0 ) ; bird ( x _ 1 ) AND girl ( x _ 2 ) AND dog ( x _ 3 ) AND pierce . agent ( x _ 4 , x _ 0 ) AND pierce . theme ( x _ 4 , x _ 1 ) AND pierce . agent ( x _ 5 , x _ 2 ) AND pierce . theme ( x _ 5 , x _ 3 )	elips_gapping_gen
Oliver worshipped Lily and Noah Emma .	worship . agent ( x _ 0 , Oliver ) AND worship . theme ( x _ 0 , Lily ) AND worship . agent ( x _ 1 , Noah ) AND worship . theme ( x _ 1 , Emma )	elips_gapping_gen
A father packed a girl and a frog Emma .	father ( x _ 0 ) AND girl ( x _ 1 ) AND frog ( x _ 2 ) AND pack . agent ( x _ 3 , x _ 0 ) AND pack . theme ( x _ 3 , x _ 1 ) AND pack . agent ( x _ 4 , x _ 2 ) AND pack . theme ( x _ 4 , Emma )	elips_gapping_gen
The boy discovered a girl and Samuel Noah .	* boy ( x _ 0 ) ; girl ( x _ 1 ) AND discover . agent ( x _ 2 , x _ 0 ) AND discover . theme ( x _ 2 , x _ 1 ) AND discover . agent ( x _ 3 , Samuel ) AND discover . theme ( x _ 3 , Noah )	elips_gapping_gen
Isabella packed Emma and the deer the monster .	* deer ( x _ 0 ) ; * monster ( x _ 1 ) ; pack . agent ( x _ 2 , Isabella ) AND pack . theme ( x _ 2 , Emma ) AND pack . agent ( x _ 3 , x _ 0 ) AND pack . theme ( x _ 3 , x _ 1 )	elips_gapping_gen
Joshua threw Liam and a cat the girl .	* girl ( x _ 1 ) ; cat ( x _ 0 ) AND throw . agent ( x _ 2 , Joshua ) AND throw . theme ( x _ 2 , Liam ) AND throw . agent ( x _ 3 , x _ 0 ) AND throw . theme ( x _ 3 , x _ 1 )	elips_gapping_gen
A frog worshipped the boy and Emma the girl .	* boy ( x _ 1 ) ; * girl ( x _ 2 ) ; frog ( x _ 0 ) AND worship . agent ( x _ 3 , x _ 0 ) AND worship . theme ( x _ 3 , x _ 1 ) AND worship . agent ( x _ 4 , Emma ) AND worship . theme ( x _ 4 , x _ 2 )	elips_gapping_gen
A duck threw Emily and a mouse Liam .	duck ( x _ 0 ) AND mouse ( x _ 1 ) AND throw . agent ( x _ 2 , x _ 0 ) AND throw . theme ( x _ 2 , Emily ) AND throw . agent ( x _ 3 , x _ 1 ) AND throw . theme ( x _ 3 , Liam )	elips_gapping_gen
Elijah touched Sophia and Emma a boy .	boy ( x _ 0 ) AND touch . agent ( x _ 1 , Elijah ) AND touch . theme ( x _ 1 , Sophia ) AND touch . agent ( x _ 2 , Emma ) AND touch . theme ( x _ 2 , x _ 0 )	elips_gapping_gen
James observed the deer and a girl Ava .	* deer ( x _ 0 ) ; girl ( x _ 1 ) AND observe . agent ( x _ 2 , James ) AND observe . theme ( x _ 2 , x _ 0 ) AND observe . agent ( x _ 3 , x _ 1 ) AND observe . theme ( x _ 3 , Ava )	elips_gapping_gen
William packed Theodore and the giraffe a cat .	* giraffe ( x _ 0 ) ; cat ( x _ 1 ) AND pack . agent ( x _ 2 , William ) AND pack . theme ( x _ 2 , Theodore ) AND pack . agent ( x _ 3 , x _ 0 ) AND pack . theme ( x _ 3 , x _ 1 )	elips_gapping_gen
A lamb valued a girl and the hero Chloe .	* hero ( x _ 2 ) ; lamb ( x _ 0 ) AND girl ( x _ 1 ) AND value . agent ( x _ 3 , x _ 0 ) AND value . theme ( x _ 3 , x _ 1 ) AND value . agent ( x _ 4 , x _ 2 ) AND value . theme ( x _ 4 , Chloe )	elips_gapping_gen
The boy packed Emma and Liam a cat .	* boy ( x _ 0 ) ; cat ( x _ 1 ) AND pack . agent ( x _ 2 , x _ 0 ) AND pack . theme ( x _ 2 , Emma ) AND pack . agent ( x _ 3 , Liam ) AND pack . theme ( x _ 3 , x _ 1 )	elips_gapping_gen
Emma worshipped the boy and Alexander the hen .	* boy ( x _ 0 ) ; * hen ( x _ 1 ) ; worship . agent ( x _ 2 , Emma ) AND worship . theme ( x _ 2 , x _ 0 ) AND worship . agent ( x _ 3 , Alexander ) AND worship . theme ( x _ 3 , x _ 1 )	elips_gapping_gen
Ella heard Emma and the girl Liam .	* girl ( x _ 0 ) ; hear . agent ( x _ 1 , Ella ) AND hear . theme ( x _ 1 , Emma ) AND hear . agent ( x _ 2 , x _ 0 ) AND hear . theme ( x _ 2 , Liam )	elips_gapping_gen
Oliver threw a frog and the girl a buyer .	* girl ( x _ 1 ) ; frog ( x _ 0 ) AND buyer ( x _ 2 ) AND throw . agent ( x _ 3 , Oliver ) AND throw . theme ( x _ 3 , x _ 0 ) AND throw . agent ( x _ 4 , x _ 1 ) AND throw . theme ( x _ 4 , x _ 2 )	elips_gapping_gen
The giraffe threw Noah and Lillian the girl .	* giraffe ( x _ 0 ) ; * girl ( x _ 1 ) ; throw . agent ( x _ 2 , x _ 0 ) AND throw . theme ( x _ 2 , Noah ) AND throw . agent ( x _ 3 , Lillian ) AND throw . theme ( x _ 3 , x _ 1 )	elips_gapping_gen
A cat discovered James and Emma Logan .	cat ( x _ 0 ) AND discover . agent ( x _ 1 , x _ 0 ) AND discover . theme ( x _ 1 , James ) AND discover . agent ( x _ 2 , Emma ) AND discover . theme ( x _ 2 , Logan )	elips_gapping_gen
Liam tolerated the boy and Henry a girl .	* boy ( x _ 0 ) ; girl ( x _ 1 ) AND tolerate . agent ( x _ 2 , Liam ) AND tolerate . theme ( x _ 2 , x _ 0 ) AND tolerate . agent ( x _ 3 , Henry ) AND tolerate . theme ( x _ 3 , x _ 1 )	elips_gapping_gen
Emma heard Liam and Henry the cat .	* cat ( x _ 0 ) ; hear . agent ( x _ 1 , Emma ) AND hear . theme ( x _ 1 , Liam ) AND hear . agent ( x _ 2 , Henry ) AND hear . theme ( x _ 2 , x _ 0 )	elips_gapping_gen
The landlord stabbed a boy and Oliver a girl .	* landlord ( x _ 0 ) ; boy ( x _ 1 ) AND girl ( x _ 2 ) AND stab . agent ( x _ 3 , x _ 0 ) AND stab . theme ( x _ 3 , x _ 1 ) AND stab . agent ( x _ 4 , Oliver ) AND stab . theme ( x _ 4 , x _ 2 )	elips_gapping_gen
Evelyn valued Sophia and a girl Liam .	girl ( x _ 0 ) AND value . agent ( x _ 1 , Evelyn ) AND value . theme ( x _ 1 , Sophia ) AND value . agent ( x _ 2 , x _ 0 ) AND value . theme ( x _ 2 , Liam )	elips_gapping_gen
Liam threw a cat and Olivia a bear .	cat ( x _ 0 ) AND bear ( x _ 1 ) AND throw . agent ( x _ 2 , Liam ) AND throw . theme ( x _ 2 , x _ 0 ) AND throw . agent ( x _ 3 , Olivia ) AND throw . theme ( x _ 3 , x _ 1 )	elips_gapping_gen
Emma called the child and Liam Logan .	* child ( x _ 0 ) ; call . agent ( x _ 1 , Emma ) AND call . theme ( x _ 1 , x _ 0 ) AND call . agent ( x _ 2 , Liam ) AND call . theme ( x _ 2 , Logan )	elips_gapping_gen
Emma threw a boy and William Elijah .	boy ( x _ 0 ) AND throw . agent ( x _ 1 , Emma ) AND throw . theme ( x _ 1 , x _ 0 ) AND throw . agent ( x _ 2 , William ) AND throw . theme ( x _ 2 , Elijah )	elips_gapping_gen
Olivia studied Claire and Emma a girl .	girl ( x _ 0 ) AND study . agent ( x _ 1 , Olivia ) AND study . theme ( x _ 1 , Claire ) AND study . agent ( x _ 2 , Emma ) AND study . theme ( x _ 2 , x _ 0 )	elips_gapping_gen
The lion threw the girl and the boy Scarlett .	* lion ( x _ 0 ) ; * girl ( x _ 1 ) ; * boy ( x _ 2 ) ; throw . agent ( x _ 3 , x _ 0 ) AND throw . theme ( x _ 3 , x _ 1 ) AND throw . agent ( x _ 4 , x _ 2 ) AND throw . theme ( x _ 4 , Scarlett )	elips_gapping_gen
William tolerated a girl and Isabella Emma .	girl ( x _ 0 ) AND tolerate . agent ( x _ 1 , William ) AND tolerate . theme ( x _ 1 , x _ 0 ) AND tolerate . agent ( x _ 2 , Isabella ) AND tolerate . theme ( x _ 2 , Emma )	elips_gapping_gen
Emma investigated Aria and Riley Ava .	investigate . agent ( x _ 0 , Emma ) AND investigate . theme ( x _ 0 , Aria ) AND investigate . agent ( x _ 1 , Riley ) AND investigate . theme ( x _ 1 , Ava )	elips_gapping_gen
A princess called Emma and a girl Liam .	princess ( x _ 0 ) AND girl ( x _ 1 ) AND call . agent ( x _ 2 , x _ 0 ) AND call . theme ( x _ 2 , Emma ) AND call . agent ( x _ 3 , x _ 1 ) AND call . theme ( x _ 3 , Liam )	elips_gapping_gen
Harper threw Liam and the boy Benjamin .	* boy ( x _ 0 ) ; throw . agent ( x _ 1 , Harper ) AND throw . theme ( x _ 1 , Liam ) AND throw . agent ( x _ 2 , x _ 0 ) AND throw . theme ( x _ 2 , Benjamin )	elips_gapping_gen
Emma called a cat and Asher the hero .	* hero ( x _ 1 ) ; cat ( x _ 0 ) AND call . agent ( x _ 2 , Emma ) AND call . theme ( x _ 2 , x _ 0 ) AND call . agent ( x _ 3 , Asher ) AND call . theme ( x _ 3 , x _ 1 )	elips_gapping_gen
Emma touched Olivia and the bird a girl .	* bird ( x _ 0 ) ; girl ( x _ 1 ) AND touch . agent ( x _ 2 , Emma ) AND touch . theme ( x _ 2 , Olivia ) AND touch . agent ( x _ 3 , x _ 0 ) AND touch . theme ( x _ 3 , x _ 1 )	elips_gapping_gen
Emma examined a girl and Olivia Liam .	girl ( x _ 0 ) AND examine . agent ( x _ 1 , Emma ) AND examine . theme ( x _ 1 , x _ 0 ) AND examine . agent ( x _ 2 , Olivia ) AND examine . theme ( x _ 2 , Liam )	elips_gapping_gen
Olivia studied Emma and the bee the teacher .	* bee ( x _ 0 ) ; * teacher ( x _ 1 ) ; study . agent ( x _ 2 , Olivia ) AND study . theme ( x _ 2 , Emma ) AND study . agent ( x _ 3 , x _ 0 ) AND study . theme ( x _ 3 , x _ 1 )	elips_gapping_gen
The baby valued the girl and a deer Emma .	* baby ( x _ 0 ) ; * girl ( x _ 1 ) ; deer ( x _ 2 ) AND value . agent ( x _ 3 , x _ 0 ) AND value . theme ( x _ 3 , x _ 1 ) AND value . agent ( x _ 4 , x _ 2 ) AND value . theme ( x _ 4 , Emma )	elips_gapping_gen
A boy examined the child and Noah a girl .	* child ( x _ 1 ) ; boy ( x _ 0 ) AND girl ( x _ 2 ) AND examine . agent ( x _ 3 , x _ 0 ) AND examine . theme ( x _ 3 , x _ 1 ) AND examine . agent ( x _ 4 , Noah ) AND examine . theme ( x _ 4 , x _ 2 )	elips_gapping_gen
The president threw the girl and Noah Sophia .	* president ( x _ 0 ) ; * girl ( x _ 1 ) ; throw . agent ( x _ 2 , x _ 0 ) AND throw . theme ( x _ 2 , x _ 1 ) AND throw . agent ( x _ 3 , Noah ) AND throw . theme ( x _ 3 , Sophia )	elips_gapping_gen
A boy threw Liam and the girl Madison .	* girl ( x _ 1 ) ; boy ( x _ 0 ) AND throw . agent ( x _ 2 , x _ 0 ) AND throw . theme ( x _ 2 , Liam ) AND throw . agent ( x _ 3 , x _ 1 ) AND throw . theme ( x _ 3 , Madison )	elips_gapping_gen
William called the girl and Audrey Nathan .	* girl ( x _ 0 ) ; call . agent ( x _ 1 , William ) AND call . theme ( x _ 1 , x _ 0 ) AND call . agent ( x _ 2 , Audrey ) AND call . theme ( x _ 2 , Nathan )	elips_gapping_gen
The boy heard Elizabeth and Emma Layla .	* boy ( x _ 0 ) ; hear . agent ( x _ 1 , x _ 0 ) AND hear . theme ( x _ 1 , Elizabeth ) AND hear . agent ( x _ 2 , Emma ) AND hear . theme ( x _ 2 , Layla )	elips_gapping_gen
The child studied Emma and a bunny Liam .	* child ( x _ 0 ) ; bunny ( x _ 1 ) AND study . agent ( x _ 2 , x _ 0 ) AND study . theme ( x _ 2 , Emma ) AND study . agent ( x _ 3 , x _ 1 ) AND study . theme ( x _ 3 , Liam )	elips_gapping_gen
Emma valued Christopher and a butterfly a boy .	butterfly ( x _ 0 ) AND boy ( x _ 1 ) AND value . agent ( x _ 2 , Emma ) AND value . theme ( x _ 2 , Christopher ) AND value . agent ( x _ 3 , x _ 0 ) AND value . theme ( x _ 3 , x _ 1 )	elips_gapping_gen
Logan stabbed Oliver and Emma a kid .	kid ( x _ 0 ) AND stab . agent ( x _ 1 , Logan ) AND stab . theme ( x _ 1 , Oliver ) AND stab . agent ( x _ 2 , Emma ) AND stab . theme ( x _ 2 , x _ 0 )	elips_gapping_gen
Emma tolerated a lion and Ava Liam .	lion ( x _ 0 ) AND tolerate . agent ( x _ 1 , Emma ) AND tolerate . theme ( x _ 1 , x _ 0 ) AND tolerate . agent ( x _ 2 , Ava ) AND tolerate . theme ( x _ 2 , Liam )	elips_gapping_gen
Emma saw a dog and a pony a boy .	dog ( x _ 0 ) AND pony ( x _ 1 ) AND boy ( x _ 2 ) AND see . agent ( x _ 3 , Emma ) AND see . theme ( x _ 3 , x _ 0 ) AND see . agent ( x _ 4 , x _ 1 ) AND see . theme ( x _ 4 , x _ 2 )	elips_gapping_gen
Liam threw a girl and Olivia a butterfly .	girl ( x _ 0 ) AND butterfly ( x _ 1 ) AND throw . agent ( x _ 2 , Liam ) AND throw . theme ( x _ 2 , x _ 0 ) AND throw . agent ( x _ 3 , Olivia ) AND throw . theme ( x _ 3 , x _ 1 )	elips_gapping_gen
Elizabeth worshipped the girl and a dog Mia .	* girl ( x _ 0 ) ; dog ( x _ 1 ) AND worship . agent ( x _ 2 , Elizabeth ) AND worship . theme ( x _ 2 , x _ 0 ) AND worship . agent ( x _ 3 , x _ 1 ) AND worship . theme ( x _ 3 , Mia )	elips_gapping_gen
A dog packed a girl and the giraffe Oliver .	* giraffe ( x _ 2 ) ; dog ( x _ 0 ) AND girl ( x _ 1 ) AND pack . agent ( x _ 3 , x _ 0 ) AND pack . theme ( x _ 3 , x _ 1 ) AND pack . agent ( x _ 4 , x _ 2 ) AND pack . theme ( x _ 4 , Oliver )	elips_gapping_gen
The giraffe observed the girl and Oliver Ava .	* giraffe ( x _ 0 ) ; * girl ( x _ 1 ) ; observe . agent ( x _ 2 , x _ 0 ) AND observe . theme ( x _ 2 , x _ 1 ) AND observe . agent ( x _ 3 , Oliver ) AND observe . theme ( x _ 3 , Ava )	elips_gapping_gen
Isabella tolerated a girl and Emma a boy .	girl ( x _ 0 ) AND boy ( x _ 1 ) AND tolerate . agent ( x _ 2 , Isabella ) AND tolerate . theme ( x _ 2 , x _ 0 ) AND tolerate . agent ( x _ 3 , Emma ) AND tolerate . theme ( x _ 3 , x _ 1 )	elips_gapping_gen
Liam examined a girl and a baby a scientist .	girl ( x _ 0 ) AND baby ( x _ 1 ) AND scientist ( x _ 2 ) AND examine . agent ( x _ 3 , Liam ) AND examine . theme ( x _ 3 , x _ 0 ) AND examine . agent ( x _ 4 , x _ 1 ) AND examine . theme ( x _ 4 , x _ 2 )	elips_gapping_gen
The customer tolerated Emma and a queen a boy .	* customer ( x _ 0 ) ; queen ( x _ 1 ) AND boy ( x _ 2 ) AND tolerate . agent ( x _ 3 , x _ 0 ) AND tolerate . theme ( x _ 3 , Emma ) AND tolerate . agent ( x _ 4 , x _ 1 ) AND tolerate . theme ( x _ 4 , x _ 2 )	elips_gapping_gen
Liam called the girl and the consumer the dog .	* girl ( x _ 0 ) ; * consumer ( x _ 1 ) ; * dog ( x _ 2 ) ; call . agent ( x _ 3 , Liam ) AND call . theme ( x _ 3 , x _ 0 ) AND call . agent ( x _ 4 , x _ 1 ) AND call . theme ( x _ 4 , x _ 2 )	elips_gapping_gen
The boy threw the turtle and a lion a producer .	* boy ( x _ 0 ) ; * turtle ( x _ 1 ) ; lion ( x _ 2 ) AND producer ( x _ 3 ) AND throw . agent ( x _ 4 , x _ 0 ) AND throw . theme ( x _ 4 , x _ 1 ) AND throw . agent ( x _ 5 , x _ 2 ) AND throw . theme ( x _ 5 , x _ 3 )	elips_gapping_gen
Liam held the girl and a crocodile a child .	* girl ( x _ 0 ) ; crocodile ( x _ 1 ) AND child ( x _ 2 ) AND hold . agent ( x _ 3 , Liam ) AND hold . theme ( x _ 3 , x _ 0 ) AND hold . agent ( x _ 4 , x _ 1 ) AND hold . theme ( x _ 4 , x _ 2 )	elips_gapping_gen
A butterfly tolerated Emma and Liam the boy .	* boy ( x _ 1 ) ; butterfly ( x _ 0 ) AND tolerate . agent ( x _ 2 , x _ 0 ) AND tolerate . theme ( x _ 2 , Emma ) AND tolerate . agent ( x _ 3 , Liam ) AND tolerate . theme ( x _ 3 , x _ 1 )	elips_gapping_gen
Noah threw Matthew and Emma the pupil .	* pupil ( x _ 0 ) ; throw . agent ( x _ 1 , Noah ) AND throw . theme ( x _ 1 , Matthew ) AND throw . agent ( x _ 2 , Emma ) AND throw . theme ( x _ 2 , x _ 0 )	elips_gapping_gen
Ava touched the king and Emma a girl .	* king ( x _ 0 ) ; girl ( x _ 1 ) AND touch . agent ( x _ 2 , Ava ) AND touch . theme ( x _ 2 , x _ 0 ) AND touch . agent ( x _ 3 , Emma ) AND touch . theme ( x _ 3 , x _ 1 )	elips_gapping_gen
Gabriel touched William and the boy the girl .	* boy ( x _ 0 ) ; * girl ( x _ 1 ) ; touch . agent ( x _ 2 , Gabriel ) AND touch . theme ( x _ 2 , William ) AND touch . agent ( x _ 3 , x _ 0 ) AND touch . theme ( x _ 3 , x _ 1 )	elips_gapping_gen
The citizen packed Emma and Noah the dog .	* citizen ( x _ 0 ) ; * dog ( x _ 1 ) ; pack . agent ( x _ 2 , x _ 0 ) AND pack . theme ( x _ 2 , Emma ) AND pack . agent ( x _ 3 , Noah ) AND pack . theme ( x _ 3 , x _ 1 )	elips_gapping_gen
Aria held Olivia and a baby the boy .	* boy ( x _ 1 ) ; baby ( x _ 0 ) AND hold . agent ( x _ 2 , Aria ) AND hold . theme ( x _ 2 , Olivia ) AND hold . agent ( x _ 3 , x _ 0 ) AND hold . theme ( x _ 3 , x _ 1 )	elips_gapping_gen
Sophia pierced the boy and Emma a girl .	* boy ( x _ 0 ) ; girl ( x _ 1 ) AND pierce . agent ( x _ 2 , Sophia ) AND pierce . theme ( x _ 2 , x _ 0 ) AND pierce . agent ( x _ 3 , Emma ) AND pierce . theme ( x _ 3 , x _ 1 )	elips_gapping_gen
The boy examined a duke and the girl the dog .	* boy ( x _ 0 ) ; * girl ( x _ 2 ) ; * dog ( x _ 3 ) ; duke ( x _ 1 ) AND examine . agent ( x _ 4 , x _ 0 ) AND examine . theme ( x _ 4 , x _ 1 ) AND examine . agent ( x _ 5 , x _ 2 ) AND examine . theme ( x _ 5 , x _ 3 )	elips_gapping_gen
A boy worshipped the cat and the child Emma .	* cat ( x _ 1 ) ; * child ( x _ 2 ) ; boy ( x _ 0 ) AND worship . agent ( x _ 3 , x _ 0 ) AND worship . theme ( x _ 3 , x _ 1 ) AND worship . agent ( x _ 4 , x _ 2 ) AND worship . theme ( x _ 4 , Emma )	elips_gapping_gen
A boy knew Emma and Grayson a monkey .	boy ( x _ 0 ) AND monkey ( x _ 1 ) AND know . agent ( x _ 2 , x _ 0 ) AND know . theme ( x _ 2 , Emma ) AND know . agent ( x _ 3 , Grayson ) AND know . theme ( x _ 3 , x _ 1 )	elips_gapping_gen
Jackson called Charlotte and Daniel Joseph .	call . agent ( x _ 0 , Jackson ) AND call . theme ( x _ 0 , Charlotte ) AND call . agent ( x _ 1 , Daniel ) AND call . theme ( x _ 1 , Joseph )	elips_gapping_gen
The girl discovered Lily and the dog Camila .	* girl ( x _ 0 ) ; * dog ( x _ 1 ) ; discover . agent ( x _ 2 , x _ 0 ) AND discover . theme ( x _ 2 , Lily ) AND discover . agent ( x _ 3 , x _ 1 ) AND discover . theme ( x _ 3 , Camila )	elips_gapping_gen
The penguin valued the girl and Aubrey a dog .	* penguin ( x _ 0 ) ; * girl ( x _ 1 ) ; dog ( x _ 2 ) AND value . agent ( x _ 3 , x _ 0 ) AND value . theme ( x _ 3 , x _ 1 ) AND value . agent ( x _ 4 , Aubrey ) AND value . theme ( x _ 4 , x _ 2 )	elips_gapping_gen
Gabriel called a teacher and William Asher .	teacher ( x _ 0 ) AND call . agent ( x _ 1 , Gabriel ) AND call . theme ( x _ 1 , x _ 0 ) AND call . agent ( x _ 2 , William ) AND call . theme ( x _ 2 , Asher )	elips_gapping_gen
The cat called Isabella and Liam William .	* cat ( x _ 0 ) ; call . agent ( x _ 1 , x _ 0 ) AND call . theme ( x _ 1 , Isabella ) AND call . agent ( x _ 2 , Liam ) AND call . theme ( x _ 2 , William )	elips_gapping_gen
The frog tolerated Emma and the cat Oliver .	* frog ( x _ 0 ) ; * cat ( x _ 1 ) ; tolerate . agent ( x _ 2 , x _ 0 ) AND tolerate . theme ( x _ 2 , Emma ) AND tolerate . agent ( x _ 3 , x _ 1 ) AND tolerate . theme ( x _ 3 , Oliver )	elips_gapping_gen
Emma tolerated a cat and William the creature .	* creature ( x _ 1 ) ; cat ( x _ 0 ) AND tolerate . agent ( x _ 2 , Emma ) AND tolerate . theme ( x _ 2 , x _ 0 ) AND tolerate . agent ( x _ 3 , William ) AND tolerate . theme ( x _ 3 , x _ 1 )	elips_gapping_gen
A dog tolerated Emma and Liam the teacher .	* teacher ( x _ 1 ) ; dog ( x _ 0 ) AND tolerate . agent ( x _ 2 , x _ 0 ) AND tolerate . theme ( x _ 2 , Emma ) AND tolerate . agent ( x _ 3 , Liam ) AND tolerate . theme ( x _ 3 , x _ 1 )	elips_gapping_gen
A boy tolerated a girl and Olivia Emma .	boy ( x _ 0 ) AND girl ( x _ 1 ) AND tolerate . agent ( x _ 2 , x _ 0 ) AND tolerate . theme ( x _ 2 , x _ 1 ) AND tolerate . agent ( x _ 3 , Olivia ) AND tolerate . theme ( x _ 3 , Emma )	elips_gapping_gen
Liam studied a teacher and Ava Jack .	teacher ( x _ 0 ) AND study . agent ( x _ 1 , Liam ) AND study . theme ( x _ 1 , x _ 0 ) AND study . agent ( x _ 2 , Ava ) AND study . theme ( x _ 2 , Jack )	elips_gapping_gen
The girl threw Emma and a cat the boy .	* girl ( x _ 0 ) ; * boy ( x _ 2 ) ; cat ( x _ 1 ) AND throw . agent ( x _ 3 , x _ 0 ) AND throw . theme ( x _ 3 , Emma ) AND throw . agent ( x _ 4 , x _ 1 ) AND throw . theme ( x _ 4 , x _ 2 )	elips_gapping_gen
Aria tolerated the girl and Sophia the crocodile .	* girl ( x _ 0 ) ; * crocodile ( x _ 1 ) ; tolerate . agent ( x _ 2 , Aria ) AND tolerate . theme ( x _ 2 , x _ 0 ) AND tolerate . agent ( x _ 3 , Sophia ) AND tolerate . theme ( x _ 3 , x _ 1 )	elips_gapping_gen
Joseph threw a student and Emma the frog .	* frog ( x _ 1 ) ; student ( x _ 0 ) AND throw . agent ( x _ 2 , Joseph ) AND throw . theme ( x _ 2 , x _ 0 ) AND throw . agent ( x _ 3 , Emma ) AND throw . theme ( x _ 3 , x _ 1 )	elips_gapping_gen
A cat tolerated Liam and the producer Henry .	* producer ( x _ 1 ) ; cat ( x _ 0 ) AND tolerate . agent ( x _ 2 , x _ 0 ) AND tolerate . theme ( x _ 2 , Liam ) AND tolerate . agent ( x _ 3 , x _ 1 ) AND tolerate . theme ( x _ 3 , Henry )	elips_gapping_gen
A girl held the child and Caleb the teacher .	* child ( x _ 1 ) ; * teacher ( x _ 2 ) ; girl ( x _ 0 ) AND hold . agent ( x _ 3 , x _ 0 ) AND hold . theme ( x _ 3 , x _ 1 ) AND hold . agent ( x _ 4 , Caleb ) AND hold . theme ( x _ 4 , x _ 2 )	elips_gapping_gen
A butterfly investigated the boy and a girl Emma .	* boy ( x _ 1 ) ; butterfly ( x _ 0 ) AND girl ( x _ 2 ) AND investigate . agent ( x _ 3 , x _ 0 ) AND investigate . theme ( x _ 3 , x _ 1 ) AND investigate . agent ( x _ 4 , x _ 2 ) AND investigate . theme ( x _ 4 , Emma )	elips_gapping_gen
Benjamin investigated a girl and Lucas the monkey .	* monkey ( x _ 1 ) ; girl ( x _ 0 ) AND investigate . agent ( x _ 2 , Benjamin ) AND investigate . theme ( x _ 2 , x _ 0 ) AND investigate . agent ( x _ 3 , Lucas ) AND investigate . theme ( x _ 3 , x _ 1 )	elips_gapping_gen
A girl threw Emma and Owen the boy .	* boy ( x _ 1 ) ; girl ( x _ 0 ) AND throw . agent ( x _ 2 , x _ 0 ) AND throw . theme ( x _ 2 , Emma ) AND throw . agent ( x _ 3 , Owen ) AND throw . theme ( x _ 3 , x _ 1 )	elips_gapping_gen
The cat held Jaxon and the horse Emma .	* cat ( x _ 0 ) ; * horse ( x _ 1 ) ; hold . agent ( x _ 2 , x _ 0 ) AND hold . theme ( x _ 2 , Jaxon ) AND hold . agent ( x _ 3 , x _ 1 ) AND hold . theme ( x _ 3 , Emma )	elips_gapping_gen
Olivia threw Addison and Noah Emma .	throw . agent ( x _ 0 , Olivia ) AND throw . theme ( x _ 0 , Addison ) AND throw . agent ( x _ 1 , Noah ) AND throw . theme ( x _ 1 , Emma )	elips_gapping_gen
The turkey tolerated the monster and a kitty Noah .	* turkey ( x _ 0 ) ; * monster ( x _ 1 ) ; kitty ( x _ 2 ) AND tolerate . agent ( x _ 3 , x _ 0 ) AND tolerate . theme ( x _ 3 , x _ 1 ) AND tolerate . agent ( x _ 4 , x _ 2 ) AND tolerate . theme ( x _ 4 , Noah )	elips_gapping_gen
Michael discovered Mason and Dylan Emma .	discover . agent ( x _ 0 , Michael ) AND discover . theme ( x _ 0 , Mason ) AND discover . agent ( x _ 1 , Dylan ) AND discover . theme ( x _ 1 , Emma )	elips_gapping_gen
Olivia saw a girl and Emma a frog .	girl ( x _ 0 ) AND frog ( x _ 1 ) AND see . agent ( x _ 2 , Olivia ) AND see . theme ( x _ 2 , x _ 0 ) AND see . agent ( x _ 3 , Emma ) AND see . theme ( x _ 3 , x _ 1 )	elips_gapping_gen
Olivia threw Ava and Ethan the girl .	* girl ( x _ 0 ) ; throw . agent ( x _ 1 , Olivia ) AND throw . theme ( x _ 1 , Ava ) AND throw . agent ( x _ 2 , Ethan ) AND throw . theme ( x _ 2 , x _ 0 )	elips_gapping_gen
Liam threw the director and a girl Olivia .	* director ( x _ 0 ) ; girl ( x _ 1 ) AND throw . agent ( x _ 2 , Liam ) AND throw . theme ( x _ 2 , x _ 0 ) AND throw . agent ( x _ 3 , x _ 1 ) AND throw . theme ( x _ 3 , Olivia )	elips_gapping_gen
Samuel tolerated Emma and the teacher Olivia .	* teacher ( x _ 0 ) ; tolerate . agent ( x _ 1 , Samuel ) AND tolerate . theme ( x _ 1 , Emma ) AND tolerate . agent ( x _ 2 , x _ 0 ) AND tolerate . theme ( x _ 2 , Olivia )	elips_gapping_gen
A child saw a president and Emma Amelia .	child ( x _ 0 ) AND president ( x _ 1 ) AND see . agent ( x _ 2 , x _ 0 ) AND see . theme ( x _ 2 , x _ 1 ) AND see . agent ( x _ 3 , Emma ) AND see . theme ( x _ 3 , Amelia )	elips_gapping_gen
Emma called a crocodile and a horse a dog .	crocodile ( x _ 0 ) AND horse ( x _ 1 ) AND dog ( x _ 2 ) AND call . agent ( x _ 3 , Emma ) AND call . theme ( x _ 3 , x _ 0 ) AND call . agent ( x _ 4 , x _ 1 ) AND call . theme ( x _ 4 , x _ 2 )	elips_gapping_gen
Emma tolerated the boy and the donkey Luke .	* boy ( x _ 0 ) ; * donkey ( x _ 1 ) ; tolerate . agent ( x _ 2 , Emma ) AND tolerate . theme ( x _ 2 , x _ 0 ) AND tolerate . agent ( x _ 3 , x _ 1 ) AND tolerate . theme ( x _ 3 , Luke )	elips_gapping_gen
A girl held Olivia and Emma the monkey .	* monkey ( x _ 1 ) ; girl ( x _ 0 ) AND hold . agent ( x _ 2 , x _ 0 ) AND hold . theme ( x _ 2 , Olivia ) AND hold . agent ( x _ 3 , Emma ) AND hold . theme ( x _ 3 , x _ 1 )	elips_gapping_gen
A girl valued Emma and Mia the mouse .	* mouse ( x _ 1 ) ; girl ( x _ 0 ) AND value . agent ( x _ 2 , x _ 0 ) AND value . theme ( x _ 2 , Emma ) AND value . agent ( x _ 3 , Mia ) AND value . theme ( x _ 3 , x _ 1 )	elips_gapping_gen
The puppy held a baby and a bear a girl .	* puppy ( x _ 0 ) ; baby ( x _ 1 ) AND bear ( x _ 2 ) AND girl ( x _ 3 ) AND hold . agent ( x _ 4 , x _ 0 ) AND hold . theme ( x _ 4 , x _ 1 ) AND hold . agent ( x _ 5 , x _ 2 ) AND hold . theme ( x _ 5 , x _ 3 )	elips_gapping_gen
Scarlett stabbed Daniel and the girl Emma .	* girl ( x _ 0 ) ; stab . agent ( x _ 1 , Scarlett ) AND stab . theme ( x _ 1 , Daniel ) AND stab . agent ( x _ 2 , x _ 0 ) AND stab . theme ( x _ 2 , Emma )	elips_gapping_gen
The girl held Emma and a boy Alexander .	* girl ( x _ 0 ) ; boy ( x _ 1 ) AND hold . agent ( x _ 2 , x _ 0 ) AND hold . theme ( x _ 2 , Emma ) AND hold . agent ( x _ 3 , x _ 1 ) AND hold . theme ( x _ 3 , Alexander )	elips_gapping_gen
Emma threw Olivia and Mason Sebastian .	throw . agent ( x _ 0 , Emma ) AND throw . theme ( x _ 0 , Olivia ) AND throw . agent ( x _ 1 , Mason ) AND throw . theme ( x _ 1 , Sebastian )	elips_gapping_gen
A girl called Liam and Emma a boy .	girl ( x _ 0 ) AND boy ( x _ 1 ) AND call . agent ( x _ 2 , x _ 0 ) AND call . theme ( x _ 2 , Liam ) AND call . agent ( x _ 3 , Emma ) AND call . theme ( x _ 3 , x _ 1 )	elips_gapping_gen
William held Evelyn and the girl the cat .	* girl ( x _ 0 ) ; * cat ( x _ 1 ) ; hold . agent ( x _ 2 , William ) AND hold . theme ( x _ 2 , Evelyn ) AND hold . agent ( x _ 3 , x _ 0 ) AND hold . theme ( x _ 3 , x _ 1 )	elips_gapping_gen
The girl touched Benjamin and the bird Emma .	* girl ( x _ 0 ) ; * bird ( x _ 1 ) ; touch . agent ( x _ 2 , x _ 0 ) AND touch . theme ( x _ 2 , Benjamin ) AND touch . agent ( x _ 3 , x _ 1 ) AND touch . theme ( x _ 3 , Emma )	elips_gapping_gen
Emma examined a hen and the girl Liam .	* girl ( x _ 1 ) ; hen ( x _ 0 ) AND examine . agent ( x _ 2 , Emma ) AND examine . theme ( x _ 2 , x _ 0 ) AND examine . agent ( x _ 3 , x _ 1 ) AND examine . theme ( x _ 3 , Liam )	elips_gapping_gen
A dog tolerated a bear and Isabella Alexander .	dog ( x _ 0 ) AND bear ( x _ 1 ) AND tolerate . agent ( x _ 2 , x _ 0 ) AND tolerate . theme ( x _ 2 , x _ 1 ) AND tolerate . agent ( x _ 3 , Isabella ) AND tolerate . theme ( x _ 3 , Alexander )	elips_gapping_gen
A girl stabbed the baby and the giraffe the frog .	* baby ( x _ 1 ) ; * giraffe ( x _ 2 ) ; * frog ( x _ 3 ) ; girl ( x _ 0 ) AND stab . agent ( x _ 4 , x _ 0 ) AND stab . theme ( x _ 4 , x _ 1 ) AND stab . agent ( x _ 5 , x _ 2 ) AND stab . theme ( x _ 5 , x _ 3 )	elips_gapping_gen
Matthew called Ava and Liam the girl .	* girl ( x _ 0 ) ; call . agent ( x _ 1 , Matthew ) AND call . theme ( x _ 1 , Ava ) AND call . agent ( x _ 2 , Liam ) AND call . theme ( x _ 2 , x _ 0 )	elips_gapping_gen
A creature threw the teacher and a bunny Emma .	* teacher ( x _ 1 ) ; creature ( x _ 0 ) AND bunny ( x _ 2 ) AND throw . agent ( x _ 3 , x _ 0 ) AND throw . theme ( x _ 3 , x _ 1 ) AND throw . agent ( x _ 4 , x _ 2 ) AND throw . theme ( x _ 4 , Emma )	elips_gapping_gen
Emma saw the cat and a turkey the girl .	* cat ( x _ 0 ) ; * girl ( x _ 2 ) ; turkey ( x _ 1 ) AND see . agent ( x _ 3 , Emma ) AND see . theme ( x _ 3 , x _ 0 ) AND see . agent ( x _ 4 , x _ 1 ) AND see . theme ( x _ 4 , x _ 2 )	elips_gapping_gen
Liam noticed the zebra and Olivia Isaac .	* zebra ( x _ 0 ) ; notice . agent ( x _ 1 , Liam ) AND notice . theme ( x _ 1 , x _ 0 ) AND notice . agent ( x _ 2 , Olivia ) AND notice . theme ( x _ 2 , Isaac )	elips_gapping_gen
Sebastian knew Noah and William Liam .	know . agent ( x _ 0 , Sebastian ) AND know . theme ( x _ 0 , Noah ) AND know . agent ( x _ 1 , William ) AND know . theme ( x _ 1 , Liam )	elips_gapping_gen
Emma threw Sophia and the boy Olivia .	* boy ( x _ 0 ) ; throw . agent ( x _ 1 , Emma ) AND throw . theme ( x _ 1 , Sophia ) AND throw . agent ( x _ 2 , x _ 0 ) AND throw . theme ( x _ 2 , Olivia )	elips_gapping_gen
Luke called Liam and the girl a boy .	* girl ( x _ 0 ) ; boy ( x _ 1 ) AND call . agent ( x _ 2 , Luke ) AND call . theme ( x _ 2 , Liam ) AND call . agent ( x _ 3 , x _ 0 ) AND call . theme ( x _ 3 , x _ 1 )	elips_gapping_gen
The coach held a boy and Liam a girl .	* coach ( x _ 0 ) ; boy ( x _ 1 ) AND girl ( x _ 2 ) AND hold . agent ( x _ 3 , x _ 0 ) AND hold . theme ( x _ 3 , x _ 1 ) AND hold . agent ( x _ 4 , Liam ) AND hold . theme ( x _ 4 , x _ 2 )	elips_gapping_gen
The baby discovered William and a cat the monkey .	* baby ( x _ 0 ) ; * monkey ( x _ 2 ) ; cat ( x _ 1 ) AND discover . agent ( x _ 3 , x _ 0 ) AND discover . theme ( x _ 3 , William ) AND discover . agent ( x _ 4 , x _ 1 ) AND discover . theme ( x _ 4 , x _ 2 )	elips_gapping_gen
The pig valued the chicken and a boy a lion .	* pig ( x _ 0 ) ; * chicken ( x _ 1 ) ; boy ( x _ 2 ) AND lion ( x _ 3 ) AND value . agent ( x _ 4 , x _ 0 ) AND value . theme ( x _ 4 , x _ 1 ) AND value . agent ( x _ 5 , x _ 2 ) AND value . theme ( x _ 5 , x _ 3 )	elips_gapping_gen
David heard the director and Henry Emma .	* director ( x _ 0 ) ; hear . agent ( x _ 1 , David ) AND hear . theme ( x _ 1 , x _ 0 ) AND hear . agent ( x _ 2 , Henry ) AND hear . theme ( x _ 2 , Emma )	elips_gapping_gen
A teacher threw Liam and Wyatt the dog .	* dog ( x _ 1 ) ; teacher ( x _ 0 ) AND throw . agent ( x _ 2 , x _ 0 ) AND throw . theme ( x _ 2 , Liam ) AND throw . agent ( x _ 3 , Wyatt ) AND throw . theme ( x _ 3 , x _ 1 )	elips_gapping_gen
The cat threw the turkey and Liam Emma .	* cat ( x _ 0 ) ; * turkey ( x _ 1 ) ; throw . agent ( x _ 2 , x _ 0 ) AND throw . theme ( x _ 2 , x _ 1 ) AND throw . agent ( x _ 3 , Liam ) AND throw . theme ( x _ 3 , Emma )	elips_gapping_gen
Audrey saw a tiger and the boy Sophia .	* boy ( x _ 1 ) ; tiger ( x _ 0 ) AND see . agent ( x _ 2 , Audrey ) AND see . theme ( x _ 2 , x _ 0 ) AND see . agent ( x _ 3 , x _ 1 ) AND see . theme ( x _ 3 , Sophia )	elips_gapping_gen
Benjamin investigated the girl and Liam Emma .	* girl ( x _ 0 ) ; investigate . agent ( x _ 1 , Benjamin ) AND investigate . theme ( x _ 1 , x _ 0 ) AND investigate . agent ( x _ 2 , Liam ) AND investigate . theme ( x _ 2 , Emma )	elips_gapping_gen
The boy threw the king and Isabella a chicken .	* boy ( x _ 0 ) ; * king ( x _ 1 ) ; chicken ( x _ 2 ) AND throw . agent ( x _ 3 , x _ 0 ) AND throw . theme ( x _ 3 , x _ 1 ) AND throw . agent ( x _ 4 , Isabella ) AND throw . theme ( x _ 4 , x _ 2 )	elips_gapping_gen
Isabella examined a monster and Liam the penguin .	* penguin ( x _ 1 ) ; monster ( x _ 0 ) AND examine . agent ( x _ 2 , Isabella ) AND examine . theme ( x _ 2 , x _ 0 ) AND examine . agent ( x _ 3 , Liam ) AND examine . theme ( x _ 3 , x _ 1 )	elips_gapping_gen
Ella saw Skylar and a girl a frog .	girl ( x _ 0 ) AND frog ( x _ 1 ) AND see . agent ( x _ 2 , Ella ) AND see . theme ( x _ 2 , Skylar ) AND see . agent ( x _ 3 , x _ 0 ) AND see . theme ( x _ 3 , x _ 1 )	elips_gapping_gen
The wolf tolerated a child and a boy Skylar .	* wolf ( x _ 0 ) ; child ( x _ 1 ) AND boy ( x _ 2 ) AND tolerate . agent ( x _ 3 , x _ 0 ) AND tolerate . theme ( x _ 3 , x _ 1 ) AND tolerate . agent ( x _ 4 , x _ 2 ) AND tolerate . theme ( x _ 4 , Skylar )	elips_gapping_gen
The boy heard the scientist and the child Eleanor .	* boy ( x _ 0 ) ; * scientist ( x _ 1 ) ; * child ( x _ 2 ) ; hear . agent ( x _ 3 , x _ 0 ) AND hear . theme ( x _ 3 , x _ 1 ) AND hear . agent ( x _ 4 , x _ 2 ) AND hear . theme ( x _ 4 , Eleanor )	elips_gapping_gen
Noah called the boy and the girl a child .	* boy ( x _ 0 ) ; * girl ( x _ 1 ) ; child ( x _ 2 ) AND call . agent ( x _ 3 , Noah ) AND call . theme ( x _ 3 , x _ 0 ) AND call . agent ( x _ 4 , x _ 1 ) AND call . theme ( x _ 4 , x _ 2 )	elips_gapping_gen
Olivia called the driver and Mason a girl .	* driver ( x _ 0 ) ; girl ( x _ 1 ) AND call . agent ( x _ 2 , Olivia ) AND call . theme ( x _ 2 , x _ 0 ) AND call . agent ( x _ 3 , Mason ) AND call . theme ( x _ 3 , x _ 1 )	elips_gapping_gen
Emma tolerated the child and a sheep a professor .	* child ( x _ 0 ) ; sheep ( x _ 1 ) AND professor ( x _ 2 ) AND tolerate . agent ( x _ 3 , Emma ) AND tolerate . theme ( x _ 3 , x _ 0 ) AND tolerate . agent ( x _ 4 , x _ 1 ) AND tolerate . theme ( x _ 4 , x _ 2 )	elips_gapping_gen
Lincoln packed William and a passenger Emma .	passenger ( x _ 0 ) AND pack . agent ( x _ 1 , Lincoln ) AND pack . theme ( x _ 1 , William ) AND pack . agent ( x _ 2 , x _ 0 ) AND pack . theme ( x _ 2 , Emma )	elips_gapping_gen
The lion held Noah and Emma the penguin .	* lion ( x _ 0 ) ; * penguin ( x _ 1 ) ; hold . agent ( x _ 2 , x _ 0 ) AND hold . theme ( x _ 2 , Noah ) AND hold . agent ( x _ 3 , Emma ) AND hold . theme ( x _ 3 , x _ 1 )	elips_gapping_gen
Chloe tolerated Liam and Emma a consumer .	consumer ( x _ 0 ) AND tolerate . agent ( x _ 1 , Chloe ) AND tolerate . theme ( x _ 1 , Liam ) AND tolerate . agent ( x _ 2 , Emma ) AND tolerate . theme ( x _ 2 , x _ 0 )	elips_gapping_gen
Henry worshipped William and a kitty Sophia .	kitty ( x _ 0 ) AND worship . agent ( x _ 1 , Henry ) AND worship . theme ( x _ 1 , William ) AND worship . agent ( x _ 2 , x _ 0 ) AND worship . theme ( x _ 2 , Sophia )	elips_gapping_gen
Liam called a boy and the girl Emma .	* girl ( x _ 1 ) ; boy ( x _ 0 ) AND call . agent ( x _ 2 , Liam ) AND call . theme ( x _ 2 , x _ 0 ) AND call . agent ( x _ 3 , x _ 1 ) AND call . theme ( x _ 3 , Emma )	elips_gapping_gen
Harper heard the cat and a boy the hero .	* cat ( x _ 0 ) ; * hero ( x _ 2 ) ; boy ( x _ 1 ) AND hear . agent ( x _ 3 , Harper ) AND hear . theme ( x _ 3 , x _ 0 ) AND hear . agent ( x _ 4 , x _ 1 ) AND hear . theme ( x _ 4 , x _ 2 )	elips_gapping_gen
Olivia tossed the dog and Emma the boy .	* dog ( x _ 0 ) ; * boy ( x _ 1 ) ; toss . agent ( x _ 2 , Olivia ) AND toss . theme ( x _ 2 , x _ 0 ) AND toss . agent ( x _ 3 , Emma ) AND toss . theme ( x _ 3 , x _ 1 )	elips_gapping_gen
Noah worshipped Sophia and Emma Ava .	worship . agent ( x _ 0 , Noah ) AND worship . theme ( x _ 0 , Sophia ) AND worship . agent ( x _ 1 , Emma ) AND worship . theme ( x _ 1 , Ava )	elips_gapping_gen
The princess worshipped Olivia and Emma a child .	* princess ( x _ 0 ) ; child ( x _ 1 ) AND worship . agent ( x _ 2 , x _ 0 ) AND worship . theme ( x _ 2 , Olivia ) AND worship . agent ( x _ 3 , Emma ) AND worship . theme ( x _ 3 , x _ 1 )	elips_gapping_gen
A boy studied the frog and Emma Sebastian .	* frog ( x _ 1 ) ; boy ( x _ 0 ) AND study . agent ( x _ 2 , x _ 0 ) AND study . theme ( x _ 2 , x _ 1 ) AND study . agent ( x _ 3 , Emma ) AND study . theme ( x _ 3 , Sebastian )	elips_gapping_gen
Ethan tolerated Isabella and the duke the boy .	* duke ( x _ 0 ) ; * boy ( x _ 1 ) ; tolerate . agent ( x _ 2 , Ethan ) AND tolerate . theme ( x _ 2 , Isabella ) AND tolerate . agent ( x _ 3 , x _ 0 ) AND tolerate . theme ( x _ 3 , x _ 1 )	elips_gapping_gen
A child threw the chief and Emma Liam .	* chief ( x _ 1 ) ; child ( x _ 0 ) AND throw . agent ( x _ 2 , x _ 0 ) AND throw . theme ( x _ 2 , x _ 1 ) AND throw . agent ( x _ 3 , Emma ) AND throw . theme ( x _ 3 , Liam )	elips_gapping_gen
The girl studied Emily and a boy Amelia .	* girl ( x _ 0 ) ; boy ( x _ 1 ) AND study . agent ( x _ 2 , x _ 0 ) AND study . theme ( x _ 2 , Emily ) AND study . agent ( x _ 3 , x _ 1 ) AND study . theme ( x _ 3 , Amelia )	elips_gapping_gen
William held a boy and Liam Charlotte .	boy ( x _ 0 ) AND hold . agent ( x _ 1 , William ) AND hold . theme ( x _ 1 , x _ 0 ) AND hold . agent ( x _ 2 , Liam ) AND hold . theme ( x _ 2 , Charlotte )	elips_gapping_gen
A deer threw Evelyn and Benjamin a girl .	deer ( x _ 0 ) AND girl ( x _ 1 ) AND throw . agent ( x _ 2 , x _ 0 ) AND throw . theme ( x _ 2 , Evelyn ) AND throw . agent ( x _ 3 , Benjamin ) AND throw . theme ( x _ 3 , x _ 1 )	elips_gapping_gen
Noah called a student and Oliver a researcher .	student ( x _ 0 ) AND researcher ( x _ 1 ) AND call . agent ( x _ 2 , Noah ) AND call . theme ( x _ 2 , x _ 0 ) AND call . agent ( x _ 3 , Oliver ) AND call . theme ( x _ 3 , x _ 1 )	elips_gapping_gen
The dog threw Liam and Noah the driver .	* dog ( x _ 0 ) ; * driver ( x _ 1 ) ; throw . agent ( x _ 2 , x _ 0 ) AND throw . theme ( x _ 2 , Liam ) AND throw . agent ( x _ 3 , Noah ) AND throw . theme ( x _ 3 , x _ 1 )	elips_gapping_gen
Ava threw the boy and Emma Mia .	* boy ( x _ 0 ) ; throw . agent ( x _ 1 , Ava ) AND throw . theme ( x _ 1 , x _ 0 ) AND throw . agent ( x _ 2 , Emma ) AND throw . theme ( x _ 2 , Mia )	elips_gapping_gen
Liam investigated the pony and a child a governor .	* pony ( x _ 0 ) ; child ( x _ 1 ) AND governor ( x _ 2 ) AND investigate . agent ( x _ 3 , Liam ) AND investigate . theme ( x _ 3 , x _ 0 ) AND investigate . agent ( x _ 4 , x _ 1 ) AND investigate . theme ( x _ 4 , x _ 2 )	elips_gapping_gen
A duke saw Isabella and the cat the landlord .	* cat ( x _ 1 ) ; * landlord ( x _ 2 ) ; duke ( x _ 0 ) AND see . agent ( x _ 3 , x _ 0 ) AND see . theme ( x _ 3 , Isabella ) AND see . agent ( x _ 4 , x _ 1 ) AND see . theme ( x _ 4 , x _ 2 )	elips_gapping_gen
A hero examined Emma and a girl Thomas .	hero ( x _ 0 ) AND girl ( x _ 1 ) AND examine . agent ( x _ 2 , x _ 0 ) AND examine . theme ( x _ 2 , Emma ) AND examine . agent ( x _ 3 , x _ 1 ) AND examine . theme ( x _ 3 , Thomas )	elips_gapping_gen
A teacher valued the customer and James Leah .	* customer ( x _ 1 ) ; teacher ( x _ 0 ) AND value . agent ( x _ 2 , x _ 0 ) AND value . theme ( x _ 2 , x _ 1 ) AND value . agent ( x _ 3 , James ) AND value . theme ( x _ 3 , Leah )	elips_gapping_gen
A crocodile packed Emma and the kitty the cat .	* kitty ( x _ 1 ) ; * cat ( x _ 2 ) ; crocodile ( x _ 0 ) AND pack . agent ( x _ 3 , x _ 0 ) AND pack . theme ( x _ 3 , Emma ) AND pack . agent ( x _ 4 , x _ 1 ) AND pack . theme ( x _ 4 , x _ 2 )	elips_gapping_gen
A girl observed a monkey and Wyatt a boy .	girl ( x _ 0 ) AND monkey ( x _ 1 ) AND boy ( x _ 2 ) AND observe . agent ( x _ 3 , x _ 0 ) AND observe . theme ( x _ 3 , x _ 1 ) AND observe . agent ( x _ 4 , Wyatt ) AND observe . theme ( x _ 4 , x _ 2 )	elips_gapping_gen
Emma noticed a baby and Noah the boy .	* boy ( x _ 1 ) ; baby ( x _ 0 ) AND notice . agent ( x _ 2 , Emma ) AND notice . theme ( x _ 2 , x _ 0 ) AND notice . agent ( x _ 3 , Noah ) AND notice . theme ( x _ 3 , x _ 1 )	elips_gapping_gen
James packed Emma and Lucas Mason .	pack . agent ( x _ 0 , James ) AND pack . theme ( x _ 0 , Emma ) AND pack . agent ( x _ 1 , Lucas ) AND pack . theme ( x _ 1 , Mason )	elips_gapping_gen
The boy tolerated a pupil and the girl Olivia .	* boy ( x _ 0 ) ; * girl ( x _ 2 ) ; pupil ( x _ 1 ) AND tolerate . agent ( x _ 3 , x _ 0 ) AND tolerate . theme ( x _ 3 , x _ 1 ) AND tolerate . agent ( x _ 4 , x _ 2 ) AND tolerate . theme ( x _ 4 , Olivia )	elips_gapping_gen
Olivia held the baby and Dylan the boy .	* baby ( x _ 0 ) ; * boy ( x _ 1 ) ; hold . agent ( x _ 2 , Olivia ) AND hold . theme ( x _ 2 , x _ 0 ) AND hold . agent ( x _ 3 , Dylan ) AND hold . theme ( x _ 3 , x _ 1 )	elips_gapping_gen
A girl threw Lucas and Noah a dealer .	girl ( x _ 0 ) AND dealer ( x _ 1 ) AND throw . agent ( x _ 2 , x _ 0 ) AND throw . theme ( x _ 2 , Lucas ) AND throw . agent ( x _ 3 , Noah ) AND throw . theme ( x _ 3 , x _ 1 )	elips_gapping_gen
The dog heard Mia and a girl the cat .	* dog ( x _ 0 ) ; * cat ( x _ 2 ) ; girl ( x _ 1 ) AND hear . agent ( x _ 3 , x _ 0 ) AND hear . theme ( x _ 3 , Mia ) AND hear . agent ( x _ 4 , x _ 1 ) AND hear . theme ( x _ 4 , x _ 2 )	elips_gapping_gen
A guard called Ellie and the cat Liam .	* cat ( x _ 1 ) ; guard ( x _ 0 ) AND call . agent ( x _ 2 , x _ 0 ) AND call . theme ( x _ 2 , Ellie ) AND call . agent ( x _ 3 , x _ 1 ) AND call . theme ( x _ 3 , Liam )	elips_gapping_gen
Olivia pierced Alexander and the dog Noah .	* dog ( x _ 0 ) ; pierce . agent ( x _ 1 , Olivia ) AND pierce . theme ( x _ 1 , Alexander ) AND pierce . agent ( x _ 2 , x _ 0 ) AND pierce . theme ( x _ 2 , Noah )	elips_gapping_gen
A child observed Emma and a girl the boy .	* boy ( x _ 2 ) ; child ( x _ 0 ) AND girl ( x _ 1 ) AND observe . agent ( x _ 3 , x _ 0 ) AND observe . theme ( x _ 3 , Emma ) AND observe . agent ( x _ 4 , x _ 1 ) AND observe . theme ( x _ 4 , x _ 2 )	elips_gapping_gen
A girl packed a fly and Olivia the consumer .	* consumer ( x _ 2 ) ; girl ( x _ 0 ) AND fly ( x _ 1 ) AND pack . agent ( x _ 3 , x _ 0 ) AND pack . theme ( x _ 3 , x _ 1 ) AND pack . agent ( x _ 4 , Olivia ) AND pack . theme ( x _ 4 , x _ 2 )	elips_gapping_gen
A baby threw a tiger and Ava the girl .	* girl ( x _ 2 ) ; baby ( x _ 0 ) AND tiger ( x _ 1 ) AND throw . agent ( x _ 3 , x _ 0 ) AND throw . theme ( x _ 3 , x _ 1 ) AND throw . agent ( x _ 4 , Ava ) AND throw . theme ( x _ 4 , x _ 2 )	elips_gapping_gen
A cat stabbed the scientist and Noah the driver .	* scientist ( x _ 1 ) ; * driver ( x _ 2 ) ; cat ( x _ 0 ) AND stab . agent ( x _ 3 , x _ 0 ) AND stab . theme ( x _ 3 , x _ 1 ) AND stab . agent ( x _ 4 , Noah ) AND stab . theme ( x _ 4 , x _ 2 )	elips_gapping_gen
Isabella noticed Emma and the boy the chicken .	* boy ( x _ 0 ) ; * chicken ( x _ 1 ) ; notice . agent ( x _ 2 , Isabella ) AND notice . theme ( x _ 2 , Emma ) AND notice . agent ( x _ 3 , x _ 0 ) AND notice . theme ( x _ 3 , x _ 1 )	elips_gapping_gen
John called a boy and Ella Carter .	boy ( x _ 0 ) AND call . agent ( x _ 1 , John ) AND call . theme ( x _ 1 , x _ 0 ) AND call . agent ( x _ 2 , Ella ) AND call . theme ( x _ 2 , Carter )	elips_gapping_gen
A zebra held the baby and Emma a boy .	* baby ( x _ 1 ) ; zebra ( x _ 0 ) AND boy ( x _ 2 ) AND hold . agent ( x _ 3 , x _ 0 ) AND hold . theme ( x _ 3 , x _ 1 ) AND hold . agent ( x _ 4 , Emma ) AND hold . theme ( x _ 4 , x _ 2 )	elips_gapping_gen
Sophia tolerated Emma and the buyer a father .	* buyer ( x _ 0 ) ; father ( x _ 1 ) AND tolerate . agent ( x _ 2 , Sophia ) AND tolerate . theme ( x _ 2 , Emma ) AND tolerate . agent ( x _ 3 , x _ 0 ) AND tolerate . theme ( x _ 3 , x _ 1 )	elips_gapping_gen
Henry called Lily and Sophia a girl .	girl ( x _ 0 ) AND call . agent ( x _ 1 , Henry ) AND call . theme ( x _ 1 , Lily ) AND call . agent ( x _ 2 , Sophia ) AND call . theme ( x _ 2 , x _ 0 )	elips_gapping_gen
Emma tolerated the squirrel and Olivia a boy .	* squirrel ( x _ 0 ) ; boy ( x _ 1 ) AND tolerate . agent ( x _ 2 , Emma ) AND tolerate . theme ( x _ 2 , x _ 0 ) AND tolerate . agent ( x _ 3 , Olivia ) AND tolerate . theme ( x _ 3 , x _ 1 )	elips_gapping_gen
Liam noticed Mason and the girl the boy .	* girl ( x _ 0 ) ; * boy ( x _ 1 ) ; notice . agent ( x _ 2 , Liam ) AND notice . theme ( x _ 2 , Mason ) AND notice . agent ( x _ 3 , x _ 0 ) AND notice . theme ( x _ 3 , x _ 1 )	elips_gapping_gen
A deer held a girl and Olivia Mason .	deer ( x _ 0 ) AND girl ( x _ 1 ) AND hold . agent ( x _ 2 , x _ 0 ) AND hold . theme ( x _ 2 , x _ 1 ) AND hold . agent ( x _ 3 , Olivia ) AND hold . theme ( x _ 3 , Mason )	elips_gapping_gen
Oliver touched Levi and the hero a bunny .	* hero ( x _ 0 ) ; bunny ( x _ 1 ) AND touch . agent ( x _ 2 , Oliver ) AND touch . theme ( x _ 2 , Levi ) AND touch . agent ( x _ 3 , x _ 0 ) AND touch . theme ( x _ 3 , x _ 1 )	elips_gapping_gen
The puppy called a girl and the teacher Thomas .	* puppy ( x _ 0 ) ; * teacher ( x _ 2 ) ; girl ( x _ 1 ) AND call . agent ( x _ 3 , x _ 0 ) AND call . theme ( x _ 3 , x _ 1 ) AND call . agent ( x _ 4 , x _ 2 ) AND call . theme ( x _ 4 , Thomas )	elips_gapping_gen
Olivia called Emma and the landlord the baby .	* landlord ( x _ 0 ) ; * baby ( x _ 1 ) ; call . agent ( x _ 2 , Olivia ) AND call . theme ( x _ 2 , Emma ) AND call . agent ( x _ 3 , x _ 0 ) AND call . theme ( x _ 3 , x _ 1 )	elips_gapping_gen
A hero called the cat and the chief Liam .	* cat ( x _ 1 ) ; * chief ( x _ 2 ) ; hero ( x _ 0 ) AND call . agent ( x _ 3 , x _ 0 ) AND call . theme ( x _ 3 , x _ 1 ) AND call . agent ( x _ 4 , x _ 2 ) AND call . theme ( x _ 4 , Liam )	elips_gapping_gen
The girl tossed Mason and the kid a cat .	* girl ( x _ 0 ) ; * kid ( x _ 1 ) ; cat ( x _ 2 ) AND toss . agent ( x _ 3 , x _ 0 ) AND toss . theme ( x _ 3 , Mason ) AND toss . agent ( x _ 4 , x _ 1 ) AND toss . theme ( x _ 4 , x _ 2 )	elips_gapping_gen
The girl called Olivia and a baby Emma .	* girl ( x _ 0 ) ; baby ( x _ 1 ) AND call . agent ( x _ 2 , x _ 0 ) AND call . theme ( x _ 2 , Olivia ) AND call . agent ( x _ 3 , x _ 1 ) AND call . theme ( x _ 3 , Emma )	elips_gapping_gen
Elijah noticed Noah and the landlord Olivia .	* landlord ( x _ 0 ) ; notice . agent ( x _ 1 , Elijah ) AND notice . theme ( x _ 1 , Noah ) AND notice . agent ( x _ 2 , x _ 0 ) AND notice . theme ( x _ 2 , Olivia )	elips_gapping_gen
James held Emma and a bird Abigail .	bird ( x _ 0 ) AND hold . agent ( x _ 1 , James ) AND hold . theme ( x _ 1 , Emma ) AND hold . agent ( x _ 2 , x _ 0 ) AND hold . theme ( x _ 2 , Abigail )	elips_gapping_gen
A cat studied Logan and a child a girl .	cat ( x _ 0 ) AND child ( x _ 1 ) AND girl ( x _ 2 ) AND study . agent ( x _ 3 , x _ 0 ) AND study . theme ( x _ 3 , Logan ) AND study . agent ( x _ 4 , x _ 1 ) AND study . theme ( x _ 4 , x _ 2 )	elips_gapping_gen
The producer called Ava and the horse Emma .	* producer ( x _ 0 ) ; * horse ( x _ 1 ) ; call . agent ( x _ 2 , x _ 0 ) AND call . theme ( x _ 2 , Ava ) AND call . agent ( x _ 3 , x _ 1 ) AND call . theme ( x _ 3 , Emma )	elips_gapping_gen
The cat worshipped the baby and the donkey the girl .	* cat ( x _ 0 ) ; * baby ( x _ 1 ) ; * donkey ( x _ 2 ) ; * girl ( x _ 3 ) ; worship . agent ( x _ 4 , x _ 0 ) AND worship . theme ( x _ 4 , x _ 1 ) AND worship . agent ( x _ 5 , x _ 2 ) AND worship . theme ( x _ 5 , x _ 3 )	elips_gapping_gen
Isabella saw the boy and Olivia the cat .	* boy ( x _ 0 ) ; * cat ( x _ 1 ) ; see . agent ( x _ 2 , Isabella ) AND see . theme ( x _ 2 , x _ 0 ) AND see . agent ( x _ 3 , Olivia ) AND see . theme ( x _ 3 , x _ 1 )	elips_gapping_gen
Leah threw Victoria and Liam Scarlett .	throw . agent ( x _ 0 , Leah ) AND throw . theme ( x _ 0 , Victoria ) AND throw . agent ( x _ 1 , Liam ) AND throw . theme ( x _ 1 , Scarlett )	elips_gapping_gen
Liam threw the patient and Noah the girl .	* patient ( x _ 0 ) ; * girl ( x _ 1 ) ; throw . agent ( x _ 2 , Liam ) AND throw . theme ( x _ 2 , x _ 0 ) AND throw . agent ( x _ 3 , Noah ) AND throw . theme ( x _ 3 , x _ 1 )	elips_gapping_gen
The girl heard a monkey and Liam the lion .	* girl ( x _ 0 ) ; * lion ( x _ 2 ) ; monkey ( x _ 1 ) AND hear . agent ( x _ 3 , x _ 0 ) AND hear . theme ( x _ 3 , x _ 1 ) AND hear . agent ( x _ 4 , Liam ) AND hear . theme ( x _ 4 , x _ 2 )	elips_gapping_gen
Owen called Nora and the girl Oliver .	* girl ( x _ 0 ) ; call . agent ( x _ 1 , Owen ) AND call . theme ( x _ 1 , Nora ) AND call . agent ( x _ 2 , x _ 0 ) AND call . theme ( x _ 2 , Oliver )	elips_gapping_gen
Liam observed Sophia and a frog Noah .	frog ( x _ 0 ) AND observe . agent ( x _ 1 , Liam ) AND observe . theme ( x _ 1 , Sophia ) AND observe . agent ( x _ 2 , x _ 0 ) AND observe . theme ( x _ 2 , Noah )	elips_gapping_gen
A girl observed Elijah and the bear the bunny .	* bear ( x _ 1 ) ; * bunny ( x _ 2 ) ; girl ( x _ 0 ) AND observe . agent ( x _ 3 , x _ 0 ) AND observe . theme ( x _ 3 , Elijah ) AND observe . agent ( x _ 4 , x _ 1 ) AND observe . theme ( x _ 4 , x _ 2 )	elips_gapping_gen
Emma valued a baby and Grace the butterfly .	* butterfly ( x _ 1 ) ; baby ( x _ 0 ) AND value . agent ( x _ 2 , Emma ) AND value . theme ( x _ 2 , x _ 0 ) AND value . agent ( x _ 3 , Grace ) AND value . theme ( x _ 3 , x _ 1 )	elips_gapping_gen
A boy studied the researcher and a monster a girl .	* researcher ( x _ 1 ) ; boy ( x _ 0 ) AND monster ( x _ 2 ) AND girl ( x _ 3 ) AND study . agent ( x _ 4 , x _ 0 ) AND study . theme ( x _ 4 , x _ 1 ) AND study . agent ( x _ 5 , x _ 2 ) AND study . theme ( x _ 5 , x _ 3 )	elips_gapping_gen
Liam tolerated Noah and the butterfly Ella .	* butterfly ( x _ 0 ) ; tolerate . agent ( x _ 1 , Liam ) AND tolerate . theme ( x _ 1 , Noah ) AND tolerate . agent ( x _ 2 , x _ 0 ) AND tolerate . theme ( x _ 2 , Ella )	elips_gapping_gen
Emma noticed a duck and the girl a cat .	* girl ( x _ 1 ) ; duck ( x _ 0 ) AND cat ( x _ 2 ) AND notice . agent ( x _ 3 , Emma ) AND notice . theme ( x _ 3 , x _ 0 ) AND notice . agent ( x _ 4 , x _ 1 ) AND notice . theme ( x _ 4 , x _ 2 )	elips_gapping_gen
Emma threw the prisoner and the baby a lion .	* prisoner ( x _ 0 ) ; * baby ( x _ 1 ) ; lion ( x _ 2 ) AND throw . agent ( x _ 3 , Emma ) AND throw . theme ( x _ 3 , x _ 0 ) AND throw . agent ( x _ 4 , x _ 1 ) AND throw . theme ( x _ 4 , x _ 2 )	elips_gapping_gen
Liam threw the boy and a girl Emma .	* boy ( x _ 0 ) ; girl ( x _ 1 ) AND throw . agent ( x _ 2 , Liam ) AND throw . theme ( x _ 2 , x _ 0 ) AND throw . agent ( x _ 3 , x _ 1 ) AND throw . theme ( x _ 3 , Emma )	elips_gapping_gen
Asher valued Amelia and the princess the horse .	* princess ( x _ 0 ) ; * horse ( x _ 1 ) ; value . agent ( x _ 2 , Asher ) AND value . theme ( x _ 2 , Amelia ) AND value . agent ( x _ 3 , x _ 0 ) AND value . theme ( x _ 3 , x _ 1 )	elips_gapping_gen
The poet valued the cat and Emma a dog .	* poet ( x _ 0 ) ; * cat ( x _ 1 ) ; dog ( x _ 2 ) AND value . agent ( x _ 3 , x _ 0 ) AND value . theme ( x _ 3 , x _ 1 ) AND value . agent ( x _ 4 , Emma ) AND value . theme ( x _ 4 , x _ 2 )	elips_gapping_gen
A girl observed Ella and Liam Ethan .	girl ( x _ 0 ) AND observe . agent ( x _ 1 , x _ 0 ) AND observe . theme ( x _ 1 , Ella ) AND observe . agent ( x _ 2 , Liam ) AND observe . theme ( x _ 2 , Ethan )	elips_gapping_gen
A wolf investigated a bird and the girl Zoe .	* girl ( x _ 2 ) ; wolf ( x _ 0 ) AND bird ( x _ 1 ) AND investigate . agent ( x _ 3 , x _ 0 ) AND investigate . theme ( x _ 3 , x _ 1 ) AND investigate . agent ( x _ 4 , x _ 2 ) AND investigate . theme ( x _ 4 , Zoe )	elips_gapping_gen
A cat called Emma and Andrew a duck .	cat ( x _ 0 ) AND duck ( x _ 1 ) AND call . agent ( x _ 2 , x _ 0 ) AND call . theme ( x _ 2 , Emma ) AND call . agent ( x _ 3 , Andrew ) AND call . theme ( x _ 3 , x _ 1 )	elips_gapping_gen
The mouse valued Addison and a cat Emma .	* mouse ( x _ 0 ) ; cat ( x _ 1 ) AND value . agent ( x _ 2 , x _ 0 ) AND value . theme ( x _ 2 , Addison ) AND value . agent ( x _ 3 , x _ 1 ) AND value . theme ( x _ 3 , Emma )	elips_gapping_gen
Addison touched Mia and the fly Emma .	* fly ( x _ 0 ) ; touch . agent ( x _ 1 , Addison ) AND touch . theme ( x _ 1 , Mia ) AND touch . agent ( x _ 2 , x _ 0 ) AND touch . theme ( x _ 2 , Emma )	elips_gapping_gen
Mason called Emily and Emma Olivia .	call . agent ( x _ 0 , Mason ) AND call . theme ( x _ 0 , Emily ) AND call . agent ( x _ 1 , Emma ) AND call . theme ( x _ 1 , Olivia )	elips_gapping_gen
The crocodile observed a girl and Alexander Emma .	* crocodile ( x _ 0 ) ; girl ( x _ 1 ) AND observe . agent ( x _ 2 , x _ 0 ) AND observe . theme ( x _ 2 , x _ 1 ) AND observe . agent ( x _ 3 , Alexander ) AND observe . theme ( x _ 3 , Emma )	elips_gapping_gen
A princess worshipped Emma and a boy the dog .	* dog ( x _ 2 ) ; princess ( x _ 0 ) AND boy ( x _ 1 ) AND worship . agent ( x _ 3 , x _ 0 ) AND worship . theme ( x _ 3 , Emma ) AND worship . agent ( x _ 4 , x _ 1 ) AND worship . theme ( x _ 4 , x _ 2 )	elips_gapping_gen
A manager stabbed Emma and a fly the girl .	* girl ( x _ 2 ) ; manager ( x _ 0 ) AND fly ( x _ 1 ) AND stab . agent ( x _ 3 , x _ 0 ) AND stab . theme ( x _ 3 , Emma ) AND stab . agent ( x _ 4 , x _ 1 ) AND stab . theme ( x _ 4 , x _ 2 )	elips_gapping_gen
Harper valued Liam and the cat a teacher .	* cat ( x _ 0 ) ; teacher ( x _ 1 ) AND value . agent ( x _ 2 , Harper ) AND value . theme ( x _ 2 , Liam ) AND value . agent ( x _ 3 , x _ 0 ) AND value . theme ( x _ 3 , x _ 1 )	elips_gapping_gen
The girl called Joseph and a professor William .	* girl ( x _ 0 ) ; professor ( x _ 1 ) AND call . agent ( x _ 2 , x _ 0 ) AND call . theme ( x _ 2 , Joseph ) AND call . agent ( x _ 3 , x _ 1 ) AND call . theme ( x _ 3 , William )	elips_gapping_gen
Noah touched Dylan and Emma Ryan .	touch . agent ( x _ 0 , Noah ) AND touch . theme ( x _ 0 , Dylan ) AND touch . agent ( x _ 1 , Emma ) AND touch . theme ( x _ 1 , Ryan )	elips_gapping_gen
Isabella packed the student and Sophia a poet .	* student ( x _ 0 ) ; poet ( x _ 1 ) AND pack . agent ( x _ 2 , Isabella ) AND pack . theme ( x _ 2 , x _ 0 ) AND pack . agent ( x _ 3 , Sophia ) AND pack . theme ( x _ 3 , x _ 1 )	elips_gapping_gen
The girl threw Isabella and the baby Emma .	* girl ( x _ 0 ) ; * baby ( x _ 1 ) ; throw . agent ( x _ 2 , x _ 0 ) AND throw . theme ( x _ 2 , Isabella ) AND throw . agent ( x _ 3 , x _ 1 ) AND throw . theme ( x _ 3 , Emma )	elips_gapping_gen
A crocodile threw Natalie and the girl Emma .	* girl ( x _ 1 ) ; crocodile ( x _ 0 ) AND throw . agent ( x _ 2 , x _ 0 ) AND throw . theme ( x _ 2 , Natalie ) AND throw . agent ( x _ 3 , x _ 1 ) AND throw . theme ( x _ 3 , Emma )	elips_gapping_gen
The penguin threw the boy and Emma Elijah .	* penguin ( x _ 0 ) ; * boy ( x _ 1 ) ; throw . agent ( x _ 2 , x _ 0 ) AND throw . theme ( x _ 2 , x _ 1 ) AND throw . agent ( x _ 3 , Emma ) AND throw . theme ( x _ 3 , Elijah )	elips_gapping_gen
Ella worshipped Chloe and the guy Emma .	* guy ( x _ 0 ) ; worship . agent ( x _ 1 , Ella ) AND worship . theme ( x _ 1 , Chloe ) AND worship . agent ( x _ 2 , x _ 0 ) AND worship . theme ( x _ 2 , Emma )	elips_gapping_gen
The baby packed the boy and Emma a girl .	* baby ( x _ 0 ) ; * boy ( x _ 1 ) ; girl ( x _ 2 ) AND pack . agent ( x _ 3 , x _ 0 ) AND pack . theme ( x _ 3 , x _ 1 ) AND pack . agent ( x _ 4 , Emma ) AND pack . theme ( x _ 4 , x _ 2 )	elips_gapping_gen
Isabella tossed Aria and a hero a bear .	hero ( x _ 0 ) AND bear ( x _ 1 ) AND toss . agent ( x _ 2 , Isabella ) AND toss . theme ( x _ 2 , Aria ) AND toss . agent ( x _ 3 , x _ 0 ) AND toss . theme ( x _ 3 , x _ 1 )	elips_gapping_gen
Isabella touched Liam and Olivia the customer .	* customer ( x _ 0 ) ; touch . agent ( x _ 1 , Isabella ) AND touch . theme ( x _ 1 , Liam ) AND touch . agent ( x _ 2 , Olivia ) AND touch . theme ( x _ 2 , x _ 0 )	elips_gapping_gen
The boy called the frog and a teacher Sofia .	* boy ( x _ 0 ) ; * frog ( x _ 1 ) ; teacher ( x _ 2 ) AND call . agent ( x _ 3 , x _ 0 ) AND call . theme ( x _ 3 , x _ 1 ) AND call . agent ( x _ 4 , x _ 2 ) AND call . theme ( x _ 4 , Sofia )	elips_gapping_gen
Liam tolerated the cat and the chicken a duck .	* cat ( x _ 0 ) ; * chicken ( x _ 1 ) ; duck ( x _ 2 ) AND tolerate . agent ( x _ 3 , Liam ) AND tolerate . theme ( x _ 3 , x _ 0 ) AND tolerate . agent ( x _ 4 , x _ 1 ) AND tolerate . theme ( x _ 4 , x _ 2 )	elips_gapping_gen
Liam observed Noah and James the captain .	* captain ( x _ 0 ) ; observe . agent ( x _ 1 , Liam ) AND observe . theme ( x _ 1 , Noah ) AND observe . agent ( x _ 2 , James ) AND observe . theme ( x _ 2 , x _ 0 )	elips_gapping_gen
The consumer heard Jackson and the dog a bird .	* consumer ( x _ 0 ) ; * dog ( x _ 1 ) ; bird ( x _ 2 ) AND hear . agent ( x _ 3 , x _ 0 ) AND hear . theme ( x _ 3 , Jackson ) AND hear . agent ( x _ 4 , x _ 1 ) AND hear . theme ( x _ 4 , x _ 2 )	elips_gapping_gen
Noah heard Liam and the girl Olivia .	* girl ( x _ 0 ) ; hear . agent ( x _ 1 , Noah ) AND hear . theme ( x _ 1 , Liam ) AND hear . agent ( x _ 2 , x _ 0 ) AND hear . theme ( x _ 2 , Olivia )	elips_gapping_gen
Nora tolerated the child and Emma Luna .	* child ( x _ 0 ) ; tolerate . agent ( x _ 1 , Nora ) AND tolerate . theme ( x _ 1 , x _ 0 ) AND tolerate . agent ( x _ 2 , Emma ) AND tolerate . theme ( x _ 2 , Luna )	elips_gapping_gen
The professor discovered the wolf and Daniel Liam .	* professor ( x _ 0 ) ; * wolf ( x _ 1 ) ; discover . agent ( x _ 2 , x _ 0 ) AND discover . theme ( x _ 2 , x _ 1 ) AND discover . agent ( x _ 3 , Daniel ) AND discover . theme ( x _ 3 , Liam )	elips_gapping_gen
A cat threw a giraffe and Emma Liam .	cat ( x _ 0 ) AND giraffe ( x _ 1 ) AND throw . agent ( x _ 2 , x _ 0 ) AND throw . theme ( x _ 2 , x _ 1 ) AND throw . agent ( x _ 3 , Emma ) AND throw . theme ( x _ 3 , Liam )	elips_gapping_gen
The boy noticed a girl and Emma the baby .	* boy ( x _ 0 ) ; * baby ( x _ 2 ) ; girl ( x _ 1 ) AND notice . agent ( x _ 3 , x _ 0 ) AND notice . theme ( x _ 3 , x _ 1 ) AND notice . agent ( x _ 4 , Emma ) AND notice . theme ( x _ 4 , x _ 2 )	elips_gapping_gen
A cat tolerated Emma and Ellie the lawyer .	* lawyer ( x _ 1 ) ; cat ( x _ 0 ) AND tolerate . agent ( x _ 2 , x _ 0 ) AND tolerate . theme ( x _ 2 , Emma ) AND tolerate . agent ( x _ 3 , Ellie ) AND tolerate . theme ( x _ 3 , x _ 1 )	elips_gapping_gen
A girl touched Emma and Joshua Elizabeth .	girl ( x _ 0 ) AND touch . agent ( x _ 1 , x _ 0 ) AND touch . theme ( x _ 1 , Emma ) AND touch . agent ( x _ 2 , Joshua ) AND touch . theme ( x _ 2 , Elizabeth )	elips_gapping_gen
The king packed the passenger and Lily the girl .	* king ( x _ 0 ) ; * passenger ( x _ 1 ) ; * girl ( x _ 2 ) ; pack . agent ( x _ 3 , x _ 0 ) AND pack . theme ( x _ 3 , x _ 1 ) AND pack . agent ( x _ 4 , Lily ) AND pack . theme ( x _ 4 , x _ 2 )	elips_gapping_gen
Benjamin threw Emma and the girl Olivia .	* girl ( x _ 0 ) ; throw . agent ( x _ 1 , Benjamin ) AND throw . theme ( x _ 1 , Emma ) AND throw . agent ( x _ 2 , x _ 0 ) AND throw . theme ( x _ 2 , Olivia )	elips_gapping_gen
Liam called the girl and a king the researcher .	* girl ( x _ 0 ) ; * researcher ( x _ 2 ) ; king ( x _ 1 ) AND call . agent ( x _ 3 , Liam ) AND call . theme ( x _ 3 , x _ 0 ) AND call . agent ( x _ 4 , x _ 1 ) AND call . theme ( x _ 4 , x _ 2 )	elips_gapping_gen
Noah saw Oliver and Emma the girl .	* girl ( x _ 0 ) ; see . agent ( x _ 1 , Noah ) AND see . theme ( x _ 1 , Oliver ) AND see . agent ( x _ 2 , Emma ) AND see . theme ( x _ 2 , x _ 0 )	elips_gapping_gen
The hero threw the girl and the boy Emma .	* hero ( x _ 0 ) ; * girl ( x _ 1 ) ; * boy ( x _ 2 ) ; throw . agent ( x _ 3 , x _ 0 ) AND throw . theme ( x _ 3 , x _ 1 ) AND throw . agent ( x _ 4 , x _ 2 ) AND throw . theme ( x _ 4 , Emma )	elips_gapping_gen
A soldier touched Ava and a cat Emma .	soldier ( x _ 0 ) AND cat ( x _ 1 ) AND touch . agent ( x _ 2 , x _ 0 ) AND touch . theme ( x _ 2 , Ava ) AND touch . agent ( x _ 3 , x _ 1 ) AND touch . theme ( x _ 3 , Emma )	elips_gapping_gen
Isabella called Elijah and a girl Luna .	girl ( x _ 0 ) AND call . agent ( x _ 1 , Isabella ) AND call . theme ( x _ 1 , Elijah ) AND call . agent ( x _ 2 , x _ 0 ) AND call . theme ( x _ 2 , Luna )	elips_gapping_gen
Emma threw Ella and Liam Ava .	throw . agent ( x _ 0 , Emma ) AND throw . theme ( x _ 0 , Ella ) AND throw . agent ( x _ 1 , Liam ) AND throw . theme ( x _ 1 , Ava )	elips_gapping_gen
The dog packed the boy and William a girl .	* dog ( x _ 0 ) ; * boy ( x _ 1 ) ; girl ( x _ 2 ) AND pack . agent ( x _ 3 , x _ 0 ) AND pack . theme ( x _ 3 , x _ 1 ) AND pack . agent ( x _ 4 , William ) AND pack . theme ( x _ 4 , x _ 2 )	elips_gapping_gen
Elijah called Oliver and the penguin a boy .	* penguin ( x _ 0 ) ; boy ( x _ 1 ) AND call . agent ( x _ 2 , Elijah ) AND call . theme ( x _ 2 , Oliver ) AND call . agent ( x _ 3 , x _ 0 ) AND call . theme ( x _ 3 , x _ 1 )	elips_gapping_gen
A girl heard a child and the boy a kid .	* boy ( x _ 2 ) ; girl ( x _ 0 ) AND child ( x _ 1 ) AND kid ( x _ 3 ) AND hear . agent ( x _ 4 , x _ 0 ) AND hear . theme ( x _ 4 , x _ 1 ) AND hear . agent ( x _ 5 , x _ 2 ) AND hear . theme ( x _ 5 , x _ 3 )	elips_gapping_gen
The girl threw the boy and Sebastian Liam .	* girl ( x _ 0 ) ; * boy ( x _ 1 ) ; throw . agent ( x _ 2 , x _ 0 ) AND throw . theme ( x _ 2 , x _ 1 ) AND throw . agent ( x _ 3 , Sebastian ) AND throw . theme ( x _ 3 , Liam )	elips_gapping_gen
The girl tossed Emma and Olivia the dog .	* girl ( x _ 0 ) ; * dog ( x _ 1 ) ; toss . agent ( x _ 2 , x _ 0 ) AND toss . theme ( x _ 2 , Emma ) AND toss . agent ( x _ 3 , Olivia ) AND toss . theme ( x _ 3 , x _ 1 )	elips_gapping_gen
Olivia heard Thomas and the girl a dog .	* girl ( x _ 0 ) ; dog ( x _ 1 ) AND hear . agent ( x _ 2 , Olivia ) AND hear . theme ( x _ 2 , Thomas ) AND hear . agent ( x _ 3 , x _ 0 ) AND hear . theme ( x _ 3 , x _ 1 )	elips_gapping_gen
Emma called a monkey and the mouse a princess .	* mouse ( x _ 1 ) ; monkey ( x _ 0 ) AND princess ( x _ 2 ) AND call . agent ( x _ 3 , Emma ) AND call . theme ( x _ 3 , x _ 0 ) AND call . agent ( x _ 4 , x _ 1 ) AND call . theme ( x _ 4 , x _ 2 )	elips_gapping_gen
Noah tolerated Emma and the child Olivia .	* child ( x _ 0 ) ; tolerate . agent ( x _ 1 , Noah ) AND tolerate . theme ( x _ 1 , Emma ) AND tolerate . agent ( x _ 2 , x _ 0 ) AND tolerate . theme ( x _ 2 , Olivia )	elips_gapping_gen
Isabella pierced the dog and a boy Lucas .	* dog ( x _ 0 ) ; boy ( x _ 1 ) AND pierce . agent ( x _ 2 , Isabella ) AND pierce . theme ( x _ 2 , x _ 0 ) AND pierce . agent ( x _ 3 , x _ 1 ) AND pierce . theme ( x _ 3 , Lucas )	elips_gapping_gen
James tolerated a girl and Abigail Nathan .	girl ( x _ 0 ) AND tolerate . agent ( x _ 1 , James ) AND tolerate . theme ( x _ 1 , x _ 0 ) AND tolerate . agent ( x _ 2 , Abigail ) AND tolerate . theme ( x _ 2 , Nathan )	elips_gapping_gen
A cow threw Emma and Benjamin Thomas .	cow ( x _ 0 ) AND throw . agent ( x _ 1 , x _ 0 ) AND throw . theme ( x _ 1 , Emma ) AND throw . agent ( x _ 2 , Benjamin ) AND throw . theme ( x _ 2 , Thomas )	elips_gapping_gen
A king studied the girl and Emma the boy .	* girl ( x _ 1 ) ; * boy ( x _ 2 ) ; king ( x _ 0 ) AND study . agent ( x _ 3 , x _ 0 ) AND study . theme ( x _ 3 , x _ 1 ) AND study . agent ( x _ 4 , Emma ) AND study . theme ( x _ 4 , x _ 2 )	elips_gapping_gen
Chloe heard William and Emma the girl .	* girl ( x _ 0 ) ; hear . agent ( x _ 1 , Chloe ) AND hear . theme ( x _ 1 , William ) AND hear . agent ( x _ 2 , Emma ) AND hear . theme ( x _ 2 , x _ 0 )	elips_gapping_gen
A girl worshipped the bear and a boy Mila .	* bear ( x _ 1 ) ; girl ( x _ 0 ) AND boy ( x _ 2 ) AND worship . agent ( x _ 3 , x _ 0 ) AND worship . theme ( x _ 3 , x _ 1 ) AND worship . agent ( x _ 4 , x _ 2 ) AND worship . theme ( x _ 4 , Mila )	elips_gapping_gen
Liam tolerated a passenger and Olivia a mouse .	passenger ( x _ 0 ) AND mouse ( x _ 1 ) AND tolerate . agent ( x _ 2 , Liam ) AND tolerate . theme ( x _ 2 , x _ 0 ) AND tolerate . agent ( x _ 3 , Olivia ) AND tolerate . theme ( x _ 3 , x _ 1 )	elips_gapping_gen
The pony saw Stella and a dog Emma .	* pony ( x _ 0 ) ; dog ( x _ 1 ) AND see . agent ( x _ 2 , x _ 0 ) AND see . theme ( x _ 2 , Stella ) AND see . agent ( x _ 3 , x _ 1 ) AND see . theme ( x _ 3 , Emma )	elips_gapping_gen
Mason saw Emma and a teacher a girl .	teacher ( x _ 0 ) AND girl ( x _ 1 ) AND see . agent ( x _ 2 , Mason ) AND see . theme ( x _ 2 , Emma ) AND see . agent ( x _ 3 , x _ 0 ) AND see . theme ( x _ 3 , x _ 1 )	elips_gapping_gen
A girl worshipped the child and Olivia the priest .	* child ( x _ 1 ) ; * priest ( x _ 2 ) ; girl ( x _ 0 ) AND worship . agent ( x _ 3 , x _ 0 ) AND worship . theme ( x _ 3 , x _ 1 ) AND worship . agent ( x _ 4 , Olivia ) AND worship . theme ( x _ 4 , x _ 2 )	elips_gapping_gen
Dylan examined the resident and Mia Liam .	* resident ( x _ 0 ) ; examine . agent ( x _ 1 , Dylan ) AND examine . theme ( x _ 1 , x _ 0 ) AND examine . agent ( x _ 2 , Mia ) AND examine . theme ( x _ 2 , Liam )	elips_gapping_gen
The cat saw a chief and a girl Liam .	* cat ( x _ 0 ) ; chief ( x _ 1 ) AND girl ( x _ 2 ) AND see . agent ( x _ 3 , x _ 0 ) AND see . theme ( x _ 3 , x _ 1 ) AND see . agent ( x _ 4 , x _ 2 ) AND see . theme ( x _ 4 , Liam )	elips_gapping_gen
The boy investigated the lion and a cat Emma .	* boy ( x _ 0 ) ; * lion ( x _ 1 ) ; cat ( x _ 2 ) AND investigate . agent ( x _ 3 , x _ 0 ) AND investigate . theme ( x _ 3 , x _ 1 ) AND investigate . agent ( x _ 4 , x _ 2 ) AND investigate . theme ( x _ 4 , Emma )	elips_gapping_gen
The girl tolerated the dog and Emma a princess .	* girl ( x _ 0 ) ; * dog ( x _ 1 ) ; princess ( x _ 2 ) AND tolerate . agent ( x _ 3 , x _ 0 ) AND tolerate . theme ( x _ 3 , x _ 1 ) AND tolerate . agent ( x _ 4 , Emma ) AND tolerate . theme ( x _ 4 , x _ 2 )	elips_gapping_gen
Liam threw a boy and Olivia the girl .	* girl ( x _ 1 ) ; boy ( x _ 0 ) AND throw . agent ( x _ 2 , Liam ) AND throw . theme ( x _ 2 , x _ 0 ) AND throw . agent ( x _ 3 , Olivia ) AND throw . theme ( x _ 3 , x _ 1 )	elips_gapping_gen
Owen called Liam and the girl Emma .	* girl ( x _ 0 ) ; call . agent ( x _ 1 , Owen ) AND call . theme ( x _ 1 , Liam ) AND call . agent ( x _ 2 , x _ 0 ) AND call . theme ( x _ 2 , Emma )	elips_gapping_gen
Olivia stabbed a mouse and a girl a giraffe .	mouse ( x _ 0 ) AND girl ( x _ 1 ) AND giraffe ( x _ 2 ) AND stab . agent ( x _ 3 , Olivia ) AND stab . theme ( x _ 3 , x _ 0 ) AND stab . agent ( x _ 4 , x _ 1 ) AND stab . theme ( x _ 4 , x _ 2 )	elips_gapping_gen
A professor valued Aria and Mason a frog .	professor ( x _ 0 ) AND frog ( x _ 1 ) AND value . agent ( x _ 2 , x _ 0 ) AND value . theme ( x _ 2 , Aria ) AND value . agent ( x _ 3 , Mason ) AND value . theme ( x _ 3 , x _ 1 )	elips_gapping_gen
The pupil saw Liam and Abigail Emma .	* pupil ( x _ 0 ) ; see . agent ( x _ 1 , x _ 0 ) AND see . theme ( x _ 1 , Liam ) AND see . agent ( x _ 2 , Abigail ) AND see . theme ( x _ 2 , Emma )	elips_gapping_gen
Dylan threw Logan and Emma Penelope .	throw . agent ( x _ 0 , Dylan ) AND throw . theme ( x _ 0 , Logan ) AND throw . agent ( x _ 1 , Emma ) AND throw . theme ( x _ 1 , Penelope )	elips_gapping_gen
A guest held Emma and the patient Charlotte .	* patient ( x _ 1 ) ; guest ( x _ 0 ) AND hold . agent ( x _ 2 , x _ 0 ) AND hold . theme ( x _ 2 , Emma ) AND hold . agent ( x _ 3 , x _ 1 ) AND hold . theme ( x _ 3 , Charlotte )	elips_gapping_gen
Liam packed Olivia and a girl Emma .	girl ( x _ 0 ) AND pack . agent ( x _ 1 , Liam ) AND pack . theme ( x _ 1 , Olivia ) AND pack . agent ( x _ 2 , x _ 0 ) AND pack . theme ( x _ 2 , Emma )	elips_gapping_gen
Elijah threw Liam and a lawyer Owen .	lawyer ( x _ 0 ) AND throw . agent ( x _ 1 , Elijah ) AND throw . theme ( x _ 1 , Liam ) AND throw . agent ( x _ 2 , x _ 0 ) AND throw . theme ( x _ 2 , Owen )	elips_gapping_gen
Evelyn stabbed Emma and Sophia the girl .	* girl ( x _ 0 ) ; stab . agent ( x _ 1 , Evelyn ) AND stab . theme ( x _ 1 , Emma ) AND stab . agent ( x _ 2 , Sophia ) AND stab . theme ( x _ 2 , x _ 0 )	elips_gapping_gen
Emma saw the boy and a cat a bee .	* boy ( x _ 0 ) ; cat ( x _ 1 ) AND bee ( x _ 2 ) AND see . agent ( x _ 3 , Emma ) AND see . theme ( x _ 3 , x _ 0 ) AND see . agent ( x _ 4 , x _ 1 ) AND see . theme ( x _ 4 , x _ 2 )	elips_gapping_gen
A cat touched the father and Emma a girl .	* father ( x _ 1 ) ; cat ( x _ 0 ) AND girl ( x _ 2 ) AND touch . agent ( x _ 3 , x _ 0 ) AND touch . theme ( x _ 3 , x _ 1 ) AND touch . agent ( x _ 4 , Emma ) AND touch . theme ( x _ 4 , x _ 2 )	elips_gapping_gen
Ava called Mia and Emma the girl .	* girl ( x _ 0 ) ; call . agent ( x _ 1 , Ava ) AND call . theme ( x _ 1 , Mia ) AND call . agent ( x _ 2 , Emma ) AND call . theme ( x _ 2 , x _ 0 )	elips_gapping_gen
Michael threw a cat and a baby Mia .	cat ( x _ 0 ) AND baby ( x _ 1 ) AND throw . agent ( x _ 2 , Michael ) AND throw . theme ( x _ 2 , x _ 0 ) AND throw . agent ( x _ 3 , x _ 1 ) AND throw . theme ( x _ 3 , Mia )	elips_gapping_gen
William called Liam and Emma Olivia .	call . agent ( x _ 0 , William ) AND call . theme ( x _ 0 , Liam ) AND call . agent ( x _ 1 , Emma ) AND call . theme ( x _ 1 , Olivia )	elips_gapping_gen
A frog discovered a girl and Amelia Layla .	frog ( x _ 0 ) AND girl ( x _ 1 ) AND discover . agent ( x _ 2 , x _ 0 ) AND discover . theme ( x _ 2 , x _ 1 ) AND discover . agent ( x _ 3 , Amelia ) AND discover . theme ( x _ 3 , Layla )	elips_gapping_gen
Liam held a dog and Avery the cat .	* cat ( x _ 1 ) ; dog ( x _ 0 ) AND hold . agent ( x _ 2 , Liam ) AND hold . theme ( x _ 2 , x _ 0 ) AND hold . agent ( x _ 3 , Avery ) AND hold . theme ( x _ 3 , x _ 1 )	elips_gapping_gen
Ella called Olivia and Evelyn a baby .	baby ( x _ 0 ) AND call . agent ( x _ 1 , Ella ) AND call . theme ( x _ 1 , Olivia ) AND call . agent ( x _ 2 , Evelyn ) AND call . theme ( x _ 2 , x _ 0 )	elips_gapping_gen
The duck heard Lucas and the professor Liam .	* duck ( x _ 0 ) ; * professor ( x _ 1 ) ; hear . agent ( x _ 2 , x _ 0 ) AND hear . theme ( x _ 2 , Lucas ) AND hear . agent ( x _ 3 , x _ 1 ) AND hear . theme ( x _ 3 , Liam )	elips_gapping_gen
Sophia discovered a producer and Michael Charlotte .	producer ( x _ 0 ) AND discover . agent ( x _ 1 , Sophia ) AND discover . theme ( x _ 1 , x _ 0 ) AND discover . agent ( x _ 2 , Michael ) AND discover . theme ( x _ 2 , Charlotte )	elips_gapping_gen
Liam studied Ava and Charlotte a dog .	dog ( x _ 0 ) AND study . agent ( x _ 1 , Liam ) AND study . theme ( x _ 1 , Ava ) AND study . agent ( x _ 2 , Charlotte ) AND study . theme ( x _ 2 , x _ 0 )	elips_gapping_gen
A child tolerated a butterfly and the politician the girl .	* politician ( x _ 2 ) ; * girl ( x _ 3 ) ; child ( x _ 0 ) AND butterfly ( x _ 1 ) AND tolerate . agent ( x _ 4 , x _ 0 ) AND tolerate . theme ( x _ 4 , x _ 1 ) AND tolerate . agent ( x _ 5 , x _ 2 ) AND tolerate . theme ( x _ 5 , x _ 3 )	elips_gapping_gen
A girl tossed Noah and Emma the chicken .	* chicken ( x _ 1 ) ; girl ( x _ 0 ) AND toss . agent ( x _ 2 , x _ 0 ) AND toss . theme ( x _ 2 , Noah ) AND toss . agent ( x _ 3 , Emma ) AND toss . theme ( x _ 3 , x _ 1 )	elips_gapping_gen
Anthony tossed a girl and Emma Amelia .	girl ( x _ 0 ) AND toss . agent ( x _ 1 , Anthony ) AND toss . theme ( x _ 1 , x _ 0 ) AND toss . agent ( x _ 2 , Emma ) AND toss . theme ( x _ 2 , Amelia )	elips_gapping_gen
A baby saw Liam and a lawyer a girl .	baby ( x _ 0 ) AND lawyer ( x _ 1 ) AND girl ( x _ 2 ) AND see . agent ( x _ 3 , x _ 0 ) AND see . theme ( x _ 3 , Liam ) AND see . agent ( x _ 4 , x _ 1 ) AND see . theme ( x _ 4 , x _ 2 )	elips_gapping_gen
A penguin called Emma and a customer a cat .	penguin ( x _ 0 ) AND customer ( x _ 1 ) AND cat ( x _ 2 ) AND call . agent ( x _ 3 , x _ 0 ) AND call . theme ( x _ 3 , Emma ) AND call . agent ( x _ 4 , x _ 1 ) AND call . theme ( x _ 4 , x _ 2 )	elips_gapping_gen
The cat valued Alexander and Noah the dog .	* cat ( x _ 0 ) ; * dog ( x _ 1 ) ; value . agent ( x _ 2 , x _ 0 ) AND value . theme ( x _ 2 , Alexander ) AND value . agent ( x _ 3 , Noah ) AND value . theme ( x _ 3 , x _ 1 )	elips_gapping_gen
Elizabeth threw the fly and the boy the frog .	* fly ( x _ 0 ) ; * boy ( x _ 1 ) ; * frog ( x _ 2 ) ; throw . agent ( x _ 3 , Elizabeth ) AND throw . theme ( x _ 3 , x _ 0 ) AND throw . agent ( x _ 4 , x _ 1 ) AND throw . theme ( x _ 4 , x _ 2 )	elips_gapping_gen
The girl observed the professor and a boy a prisoner .	* girl ( x _ 0 ) ; * professor ( x _ 1 ) ; boy ( x _ 2 ) AND prisoner ( x _ 3 ) AND observe . agent ( x _ 4 , x _ 0 ) AND observe . theme ( x _ 4 , x _ 1 ) AND observe . agent ( x _ 5 , x _ 2 ) AND observe . theme ( x _ 5 , x _ 3 )	elips_gapping_gen
The dog valued a child and a girl Liam .	* dog ( x _ 0 ) ; child ( x _ 1 ) AND girl ( x _ 2 ) AND value . agent ( x _ 3 , x _ 0 ) AND value . theme ( x _ 3 , x _ 1 ) AND value . agent ( x _ 4 , x _ 2 ) AND value . theme ( x _ 4 , Liam )	elips_gapping_gen
Emma saw Oliver and Wyatt the dog .	* dog ( x _ 0 ) ; see . agent ( x _ 1 , Emma ) AND see . theme ( x _ 1 , Oliver ) AND see . agent ( x _ 2 , Wyatt ) AND see . theme ( x _ 2 , x _ 0 )	elips_gapping_gen
Emma stabbed a girl and Olivia the tourist .	* tourist ( x _ 1 ) ; girl ( x _ 0 ) AND stab . agent ( x _ 2 , Emma ) AND stab . theme ( x _ 2 , x _ 0 ) AND stab . agent ( x _ 3 , Olivia ) AND stab . theme ( x _ 3 , x _ 1 )	elips_gapping_gen
Mia valued the cat and a bird Amelia .	* cat ( x _ 0 ) ; bird ( x _ 1 ) AND value . agent ( x _ 2 , Mia ) AND value . theme ( x _ 2 , x _ 0 ) AND value . agent ( x _ 3 , x _ 1 ) AND value . theme ( x _ 3 , Amelia )	elips_gapping_gen
Thomas valued a girl and Isabella Emma .	girl ( x _ 0 ) AND value . agent ( x _ 1 , Thomas ) AND value . theme ( x _ 1 , x _ 0 ) AND value . agent ( x _ 2 , Isabella ) AND value . theme ( x _ 2 , Emma )	elips_gapping_gen
A creature threw the boy and Noah a girl .	* boy ( x _ 1 ) ; creature ( x _ 0 ) AND girl ( x _ 2 ) AND throw . agent ( x _ 3 , x _ 0 ) AND throw . theme ( x _ 3 , x _ 1 ) AND throw . agent ( x _ 4 , Noah ) AND throw . theme ( x _ 4 , x _ 2 )	elips_gapping_gen
William threw a girl and Audrey Alexander .	girl ( x _ 0 ) AND throw . agent ( x _ 1 , William ) AND throw . theme ( x _ 1 , x _ 0 ) AND throw . agent ( x _ 2 , Audrey ) AND throw . theme ( x _ 2 , Alexander )	elips_gapping_gen
Carter tolerated the hero and the girl a teacher .	* hero ( x _ 0 ) ; * girl ( x _ 1 ) ; teacher ( x _ 2 ) AND tolerate . agent ( x _ 3 , Carter ) AND tolerate . theme ( x _ 3 , x _ 0 ) AND tolerate . agent ( x _ 4 , x _ 1 ) AND tolerate . theme ( x _ 4 , x _ 2 )	elips_gapping_gen
A chicken tolerated a horse and the boy the dog .	* boy ( x _ 2 ) ; * dog ( x _ 3 ) ; chicken ( x _ 0 ) AND horse ( x _ 1 ) AND tolerate . agent ( x _ 4 , x _ 0 ) AND tolerate . theme ( x _ 4 , x _ 1 ) AND tolerate . agent ( x _ 5 , x _ 2 ) AND tolerate . theme ( x _ 5 , x _ 3 )	elips_gapping_gen
Liam knew Christopher and Sophia the hen .	* hen ( x _ 0 ) ; know . agent ( x _ 1 , Liam ) AND know . theme ( x _ 1 , Christopher ) AND know . agent ( x _ 2 , Sophia ) AND know . theme ( x _ 2 , x _ 0 )	elips_gapping_gen
A monkey examined a girl and Emma a dog .	monkey ( x _ 0 ) AND girl ( x _ 1 ) AND dog ( x _ 2 ) AND examine . agent ( x _ 3 , x _ 0 ) AND examine . theme ( x _ 3 , x _ 1 ) AND examine . agent ( x _ 4 , Emma ) AND examine . theme ( x _ 4 , x _ 2 )	elips_gapping_gen
A baby threw a creature and the girl the director .	* girl ( x _ 2 ) ; * director ( x _ 3 ) ; baby ( x _ 0 ) AND creature ( x _ 1 ) AND throw . agent ( x _ 4 , x _ 0 ) AND throw . theme ( x _ 4 , x _ 1 ) AND throw . agent ( x _ 5 , x _ 2 ) AND throw . theme ( x _ 5 , x _ 3 )	elips_gapping_gen
Ava threw the butterfly and Amelia a cat .	* butterfly ( x _ 0 ) ; cat ( x _ 1 ) AND throw . agent ( x _ 2 , Ava ) AND throw . theme ( x _ 2 , x _ 0 ) AND throw . agent ( x _ 3 , Amelia ) AND throw . theme ( x _ 3 , x _ 1 )	elips_gapping_gen
A boy noticed Olivia and the horse a dog .	* horse ( x _ 1 ) ; boy ( x _ 0 ) AND dog ( x _ 2 ) AND notice . agent ( x _ 3 , x _ 0 ) AND notice . theme ( x _ 3 , Olivia ) AND notice . agent ( x _ 4 , x _ 1 ) AND notice . theme ( x _ 4 , x _ 2 )	elips_gapping_gen
A cow threw a manager and Olivia a girl .	cow ( x _ 0 ) AND manager ( x _ 1 ) AND girl ( x _ 2 ) AND throw . agent ( x _ 3 , x _ 0 ) AND throw . theme ( x _ 3 , x _ 1 ) AND throw . agent ( x _ 4 , Olivia ) AND throw . theme ( x _ 4 , x _ 2 )	elips_gapping_gen
Ava examined the girl and Alexander Emma .	* girl ( x _ 0 ) ; examine . agent ( x _ 1 , Ava ) AND examine . theme ( x _ 1 , x _ 0 ) AND examine . agent ( x _ 2 , Alexander ) AND examine . theme ( x _ 2 , Emma )	elips_gapping_gen
A cat pierced the girl and Olivia Liam .	* girl ( x _ 1 ) ; cat ( x _ 0 ) AND pierce . agent ( x _ 2 , x _ 0 ) AND pierce . theme ( x _ 2 , x _ 1 ) AND pierce . agent ( x _ 3 , Olivia ) AND pierce . theme ( x _ 3 , Liam )	elips_gapping_gen
A baby studied a girl and a deer the puppy .	* puppy ( x _ 3 ) ; baby ( x _ 0 ) AND girl ( x _ 1 ) AND deer ( x _ 2 ) AND study . agent ( x _ 4 , x _ 0 ) AND study . theme ( x _ 4 , x _ 1 ) AND study . agent ( x _ 5 , x _ 2 ) AND study . theme ( x _ 5 , x _ 3 )	elips_gapping_gen
Sophia heard the girl and the tourist the boy .	* girl ( x _ 0 ) ; * tourist ( x _ 1 ) ; * boy ( x _ 2 ) ; hear . agent ( x _ 3 , Sophia ) AND hear . theme ( x _ 3 , x _ 0 ) AND hear . agent ( x _ 4 , x _ 1 ) AND hear . theme ( x _ 4 , x _ 2 )	elips_gapping_gen
A tiger noticed a girl and William the resident .	* resident ( x _ 2 ) ; tiger ( x _ 0 ) AND girl ( x _ 1 ) AND notice . agent ( x _ 3 , x _ 0 ) AND notice . theme ( x _ 3 , x _ 1 ) AND notice . agent ( x _ 4 , William ) AND notice . theme ( x _ 4 , x _ 2 )	elips_gapping_gen
A baby valued Liam and the monkey Claire .	* monkey ( x _ 1 ) ; baby ( x _ 0 ) AND value . agent ( x _ 2 , x _ 0 ) AND value . theme ( x _ 2 , Liam ) AND value . agent ( x _ 3 , x _ 1 ) AND value . theme ( x _ 3 , Claire )	elips_gapping_gen
Liam stabbed Ava and William the monkey .	* monkey ( x _ 0 ) ; stab . agent ( x _ 1 , Liam ) AND stab . theme ( x _ 1 , Ava ) AND stab . agent ( x _ 2 , William ) AND stab . theme ( x _ 2 , x _ 0 )	elips_gapping_gen
Liam called Emma and a lion the boy .	* boy ( x _ 1 ) ; lion ( x _ 0 ) AND call . agent ( x _ 2 , Liam ) AND call . theme ( x _ 2 , Emma ) AND call . agent ( x _ 3 , x _ 0 ) AND call . theme ( x _ 3 , x _ 1 )	elips_gapping_gen
The lion valued a bear and a girl Emma .	* lion ( x _ 0 ) ; bear ( x _ 1 ) AND girl ( x _ 2 ) AND value . agent ( x _ 3 , x _ 0 ) AND value . theme ( x _ 3 , x _ 1 ) AND value . agent ( x _ 4 , x _ 2 ) AND value . theme ( x _ 4 , Emma )	elips_gapping_gen
The dog heard a guest and Liam Olivia .	* dog ( x _ 0 ) ; guest ( x _ 1 ) AND hear . agent ( x _ 2 , x _ 0 ) AND hear . theme ( x _ 2 , x _ 1 ) AND hear . agent ( x _ 3 , Liam ) AND hear . theme ( x _ 3 , Olivia )	elips_gapping_gen
A driver examined the boy and Avery a patient .	* boy ( x _ 1 ) ; driver ( x _ 0 ) AND patient ( x _ 2 ) AND examine . agent ( x _ 3 , x _ 0 ) AND examine . theme ( x _ 3 , x _ 1 ) AND examine . agent ( x _ 4 , Avery ) AND examine . theme ( x _ 4 , x _ 2 )	elips_gapping_gen
Emma called the pig and Jacob the producer .	* pig ( x _ 0 ) ; * producer ( x _ 1 ) ; call . agent ( x _ 2 , Emma ) AND call . theme ( x _ 2 , x _ 0 ) AND call . agent ( x _ 3 , Jacob ) AND call . theme ( x _ 3 , x _ 1 )	elips_gapping_gen
Emma pierced the girl and Luna the bear .	* girl ( x _ 0 ) ; * bear ( x _ 1 ) ; pierce . agent ( x _ 2 , Emma ) AND pierce . theme ( x _ 2 , x _ 0 ) AND pierce . agent ( x _ 3 , Luna ) AND pierce . theme ( x _ 3 , x _ 1 )	elips_gapping_gen
The dog tolerated the girl and the monkey Noah .	* dog ( x _ 0 ) ; * girl ( x _ 1 ) ; * monkey ( x _ 2 ) ; tolerate . agent ( x _ 3 , x _ 0 ) AND tolerate . theme ( x _ 3 , x _ 1 ) AND tolerate . agent ( x _ 4 , x _ 2 ) AND tolerate . theme ( x _ 4 , Noah )	elips_gapping_gen
Liam heard Hazel and Amelia the boy .	* boy ( x _ 0 ) ; hear . agent ( x _ 1 , Liam ) AND hear . theme ( x _ 1 , Hazel ) AND hear . agent ( x _ 2 , Amelia ) AND hear . theme ( x _ 2 , x _ 0 )	elips_gapping_gen
A friend called Emma and a girl the fish .	* fish ( x _ 2 ) ; friend ( x _ 0 ) AND girl ( x _ 1 ) AND call . agent ( x _ 3 , x _ 0 ) AND call . theme ( x _ 3 , Emma ) AND call . agent ( x _ 4 , x _ 1 ) AND call . theme ( x _ 4 , x _ 2 )	elips_gapping_gen
Mia investigated the dog and Oliver the butterfly .	* dog ( x _ 0 ) ; * butterfly ( x _ 1 ) ; investigate . agent ( x _ 2 , Mia ) AND investigate . theme ( x _ 2 , x _ 0 ) AND investigate . agent ( x _ 3 , Oliver ) AND investigate . theme ( x _ 3 , x _ 1 )	elips_gapping_gen
The girl called a cat and a student a director .	* girl ( x _ 0 ) ; cat ( x _ 1 ) AND student ( x _ 2 ) AND director ( x _ 3 ) AND call . agent ( x _ 4 , x _ 0 ) AND call . theme ( x _ 4 , x _ 1 ) AND call . agent ( x _ 5 , x _ 2 ) AND call . theme ( x _ 5 , x _ 3 )	elips_gapping_gen
A boy called Emma and the lamb the monkey .	* lamb ( x _ 1 ) ; * monkey ( x _ 2 ) ; boy ( x _ 0 ) AND call . agent ( x _ 3 , x _ 0 ) AND call . theme ( x _ 3 , Emma ) AND call . agent ( x _ 4 , x _ 1 ) AND call . theme ( x _ 4 , x _ 2 )	elips_gapping_gen
Madison saw Emma and the guest the farmer .	* guest ( x _ 0 ) ; * farmer ( x _ 1 ) ; see . agent ( x _ 2 , Madison ) AND see . theme ( x _ 2 , Emma ) AND see . agent ( x _ 3 , x _ 0 ) AND see . theme ( x _ 3 , x _ 1 )	elips_gapping_gen
Aria stabbed James and a girl Levi .	girl ( x _ 0 ) AND stab . agent ( x _ 1 , Aria ) AND stab . theme ( x _ 1 , James ) AND stab . agent ( x _ 2 , x _ 0 ) AND stab . theme ( x _ 2 , Levi )	elips_gapping_gen
The wolf worshipped the girl and a bear Emma .	* wolf ( x _ 0 ) ; * girl ( x _ 1 ) ; bear ( x _ 2 ) AND worship . agent ( x _ 3 , x _ 0 ) AND worship . theme ( x _ 3 , x _ 1 ) AND worship . agent ( x _ 4 , x _ 2 ) AND worship . theme ( x _ 4 , Emma )	elips_gapping_gen
Amelia called Zoey and the cat the girl .	* cat ( x _ 0 ) ; * girl ( x _ 1 ) ; call . agent ( x _ 2 , Amelia ) AND call . theme ( x _ 2 , Zoey ) AND call . agent ( x _ 3 , x _ 0 ) AND call . theme ( x _ 3 , x _ 1 )	elips_gapping_gen
John threw Madison and a cat Olivia .	cat ( x _ 0 ) AND throw . agent ( x _ 1 , John ) AND throw . theme ( x _ 1 , Madison ) AND throw . agent ( x _ 2 , x _ 0 ) AND throw . theme ( x _ 2 , Olivia )	elips_gapping_gen
A boy examined the lion and Ella a lawyer .	* lion ( x _ 1 ) ; boy ( x _ 0 ) AND lawyer ( x _ 2 ) AND examine . agent ( x _ 3 , x _ 0 ) AND examine . theme ( x _ 3 , x _ 1 ) AND examine . agent ( x _ 4 , Ella ) AND examine . theme ( x _ 4 , x _ 2 )	elips_gapping_gen
William threw Ava and a boy Liam .	boy ( x _ 0 ) AND throw . agent ( x _ 1 , William ) AND throw . theme ( x _ 1 , Ava ) AND throw . agent ( x _ 2 , x _ 0 ) AND throw . theme ( x _ 2 , Liam )	elips_gapping_gen
The cat touched Noah and a child a girl .	* cat ( x _ 0 ) ; child ( x _ 1 ) AND girl ( x _ 2 ) AND touch . agent ( x _ 3 , x _ 0 ) AND touch . theme ( x _ 3 , Noah ) AND touch . agent ( x _ 4 , x _ 1 ) AND touch . theme ( x _ 4 , x _ 2 )	elips_gapping_gen
A bunny valued Camila and Noah Emma .	bunny ( x _ 0 ) AND value . agent ( x _ 1 , x _ 0 ) AND value . theme ( x _ 1 , Camila ) AND value . agent ( x _ 2 , Noah ) AND value . theme ( x _ 2 , Emma )	elips_gapping_gen
The girl threw the horse and Emma a champion .	* girl ( x _ 0 ) ; * horse ( x _ 1 ) ; champion ( x _ 2 ) AND throw . agent ( x _ 3 , x _ 0 ) AND throw . theme ( x _ 3 , x _ 1 ) AND throw . agent ( x _ 4 , Emma ) AND throw . theme ( x _ 4 , x _ 2 )	elips_gapping_gen
Liam discovered Emma and Noah a boy .	boy ( x _ 0 ) AND discover . agent ( x _ 1 , Liam ) AND discover . theme ( x _ 1 , Emma ) AND discover . agent ( x _ 2 , Noah ) AND discover . theme ( x _ 2 , x _ 0 )	elips_gapping_gen
Olivia studied Ellie and Oliver the chicken .	* chicken ( x _ 0 ) ; study . agent ( x _ 1 , Olivia ) AND study . theme ( x _ 1 , Ellie ) AND study . agent ( x _ 2 , Oliver ) AND study . theme ( x _ 2 , x _ 0 )	elips_gapping_gen
The boy called a bunny and the pig Liam .	* boy ( x _ 0 ) ; * pig ( x _ 2 ) ; bunny ( x _ 1 ) AND call . agent ( x _ 3 , x _ 0 ) AND call . theme ( x _ 3 , x _ 1 ) AND call . agent ( x _ 4 , x _ 2 ) AND call . theme ( x _ 4 , Liam )	elips_gapping_gen
Abigail saw the boy and Ava Elijah .	* boy ( x _ 0 ) ; see . agent ( x _ 1 , Abigail ) AND see . theme ( x _ 1 , x _ 0 ) AND see . agent ( x _ 2 , Ava ) AND see . theme ( x _ 2 , Elijah )	elips_gapping_gen
Aubrey touched a chicken and Liam Emma .	chicken ( x _ 0 ) AND touch . agent ( x _ 1 , Aubrey ) AND touch . theme ( x _ 1 , x _ 0 ) AND touch . agent ( x _ 2 , Liam ) AND touch . theme ( x _ 2 , Emma )	elips_gapping_gen
Emma saw the girl and Jacob a chicken .	* girl ( x _ 0 ) ; chicken ( x _ 1 ) AND see . agent ( x _ 2 , Emma ) AND see . theme ( x _ 2 , x _ 0 ) AND see . agent ( x _ 3 , Jacob ) AND see . theme ( x _ 3 , x _ 1 )	elips_gapping_gen
A monster packed Avery and Emma Liam .	monster ( x _ 0 ) AND pack . agent ( x _ 1 , x _ 0 ) AND pack . theme ( x _ 1 , Avery ) AND pack . agent ( x _ 2 , Emma ) AND pack . theme ( x _ 2 , Liam )	elips_gapping_gen
Liam called the boy and Emma Olivia .	* boy ( x _ 0 ) ; call . agent ( x _ 1 , Liam ) AND call . theme ( x _ 1 , x _ 0 ) AND call . agent ( x _ 2 , Emma ) AND call . theme ( x _ 2 , Olivia )	elips_gapping_gen
Emma packed Olivia and Liam Noah .	pack . agent ( x _ 0 , Emma ) AND pack . theme ( x _ 0 , Olivia ) AND pack . agent ( x _ 1 , Liam ) AND pack . theme ( x _ 1 , Noah )	elips_gapping_gen
A teacher called a frog and Lucas Emma .	teacher ( x _ 0 ) AND frog ( x _ 1 ) AND call . agent ( x _ 2 , x _ 0 ) AND call . theme ( x _ 2 , x _ 1 ) AND call . agent ( x _ 3 , Lucas ) AND call . theme ( x _ 3 , Emma )	elips_gapping_gen
Olivia held a cat and the dog a girl .	* dog ( x _ 1 ) ; cat ( x _ 0 ) AND girl ( x _ 2 ) AND hold . agent ( x _ 3 , Olivia ) AND hold . theme ( x _ 3 , x _ 0 ) AND hold . agent ( x _ 4 , x _ 1 ) AND hold . theme ( x _ 4 , x _ 2 )	elips_gapping_gen
A girl tossed Liam and Emma Charlotte .	girl ( x _ 0 ) AND toss . agent ( x _ 1 , x _ 0 ) AND toss . theme ( x _ 1 , Liam ) AND toss . agent ( x _ 2 , Emma ) AND toss . theme ( x _ 2 , Charlotte )	elips_gapping_gen
A girl saw Emily and the boy the dog .	* boy ( x _ 1 ) ; * dog ( x _ 2 ) ; girl ( x _ 0 ) AND see . agent ( x _ 3 , x _ 0 ) AND see . theme ( x _ 3 , Emily ) AND see . agent ( x _ 4 , x _ 1 ) AND see . theme ( x _ 4 , x _ 2 )	elips_gapping_gen
William called Emma and a pupil the turtle .	* turtle ( x _ 1 ) ; pupil ( x _ 0 ) AND call . agent ( x _ 2 , William ) AND call . theme ( x _ 2 , Emma ) AND call . agent ( x _ 3 , x _ 0 ) AND call . theme ( x _ 3 , x _ 1 )	elips_gapping_gen
The hero tolerated Emma and Liam Olivia .	* hero ( x _ 0 ) ; tolerate . agent ( x _ 1 , x _ 0 ) AND tolerate . theme ( x _ 1 , Emma ) AND tolerate . agent ( x _ 2 , Liam ) AND tolerate . theme ( x _ 2 , Olivia )	elips_gapping_gen
Grayson discovered Emma and the boy the girl .	* boy ( x _ 0 ) ; * girl ( x _ 1 ) ; discover . agent ( x _ 2 , Grayson ) AND discover . theme ( x _ 2 , Emma ) AND discover . agent ( x _ 3 , x _ 0 ) AND discover . theme ( x _ 3 , x _ 1 )	elips_gapping_gen
The cat threw Liam and the boy a girl .	* cat ( x _ 0 ) ; * boy ( x _ 1 ) ; girl ( x _ 2 ) AND throw . agent ( x _ 3 , x _ 0 ) AND throw . theme ( x _ 3 , Liam ) AND throw . agent ( x _ 4 , x _ 1 ) AND throw . theme ( x _ 4 , x _ 2 )	elips_gapping_gen
A girl valued a kitty and Emma Liam .	girl ( x _ 0 ) AND kitty ( x _ 1 ) AND value . agent ( x _ 2 , x _ 0 ) AND value . theme ( x _ 2 , x _ 1 ) AND value . agent ( x _ 3 , Emma ) AND value . theme ( x _ 3 , Liam )	elips_gapping_gen
Benjamin threw Emma and Ava the baby .	* baby ( x _ 0 ) ; throw . agent ( x _ 1 , Benjamin ) AND throw . theme ( x _ 1 , Emma ) AND throw . agent ( x _ 2 , Ava ) AND throw . theme ( x _ 2 , x _ 0 )	elips_gapping_gen
A boy threw the crocodile and Olivia Emma .	* crocodile ( x _ 1 ) ; boy ( x _ 0 ) AND throw . agent ( x _ 2 , x _ 0 ) AND throw . theme ( x _ 2 , x _ 1 ) AND throw . agent ( x _ 3 , Olivia ) AND throw . theme ( x _ 3 , Emma )	elips_gapping_gen
Liam observed Lucas and a governor the wolf .	* wolf ( x _ 1 ) ; governor ( x _ 0 ) AND observe . agent ( x _ 2 , Liam ) AND observe . theme ( x _ 2 , Lucas ) AND observe . agent ( x _ 3 , x _ 0 ) AND observe . theme ( x _ 3 , x _ 1 )	elips_gapping_gen
The tenant tolerated a cat and Emma Ava .	* tenant ( x _ 0 ) ; cat ( x _ 1 ) AND tolerate . agent ( x _ 2 , x _ 0 ) AND tolerate . theme ( x _ 2 , x _ 1 ) AND tolerate . agent ( x _ 3 , Emma ) AND tolerate . theme ( x _ 3 , Ava )	elips_gapping_gen
A chicken threw Emma and Isabella a teacher .	chicken ( x _ 0 ) AND teacher ( x _ 1 ) AND throw . agent ( x _ 2 , x _ 0 ) AND throw . theme ( x _ 2 , Emma ) AND throw . agent ( x _ 3 , Isabella ) AND throw . theme ( x _ 3 , x _ 1 )	elips_gapping_gen
A penguin threw a girl and Isabella a dog .	penguin ( x _ 0 ) AND girl ( x _ 1 ) AND dog ( x _ 2 ) AND throw . agent ( x _ 3 , x _ 0 ) AND throw . theme ( x _ 3 , x _ 1 ) AND throw . agent ( x _ 4 , Isabella ) AND throw . theme ( x _ 4 , x _ 2 )	elips_gapping_gen
A wolf tolerated a duck and a farmer the girl .	* girl ( x _ 3 ) ; wolf ( x _ 0 ) AND duck ( x _ 1 ) AND farmer ( x _ 2 ) AND tolerate . agent ( x _ 4 , x _ 0 ) AND tolerate . theme ( x _ 4 , x _ 1 ) AND tolerate . agent ( x _ 5 , x _ 2 ) AND tolerate . theme ( x _ 5 , x _ 3 )	elips_gapping_gen
William worshipped the duke and Emma the crocodile .	* duke ( x _ 0 ) ; * crocodile ( x _ 1 ) ; worship . agent ( x _ 2 , William ) AND worship . theme ( x _ 2 , x _ 0 ) AND worship . agent ( x _ 3 , Emma ) AND worship . theme ( x _ 3 , x _ 1 )	elips_gapping_gen
Liam packed a girl and Asher James .	girl ( x _ 0 ) AND pack . agent ( x _ 1 , Liam ) AND pack . theme ( x _ 1 , x _ 0 ) AND pack . agent ( x _ 2 , Asher ) AND pack . theme ( x _ 2 , James )	elips_gapping_gen
Emma threw a hero and Liam a girl .	hero ( x _ 0 ) AND girl ( x _ 1 ) AND throw . agent ( x _ 2 , Emma ) AND throw . theme ( x _ 2 , x _ 0 ) AND throw . agent ( x _ 3 , Liam ) AND throw . theme ( x _ 3 , x _ 1 )	elips_gapping_gen
Emma heard the dog and Olivia Sophia .	* dog ( x _ 0 ) ; hear . agent ( x _ 1 , Emma ) AND hear . theme ( x _ 1 , x _ 0 ) AND hear . agent ( x _ 2 , Olivia ) AND hear . theme ( x _ 2 , Sophia )	elips_gapping_gen
A girl noticed Oliver and Sophia Alexander .	girl ( x _ 0 ) AND notice . agent ( x _ 1 , x _ 0 ) AND notice . theme ( x _ 1 , Oliver ) AND notice . agent ( x _ 2 , Sophia ) AND notice . theme ( x _ 2 , Alexander )	elips_gapping_gen
Amelia called a cat and Emma the boy .	* boy ( x _ 1 ) ; cat ( x _ 0 ) AND call . agent ( x _ 2 , Amelia ) AND call . theme ( x _ 2 , x _ 0 ) AND call . agent ( x _ 3 , Emma ) AND call . theme ( x _ 3 , x _ 1 )	elips_gapping_gen
The scientist threw a creature and Emma the girl .	* scientist ( x _ 0 ) ; * girl ( x _ 2 ) ; creature ( x _ 1 ) AND throw . agent ( x _ 3 , x _ 0 ) AND throw . theme ( x _ 3 , x _ 1 ) AND throw . agent ( x _ 4 , Emma ) AND throw . theme ( x _ 4 , x _ 2 )	elips_gapping_gen
The girl called a boy and Olivia Emma .	* girl ( x _ 0 ) ; boy ( x _ 1 ) AND call . agent ( x _ 2 , x _ 0 ) AND call . theme ( x _ 2 , x _ 1 ) AND call . agent ( x _ 3 , Olivia ) AND call . theme ( x _ 3 , Emma )	elips_gapping_gen
The girl called Ellie and the cow Liam .	* girl ( x _ 0 ) ; * cow ( x _ 1 ) ; call . agent ( x _ 2 , x _ 0 ) AND call . theme ( x _ 2 , Ellie ) AND call . agent ( x _ 3 , x _ 1 ) AND call . theme ( x _ 3 , Liam )	elips_gapping_gen
A girl tolerated the boy and a deer William .	* boy ( x _ 1 ) ; girl ( x _ 0 ) AND deer ( x _ 2 ) AND tolerate . agent ( x _ 3 , x _ 0 ) AND tolerate . theme ( x _ 3 , x _ 1 ) AND tolerate . agent ( x _ 4 , x _ 2 ) AND tolerate . theme ( x _ 4 , William )	elips_gapping_gen
Audrey heard the journalist and a cat William .	* journalist ( x _ 0 ) ; cat ( x _ 1 ) AND hear . agent ( x _ 2 , Audrey ) AND hear . theme ( x _ 2 , x _ 0 ) AND hear . agent ( x _ 3 , x _ 1 ) AND hear . theme ( x _ 3 , William )	elips_gapping_gen
Emma packed Ava and a cat a dog .	cat ( x _ 0 ) AND dog ( x _ 1 ) AND pack . agent ( x _ 2 , Emma ) AND pack . theme ( x _ 2 , Ava ) AND pack . agent ( x _ 3 , x _ 0 ) AND pack . theme ( x _ 3 , x _ 1 )	elips_gapping_gen
Emma saw a dog and Aiden the girl .	* girl ( x _ 1 ) ; dog ( x _ 0 ) AND see . agent ( x _ 2 , Emma ) AND see . theme ( x _ 2 , x _ 0 ) AND see . agent ( x _ 3 , Aiden ) AND see . theme ( x _ 3 , x _ 1 )	elips_gapping_gen
A tiger packed Zoey and a girl a creature .	tiger ( x _ 0 ) AND girl ( x _ 1 ) AND creature ( x _ 2 ) AND pack . agent ( x _ 3 , x _ 0 ) AND pack . theme ( x _ 3 , Zoey ) AND pack . agent ( x _ 4 , x _ 1 ) AND pack . theme ( x _ 4 , x _ 2 )	elips_gapping_gen
Emma stabbed the boy and the girl the turtle .	* boy ( x _ 0 ) ; * girl ( x _ 1 ) ; * turtle ( x _ 2 ) ; stab . agent ( x _ 3 , Emma ) AND stab . theme ( x _ 3 , x _ 0 ) AND stab . agent ( x _ 4 , x _ 1 ) AND stab . theme ( x _ 4 , x _ 2 )	elips_gapping_gen
Luke touched Mason and Logan a girl .	girl ( x _ 0 ) AND touch . agent ( x _ 1 , Luke ) AND touch . theme ( x _ 1 , Mason ) AND touch . agent ( x _ 2 , Logan ) AND touch . theme ( x _ 2 , x _ 0 )	elips_gapping_gen
Ava knew Emma and the girl Elijah .	* girl ( x _ 0 ) ; know . agent ( x _ 1 , Ava ) AND know . theme ( x _ 1 , Emma ) AND know . agent ( x _ 2 , x _ 0 ) AND know . theme ( x _ 2 , Elijah )	elips_gapping_gen
The patient threw Olivia and the girl Ava .	* patient ( x _ 0 ) ; * girl ( x _ 1 ) ; throw . agent ( x _ 2 , x _ 0 ) AND throw . theme ( x _ 2 , Olivia ) AND throw . agent ( x _ 3 , x _ 1 ) AND throw . theme ( x _ 3 , Ava )	elips_gapping_gen
A cat saw Olivia and Amelia a boy .	cat ( x _ 0 ) AND boy ( x _ 1 ) AND see . agent ( x _ 2 , x _ 0 ) AND see . theme ( x _ 2 , Olivia ) AND see . agent ( x _ 3 , Amelia ) AND see . theme ( x _ 3 , x _ 1 )	elips_gapping_gen
The child threw Charlotte and Emma Liam .	* child ( x _ 0 ) ; throw . agent ( x _ 1 , x _ 0 ) AND throw . theme ( x _ 1 , Charlotte ) AND throw . agent ( x _ 2 , Emma ) AND throw . theme ( x _ 2 , Liam )	elips_gapping_gen
The producer heard Isabella and Emma Chloe .	* producer ( x _ 0 ) ; hear . agent ( x _ 1 , x _ 0 ) AND hear . theme ( x _ 1 , Isabella ) AND hear . agent ( x _ 2 , Emma ) AND hear . theme ( x _ 2 , Chloe )	elips_gapping_gen
Emma worshipped the lamb and Isabella a duck .	* lamb ( x _ 0 ) ; duck ( x _ 1 ) AND worship . agent ( x _ 2 , Emma ) AND worship . theme ( x _ 2 , x _ 0 ) AND worship . agent ( x _ 3 , Isabella ) AND worship . theme ( x _ 3 , x _ 1 )	elips_gapping_gen
Emma valued Liam and the boy a frog .	* boy ( x _ 0 ) ; frog ( x _ 1 ) AND value . agent ( x _ 2 , Emma ) AND value . theme ( x _ 2 , Liam ) AND value . agent ( x _ 3 , x _ 0 ) AND value . theme ( x _ 3 , x _ 1 )	elips_gapping_gen
Jack studied David and Oliver Ethan .	study . agent ( x _ 0 , Jack ) AND study . theme ( x _ 0 , David ) AND study . agent ( x _ 1 , Oliver ) AND study . theme ( x _ 1 , Ethan )	elips_gapping_gen
Emma called James and Andrew the queen .	* queen ( x _ 0 ) ; call . agent ( x _ 1 , Emma ) AND call . theme ( x _ 1 , James ) AND call . agent ( x _ 2 , Andrew ) AND call . theme ( x _ 2 , x _ 0 )	elips_gapping_gen
A girl noticed the boy and a pig Emma .	* boy ( x _ 1 ) ; girl ( x _ 0 ) AND pig ( x _ 2 ) AND notice . agent ( x _ 3 , x _ 0 ) AND notice . theme ( x _ 3 , x _ 1 ) AND notice . agent ( x _ 4 , x _ 2 ) AND notice . theme ( x _ 4 , Emma )	elips_gapping_gen
The teacher examined Emma and a cat the pony .	* teacher ( x _ 0 ) ; * pony ( x _ 2 ) ; cat ( x _ 1 ) AND examine . agent ( x _ 3 , x _ 0 ) AND examine . theme ( x _ 3 , Emma ) AND examine . agent ( x _ 4 , x _ 1 ) AND examine . theme ( x _ 4 , x _ 2 )	elips_gapping_gen
A dog examined the boy and a penguin the puppy .	* boy ( x _ 1 ) ; * puppy ( x _ 3 ) ; dog ( x _ 0 ) AND penguin ( x _ 2 ) AND examine . agent ( x _ 4 , x _ 0 ) AND examine . theme ( x _ 4 , x _ 1 ) AND examine . agent ( x _ 5 , x _ 2 ) AND examine . theme ( x _ 5 , x _ 3 )	elips_gapping_gen
The tiger noticed Mila and the girl Emma .	* tiger ( x _ 0 ) ; * girl ( x _ 1 ) ; notice . agent ( x _ 2 , x _ 0 ) AND notice . theme ( x _ 2 , Mila ) AND notice . agent ( x _ 3 , x _ 1 ) AND notice . theme ( x _ 3 , Emma )	elips_gapping_gen
A cat heard the boy and Ava a frog .	* boy ( x _ 1 ) ; cat ( x _ 0 ) AND frog ( x _ 2 ) AND hear . agent ( x _ 3 , x _ 0 ) AND hear . theme ( x _ 3 , x _ 1 ) AND hear . agent ( x _ 4 , Ava ) AND hear . theme ( x _ 4 , x _ 2 )	elips_gapping_gen
Jackson tossed the donkey and the spokesman Ryan .	* donkey ( x _ 0 ) ; * spokesman ( x _ 1 ) ; toss . agent ( x _ 2 , Jackson ) AND toss . theme ( x _ 2 , x _ 0 ) AND toss . agent ( x _ 3 , x _ 1 ) AND toss . theme ( x _ 3 , Ryan )	elips_gapping_gen
Ava heard a baby and a girl Emma .	baby ( x _ 0 ) AND girl ( x _ 1 ) AND hear . agent ( x _ 2 , Ava ) AND hear . theme ( x _ 2 , x _ 0 ) AND hear . agent ( x _ 3 , x _ 1 ) AND hear . theme ( x _ 3 , Emma )	elips_gapping_gen
Oliver touched Harper and Julian Olivia .	touch . agent ( x _ 0 , Oliver ) AND touch . theme ( x _ 0 , Harper ) AND touch . agent ( x _ 1 , Julian ) AND touch . theme ( x _ 1 , Olivia )	elips_gapping_gen
Andrew examined the puppy and Emma a girl .	* puppy ( x _ 0 ) ; girl ( x _ 1 ) AND examine . agent ( x _ 2 , Andrew ) AND examine . theme ( x _ 2 , x _ 0 ) AND examine . agent ( x _ 3 , Emma ) AND examine . theme ( x _ 3 , x _ 1 )	elips_gapping_gen
Noah pierced Ava and the deer Lucas .	* deer ( x _ 0 ) ; pierce . agent ( x _ 1 , Noah ) AND pierce . theme ( x _ 1 , Ava ) AND pierce . agent ( x _ 2 , x _ 0 ) AND pierce . theme ( x _ 2 , Lucas )	elips_gapping_gen
Lillian noticed a frog and a lion Elizabeth .	frog ( x _ 0 ) AND lion ( x _ 1 ) AND notice . agent ( x _ 2 , Lillian ) AND notice . theme ( x _ 2 , x _ 0 ) AND notice . agent ( x _ 3 , x _ 1 ) AND notice . theme ( x _ 3 , Elizabeth )	elips_gapping_gen
A girl heard Lucas and Liam Emma .	girl ( x _ 0 ) AND hear . agent ( x _ 1 , x _ 0 ) AND hear . theme ( x _ 1 , Lucas ) AND hear . agent ( x _ 2 , Liam ) AND hear . theme ( x _ 2 , Emma )	elips_gapping_gen
The cat threw Liam and the bunny Alexander .	* cat ( x _ 0 ) ; * bunny ( x _ 1 ) ; throw . agent ( x _ 2 , x _ 0 ) AND throw . theme ( x _ 2 , Liam ) AND throw . agent ( x _ 3 , x _ 1 ) AND throw . theme ( x _ 3 , Alexander )	elips_gapping_gen
A bird threw the girl and Oliver Emma .	* girl ( x _ 1 ) ; bird ( x _ 0 ) AND throw . agent ( x _ 2 , x _ 0 ) AND throw . theme ( x _ 2 , x _ 1 ) AND throw . agent ( x _ 3 , Oliver ) AND throw . theme ( x _ 3 , Emma )	elips_gapping_gen
The cat noticed Emma and a girl Julian .	* cat ( x _ 0 ) ; girl ( x _ 1 ) AND notice . agent ( x _ 2 , x _ 0 ) AND notice . theme ( x _ 2 , Emma ) AND notice . agent ( x _ 3 , x _ 1 ) AND notice . theme ( x _ 3 , Julian )	elips_gapping_gen
Isabella discovered Emma and Liam Olivia .	discover . agent ( x _ 0 , Isabella ) AND discover . theme ( x _ 0 , Emma ) AND discover . agent ( x _ 1 , Liam ) AND discover . theme ( x _ 1 , Olivia )	elips_gapping_gen
The turkey threw Emma and the boy a princess .	* turkey ( x _ 0 ) ; * boy ( x _ 1 ) ; princess ( x _ 2 ) AND throw . agent ( x _ 3 , x _ 0 ) AND throw . theme ( x _ 3 , Emma ) AND throw . agent ( x _ 4 , x _ 1 ) AND throw . theme ( x _ 4 , x _ 2 )	elips_gapping_gen
Emma valued the girl and a bear Olivia .	* girl ( x _ 0 ) ; bear ( x _ 1 ) AND value . agent ( x _ 2 , Emma ) AND value . theme ( x _ 2 , x _ 0 ) AND value . agent ( x _ 3 , x _ 1 ) AND value . theme ( x _ 3 , Olivia )	elips_gapping_gen
A landlord pierced Emma and Sophia Owen .	landlord ( x _ 0 ) AND pierce . agent ( x _ 1 , x _ 0 ) AND pierce . theme ( x _ 1 , Emma ) AND pierce . agent ( x _ 2 , Sophia ) AND pierce . theme ( x _ 2 , Owen )	elips_gapping_gen
Lucas threw Noah and a baby Emma .	baby ( x _ 0 ) AND throw . agent ( x _ 1 , Lucas ) AND throw . theme ( x _ 1 , Noah ) AND throw . agent ( x _ 2 , x _ 0 ) AND throw . theme ( x _ 2 , Emma )	elips_gapping_gen
The butterfly heard the professor and Liam a boy .	* butterfly ( x _ 0 ) ; * professor ( x _ 1 ) ; boy ( x _ 2 ) AND hear . agent ( x _ 3 , x _ 0 ) AND hear . theme ( x _ 3 , x _ 1 ) AND hear . agent ( x _ 4 , Liam ) AND hear . theme ( x _ 4 , x _ 2 )	elips_gapping_gen
Emma called the goose and the boy Aria .	* goose ( x _ 0 ) ; * boy ( x _ 1 ) ; call . agent ( x _ 2 , Emma ) AND call . theme ( x _ 2 , x _ 0 ) AND call . agent ( x _ 3 , x _ 1 ) AND call . theme ( x _ 3 , Aria )	elips_gapping_gen
A baby discovered Liam and a turtle a boy .	baby ( x _ 0 ) AND turtle ( x _ 1 ) AND boy ( x _ 2 ) AND discover . agent ( x _ 3 , x _ 0 ) AND discover . theme ( x _ 3 , Liam ) AND discover . agent ( x _ 4 , x _ 1 ) AND discover . theme ( x _ 4 , x _ 2 )	elips_gapping_gen
A baby tolerated Emma and Liam a girl .	baby ( x _ 0 ) AND girl ( x _ 1 ) AND tolerate . agent ( x _ 2 , x _ 0 ) AND tolerate . theme ( x _ 2 , Emma ) AND tolerate . agent ( x _ 3 , Liam ) AND tolerate . theme ( x _ 3 , x _ 1 )	elips_gapping_gen
A girl saw Michael and a landlord Avery .	girl ( x _ 0 ) AND landlord ( x _ 1 ) AND see . agent ( x _ 2 , x _ 0 ) AND see . theme ( x _ 2 , Michael ) AND see . agent ( x _ 3 , x _ 1 ) AND see . theme ( x _ 3 , Avery )	elips_gapping_gen
The horse called a boy and a princess Emma .	* horse ( x _ 0 ) ; boy ( x _ 1 ) AND princess ( x _ 2 ) AND call . agent ( x _ 3 , x _ 0 ) AND call . theme ( x _ 3 , x _ 1 ) AND call . agent ( x _ 4 , x _ 2 ) AND call . theme ( x _ 4 , Emma )	elips_gapping_gen
Liam examined the citizen and the bird Emma .	* citizen ( x _ 0 ) ; * bird ( x _ 1 ) ; examine . agent ( x _ 2 , Liam ) AND examine . theme ( x _ 2 , x _ 0 ) AND examine . agent ( x _ 3 , x _ 1 ) AND examine . theme ( x _ 3 , Emma )	elips_gapping_gen
Ethan studied the goose and Isabella the creature .	* goose ( x _ 0 ) ; * creature ( x _ 1 ) ; study . agent ( x _ 2 , Ethan ) AND study . theme ( x _ 2 , x _ 0 ) AND study . agent ( x _ 3 , Isabella ) AND study . theme ( x _ 3 , x _ 1 )	elips_gapping_gen
Andrew saw a girl and Claire the boy .	* boy ( x _ 1 ) ; girl ( x _ 0 ) AND see . agent ( x _ 2 , Andrew ) AND see . theme ( x _ 2 , x _ 0 ) AND see . agent ( x _ 3 , Claire ) AND see . theme ( x _ 3 , x _ 1 )	elips_gapping_gen
A dog called a buyer and a duck Olivia .	dog ( x _ 0 ) AND buyer ( x _ 1 ) AND duck ( x _ 2 ) AND call . agent ( x _ 3 , x _ 0 ) AND call . theme ( x _ 3 , x _ 1 ) AND call . agent ( x _ 4 , x _ 2 ) AND call . theme ( x _ 4 , Olivia )	elips_gapping_gen
A dog called a boy and Isabella a mouse .	dog ( x _ 0 ) AND boy ( x _ 1 ) AND mouse ( x _ 2 ) AND call . agent ( x _ 3 , x _ 0 ) AND call . theme ( x _ 3 , x _ 1 ) AND call . agent ( x _ 4 , Isabella ) AND call . theme ( x _ 4 , x _ 2 )	elips_gapping_gen
A cat heard Victoria and the girl Liam .	* girl ( x _ 1 ) ; cat ( x _ 0 ) AND hear . agent ( x _ 2 , x _ 0 ) AND hear . theme ( x _ 2 , Victoria ) AND hear . agent ( x _ 3 , x _ 1 ) AND hear . theme ( x _ 3 , Liam )	elips_gapping_gen
The girl called Emma and Claire Liam .	* girl ( x _ 0 ) ; call . agent ( x _ 1 , x _ 0 ) AND call . theme ( x _ 1 , Emma ) AND call . agent ( x _ 2 , Claire ) AND call . theme ( x _ 2 , Liam )	elips_gapping_gen
A boy called a girl and the tiger Emma .	* tiger ( x _ 2 ) ; boy ( x _ 0 ) AND girl ( x _ 1 ) AND call . agent ( x _ 3 , x _ 0 ) AND call . theme ( x _ 3 , x _ 1 ) AND call . agent ( x _ 4 , x _ 2 ) AND call . theme ( x _ 4 , Emma )	elips_gapping_gen
A dog packed a child and a fish Abigail .	dog ( x _ 0 ) AND child ( x _ 1 ) AND fish ( x _ 2 ) AND pack . agent ( x _ 3 , x _ 0 ) AND pack . theme ( x _ 3 , x _ 1 ) AND pack . agent ( x _ 4 , x _ 2 ) AND pack . theme ( x _ 4 , Abigail )	elips_gapping_gen
James saw the giraffe and Isabella the deer .	* giraffe ( x _ 0 ) ; * deer ( x _ 1 ) ; see . agent ( x _ 2 , James ) AND see . theme ( x _ 2 , x _ 0 ) AND see . agent ( x _ 3 , Isabella ) AND see . theme ( x _ 3 , x _ 1 )	elips_gapping_gen
The girl threw the monkey and Jacob Mia .	* girl ( x _ 0 ) ; * monkey ( x _ 1 ) ; throw . agent ( x _ 2 , x _ 0 ) AND throw . theme ( x _ 2 , x _ 1 ) AND throw . agent ( x _ 3 , Jacob ) AND throw . theme ( x _ 3 , Mia )	elips_gapping_gen
The tenant called the boy and Mason Emma .	* tenant ( x _ 0 ) ; * boy ( x _ 1 ) ; call . agent ( x _ 2 , x _ 0 ) AND call . theme ( x _ 2 , x _ 1 ) AND call . agent ( x _ 3 , Mason ) AND call . theme ( x _ 3 , Emma )	elips_gapping_gen
A deer heard Mia and Victoria Matthew .	deer ( x _ 0 ) AND hear . agent ( x _ 1 , x _ 0 ) AND hear . theme ( x _ 1 , Mia ) AND hear . agent ( x _ 2 , Victoria ) AND hear . theme ( x _ 2 , Matthew )	elips_gapping_gen
Amelia threw a child and a baby a boy .	child ( x _ 0 ) AND baby ( x _ 1 ) AND boy ( x _ 2 ) AND throw . agent ( x _ 3 , Amelia ) AND throw . theme ( x _ 3 , x _ 0 ) AND throw . agent ( x _ 4 , x _ 1 ) AND throw . theme ( x _ 4 , x _ 2 )	elips_gapping_gen
A child examined Emma and Olivia a cat .	child ( x _ 0 ) AND cat ( x _ 1 ) AND examine . agent ( x _ 2 , x _ 0 ) AND examine . theme ( x _ 2 , Emma ) AND examine . agent ( x _ 3 , Olivia ) AND examine . theme ( x _ 3 , x _ 1 )	elips_gapping_gen
Emma held Mia and a moose a passenger .	moose ( x _ 0 ) AND passenger ( x _ 1 ) AND hold . agent ( x _ 2 , Emma ) AND hold . theme ( x _ 2 , Mia ) AND hold . agent ( x _ 3 , x _ 0 ) AND hold . theme ( x _ 3 , x _ 1 )	elips_gapping_gen
The child called the boy and Mason a girl .	* child ( x _ 0 ) ; * boy ( x _ 1 ) ; girl ( x _ 2 ) AND call . agent ( x _ 3 , x _ 0 ) AND call . theme ( x _ 3 , x _ 1 ) AND call . agent ( x _ 4 , Mason ) AND call . theme ( x _ 4 , x _ 2 )	elips_gapping_gen
Isabella packed Olivia and a girl the dog .	* dog ( x _ 1 ) ; girl ( x _ 0 ) AND pack . agent ( x _ 2 , Isabella ) AND pack . theme ( x _ 2 , Olivia ) AND pack . agent ( x _ 3 , x _ 0 ) AND pack . theme ( x _ 3 , x _ 1 )	elips_gapping_gen
A girl examined the cat and a dog the guard .	* cat ( x _ 1 ) ; * guard ( x _ 3 ) ; girl ( x _ 0 ) AND dog ( x _ 2 ) AND examine . agent ( x _ 4 , x _ 0 ) AND examine . theme ( x _ 4 , x _ 1 ) AND examine . agent ( x _ 5 , x _ 2 ) AND examine . theme ( x _ 5 , x _ 3 )	elips_gapping_gen
The girl called a baby and Liam the boy .	* girl ( x _ 0 ) ; * boy ( x _ 2 ) ; baby ( x _ 1 ) AND call . agent ( x _ 3 , x _ 0 ) AND call . theme ( x _ 3 , x _ 1 ) AND call . agent ( x _ 4 , Liam ) AND call . theme ( x _ 4 , x _ 2 )	elips_gapping_gen
A lion called a girl and the boy the baby .	* boy ( x _ 2 ) ; * baby ( x _ 3 ) ; lion ( x _ 0 ) AND girl ( x _ 1 ) AND call . agent ( x _ 4 , x _ 0 ) AND call . theme ( x _ 4 , x _ 1 ) AND call . agent ( x _ 5 , x _ 2 ) AND call . theme ( x _ 5 , x _ 3 )	elips_gapping_gen
Liam discovered Emma and Oliver the monster .	* monster ( x _ 0 ) ; discover . agent ( x _ 1 , Liam ) AND discover . theme ( x _ 1 , Emma ) AND discover . agent ( x _ 2 , Oliver ) AND discover . theme ( x _ 2 , x _ 0 )	elips_gapping_gen
The cat tossed Emma and the girl Aiden .	* cat ( x _ 0 ) ; * girl ( x _ 1 ) ; toss . agent ( x _ 2 , x _ 0 ) AND toss . theme ( x _ 2 , Emma ) AND toss . agent ( x _ 3 , x _ 1 ) AND toss . theme ( x _ 3 , Aiden )	elips_gapping_gen
A girl touched the boy and Emma a citizen .	* boy ( x _ 1 ) ; girl ( x _ 0 ) AND citizen ( x _ 2 ) AND touch . agent ( x _ 3 , x _ 0 ) AND touch . theme ( x _ 3 , x _ 1 ) AND touch . agent ( x _ 4 , Emma ) AND touch . theme ( x _ 4 , x _ 2 )	elips_gapping_gen
Theodore packed the boy and Emma the donkey .	* boy ( x _ 0 ) ; * donkey ( x _ 1 ) ; pack . agent ( x _ 2 , Theodore ) AND pack . theme ( x _ 2 , x _ 0 ) AND pack . agent ( x _ 3 , Emma ) AND pack . theme ( x _ 3 , x _ 1 )	elips_gapping_gen
Owen called Olivia and a cat Oliver .	cat ( x _ 0 ) AND call . agent ( x _ 1 , Owen ) AND call . theme ( x _ 1 , Olivia ) AND call . agent ( x _ 2 , x _ 0 ) AND call . theme ( x _ 2 , Oliver )	elips_gapping_gen
Liam threw Emma and the girl a cat .	* girl ( x _ 0 ) ; cat ( x _ 1 ) AND throw . agent ( x _ 2 , Liam ) AND throw . theme ( x _ 2 , Emma ) AND throw . agent ( x _ 3 , x _ 0 ) AND throw . theme ( x _ 3 , x _ 1 )	elips_gapping_gen
Ava examined a teacher and a cat Emma .	teacher ( x _ 0 ) AND cat ( x _ 1 ) AND examine . agent ( x _ 2 , Ava ) AND examine . theme ( x _ 2 , x _ 0 ) AND examine . agent ( x _ 3 , x _ 1 ) AND examine . theme ( x _ 3 , Emma )	elips_gapping_gen
Olivia valued a baby and Avery Jack .	baby ( x _ 0 ) AND value . agent ( x _ 1 , Olivia ) AND value . theme ( x _ 1 , x _ 0 ) AND value . agent ( x _ 2 , Avery ) AND value . theme ( x _ 2 , Jack )	elips_gapping_gen
A puppy valued the girl and the mother the boy .	* girl ( x _ 1 ) ; * mother ( x _ 2 ) ; * boy ( x _ 3 ) ; puppy ( x _ 0 ) AND value . agent ( x _ 4 , x _ 0 ) AND value . theme ( x _ 4 , x _ 1 ) AND value . agent ( x _ 5 , x _ 2 ) AND value . theme ( x _ 5 , x _ 3 )	elips_gapping_gen
Liam pierced the girl and William Emma .	* girl ( x _ 0 ) ; pierce . agent ( x _ 1 , Liam ) AND pierce . theme ( x _ 1 , x _ 0 ) AND pierce . agent ( x _ 2 , William ) AND pierce . theme ( x _ 2 , Emma )	elips_gapping_gen
Emma noticed the girl and a mouse Olivia .	* girl ( x _ 0 ) ; mouse ( x _ 1 ) AND notice . agent ( x _ 2 , Emma ) AND notice . theme ( x _ 2 , x _ 0 ) AND notice . agent ( x _ 3 , x _ 1 ) AND notice . theme ( x _ 3 , Olivia )	elips_gapping_gen
A girl worshipped Luke and the dog Harper .	* dog ( x _ 1 ) ; girl ( x _ 0 ) AND worship . agent ( x _ 2 , x _ 0 ) AND worship . theme ( x _ 2 , Luke ) AND worship . agent ( x _ 3 , x _ 1 ) AND worship . theme ( x _ 3 , Harper )	elips_gapping_gen
Emma worshipped a boy and the soldier Julian .	* soldier ( x _ 1 ) ; boy ( x _ 0 ) AND worship . agent ( x _ 2 , Emma ) AND worship . theme ( x _ 2 , x _ 0 ) AND worship . agent ( x _ 3 , x _ 1 ) AND worship . theme ( x _ 3 , Julian )	elips_gapping_gen
Emma tolerated a cat and a duke the dog .	* dog ( x _ 2 ) ; cat ( x _ 0 ) AND duke ( x _ 1 ) AND tolerate . agent ( x _ 3 , Emma ) AND tolerate . theme ( x _ 3 , x _ 0 ) AND tolerate . agent ( x _ 4 , x _ 1 ) AND tolerate . theme ( x _ 4 , x _ 2 )	elips_gapping_gen
A girl saw Isabella and the horse Ava .	* horse ( x _ 1 ) ; girl ( x _ 0 ) AND see . agent ( x _ 2 , x _ 0 ) AND see . theme ( x _ 2 , Isabella ) AND see . agent ( x _ 3 , x _ 1 ) AND see . theme ( x _ 3 , Ava )	elips_gapping_gen
The horse pierced Natalie and the kid a fly .	* horse ( x _ 0 ) ; * kid ( x _ 1 ) ; fly ( x _ 2 ) AND pierce . agent ( x _ 3 , x _ 0 ) AND pierce . theme ( x _ 3 , Natalie ) AND pierce . agent ( x _ 4 , x _ 1 ) AND pierce . theme ( x _ 4 , x _ 2 )	elips_gapping_gen
The girl packed Isabella and Emma the chicken .	* girl ( x _ 0 ) ; * chicken ( x _ 1 ) ; pack . agent ( x _ 2 , x _ 0 ) AND pack . theme ( x _ 2 , Isabella ) AND pack . agent ( x _ 3 , Emma ) AND pack . theme ( x _ 3 , x _ 1 )	elips_gapping_gen
A mouse tolerated a girl and James the crocodile .	* crocodile ( x _ 2 ) ; mouse ( x _ 0 ) AND girl ( x _ 1 ) AND tolerate . agent ( x _ 3 , x _ 0 ) AND tolerate . theme ( x _ 3 , x _ 1 ) AND tolerate . agent ( x _ 4 , James ) AND tolerate . theme ( x _ 4 , x _ 2 )	elips_gapping_gen
Noah tolerated Owen and the girl Emma .	* girl ( x _ 0 ) ; tolerate . agent ( x _ 1 , Noah ) AND tolerate . theme ( x _ 1 , Owen ) AND tolerate . agent ( x _ 2 , x _ 0 ) AND tolerate . theme ( x _ 2 , Emma )	elips_gapping_gen
A girl called the baby and Christopher a cat .	* baby ( x _ 1 ) ; girl ( x _ 0 ) AND cat ( x _ 2 ) AND call . agent ( x _ 3 , x _ 0 ) AND call . theme ( x _ 3 , x _ 1 ) AND call . agent ( x _ 4 , Christopher ) AND call . theme ( x _ 4 , x _ 2 )	elips_gapping_gen
A girl worshipped Oliver and a dog Lucas .	girl ( x _ 0 ) AND dog ( x _ 1 ) AND worship . agent ( x _ 2 , x _ 0 ) AND worship . theme ( x _ 2 , Oliver ) AND worship . agent ( x _ 3 , x _ 1 ) AND worship . theme ( x _ 3 , Lucas )	elips_gapping_gen
Emma called Mia and a guard a tiger .	guard ( x _ 0 ) AND tiger ( x _ 1 ) AND call . agent ( x _ 2 , Emma ) AND call . theme ( x _ 2 , Mia ) AND call . agent ( x _ 3 , x _ 0 ) AND call . theme ( x _ 3 , x _ 1 )	elips_gapping_gen
The farmer discovered Ava and the girl Emma .	* farmer ( x _ 0 ) ; * girl ( x _ 1 ) ; discover . agent ( x _ 2 , x _ 0 ) AND discover . theme ( x _ 2 , Ava ) AND discover . agent ( x _ 3 , x _ 1 ) AND discover . theme ( x _ 3 , Emma )	elips_gapping_gen
Emma heard the child and the cat the girl .	* child ( x _ 0 ) ; * cat ( x _ 1 ) ; * girl ( x _ 2 ) ; hear . agent ( x _ 3 , Emma ) AND hear . theme ( x _ 3 , x _ 0 ) AND hear . agent ( x _ 4 , x _ 1 ) AND hear . theme ( x _ 4 , x _ 2 )	elips_gapping_gen
Emma discovered Mason and Liam a teacher .	teacher ( x _ 0 ) AND discover . agent ( x _ 1 , Emma ) AND discover . theme ( x _ 1 , Mason ) AND discover . agent ( x _ 2 , Liam ) AND discover . theme ( x _ 2 , x _ 0 )	elips_gapping_gen
The pony threw the butterfly and the friend Emma .	* pony ( x _ 0 ) ; * butterfly ( x _ 1 ) ; * friend ( x _ 2 ) ; throw . agent ( x _ 3 , x _ 0 ) AND throw . theme ( x _ 3 , x _ 1 ) AND throw . agent ( x _ 4 , x _ 2 ) AND throw . theme ( x _ 4 , Emma )	elips_gapping_gen
The lion observed a boy and the chief a cat .	* lion ( x _ 0 ) ; * chief ( x _ 2 ) ; boy ( x _ 1 ) AND cat ( x _ 3 ) AND observe . agent ( x _ 4 , x _ 0 ) AND observe . theme ( x _ 4 , x _ 1 ) AND observe . agent ( x _ 5 , x _ 2 ) AND observe . theme ( x _ 5 , x _ 3 )	elips_gapping_gen
A girl heard Avery and the dog Charlotte .	* dog ( x _ 1 ) ; girl ( x _ 0 ) AND hear . agent ( x _ 2 , x _ 0 ) AND hear . theme ( x _ 2 , Avery ) AND hear . agent ( x _ 3 , x _ 1 ) AND hear . theme ( x _ 3 , Charlotte )	elips_gapping_gen
A girl called a mouse and a boy Liam .	girl ( x _ 0 ) AND mouse ( x _ 1 ) AND boy ( x _ 2 ) AND call . agent ( x _ 3 , x _ 0 ) AND call . theme ( x _ 3 , x _ 1 ) AND call . agent ( x _ 4 , x _ 2 ) AND call . theme ( x _ 4 , Liam )	elips_gapping_gen
Ava pierced a scientist and Henry the patient .	* patient ( x _ 1 ) ; scientist ( x _ 0 ) AND pierce . agent ( x _ 2 , Ava ) AND pierce . theme ( x _ 2 , x _ 0 ) AND pierce . agent ( x _ 3 , Henry ) AND pierce . theme ( x _ 3 , x _ 1 )	elips_gapping_gen
The girl valued Michael and the boy Olivia .	* girl ( x _ 0 ) ; * boy ( x _ 1 ) ; value . agent ( x _ 2 , x _ 0 ) AND value . theme ( x _ 2 , Michael ) AND value . agent ( x _ 3 , x _ 1 ) AND value . theme ( x _ 3 , Olivia )	elips_gapping_gen
A cat studied the girl and Liam the judge .	* girl ( x _ 1 ) ; * judge ( x _ 2 ) ; cat ( x _ 0 ) AND study . agent ( x _ 3 , x _ 0 ) AND study . theme ( x _ 3 , x _ 1 ) AND study . agent ( x _ 4 , Liam ) AND study . theme ( x _ 4 , x _ 2 )	elips_gapping_gen
The mouse heard Luke and Emma a baby .	* mouse ( x _ 0 ) ; baby ( x _ 1 ) AND hear . agent ( x _ 2 , x _ 0 ) AND hear . theme ( x _ 2 , Luke ) AND hear . agent ( x _ 3 , Emma ) AND hear . theme ( x _ 3 , x _ 1 )	elips_gapping_gen
Jacob heard Olivia and Michael the champion .	* champion ( x _ 0 ) ; hear . agent ( x _ 1 , Jacob ) AND hear . theme ( x _ 1 , Olivia ) AND hear . agent ( x _ 2 , Michael ) AND hear . theme ( x _ 2 , x _ 0 )	elips_gapping_gen
The passenger studied the pony and Liam a politician .	* passenger ( x _ 0 ) ; * pony ( x _ 1 ) ; politician ( x _ 2 ) AND study . agent ( x _ 3 , x _ 0 ) AND study . theme ( x _ 3 , x _ 1 ) AND study . agent ( x _ 4 , Liam ) AND study . theme ( x _ 4 , x _ 2 )	elips_gapping_gen
William called the monster and Nora James .	* monster ( x _ 0 ) ; call . agent ( x _ 1 , William ) AND call . theme ( x _ 1 , x _ 0 ) AND call . agent ( x _ 2 , Nora ) AND call . theme ( x _ 2 , James )	elips_gapping_gen
Mila saw the girl and the boy Olivia .	* girl ( x _ 0 ) ; * boy ( x _ 1 ) ; see . agent ( x _ 2 , Mila ) AND see . theme ( x _ 2 , x _ 0 ) AND see . agent ( x _ 3 , x _ 1 ) AND see . theme ( x _ 3 , Olivia )	elips_gapping_gen
A girl threw Emma and Mia a child .	girl ( x _ 0 ) AND child ( x _ 1 ) AND throw . agent ( x _ 2 , x _ 0 ) AND throw . theme ( x _ 2 , Emma ) AND throw . agent ( x _ 3 , Mia ) AND throw . theme ( x _ 3 , x _ 1 )	elips_gapping_gen
The cat discovered Liam and Savannah Emma .	* cat ( x _ 0 ) ; discover . agent ( x _ 1 , x _ 0 ) AND discover . theme ( x _ 1 , Liam ) AND discover . agent ( x _ 2 , Savannah ) AND discover . theme ( x _ 2 , Emma )	elips_gapping_gen
A giraffe saw Grayson and a girl William .	giraffe ( x _ 0 ) AND girl ( x _ 1 ) AND see . agent ( x _ 2 , x _ 0 ) AND see . theme ( x _ 2 , Grayson ) AND see . agent ( x _ 3 , x _ 1 ) AND see . theme ( x _ 3 , William )	elips_gapping_gen
Emma called Elijah and Liam the cat .	* cat ( x _ 0 ) ; call . agent ( x _ 1 , Emma ) AND call . theme ( x _ 1 , Elijah ) AND call . agent ( x _ 2 , Liam ) AND call . theme ( x _ 2 , x _ 0 )	elips_gapping_gen
Emma pierced the cow and a priest a bird .	* cow ( x _ 0 ) ; priest ( x _ 1 ) AND bird ( x _ 2 ) AND pierce . agent ( x _ 3 , Emma ) AND pierce . theme ( x _ 3 , x _ 0 ) AND pierce . agent ( x _ 4 , x _ 1 ) AND pierce . theme ( x _ 4 , x _ 2 )	elips_gapping_gen
Emma noticed the lion and Noah Liam .	* lion ( x _ 0 ) ; notice . agent ( x _ 1 , Emma ) AND notice . theme ( x _ 1 , x _ 0 ) AND notice . agent ( x _ 2 , Noah ) AND notice . theme ( x _ 2 , Liam )	elips_gapping_gen
A mouse packed a lion and Emma the lamb .	* lamb ( x _ 2 ) ; mouse ( x _ 0 ) AND lion ( x _ 1 ) AND pack . agent ( x _ 3 , x _ 0 ) AND pack . theme ( x _ 3 , x _ 1 ) AND pack . agent ( x _ 4 , Emma ) AND pack . theme ( x _ 4 , x _ 2 )	elips_gapping_gen
A frog tolerated Ava and Emma Mila .	frog ( x _ 0 ) AND tolerate . agent ( x _ 1 , x _ 0 ) AND tolerate . theme ( x _ 1 , Ava ) AND tolerate . agent ( x _ 2 , Emma ) AND tolerate . theme ( x _ 2 , Mila )	elips_gapping_gen
Liam worshipped Emma and the cat the girl .	* cat ( x _ 0 ) ; * girl ( x _ 1 ) ; worship . agent ( x _ 2 , Liam ) AND worship . theme ( x _ 2 , Emma ) AND worship . agent ( x _ 3 , x _ 0 ) AND worship . theme ( x _ 3 , x _ 1 )	elips_gapping_gen
Noah worshipped a cat and a lion Daniel .	cat ( x _ 0 ) AND lion ( x _ 1 ) AND worship . agent ( x _ 2 , Noah ) AND worship . theme ( x _ 2 , x _ 0 ) AND worship . agent ( x _ 3 , x _ 1 ) AND worship . theme ( x _ 3 , Daniel )	elips_gapping_gen
Liam called Emma and Ava a girl .	girl ( x _ 0 ) AND call . agent ( x _ 1 , Liam ) AND call . theme ( x _ 1 , Emma ) AND call . agent ( x _ 2 , Ava ) AND call . theme ( x _ 2 , x _ 0 )	elips_gapping_gen
A girl threw Abigail and Sophia Charlotte .	girl ( x _ 0 ) AND throw . agent ( x _ 1 , x _ 0 ) AND throw . theme ( x _ 1 , Abigail ) AND throw . agent ( x _ 2 , Sophia ) AND throw . theme ( x _ 2 , Charlotte )	elips_gapping_gen
A boy called Emma and the crocodile the girl .	* crocodile ( x _ 1 ) ; * girl ( x _ 2 ) ; boy ( x _ 0 ) AND call . agent ( x _ 3 , x _ 0 ) AND call . theme ( x _ 3 , Emma ) AND call . agent ( x _ 4 , x _ 1 ) AND call . theme ( x _ 4 , x _ 2 )	elips_gapping_gen
Oliver threw Amelia and a baby a frog .	baby ( x _ 0 ) AND frog ( x _ 1 ) AND throw . agent ( x _ 2 , Oliver ) AND throw . theme ( x _ 2 , Amelia ) AND throw . agent ( x _ 3 , x _ 0 ) AND throw . theme ( x _ 3 , x _ 1 )	elips_gapping_gen
William threw a baby and a teacher Ava .	baby ( x _ 0 ) AND teacher ( x _ 1 ) AND throw . agent ( x _ 2 , William ) AND throw . theme ( x _ 2 , x _ 0 ) AND throw . agent ( x _ 3 , x _ 1 ) AND throw . theme ( x _ 3 , Ava )	elips_gapping_gen
A boy called the cat and the crocodile Stella .	* cat ( x _ 1 ) ; * crocodile ( x _ 2 ) ; boy ( x _ 0 ) AND call . agent ( x _ 3 , x _ 0 ) AND call . theme ( x _ 3 , x _ 1 ) AND call . agent ( x _ 4 , x _ 2 ) AND call . theme ( x _ 4 , Stella )	elips_gapping_gen
Harper packed the child and Emma Liam .	* child ( x _ 0 ) ; pack . agent ( x _ 1 , Harper ) AND pack . theme ( x _ 1 , x _ 0 ) AND pack . agent ( x _ 2 , Emma ) AND pack . theme ( x _ 2 , Liam )	elips_gapping_gen
Noah called the frog and Julian a cat .	* frog ( x _ 0 ) ; cat ( x _ 1 ) AND call . agent ( x _ 2 , Noah ) AND call . theme ( x _ 2 , x _ 0 ) AND call . agent ( x _ 3 , Julian ) AND call . theme ( x _ 3 , x _ 1 )	elips_gapping_gen
Emma threw a girl and a bear Olivia .	girl ( x _ 0 ) AND bear ( x _ 1 ) AND throw . agent ( x _ 2 , Emma ) AND throw . theme ( x _ 2 , x _ 0 ) AND throw . agent ( x _ 3 , x _ 1 ) AND throw . theme ( x _ 3 , Olivia )	elips_gapping_gen
A girl tolerated Emma and a cat a boy .	girl ( x _ 0 ) AND cat ( x _ 1 ) AND boy ( x _ 2 ) AND tolerate . agent ( x _ 3 , x _ 0 ) AND tolerate . theme ( x _ 3 , Emma ) AND tolerate . agent ( x _ 4 , x _ 1 ) AND tolerate . theme ( x _ 4 , x _ 2 )	elips_gapping_gen
The giraffe studied the pig and the baby Logan .	* giraffe ( x _ 0 ) ; * pig ( x _ 1 ) ; * baby ( x _ 2 ) ; study . agent ( x _ 3 , x _ 0 ) AND study . theme ( x _ 3 , x _ 1 ) AND study . agent ( x _ 4 , x _ 2 ) AND study . theme ( x _ 4 , Logan )	elips_gapping_gen
Emma saw the girl and Isabella a cat .	* girl ( x _ 0 ) ; cat ( x _ 1 ) AND see . agent ( x _ 2 , Emma ) AND see . theme ( x _ 2 , x _ 0 ) AND see . agent ( x _ 3 , Isabella ) AND see . theme ( x _ 3 , x _ 1 )	elips_gapping_gen
The penguin discovered Bella and Liam the cat .	* penguin ( x _ 0 ) ; * cat ( x _ 1 ) ; discover . agent ( x _ 2 , x _ 0 ) AND discover . theme ( x _ 2 , Bella ) AND discover . agent ( x _ 3 , Liam ) AND discover . theme ( x _ 3 , x _ 1 )	elips_gapping_gen
A cat saw a boy and Olivia Mia .	cat ( x _ 0 ) AND boy ( x _ 1 ) AND see . agent ( x _ 2 , x _ 0 ) AND see . theme ( x _ 2 , x _ 1 ) AND see . agent ( x _ 3 , Olivia ) AND see . theme ( x _ 3 , Mia )	elips_gapping_gen
Emma valued Olivia and a monkey Noah .	monkey ( x _ 0 ) AND value . agent ( x _ 1 , Emma ) AND value . theme ( x _ 1 , Olivia ) AND value . agent ( x _ 2 , x _ 0 ) AND value . theme ( x _ 2 , Noah )	elips_gapping_gen
Olivia threw Mason and Noah Emma .	throw . agent ( x _ 0 , Olivia ) AND throw . theme ( x _ 0 , Mason ) AND throw . agent ( x _ 1 , Noah ) AND throw . theme ( x _ 1 , Emma )	elips_gapping_gen
James threw a cat and a duck Liam .	cat ( x _ 0 ) AND duck ( x _ 1 ) AND throw . agent ( x _ 2 , James ) AND throw . theme ( x _ 2 , x _ 0 ) AND throw . agent ( x _ 3 , x _ 1 ) AND throw . theme ( x _ 3 , Liam )	elips_gapping_gen
A boy packed Emma and Leo Liam .	boy ( x _ 0 ) AND pack . agent ( x _ 1 , x _ 0 ) AND pack . theme ( x _ 1 , Emma ) AND pack . agent ( x _ 2 , Leo ) AND pack . theme ( x _ 2 , Liam )	elips_gapping_gen
A girl heard the bunny and the dog Emma .	* bunny ( x _ 1 ) ; * dog ( x _ 2 ) ; girl ( x _ 0 ) AND hear . agent ( x _ 3 , x _ 0 ) AND hear . theme ( x _ 3 , x _ 1 ) AND hear . agent ( x _ 4 , x _ 2 ) AND hear . theme ( x _ 4 , Emma )	elips_gapping_gen
Liam knew Emma and the dog Henry .	* dog ( x _ 0 ) ; know . agent ( x _ 1 , Liam ) AND know . theme ( x _ 1 , Emma ) AND know . agent ( x _ 2 , x _ 0 ) AND know . theme ( x _ 2 , Henry )	elips_gapping_gen
Noah called a girl and a boy Emma .	girl ( x _ 0 ) AND boy ( x _ 1 ) AND call . agent ( x _ 2 , Noah ) AND call . theme ( x _ 2 , x _ 0 ) AND call . agent ( x _ 3 , x _ 1 ) AND call . theme ( x _ 3 , Emma )	elips_gapping_gen
The baby examined a driver and the boy Olivia .	* baby ( x _ 0 ) ; * boy ( x _ 2 ) ; driver ( x _ 1 ) AND examine . agent ( x _ 3 , x _ 0 ) AND examine . theme ( x _ 3 , x _ 1 ) AND examine . agent ( x _ 4 , x _ 2 ) AND examine . theme ( x _ 4 , Olivia )	elips_gapping_gen
A bunny held a girl and a boy Emma .	bunny ( x _ 0 ) AND girl ( x _ 1 ) AND boy ( x _ 2 ) AND hold . agent ( x _ 3 , x _ 0 ) AND hold . theme ( x _ 3 , x _ 1 ) AND hold . agent ( x _ 4 , x _ 2 ) AND hold . theme ( x _ 4 , Emma )	elips_gapping_gen
Olivia threw the baby and Emma Charlotte .	* baby ( x _ 0 ) ; throw . agent ( x _ 1 , Olivia ) AND throw . theme ( x _ 1 , x _ 0 ) AND throw . agent ( x _ 2 , Emma ) AND throw . theme ( x _ 2 , Charlotte )	elips_gapping_gen
A cat studied Emma and the deer a child .	* deer ( x _ 1 ) ; cat ( x _ 0 ) AND child ( x _ 2 ) AND study . agent ( x _ 3 , x _ 0 ) AND study . theme ( x _ 3 , Emma ) AND study . agent ( x _ 4 , x _ 1 ) AND study . theme ( x _ 4 , x _ 2 )	elips_gapping_gen
Emma held the cat and Sophia the boy .	* cat ( x _ 0 ) ; * boy ( x _ 1 ) ; hold . agent ( x _ 2 , Emma ) AND hold . theme ( x _ 2 , x _ 0 ) AND hold . agent ( x _ 3 , Sophia ) AND hold . theme ( x _ 3 , x _ 1 )	elips_gapping_gen
A dog touched Oliver and Noah Emma .	dog ( x _ 0 ) AND touch . agent ( x _ 1 , x _ 0 ) AND touch . theme ( x _ 1 , Oliver ) AND touch . agent ( x _ 2 , Noah ) AND touch . theme ( x _ 2 , Emma )	elips_gapping_gen
A giraffe called the child and a sheep a tiger .	* child ( x _ 1 ) ; giraffe ( x _ 0 ) AND sheep ( x _ 2 ) AND tiger ( x _ 3 ) AND call . agent ( x _ 4 , x _ 0 ) AND call . theme ( x _ 4 , x _ 1 ) AND call . agent ( x _ 5 , x _ 2 ) AND call . theme ( x _ 5 , x _ 3 )	elips_gapping_gen
Leah threw a boy and Ethan Victoria .	boy ( x _ 0 ) AND throw . agent ( x _ 1 , Leah ) AND throw . theme ( x _ 1 , x _ 0 ) AND throw . agent ( x _ 2 , Ethan ) AND throw . theme ( x _ 2 , Victoria )	elips_gapping_gen
Emma touched Noah and the dog Ella .	* dog ( x _ 0 ) ; touch . agent ( x _ 1 , Emma ) AND touch . theme ( x _ 1 , Noah ) AND touch . agent ( x _ 2 , x _ 0 ) AND touch . theme ( x _ 2 , Ella )	elips_gapping_gen
Jayden heard a girl and William Liam .	girl ( x _ 0 ) AND hear . agent ( x _ 1 , Jayden ) AND hear . theme ( x _ 1 , x _ 0 ) AND hear . agent ( x _ 2 , William ) AND hear . theme ( x _ 2 , Liam )	elips_gapping_gen
Zoey investigated the host and a girl the boy .	* host ( x _ 0 ) ; * boy ( x _ 2 ) ; girl ( x _ 1 ) AND investigate . agent ( x _ 3 , Zoey ) AND investigate . theme ( x _ 3 , x _ 0 ) AND investigate . agent ( x _ 4 , x _ 1 ) AND investigate . theme ( x _ 4 , x _ 2 )	elips_gapping_gen
The girl heard Aria and Liam Emma .	* girl ( x _ 0 ) ; hear . agent ( x _ 1 , x _ 0 ) AND hear . theme ( x _ 1 , Aria ) AND hear . agent ( x _ 2 , Liam ) AND hear . theme ( x _ 2 , Emma )	elips_gapping_gen
Emma threw a cat and a prince Olivia .	cat ( x _ 0 ) AND prince ( x _ 1 ) AND throw . agent ( x _ 2 , Emma ) AND throw . theme ( x _ 2 , x _ 0 ) AND throw . agent ( x _ 3 , x _ 1 ) AND throw . theme ( x _ 3 , Olivia )	elips_gapping_gen
The farmer called Olivia and a dog the goose .	* farmer ( x _ 0 ) ; * goose ( x _ 2 ) ; dog ( x _ 1 ) AND call . agent ( x _ 3 , x _ 0 ) AND call . theme ( x _ 3 , Olivia ) AND call . agent ( x _ 4 , x _ 1 ) AND call . theme ( x _ 4 , x _ 2 )	elips_gapping_gen
A girl threw the child and James the deer .	* child ( x _ 1 ) ; * deer ( x _ 2 ) ; girl ( x _ 0 ) AND throw . agent ( x _ 3 , x _ 0 ) AND throw . theme ( x _ 3 , x _ 1 ) AND throw . agent ( x _ 4 , James ) AND throw . theme ( x _ 4 , x _ 2 )	elips_gapping_gen
The boy tossed Oliver and Mia the monkey .	* boy ( x _ 0 ) ; * monkey ( x _ 1 ) ; toss . agent ( x _ 2 , x _ 0 ) AND toss . theme ( x _ 2 , Oliver ) AND toss . agent ( x _ 3 , Mia ) AND toss . theme ( x _ 3 , x _ 1 )	elips_gapping_gen
A girl tolerated Emma and Ava a penguin .	girl ( x _ 0 ) AND penguin ( x _ 1 ) AND tolerate . agent ( x _ 2 , x _ 0 ) AND tolerate . theme ( x _ 2 , Emma ) AND tolerate . agent ( x _ 3 , Ava ) AND tolerate . theme ( x _ 3 , x _ 1 )	elips_gapping_gen
The girl threw Elizabeth and Nathan a cat .	* girl ( x _ 0 ) ; cat ( x _ 1 ) AND throw . agent ( x _ 2 , x _ 0 ) AND throw . theme ( x _ 2 , Elizabeth ) AND throw . agent ( x _ 3 , Nathan ) AND throw . theme ( x _ 3 , x _ 1 )	elips_gapping_gen
A dog noticed Mia and Lucas Michael .	dog ( x _ 0 ) AND notice . agent ( x _ 1 , x _ 0 ) AND notice . theme ( x _ 1 , Mia ) AND notice . agent ( x _ 2 , Lucas ) AND notice . theme ( x _ 2 , Michael )	elips_gapping_gen
Scarlett touched a dog and a girl Liam .	dog ( x _ 0 ) AND girl ( x _ 1 ) AND touch . agent ( x _ 2 , Scarlett ) AND touch . theme ( x _ 2 , x _ 0 ) AND touch . agent ( x _ 3 , x _ 1 ) AND touch . theme ( x _ 3 , Liam )	elips_gapping_gen
Levi heard Emma and Olivia a girl .	girl ( x _ 0 ) AND hear . agent ( x _ 1 , Levi ) AND hear . theme ( x _ 1 , Emma ) AND hear . agent ( x _ 2 , Olivia ) AND hear . theme ( x _ 2 , x _ 0 )	elips_gapping_gen
A boy called Liam and the bird the researcher .	* bird ( x _ 1 ) ; * researcher ( x _ 2 ) ; boy ( x _ 0 ) AND call . agent ( x _ 3 , x _ 0 ) AND call . theme ( x _ 3 , Liam ) AND call . agent ( x _ 4 , x _ 1 ) AND call . theme ( x _ 4 , x _ 2 )	elips_gapping_gen
The prince packed the dog and Henry Alexander .	* prince ( x _ 0 ) ; * dog ( x _ 1 ) ; pack . agent ( x _ 2 , x _ 0 ) AND pack . theme ( x _ 2 , x _ 1 ) AND pack . agent ( x _ 3 , Henry ) AND pack . theme ( x _ 3 , Alexander )	elips_gapping_gen
Ava stabbed the boy and a chicken Emma .	* boy ( x _ 0 ) ; chicken ( x _ 1 ) AND stab . agent ( x _ 2 , Ava ) AND stab . theme ( x _ 2 , x _ 0 ) AND stab . agent ( x _ 3 , x _ 1 ) AND stab . theme ( x _ 3 , Emma )	elips_gapping_gen
A girl saw Liam and Isaac a chicken .	girl ( x _ 0 ) AND chicken ( x _ 1 ) AND see . agent ( x _ 2 , x _ 0 ) AND see . theme ( x _ 2 , Liam ) AND see . agent ( x _ 3 , Isaac ) AND see . theme ( x _ 3 , x _ 1 )	elips_gapping_gen
The boy tossed Olivia and the cat Emma .	* boy ( x _ 0 ) ; * cat ( x _ 1 ) ; toss . agent ( x _ 2 , x _ 0 ) AND toss . theme ( x _ 2 , Olivia ) AND toss . agent ( x _ 3 , x _ 1 ) AND toss . theme ( x _ 3 , Emma )	elips_gapping_gen
The chicken held the father and Ava Emma .	* chicken ( x _ 0 ) ; * father ( x _ 1 ) ; hold . agent ( x _ 2 , x _ 0 ) AND hold . theme ( x _ 2 , x _ 1 ) AND hold . agent ( x _ 3 , Ava ) AND hold . theme ( x _ 3 , Emma )	elips_gapping_gen
Olivia called Emma and Matthew the boy .	* boy ( x _ 0 ) ; call . agent ( x _ 1 , Olivia ) AND call . theme ( x _ 1 , Emma ) AND call . agent ( x _ 2 , Matthew ) AND call . theme ( x _ 2 , x _ 0 )	elips_gapping_gen
A bear called the boy and a duck the girl .	* boy ( x _ 1 ) ; * girl ( x _ 3 ) ; bear ( x _ 0 ) AND duck ( x _ 2 ) AND call . agent ( x _ 4 , x _ 0 ) AND call . theme ( x _ 4 , x _ 1 ) AND call . agent ( x _ 5 , x _ 2 ) AND call . theme ( x _ 5 , x _ 3 )	elips_gapping_gen
Emily called the horse and a baby Elizabeth .	* horse ( x _ 0 ) ; baby ( x _ 1 ) AND call . agent ( x _ 2 , Emily ) AND call . theme ( x _ 2 , x _ 0 ) AND call . agent ( x _ 3 , x _ 1 ) AND call . theme ( x _ 3 , Elizabeth )	elips_gapping_gen
Ava touched a baby and a boy a frog .	baby ( x _ 0 ) AND boy ( x _ 1 ) AND frog ( x _ 2 ) AND touch . agent ( x _ 3 , Ava ) AND touch . theme ( x _ 3 , x _ 0 ) AND touch . agent ( x _ 4 , x _ 1 ) AND touch . theme ( x _ 4 , x _ 2 )	elips_gapping_gen
A cat called William and Penelope a passenger .	cat ( x _ 0 ) AND passenger ( x _ 1 ) AND call . agent ( x _ 2 , x _ 0 ) AND call . theme ( x _ 2 , William ) AND call . agent ( x _ 3 , Penelope ) AND call . theme ( x _ 3 , x _ 1 )	elips_gapping_gen
Emma packed a visitor and Liam a president .	visitor ( x _ 0 ) AND president ( x _ 1 ) AND pack . agent ( x _ 2 , Emma ) AND pack . theme ( x _ 2 , x _ 0 ) AND pack . agent ( x _ 3 , Liam ) AND pack . theme ( x _ 3 , x _ 1 )	elips_gapping_gen
The bunny threw Jaxon and Emma Liam .	* bunny ( x _ 0 ) ; throw . agent ( x _ 1 , x _ 0 ) AND throw . theme ( x _ 1 , Jaxon ) AND throw . agent ( x _ 2 , Emma ) AND throw . theme ( x _ 2 , Liam )	elips_gapping_gen
Emma examined Nora and Anthony the cat .	* cat ( x _ 0 ) ; examine . agent ( x _ 1 , Emma ) AND examine . theme ( x _ 1 , Nora ) AND examine . agent ( x _ 2 , Anthony ) AND examine . theme ( x _ 2 , x _ 0 )	elips_gapping_gen
William worshipped James and Emma the dog .	* dog ( x _ 0 ) ; worship . agent ( x _ 1 , William ) AND worship . theme ( x _ 1 , James ) AND worship . agent ( x _ 2 , Emma ) AND worship . theme ( x _ 2 , x _ 0 )	elips_gapping_gen
A girl threw the monkey and Emma a researcher .	* monkey ( x _ 1 ) ; girl ( x _ 0 ) AND researcher ( x _ 2 ) AND throw . agent ( x _ 3 , x _ 0 ) AND throw . theme ( x _ 3 , x _ 1 ) AND throw . agent ( x _ 4 , Emma ) AND throw . theme ( x _ 4 , x _ 2 )	elips_gapping_gen
A dog noticed Emma and Isabella Liam .	dog ( x _ 0 ) AND notice . agent ( x _ 1 , x _ 0 ) AND notice . theme ( x _ 1 , Emma ) AND notice . agent ( x _ 2 , Isabella ) AND notice . theme ( x _ 2 , Liam )	elips_gapping_gen
Noah tossed a prisoner and the girl Olivia .	* girl ( x _ 1 ) ; prisoner ( x _ 0 ) AND toss . agent ( x _ 2 , Noah ) AND toss . theme ( x _ 2 , x _ 0 ) AND toss . agent ( x _ 3 , x _ 1 ) AND toss . theme ( x _ 3 , Olivia )	elips_gapping_gen
A girl valued Emma and Benjamin Charlotte .	girl ( x _ 0 ) AND value . agent ( x _ 1 , x _ 0 ) AND value . theme ( x _ 1 , Emma ) AND value . agent ( x _ 2 , Benjamin ) AND value . theme ( x _ 2 , Charlotte )	elips_gapping_gen
Benjamin saw the mouse and Liam a boy .	* mouse ( x _ 0 ) ; boy ( x _ 1 ) AND see . agent ( x _ 2 , Benjamin ) AND see . theme ( x _ 2 , x _ 0 ) AND see . agent ( x _ 3 , Liam ) AND see . theme ( x _ 3 , x _ 1 )	elips_gapping_gen
The cat threw a dog and Oliver a girl .	* cat ( x _ 0 ) ; dog ( x _ 1 ) AND girl ( x _ 2 ) AND throw . agent ( x _ 3 , x _ 0 ) AND throw . theme ( x _ 3 , x _ 1 ) AND throw . agent ( x _ 4 , Oliver ) AND throw . theme ( x _ 4 , x _ 2 )	elips_gapping_gen
The girl called William and Ethan Isabella .	* girl ( x _ 0 ) ; call . agent ( x _ 1 , x _ 0 ) AND call . theme ( x _ 1 , William ) AND call . agent ( x _ 2 , Ethan ) AND call . theme ( x _ 2 , Isabella )	elips_gapping_gen
The sailor packed the spokesman and Emma Ava .	* sailor ( x _ 0 ) ; * spokesman ( x _ 1 ) ; pack . agent ( x _ 2 , x _ 0 ) AND pack . theme ( x _ 2 , x _ 1 ) AND pack . agent ( x _ 3 , Emma ) AND pack . theme ( x _ 3 , Ava )	elips_gapping_gen
The girl valued Addison and Aria Lucas .	* girl ( x _ 0 ) ; value . agent ( x _ 1 , x _ 0 ) AND value . theme ( x _ 1 , Addison ) AND value . agent ( x _ 2 , Aria ) AND value . theme ( x _ 2 , Lucas )	elips_gapping_gen
Victoria called Olivia and Liam a girl .	girl ( x _ 0 ) AND call . agent ( x _ 1 , Victoria ) AND call . theme ( x _ 1 , Olivia ) AND call . agent ( x _ 2 , Liam ) AND call . theme ( x _ 2 , x _ 0 )	elips_gapping_gen
Grayson heard Liam and Olivia a boy .	boy ( x _ 0 ) AND hear . agent ( x _ 1 , Grayson ) AND hear . theme ( x _ 1 , Liam ) AND hear . agent ( x _ 2 , Olivia ) AND hear . theme ( x _ 2 , x _ 0 )	elips_gapping_gen
Joshua threw Olivia and the prisoner the girl .	* prisoner ( x _ 0 ) ; * girl ( x _ 1 ) ; throw . agent ( x _ 2 , Joshua ) AND throw . theme ( x _ 2 , Olivia ) AND throw . agent ( x _ 3 , x _ 0 ) AND throw . theme ( x _ 3 , x _ 1 )	elips_gapping_gen
Liam discovered Logan and the cat a donkey .	* cat ( x _ 0 ) ; donkey ( x _ 1 ) AND discover . agent ( x _ 2 , Liam ) AND discover . theme ( x _ 2 , Logan ) AND discover . agent ( x _ 3 , x _ 0 ) AND discover . theme ( x _ 3 , x _ 1 )	elips_gapping_gen
A boy valued Emma and the penguin a monster .	* penguin ( x _ 1 ) ; boy ( x _ 0 ) AND monster ( x _ 2 ) AND value . agent ( x _ 3 , x _ 0 ) AND value . theme ( x _ 3 , Emma ) AND value . agent ( x _ 4 , x _ 1 ) AND value . theme ( x _ 4 , x _ 2 )	elips_gapping_gen
Logan valued a dog and the mouse the cat .	* mouse ( x _ 1 ) ; * cat ( x _ 2 ) ; dog ( x _ 0 ) AND value . agent ( x _ 3 , Logan ) AND value . theme ( x _ 3 , x _ 0 ) AND value . agent ( x _ 4 , x _ 1 ) AND value . theme ( x _ 4 , x _ 2 )	elips_gapping_gen
Audrey stabbed the host and a dog Addison .	* host ( x _ 0 ) ; dog ( x _ 1 ) AND stab . agent ( x _ 2 , Audrey ) AND stab . theme ( x _ 2 , x _ 0 ) AND stab . agent ( x _ 3 , x _ 1 ) AND stab . theme ( x _ 3 , Addison )	elips_gapping_gen
A monster tolerated the girl and the boy Liam .	* girl ( x _ 1 ) ; * boy ( x _ 2 ) ; monster ( x _ 0 ) AND tolerate . agent ( x _ 3 , x _ 0 ) AND tolerate . theme ( x _ 3 , x _ 1 ) AND tolerate . agent ( x _ 4 , x _ 2 ) AND tolerate . theme ( x _ 4 , Liam )	elips_gapping_gen
A girl tolerated Liam and Levi the politician .	* politician ( x _ 1 ) ; girl ( x _ 0 ) AND tolerate . agent ( x _ 2 , x _ 0 ) AND tolerate . theme ( x _ 2 , Liam ) AND tolerate . agent ( x _ 3 , Levi ) AND tolerate . theme ( x _ 3 , x _ 1 )	elips_gapping_gen
A bear stabbed the cat and Olivia Isabella .	* cat ( x _ 1 ) ; bear ( x _ 0 ) AND stab . agent ( x _ 2 , x _ 0 ) AND stab . theme ( x _ 2 , x _ 1 ) AND stab . agent ( x _ 3 , Olivia ) AND stab . theme ( x _ 3 , Isabella )	elips_gapping_gen
Emma called a monster and a queen a girl .	monster ( x _ 0 ) AND queen ( x _ 1 ) AND girl ( x _ 2 ) AND call . agent ( x _ 3 , Emma ) AND call . theme ( x _ 3 , x _ 0 ) AND call . agent ( x _ 4 , x _ 1 ) AND call . theme ( x _ 4 , x _ 2 )	elips_gapping_gen
A hero threw Emma and William the politician .	* politician ( x _ 1 ) ; hero ( x _ 0 ) AND throw . agent ( x _ 2 , x _ 0 ) AND throw . theme ( x _ 2 , Emma ) AND throw . agent ( x _ 3 , William ) AND throw . theme ( x _ 3 , x _ 1 )	elips_gapping_gen
A manager threw Addison and the girl the baby .	* girl ( x _ 1 ) ; * baby ( x _ 2 ) ; manager ( x _ 0 ) AND throw . agent ( x _ 3 , x _ 0 ) AND throw . theme ( x _ 3 , Addison ) AND throw . agent ( x _ 4 , x _ 1 ) AND throw . theme ( x _ 4 , x _ 2 )	elips_gapping_gen
The producer threw the girl and a dog Olivia .	* producer ( x _ 0 ) ; * girl ( x _ 1 ) ; dog ( x _ 2 ) AND throw . agent ( x _ 3 , x _ 0 ) AND throw . theme ( x _ 3 , x _ 1 ) AND throw . agent ( x _ 4 , x _ 2 ) AND throw . theme ( x _ 4 , Olivia )	elips_gapping_gen
A girl discovered a monkey and Liam a judge .	girl ( x _ 0 ) AND monkey ( x _ 1 ) AND judge ( x _ 2 ) AND discover . agent ( x _ 3 , x _ 0 ) AND discover . theme ( x _ 3 , x _ 1 ) AND discover . agent ( x _ 4 , Liam ) AND discover . theme ( x _ 4 , x _ 2 )	elips_gapping_gen
Liam observed Asher and the boy the president .	* boy ( x _ 0 ) ; * president ( x _ 1 ) ; observe . agent ( x _ 2 , Liam ) AND observe . theme ( x _ 2 , Asher ) AND observe . agent ( x _ 3 , x _ 0 ) AND observe . theme ( x _ 3 , x _ 1 )	elips_gapping_gen
Ava touched Ellie and Emma Grayson .	touch . agent ( x _ 0 , Ava ) AND touch . theme ( x _ 0 , Ellie ) AND touch . agent ( x _ 1 , Emma ) AND touch . theme ( x _ 1 , Grayson )	elips_gapping_gen
The girl threw the professor and Emma the cat .	* girl ( x _ 0 ) ; * professor ( x _ 1 ) ; * cat ( x _ 2 ) ; throw . agent ( x _ 3 , x _ 0 ) AND throw . theme ( x _ 3 , x _ 1 ) AND throw . agent ( x _ 4 , Emma ) AND throw . theme ( x _ 4 , x _ 2 )	elips_gapping_gen
Olivia threw the scientist and a girl the dog .	* scientist ( x _ 0 ) ; * dog ( x _ 2 ) ; girl ( x _ 1 ) AND throw . agent ( x _ 3 , Olivia ) AND throw . theme ( x _ 3 , x _ 0 ) AND throw . agent ( x _ 4 , x _ 1 ) AND throw . theme ( x _ 4 , x _ 2 )	elips_gapping_gen
Olivia valued a teacher and Noah a dog .	teacher ( x _ 0 ) AND dog ( x _ 1 ) AND value . agent ( x _ 2 , Olivia ) AND value . theme ( x _ 2 , x _ 0 ) AND value . agent ( x _ 3 , Noah ) AND value . theme ( x _ 3 , x _ 1 )	elips_gapping_gen
The giraffe called Samuel and Emma the boy .	* giraffe ( x _ 0 ) ; * boy ( x _ 1 ) ; call . agent ( x _ 2 , x _ 0 ) AND call . theme ( x _ 2 , Samuel ) AND call . agent ( x _ 3 , Emma ) AND call . theme ( x _ 3 , x _ 1 )	elips_gapping_gen
The professor valued Eleanor and Sophia Emma .	* professor ( x _ 0 ) ; value . agent ( x _ 1 , x _ 0 ) AND value . theme ( x _ 1 , Eleanor ) AND value . agent ( x _ 2 , Sophia ) AND value . theme ( x _ 2 , Emma )	elips_gapping_gen
Penelope valued a girl and a child Emma .	girl ( x _ 0 ) AND child ( x _ 1 ) AND value . agent ( x _ 2 , Penelope ) AND value . theme ( x _ 2 , x _ 0 ) AND value . agent ( x _ 3 , x _ 1 ) AND value . theme ( x _ 3 , Emma )	elips_gapping_gen
Sofia valued Joseph and John Charlotte .	value . agent ( x _ 0 , Sofia ) AND value . theme ( x _ 0 , Joseph ) AND value . agent ( x _ 1 , John ) AND value . theme ( x _ 1 , Charlotte )	elips_gapping_gen
Ella held a boy and Olivia the cat .	* cat ( x _ 1 ) ; boy ( x _ 0 ) AND hold . agent ( x _ 2 , Ella ) AND hold . theme ( x _ 2 , x _ 0 ) AND hold . agent ( x _ 3 , Olivia ) AND hold . theme ( x _ 3 , x _ 1 )	elips_gapping_gen
The girl worshipped Emma and a boy the dog .	* girl ( x _ 0 ) ; * dog ( x _ 2 ) ; boy ( x _ 1 ) AND worship . agent ( x _ 3 , x _ 0 ) AND worship . theme ( x _ 3 , Emma ) AND worship . agent ( x _ 4 , x _ 1 ) AND worship . theme ( x _ 4 , x _ 2 )	elips_gapping_gen
Emma threw Liam and Olivia Ethan .	throw . agent ( x _ 0 , Emma ) AND throw . theme ( x _ 0 , Liam ) AND throw . agent ( x _ 1 , Olivia ) AND throw . theme ( x _ 1 , Ethan )	elips_gapping_gen
A cat tolerated a turtle and Elijah Emma .	cat ( x _ 0 ) AND turtle ( x _ 1 ) AND tolerate . agent ( x _ 2 , x _ 0 ) AND tolerate . theme ( x _ 2 , x _ 1 ) AND tolerate . agent ( x _ 3 , Elijah ) AND tolerate . theme ( x _ 3 , Emma )	elips_gapping_gen
A producer packed the dog and a girl Emma .	* dog ( x _ 1 ) ; producer ( x _ 0 ) AND girl ( x _ 2 ) AND pack . agent ( x _ 3 , x _ 0 ) AND pack . theme ( x _ 3 , x _ 1 ) AND pack . agent ( x _ 4 , x _ 2 ) AND pack . theme ( x _ 4 , Emma )	elips_gapping_gen
Ava packed Lily and the girl Amelia .	* girl ( x _ 0 ) ; pack . agent ( x _ 1 , Ava ) AND pack . theme ( x _ 1 , Lily ) AND pack . agent ( x _ 2 , x _ 0 ) AND pack . theme ( x _ 2 , Amelia )	elips_gapping_gen
A teacher called the boy and a cat a bear .	* boy ( x _ 1 ) ; teacher ( x _ 0 ) AND cat ( x _ 2 ) AND bear ( x _ 3 ) AND call . agent ( x _ 4 , x _ 0 ) AND call . theme ( x _ 4 , x _ 1 ) AND call . agent ( x _ 5 , x _ 2 ) AND call . theme ( x _ 5 , x _ 3 )	elips_gapping_gen
Zoe called the child and the girl Noah .	* child ( x _ 0 ) ; * girl ( x _ 1 ) ; call . agent ( x _ 2 , Zoe ) AND call . theme ( x _ 2 , x _ 0 ) AND call . agent ( x _ 3 , x _ 1 ) AND call . theme ( x _ 3 , Noah )	elips_gapping_gen
The turtle saw a horse and Elijah Emma .	* turtle ( x _ 0 ) ; horse ( x _ 1 ) AND see . agent ( x _ 2 , x _ 0 ) AND see . theme ( x _ 2 , x _ 1 ) AND see . agent ( x _ 3 , Elijah ) AND see . theme ( x _ 3 , Emma )	elips_gapping_gen
The boy heard Mila and Scarlett Emma .	* boy ( x _ 0 ) ; hear . agent ( x _ 1 , x _ 0 ) AND hear . theme ( x _ 1 , Mila ) AND hear . agent ( x _ 2 , Scarlett ) AND hear . theme ( x _ 2 , Emma )	elips_gapping_gen
Liam tolerated Emma and a girl Ella .	girl ( x _ 0 ) AND tolerate . agent ( x _ 1 , Liam ) AND tolerate . theme ( x _ 1 , Emma ) AND tolerate . agent ( x _ 2 , x _ 0 ) AND tolerate . theme ( x _ 2 , Ella )	elips_gapping_gen
James called Mia and a child Ryan .	child ( x _ 0 ) AND call . agent ( x _ 1 , James ) AND call . theme ( x _ 1 , Mia ) AND call . agent ( x _ 2 , x _ 0 ) AND call . theme ( x _ 2 , Ryan )	elips_gapping_gen
Charlotte tolerated a horse and Emma the driver .	* driver ( x _ 1 ) ; horse ( x _ 0 ) AND tolerate . agent ( x _ 2 , Charlotte ) AND tolerate . theme ( x _ 2 , x _ 0 ) AND tolerate . agent ( x _ 3 , Emma ) AND tolerate . theme ( x _ 3 , x _ 1 )	elips_gapping_gen
The sailor touched the frog and a monkey Noah .	* sailor ( x _ 0 ) ; * frog ( x _ 1 ) ; monkey ( x _ 2 ) AND touch . agent ( x _ 3 , x _ 0 ) AND touch . theme ( x _ 3 , x _ 1 ) AND touch . agent ( x _ 4 , x _ 2 ) AND touch . theme ( x _ 4 , Noah )	elips_gapping_gen
The bee threw a professor and William Olivia .	* bee ( x _ 0 ) ; professor ( x _ 1 ) AND throw . agent ( x _ 2 , x _ 0 ) AND throw . theme ( x _ 2 , x _ 1 ) AND throw . agent ( x _ 3 , William ) AND throw . theme ( x _ 3 , Olivia )	elips_gapping_gen
A boy called a bird and a frog Olivia .	boy ( x _ 0 ) AND bird ( x _ 1 ) AND frog ( x _ 2 ) AND call . agent ( x _ 3 , x _ 0 ) AND call . theme ( x _ 3 , x _ 1 ) AND call . agent ( x _ 4 , x _ 2 ) AND call . theme ( x _ 4 , Olivia )	elips_gapping_gen
Emma held a teacher and a bee a chicken .	teacher ( x _ 0 ) AND bee ( x _ 1 ) AND chicken ( x _ 2 ) AND hold . agent ( x _ 3 , Emma ) AND hold . theme ( x _ 3 , x _ 0 ) AND hold . agent ( x _ 4 , x _ 1 ) AND hold . theme ( x _ 4 , x _ 2 )	elips_gapping_gen
Liam called the cat and Benjamin Layla .	* cat ( x _ 0 ) ; call . agent ( x _ 1 , Liam ) AND call . theme ( x _ 1 , x _ 0 ) AND call . agent ( x _ 2 , Benjamin ) AND call . theme ( x _ 2 , Layla )	elips_gapping_gen
Evelyn noticed a girl and Emma the landlord .	* landlord ( x _ 1 ) ; girl ( x _ 0 ) AND notice . agent ( x _ 2 , Evelyn ) AND notice . theme ( x _ 2 , x _ 0 ) AND notice . agent ( x _ 3 , Emma ) AND notice . theme ( x _ 3 , x _ 1 )	elips_gapping_gen
A donkey packed Olivia and a president Wyatt .	donkey ( x _ 0 ) AND president ( x _ 1 ) AND pack . agent ( x _ 2 , x _ 0 ) AND pack . theme ( x _ 2 , Olivia ) AND pack . agent ( x _ 3 , x _ 1 ) AND pack . theme ( x _ 3 , Wyatt )	elips_gapping_gen
A child examined the cat and the lion Emma .	* cat ( x _ 1 ) ; * lion ( x _ 2 ) ; child ( x _ 0 ) AND examine . agent ( x _ 3 , x _ 0 ) AND examine . theme ( x _ 3 , x _ 1 ) AND examine . agent ( x _ 4 , x _ 2 ) AND examine . theme ( x _ 4 , Emma )	elips_gapping_gen
A chief heard William and a cat the zebra .	* zebra ( x _ 2 ) ; chief ( x _ 0 ) AND cat ( x _ 1 ) AND hear . agent ( x _ 3 , x _ 0 ) AND hear . theme ( x _ 3 , William ) AND hear . agent ( x _ 4 , x _ 1 ) AND hear . theme ( x _ 4 , x _ 2 )	elips_gapping_gen
Emma knew a child and Oliver a girl .	child ( x _ 0 ) AND girl ( x _ 1 ) AND know . agent ( x _ 2 , Emma ) AND know . theme ( x _ 2 , x _ 0 ) AND know . agent ( x _ 3 , Oliver ) AND know . theme ( x _ 3 , x _ 1 )	elips_gapping_gen
Liam observed the pony and a guy Ethan .	* pony ( x _ 0 ) ; guy ( x _ 1 ) AND observe . agent ( x _ 2 , Liam ) AND observe . theme ( x _ 2 , x _ 0 ) AND observe . agent ( x _ 3 , x _ 1 ) AND observe . theme ( x _ 3 , Ethan )	elips_gapping_gen
Bella valued Emma and Mia a girl .	girl ( x _ 0 ) AND value . agent ( x _ 1 , Bella ) AND value . theme ( x _ 1 , Emma ) AND value . agent ( x _ 2 , Mia ) AND value . theme ( x _ 2 , x _ 0 )	elips_gapping_gen
Emma threw Claire and the cat a governor .	* cat ( x _ 0 ) ; governor ( x _ 1 ) AND throw . agent ( x _ 2 , Emma ) AND throw . theme ( x _ 2 , Claire ) AND throw . agent ( x _ 3 , x _ 0 ) AND throw . theme ( x _ 3 , x _ 1 )	elips_gapping_gen
A writer threw a boy and a girl a sailor .	writer ( x _ 0 ) AND boy ( x _ 1 ) AND girl ( x _ 2 ) AND sailor ( x _ 3 ) AND throw . agent ( x _ 4 , x _ 0 ) AND throw . theme ( x _ 4 , x _ 1 ) AND throw . agent ( x _ 5 , x _ 2 ) AND throw . theme ( x _ 5 , x _ 3 )	elips_gapping_gen
The mouse threw a bear and a moose a boy .	* mouse ( x _ 0 ) ; bear ( x _ 1 ) AND moose ( x _ 2 ) AND boy ( x _ 3 ) AND throw . agent ( x _ 4 , x _ 0 ) AND throw . theme ( x _ 4 , x _ 1 ) AND throw . agent ( x _ 5 , x _ 2 ) AND throw . theme ( x _ 5 , x _ 3 )	elips_gapping_gen
Sebastian held Noah and the boy a guy .	* boy ( x _ 0 ) ; guy ( x _ 1 ) AND hold . agent ( x _ 2 , Sebastian ) AND hold . theme ( x _ 2 , Noah ) AND hold . agent ( x _ 3 , x _ 0 ) AND hold . theme ( x _ 3 , x _ 1 )	elips_gapping_gen
Emma packed the professor and the girl Noah .	* professor ( x _ 0 ) ; * girl ( x _ 1 ) ; pack . agent ( x _ 2 , Emma ) AND pack . theme ( x _ 2 , x _ 0 ) AND pack . agent ( x _ 3 , x _ 1 ) AND pack . theme ( x _ 3 , Noah )	elips_gapping_gen
Benjamin held the boy and Lucas Liam .	* boy ( x _ 0 ) ; hold . agent ( x _ 1 , Benjamin ) AND hold . theme ( x _ 1 , x _ 0 ) AND hold . agent ( x _ 2 , Lucas ) AND hold . theme ( x _ 2 , Liam )	elips_gapping_gen
Elizabeth threw Emma and a cat a giraffe .	cat ( x _ 0 ) AND giraffe ( x _ 1 ) AND throw . agent ( x _ 2 , Elizabeth ) AND throw . theme ( x _ 2 , Emma ) AND throw . agent ( x _ 3 , x _ 0 ) AND throw . theme ( x _ 3 , x _ 1 )	elips_gapping_gen
Aiden heard a spokesman and James Olivia .	spokesman ( x _ 0 ) AND hear . agent ( x _ 1 , Aiden ) AND hear . theme ( x _ 1 , x _ 0 ) AND hear . agent ( x _ 2 , James ) AND hear . theme ( x _ 2 , Olivia )	elips_gapping_gen
A girl examined David and the cat Olivia .	* cat ( x _ 1 ) ; girl ( x _ 0 ) AND examine . agent ( x _ 2 , x _ 0 ) AND examine . theme ( x _ 2 , David ) AND examine . agent ( x _ 3 , x _ 1 ) AND examine . theme ( x _ 3 , Olivia )	elips_gapping_gen
Michael examined James and a girl a boy .	girl ( x _ 0 ) AND boy ( x _ 1 ) AND examine . agent ( x _ 2 , Michael ) AND examine . theme ( x _ 2 , James ) AND examine . agent ( x _ 3 , x _ 0 ) AND examine . theme ( x _ 3 , x _ 1 )	elips_gapping_gen
Olivia valued Emma and Matthew Henry .	value . agent ( x _ 0 , Olivia ) AND value . theme ( x _ 0 , Emma ) AND value . agent ( x _ 1 , Matthew ) AND value . theme ( x _ 1 , Henry )	elips_gapping_gen
The girl worshipped a butterfly and William Benjamin .	* girl ( x _ 0 ) ; butterfly ( x _ 1 ) AND worship . agent ( x _ 2 , x _ 0 ) AND worship . theme ( x _ 2 , x _ 1 ) AND worship . agent ( x _ 3 , William ) AND worship . theme ( x _ 3 , Benjamin )	elips_gapping_gen
Emma discovered the boy and Benjamin Noah .	* boy ( x _ 0 ) ; discover . agent ( x _ 1 , Emma ) AND discover . theme ( x _ 1 , x _ 0 ) AND discover . agent ( x _ 2 , Benjamin ) AND discover . theme ( x _ 2 , Noah )	elips_gapping_gen
Thomas heard the journalist and a girl Mia .	* journalist ( x _ 0 ) ; girl ( x _ 1 ) AND hear . agent ( x _ 2 , Thomas ) AND hear . theme ( x _ 2 , x _ 0 ) AND hear . agent ( x _ 3 , x _ 1 ) AND hear . theme ( x _ 3 , Mia )	elips_gapping_gen
Layla valued Charlotte and Sophia Grayson .	value . agent ( x _ 0 , Layla ) AND value . theme ( x _ 0 , Charlotte ) AND value . agent ( x _ 1 , Sophia ) AND value . theme ( x _ 1 , Grayson )	elips_gapping_gen
The girl packed Liam and a priest a boy .	* girl ( x _ 0 ) ; priest ( x _ 1 ) AND boy ( x _ 2 ) AND pack . agent ( x _ 3 , x _ 0 ) AND pack . theme ( x _ 3 , Liam ) AND pack . agent ( x _ 4 , x _ 1 ) AND pack . theme ( x _ 4 , x _ 2 )	elips_gapping_gen
Penelope saw the dog and the bear Emma .	* dog ( x _ 0 ) ; * bear ( x _ 1 ) ; see . agent ( x _ 2 , Penelope ) AND see . theme ( x _ 2 , x _ 0 ) AND see . agent ( x _ 3 , x _ 1 ) AND see . theme ( x _ 3 , Emma )	elips_gapping_gen
Jack called the girl and Evelyn Ava .	* girl ( x _ 0 ) ; call . agent ( x _ 1 , Jack ) AND call . theme ( x _ 1 , x _ 0 ) AND call . agent ( x _ 2 , Evelyn ) AND call . theme ( x _ 2 , Ava )	elips_gapping_gen
Ava called Emma and the cat a girl .	* cat ( x _ 0 ) ; girl ( x _ 1 ) AND call . agent ( x _ 2 , Ava ) AND call . theme ( x _ 2 , Emma ) AND call . agent ( x _ 3 , x _ 0 ) AND call . theme ( x _ 3 , x _ 1 )	elips_gapping_gen
A girl saw Emma and Liam a lion .	girl ( x _ 0 ) AND lion ( x _ 1 ) AND see . agent ( x _ 2 , x _ 0 ) AND see . theme ( x _ 2 , Emma ) AND see . agent ( x _ 3 , Liam ) AND see . theme ( x _ 3 , x _ 1 )	elips_gapping_gen
Lucas noticed Camila and the cat the girl .	* cat ( x _ 0 ) ; * girl ( x _ 1 ) ; notice . agent ( x _ 2 , Lucas ) AND notice . theme ( x _ 2 , Camila ) AND notice . agent ( x _ 3 , x _ 0 ) AND notice . theme ( x _ 3 , x _ 1 )	elips_gapping_gen
A servant packed a girl and Ava a director .	servant ( x _ 0 ) AND girl ( x _ 1 ) AND director ( x _ 2 ) AND pack . agent ( x _ 3 , x _ 0 ) AND pack . theme ( x _ 3 , x _ 1 ) AND pack . agent ( x _ 4 , Ava ) AND pack . theme ( x _ 4 , x _ 2 )	elips_gapping_gen
The dog tolerated a duck and Emma a cat .	* dog ( x _ 0 ) ; duck ( x _ 1 ) AND cat ( x _ 2 ) AND tolerate . agent ( x _ 3 , x _ 0 ) AND tolerate . theme ( x _ 3 , x _ 1 ) AND tolerate . agent ( x _ 4 , Emma ) AND tolerate . theme ( x _ 4 , x _ 2 )	elips_gapping_gen
Nathan threw James and Ryan a tiger .	tiger ( x _ 0 ) AND throw . agent ( x _ 1 , Nathan ) AND throw . theme ( x _ 1 , James ) AND throw . agent ( x _ 2 , Ryan ) AND throw . theme ( x _ 2 , x _ 0 )	elips_gapping_gen
Olivia heard Camila and a girl the sailor .	* sailor ( x _ 1 ) ; girl ( x _ 0 ) AND hear . agent ( x _ 2 , Olivia ) AND hear . theme ( x _ 2 , Camila ) AND hear . agent ( x _ 3 , x _ 0 ) AND hear . theme ( x _ 3 , x _ 1 )	elips_gapping_gen
William tolerated Oliver and a king a penguin .	king ( x _ 0 ) AND penguin ( x _ 1 ) AND tolerate . agent ( x _ 2 , William ) AND tolerate . theme ( x _ 2 , Oliver ) AND tolerate . agent ( x _ 3 , x _ 0 ) AND tolerate . theme ( x _ 3 , x _ 1 )	elips_gapping_gen
James valued the dog and a boy Evelyn .	* dog ( x _ 0 ) ; boy ( x _ 1 ) AND value . agent ( x _ 2 , James ) AND value . theme ( x _ 2 , x _ 0 ) AND value . agent ( x _ 3 , x _ 1 ) AND value . theme ( x _ 3 , Evelyn )	elips_gapping_gen
Noah threw Emma and a cat a penguin .	cat ( x _ 0 ) AND penguin ( x _ 1 ) AND throw . agent ( x _ 2 , Noah ) AND throw . theme ( x _ 2 , Emma ) AND throw . agent ( x _ 3 , x _ 0 ) AND throw . theme ( x _ 3 , x _ 1 )	elips_gapping_gen
The girl touched the queen and the cat the poet .	* girl ( x _ 0 ) ; * queen ( x _ 1 ) ; * cat ( x _ 2 ) ; * poet ( x _ 3 ) ; touch . agent ( x _ 4 , x _ 0 ) AND touch . theme ( x _ 4 , x _ 1 ) AND touch . agent ( x _ 5 , x _ 2 ) AND touch . theme ( x _ 5 , x _ 3 )	elips_gapping_gen
The writer valued a cow and Liam the girl .	* writer ( x _ 0 ) ; * girl ( x _ 2 ) ; cow ( x _ 1 ) AND value . agent ( x _ 3 , x _ 0 ) AND value . theme ( x _ 3 , x _ 1 ) AND value . agent ( x _ 4 , Liam ) AND value . theme ( x _ 4 , x _ 2 )	elips_gapping_gen
Olivia tossed a hero and the child Henry .	* child ( x _ 1 ) ; hero ( x _ 0 ) AND toss . agent ( x _ 2 , Olivia ) AND toss . theme ( x _ 2 , x _ 0 ) AND toss . agent ( x _ 3 , x _ 1 ) AND toss . theme ( x _ 3 , Henry )	elips_gapping_gen
James packed Emma and Olivia the boy .	* boy ( x _ 0 ) ; pack . agent ( x _ 1 , James ) AND pack . theme ( x _ 1 , Emma ) AND pack . agent ( x _ 2 , Olivia ) AND pack . theme ( x _ 2 , x _ 0 )	elips_gapping_gen
The girl packed Noah and the hero Emma .	* girl ( x _ 0 ) ; * hero ( x _ 1 ) ; pack . agent ( x _ 2 , x _ 0 ) AND pack . theme ( x _ 2 , Noah ) AND pack . agent ( x _ 3 , x _ 1 ) AND pack . theme ( x _ 3 , Emma )	elips_gapping_gen
The girl observed William and Ellie Liam .	* girl ( x _ 0 ) ; observe . agent ( x _ 1 , x _ 0 ) AND observe . theme ( x _ 1 , William ) AND observe . agent ( x _ 2 , Ellie ) AND observe . theme ( x _ 2 , Liam )	elips_gapping_gen
The dog examined Sophia and Olivia Emma .	* dog ( x _ 0 ) ; examine . agent ( x _ 1 , x _ 0 ) AND examine . theme ( x _ 1 , Sophia ) AND examine . agent ( x _ 2 , Olivia ) AND examine . theme ( x _ 2 , Emma )	elips_gapping_gen
The girl tolerated Liam and Olivia Ava .	* girl ( x _ 0 ) ; tolerate . agent ( x _ 1 , x _ 0 ) AND tolerate . theme ( x _ 1 , Liam ) AND tolerate . agent ( x _ 2 , Olivia ) AND tolerate . theme ( x _ 2 , Ava )	elips_gapping_gen
Abigail heard the boy and Luna a penguin .	* boy ( x _ 0 ) ; penguin ( x _ 1 ) AND hear . agent ( x _ 2 , Abigail ) AND hear . theme ( x _ 2 , x _ 0 ) AND hear . agent ( x _ 3 , Luna ) AND hear . theme ( x _ 3 , x _ 1 )	elips_gapping_gen
The sailor called Emma and Noah a prisoner .	* sailor ( x _ 0 ) ; prisoner ( x _ 1 ) AND call . agent ( x _ 2 , x _ 0 ) AND call . theme ( x _ 2 , Emma ) AND call . agent ( x _ 3 , Noah ) AND call . theme ( x _ 3 , x _ 1 )	elips_gapping_gen
Mia threw Noah and Emma the lion .	* lion ( x _ 0 ) ; throw . agent ( x _ 1 , Mia ) AND throw . theme ( x _ 1 , Noah ) AND throw . agent ( x _ 2 , Emma ) AND throw . theme ( x _ 2 , x _ 0 )	elips_gapping_gen
The kid called Noah and Emma a girl .	* kid ( x _ 0 ) ; girl ( x _ 1 ) AND call . agent ( x _ 2 , x _ 0 ) AND call . theme ( x _ 2 , Noah ) AND call . agent ( x _ 3 , Emma ) AND call . theme ( x _ 3 , x _ 1 )	elips_gapping_gen
Ella called James and the duck the girl .	* duck ( x _ 0 ) ; * girl ( x _ 1 ) ; call . agent ( x _ 2 , Ella ) AND call . theme ( x _ 2 , James ) AND call . agent ( x _ 3 , x _ 0 ) AND call . theme ( x _ 3 , x _ 1 )	elips_gapping_gen
The dog worshipped a monster and a boy Emma .	* dog ( x _ 0 ) ; monster ( x _ 1 ) AND boy ( x _ 2 ) AND worship . agent ( x _ 3 , x _ 0 ) AND worship . theme ( x _ 3 , x _ 1 ) AND worship . agent ( x _ 4 , x _ 2 ) AND worship . theme ( x _ 4 , Emma )	elips_gapping_gen
A monkey discovered the driver and Amelia Lucas .	* driver ( x _ 1 ) ; monkey ( x _ 0 ) AND discover . agent ( x _ 2 , x _ 0 ) AND discover . theme ( x _ 2 , x _ 1 ) AND discover . agent ( x _ 3 , Amelia ) AND discover . theme ( x _ 3 , Lucas )	elips_gapping_gen
Mila called Mateo and the mouse the lion .	* mouse ( x _ 0 ) ; * lion ( x _ 1 ) ; call . agent ( x _ 2 , Mila ) AND call . theme ( x _ 2 , Mateo ) AND call . agent ( x _ 3 , x _ 0 ) AND call . theme ( x _ 3 , x _ 1 )	elips_gapping_gen
Ryan called Abigail and Emma the boy .	* boy ( x _ 0 ) ; call . agent ( x _ 1 , Ryan ) AND call . theme ( x _ 1 , Abigail ) AND call . agent ( x _ 2 , Emma ) AND call . theme ( x _ 2 , x _ 0 )	elips_gapping_gen
James saw the cat and Joshua the girl .	* cat ( x _ 0 ) ; * girl ( x _ 1 ) ; see . agent ( x _ 2 , James ) AND see . theme ( x _ 2 , x _ 0 ) AND see . agent ( x _ 3 , Joshua ) AND see . theme ( x _ 3 , x _ 1 )	elips_gapping_gen
The wolf observed Matthew and a king the professor .	* wolf ( x _ 0 ) ; * professor ( x _ 2 ) ; king ( x _ 1 ) AND observe . agent ( x _ 3 , x _ 0 ) AND observe . theme ( x _ 3 , Matthew ) AND observe . agent ( x _ 4 , x _ 1 ) AND observe . theme ( x _ 4 , x _ 2 )	elips_gapping_gen
Asher examined Stella and John the baby .	* baby ( x _ 0 ) ; examine . agent ( x _ 1 , Asher ) AND examine . theme ( x _ 1 , Stella ) AND examine . agent ( x _ 2 , John ) AND examine . theme ( x _ 2 , x _ 0 )	elips_gapping_gen
Noah threw Olivia and a girl Ava .	girl ( x _ 0 ) AND throw . agent ( x _ 1 , Noah ) AND throw . theme ( x _ 1 , Olivia ) AND throw . agent ( x _ 2 , x _ 0 ) AND throw . theme ( x _ 2 , Ava )	elips_gapping_gen
A doctor packed the chicken and Emma the hero .	* chicken ( x _ 1 ) ; * hero ( x _ 2 ) ; doctor ( x _ 0 ) AND pack . agent ( x _ 3 , x _ 0 ) AND pack . theme ( x _ 3 , x _ 1 ) AND pack . agent ( x _ 4 , Emma ) AND pack . theme ( x _ 4 , x _ 2 )	elips_gapping_gen
The girl heard the father and a boy Hazel .	* girl ( x _ 0 ) ; * father ( x _ 1 ) ; boy ( x _ 2 ) AND hear . agent ( x _ 3 , x _ 0 ) AND hear . theme ( x _ 3 , x _ 1 ) AND hear . agent ( x _ 4 , x _ 2 ) AND hear . theme ( x _ 4 , Hazel )	elips_gapping_gen
Liam discovered a mouse and a girl the professor .	* professor ( x _ 2 ) ; mouse ( x _ 0 ) AND girl ( x _ 1 ) AND discover . agent ( x _ 3 , Liam ) AND discover . theme ( x _ 3 , x _ 0 ) AND discover . agent ( x _ 4 , x _ 1 ) AND discover . theme ( x _ 4 , x _ 2 )	elips_gapping_gen
A director tolerated Skylar and Zoe a boy .	director ( x _ 0 ) AND boy ( x _ 1 ) AND tolerate . agent ( x _ 2 , x _ 0 ) AND tolerate . theme ( x _ 2 , Skylar ) AND tolerate . agent ( x _ 3 , Zoe ) AND tolerate . theme ( x _ 3 , x _ 1 )	elips_gapping_gen
The bunny worshipped Noah and William the baby .	* bunny ( x _ 0 ) ; * baby ( x _ 1 ) ; worship . agent ( x _ 2 , x _ 0 ) AND worship . theme ( x _ 2 , Noah ) AND worship . agent ( x _ 3 , William ) AND worship . theme ( x _ 3 , x _ 1 )	elips_gapping_gen
A priest called the girl and Emma the resident .	* girl ( x _ 1 ) ; * resident ( x _ 2 ) ; priest ( x _ 0 ) AND call . agent ( x _ 3 , x _ 0 ) AND call . theme ( x _ 3 , x _ 1 ) AND call . agent ( x _ 4 , Emma ) AND call . theme ( x _ 4 , x _ 2 )	elips_gapping_gen
Emma heard the coach and Sofia Liam .	* coach ( x _ 0 ) ; hear . agent ( x _ 1 , Emma ) AND hear . theme ( x _ 1 , x _ 0 ) AND hear . agent ( x _ 2 , Sofia ) AND hear . theme ( x _ 2 , Liam )	elips_gapping_gen
The monster threw a cat and Liam the tenant .	* monster ( x _ 0 ) ; * tenant ( x _ 2 ) ; cat ( x _ 1 ) AND throw . agent ( x _ 3 , x _ 0 ) AND throw . theme ( x _ 3 , x _ 1 ) AND throw . agent ( x _ 4 , Liam ) AND throw . theme ( x _ 4 , x _ 2 )	elips_gapping_gen
Benjamin held the girl and Olivia the cat .	* girl ( x _ 0 ) ; * cat ( x _ 1 ) ; hold . agent ( x _ 2 , Benjamin ) AND hold . theme ( x _ 2 , x _ 0 ) AND hold . agent ( x _ 3 , Olivia ) AND hold . theme ( x _ 3 , x _ 1 )	elips_gapping_gen
Henry valued a manager and the dog Emma .	* dog ( x _ 1 ) ; manager ( x _ 0 ) AND value . agent ( x _ 2 , Henry ) AND value . theme ( x _ 2 , x _ 0 ) AND value . agent ( x _ 3 , x _ 1 ) AND value . theme ( x _ 3 , Emma )	elips_gapping_gen
The boy called Noah and the cat Emma .	* boy ( x _ 0 ) ; * cat ( x _ 1 ) ; call . agent ( x _ 2 , x _ 0 ) AND call . theme ( x _ 2 , Noah ) AND call . agent ( x _ 3 , x _ 1 ) AND call . theme ( x _ 3 , Emma )	elips_gapping_gen
A girl saw the frog and a cat a baby .	* frog ( x _ 1 ) ; girl ( x _ 0 ) AND cat ( x _ 2 ) AND baby ( x _ 3 ) AND see . agent ( x _ 4 , x _ 0 ) AND see . theme ( x _ 4 , x _ 1 ) AND see . agent ( x _ 5 , x _ 2 ) AND see . theme ( x _ 5 , x _ 3 )	elips_gapping_gen
Emma worshipped Thomas and the boy Elijah .	* boy ( x _ 0 ) ; worship . agent ( x _ 1 , Emma ) AND worship . theme ( x _ 1 , Thomas ) AND worship . agent ( x _ 2 , x _ 0 ) AND worship . theme ( x _ 2 , Elijah )	elips_gapping_gen
The horse called the dealer and the dog a father .	* horse ( x _ 0 ) ; * dealer ( x _ 1 ) ; * dog ( x _ 2 ) ; father ( x _ 3 ) AND call . agent ( x _ 4 , x _ 0 ) AND call . theme ( x _ 4 , x _ 1 ) AND call . agent ( x _ 5 , x _ 2 ) AND call . theme ( x _ 5 , x _ 3 )	elips_gapping_gen
A girl called Noah and the bunny Liam .	* bunny ( x _ 1 ) ; girl ( x _ 0 ) AND call . agent ( x _ 2 , x _ 0 ) AND call . theme ( x _ 2 , Noah ) AND call . agent ( x _ 3 , x _ 1 ) AND call . theme ( x _ 3 , Liam )	elips_gapping_gen
A manager heard Liam and a boy a giraffe .	manager ( x _ 0 ) AND boy ( x _ 1 ) AND giraffe ( x _ 2 ) AND hear . agent ( x _ 3 , x _ 0 ) AND hear . theme ( x _ 3 , Liam ) AND hear . agent ( x _ 4 , x _ 1 ) AND hear . theme ( x _ 4 , x _ 2 )	elips_gapping_gen
A girl investigated Amelia and Ava Zoey .	girl ( x _ 0 ) AND investigate . agent ( x _ 1 , x _ 0 ) AND investigate . theme ( x _ 1 , Amelia ) AND investigate . agent ( x _ 2 , Ava ) AND investigate . theme ( x _ 2 , Zoey )	elips_gapping_gen
The girl noticed Christopher and Liam the boy .	* girl ( x _ 0 ) ; * boy ( x _ 1 ) ; notice . agent ( x _ 2 , x _ 0 ) AND notice . theme ( x _ 2 , Christopher ) AND notice . agent ( x _ 3 , Liam ) AND notice . theme ( x _ 3 , x _ 1 )	elips_gapping_gen
A girl heard Emma and a zebra Noah .	girl ( x _ 0 ) AND zebra ( x _ 1 ) AND hear . agent ( x _ 2 , x _ 0 ) AND hear . theme ( x _ 2 , Emma ) AND hear . agent ( x _ 3 , x _ 1 ) AND hear . theme ( x _ 3 , Noah )	elips_gapping_gen
A student discovered Liam and the boy Avery .	* boy ( x _ 1 ) ; student ( x _ 0 ) AND discover . agent ( x _ 2 , x _ 0 ) AND discover . theme ( x _ 2 , Liam ) AND discover . agent ( x _ 3 , x _ 1 ) AND discover . theme ( x _ 3 , Avery )	elips_gapping_gen
Grace saw Mia and a girl a monkey .	girl ( x _ 0 ) AND monkey ( x _ 1 ) AND see . agent ( x _ 2 , Grace ) AND see . theme ( x _ 2 , Mia ) AND see . agent ( x _ 3 , x _ 0 ) AND see . theme ( x _ 3 , x _ 1 )	elips_gapping_gen
Emma noticed a horse and the boy Amelia .	* boy ( x _ 1 ) ; horse ( x _ 0 ) AND notice . agent ( x _ 2 , Emma ) AND notice . theme ( x _ 2 , x _ 0 ) AND notice . agent ( x _ 3 , x _ 1 ) AND notice . theme ( x _ 3 , Amelia )	elips_gapping_gen
Liam called a chicken and Emma a girl .	chicken ( x _ 0 ) AND girl ( x _ 1 ) AND call . agent ( x _ 2 , Liam ) AND call . theme ( x _ 2 , x _ 0 ) AND call . agent ( x _ 3 , Emma ) AND call . theme ( x _ 3 , x _ 1 )	elips_gapping_gen
A girl worshipped the cat and a tenant Emma .	* cat ( x _ 1 ) ; girl ( x _ 0 ) AND tenant ( x _ 2 ) AND worship . agent ( x _ 3 , x _ 0 ) AND worship . theme ( x _ 3 , x _ 1 ) AND worship . agent ( x _ 4 , x _ 2 ) AND worship . theme ( x _ 4 , Emma )	elips_gapping_gen
The frog threw William and a director the girl .	* frog ( x _ 0 ) ; * girl ( x _ 2 ) ; director ( x _ 1 ) AND throw . agent ( x _ 3 , x _ 0 ) AND throw . theme ( x _ 3 , William ) AND throw . agent ( x _ 4 , x _ 1 ) AND throw . theme ( x _ 4 , x _ 2 )	elips_gapping_gen
The professor called a scientist and the girl the monkey .	* professor ( x _ 0 ) ; * girl ( x _ 2 ) ; * monkey ( x _ 3 ) ; scientist ( x _ 1 ) AND call . agent ( x _ 4 , x _ 0 ) AND call . theme ( x _ 4 , x _ 1 ) AND call . agent ( x _ 5 , x _ 2 ) AND call . theme ( x _ 5 , x _ 3 )	elips_gapping_gen
Emma packed Brooklyn and a boy Liam .	boy ( x _ 0 ) AND pack . agent ( x _ 1 , Emma ) AND pack . theme ( x _ 1 , Brooklyn ) AND pack . agent ( x _ 2 , x _ 0 ) AND pack . theme ( x _ 2 , Liam )	elips_gapping_gen
Lucas stabbed the child and a girl Ryan .	* child ( x _ 0 ) ; girl ( x _ 1 ) AND stab . agent ( x _ 2 , Lucas ) AND stab . theme ( x _ 2 , x _ 0 ) AND stab . agent ( x _ 3 , x _ 1 ) AND stab . theme ( x _ 3 , Ryan )	elips_gapping_gen
The duck heard a mouse and Noah the human .	* duck ( x _ 0 ) ; * human ( x _ 2 ) ; mouse ( x _ 1 ) AND hear . agent ( x _ 3 , x _ 0 ) AND hear . theme ( x _ 3 , x _ 1 ) AND hear . agent ( x _ 4 , Noah ) AND hear . theme ( x _ 4 , x _ 2 )	elips_gapping_gen
The writer packed the farmer and the girl the lion .	* writer ( x _ 0 ) ; * farmer ( x _ 1 ) ; * girl ( x _ 2 ) ; * lion ( x _ 3 ) ; pack . agent ( x _ 4 , x _ 0 ) AND pack . theme ( x _ 4 , x _ 1 ) AND pack . agent ( x _ 5 , x _ 2 ) AND pack . theme ( x _ 5 , x _ 3 )	elips_gapping_gen
The cat observed Emma and the dog a sailor .	* cat ( x _ 0 ) ; * dog ( x _ 1 ) ; sailor ( x _ 2 ) AND observe . agent ( x _ 3 , x _ 0 ) AND observe . theme ( x _ 3 , Emma ) AND observe . agent ( x _ 4 , x _ 1 ) AND observe . theme ( x _ 4 , x _ 2 )	elips_gapping_gen
A cat called Olivia and a crocodile Grayson .	cat ( x _ 0 ) AND crocodile ( x _ 1 ) AND call . agent ( x _ 2 , x _ 0 ) AND call . theme ( x _ 2 , Olivia ) AND call . agent ( x _ 3 , x _ 1 ) AND call . theme ( x _ 3 , Grayson )	elips_gapping_gen
Emma valued Liam and a girl Ava .	girl ( x _ 0 ) AND value . agent ( x _ 1 , Emma ) AND value . theme ( x _ 1 , Liam ) AND value . agent ( x _ 2 , x _ 0 ) AND value . theme ( x _ 2 , Ava )	elips_gapping_gen
Olivia knew Mia and a girl the dog .	* dog ( x _ 1 ) ; girl ( x _ 0 ) AND know . agent ( x _ 2 , Olivia ) AND know . theme ( x _ 2 , Mia ) AND know . agent ( x _ 3 , x _ 0 ) AND know . theme ( x _ 3 , x _ 1 )	elips_gapping_gen
A deer examined the dog and a boy the girl .	* dog ( x _ 1 ) ; * girl ( x _ 3 ) ; deer ( x _ 0 ) AND boy ( x _ 2 ) AND examine . agent ( x _ 4 , x _ 0 ) AND examine . theme ( x _ 4 , x _ 1 ) AND examine . agent ( x _ 5 , x _ 2 ) AND examine . theme ( x _ 5 , x _ 3 )	elips_gapping_gen
Liam tolerated Noah and Savannah the teacher .	* teacher ( x _ 0 ) ; tolerate . agent ( x _ 1 , Liam ) AND tolerate . theme ( x _ 1 , Noah ) AND tolerate . agent ( x _ 2 , Savannah ) AND tolerate . theme ( x _ 2 , x _ 0 )	elips_gapping_gen
Charlotte threw Joshua and a girl William .	girl ( x _ 0 ) AND throw . agent ( x _ 1 , Charlotte ) AND throw . theme ( x _ 1 , Joshua ) AND throw . agent ( x _ 2 , x _ 0 ) AND throw . theme ( x _ 2 , William )	elips_gapping_gen
Isabella tolerated Emma and a girl Liam .	girl ( x _ 0 ) AND tolerate . agent ( x _ 1 , Isabella ) AND tolerate . theme ( x _ 1 , Emma ) AND tolerate . agent ( x _ 2 , x _ 0 ) AND tolerate . theme ( x _ 2 , Liam )	elips_gapping_gen
Benjamin touched Noah and a girl Emma .	girl ( x _ 0 ) AND touch . agent ( x _ 1 , Benjamin ) AND touch . theme ( x _ 1 , Noah ) AND touch . agent ( x _ 2 , x _ 0 ) AND touch . theme ( x _ 2 , Emma )	elips_gapping_gen
A girl pierced the dealer and Olivia Noah .	* dealer ( x _ 1 ) ; girl ( x _ 0 ) AND pierce . agent ( x _ 2 , x _ 0 ) AND pierce . theme ( x _ 2 , x _ 1 ) AND pierce . agent ( x _ 3 , Olivia ) AND pierce . theme ( x _ 3 , Noah )	elips_gapping_gen
The journalist observed the girl and the fish Benjamin .	* journalist ( x _ 0 ) ; * girl ( x _ 1 ) ; * fish ( x _ 2 ) ; observe . agent ( x _ 3 , x _ 0 ) AND observe . theme ( x _ 3 , x _ 1 ) AND observe . agent ( x _ 4 , x _ 2 ) AND observe . theme ( x _ 4 , Benjamin )	elips_gapping_gen
Benjamin called Michael and a mouse a teacher .	mouse ( x _ 0 ) AND teacher ( x _ 1 ) AND call . agent ( x _ 2 , Benjamin ) AND call . theme ( x _ 2 , Michael ) AND call . agent ( x _ 3 , x _ 0 ) AND call . theme ( x _ 3 , x _ 1 )	elips_gapping_gen
The girl called Emma and a boy the mouse .	* girl ( x _ 0 ) ; * mouse ( x _ 2 ) ; boy ( x _ 1 ) AND call . agent ( x _ 3 , x _ 0 ) AND call . theme ( x _ 3 , Emma ) AND call . agent ( x _ 4 , x _ 1 ) AND call . theme ( x _ 4 , x _ 2 )	elips_gapping_gen
The cat held the frog and Ava Liam .	* cat ( x _ 0 ) ; * frog ( x _ 1 ) ; hold . agent ( x _ 2 , x _ 0 ) AND hold . theme ( x _ 2 , x _ 1 ) AND hold . agent ( x _ 3 , Ava ) AND hold . theme ( x _ 3 , Liam )	elips_gapping_gen
Emma valued the girl and a guard a captain .	* girl ( x _ 0 ) ; guard ( x _ 1 ) AND captain ( x _ 2 ) AND value . agent ( x _ 3 , Emma ) AND value . theme ( x _ 3 , x _ 0 ) AND value . agent ( x _ 4 , x _ 1 ) AND value . theme ( x _ 4 , x _ 2 )	elips_gapping_gen
William noticed Victoria and a donkey the lawyer .	* lawyer ( x _ 1 ) ; donkey ( x _ 0 ) AND notice . agent ( x _ 2 , William ) AND notice . theme ( x _ 2 , Victoria ) AND notice . agent ( x _ 3 , x _ 0 ) AND notice . theme ( x _ 3 , x _ 1 )	elips_gapping_gen
Skylar packed the bunny and Olivia a cat .	* bunny ( x _ 0 ) ; cat ( x _ 1 ) AND pack . agent ( x _ 2 , Skylar ) AND pack . theme ( x _ 2 , x _ 0 ) AND pack . agent ( x _ 3 , Olivia ) AND pack . theme ( x _ 3 , x _ 1 )	elips_gapping_gen
Abigail called Liam and a mouse the director .	* director ( x _ 1 ) ; mouse ( x _ 0 ) AND call . agent ( x _ 2 , Abigail ) AND call . theme ( x _ 2 , Liam ) AND call . agent ( x _ 3 , x _ 0 ) AND call . theme ( x _ 3 , x _ 1 )	elips_gapping_gen
Daniel pierced the girl and Isabella a child .	* girl ( x _ 0 ) ; child ( x _ 1 ) AND pierce . agent ( x _ 2 , Daniel ) AND pierce . theme ( x _ 2 , x _ 0 ) AND pierce . agent ( x _ 3 , Isabella ) AND pierce . theme ( x _ 3 , x _ 1 )	elips_gapping_gen
Olivia heard the girl and Benjamin the lion .	* girl ( x _ 0 ) ; * lion ( x _ 1 ) ; hear . agent ( x _ 2 , Olivia ) AND hear . theme ( x _ 2 , x _ 0 ) AND hear . agent ( x _ 3 , Benjamin ) AND hear . theme ( x _ 3 , x _ 1 )	elips_gapping_gen
The girl threw Emma and Leah the lawyer .	* girl ( x _ 0 ) ; * lawyer ( x _ 1 ) ; throw . agent ( x _ 2 , x _ 0 ) AND throw . theme ( x _ 2 , Emma ) AND throw . agent ( x _ 3 , Leah ) AND throw . theme ( x _ 3 , x _ 1 )	elips_gapping_gen
A horse threw the girl and the lion Noah .	* girl ( x _ 1 ) ; * lion ( x _ 2 ) ; horse ( x _ 0 ) AND throw . agent ( x _ 3 , x _ 0 ) AND throw . theme ( x _ 3 , x _ 1 ) AND throw . agent ( x _ 4 , x _ 2 ) AND throw . theme ( x _ 4 , Noah )	elips_gapping_gen
The bear called the cat and Emma the mouse .	* bear ( x _ 0 ) ; * cat ( x _ 1 ) ; * mouse ( x _ 2 ) ; call . agent ( x _ 3 , x _ 0 ) AND call . theme ( x _ 3 , x _ 1 ) AND call . agent ( x _ 4 , Emma ) AND call . theme ( x _ 4 , x _ 2 )	elips_gapping_gen
The boy studied Emma and Liam a girl .	* boy ( x _ 0 ) ; girl ( x _ 1 ) AND study . agent ( x _ 2 , x _ 0 ) AND study . theme ( x _ 2 , Emma ) AND study . agent ( x _ 3 , Liam ) AND study . theme ( x _ 3 , x _ 1 )	elips_gapping_gen
Claire threw a cat and a prisoner Emma .	cat ( x _ 0 ) AND prisoner ( x _ 1 ) AND throw . agent ( x _ 2 , Claire ) AND throw . theme ( x _ 2 , x _ 0 ) AND throw . agent ( x _ 3 , x _ 1 ) AND throw . theme ( x _ 3 , Emma )	elips_gapping_gen
The student heard the mouse and a penguin the girl .	* student ( x _ 0 ) ; * mouse ( x _ 1 ) ; * girl ( x _ 3 ) ; penguin ( x _ 2 ) AND hear . agent ( x _ 4 , x _ 0 ) AND hear . theme ( x _ 4 , x _ 1 ) AND hear . agent ( x _ 5 , x _ 2 ) AND hear . theme ( x _ 5 , x _ 3 )	elips_gapping_gen
The cat held Penelope and the pupil Emma .	* cat ( x _ 0 ) ; * pupil ( x _ 1 ) ; hold . agent ( x _ 2 , x _ 0 ) AND hold . theme ( x _ 2 , Penelope ) AND hold . agent ( x _ 3 , x _ 1 ) AND hold . theme ( x _ 3 , Emma )	elips_gapping_gen
Emma called David and Liam Ava .	call . agent ( x _ 0 , Emma ) AND call . theme ( x _ 0 , David ) AND call . agent ( x _ 1 , Liam ) AND call . theme ( x _ 1 , Ava )	elips_gapping_gen
A lion threw the bird and a cat Emma .	* bird ( x _ 1 ) ; lion ( x _ 0 ) AND cat ( x _ 2 ) AND throw . agent ( x _ 3 , x _ 0 ) AND throw . theme ( x _ 3 , x _ 1 ) AND throw . agent ( x _ 4 , x _ 2 ) AND throw . theme ( x _ 4 , Emma )	elips_gapping_gen
The wolf valued Lucas and Liam Emma .	* wolf ( x _ 0 ) ; value . agent ( x _ 1 , x _ 0 ) AND value . theme ( x _ 1 , Lucas ) AND value . agent ( x _ 2 , Liam ) AND value . theme ( x _ 2 , Emma )	elips_gapping_gen
A girl called the bunny and Noah the boy .	* bunny ( x _ 1 ) ; * boy ( x _ 2 ) ; girl ( x _ 0 ) AND call . agent ( x _ 3 , x _ 0 ) AND call . theme ( x _ 3 , x _ 1 ) AND call . agent ( x _ 4 , Noah ) AND call . theme ( x _ 4 , x _ 2 )	elips_gapping_gen
A bunny threw Ava and a girl Emma .	bunny ( x _ 0 ) AND girl ( x _ 1 ) AND throw . agent ( x _ 2 , x _ 0 ) AND throw . theme ( x _ 2 , Ava ) AND throw . agent ( x _ 3 , x _ 1 ) AND throw . theme ( x _ 3 , Emma )	elips_gapping_gen
A boy threw a customer and Benjamin the dog .	* dog ( x _ 2 ) ; boy ( x _ 0 ) AND customer ( x _ 1 ) AND throw . agent ( x _ 3 , x _ 0 ) AND throw . theme ( x _ 3 , x _ 1 ) AND throw . agent ( x _ 4 , Benjamin ) AND throw . theme ( x _ 4 , x _ 2 )	elips_gapping_gen
William called Noah and the cat Benjamin .	* cat ( x _ 0 ) ; call . agent ( x _ 1 , William ) AND call . theme ( x _ 1 , Noah ) AND call . agent ( x _ 2 , x _ 0 ) AND call . theme ( x _ 2 , Benjamin )	elips_gapping_gen
The pupil threw Liam and Scarlett Mia .	* pupil ( x _ 0 ) ; throw . agent ( x _ 1 , x _ 0 ) AND throw . theme ( x _ 1 , Liam ) AND throw . agent ( x _ 2 , Scarlett ) AND throw . theme ( x _ 2 , Mia )	elips_gapping_gen
Liam threw a girl and the wolf Olivia .	* wolf ( x _ 1 ) ; girl ( x _ 0 ) AND throw . agent ( x _ 2 , Liam ) AND throw . theme ( x _ 2 , x _ 0 ) AND throw . agent ( x _ 3 , x _ 1 ) AND throw . theme ( x _ 3 , Olivia )	elips_gapping_gen
Liam threw Emma and the sheep the girl .	* sheep ( x _ 0 ) ; * girl ( x _ 1 ) ; throw . agent ( x _ 2 , Liam ) AND throw . theme ( x _ 2 , Emma ) AND throw . agent ( x _ 3 , x _ 0 ) AND throw . theme ( x _ 3 , x _ 1 )	elips_gapping_gen
Liam packed Elijah and the cat Emma .	* cat ( x _ 0 ) ; pack . agent ( x _ 1 , Liam ) AND pack . theme ( x _ 1 , Elijah ) AND pack . agent ( x _ 2 , x _ 0 ) AND pack . theme ( x _ 2 , Emma )	elips_gapping_gen
A boy examined Liam and the goose the dog .	* goose ( x _ 1 ) ; * dog ( x _ 2 ) ; boy ( x _ 0 ) AND examine . agent ( x _ 3 , x _ 0 ) AND examine . theme ( x _ 3 , Liam ) AND examine . agent ( x _ 4 , x _ 1 ) AND examine . theme ( x _ 4 , x _ 2 )	elips_gapping_gen
A zebra tolerated Aiden and a dog Noah .	zebra ( x _ 0 ) AND dog ( x _ 1 ) AND tolerate . agent ( x _ 2 , x _ 0 ) AND tolerate . theme ( x _ 2 , Aiden ) AND tolerate . agent ( x _ 3 , x _ 1 ) AND tolerate . theme ( x _ 3 , Noah )	elips_gapping_gen
Penelope called Oliver and a monkey Olivia .	monkey ( x _ 0 ) AND call . agent ( x _ 1 , Penelope ) AND call . theme ( x _ 1 , Oliver ) AND call . agent ( x _ 2 , x _ 0 ) AND call . theme ( x _ 2 , Olivia )	elips_gapping_gen
The child threw the coach and a wolf Noah .	* child ( x _ 0 ) ; * coach ( x _ 1 ) ; wolf ( x _ 2 ) AND throw . agent ( x _ 3 , x _ 0 ) AND throw . theme ( x _ 3 , x _ 1 ) AND throw . agent ( x _ 4 , x _ 2 ) AND throw . theme ( x _ 4 , Noah )	elips_gapping_gen
Lily called a girl and James Mason .	girl ( x _ 0 ) AND call . agent ( x _ 1 , Lily ) AND call . theme ( x _ 1 , x _ 0 ) AND call . agent ( x _ 2 , James ) AND call . theme ( x _ 2 , Mason )	elips_gapping_gen
A boy investigated the monkey and the judge the girl .	* monkey ( x _ 1 ) ; * judge ( x _ 2 ) ; * girl ( x _ 3 ) ; boy ( x _ 0 ) AND investigate . agent ( x _ 4 , x _ 0 ) AND investigate . theme ( x _ 4 , x _ 1 ) AND investigate . agent ( x _ 5 , x _ 2 ) AND investigate . theme ( x _ 5 , x _ 3 )	elips_gapping_gen
A girl heard a baby and Noah William .	girl ( x _ 0 ) AND baby ( x _ 1 ) AND hear . agent ( x _ 2 , x _ 0 ) AND hear . theme ( x _ 2 , x _ 1 ) AND hear . agent ( x _ 3 , Noah ) AND hear . theme ( x _ 3 , William )	elips_gapping_gen
Madison threw Olivia and Emma a goose .	goose ( x _ 0 ) AND throw . agent ( x _ 1 , Madison ) AND throw . theme ( x _ 1 , Olivia ) AND throw . agent ( x _ 2 , Emma ) AND throw . theme ( x _ 2 , x _ 0 )	elips_gapping_gen
Sophia called Henry and a goose Sofia .	goose ( x _ 0 ) AND call . agent ( x _ 1 , Sophia ) AND call . theme ( x _ 1 , Henry ) AND call . agent ( x _ 2 , x _ 0 ) AND call . theme ( x _ 2 , Sofia )	elips_gapping_gen
Emma called Joseph and the frog the boy .	* frog ( x _ 0 ) ; * boy ( x _ 1 ) ; call . agent ( x _ 2 , Emma ) AND call . theme ( x _ 2 , Joseph ) AND call . agent ( x _ 3 , x _ 0 ) AND call . theme ( x _ 3 , x _ 1 )	elips_gapping_gen
A cat valued Isabella and a monster Charlotte .	cat ( x _ 0 ) AND monster ( x _ 1 ) AND value . agent ( x _ 2 , x _ 0 ) AND value . theme ( x _ 2 , Isabella ) AND value . agent ( x _ 3 , x _ 1 ) AND value . theme ( x _ 3 , Charlotte )	elips_gapping_gen
Olivia threw the teacher and the girl the governor .	* teacher ( x _ 0 ) ; * girl ( x _ 1 ) ; * governor ( x _ 2 ) ; throw . agent ( x _ 3 , Olivia ) AND throw . theme ( x _ 3 , x _ 0 ) AND throw . agent ( x _ 4 , x _ 1 ) AND throw . theme ( x _ 4 , x _ 2 )	elips_gapping_gen
Jack threw William and the chicken Emma .	* chicken ( x _ 0 ) ; throw . agent ( x _ 1 , Jack ) AND throw . theme ( x _ 1 , William ) AND throw . agent ( x _ 2 , x _ 0 ) AND throw . theme ( x _ 2 , Emma )	elips_gapping_gen
Lucas heard a girl and a turkey Ava .	girl ( x _ 0 ) AND turkey ( x _ 1 ) AND hear . agent ( x _ 2 , Lucas ) AND hear . theme ( x _ 2 , x _ 0 ) AND hear . agent ( x _ 3 , x _ 1 ) AND hear . theme ( x _ 3 , Ava )	elips_gapping_gen
Noah threw Emma and Zoey Victoria .	throw . agent ( x _ 0 , Noah ) AND throw . theme ( x _ 0 , Emma ) AND throw . agent ( x _ 1 , Zoey ) AND throw . theme ( x _ 1 , Victoria )	elips_gapping_gen
Evelyn investigated Liam and Leah a girl .	girl ( x _ 0 ) AND investigate . agent ( x _ 1 , Evelyn ) AND investigate . theme ( x _ 1 , Liam ) AND investigate . agent ( x _ 2 , Leah ) AND investigate . theme ( x _ 2 , x _ 0 )	elips_gapping_gen
Emma called the zebra and Noah Olivia .	* zebra ( x _ 0 ) ; call . agent ( x _ 1 , Emma ) AND call . theme ( x _ 1 , x _ 0 ) AND call . agent ( x _ 2 , Noah ) AND call . theme ( x _ 2 , Olivia )	elips_gapping_gen
The baby noticed Liam and a governor a girl .	* baby ( x _ 0 ) ; governor ( x _ 1 ) AND girl ( x _ 2 ) AND notice . agent ( x _ 3 , x _ 0 ) AND notice . theme ( x _ 3 , Liam ) AND notice . agent ( x _ 4 , x _ 1 ) AND notice . theme ( x _ 4 , x _ 2 )	elips_gapping_gen
A girl noticed Emma and Liam the deer .	* deer ( x _ 1 ) ; girl ( x _ 0 ) AND notice . agent ( x _ 2 , x _ 0 ) AND notice . theme ( x _ 2 , Emma ) AND notice . agent ( x _ 3 , Liam ) AND notice . theme ( x _ 3 , x _ 1 )	elips_gapping_gen
Sophia called a girl and Emma Olivia .	girl ( x _ 0 ) AND call . agent ( x _ 1 , Sophia ) AND call . theme ( x _ 1 , x _ 0 ) AND call . agent ( x _ 2 , Emma ) AND call . theme ( x _ 2 , Olivia )	elips_gapping_gen
The boy called Emma and the cat Alexander .	* boy ( x _ 0 ) ; * cat ( x _ 1 ) ; call . agent ( x _ 2 , x _ 0 ) AND call . theme ( x _ 2 , Emma ) AND call . agent ( x _ 3 , x _ 1 ) AND call . theme ( x _ 3 , Alexander )	elips_gapping_gen
Emma called a boy and Aubrey Scarlett .	boy ( x _ 0 ) AND call . agent ( x _ 1 , Emma ) AND call . theme ( x _ 1 , x _ 0 ) AND call . agent ( x _ 2 , Aubrey ) AND call . theme ( x _ 2 , Scarlett )	elips_gapping_gen
A farmer worshipped Isabella and a baby a frog .	farmer ( x _ 0 ) AND baby ( x _ 1 ) AND frog ( x _ 2 ) AND worship . agent ( x _ 3 , x _ 0 ) AND worship . theme ( x _ 3 , Isabella ) AND worship . agent ( x _ 4 , x _ 1 ) AND worship . theme ( x _ 4 , x _ 2 )	elips_gapping_gen
Charlotte held Emma and a penguin a girl .	penguin ( x _ 0 ) AND girl ( x _ 1 ) AND hold . agent ( x _ 2 , Charlotte ) AND hold . theme ( x _ 2 , Emma ) AND hold . agent ( x _ 3 , x _ 0 ) AND hold . theme ( x _ 3 , x _ 1 )	elips_gapping_gen
Harper held Aubrey and a turtle the girl .	* girl ( x _ 1 ) ; turtle ( x _ 0 ) AND hold . agent ( x _ 2 , Harper ) AND hold . theme ( x _ 2 , Aubrey ) AND hold . agent ( x _ 3 , x _ 0 ) AND hold . theme ( x _ 3 , x _ 1 )	elips_gapping_gen
A girl pierced Lucas and Olivia the child .	* child ( x _ 1 ) ; girl ( x _ 0 ) AND pierce . agent ( x _ 2 , x _ 0 ) AND pierce . theme ( x _ 2 , Lucas ) AND pierce . agent ( x _ 3 , Olivia ) AND pierce . theme ( x _ 3 , x _ 1 )	elips_gapping_gen
Ella threw Emma and James the baby .	* baby ( x _ 0 ) ; throw . agent ( x _ 1 , Ella ) AND throw . theme ( x _ 1 , Emma ) AND throw . agent ( x _ 2 , James ) AND throw . theme ( x _ 2 , x _ 0 )	elips_gapping_gen
A frog pierced a girl and Emma Aria .	frog ( x _ 0 ) AND girl ( x _ 1 ) AND pierce . agent ( x _ 2 , x _ 0 ) AND pierce . theme ( x _ 2 , x _ 1 ) AND pierce . agent ( x _ 3 , Emma ) AND pierce . theme ( x _ 3 , Aria )	elips_gapping_gen
Emily observed Isabella and the chicken Emma .	* chicken ( x _ 0 ) ; observe . agent ( x _ 1 , Emily ) AND observe . theme ( x _ 1 , Isabella ) AND observe . agent ( x _ 2 , x _ 0 ) AND observe . theme ( x _ 2 , Emma )	elips_gapping_gen
Mason examined Hannah and Emma a producer .	producer ( x _ 0 ) AND examine . agent ( x _ 1 , Mason ) AND examine . theme ( x _ 1 , Hannah ) AND examine . agent ( x _ 2 , Emma ) AND examine . theme ( x _ 2 , x _ 0 )	elips_gapping_gen
The girl threw Aiden and Emma the duck .	* girl ( x _ 0 ) ; * duck ( x _ 1 ) ; throw . agent ( x _ 2 , x _ 0 ) AND throw . theme ( x _ 2 , Aiden ) AND throw . agent ( x _ 3 , Emma ) AND throw . theme ( x _ 3 , x _ 1 )	elips_gapping_gen
A girl worshipped Liam and Joseph the scientist .	* scientist ( x _ 1 ) ; girl ( x _ 0 ) AND worship . agent ( x _ 2 , x _ 0 ) AND worship . theme ( x _ 2 , Liam ) AND worship . agent ( x _ 3 , Joseph ) AND worship . theme ( x _ 3 , x _ 1 )	elips_gapping_gen
Olivia held Grayson and the hen the girl .	* hen ( x _ 0 ) ; * girl ( x _ 1 ) ; hold . agent ( x _ 2 , Olivia ) AND hold . theme ( x _ 2 , Grayson ) AND hold . agent ( x _ 3 , x _ 0 ) AND hold . theme ( x _ 3 , x _ 1 )	elips_gapping_gen
Liam studied a girl and Ava Emma .	girl ( x _ 0 ) AND study . agent ( x _ 1 , Liam ) AND study . theme ( x _ 1 , x _ 0 ) AND study . agent ( x _ 2 , Ava ) AND study . theme ( x _ 2 , Emma )	elips_gapping_gen
The cat held the citizen and Charlotte Anthony .	* cat ( x _ 0 ) ; * citizen ( x _ 1 ) ; hold . agent ( x _ 2 , x _ 0 ) AND hold . theme ( x _ 2 , x _ 1 ) AND hold . agent ( x _ 3 , Charlotte ) AND hold . theme ( x _ 3 , Anthony )	elips_gapping_gen
The boy noticed the president and a girl Mia .	* boy ( x _ 0 ) ; * president ( x _ 1 ) ; girl ( x _ 2 ) AND notice . agent ( x _ 3 , x _ 0 ) AND notice . theme ( x _ 3 , x _ 1 ) AND notice . agent ( x _ 4 , x _ 2 ) AND notice . theme ( x _ 4 , Mia )	elips_gapping_gen
