Liam respected that the baby slept and so did Olivia .	* baby ( x _ 1 ) ; respect . agent ( x _ 2 , Liam ) AND respect . ccomp ( x _ 2, x _ 3 ) AND sleep . agent ( x _ 3 , x _ 1 ) AND respect . agent ( x _ 4 , Olivia ) AND respect . ccomp ( x _ 4, x _ 5 ) AND sleep . agent ( x _ 5 , x _ 1 )	elips_VPE_intrans_gen
Evelyn smiled and so did Liam .	smile . agent ( x _ 0 , Evelyn ) AND smile . agent ( x _ 1 , Liam )	elips_VPE_intrans_gen
A dog ate and so did Ella .	dog ( x _ 0 ) AND eat . agent ( x _ 1 , x _ 0 ) AND eat . agent ( x _ 2 , Ella )	elips_VPE_intrans_gen
A baby appreciated that the frog painted and so did the boy .	* frog ( x _ 3 ) ; * boy ( x _ 2 ) ; baby ( x _ 0 ) AND appreciate . agent ( x _ 4 , x _ 0 ) AND appreciate . ccomp ( x _ 4, x _ 5 ) AND paint . agent ( x _ 5 , x _ 3 ) AND appreciate . agent ( x _ 6 , x _ 2 ) AND appreciate . ccomp ( x _ 6, x _ 7 ) AND paint . agent ( x _ 7 , x _ 3 )	elips_VPE_intrans_gen
Emma confessed that Sophia ate and so did the scientist .	* scientist ( x _ 0 ) ; confess . agent ( x _ 1 , Emma ) AND confess . ccomp ( x _ 1, x _ 2 ) AND eat . agent ( x _ 2 , Sophia ) AND confess . agent ( x _ 3 , x _ 0 ) AND confess . ccomp ( x _ 3, x _ 4 ) AND eat . agent ( x _ 4 , Sophia )	elips_VPE_intrans_gen
The girl hoped that the frog cleaned and so did Emma .	* girl ( x _ 0 ) ; * frog ( x _ 2 ) ; hope . agent ( x _ 3 , x _ 0 ) AND hope . ccomp ( x _ 3, x _ 4 ) AND clean . agent ( x _ 4 , x _ 2 ) AND hope . agent ( x _ 5 , Emma ) AND hope . ccomp ( x _ 5, x _ 6 ) AND clean . agent ( x _ 6 , x _ 2 )	elips_VPE_intrans_gen
Logan wished that the kid painted and so did Oliver .	* kid ( x _ 1 ) ; wish . agent ( x _ 2 , Logan ) AND wish . ccomp ( x _ 2, x _ 3 ) AND paint . agent ( x _ 3 , x _ 1 ) AND wish . agent ( x _ 4 , Oliver ) AND wish . ccomp ( x _ 4, x _ 5 ) AND paint . agent ( x _ 5 , x _ 1 )	elips_VPE_intrans_gen
Emma slept and so did a baby .	baby ( x _ 0 ) AND sleep . agent ( x _ 1 , Emma ) AND sleep . agent ( x _ 2 , x _ 0 )	elips_VPE_intrans_gen
A mouse slept and so did the dog .	* dog ( x _ 1 ) ; mouse ( x _ 0 ) AND sleep . agent ( x _ 2 , x _ 0 ) AND sleep . agent ( x _ 3 , x _ 1 )	elips_VPE_intrans_gen
The cat slept and so did the boy .	* cat ( x _ 0 ) ; * boy ( x _ 1 ) ; sleep . agent ( x _ 2 , x _ 0 ) AND sleep . agent ( x _ 3 , x _ 1 )	elips_VPE_intrans_gen
Emma stuttered and so did a monkey .	monkey ( x _ 0 ) AND stutter . agent ( x _ 1 , Emma ) AND stutter . agent ( x _ 2 , x _ 0 )	elips_VPE_intrans_gen
Riley juggled and so did a captain .	captain ( x _ 0 ) AND juggle . agent ( x _ 1 , Riley ) AND juggle . agent ( x _ 2 , x _ 0 )	elips_VPE_intrans_gen
A princess slept and so did a girl .	princess ( x _ 0 ) AND girl ( x _ 1 ) AND sleep . agent ( x _ 2 , x _ 0 ) AND sleep . agent ( x _ 3 , x _ 1 )	elips_VPE_intrans_gen
The bee appreciated that Eleanor slept and so did Noah .	* bee ( x _ 0 ) ; appreciate . agent ( x _ 1 , x _ 0 ) AND appreciate . ccomp ( x _ 1, x _ 2 ) AND sleep . agent ( x _ 2 , Eleanor ) AND appreciate . agent ( x _ 3 , Noah ) AND appreciate . ccomp ( x _ 3, x _ 4 ) AND sleep . agent ( x _ 4 , Eleanor )	elips_VPE_intrans_gen
Daniel believed that a bunny smirked and so did the girl .	* girl ( x _ 1 ) ; bunny ( x _ 2 ) AND believe . agent ( x _ 3 , Daniel ) AND believe . ccomp ( x _ 3, x _ 4 ) AND smirk . agent ( x _ 4 , x _ 2 ) AND believe . agent ( x _ 5 , x _ 1 ) AND believe . ccomp ( x _ 5, x _ 6 ) AND smirk . agent ( x _ 6 , x _ 2 )	elips_VPE_intrans_gen
The cat cleaned and so did the girl .	* cat ( x _ 0 ) ; * girl ( x _ 1 ) ; clean . agent ( x _ 2 , x _ 0 ) AND clean . agent ( x _ 3 , x _ 1 )	elips_VPE_intrans_gen
Ava slept and so did the girl .	* girl ( x _ 0 ) ; sleep . agent ( x _ 1 , Ava ) AND sleep . agent ( x _ 2 , x _ 0 )	elips_VPE_intrans_gen
Emma giggled and so did the cat .	* cat ( x _ 0 ) ; giggle . agent ( x _ 1 , Emma ) AND giggle . agent ( x _ 2 , x _ 0 )	elips_VPE_intrans_gen
Emma ate and so did a president .	president ( x _ 0 ) AND eat . agent ( x _ 1 , Emma ) AND eat . agent ( x _ 2 , x _ 0 )	elips_VPE_intrans_gen
The citizen slept and so did Liam .	* citizen ( x _ 0 ) ; sleep . agent ( x _ 1 , x _ 0 ) AND sleep . agent ( x _ 2 , Liam )	elips_VPE_intrans_gen
A child ate and so did Liam .	child ( x _ 0 ) AND eat . agent ( x _ 1 , x _ 0 ) AND eat . agent ( x _ 2 , Liam )	elips_VPE_intrans_gen
The girl declared that a butterfly heard and so did a boy .	* girl ( x _ 0 ) ; butterfly ( x _ 3 ) AND boy ( x _ 2 ) AND declare . agent ( x _ 4 , x _ 0 ) AND declare . ccomp ( x _ 4, x _ 5 ) AND hear . agent ( x _ 5 , x _ 3 ) AND declare . agent ( x _ 6 , x _ 2 ) AND declare . ccomp ( x _ 6, x _ 7 ) AND hear . agent ( x _ 7 , x _ 3 )	elips_VPE_intrans_gen
Emma slept and so did James .	sleep . agent ( x _ 0 , Emma ) AND sleep . agent ( x _ 1 , James )	elips_VPE_intrans_gen
A dog imagined that Asher cried and so did the girl .	* girl ( x _ 1 ) ; dog ( x _ 0 ) AND imagine . agent ( x _ 2 , x _ 0 ) AND imagine . ccomp ( x _ 2, x _ 3 ) AND cry . agent ( x _ 3 , Asher ) AND imagine . agent ( x _ 4 , x _ 1 ) AND imagine . ccomp ( x _ 4, x _ 5 ) AND cry . agent ( x _ 5 , Asher )	elips_VPE_intrans_gen
Emma confessed that Elijah gasped and so did Logan .	confess . agent ( x _ 0 , Emma ) AND confess . ccomp ( x _ 0, x _ 1 ) AND gasp . agent ( x _ 1 , Elijah ) AND confess . agent ( x _ 2 , Logan ) AND confess . ccomp ( x _ 2, x _ 3 ) AND gasp . agent ( x _ 3 , Elijah )	elips_VPE_intrans_gen
A girl painted and so did a boy .	girl ( x _ 0 ) AND boy ( x _ 1 ) AND paint . agent ( x _ 2 , x _ 0 ) AND paint . agent ( x _ 3 , x _ 1 )	elips_VPE_intrans_gen
Liam liked that a princess ate and so did Penelope .	princess ( x _ 1 ) AND like . agent ( x _ 2 , Liam ) AND like . ccomp ( x _ 2, x _ 3 ) AND eat . agent ( x _ 3 , x _ 1 ) AND like . agent ( x _ 4 , Penelope ) AND like . ccomp ( x _ 4, x _ 5 ) AND eat . agent ( x _ 5 , x _ 1 )	elips_VPE_intrans_gen
The bee dusted and so did Emma .	* bee ( x _ 0 ) ; dust . agent ( x _ 1 , x _ 0 ) AND dust . agent ( x _ 2 , Emma )	elips_VPE_intrans_gen
Liam ate and so did a boy .	boy ( x _ 0 ) AND eat . agent ( x _ 1 , Liam ) AND eat . agent ( x _ 2 , x _ 0 )	elips_VPE_intrans_gen
Emma ate and so did a girl .	girl ( x _ 0 ) AND eat . agent ( x _ 1 , Emma ) AND eat . agent ( x _ 2 , x _ 0 )	elips_VPE_intrans_gen
A baby liked that Emma ate and so did a giraffe .	baby ( x _ 0 ) AND giraffe ( x _ 1 ) AND like . agent ( x _ 2 , x _ 0 ) AND like . ccomp ( x _ 2, x _ 3 ) AND eat . agent ( x _ 3 , Emma ) AND like . agent ( x _ 4 , x _ 1 ) AND like . ccomp ( x _ 4, x _ 5 ) AND eat . agent ( x _ 5 , Emma )	elips_VPE_intrans_gen
A girl slept and so did Elijah .	girl ( x _ 0 ) AND sleep . agent ( x _ 1 , x _ 0 ) AND sleep . agent ( x _ 2 , Elijah )	elips_VPE_intrans_gen
A girl packed and so did the penguin .	* penguin ( x _ 1 ) ; girl ( x _ 0 ) AND pack . agent ( x _ 2 , x _ 0 ) AND pack . agent ( x _ 3 , x _ 1 )	elips_VPE_intrans_gen
Benjamin napped and so did a bear .	bear ( x _ 0 ) AND nap . agent ( x _ 1 , Benjamin ) AND nap . agent ( x _ 2 , x _ 0 )	elips_VPE_intrans_gen
A pony tolerated that the tiger painted and so did Noah .	* tiger ( x _ 2 ) ; pony ( x _ 0 ) AND tolerate . agent ( x _ 3 , x _ 0 ) AND tolerate . ccomp ( x _ 3, x _ 4 ) AND paint . agent ( x _ 4 , x _ 2 ) AND tolerate . agent ( x _ 5 , Noah ) AND tolerate . ccomp ( x _ 5, x _ 6 ) AND paint . agent ( x _ 6 , x _ 2 )	elips_VPE_intrans_gen
The boy hoped that Emma drew and so did James .	* boy ( x _ 0 ) ; hope . agent ( x _ 1 , x _ 0 ) AND hope . ccomp ( x _ 1, x _ 2 ) AND draw . agent ( x _ 2 , Emma ) AND hope . agent ( x _ 3 , James ) AND hope . ccomp ( x _ 3, x _ 4 ) AND draw . agent ( x _ 4 , Emma )	elips_VPE_intrans_gen
Lucas sketched and so did a boy .	boy ( x _ 0 ) AND sketch . agent ( x _ 1 , Lucas ) AND sketch . agent ( x _ 2 , x _ 0 )	elips_VPE_intrans_gen
Emma slept and so did the boy .	* boy ( x _ 0 ) ; sleep . agent ( x _ 1 , Emma ) AND sleep . agent ( x _ 2 , x _ 0 )	elips_VPE_intrans_gen
Noah liked that Emma sketched and so did the boy .	* boy ( x _ 0 ) ; like . agent ( x _ 1 , Noah ) AND like . ccomp ( x _ 1, x _ 2 ) AND sketch . agent ( x _ 2 , Emma ) AND like . agent ( x _ 3 , x _ 0 ) AND like . ccomp ( x _ 3, x _ 4 ) AND sketch . agent ( x _ 4 , Emma )	elips_VPE_intrans_gen
The researcher liked that a president ate and so did the frog .	* researcher ( x _ 0 ) ; * frog ( x _ 2 ) ; president ( x _ 3 ) AND like . agent ( x _ 4 , x _ 0 ) AND like . ccomp ( x _ 4, x _ 5 ) AND eat . agent ( x _ 5 , x _ 3 ) AND like . agent ( x _ 6 , x _ 2 ) AND like . ccomp ( x _ 6, x _ 7 ) AND eat . agent ( x _ 7 , x _ 3 )	elips_VPE_intrans_gen
The horse liked that a girl stuttered and so did a cat .	* horse ( x _ 0 ) ; girl ( x _ 3 ) AND cat ( x _ 2 ) AND like . agent ( x _ 4 , x _ 0 ) AND like . ccomp ( x _ 4, x _ 5 ) AND stutter . agent ( x _ 5 , x _ 3 ) AND like . agent ( x _ 6 , x _ 2 ) AND like . ccomp ( x _ 6, x _ 7 ) AND stutter . agent ( x _ 7 , x _ 3 )	elips_VPE_intrans_gen
The girl proved that a baby heard and so did a frog .	* girl ( x _ 0 ) ; baby ( x _ 3 ) AND frog ( x _ 2 ) AND prove . agent ( x _ 4 , x _ 0 ) AND prove . ccomp ( x _ 4, x _ 5 ) AND hear . agent ( x _ 5 , x _ 3 ) AND prove . agent ( x _ 6 , x _ 2 ) AND prove . ccomp ( x _ 6, x _ 7 ) AND hear . agent ( x _ 7 , x _ 3 )	elips_VPE_intrans_gen
Emma liked that Noah observed and so did Penelope .	like . agent ( x _ 0 , Emma ) AND like . ccomp ( x _ 0, x _ 1 ) AND observe . agent ( x _ 1 , Noah ) AND like . agent ( x _ 2 , Penelope ) AND like . ccomp ( x _ 2, x _ 3 ) AND observe . agent ( x _ 3 , Noah )	elips_VPE_intrans_gen
Joseph danced and so did Violet .	dance . agent ( x _ 0 , Joseph ) AND dance . agent ( x _ 1 , Violet )	elips_VPE_intrans_gen
The baby dreamed that Olivia slept and so did a kitty .	* baby ( x _ 0 ) ; kitty ( x _ 1 ) AND dream . agent ( x _ 2 , x _ 0 ) AND dream . ccomp ( x _ 2, x _ 3 ) AND sleep . agent ( x _ 3 , Olivia ) AND dream . agent ( x _ 4 , x _ 1 ) AND dream . ccomp ( x _ 4, x _ 5 ) AND sleep . agent ( x _ 5 , Olivia )	elips_VPE_intrans_gen
Liam examined and so did a boy .	boy ( x _ 0 ) AND examine . agent ( x _ 1 , Liam ) AND examine . agent ( x _ 2 , x _ 0 )	elips_VPE_intrans_gen
The bird cooked and so did the girl .	* bird ( x _ 0 ) ; * girl ( x _ 1 ) ; cook . agent ( x _ 2 , x _ 0 ) AND cook . agent ( x _ 3 , x _ 1 )	elips_VPE_intrans_gen
A girl stuttered and so did Liam .	girl ( x _ 0 ) AND stutter . agent ( x _ 1 , x _ 0 ) AND stutter . agent ( x _ 2 , Liam )	elips_VPE_intrans_gen
Noah slept and so did Emma .	sleep . agent ( x _ 0 , Noah ) AND sleep . agent ( x _ 1 , Emma )	elips_VPE_intrans_gen
A chicken jogged and so did Olivia .	chicken ( x _ 0 ) AND jog . agent ( x _ 1 , x _ 0 ) AND jog . agent ( x _ 2 , Olivia )	elips_VPE_intrans_gen
Nora cooked and so did a boy .	boy ( x _ 0 ) AND cook . agent ( x _ 1 , Nora ) AND cook . agent ( x _ 2 , x _ 0 )	elips_VPE_intrans_gen
A girl liked that the cow drew and so did a frog .	* cow ( x _ 3 ) ; girl ( x _ 0 ) AND frog ( x _ 2 ) AND like . agent ( x _ 4 , x _ 0 ) AND like . ccomp ( x _ 4, x _ 5 ) AND draw . agent ( x _ 5 , x _ 3 ) AND like . agent ( x _ 6 , x _ 2 ) AND like . ccomp ( x _ 6, x _ 7 ) AND draw . agent ( x _ 7 , x _ 3 )	elips_VPE_intrans_gen
Benjamin liked that Emma drew and so did a child .	child ( x _ 0 ) AND like . agent ( x _ 1 , Benjamin ) AND like . ccomp ( x _ 1, x _ 2 ) AND draw . agent ( x _ 2 , Emma ) AND like . agent ( x _ 3 , x _ 0 ) AND like . ccomp ( x _ 3, x _ 4 ) AND draw . agent ( x _ 4 , Emma )	elips_VPE_intrans_gen
A child slept and so did the monkey .	* monkey ( x _ 1 ) ; child ( x _ 0 ) AND sleep . agent ( x _ 2 , x _ 0 ) AND sleep . agent ( x _ 3 , x _ 1 )	elips_VPE_intrans_gen
A baby meant that Levi hunted and so did the bear .	* bear ( x _ 1 ) ; baby ( x _ 0 ) AND mean . agent ( x _ 2 , x _ 0 ) AND mean . ccomp ( x _ 2, x _ 3 ) AND hunt . agent ( x _ 3 , Levi ) AND mean . agent ( x _ 4 , x _ 1 ) AND mean . ccomp ( x _ 4, x _ 5 ) AND hunt . agent ( x _ 5 , Levi )	elips_VPE_intrans_gen
Emma liked that the baby slept and so did a girl .	* baby ( x _ 2 ) ; girl ( x _ 1 ) AND like . agent ( x _ 3 , Emma ) AND like . ccomp ( x _ 3, x _ 4 ) AND sleep . agent ( x _ 4 , x _ 2 ) AND like . agent ( x _ 5 , x _ 1 ) AND like . ccomp ( x _ 5, x _ 6 ) AND sleep . agent ( x _ 6 , x _ 2 )	elips_VPE_intrans_gen
Liam cried and so did Gabriel .	cry . agent ( x _ 0 , Liam ) AND cry . agent ( x _ 1 , Gabriel )	elips_VPE_intrans_gen
Liam appreciated that a frog ate and so did the giraffe .	* giraffe ( x _ 1 ) ; frog ( x _ 2 ) AND appreciate . agent ( x _ 3 , Liam ) AND appreciate . ccomp ( x _ 3, x _ 4 ) AND eat . agent ( x _ 4 , x _ 2 ) AND appreciate . agent ( x _ 5 , x _ 1 ) AND appreciate . ccomp ( x _ 5, x _ 6 ) AND eat . agent ( x _ 6 , x _ 2 )	elips_VPE_intrans_gen
A boy slept and so did Isabella .	boy ( x _ 0 ) AND sleep . agent ( x _ 1 , x _ 0 ) AND sleep . agent ( x _ 2 , Isabella )	elips_VPE_intrans_gen
A prince slept and so did Liam .	prince ( x _ 0 ) AND sleep . agent ( x _ 1 , x _ 0 ) AND sleep . agent ( x _ 2 , Liam )	elips_VPE_intrans_gen
A horse cleaned and so did the girl .	* girl ( x _ 1 ) ; horse ( x _ 0 ) AND clean . agent ( x _ 2 , x _ 0 ) AND clean . agent ( x _ 3 , x _ 1 )	elips_VPE_intrans_gen
The girl declared that Liam ate and so did the host .	* girl ( x _ 0 ) ; * host ( x _ 1 ) ; declare . agent ( x _ 2 , x _ 0 ) AND declare . ccomp ( x _ 2, x _ 3 ) AND eat . agent ( x _ 3 , Liam ) AND declare . agent ( x _ 4 , x _ 1 ) AND declare . ccomp ( x _ 4, x _ 5 ) AND eat . agent ( x _ 5 , Liam )	elips_VPE_intrans_gen
A girl liked that Carter called and so did Emma .	girl ( x _ 0 ) AND like . agent ( x _ 1 , x _ 0 ) AND like . ccomp ( x _ 1, x _ 2 ) AND call . agent ( x _ 2 , Carter ) AND like . agent ( x _ 3 , Emma ) AND like . ccomp ( x _ 3, x _ 4 ) AND call . agent ( x _ 4 , Carter )	elips_VPE_intrans_gen
A girl ate and so did Emma .	girl ( x _ 0 ) AND eat . agent ( x _ 1 , x _ 0 ) AND eat . agent ( x _ 2 , Emma )	elips_VPE_intrans_gen
Emma saw and so did the boy .	* boy ( x _ 0 ) ; see . agent ( x _ 1 , Emma ) AND see . agent ( x _ 2 , x _ 0 )	elips_VPE_intrans_gen
The girl slept and so did the servant .	* girl ( x _ 0 ) ; * servant ( x _ 1 ) ; sleep . agent ( x _ 2 , x _ 0 ) AND sleep . agent ( x _ 3 , x _ 1 )	elips_VPE_intrans_gen
The citizen appreciated that Charlotte ate and so did Emma .	* citizen ( x _ 0 ) ; appreciate . agent ( x _ 1 , x _ 0 ) AND appreciate . ccomp ( x _ 1, x _ 2 ) AND eat . agent ( x _ 2 , Charlotte ) AND appreciate . agent ( x _ 3 , Emma ) AND appreciate . ccomp ( x _ 3, x _ 4 ) AND eat . agent ( x _ 4 , Charlotte )	elips_VPE_intrans_gen
Jacob confessed that Emma drew and so did Olivia .	confess . agent ( x _ 0 , Jacob ) AND confess . ccomp ( x _ 0, x _ 1 ) AND draw . agent ( x _ 1 , Emma ) AND confess . agent ( x _ 2 , Olivia ) AND confess . ccomp ( x _ 2, x _ 3 ) AND draw . agent ( x _ 3 , Emma )	elips_VPE_intrans_gen
Henry dreamed that Jayden slept and so did the bear .	* bear ( x _ 0 ) ; dream . agent ( x _ 1 , Henry ) AND dream . ccomp ( x _ 1, x _ 2 ) AND sleep . agent ( x _ 2 , Jayden ) AND dream . agent ( x _ 3 , x _ 0 ) AND dream . ccomp ( x _ 3, x _ 4 ) AND sleep . agent ( x _ 4 , Jayden )	elips_VPE_intrans_gen
The boy jogged and so did Ava .	* boy ( x _ 0 ) ; jog . agent ( x _ 1 , x _ 0 ) AND jog . agent ( x _ 2 , Ava )	elips_VPE_intrans_gen
Emma cooked and so did a spokesman .	spokesman ( x _ 0 ) AND cook . agent ( x _ 1 , Emma ) AND cook . agent ( x _ 2 , x _ 0 )	elips_VPE_intrans_gen
The cat slept and so did Noah .	* cat ( x _ 0 ) ; sleep . agent ( x _ 1 , x _ 0 ) AND sleep . agent ( x _ 2 , Noah )	elips_VPE_intrans_gen
A cat smiled and so did the girl .	* girl ( x _ 1 ) ; cat ( x _ 0 ) AND smile . agent ( x _ 2 , x _ 0 ) AND smile . agent ( x _ 3 , x _ 1 )	elips_VPE_intrans_gen
A boy hunted and so did the girl .	* girl ( x _ 1 ) ; boy ( x _ 0 ) AND hunt . agent ( x _ 2 , x _ 0 ) AND hunt . agent ( x _ 3 , x _ 1 )	elips_VPE_intrans_gen
A crocodile heard and so did Ella .	crocodile ( x _ 0 ) AND hear . agent ( x _ 1 , x _ 0 ) AND hear . agent ( x _ 2 , Ella )	elips_VPE_intrans_gen
Liam liked that Sophia slept and so did Mason .	like . agent ( x _ 0 , Liam ) AND like . ccomp ( x _ 0, x _ 1 ) AND sleep . agent ( x _ 1 , Sophia ) AND like . agent ( x _ 2 , Mason ) AND like . ccomp ( x _ 2, x _ 3 ) AND sleep . agent ( x _ 3 , Sophia )	elips_VPE_intrans_gen
The girl liked that the chicken slept and so did Ava .	* girl ( x _ 0 ) ; * chicken ( x _ 2 ) ; like . agent ( x _ 3 , x _ 0 ) AND like . ccomp ( x _ 3, x _ 4 ) AND sleep . agent ( x _ 4 , x _ 2 ) AND like . agent ( x _ 5 , Ava ) AND like . ccomp ( x _ 5, x _ 6 ) AND sleep . agent ( x _ 6 , x _ 2 )	elips_VPE_intrans_gen
Sophia expected that the girl juggled and so did a bear .	* girl ( x _ 2 ) ; bear ( x _ 1 ) AND expect . agent ( x _ 3 , Sophia ) AND expect . ccomp ( x _ 3, x _ 4 ) AND juggle . agent ( x _ 4 , x _ 2 ) AND expect . agent ( x _ 5 , x _ 1 ) AND expect . ccomp ( x _ 5, x _ 6 ) AND juggle . agent ( x _ 6 , x _ 2 )	elips_VPE_intrans_gen
Emma proved that Liam drew and so did Claire .	prove . agent ( x _ 0 , Emma ) AND prove . ccomp ( x _ 0, x _ 1 ) AND draw . agent ( x _ 1 , Liam ) AND prove . agent ( x _ 2 , Claire ) AND prove . ccomp ( x _ 2, x _ 3 ) AND draw . agent ( x _ 3 , Liam )	elips_VPE_intrans_gen
A chicken smiled and so did Emma .	chicken ( x _ 0 ) AND smile . agent ( x _ 1 , x _ 0 ) AND smile . agent ( x _ 2 , Emma )	elips_VPE_intrans_gen
Emma liked that a citizen walked and so did Liam .	citizen ( x _ 1 ) AND like . agent ( x _ 2 , Emma ) AND like . ccomp ( x _ 2, x _ 3 ) AND walk . agent ( x _ 3 , x _ 1 ) AND like . agent ( x _ 4 , Liam ) AND like . ccomp ( x _ 4, x _ 5 ) AND walk . agent ( x _ 5 , x _ 1 )	elips_VPE_intrans_gen
The girl ate and so did the frog .	* girl ( x _ 0 ) ; * frog ( x _ 1 ) ; eat . agent ( x _ 2 , x _ 0 ) AND eat . agent ( x _ 3 , x _ 1 )	elips_VPE_intrans_gen
A deer cleaned and so did the producer .	* producer ( x _ 1 ) ; deer ( x _ 0 ) AND clean . agent ( x _ 2 , x _ 0 ) AND clean . agent ( x _ 3 , x _ 1 )	elips_VPE_intrans_gen
Lucas sneezed and so did Olivia .	sneeze . agent ( x _ 0 , Lucas ) AND sneeze . agent ( x _ 1 , Olivia )	elips_VPE_intrans_gen
Ava tolerated that Olivia walked and so did a frog .	frog ( x _ 0 ) AND tolerate . agent ( x _ 1 , Ava ) AND tolerate . ccomp ( x _ 1, x _ 2 ) AND walk . agent ( x _ 2 , Olivia ) AND tolerate . agent ( x _ 3 , x _ 0 ) AND tolerate . ccomp ( x _ 3, x _ 4 ) AND walk . agent ( x _ 4 , Olivia )	elips_VPE_intrans_gen
The turtle said that Savannah ate and so did Ava .	* turtle ( x _ 0 ) ; say . agent ( x _ 1 , x _ 0 ) AND say . ccomp ( x _ 1, x _ 2 ) AND eat . agent ( x _ 2 , Savannah ) AND say . agent ( x _ 3 , Ava ) AND say . ccomp ( x _ 3, x _ 4 ) AND eat . agent ( x _ 4 , Savannah )	elips_VPE_intrans_gen
Liam appreciated that a hero hunted and so did a dog .	hero ( x _ 2 ) AND dog ( x _ 1 ) AND appreciate . agent ( x _ 3 , Liam ) AND appreciate . ccomp ( x _ 3, x _ 4 ) AND hunt . agent ( x _ 4 , x _ 2 ) AND appreciate . agent ( x _ 5 , x _ 1 ) AND appreciate . ccomp ( x _ 5, x _ 6 ) AND hunt . agent ( x _ 6 , x _ 2 )	elips_VPE_intrans_gen
Liam slept and so did the lion .	* lion ( x _ 0 ) ; sleep . agent ( x _ 1 , Liam ) AND sleep . agent ( x _ 2 , x _ 0 )	elips_VPE_intrans_gen
Olivia cooked and so did a child .	child ( x _ 0 ) AND cook . agent ( x _ 1 , Olivia ) AND cook . agent ( x _ 2 , x _ 0 )	elips_VPE_intrans_gen
Noah ate and so did the princess .	* princess ( x _ 0 ) ; eat . agent ( x _ 1 , Noah ) AND eat . agent ( x _ 2 , x _ 0 )	elips_VPE_intrans_gen
The baby smirked and so did a frog .	* baby ( x _ 0 ) ; frog ( x _ 1 ) AND smirk . agent ( x _ 2 , x _ 0 ) AND smirk . agent ( x _ 3 , x _ 1 )	elips_VPE_intrans_gen
A boy danced and so did a professor .	boy ( x _ 0 ) AND professor ( x _ 1 ) AND dance . agent ( x _ 2 , x _ 0 ) AND dance . agent ( x _ 3 , x _ 1 )	elips_VPE_intrans_gen
Mason liked that a boy painted and so did the human .	* human ( x _ 1 ) ; boy ( x _ 2 ) AND like . agent ( x _ 3 , Mason ) AND like . ccomp ( x _ 3, x _ 4 ) AND paint . agent ( x _ 4 , x _ 2 ) AND like . agent ( x _ 5 , x _ 1 ) AND like . ccomp ( x _ 5, x _ 6 ) AND paint . agent ( x _ 6 , x _ 2 )	elips_VPE_intrans_gen
A girl tolerated that Emma slept and so did a dog .	girl ( x _ 0 ) AND dog ( x _ 1 ) AND tolerate . agent ( x _ 2 , x _ 0 ) AND tolerate . ccomp ( x _ 2, x _ 3 ) AND sleep . agent ( x _ 3 , Emma ) AND tolerate . agent ( x _ 4 , x _ 1 ) AND tolerate . ccomp ( x _ 4, x _ 5 ) AND sleep . agent ( x _ 5 , Emma )	elips_VPE_intrans_gen
Jacob painted and so did the girl .	* girl ( x _ 0 ) ; paint . agent ( x _ 1 , Jacob ) AND paint . agent ( x _ 2 , x _ 0 )	elips_VPE_intrans_gen
A boy confessed that Lillian cried and so did the monkey .	* monkey ( x _ 1 ) ; boy ( x _ 0 ) AND confess . agent ( x _ 2 , x _ 0 ) AND confess . ccomp ( x _ 2, x _ 3 ) AND cry . agent ( x _ 3 , Lillian ) AND confess . agent ( x _ 4 , x _ 1 ) AND confess . ccomp ( x _ 4, x _ 5 ) AND cry . agent ( x _ 5 , Lillian )	elips_VPE_intrans_gen
A chicken juggled and so did Emma .	chicken ( x _ 0 ) AND juggle . agent ( x _ 1 , x _ 0 ) AND juggle . agent ( x _ 2 , Emma )	elips_VPE_intrans_gen
Charlotte liked that Liam laughed and so did Scarlett .	like . agent ( x _ 0 , Charlotte ) AND like . ccomp ( x _ 0, x _ 1 ) AND laugh . agent ( x _ 1 , Liam ) AND like . agent ( x _ 2 , Scarlett ) AND like . ccomp ( x _ 2, x _ 3 ) AND laugh . agent ( x _ 3 , Liam )	elips_VPE_intrans_gen
The mouse slept and so did Olivia .	* mouse ( x _ 0 ) ; sleep . agent ( x _ 1 , x _ 0 ) AND sleep . agent ( x _ 2 , Olivia )	elips_VPE_intrans_gen
Elijah investigated and so did a chicken .	chicken ( x _ 0 ) AND investigate . agent ( x _ 1 , Elijah ) AND investigate . agent ( x _ 2 , x _ 0 )	elips_VPE_intrans_gen
Camila liked that Emma cooked and so did Elijah .	like . agent ( x _ 0 , Camila ) AND like . ccomp ( x _ 0, x _ 1 ) AND cook . agent ( x _ 1 , Emma ) AND like . agent ( x _ 2 , Elijah ) AND like . ccomp ( x _ 2, x _ 3 ) AND cook . agent ( x _ 3 , Emma )	elips_VPE_intrans_gen
Lily laughed and so did the doctor .	* doctor ( x _ 0 ) ; laugh . agent ( x _ 1 , Lily ) AND laugh . agent ( x _ 2 , x _ 0 )	elips_VPE_intrans_gen
Lily liked that a girl stuttered and so did Mia .	girl ( x _ 1 ) AND like . agent ( x _ 2 , Lily ) AND like . ccomp ( x _ 2, x _ 3 ) AND stutter . agent ( x _ 3 , x _ 1 ) AND like . agent ( x _ 4 , Mia ) AND like . ccomp ( x _ 4, x _ 5 ) AND stutter . agent ( x _ 5 , x _ 1 )	elips_VPE_intrans_gen
Daniel screamed and so did a cow .	cow ( x _ 0 ) AND scream . agent ( x _ 1 , Daniel ) AND scream . agent ( x _ 2 , x _ 0 )	elips_VPE_intrans_gen
The deer confessed that Olivia examined and so did Liam .	* deer ( x _ 0 ) ; confess . agent ( x _ 1 , x _ 0 ) AND confess . ccomp ( x _ 1, x _ 2 ) AND examine . agent ( x _ 2 , Olivia ) AND confess . agent ( x _ 3 , Liam ) AND confess . ccomp ( x _ 3, x _ 4 ) AND examine . agent ( x _ 4 , Olivia )	elips_VPE_intrans_gen
The girl ate and so did Emma .	* girl ( x _ 0 ) ; eat . agent ( x _ 1 , x _ 0 ) AND eat . agent ( x _ 2 , Emma )	elips_VPE_intrans_gen
A queen drew and so did James .	queen ( x _ 0 ) AND draw . agent ( x _ 1 , x _ 0 ) AND draw . agent ( x _ 2 , James )	elips_VPE_intrans_gen
Evelyn investigated and so did the boy .	* boy ( x _ 0 ) ; investigate . agent ( x _ 1 , Evelyn ) AND investigate . agent ( x _ 2 , x _ 0 )	elips_VPE_intrans_gen
The guy drew and so did the boy .	* guy ( x _ 0 ) ; * boy ( x _ 1 ) ; draw . agent ( x _ 2 , x _ 0 ) AND draw . agent ( x _ 3 , x _ 1 )	elips_VPE_intrans_gen
Harper liked that Oliver sneezed and so did Emma .	like . agent ( x _ 0 , Harper ) AND like . ccomp ( x _ 0, x _ 1 ) AND sneeze . agent ( x _ 1 , Oliver ) AND like . agent ( x _ 2 , Emma ) AND like . ccomp ( x _ 2, x _ 3 ) AND sneeze . agent ( x _ 3 , Oliver )	elips_VPE_intrans_gen
Evelyn observed and so did Emma .	observe . agent ( x _ 0 , Evelyn ) AND observe . agent ( x _ 1 , Emma )	elips_VPE_intrans_gen
Emma slept and so did Ethan .	sleep . agent ( x _ 0 , Emma ) AND sleep . agent ( x _ 1 , Ethan )	elips_VPE_intrans_gen
Ava liked that Hazel hunted and so did Stella .	like . agent ( x _ 0 , Ava ) AND like . ccomp ( x _ 0, x _ 1 ) AND hunt . agent ( x _ 1 , Hazel ) AND like . agent ( x _ 2 , Stella ) AND like . ccomp ( x _ 2, x _ 3 ) AND hunt . agent ( x _ 3 , Hazel )	elips_VPE_intrans_gen
William ate and so did Madison .	eat . agent ( x _ 0 , William ) AND eat . agent ( x _ 1 , Madison )	elips_VPE_intrans_gen
Nora slept and so did a lion .	lion ( x _ 0 ) AND sleep . agent ( x _ 1 , Nora ) AND sleep . agent ( x _ 2 , x _ 0 )	elips_VPE_intrans_gen
The teacher snoozed and so did Liam .	* teacher ( x _ 0 ) ; snooze . agent ( x _ 1 , x _ 0 ) AND snooze . agent ( x _ 2 , Liam )	elips_VPE_intrans_gen
Emma liked that Nora laughed and so did Noah .	like . agent ( x _ 0 , Emma ) AND like . ccomp ( x _ 0, x _ 1 ) AND laugh . agent ( x _ 1 , Nora ) AND like . agent ( x _ 2 , Noah ) AND like . ccomp ( x _ 2, x _ 3 ) AND laugh . agent ( x _ 3 , Nora )	elips_VPE_intrans_gen
Emma liked that a boy packed and so did the girl .	* girl ( x _ 1 ) ; boy ( x _ 2 ) AND like . agent ( x _ 3 , Emma ) AND like . ccomp ( x _ 3, x _ 4 ) AND pack . agent ( x _ 4 , x _ 2 ) AND like . agent ( x _ 5 , x _ 1 ) AND like . ccomp ( x _ 5, x _ 6 ) AND pack . agent ( x _ 6 , x _ 2 )	elips_VPE_intrans_gen
A servant stuttered and so did the girl .	* girl ( x _ 1 ) ; servant ( x _ 0 ) AND stutter . agent ( x _ 2 , x _ 0 ) AND stutter . agent ( x _ 3 , x _ 1 )	elips_VPE_intrans_gen
The girl nursed and so did Benjamin .	* girl ( x _ 0 ) ; nurse . agent ( x _ 1 , x _ 0 ) AND nurse . agent ( x _ 2 , Benjamin )	elips_VPE_intrans_gen
The girl ran and so did Emily .	* girl ( x _ 0 ) ; run . agent ( x _ 1 , x _ 0 ) AND run . agent ( x _ 2 , Emily )	elips_VPE_intrans_gen
The mouse declared that Natalie slept and so did the baby .	* mouse ( x _ 0 ) ; * baby ( x _ 1 ) ; declare . agent ( x _ 2 , x _ 0 ) AND declare . ccomp ( x _ 2, x _ 3 ) AND sleep . agent ( x _ 3 , Natalie ) AND declare . agent ( x _ 4 , x _ 1 ) AND declare . ccomp ( x _ 4, x _ 5 ) AND sleep . agent ( x _ 5 , Natalie )	elips_VPE_intrans_gen
Mason liked that Emma smiled and so did the girl .	* girl ( x _ 0 ) ; like . agent ( x _ 1 , Mason ) AND like . ccomp ( x _ 1, x _ 2 ) AND smile . agent ( x _ 2 , Emma ) AND like . agent ( x _ 3 , x _ 0 ) AND like . ccomp ( x _ 3, x _ 4 ) AND smile . agent ( x _ 4 , Emma )	elips_VPE_intrans_gen
Harper liked that a frog slept and so did the citizen .	* citizen ( x _ 1 ) ; frog ( x _ 2 ) AND like . agent ( x _ 3 , Harper ) AND like . ccomp ( x _ 3, x _ 4 ) AND sleep . agent ( x _ 4 , x _ 2 ) AND like . agent ( x _ 5 , x _ 1 ) AND like . ccomp ( x _ 5, x _ 6 ) AND sleep . agent ( x _ 6 , x _ 2 )	elips_VPE_intrans_gen
Natalie slept and so did Emma .	sleep . agent ( x _ 0 , Natalie ) AND sleep . agent ( x _ 1 , Emma )	elips_VPE_intrans_gen
Emma supported that a boy slept and so did Noah .	boy ( x _ 1 ) AND support . agent ( x _ 2 , Emma ) AND support . ccomp ( x _ 2, x _ 3 ) AND sleep . agent ( x _ 3 , x _ 1 ) AND support . agent ( x _ 4 , Noah ) AND support . ccomp ( x _ 4, x _ 5 ) AND sleep . agent ( x _ 5 , x _ 1 )	elips_VPE_intrans_gen
A child ran and so did the cat .	* cat ( x _ 1 ) ; child ( x _ 0 ) AND run . agent ( x _ 2 , x _ 0 ) AND run . agent ( x _ 3 , x _ 1 )	elips_VPE_intrans_gen
The bee slept and so did a champion .	* bee ( x _ 0 ) ; champion ( x _ 1 ) AND sleep . agent ( x _ 2 , x _ 0 ) AND sleep . agent ( x _ 3 , x _ 1 )	elips_VPE_intrans_gen
William cooked and so did a goose .	goose ( x _ 0 ) AND cook . agent ( x _ 1 , William ) AND cook . agent ( x _ 2 , x _ 0 )	elips_VPE_intrans_gen
The boy noticed that the bird sneezed and so did the kitty .	* boy ( x _ 0 ) ; * bird ( x _ 3 ) ; * kitty ( x _ 2 ) ; notice . agent ( x _ 4 , x _ 0 ) AND notice . ccomp ( x _ 4, x _ 5 ) AND sneeze . agent ( x _ 5 , x _ 3 ) AND notice . agent ( x _ 6 , x _ 2 ) AND notice . ccomp ( x _ 6, x _ 7 ) AND sneeze . agent ( x _ 7 , x _ 3 )	elips_VPE_intrans_gen
Luna smiled and so did the girl .	* girl ( x _ 0 ) ; smile . agent ( x _ 1 , Luna ) AND smile . agent ( x _ 2 , x _ 0 )	elips_VPE_intrans_gen
The hen hoped that the cat painted and so did a boy .	* hen ( x _ 0 ) ; * cat ( x _ 3 ) ; boy ( x _ 2 ) AND hope . agent ( x _ 4 , x _ 0 ) AND hope . ccomp ( x _ 4, x _ 5 ) AND paint . agent ( x _ 5 , x _ 3 ) AND hope . agent ( x _ 6 , x _ 2 ) AND hope . ccomp ( x _ 6, x _ 7 ) AND paint . agent ( x _ 7 , x _ 3 )	elips_VPE_intrans_gen
A baby hoped that a pupil smirked and so did Emma .	baby ( x _ 0 ) AND pupil ( x _ 2 ) AND hope . agent ( x _ 3 , x _ 0 ) AND hope . ccomp ( x _ 3, x _ 4 ) AND smirk . agent ( x _ 4 , x _ 2 ) AND hope . agent ( x _ 5 , Emma ) AND hope . ccomp ( x _ 5, x _ 6 ) AND smirk . agent ( x _ 6 , x _ 2 )	elips_VPE_intrans_gen
A director ate and so did the girl .	* girl ( x _ 1 ) ; director ( x _ 0 ) AND eat . agent ( x _ 2 , x _ 0 ) AND eat . agent ( x _ 3 , x _ 1 )	elips_VPE_intrans_gen
Luke painted and so did Charlotte .	paint . agent ( x _ 0 , Luke ) AND paint . agent ( x _ 1 , Charlotte )	elips_VPE_intrans_gen
Olivia ate and so did Emma .	eat . agent ( x _ 0 , Olivia ) AND eat . agent ( x _ 1 , Emma )	elips_VPE_intrans_gen
Ava drew and so did Emma .	draw . agent ( x _ 0 , Ava ) AND draw . agent ( x _ 1 , Emma )	elips_VPE_intrans_gen
A frog smiled and so did Emma .	frog ( x _ 0 ) AND smile . agent ( x _ 1 , x _ 0 ) AND smile . agent ( x _ 2 , Emma )	elips_VPE_intrans_gen
The girl liked that a boy talked and so did Daniel .	* girl ( x _ 0 ) ; boy ( x _ 2 ) AND like . agent ( x _ 3 , x _ 0 ) AND like . ccomp ( x _ 3, x _ 4 ) AND talk . agent ( x _ 4 , x _ 2 ) AND like . agent ( x _ 5 , Daniel ) AND like . ccomp ( x _ 5, x _ 6 ) AND talk . agent ( x _ 6 , x _ 2 )	elips_VPE_intrans_gen
Logan screamed and so did a lion .	lion ( x _ 0 ) AND scream . agent ( x _ 1 , Logan ) AND scream . agent ( x _ 2 , x _ 0 )	elips_VPE_intrans_gen
A cat liked that the dog walked and so did Mia .	* dog ( x _ 2 ) ; cat ( x _ 0 ) AND like . agent ( x _ 3 , x _ 0 ) AND like . ccomp ( x _ 3, x _ 4 ) AND walk . agent ( x _ 4 , x _ 2 ) AND like . agent ( x _ 5 , Mia ) AND like . ccomp ( x _ 5, x _ 6 ) AND walk . agent ( x _ 6 , x _ 2 )	elips_VPE_intrans_gen
The student hoped that the squirrel snoozed and so did the girl .	* student ( x _ 0 ) ; * squirrel ( x _ 3 ) ; * girl ( x _ 2 ) ; hope . agent ( x _ 4 , x _ 0 ) AND hope . ccomp ( x _ 4, x _ 5 ) AND snooze . agent ( x _ 5 , x _ 3 ) AND hope . agent ( x _ 6 , x _ 2 ) AND hope . ccomp ( x _ 6, x _ 7 ) AND snooze . agent ( x _ 7 , x _ 3 )	elips_VPE_intrans_gen
The boy ate and so did a mouse .	* boy ( x _ 0 ) ; mouse ( x _ 1 ) AND eat . agent ( x _ 2 , x _ 0 ) AND eat . agent ( x _ 3 , x _ 1 )	elips_VPE_intrans_gen
The bear slept and so did Emma .	* bear ( x _ 0 ) ; sleep . agent ( x _ 1 , x _ 0 ) AND sleep . agent ( x _ 2 , Emma )	elips_VPE_intrans_gen
Emma slept and so did Mason .	sleep . agent ( x _ 0 , Emma ) AND sleep . agent ( x _ 1 , Mason )	elips_VPE_intrans_gen
A dog talked and so did the girl .	* girl ( x _ 1 ) ; dog ( x _ 0 ) AND talk . agent ( x _ 2 , x _ 0 ) AND talk . agent ( x _ 3 , x _ 1 )	elips_VPE_intrans_gen
Madison ate and so did a boy .	boy ( x _ 0 ) AND eat . agent ( x _ 1 , Madison ) AND eat . agent ( x _ 2 , x _ 0 )	elips_VPE_intrans_gen
A boy believed that a child giggled and so did Alexander .	boy ( x _ 0 ) AND child ( x _ 2 ) AND believe . agent ( x _ 3 , x _ 0 ) AND believe . ccomp ( x _ 3, x _ 4 ) AND giggle . agent ( x _ 4 , x _ 2 ) AND believe . agent ( x _ 5 , Alexander ) AND believe . ccomp ( x _ 5, x _ 6 ) AND giggle . agent ( x _ 6 , x _ 2 )	elips_VPE_intrans_gen
A monster hoped that a hen ate and so did Luna .	monster ( x _ 0 ) AND hen ( x _ 2 ) AND hope . agent ( x _ 3 , x _ 0 ) AND hope . ccomp ( x _ 3, x _ 4 ) AND eat . agent ( x _ 4 , x _ 2 ) AND hope . agent ( x _ 5 , Luna ) AND hope . ccomp ( x _ 5, x _ 6 ) AND eat . agent ( x _ 6 , x _ 2 )	elips_VPE_intrans_gen
Michael talked and so did a girl .	girl ( x _ 0 ) AND talk . agent ( x _ 1 , Michael ) AND talk . agent ( x _ 2 , x _ 0 )	elips_VPE_intrans_gen
Emma examined and so did a cat .	cat ( x _ 0 ) AND examine . agent ( x _ 1 , Emma ) AND examine . agent ( x _ 2 , x _ 0 )	elips_VPE_intrans_gen
Emma valued that a queen noticed and so did the boy .	* boy ( x _ 1 ) ; queen ( x _ 2 ) AND value . agent ( x _ 3 , Emma ) AND value . ccomp ( x _ 3, x _ 4 ) AND notice . agent ( x _ 4 , x _ 2 ) AND value . agent ( x _ 5 , x _ 1 ) AND value . ccomp ( x _ 5, x _ 6 ) AND notice . agent ( x _ 6 , x _ 2 )	elips_VPE_intrans_gen
Lucas liked that the boy jogged and so did Evelyn .	* boy ( x _ 1 ) ; like . agent ( x _ 2 , Lucas ) AND like . ccomp ( x _ 2, x _ 3 ) AND jog . agent ( x _ 3 , x _ 1 ) AND like . agent ( x _ 4 , Evelyn ) AND like . ccomp ( x _ 4, x _ 5 ) AND jog . agent ( x _ 5 , x _ 1 )	elips_VPE_intrans_gen
Emma noticed that Noah slept and so did Evelyn .	notice . agent ( x _ 0 , Emma ) AND notice . ccomp ( x _ 0, x _ 1 ) AND sleep . agent ( x _ 1 , Noah ) AND notice . agent ( x _ 2 , Evelyn ) AND notice . ccomp ( x _ 2, x _ 3 ) AND sleep . agent ( x _ 3 , Noah )	elips_VPE_intrans_gen
Hazel liked that a girl cleaned and so did the mouse .	* mouse ( x _ 1 ) ; girl ( x _ 2 ) AND like . agent ( x _ 3 , Hazel ) AND like . ccomp ( x _ 3, x _ 4 ) AND clean . agent ( x _ 4 , x _ 2 ) AND like . agent ( x _ 5 , x _ 1 ) AND like . ccomp ( x _ 5, x _ 6 ) AND clean . agent ( x _ 6 , x _ 2 )	elips_VPE_intrans_gen
Nathan slept and so did Scarlett .	sleep . agent ( x _ 0 , Nathan ) AND sleep . agent ( x _ 1 , Scarlett )	elips_VPE_intrans_gen
Michael admired that a sheep sneezed and so did Emma .	sheep ( x _ 1 ) AND admire . agent ( x _ 2 , Michael ) AND admire . ccomp ( x _ 2, x _ 3 ) AND sneeze . agent ( x _ 3 , x _ 1 ) AND admire . agent ( x _ 4 , Emma ) AND admire . ccomp ( x _ 4, x _ 5 ) AND sneeze . agent ( x _ 5 , x _ 1 )	elips_VPE_intrans_gen
The fly noticed that Amelia talked and so did a boy .	* fly ( x _ 0 ) ; boy ( x _ 1 ) AND notice . agent ( x _ 2 , x _ 0 ) AND notice . ccomp ( x _ 2, x _ 3 ) AND talk . agent ( x _ 3 , Amelia ) AND notice . agent ( x _ 4 , x _ 1 ) AND notice . ccomp ( x _ 4, x _ 5 ) AND talk . agent ( x _ 5 , Amelia )	elips_VPE_intrans_gen
A girl ate and so did a mouse .	girl ( x _ 0 ) AND mouse ( x _ 1 ) AND eat . agent ( x _ 2 , x _ 0 ) AND eat . agent ( x _ 3 , x _ 1 )	elips_VPE_intrans_gen
Emma giggled and so did Jackson .	giggle . agent ( x _ 0 , Emma ) AND giggle . agent ( x _ 1 , Jackson )	elips_VPE_intrans_gen
The father believed that the dog ate and so did a customer .	* father ( x _ 0 ) ; * dog ( x _ 3 ) ; customer ( x _ 2 ) AND believe . agent ( x _ 4 , x _ 0 ) AND believe . ccomp ( x _ 4, x _ 5 ) AND eat . agent ( x _ 5 , x _ 3 ) AND believe . agent ( x _ 6 , x _ 2 ) AND believe . ccomp ( x _ 6, x _ 7 ) AND eat . agent ( x _ 7 , x _ 3 )	elips_VPE_intrans_gen
The boy walked and so did the girl .	* boy ( x _ 0 ) ; * girl ( x _ 1 ) ; walk . agent ( x _ 2 , x _ 0 ) AND walk . agent ( x _ 3 , x _ 1 )	elips_VPE_intrans_gen
The boy appreciated that a girl ate and so did the buyer .	* boy ( x _ 0 ) ; * buyer ( x _ 2 ) ; girl ( x _ 3 ) AND appreciate . agent ( x _ 4 , x _ 0 ) AND appreciate . ccomp ( x _ 4, x _ 5 ) AND eat . agent ( x _ 5 , x _ 3 ) AND appreciate . agent ( x _ 6 , x _ 2 ) AND appreciate . ccomp ( x _ 6, x _ 7 ) AND eat . agent ( x _ 7 , x _ 3 )	elips_VPE_intrans_gen
The friend slept and so did the girl .	* friend ( x _ 0 ) ; * girl ( x _ 1 ) ; sleep . agent ( x _ 2 , x _ 0 ) AND sleep . agent ( x _ 3 , x _ 1 )	elips_VPE_intrans_gen
Amelia jogged and so did a cat .	cat ( x _ 0 ) AND jog . agent ( x _ 1 , Amelia ) AND jog . agent ( x _ 2 , x _ 0 )	elips_VPE_intrans_gen
The buyer ate and so did Emma .	* buyer ( x _ 0 ) ; eat . agent ( x _ 1 , x _ 0 ) AND eat . agent ( x _ 2 , Emma )	elips_VPE_intrans_gen
A girl screamed and so did the mouse .	* mouse ( x _ 1 ) ; girl ( x _ 0 ) AND scream . agent ( x _ 2 , x _ 0 ) AND scream . agent ( x _ 3 , x _ 1 )	elips_VPE_intrans_gen
Liam drew and so did Ava .	draw . agent ( x _ 0 , Liam ) AND draw . agent ( x _ 1 , Ava )	elips_VPE_intrans_gen
The boy snoozed and so did Noah .	* boy ( x _ 0 ) ; snooze . agent ( x _ 1 , x _ 0 ) AND snooze . agent ( x _ 2 , Noah )	elips_VPE_intrans_gen
Liam liked that the boy danced and so did a teacher .	* boy ( x _ 2 ) ; teacher ( x _ 1 ) AND like . agent ( x _ 3 , Liam ) AND like . ccomp ( x _ 3, x _ 4 ) AND dance . agent ( x _ 4 , x _ 2 ) AND like . agent ( x _ 5 , x _ 1 ) AND like . ccomp ( x _ 5, x _ 6 ) AND dance . agent ( x _ 6 , x _ 2 )	elips_VPE_intrans_gen
A lamb ate and so did a girl .	lamb ( x _ 0 ) AND girl ( x _ 1 ) AND eat . agent ( x _ 2 , x _ 0 ) AND eat . agent ( x _ 3 , x _ 1 )	elips_VPE_intrans_gen
The girl knew and so did the baby .	* girl ( x _ 0 ) ; * baby ( x _ 1 ) ; know . agent ( x _ 2 , x _ 0 ) AND know . agent ( x _ 3 , x _ 1 )	elips_VPE_intrans_gen
The girl investigated and so did Emma .	* girl ( x _ 0 ) ; investigate . agent ( x _ 1 , x _ 0 ) AND investigate . agent ( x _ 2 , Emma )	elips_VPE_intrans_gen
Chloe ate and so did a child .	child ( x _ 0 ) AND eat . agent ( x _ 1 , Chloe ) AND eat . agent ( x _ 2 , x _ 0 )	elips_VPE_intrans_gen
Skylar laughed and so did the girl .	* girl ( x _ 0 ) ; laugh . agent ( x _ 1 , Skylar ) AND laugh . agent ( x _ 2 , x _ 0 )	elips_VPE_intrans_gen
The turtle cooked and so did the boy .	* turtle ( x _ 0 ) ; * boy ( x _ 1 ) ; cook . agent ( x _ 2 , x _ 0 ) AND cook . agent ( x _ 3 , x _ 1 )	elips_VPE_intrans_gen
Charlotte slept and so did Mateo .	sleep . agent ( x _ 0 , Charlotte ) AND sleep . agent ( x _ 1 , Mateo )	elips_VPE_intrans_gen
Sophia smiled and so did a student .	student ( x _ 0 ) AND smile . agent ( x _ 1 , Sophia ) AND smile . agent ( x _ 2 , x _ 0 )	elips_VPE_intrans_gen
A cat liked that Emma nursed and so did Chloe .	cat ( x _ 0 ) AND like . agent ( x _ 1 , x _ 0 ) AND like . ccomp ( x _ 1, x _ 2 ) AND nurse . agent ( x _ 2 , Emma ) AND like . agent ( x _ 3 , Chloe ) AND like . ccomp ( x _ 3, x _ 4 ) AND nurse . agent ( x _ 4 , Emma )	elips_VPE_intrans_gen
Sophia nursed and so did Emma .	nurse . agent ( x _ 0 , Sophia ) AND nurse . agent ( x _ 1 , Emma )	elips_VPE_intrans_gen
A champion slept and so did a girl .	champion ( x _ 0 ) AND girl ( x _ 1 ) AND sleep . agent ( x _ 2 , x _ 0 ) AND sleep . agent ( x _ 3 , x _ 1 )	elips_VPE_intrans_gen
The girl liked that Ava smiled and so did Olivia .	* girl ( x _ 0 ) ; like . agent ( x _ 1 , x _ 0 ) AND like . ccomp ( x _ 1, x _ 2 ) AND smile . agent ( x _ 2 , Ava ) AND like . agent ( x _ 3 , Olivia ) AND like . ccomp ( x _ 3, x _ 4 ) AND smile . agent ( x _ 4 , Ava )	elips_VPE_intrans_gen
A zebra expected that Liam slept and so did Olivia .	zebra ( x _ 0 ) AND expect . agent ( x _ 1 , x _ 0 ) AND expect . ccomp ( x _ 1, x _ 2 ) AND sleep . agent ( x _ 2 , Liam ) AND expect . agent ( x _ 3 , Olivia ) AND expect . ccomp ( x _ 3, x _ 4 ) AND sleep . agent ( x _ 4 , Liam )	elips_VPE_intrans_gen
The boy cried and so did a girl .	* boy ( x _ 0 ) ; girl ( x _ 1 ) AND cry . agent ( x _ 2 , x _ 0 ) AND cry . agent ( x _ 3 , x _ 1 )	elips_VPE_intrans_gen
Oliver laughed and so did the monkey .	* monkey ( x _ 0 ) ; laugh . agent ( x _ 1 , Oliver ) AND laugh . agent ( x _ 2 , x _ 0 )	elips_VPE_intrans_gen
The dog liked that Caleb ran and so did a boy .	* dog ( x _ 0 ) ; boy ( x _ 1 ) AND like . agent ( x _ 2 , x _ 0 ) AND like . ccomp ( x _ 2, x _ 3 ) AND run . agent ( x _ 3 , Caleb ) AND like . agent ( x _ 4 , x _ 1 ) AND like . ccomp ( x _ 4, x _ 5 ) AND run . agent ( x _ 5 , Caleb )	elips_VPE_intrans_gen
Liam painted and so did the scientist .	* scientist ( x _ 0 ) ; paint . agent ( x _ 1 , Liam ) AND paint . agent ( x _ 2 , x _ 0 )	elips_VPE_intrans_gen
Jack believed that Emma snored and so did the visitor .	* visitor ( x _ 0 ) ; believe . agent ( x _ 1 , Jack ) AND believe . ccomp ( x _ 1, x _ 2 ) AND snore . agent ( x _ 2 , Emma ) AND believe . agent ( x _ 3 , x _ 0 ) AND believe . ccomp ( x _ 3, x _ 4 ) AND snore . agent ( x _ 4 , Emma )	elips_VPE_intrans_gen
Emma smiled and so did Noah .	smile . agent ( x _ 0 , Emma ) AND smile . agent ( x _ 1 , Noah )	elips_VPE_intrans_gen
The giraffe liked that Harper smiled and so did Elizabeth .	* giraffe ( x _ 0 ) ; like . agent ( x _ 1 , x _ 0 ) AND like . ccomp ( x _ 1, x _ 2 ) AND smile . agent ( x _ 2 , Harper ) AND like . agent ( x _ 3 , Elizabeth ) AND like . ccomp ( x _ 3, x _ 4 ) AND smile . agent ( x _ 4 , Harper )	elips_VPE_intrans_gen
Sophia declared that the girl slept and so did Luna .	* girl ( x _ 1 ) ; declare . agent ( x _ 2 , Sophia ) AND declare . ccomp ( x _ 2, x _ 3 ) AND sleep . agent ( x _ 3 , x _ 1 ) AND declare . agent ( x _ 4 , Luna ) AND declare . ccomp ( x _ 4, x _ 5 ) AND sleep . agent ( x _ 5 , x _ 1 )	elips_VPE_intrans_gen
Lucas liked that James cleaned and so did the girl .	* girl ( x _ 0 ) ; like . agent ( x _ 1 , Lucas ) AND like . ccomp ( x _ 1, x _ 2 ) AND clean . agent ( x _ 2 , James ) AND like . agent ( x _ 3 , x _ 0 ) AND like . ccomp ( x _ 3, x _ 4 ) AND clean . agent ( x _ 4 , James )	elips_VPE_intrans_gen
Charlotte appreciated that Noah dusted and so did a girl .	girl ( x _ 0 ) AND appreciate . agent ( x _ 1 , Charlotte ) AND appreciate . ccomp ( x _ 1, x _ 2 ) AND dust . agent ( x _ 2 , Noah ) AND appreciate . agent ( x _ 3 , x _ 0 ) AND appreciate . ccomp ( x _ 3, x _ 4 ) AND dust . agent ( x _ 4 , Noah )	elips_VPE_intrans_gen
The girl investigated and so did a boy .	* girl ( x _ 0 ) ; boy ( x _ 1 ) AND investigate . agent ( x _ 2 , x _ 0 ) AND investigate . agent ( x _ 3 , x _ 1 )	elips_VPE_intrans_gen
Gabriel smiled and so did the pupil .	* pupil ( x _ 0 ) ; smile . agent ( x _ 1 , Gabriel ) AND smile . agent ( x _ 2 , x _ 0 )	elips_VPE_intrans_gen
Ava slept and so did the duck .	* duck ( x _ 0 ) ; sleep . agent ( x _ 1 , Ava ) AND sleep . agent ( x _ 2 , x _ 0 )	elips_VPE_intrans_gen
Emma danced and so did the girl .	* girl ( x _ 0 ) ; dance . agent ( x _ 1 , Emma ) AND dance . agent ( x _ 2 , x _ 0 )	elips_VPE_intrans_gen
Noah cooked and so did Liam .	cook . agent ( x _ 0 , Noah ) AND cook . agent ( x _ 1 , Liam )	elips_VPE_intrans_gen
Joshua liked that Liam smiled and so did the girl .	* girl ( x _ 0 ) ; like . agent ( x _ 1 , Joshua ) AND like . ccomp ( x _ 1, x _ 2 ) AND smile . agent ( x _ 2 , Liam ) AND like . agent ( x _ 3 , x _ 0 ) AND like . ccomp ( x _ 3, x _ 4 ) AND smile . agent ( x _ 4 , Liam )	elips_VPE_intrans_gen
Noah liked that Oliver cleaned and so did a turkey .	turkey ( x _ 0 ) AND like . agent ( x _ 1 , Noah ) AND like . ccomp ( x _ 1, x _ 2 ) AND clean . agent ( x _ 2 , Oliver ) AND like . agent ( x _ 3 , x _ 0 ) AND like . ccomp ( x _ 3, x _ 4 ) AND clean . agent ( x _ 4 , Oliver )	elips_VPE_intrans_gen
The politician liked that Liam ate and so did the girl .	* politician ( x _ 0 ) ; * girl ( x _ 1 ) ; like . agent ( x _ 2 , x _ 0 ) AND like . ccomp ( x _ 2, x _ 3 ) AND eat . agent ( x _ 3 , Liam ) AND like . agent ( x _ 4 , x _ 1 ) AND like . ccomp ( x _ 4, x _ 5 ) AND eat . agent ( x _ 5 , Liam )	elips_VPE_intrans_gen
Emma appreciated that Noah smirked and so did Isabella .	appreciate . agent ( x _ 0 , Emma ) AND appreciate . ccomp ( x _ 0, x _ 1 ) AND smirk . agent ( x _ 1 , Noah ) AND appreciate . agent ( x _ 2 , Isabella ) AND appreciate . ccomp ( x _ 2, x _ 3 ) AND smirk . agent ( x _ 3 , Noah )	elips_VPE_intrans_gen
Julian appreciated that Emma ate and so did a girl .	girl ( x _ 0 ) AND appreciate . agent ( x _ 1 , Julian ) AND appreciate . ccomp ( x _ 1, x _ 2 ) AND eat . agent ( x _ 2 , Emma ) AND appreciate . agent ( x _ 3 , x _ 0 ) AND appreciate . ccomp ( x _ 3, x _ 4 ) AND eat . agent ( x _ 4 , Emma )	elips_VPE_intrans_gen
Grayson observed and so did the cat .	* cat ( x _ 0 ) ; observe . agent ( x _ 1 , Grayson ) AND observe . agent ( x _ 2 , x _ 0 )	elips_VPE_intrans_gen
Owen walked and so did Ava .	walk . agent ( x _ 0 , Owen ) AND walk . agent ( x _ 1 , Ava )	elips_VPE_intrans_gen
The cow slept and so did Emma .	* cow ( x _ 0 ) ; sleep . agent ( x _ 1 , x _ 0 ) AND sleep . agent ( x _ 2 , Emma )	elips_VPE_intrans_gen
Olivia liked that the farmer slept and so did the baby .	* farmer ( x _ 2 ) ; * baby ( x _ 1 ) ; like . agent ( x _ 3 , Olivia ) AND like . ccomp ( x _ 3, x _ 4 ) AND sleep . agent ( x _ 4 , x _ 2 ) AND like . agent ( x _ 5 , x _ 1 ) AND like . ccomp ( x _ 5, x _ 6 ) AND sleep . agent ( x _ 6 , x _ 2 )	elips_VPE_intrans_gen
Emma napped and so did Olivia .	nap . agent ( x _ 0 , Emma ) AND nap . agent ( x _ 1 , Olivia )	elips_VPE_intrans_gen
Aubrey sketched and so did the girl .	* girl ( x _ 0 ) ; sketch . agent ( x _ 1 , Aubrey ) AND sketch . agent ( x _ 2 , x _ 0 )	elips_VPE_intrans_gen
A professor slept and so did a cat .	professor ( x _ 0 ) AND cat ( x _ 1 ) AND sleep . agent ( x _ 2 , x _ 0 ) AND sleep . agent ( x _ 3 , x _ 1 )	elips_VPE_intrans_gen
The dog noticed that the cat cleaned and so did the girl .	* dog ( x _ 0 ) ; * cat ( x _ 3 ) ; * girl ( x _ 2 ) ; notice . agent ( x _ 4 , x _ 0 ) AND notice . ccomp ( x _ 4, x _ 5 ) AND clean . agent ( x _ 5 , x _ 3 ) AND notice . agent ( x _ 6 , x _ 2 ) AND notice . ccomp ( x _ 6, x _ 7 ) AND clean . agent ( x _ 7 , x _ 3 )	elips_VPE_intrans_gen
Liam painted and so did Ava .	paint . agent ( x _ 0 , Liam ) AND paint . agent ( x _ 1 , Ava )	elips_VPE_intrans_gen
Ava screamed and so did Layla .	scream . agent ( x _ 0 , Ava ) AND scream . agent ( x _ 1 , Layla )	elips_VPE_intrans_gen
Nathan cleaned and so did Liam .	clean . agent ( x _ 0 , Nathan ) AND clean . agent ( x _ 1 , Liam )	elips_VPE_intrans_gen
The boy proved that a cat ate and so did the girl .	* boy ( x _ 0 ) ; * girl ( x _ 2 ) ; cat ( x _ 3 ) AND prove . agent ( x _ 4 , x _ 0 ) AND prove . ccomp ( x _ 4, x _ 5 ) AND eat . agent ( x _ 5 , x _ 3 ) AND prove . agent ( x _ 6 , x _ 2 ) AND prove . ccomp ( x _ 6, x _ 7 ) AND eat . agent ( x _ 7 , x _ 3 )	elips_VPE_intrans_gen
Violet confessed that the priest ate and so did Noah .	* priest ( x _ 1 ) ; confess . agent ( x _ 2 , Violet ) AND confess . ccomp ( x _ 2, x _ 3 ) AND eat . agent ( x _ 3 , x _ 1 ) AND confess . agent ( x _ 4 , Noah ) AND confess . ccomp ( x _ 4, x _ 5 ) AND eat . agent ( x _ 5 , x _ 1 )	elips_VPE_intrans_gen
A penguin drew and so did Liam .	penguin ( x _ 0 ) AND draw . agent ( x _ 1 , x _ 0 ) AND draw . agent ( x _ 2 , Liam )	elips_VPE_intrans_gen
Noah ate and so did the guy .	* guy ( x _ 0 ) ; eat . agent ( x _ 1 , Noah ) AND eat . agent ( x _ 2 , x _ 0 )	elips_VPE_intrans_gen
Olivia liked that the driver snoozed and so did the girl .	* driver ( x _ 2 ) ; * girl ( x _ 1 ) ; like . agent ( x _ 3 , Olivia ) AND like . ccomp ( x _ 3, x _ 4 ) AND snooze . agent ( x _ 4 , x _ 2 ) AND like . agent ( x _ 5 , x _ 1 ) AND like . ccomp ( x _ 5, x _ 6 ) AND snooze . agent ( x _ 6 , x _ 2 )	elips_VPE_intrans_gen
Emma hoped that a researcher slept and so did Noah .	researcher ( x _ 1 ) AND hope . agent ( x _ 2 , Emma ) AND hope . ccomp ( x _ 2, x _ 3 ) AND sleep . agent ( x _ 3 , x _ 1 ) AND hope . agent ( x _ 4 , Noah ) AND hope . ccomp ( x _ 4, x _ 5 ) AND sleep . agent ( x _ 5 , x _ 1 )	elips_VPE_intrans_gen
Matthew ate and so did Jackson .	eat . agent ( x _ 0 , Matthew ) AND eat . agent ( x _ 1 , Jackson )	elips_VPE_intrans_gen
Emma ate and so did Olivia .	eat . agent ( x _ 0 , Emma ) AND eat . agent ( x _ 1 , Olivia )	elips_VPE_intrans_gen
Benjamin painted and so did Emma .	paint . agent ( x _ 0 , Benjamin ) AND paint . agent ( x _ 1 , Emma )	elips_VPE_intrans_gen
Liam gasped and so did Bella .	gasp . agent ( x _ 0 , Liam ) AND gasp . agent ( x _ 1 , Bella )	elips_VPE_intrans_gen
A penguin painted and so did a cat .	penguin ( x _ 0 ) AND cat ( x _ 1 ) AND paint . agent ( x _ 2 , x _ 0 ) AND paint . agent ( x _ 3 , x _ 1 )	elips_VPE_intrans_gen
Ella ran and so did Emma .	run . agent ( x _ 0 , Ella ) AND run . agent ( x _ 1 , Emma )	elips_VPE_intrans_gen
The lion smiled and so did Noah .	* lion ( x _ 0 ) ; smile . agent ( x _ 1 , x _ 0 ) AND smile . agent ( x _ 2 , Noah )	elips_VPE_intrans_gen
Isabella slept and so did the boy .	* boy ( x _ 0 ) ; sleep . agent ( x _ 1 , Isabella ) AND sleep . agent ( x _ 2 , x _ 0 )	elips_VPE_intrans_gen
James sneezed and so did William .	sneeze . agent ( x _ 0 , James ) AND sneeze . agent ( x _ 1 , William )	elips_VPE_intrans_gen
The pupil imagined that the cat snored and so did Emma .	* pupil ( x _ 0 ) ; * cat ( x _ 2 ) ; imagine . agent ( x _ 3 , x _ 0 ) AND imagine . ccomp ( x _ 3, x _ 4 ) AND snore . agent ( x _ 4 , x _ 2 ) AND imagine . agent ( x _ 5 , Emma ) AND imagine . ccomp ( x _ 5, x _ 6 ) AND snore . agent ( x _ 6 , x _ 2 )	elips_VPE_intrans_gen
Olivia liked that the dog smiled and so did Elizabeth .	* dog ( x _ 1 ) ; like . agent ( x _ 2 , Olivia ) AND like . ccomp ( x _ 2, x _ 3 ) AND smile . agent ( x _ 3 , x _ 1 ) AND like . agent ( x _ 4 , Elizabeth ) AND like . ccomp ( x _ 4, x _ 5 ) AND smile . agent ( x _ 5 , x _ 1 )	elips_VPE_intrans_gen
Nora slept and so did Liam .	sleep . agent ( x _ 0 , Nora ) AND sleep . agent ( x _ 1 , Liam )	elips_VPE_intrans_gen
The girl painted and so did a baby .	* girl ( x _ 0 ) ; baby ( x _ 1 ) AND paint . agent ( x _ 2 , x _ 0 ) AND paint . agent ( x _ 3 , x _ 1 )	elips_VPE_intrans_gen
Emma slept and so did Noah .	sleep . agent ( x _ 0 , Emma ) AND sleep . agent ( x _ 1 , Noah )	elips_VPE_intrans_gen
James said that a driver scoffed and so did the cat .	* cat ( x _ 1 ) ; driver ( x _ 2 ) AND say . agent ( x _ 3 , James ) AND say . ccomp ( x _ 3, x _ 4 ) AND scoff . agent ( x _ 4 , x _ 2 ) AND say . agent ( x _ 5 , x _ 1 ) AND say . ccomp ( x _ 5, x _ 6 ) AND scoff . agent ( x _ 6 , x _ 2 )	elips_VPE_intrans_gen
A boy smiled and so did Emma .	boy ( x _ 0 ) AND smile . agent ( x _ 1 , x _ 0 ) AND smile . agent ( x _ 2 , Emma )	elips_VPE_intrans_gen
Emily ate and so did Amelia .	eat . agent ( x _ 0 , Emily ) AND eat . agent ( x _ 1 , Amelia )	elips_VPE_intrans_gen
The boy noticed that the girl juggled and so did Theodore .	* boy ( x _ 0 ) ; * girl ( x _ 2 ) ; notice . agent ( x _ 3 , x _ 0 ) AND notice . ccomp ( x _ 3, x _ 4 ) AND juggle . agent ( x _ 4 , x _ 2 ) AND notice . agent ( x _ 5 , Theodore ) AND notice . ccomp ( x _ 5, x _ 6 ) AND juggle . agent ( x _ 6 , x _ 2 )	elips_VPE_intrans_gen
Dylan slept and so did Liam .	sleep . agent ( x _ 0 , Dylan ) AND sleep . agent ( x _ 1 , Liam )	elips_VPE_intrans_gen
Emma talked and so did the passenger .	* passenger ( x _ 0 ) ; talk . agent ( x _ 1 , Emma ) AND talk . agent ( x _ 2 , x _ 0 )	elips_VPE_intrans_gen
A girl dusted and so did a boy .	girl ( x _ 0 ) AND boy ( x _ 1 ) AND dust . agent ( x _ 2 , x _ 0 ) AND dust . agent ( x _ 3 , x _ 1 )	elips_VPE_intrans_gen
A giraffe knew and so did Emma .	giraffe ( x _ 0 ) AND know . agent ( x _ 1 , x _ 0 ) AND know . agent ( x _ 2 , Emma )	elips_VPE_intrans_gen
A child painted and so did Olivia .	child ( x _ 0 ) AND paint . agent ( x _ 1 , x _ 0 ) AND paint . agent ( x _ 2 , Olivia )	elips_VPE_intrans_gen
A doctor admired that the cow gasped and so did a girl .	* cow ( x _ 3 ) ; doctor ( x _ 0 ) AND girl ( x _ 2 ) AND admire . agent ( x _ 4 , x _ 0 ) AND admire . ccomp ( x _ 4, x _ 5 ) AND gasp . agent ( x _ 5 , x _ 3 ) AND admire . agent ( x _ 6 , x _ 2 ) AND admire . ccomp ( x _ 6, x _ 7 ) AND gasp . agent ( x _ 7 , x _ 3 )	elips_VPE_intrans_gen
Mia ate and so did the girl .	* girl ( x _ 0 ) ; eat . agent ( x _ 1 , Mia ) AND eat . agent ( x _ 2 , x _ 0 )	elips_VPE_intrans_gen
A dog liked that a boy slept and so did Wyatt .	dog ( x _ 0 ) AND boy ( x _ 2 ) AND like . agent ( x _ 3 , x _ 0 ) AND like . ccomp ( x _ 3, x _ 4 ) AND sleep . agent ( x _ 4 , x _ 2 ) AND like . agent ( x _ 5 , Wyatt ) AND like . ccomp ( x _ 5, x _ 6 ) AND sleep . agent ( x _ 6 , x _ 2 )	elips_VPE_intrans_gen
A baby smiled and so did a girl .	baby ( x _ 0 ) AND girl ( x _ 1 ) AND smile . agent ( x _ 2 , x _ 0 ) AND smile . agent ( x _ 3 , x _ 1 )	elips_VPE_intrans_gen
Sophia ate and so did Emma .	eat . agent ( x _ 0 , Sophia ) AND eat . agent ( x _ 1 , Emma )	elips_VPE_intrans_gen
Emma smiled and so did the cat .	* cat ( x _ 0 ) ; smile . agent ( x _ 1 , Emma ) AND smile . agent ( x _ 2 , x _ 0 )	elips_VPE_intrans_gen
Ava slept and so did the dog .	* dog ( x _ 0 ) ; sleep . agent ( x _ 1 , Ava ) AND sleep . agent ( x _ 2 , x _ 0 )	elips_VPE_intrans_gen
Liam ate and so did a mouse .	mouse ( x _ 0 ) AND eat . agent ( x _ 1 , Liam ) AND eat . agent ( x _ 2 , x _ 0 )	elips_VPE_intrans_gen
Emma knew and so did the dog .	* dog ( x _ 0 ) ; know . agent ( x _ 1 , Emma ) AND know . agent ( x _ 2 , x _ 0 )	elips_VPE_intrans_gen
Emma liked that a girl sketched and so did a boy .	girl ( x _ 2 ) AND boy ( x _ 1 ) AND like . agent ( x _ 3 , Emma ) AND like . ccomp ( x _ 3, x _ 4 ) AND sketch . agent ( x _ 4 , x _ 2 ) AND like . agent ( x _ 5 , x _ 1 ) AND like . ccomp ( x _ 5, x _ 6 ) AND sketch . agent ( x _ 6 , x _ 2 )	elips_VPE_intrans_gen
Liam smiled and so did a girl .	girl ( x _ 0 ) AND smile . agent ( x _ 1 , Liam ) AND smile . agent ( x _ 2 , x _ 0 )	elips_VPE_intrans_gen
A cat ate and so did Emma .	cat ( x _ 0 ) AND eat . agent ( x _ 1 , x _ 0 ) AND eat . agent ( x _ 2 , Emma )	elips_VPE_intrans_gen
The baby declared that Ava talked and so did William .	* baby ( x _ 0 ) ; declare . agent ( x _ 1 , x _ 0 ) AND declare . ccomp ( x _ 1, x _ 2 ) AND talk . agent ( x _ 2 , Ava ) AND declare . agent ( x _ 3 , William ) AND declare . ccomp ( x _ 3, x _ 4 ) AND talk . agent ( x _ 4 , Ava )	elips_VPE_intrans_gen
Nathan smiled and so did Isabella .	smile . agent ( x _ 0 , Nathan ) AND smile . agent ( x _ 1 , Isabella )	elips_VPE_intrans_gen
A baby ate and so did Anthony .	baby ( x _ 0 ) AND eat . agent ( x _ 1 , x _ 0 ) AND eat . agent ( x _ 2 , Anthony )	elips_VPE_intrans_gen
The girl liked that the scientist smiled and so did Noah .	* girl ( x _ 0 ) ; * scientist ( x _ 2 ) ; like . agent ( x _ 3 , x _ 0 ) AND like . ccomp ( x _ 3, x _ 4 ) AND smile . agent ( x _ 4 , x _ 2 ) AND like . agent ( x _ 5 , Noah ) AND like . ccomp ( x _ 5, x _ 6 ) AND smile . agent ( x _ 6 , x _ 2 )	elips_VPE_intrans_gen
The girl slept and so did Mia .	* girl ( x _ 0 ) ; sleep . agent ( x _ 1 , x _ 0 ) AND sleep . agent ( x _ 2 , Mia )	elips_VPE_intrans_gen
The hen liked that William talked and so did the dog .	* hen ( x _ 0 ) ; * dog ( x _ 1 ) ; like . agent ( x _ 2 , x _ 0 ) AND like . ccomp ( x _ 2, x _ 3 ) AND talk . agent ( x _ 3 , William ) AND like . agent ( x _ 4 , x _ 1 ) AND like . ccomp ( x _ 4, x _ 5 ) AND talk . agent ( x _ 5 , William )	elips_VPE_intrans_gen
Emma laughed and so did the monster .	* monster ( x _ 0 ) ; laugh . agent ( x _ 1 , Emma ) AND laugh . agent ( x _ 2 , x _ 0 )	elips_VPE_intrans_gen
The boy drew and so did Emma .	* boy ( x _ 0 ) ; draw . agent ( x _ 1 , x _ 0 ) AND draw . agent ( x _ 2 , Emma )	elips_VPE_intrans_gen
A frog cried and so did Emma .	frog ( x _ 0 ) AND cry . agent ( x _ 1 , x _ 0 ) AND cry . agent ( x _ 2 , Emma )	elips_VPE_intrans_gen
Mason screamed and so did a dog .	dog ( x _ 0 ) AND scream . agent ( x _ 1 , Mason ) AND scream . agent ( x _ 2 , x _ 0 )	elips_VPE_intrans_gen
Ava ate and so did a girl .	girl ( x _ 0 ) AND eat . agent ( x _ 1 , Ava ) AND eat . agent ( x _ 2 , x _ 0 )	elips_VPE_intrans_gen
Julian thought that the child frowned and so did Emma .	* child ( x _ 1 ) ; think . agent ( x _ 2 , Julian ) AND think . ccomp ( x _ 2, x _ 3 ) AND frown . agent ( x _ 3 , x _ 1 ) AND think . agent ( x _ 4 , Emma ) AND think . ccomp ( x _ 4, x _ 5 ) AND frown . agent ( x _ 5 , x _ 1 )	elips_VPE_intrans_gen
Liam thought that the girl snoozed and so did the hero .	* girl ( x _ 2 ) ; * hero ( x _ 1 ) ; think . agent ( x _ 3 , Liam ) AND think . ccomp ( x _ 3, x _ 4 ) AND snooze . agent ( x _ 4 , x _ 2 ) AND think . agent ( x _ 5 , x _ 1 ) AND think . ccomp ( x _ 5, x _ 6 ) AND snooze . agent ( x _ 6 , x _ 2 )	elips_VPE_intrans_gen
A girl walked and so did a baby .	girl ( x _ 0 ) AND baby ( x _ 1 ) AND walk . agent ( x _ 2 , x _ 0 ) AND walk . agent ( x _ 3 , x _ 1 )	elips_VPE_intrans_gen
Emma jogged and so did a girl .	girl ( x _ 0 ) AND jog . agent ( x _ 1 , Emma ) AND jog . agent ( x _ 2 , x _ 0 )	elips_VPE_intrans_gen
William drew and so did Liam .	draw . agent ( x _ 0 , William ) AND draw . agent ( x _ 1 , Liam )	elips_VPE_intrans_gen
Emma nursed and so did a girl .	girl ( x _ 0 ) AND nurse . agent ( x _ 1 , Emma ) AND nurse . agent ( x _ 2 , x _ 0 )	elips_VPE_intrans_gen
The girl studied and so did Sofia .	* girl ( x _ 0 ) ; study . agent ( x _ 1 , x _ 0 ) AND study . agent ( x _ 2 , Sofia )	elips_VPE_intrans_gen
The judge hoped that the boy drew and so did Liam .	* judge ( x _ 0 ) ; * boy ( x _ 2 ) ; hope . agent ( x _ 3 , x _ 0 ) AND hope . ccomp ( x _ 3, x _ 4 ) AND draw . agent ( x _ 4 , x _ 2 ) AND hope . agent ( x _ 5 , Liam ) AND hope . ccomp ( x _ 5, x _ 6 ) AND draw . agent ( x _ 6 , x _ 2 )	elips_VPE_intrans_gen
Olivia slept and so did Liam .	sleep . agent ( x _ 0 , Olivia ) AND sleep . agent ( x _ 1 , Liam )	elips_VPE_intrans_gen
The girl painted and so did the cat .	* girl ( x _ 0 ) ; * cat ( x _ 1 ) ; paint . agent ( x _ 2 , x _ 0 ) AND paint . agent ( x _ 3 , x _ 1 )	elips_VPE_intrans_gen
The boy hunted and so did Olivia .	* boy ( x _ 0 ) ; hunt . agent ( x _ 1 , x _ 0 ) AND hunt . agent ( x _ 2 , Olivia )	elips_VPE_intrans_gen
Olivia packed and so did John .	pack . agent ( x _ 0 , Olivia ) AND pack . agent ( x _ 1 , John )	elips_VPE_intrans_gen
The tiger laughed and so did Aria .	* tiger ( x _ 0 ) ; laugh . agent ( x _ 1 , x _ 0 ) AND laugh . agent ( x _ 2 , Aria )	elips_VPE_intrans_gen
A human said that the dealer painted and so did Emma .	* dealer ( x _ 2 ) ; human ( x _ 0 ) AND say . agent ( x _ 3 , x _ 0 ) AND say . ccomp ( x _ 3, x _ 4 ) AND paint . agent ( x _ 4 , x _ 2 ) AND say . agent ( x _ 5 , Emma ) AND say . ccomp ( x _ 5, x _ 6 ) AND paint . agent ( x _ 6 , x _ 2 )	elips_VPE_intrans_gen
Noah ate and so did the girl .	* girl ( x _ 0 ) ; eat . agent ( x _ 1 , Noah ) AND eat . agent ( x _ 2 , x _ 0 )	elips_VPE_intrans_gen
A girl slept and so did Aubrey .	girl ( x _ 0 ) AND sleep . agent ( x _ 1 , x _ 0 ) AND sleep . agent ( x _ 2 , Aubrey )	elips_VPE_intrans_gen
Emma napped and so did the boy .	* boy ( x _ 0 ) ; nap . agent ( x _ 1 , Emma ) AND nap . agent ( x _ 2 , x _ 0 )	elips_VPE_intrans_gen
Emma painted and so did a champion .	champion ( x _ 0 ) AND paint . agent ( x _ 1 , Emma ) AND paint . agent ( x _ 2 , x _ 0 )	elips_VPE_intrans_gen
Liam noticed that a professor nursed and so did the cat .	* cat ( x _ 1 ) ; professor ( x _ 2 ) AND notice . agent ( x _ 3 , Liam ) AND notice . ccomp ( x _ 3, x _ 4 ) AND nurse . agent ( x _ 4 , x _ 2 ) AND notice . agent ( x _ 5 , x _ 1 ) AND notice . ccomp ( x _ 5, x _ 6 ) AND nurse . agent ( x _ 6 , x _ 2 )	elips_VPE_intrans_gen
A boy smiled and so did the girl .	* girl ( x _ 1 ) ; boy ( x _ 0 ) AND smile . agent ( x _ 2 , x _ 0 ) AND smile . agent ( x _ 3 , x _ 1 )	elips_VPE_intrans_gen
Emma screamed and so did Olivia .	scream . agent ( x _ 0 , Emma ) AND scream . agent ( x _ 1 , Olivia )	elips_VPE_intrans_gen
Liam drew and so did Emma .	draw . agent ( x _ 0 , Liam ) AND draw . agent ( x _ 1 , Emma )	elips_VPE_intrans_gen
Emma proved that Amelia cooked and so did a girl .	girl ( x _ 0 ) AND prove . agent ( x _ 1 , Emma ) AND prove . ccomp ( x _ 1, x _ 2 ) AND cook . agent ( x _ 2 , Amelia ) AND prove . agent ( x _ 3 , x _ 0 ) AND prove . ccomp ( x _ 3, x _ 4 ) AND cook . agent ( x _ 4 , Amelia )	elips_VPE_intrans_gen
Stella painted and so did a cat .	cat ( x _ 0 ) AND paint . agent ( x _ 1 , Stella ) AND paint . agent ( x _ 2 , x _ 0 )	elips_VPE_intrans_gen
The boy ate and so did the dog .	* boy ( x _ 0 ) ; * dog ( x _ 1 ) ; eat . agent ( x _ 2 , x _ 0 ) AND eat . agent ( x _ 3 , x _ 1 )	elips_VPE_intrans_gen
Liam drew and so did Levi .	draw . agent ( x _ 0 , Liam ) AND draw . agent ( x _ 1 , Levi )	elips_VPE_intrans_gen
The girl stuttered and so did Ella .	* girl ( x _ 0 ) ; stutter . agent ( x _ 1 , x _ 0 ) AND stutter . agent ( x _ 2 , Ella )	elips_VPE_intrans_gen
A girl liked that a frog drew and so did Oliver .	girl ( x _ 0 ) AND frog ( x _ 2 ) AND like . agent ( x _ 3 , x _ 0 ) AND like . ccomp ( x _ 3, x _ 4 ) AND draw . agent ( x _ 4 , x _ 2 ) AND like . agent ( x _ 5 , Oliver ) AND like . ccomp ( x _ 5, x _ 6 ) AND draw . agent ( x _ 6 , x _ 2 )	elips_VPE_intrans_gen
Ava liked that Joseph smiled and so did a fish .	fish ( x _ 0 ) AND like . agent ( x _ 1 , Ava ) AND like . ccomp ( x _ 1, x _ 2 ) AND smile . agent ( x _ 2 , Joseph ) AND like . agent ( x _ 3 , x _ 0 ) AND like . ccomp ( x _ 3, x _ 4 ) AND smile . agent ( x _ 4 , Joseph )	elips_VPE_intrans_gen
A dog giggled and so did Olivia .	dog ( x _ 0 ) AND giggle . agent ( x _ 1 , x _ 0 ) AND giggle . agent ( x _ 2 , Olivia )	elips_VPE_intrans_gen
A girl ate and so did the boy .	* boy ( x _ 1 ) ; girl ( x _ 0 ) AND eat . agent ( x _ 2 , x _ 0 ) AND eat . agent ( x _ 3 , x _ 1 )	elips_VPE_intrans_gen
The dog slept and so did Liam .	* dog ( x _ 0 ) ; sleep . agent ( x _ 1 , x _ 0 ) AND sleep . agent ( x _ 2 , Liam )	elips_VPE_intrans_gen
Emma ate and so did Liam .	eat . agent ( x _ 0 , Emma ) AND eat . agent ( x _ 1 , Liam )	elips_VPE_intrans_gen
A baby cried and so did the girl .	* girl ( x _ 1 ) ; baby ( x _ 0 ) AND cry . agent ( x _ 2 , x _ 0 ) AND cry . agent ( x _ 3 , x _ 1 )	elips_VPE_intrans_gen
The citizen giggled and so did the lion .	* citizen ( x _ 0 ) ; * lion ( x _ 1 ) ; giggle . agent ( x _ 2 , x _ 0 ) AND giggle . agent ( x _ 3 , x _ 1 )	elips_VPE_intrans_gen
The girl nursed and so did the fly .	* girl ( x _ 0 ) ; * fly ( x _ 1 ) ; nurse . agent ( x _ 2 , x _ 0 ) AND nurse . agent ( x _ 3 , x _ 1 )	elips_VPE_intrans_gen
Emma giggled and so did Liam .	giggle . agent ( x _ 0 , Emma ) AND giggle . agent ( x _ 1 , Liam )	elips_VPE_intrans_gen
Ava stuttered and so did the girl .	* girl ( x _ 0 ) ; stutter . agent ( x _ 1 , Ava ) AND stutter . agent ( x _ 2 , x _ 0 )	elips_VPE_intrans_gen
Emma smiled and so did Aiden .	smile . agent ( x _ 0 , Emma ) AND smile . agent ( x _ 1 , Aiden )	elips_VPE_intrans_gen
Abigail drew and so did the boy .	* boy ( x _ 0 ) ; draw . agent ( x _ 1 , Abigail ) AND draw . agent ( x _ 2 , x _ 0 )	elips_VPE_intrans_gen
A boy slept and so did Emma .	boy ( x _ 0 ) AND sleep . agent ( x _ 1 , x _ 0 ) AND sleep . agent ( x _ 2 , Emma )	elips_VPE_intrans_gen
The dog juggled and so did a girl .	* dog ( x _ 0 ) ; girl ( x _ 1 ) AND juggle . agent ( x _ 2 , x _ 0 ) AND juggle . agent ( x _ 3 , x _ 1 )	elips_VPE_intrans_gen
The girl liked that Emma ate and so did Olivia .	* girl ( x _ 0 ) ; like . agent ( x _ 1 , x _ 0 ) AND like . ccomp ( x _ 1, x _ 2 ) AND eat . agent ( x _ 2 , Emma ) AND like . agent ( x _ 3 , Olivia ) AND like . ccomp ( x _ 3, x _ 4 ) AND eat . agent ( x _ 4 , Emma )	elips_VPE_intrans_gen
Olivia painted and so did the wolf .	* wolf ( x _ 0 ) ; paint . agent ( x _ 1 , Olivia ) AND paint . agent ( x _ 2 , x _ 0 )	elips_VPE_intrans_gen
Sophia noticed that Noah walked and so did Emma .	notice . agent ( x _ 0 , Sophia ) AND notice . ccomp ( x _ 0, x _ 1 ) AND walk . agent ( x _ 1 , Noah ) AND notice . agent ( x _ 2 , Emma ) AND notice . ccomp ( x _ 2, x _ 3 ) AND walk . agent ( x _ 3 , Noah )	elips_VPE_intrans_gen
A fly painted and so did a child .	fly ( x _ 0 ) AND child ( x _ 1 ) AND paint . agent ( x _ 2 , x _ 0 ) AND paint . agent ( x _ 3 , x _ 1 )	elips_VPE_intrans_gen
A baby slept and so did Emma .	baby ( x _ 0 ) AND sleep . agent ( x _ 1 , x _ 0 ) AND sleep . agent ( x _ 2 , Emma )	elips_VPE_intrans_gen
Claire nursed and so did a lawyer .	lawyer ( x _ 0 ) AND nurse . agent ( x _ 1 , Claire ) AND nurse . agent ( x _ 2 , x _ 0 )	elips_VPE_intrans_gen
Emma admired that Olivia slept and so did the girl .	* girl ( x _ 0 ) ; admire . agent ( x _ 1 , Emma ) AND admire . ccomp ( x _ 1, x _ 2 ) AND sleep . agent ( x _ 2 , Olivia ) AND admire . agent ( x _ 3 , x _ 0 ) AND admire . ccomp ( x _ 3, x _ 4 ) AND sleep . agent ( x _ 4 , Olivia )	elips_VPE_intrans_gen
The chicken studied and so did Emma .	* chicken ( x _ 0 ) ; study . agent ( x _ 1 , x _ 0 ) AND study . agent ( x _ 2 , Emma )	elips_VPE_intrans_gen
A cat ran and so did the chief .	* chief ( x _ 1 ) ; cat ( x _ 0 ) AND run . agent ( x _ 2 , x _ 0 ) AND run . agent ( x _ 3 , x _ 1 )	elips_VPE_intrans_gen
Liam slept and so did the girl .	* girl ( x _ 0 ) ; sleep . agent ( x _ 1 , Liam ) AND sleep . agent ( x _ 2 , x _ 0 )	elips_VPE_intrans_gen
Abigail cried and so did the dog .	* dog ( x _ 0 ) ; cry . agent ( x _ 1 , Abigail ) AND cry . agent ( x _ 2 , x _ 0 )	elips_VPE_intrans_gen
The boy hoped that a baby cleaned and so did Emma .	* boy ( x _ 0 ) ; baby ( x _ 2 ) AND hope . agent ( x _ 3 , x _ 0 ) AND hope . ccomp ( x _ 3, x _ 4 ) AND clean . agent ( x _ 4 , x _ 2 ) AND hope . agent ( x _ 5 , Emma ) AND hope . ccomp ( x _ 5, x _ 6 ) AND clean . agent ( x _ 6 , x _ 2 )	elips_VPE_intrans_gen
The girl scoffed and so did Emma .	* girl ( x _ 0 ) ; scoff . agent ( x _ 1 , x _ 0 ) AND scoff . agent ( x _ 2 , Emma )	elips_VPE_intrans_gen
A boy confessed that Oliver slept and so did Liam .	boy ( x _ 0 ) AND confess . agent ( x _ 1 , x _ 0 ) AND confess . ccomp ( x _ 1, x _ 2 ) AND sleep . agent ( x _ 2 , Oliver ) AND confess . agent ( x _ 3 , Liam ) AND confess . ccomp ( x _ 3, x _ 4 ) AND sleep . agent ( x _ 4 , Oliver )	elips_VPE_intrans_gen
Ava slept and so did Liam .	sleep . agent ( x _ 0 , Ava ) AND sleep . agent ( x _ 1 , Liam )	elips_VPE_intrans_gen
The cat observed and so did the girl .	* cat ( x _ 0 ) ; * girl ( x _ 1 ) ; observe . agent ( x _ 2 , x _ 0 ) AND observe . agent ( x _ 3 , x _ 1 )	elips_VPE_intrans_gen
A cat dreamed that a producer walked and so did Emma .	cat ( x _ 0 ) AND producer ( x _ 2 ) AND dream . agent ( x _ 3 , x _ 0 ) AND dream . ccomp ( x _ 3, x _ 4 ) AND walk . agent ( x _ 4 , x _ 2 ) AND dream . agent ( x _ 5 , Emma ) AND dream . ccomp ( x _ 5, x _ 6 ) AND walk . agent ( x _ 6 , x _ 2 )	elips_VPE_intrans_gen
The lion drew and so did Emma .	* lion ( x _ 0 ) ; draw . agent ( x _ 1 , x _ 0 ) AND draw . agent ( x _ 2 , Emma )	elips_VPE_intrans_gen
A girl liked that a boy scoffed and so did Mia .	girl ( x _ 0 ) AND boy ( x _ 2 ) AND like . agent ( x _ 3 , x _ 0 ) AND like . ccomp ( x _ 3, x _ 4 ) AND scoff . agent ( x _ 4 , x _ 2 ) AND like . agent ( x _ 5 , Mia ) AND like . ccomp ( x _ 5, x _ 6 ) AND scoff . agent ( x _ 6 , x _ 2 )	elips_VPE_intrans_gen
William liked that the cat talked and so did Dylan .	* cat ( x _ 1 ) ; like . agent ( x _ 2 , William ) AND like . ccomp ( x _ 2, x _ 3 ) AND talk . agent ( x _ 3 , x _ 1 ) AND like . agent ( x _ 4 , Dylan ) AND like . ccomp ( x _ 4, x _ 5 ) AND talk . agent ( x _ 5 , x _ 1 )	elips_VPE_intrans_gen
Emma ate and so did Mason .	eat . agent ( x _ 0 , Emma ) AND eat . agent ( x _ 1 , Mason )	elips_VPE_intrans_gen
Emma cleaned and so did a girl .	girl ( x _ 0 ) AND clean . agent ( x _ 1 , Emma ) AND clean . agent ( x _ 2 , x _ 0 )	elips_VPE_intrans_gen
The girl drew and so did a mouse .	* girl ( x _ 0 ) ; mouse ( x _ 1 ) AND draw . agent ( x _ 2 , x _ 0 ) AND draw . agent ( x _ 3 , x _ 1 )	elips_VPE_intrans_gen
The teacher painted and so did a girl .	* teacher ( x _ 0 ) ; girl ( x _ 1 ) AND paint . agent ( x _ 2 , x _ 0 ) AND paint . agent ( x _ 3 , x _ 1 )	elips_VPE_intrans_gen
A fly laughed and so did a girl .	fly ( x _ 0 ) AND girl ( x _ 1 ) AND laugh . agent ( x _ 2 , x _ 0 ) AND laugh . agent ( x _ 3 , x _ 1 )	elips_VPE_intrans_gen
Oliver called and so did Emma .	call . agent ( x _ 0 , Oliver ) AND call . agent ( x _ 1 , Emma )	elips_VPE_intrans_gen
Benjamin smiled and so did a girl .	girl ( x _ 0 ) AND smile . agent ( x _ 1 , Benjamin ) AND smile . agent ( x _ 2 , x _ 0 )	elips_VPE_intrans_gen
The zebra ate and so did a friend .	* zebra ( x _ 0 ) ; friend ( x _ 1 ) AND eat . agent ( x _ 2 , x _ 0 ) AND eat . agent ( x _ 3 , x _ 1 )	elips_VPE_intrans_gen
Emma painted and so did a girl .	girl ( x _ 0 ) AND paint . agent ( x _ 1 , Emma ) AND paint . agent ( x _ 2 , x _ 0 )	elips_VPE_intrans_gen
The boy slept and so did William .	* boy ( x _ 0 ) ; sleep . agent ( x _ 1 , x _ 0 ) AND sleep . agent ( x _ 2 , William )	elips_VPE_intrans_gen
A chief dusted and so did a girl .	chief ( x _ 0 ) AND girl ( x _ 1 ) AND dust . agent ( x _ 2 , x _ 0 ) AND dust . agent ( x _ 3 , x _ 1 )	elips_VPE_intrans_gen
A girl painted and so did the boy .	* boy ( x _ 1 ) ; girl ( x _ 0 ) AND paint . agent ( x _ 2 , x _ 0 ) AND paint . agent ( x _ 3 , x _ 1 )	elips_VPE_intrans_gen
The girl liked that a pupil slept and so did the boy .	* girl ( x _ 0 ) ; * boy ( x _ 2 ) ; pupil ( x _ 3 ) AND like . agent ( x _ 4 , x _ 0 ) AND like . ccomp ( x _ 4, x _ 5 ) AND sleep . agent ( x _ 5 , x _ 3 ) AND like . agent ( x _ 6 , x _ 2 ) AND like . ccomp ( x _ 6, x _ 7 ) AND sleep . agent ( x _ 7 , x _ 3 )	elips_VPE_intrans_gen
A girl dusted and so did the bee .	* bee ( x _ 1 ) ; girl ( x _ 0 ) AND dust . agent ( x _ 2 , x _ 0 ) AND dust . agent ( x _ 3 , x _ 1 )	elips_VPE_intrans_gen
The director drew and so did the doctor .	* director ( x _ 0 ) ; * doctor ( x _ 1 ) ; draw . agent ( x _ 2 , x _ 0 ) AND draw . agent ( x _ 3 , x _ 1 )	elips_VPE_intrans_gen
A cat hoped that Emma sneezed and so did Liam .	cat ( x _ 0 ) AND hope . agent ( x _ 1 , x _ 0 ) AND hope . ccomp ( x _ 1, x _ 2 ) AND sneeze . agent ( x _ 2 , Emma ) AND hope . agent ( x _ 3 , Liam ) AND hope . ccomp ( x _ 3, x _ 4 ) AND sneeze . agent ( x _ 4 , Emma )	elips_VPE_intrans_gen
Liam liked that the girl cooked and so did the mouse .	* girl ( x _ 2 ) ; * mouse ( x _ 1 ) ; like . agent ( x _ 3 , Liam ) AND like . ccomp ( x _ 3, x _ 4 ) AND cook . agent ( x _ 4 , x _ 2 ) AND like . agent ( x _ 5 , x _ 1 ) AND like . ccomp ( x _ 5, x _ 6 ) AND cook . agent ( x _ 6 , x _ 2 )	elips_VPE_intrans_gen
Emma liked that a patient juggled and so did the girl .	* girl ( x _ 1 ) ; patient ( x _ 2 ) AND like . agent ( x _ 3 , Emma ) AND like . ccomp ( x _ 3, x _ 4 ) AND juggle . agent ( x _ 4 , x _ 2 ) AND like . agent ( x _ 5 , x _ 1 ) AND like . ccomp ( x _ 5, x _ 6 ) AND juggle . agent ( x _ 6 , x _ 2 )	elips_VPE_intrans_gen
Emma ate and so did Amelia .	eat . agent ( x _ 0 , Emma ) AND eat . agent ( x _ 1 , Amelia )	elips_VPE_intrans_gen
Olivia ate and so did the monkey .	* monkey ( x _ 0 ) ; eat . agent ( x _ 1 , Olivia ) AND eat . agent ( x _ 2 , x _ 0 )	elips_VPE_intrans_gen
A child tolerated that a patient juggled and so did Isabella .	child ( x _ 0 ) AND patient ( x _ 2 ) AND tolerate . agent ( x _ 3 , x _ 0 ) AND tolerate . ccomp ( x _ 3, x _ 4 ) AND juggle . agent ( x _ 4 , x _ 2 ) AND tolerate . agent ( x _ 5 , Isabella ) AND tolerate . ccomp ( x _ 5, x _ 6 ) AND juggle . agent ( x _ 6 , x _ 2 )	elips_VPE_intrans_gen
Liam hoped that Logan scoffed and so did the chicken .	* chicken ( x _ 0 ) ; hope . agent ( x _ 1 , Liam ) AND hope . ccomp ( x _ 1, x _ 2 ) AND scoff . agent ( x _ 2 , Logan ) AND hope . agent ( x _ 3 , x _ 0 ) AND hope . ccomp ( x _ 3, x _ 4 ) AND scoff . agent ( x _ 4 , Logan )	elips_VPE_intrans_gen
Emma examined and so did Noah .	examine . agent ( x _ 0 , Emma ) AND examine . agent ( x _ 1 , Noah )	elips_VPE_intrans_gen
A dog ate and so did a girl .	dog ( x _ 0 ) AND girl ( x _ 1 ) AND eat . agent ( x _ 2 , x _ 0 ) AND eat . agent ( x _ 3 , x _ 1 )	elips_VPE_intrans_gen
A turtle ate and so did Sebastian .	turtle ( x _ 0 ) AND eat . agent ( x _ 1 , x _ 0 ) AND eat . agent ( x _ 2 , Sebastian )	elips_VPE_intrans_gen
A lion heard and so did Abigail .	lion ( x _ 0 ) AND hear . agent ( x _ 1 , x _ 0 ) AND hear . agent ( x _ 2 , Abigail )	elips_VPE_intrans_gen
A human screamed and so did the cat .	* cat ( x _ 1 ) ; human ( x _ 0 ) AND scream . agent ( x _ 2 , x _ 0 ) AND scream . agent ( x _ 3 , x _ 1 )	elips_VPE_intrans_gen
A child confessed that a boy cleaned and so did a girl .	child ( x _ 0 ) AND boy ( x _ 3 ) AND girl ( x _ 2 ) AND confess . agent ( x _ 4 , x _ 0 ) AND confess . ccomp ( x _ 4, x _ 5 ) AND clean . agent ( x _ 5 , x _ 3 ) AND confess . agent ( x _ 6 , x _ 2 ) AND confess . ccomp ( x _ 6, x _ 7 ) AND clean . agent ( x _ 7 , x _ 3 )	elips_VPE_intrans_gen
Emma liked that a priest painted and so did a sailor .	priest ( x _ 2 ) AND sailor ( x _ 1 ) AND like . agent ( x _ 3 , Emma ) AND like . ccomp ( x _ 3, x _ 4 ) AND paint . agent ( x _ 4 , x _ 2 ) AND like . agent ( x _ 5 , x _ 1 ) AND like . ccomp ( x _ 5, x _ 6 ) AND paint . agent ( x _ 6 , x _ 2 )	elips_VPE_intrans_gen
The king danced and so did Savannah .	* king ( x _ 0 ) ; dance . agent ( x _ 1 , x _ 0 ) AND dance . agent ( x _ 2 , Savannah )	elips_VPE_intrans_gen
Michael thought that a customer dusted and so did Abigail .	customer ( x _ 1 ) AND think . agent ( x _ 2 , Michael ) AND think . ccomp ( x _ 2, x _ 3 ) AND dust . agent ( x _ 3 , x _ 1 ) AND think . agent ( x _ 4 , Abigail ) AND think . ccomp ( x _ 4, x _ 5 ) AND dust . agent ( x _ 5 , x _ 1 )	elips_VPE_intrans_gen
Emma slept and so did Liam .	sleep . agent ( x _ 0 , Emma ) AND sleep . agent ( x _ 1 , Liam )	elips_VPE_intrans_gen
Elijah examined and so did Emma .	examine . agent ( x _ 0 , Elijah ) AND examine . agent ( x _ 1 , Emma )	elips_VPE_intrans_gen
Emma said that the boy slept and so did the girl .	* boy ( x _ 2 ) ; * girl ( x _ 1 ) ; say . agent ( x _ 3 , Emma ) AND say . ccomp ( x _ 3, x _ 4 ) AND sleep . agent ( x _ 4 , x _ 2 ) AND say . agent ( x _ 5 , x _ 1 ) AND say . ccomp ( x _ 5, x _ 6 ) AND sleep . agent ( x _ 6 , x _ 2 )	elips_VPE_intrans_gen
A pupil supported that the boy slept and so did a champion .	* boy ( x _ 3 ) ; pupil ( x _ 0 ) AND champion ( x _ 2 ) AND support . agent ( x _ 4 , x _ 0 ) AND support . ccomp ( x _ 4, x _ 5 ) AND sleep . agent ( x _ 5 , x _ 3 ) AND support . agent ( x _ 6 , x _ 2 ) AND support . ccomp ( x _ 6, x _ 7 ) AND sleep . agent ( x _ 7 , x _ 3 )	elips_VPE_intrans_gen
The dog supported that the monkey cooked and so did Olivia .	* dog ( x _ 0 ) ; * monkey ( x _ 2 ) ; support . agent ( x _ 3 , x _ 0 ) AND support . ccomp ( x _ 3, x _ 4 ) AND cook . agent ( x _ 4 , x _ 2 ) AND support . agent ( x _ 5 , Olivia ) AND support . ccomp ( x _ 5, x _ 6 ) AND cook . agent ( x _ 6 , x _ 2 )	elips_VPE_intrans_gen
The child tolerated that a girl dusted and so did Liam .	* child ( x _ 0 ) ; girl ( x _ 2 ) AND tolerate . agent ( x _ 3 , x _ 0 ) AND tolerate . ccomp ( x _ 3, x _ 4 ) AND dust . agent ( x _ 4 , x _ 2 ) AND tolerate . agent ( x _ 5 , Liam ) AND tolerate . ccomp ( x _ 5, x _ 6 ) AND dust . agent ( x _ 6 , x _ 2 )	elips_VPE_intrans_gen
Emma gasped and so did Isabella .	gasp . agent ( x _ 0 , Emma ) AND gasp . agent ( x _ 1 , Isabella )	elips_VPE_intrans_gen
The bear studied and so did a girl .	* bear ( x _ 0 ) ; girl ( x _ 1 ) AND study . agent ( x _ 2 , x _ 0 ) AND study . agent ( x _ 3 , x _ 1 )	elips_VPE_intrans_gen
Mila painted and so did Isabella .	paint . agent ( x _ 0 , Mila ) AND paint . agent ( x _ 1 , Isabella )	elips_VPE_intrans_gen
A prince observed and so did the girl .	* girl ( x _ 1 ) ; prince ( x _ 0 ) AND observe . agent ( x _ 2 , x _ 0 ) AND observe . agent ( x _ 3 , x _ 1 )	elips_VPE_intrans_gen
Emma thought that James saw and so did the cat .	* cat ( x _ 0 ) ; think . agent ( x _ 1 , Emma ) AND think . ccomp ( x _ 1, x _ 2 ) AND see . agent ( x _ 2 , James ) AND think . agent ( x _ 3 , x _ 0 ) AND think . ccomp ( x _ 3, x _ 4 ) AND see . agent ( x _ 4 , James )	elips_VPE_intrans_gen
Olivia slept and so did the girl .	* girl ( x _ 0 ) ; sleep . agent ( x _ 1 , Olivia ) AND sleep . agent ( x _ 2 , x _ 0 )	elips_VPE_intrans_gen
The girl slept and so did Emma .	* girl ( x _ 0 ) ; sleep . agent ( x _ 1 , x _ 0 ) AND sleep . agent ( x _ 2 , Emma )	elips_VPE_intrans_gen
Layla painted and so did Mia .	paint . agent ( x _ 0 , Layla ) AND paint . agent ( x _ 1 , Mia )	elips_VPE_intrans_gen
Sophia heard and so did Noah .	hear . agent ( x _ 0 , Sophia ) AND hear . agent ( x _ 1 , Noah )	elips_VPE_intrans_gen
The dog snored and so did a sailor .	* dog ( x _ 0 ) ; sailor ( x _ 1 ) AND snore . agent ( x _ 2 , x _ 0 ) AND snore . agent ( x _ 3 , x _ 1 )	elips_VPE_intrans_gen
Liam wished that a baby ate and so did a girl .	baby ( x _ 2 ) AND girl ( x _ 1 ) AND wish . agent ( x _ 3 , Liam ) AND wish . ccomp ( x _ 3, x _ 4 ) AND eat . agent ( x _ 4 , x _ 2 ) AND wish . agent ( x _ 5 , x _ 1 ) AND wish . ccomp ( x _ 5, x _ 6 ) AND eat . agent ( x _ 6 , x _ 2 )	elips_VPE_intrans_gen
Liam drew and so did the girl .	* girl ( x _ 0 ) ; draw . agent ( x _ 1 , Liam ) AND draw . agent ( x _ 2 , x _ 0 )	elips_VPE_intrans_gen
A mouse dusted and so did a girl .	mouse ( x _ 0 ) AND girl ( x _ 1 ) AND dust . agent ( x _ 2 , x _ 0 ) AND dust . agent ( x _ 3 , x _ 1 )	elips_VPE_intrans_gen
Aurora dusted and so did Grace .	dust . agent ( x _ 0 , Aurora ) AND dust . agent ( x _ 1 , Grace )	elips_VPE_intrans_gen
Olivia proved that a girl slept and so did the dog .	* dog ( x _ 1 ) ; girl ( x _ 2 ) AND prove . agent ( x _ 3 , Olivia ) AND prove . ccomp ( x _ 3, x _ 4 ) AND sleep . agent ( x _ 4 , x _ 2 ) AND prove . agent ( x _ 5 , x _ 1 ) AND prove . ccomp ( x _ 5, x _ 6 ) AND sleep . agent ( x _ 6 , x _ 2 )	elips_VPE_intrans_gen
Noah observed and so did a boy .	boy ( x _ 0 ) AND observe . agent ( x _ 1 , Noah ) AND observe . agent ( x _ 2 , x _ 0 )	elips_VPE_intrans_gen
Liam gasped and so did the lawyer .	* lawyer ( x _ 0 ) ; gasp . agent ( x _ 1 , Liam ) AND gasp . agent ( x _ 2 , x _ 0 )	elips_VPE_intrans_gen
The captain noticed and so did Emma .	* captain ( x _ 0 ) ; notice . agent ( x _ 1 , x _ 0 ) AND notice . agent ( x _ 2 , Emma )	elips_VPE_intrans_gen
A professor said that a girl ate and so did a hero .	professor ( x _ 0 ) AND girl ( x _ 3 ) AND hero ( x _ 2 ) AND say . agent ( x _ 4 , x _ 0 ) AND say . ccomp ( x _ 4, x _ 5 ) AND eat . agent ( x _ 5 , x _ 3 ) AND say . agent ( x _ 6 , x _ 2 ) AND say . ccomp ( x _ 6, x _ 7 ) AND eat . agent ( x _ 7 , x _ 3 )	elips_VPE_intrans_gen
The judge called and so did Zoe .	* judge ( x _ 0 ) ; call . agent ( x _ 1 , x _ 0 ) AND call . agent ( x _ 2 , Zoe )	elips_VPE_intrans_gen
The kid slept and so did a girl .	* kid ( x _ 0 ) ; girl ( x _ 1 ) AND sleep . agent ( x _ 2 , x _ 0 ) AND sleep . agent ( x _ 3 , x _ 1 )	elips_VPE_intrans_gen
Emma liked that a girl nursed and so did Noah .	girl ( x _ 1 ) AND like . agent ( x _ 2 , Emma ) AND like . ccomp ( x _ 2, x _ 3 ) AND nurse . agent ( x _ 3 , x _ 1 ) AND like . agent ( x _ 4 , Noah ) AND like . ccomp ( x _ 4, x _ 5 ) AND nurse . agent ( x _ 5 , x _ 1 )	elips_VPE_intrans_gen
A dog sneezed and so did Noah .	dog ( x _ 0 ) AND sneeze . agent ( x _ 1 , x _ 0 ) AND sneeze . agent ( x _ 2 , Noah )	elips_VPE_intrans_gen
A girl juggled and so did Amelia .	girl ( x _ 0 ) AND juggle . agent ( x _ 1 , x _ 0 ) AND juggle . agent ( x _ 2 , Amelia )	elips_VPE_intrans_gen
The girl smiled and so did Samuel .	* girl ( x _ 0 ) ; smile . agent ( x _ 1 , x _ 0 ) AND smile . agent ( x _ 2 , Samuel )	elips_VPE_intrans_gen
Emma cleaned and so did the cat .	* cat ( x _ 0 ) ; clean . agent ( x _ 1 , Emma ) AND clean . agent ( x _ 2 , x _ 0 )	elips_VPE_intrans_gen
The cat painted and so did William .	* cat ( x _ 0 ) ; paint . agent ( x _ 1 , x _ 0 ) AND paint . agent ( x _ 2 , William )	elips_VPE_intrans_gen
Madison laughed and so did a dog .	dog ( x _ 0 ) AND laugh . agent ( x _ 1 , Madison ) AND laugh . agent ( x _ 2 , x _ 0 )	elips_VPE_intrans_gen
Mia stuttered and so did Ava .	stutter . agent ( x _ 0 , Mia ) AND stutter . agent ( x _ 1 , Ava )	elips_VPE_intrans_gen
The cat cleaned and so did a teacher .	* cat ( x _ 0 ) ; teacher ( x _ 1 ) AND clean . agent ( x _ 2 , x _ 0 ) AND clean . agent ( x _ 3 , x _ 1 )	elips_VPE_intrans_gen
A student screamed and so did Sophia .	student ( x _ 0 ) AND scream . agent ( x _ 1 , x _ 0 ) AND scream . agent ( x _ 2 , Sophia )	elips_VPE_intrans_gen
Elizabeth ate and so did Sophia .	eat . agent ( x _ 0 , Elizabeth ) AND eat . agent ( x _ 1 , Sophia )	elips_VPE_intrans_gen
Emma declared that the monkey laughed and so did Logan .	* monkey ( x _ 1 ) ; declare . agent ( x _ 2 , Emma ) AND declare . ccomp ( x _ 2, x _ 3 ) AND laugh . agent ( x _ 3 , x _ 1 ) AND declare . agent ( x _ 4 , Logan ) AND declare . ccomp ( x _ 4, x _ 5 ) AND laugh . agent ( x _ 5 , x _ 1 )	elips_VPE_intrans_gen
The girl declared that Camila ate and so did Emma .	* girl ( x _ 0 ) ; declare . agent ( x _ 1 , x _ 0 ) AND declare . ccomp ( x _ 1, x _ 2 ) AND eat . agent ( x _ 2 , Camila ) AND declare . agent ( x _ 3 , Emma ) AND declare . ccomp ( x _ 3, x _ 4 ) AND eat . agent ( x _ 4 , Camila )	elips_VPE_intrans_gen
Emma painted and so did a prisoner .	prisoner ( x _ 0 ) AND paint . agent ( x _ 1 , Emma ) AND paint . agent ( x _ 2 , x _ 0 )	elips_VPE_intrans_gen
Noah dreamed that a mother ate and so did the boy .	* boy ( x _ 1 ) ; mother ( x _ 2 ) AND dream . agent ( x _ 3 , Noah ) AND dream . ccomp ( x _ 3, x _ 4 ) AND eat . agent ( x _ 4 , x _ 2 ) AND dream . agent ( x _ 5 , x _ 1 ) AND dream . ccomp ( x _ 5, x _ 6 ) AND eat . agent ( x _ 6 , x _ 2 )	elips_VPE_intrans_gen
A girl liked that a cat napped and so did a researcher .	girl ( x _ 0 ) AND cat ( x _ 3 ) AND researcher ( x _ 2 ) AND like . agent ( x _ 4 , x _ 0 ) AND like . ccomp ( x _ 4, x _ 5 ) AND nap . agent ( x _ 5 , x _ 3 ) AND like . agent ( x _ 6 , x _ 2 ) AND like . ccomp ( x _ 6, x _ 7 ) AND nap . agent ( x _ 7 , x _ 3 )	elips_VPE_intrans_gen
The giraffe liked that the customer laughed and so did a girl .	* giraffe ( x _ 0 ) ; * customer ( x _ 3 ) ; girl ( x _ 2 ) AND like . agent ( x _ 4 , x _ 0 ) AND like . ccomp ( x _ 4, x _ 5 ) AND laugh . agent ( x _ 5 , x _ 3 ) AND like . agent ( x _ 6 , x _ 2 ) AND like . ccomp ( x _ 6, x _ 7 ) AND laugh . agent ( x _ 7 , x _ 3 )	elips_VPE_intrans_gen
The boy hoped that Brooklyn cried and so did Emily .	* boy ( x _ 0 ) ; hope . agent ( x _ 1 , x _ 0 ) AND hope . ccomp ( x _ 1, x _ 2 ) AND cry . agent ( x _ 2 , Brooklyn ) AND hope . agent ( x _ 3 , Emily ) AND hope . ccomp ( x _ 3, x _ 4 ) AND cry . agent ( x _ 4 , Brooklyn )	elips_VPE_intrans_gen
Brooklyn ate and so did Amelia .	eat . agent ( x _ 0 , Brooklyn ) AND eat . agent ( x _ 1 , Amelia )	elips_VPE_intrans_gen
James hoped that Emma slept and so did William .	hope . agent ( x _ 0 , James ) AND hope . ccomp ( x _ 0, x _ 1 ) AND sleep . agent ( x _ 1 , Emma ) AND hope . agent ( x _ 2 , William ) AND hope . ccomp ( x _ 2, x _ 3 ) AND sleep . agent ( x _ 3 , Emma )	elips_VPE_intrans_gen
Ava declared that Emma slept and so did the girl .	* girl ( x _ 0 ) ; declare . agent ( x _ 1 , Ava ) AND declare . ccomp ( x _ 1, x _ 2 ) AND sleep . agent ( x _ 2 , Emma ) AND declare . agent ( x _ 3 , x _ 0 ) AND declare . ccomp ( x _ 3, x _ 4 ) AND sleep . agent ( x _ 4 , Emma )	elips_VPE_intrans_gen
Noah dusted and so did Avery .	dust . agent ( x _ 0 , Noah ) AND dust . agent ( x _ 1 , Avery )	elips_VPE_intrans_gen
A mouse confessed that Emma slept and so did Elizabeth .	mouse ( x _ 0 ) AND confess . agent ( x _ 1 , x _ 0 ) AND confess . ccomp ( x _ 1, x _ 2 ) AND sleep . agent ( x _ 2 , Emma ) AND confess . agent ( x _ 3 , Elizabeth ) AND confess . ccomp ( x _ 3, x _ 4 ) AND sleep . agent ( x _ 4 , Emma )	elips_VPE_intrans_gen
Emma cooked and so did James .	cook . agent ( x _ 0 , Emma ) AND cook . agent ( x _ 1 , James )	elips_VPE_intrans_gen
Liam painted and so did Emma .	paint . agent ( x _ 0 , Liam ) AND paint . agent ( x _ 1 , Emma )	elips_VPE_intrans_gen
Isabella ate and so did Oliver .	eat . agent ( x _ 0 , Isabella ) AND eat . agent ( x _ 1 , Oliver )	elips_VPE_intrans_gen
A boy slept and so did a cat .	boy ( x _ 0 ) AND cat ( x _ 1 ) AND sleep . agent ( x _ 2 , x _ 0 ) AND sleep . agent ( x _ 3 , x _ 1 )	elips_VPE_intrans_gen
The student liked that Emma ate and so did Alexander .	* student ( x _ 0 ) ; like . agent ( x _ 1 , x _ 0 ) AND like . ccomp ( x _ 1, x _ 2 ) AND eat . agent ( x _ 2 , Emma ) AND like . agent ( x _ 3 , Alexander ) AND like . ccomp ( x _ 3, x _ 4 ) AND eat . agent ( x _ 4 , Emma )	elips_VPE_intrans_gen
A boy dusted and so did Olivia .	boy ( x _ 0 ) AND dust . agent ( x _ 1 , x _ 0 ) AND dust . agent ( x _ 2 , Olivia )	elips_VPE_intrans_gen
A girl sneezed and so did a bird .	girl ( x _ 0 ) AND bird ( x _ 1 ) AND sneeze . agent ( x _ 2 , x _ 0 ) AND sneeze . agent ( x _ 3 , x _ 1 )	elips_VPE_intrans_gen
Emma painted and so did a cat .	cat ( x _ 0 ) AND paint . agent ( x _ 1 , Emma ) AND paint . agent ( x _ 2 , x _ 0 )	elips_VPE_intrans_gen
A cat ate and so did a mouse .	cat ( x _ 0 ) AND mouse ( x _ 1 ) AND eat . agent ( x _ 2 , x _ 0 ) AND eat . agent ( x _ 3 , x _ 1 )	elips_VPE_intrans_gen
A boy juggled and so did Charlotte .	boy ( x _ 0 ) AND juggle . agent ( x _ 1 , x _ 0 ) AND juggle . agent ( x _ 2 , Charlotte )	elips_VPE_intrans_gen
Emma slept and so did Natalie .	sleep . agent ( x _ 0 , Emma ) AND sleep . agent ( x _ 1 , Natalie )	elips_VPE_intrans_gen
A king liked that a cat ate and so did a girl .	king ( x _ 0 ) AND cat ( x _ 3 ) AND girl ( x _ 2 ) AND like . agent ( x _ 4 , x _ 0 ) AND like . ccomp ( x _ 4, x _ 5 ) AND eat . agent ( x _ 5 , x _ 3 ) AND like . agent ( x _ 6 , x _ 2 ) AND like . ccomp ( x _ 6, x _ 7 ) AND eat . agent ( x _ 7 , x _ 3 )	elips_VPE_intrans_gen
A boy slept and so did Liam .	boy ( x _ 0 ) AND sleep . agent ( x _ 1 , x _ 0 ) AND sleep . agent ( x _ 2 , Liam )	elips_VPE_intrans_gen
Emma hoped that Riley talked and so did Leo .	hope . agent ( x _ 0 , Emma ) AND hope . ccomp ( x _ 0, x _ 1 ) AND talk . agent ( x _ 1 , Riley ) AND hope . agent ( x _ 2 , Leo ) AND hope . ccomp ( x _ 2, x _ 3 ) AND talk . agent ( x _ 3 , Riley )	elips_VPE_intrans_gen
Isaac laughed and so did Victoria .	laugh . agent ( x _ 0 , Isaac ) AND laugh . agent ( x _ 1 , Victoria )	elips_VPE_intrans_gen
The crocodile ate and so did Emma .	* crocodile ( x _ 0 ) ; eat . agent ( x _ 1 , x _ 0 ) AND eat . agent ( x _ 2 , Emma )	elips_VPE_intrans_gen
Emma talked and so did a patient .	patient ( x _ 0 ) AND talk . agent ( x _ 1 , Emma ) AND talk . agent ( x _ 2 , x _ 0 )	elips_VPE_intrans_gen
The mother appreciated that Emma sneezed and so did the boy .	* mother ( x _ 0 ) ; * boy ( x _ 1 ) ; appreciate . agent ( x _ 2 , x _ 0 ) AND appreciate . ccomp ( x _ 2, x _ 3 ) AND sneeze . agent ( x _ 3 , Emma ) AND appreciate . agent ( x _ 4 , x _ 1 ) AND appreciate . ccomp ( x _ 4, x _ 5 ) AND sneeze . agent ( x _ 5 , Emma )	elips_VPE_intrans_gen
The spokesman painted and so did Olivia .	* spokesman ( x _ 0 ) ; paint . agent ( x _ 1 , x _ 0 ) AND paint . agent ( x _ 2 , Olivia )	elips_VPE_intrans_gen
Benjamin said that the penguin slept and so did the zebra .	* penguin ( x _ 2 ) ; * zebra ( x _ 1 ) ; say . agent ( x _ 3 , Benjamin ) AND say . ccomp ( x _ 3, x _ 4 ) AND sleep . agent ( x _ 4 , x _ 2 ) AND say . agent ( x _ 5 , x _ 1 ) AND say . ccomp ( x _ 5, x _ 6 ) AND sleep . agent ( x _ 6 , x _ 2 )	elips_VPE_intrans_gen
Olivia respected that a lawyer laughed and so did a boy .	lawyer ( x _ 2 ) AND boy ( x _ 1 ) AND respect . agent ( x _ 3 , Olivia ) AND respect . ccomp ( x _ 3, x _ 4 ) AND laugh . agent ( x _ 4 , x _ 2 ) AND respect . agent ( x _ 5 , x _ 1 ) AND respect . ccomp ( x _ 5, x _ 6 ) AND laugh . agent ( x _ 6 , x _ 2 )	elips_VPE_intrans_gen
Benjamin smiled and so did a mother .	mother ( x _ 0 ) AND smile . agent ( x _ 1 , Benjamin ) AND smile . agent ( x _ 2 , x _ 0 )	elips_VPE_intrans_gen
Layla hoped that Olivia painted and so did Skylar .	hope . agent ( x _ 0 , Layla ) AND hope . ccomp ( x _ 0, x _ 1 ) AND paint . agent ( x _ 1 , Olivia ) AND hope . agent ( x _ 2 , Skylar ) AND hope . ccomp ( x _ 2, x _ 3 ) AND paint . agent ( x _ 3 , Olivia )	elips_VPE_intrans_gen
A frog noticed that Liam hunted and so did Emma .	frog ( x _ 0 ) AND notice . agent ( x _ 1 , x _ 0 ) AND notice . ccomp ( x _ 1, x _ 2 ) AND hunt . agent ( x _ 2 , Liam ) AND notice . agent ( x _ 3 , Emma ) AND notice . ccomp ( x _ 3, x _ 4 ) AND hunt . agent ( x _ 4 , Liam )	elips_VPE_intrans_gen
The mouse thought that the kitty juggled and so did Olivia .	* mouse ( x _ 0 ) ; * kitty ( x _ 2 ) ; think . agent ( x _ 3 , x _ 0 ) AND think . ccomp ( x _ 3, x _ 4 ) AND juggle . agent ( x _ 4 , x _ 2 ) AND think . agent ( x _ 5 , Olivia ) AND think . ccomp ( x _ 5, x _ 6 ) AND juggle . agent ( x _ 6 , x _ 2 )	elips_VPE_intrans_gen
The turtle drew and so did a wolf .	* turtle ( x _ 0 ) ; wolf ( x _ 1 ) AND draw . agent ( x _ 2 , x _ 0 ) AND draw . agent ( x _ 3 , x _ 1 )	elips_VPE_intrans_gen
Wyatt ate and so did the duck .	* duck ( x _ 0 ) ; eat . agent ( x _ 1 , Wyatt ) AND eat . agent ( x _ 2 , x _ 0 )	elips_VPE_intrans_gen
William studied and so did Olivia .	study . agent ( x _ 0 , William ) AND study . agent ( x _ 1 , Olivia )	elips_VPE_intrans_gen
Henry walked and so did the prince .	* prince ( x _ 0 ) ; walk . agent ( x _ 1 , Henry ) AND walk . agent ( x _ 2 , x _ 0 )	elips_VPE_intrans_gen
Mia painted and so did Mila .	paint . agent ( x _ 0 , Mia ) AND paint . agent ( x _ 1 , Mila )	elips_VPE_intrans_gen
William ate and so did Olivia .	eat . agent ( x _ 0 , William ) AND eat . agent ( x _ 1 , Olivia )	elips_VPE_intrans_gen
The prince sneezed and so did a boy .	* prince ( x _ 0 ) ; boy ( x _ 1 ) AND sneeze . agent ( x _ 2 , x _ 0 ) AND sneeze . agent ( x _ 3 , x _ 1 )	elips_VPE_intrans_gen
A boy painted and so did a girl .	boy ( x _ 0 ) AND girl ( x _ 1 ) AND paint . agent ( x _ 2 , x _ 0 ) AND paint . agent ( x _ 3 , x _ 1 )	elips_VPE_intrans_gen
William dusted and so did the girl .	* girl ( x _ 0 ) ; dust . agent ( x _ 1 , William ) AND dust . agent ( x _ 2 , x _ 0 )	elips_VPE_intrans_gen
Olivia cooked and so did a girl .	girl ( x _ 0 ) AND cook . agent ( x _ 1 , Olivia ) AND cook . agent ( x _ 2 , x _ 0 )	elips_VPE_intrans_gen
The spokesman napped and so did the boy .	* spokesman ( x _ 0 ) ; * boy ( x _ 1 ) ; nap . agent ( x _ 2 , x _ 0 ) AND nap . agent ( x _ 3 , x _ 1 )	elips_VPE_intrans_gen
The hero hoped that the girl slept and so did Liam .	* hero ( x _ 0 ) ; * girl ( x _ 2 ) ; hope . agent ( x _ 3 , x _ 0 ) AND hope . ccomp ( x _ 3, x _ 4 ) AND sleep . agent ( x _ 4 , x _ 2 ) AND hope . agent ( x _ 5 , Liam ) AND hope . ccomp ( x _ 5, x _ 6 ) AND sleep . agent ( x _ 6 , x _ 2 )	elips_VPE_intrans_gen
Mason hoped that the girl cleaned and so did Leo .	* girl ( x _ 1 ) ; hope . agent ( x _ 2 , Mason ) AND hope . ccomp ( x _ 2, x _ 3 ) AND clean . agent ( x _ 3 , x _ 1 ) AND hope . agent ( x _ 4 , Leo ) AND hope . ccomp ( x _ 4, x _ 5 ) AND clean . agent ( x _ 5 , x _ 1 )	elips_VPE_intrans_gen
A kid ate and so did Elijah .	kid ( x _ 0 ) AND eat . agent ( x _ 1 , x _ 0 ) AND eat . agent ( x _ 2 , Elijah )	elips_VPE_intrans_gen
The girl ran and so did Emma .	* girl ( x _ 0 ) ; run . agent ( x _ 1 , x _ 0 ) AND run . agent ( x _ 2 , Emma )	elips_VPE_intrans_gen
Emma thought that Lucas cleaned and so did Noah .	think . agent ( x _ 0 , Emma ) AND think . ccomp ( x _ 0, x _ 1 ) AND clean . agent ( x _ 1 , Lucas ) AND think . agent ( x _ 2 , Noah ) AND think . ccomp ( x _ 2, x _ 3 ) AND clean . agent ( x _ 3 , Lucas )	elips_VPE_intrans_gen
The girl cleaned and so did Nathan .	* girl ( x _ 0 ) ; clean . agent ( x _ 1 , x _ 0 ) AND clean . agent ( x _ 2 , Nathan )	elips_VPE_intrans_gen
Olivia packed and so did the boy .	* boy ( x _ 0 ) ; pack . agent ( x _ 1 , Olivia ) AND pack . agent ( x _ 2 , x _ 0 )	elips_VPE_intrans_gen
Noah napped and so did a boy .	boy ( x _ 0 ) AND nap . agent ( x _ 1 , Noah ) AND nap . agent ( x _ 2 , x _ 0 )	elips_VPE_intrans_gen
A pupil knew and so did a girl .	pupil ( x _ 0 ) AND girl ( x _ 1 ) AND know . agent ( x _ 2 , x _ 0 ) AND know . agent ( x _ 3 , x _ 1 )	elips_VPE_intrans_gen
A girl noticed and so did the monster .	* monster ( x _ 1 ) ; girl ( x _ 0 ) AND notice . agent ( x _ 2 , x _ 0 ) AND notice . agent ( x _ 3 , x _ 1 )	elips_VPE_intrans_gen
A girl supported that a mother smiled and so did James .	girl ( x _ 0 ) AND mother ( x _ 2 ) AND support . agent ( x _ 3 , x _ 0 ) AND support . ccomp ( x _ 3, x _ 4 ) AND smile . agent ( x _ 4 , x _ 2 ) AND support . agent ( x _ 5 , James ) AND support . ccomp ( x _ 5, x _ 6 ) AND smile . agent ( x _ 6 , x _ 2 )	elips_VPE_intrans_gen
Olivia saw and so did Liam .	see . agent ( x _ 0 , Olivia ) AND see . agent ( x _ 1 , Liam )	elips_VPE_intrans_gen
William laughed and so did the baby .	* baby ( x _ 0 ) ; laugh . agent ( x _ 1 , William ) AND laugh . agent ( x _ 2 , x _ 0 )	elips_VPE_intrans_gen
Logan cooked and so did Julian .	cook . agent ( x _ 0 , Logan ) AND cook . agent ( x _ 1 , Julian )	elips_VPE_intrans_gen
Sophia tolerated that Ava talked and so did a boy .	boy ( x _ 0 ) AND tolerate . agent ( x _ 1 , Sophia ) AND tolerate . ccomp ( x _ 1, x _ 2 ) AND talk . agent ( x _ 2 , Ava ) AND tolerate . agent ( x _ 3 , x _ 0 ) AND tolerate . ccomp ( x _ 3, x _ 4 ) AND talk . agent ( x _ 4 , Ava )	elips_VPE_intrans_gen
The sheep ate and so did a puppy .	* sheep ( x _ 0 ) ; puppy ( x _ 1 ) AND eat . agent ( x _ 2 , x _ 0 ) AND eat . agent ( x _ 3 , x _ 1 )	elips_VPE_intrans_gen
Emma liked that Olivia cried and so did a teacher .	teacher ( x _ 0 ) AND like . agent ( x _ 1 , Emma ) AND like . ccomp ( x _ 1, x _ 2 ) AND cry . agent ( x _ 2 , Olivia ) AND like . agent ( x _ 3 , x _ 0 ) AND like . ccomp ( x _ 3, x _ 4 ) AND cry . agent ( x _ 4 , Olivia )	elips_VPE_intrans_gen
Isabella admired that the girl smiled and so did the queen .	* girl ( x _ 2 ) ; * queen ( x _ 1 ) ; admire . agent ( x _ 3 , Isabella ) AND admire . ccomp ( x _ 3, x _ 4 ) AND smile . agent ( x _ 4 , x _ 2 ) AND admire . agent ( x _ 5 , x _ 1 ) AND admire . ccomp ( x _ 5, x _ 6 ) AND smile . agent ( x _ 6 , x _ 2 )	elips_VPE_intrans_gen
The boy dusted and so did Mia .	* boy ( x _ 0 ) ; dust . agent ( x _ 1 , x _ 0 ) AND dust . agent ( x _ 2 , Mia )	elips_VPE_intrans_gen
A hen said that Theodore ate and so did Emma .	hen ( x _ 0 ) AND say . agent ( x _ 1 , x _ 0 ) AND say . ccomp ( x _ 1, x _ 2 ) AND eat . agent ( x _ 2 , Theodore ) AND say . agent ( x _ 3 , Emma ) AND say . ccomp ( x _ 3, x _ 4 ) AND eat . agent ( x _ 4 , Theodore )	elips_VPE_intrans_gen
James imagined that the girl studied and so did Liam .	* girl ( x _ 1 ) ; imagine . agent ( x _ 2 , James ) AND imagine . ccomp ( x _ 2, x _ 3 ) AND study . agent ( x _ 3 , x _ 1 ) AND imagine . agent ( x _ 4 , Liam ) AND imagine . ccomp ( x _ 4, x _ 5 ) AND study . agent ( x _ 5 , x _ 1 )	elips_VPE_intrans_gen
The boy supported that the girl slept and so did Benjamin .	* boy ( x _ 0 ) ; * girl ( x _ 2 ) ; support . agent ( x _ 3 , x _ 0 ) AND support . ccomp ( x _ 3, x _ 4 ) AND sleep . agent ( x _ 4 , x _ 2 ) AND support . agent ( x _ 5 , Benjamin ) AND support . ccomp ( x _ 5, x _ 6 ) AND sleep . agent ( x _ 6 , x _ 2 )	elips_VPE_intrans_gen
A girl examined and so did a tiger .	girl ( x _ 0 ) AND tiger ( x _ 1 ) AND examine . agent ( x _ 2 , x _ 0 ) AND examine . agent ( x _ 3 , x _ 1 )	elips_VPE_intrans_gen
Emma admired that Grace ate and so did a girl .	girl ( x _ 0 ) AND admire . agent ( x _ 1 , Emma ) AND admire . ccomp ( x _ 1, x _ 2 ) AND eat . agent ( x _ 2 , Grace ) AND admire . agent ( x _ 3 , x _ 0 ) AND admire . ccomp ( x _ 3, x _ 4 ) AND eat . agent ( x _ 4 , Grace )	elips_VPE_intrans_gen
The deer smiled and so did Emma .	* deer ( x _ 0 ) ; smile . agent ( x _ 1 , x _ 0 ) AND smile . agent ( x _ 2 , Emma )	elips_VPE_intrans_gen
A boy hoped that a captain hunted and so did a judge .	boy ( x _ 0 ) AND captain ( x _ 3 ) AND judge ( x _ 2 ) AND hope . agent ( x _ 4 , x _ 0 ) AND hope . ccomp ( x _ 4, x _ 5 ) AND hunt . agent ( x _ 5 , x _ 3 ) AND hope . agent ( x _ 6 , x _ 2 ) AND hope . ccomp ( x _ 6, x _ 7 ) AND hunt . agent ( x _ 7 , x _ 3 )	elips_VPE_intrans_gen
Jacob wished that the baby smiled and so did the sailor .	* baby ( x _ 2 ) ; * sailor ( x _ 1 ) ; wish . agent ( x _ 3 , Jacob ) AND wish . ccomp ( x _ 3, x _ 4 ) AND smile . agent ( x _ 4 , x _ 2 ) AND wish . agent ( x _ 5 , x _ 1 ) AND wish . ccomp ( x _ 5, x _ 6 ) AND smile . agent ( x _ 6 , x _ 2 )	elips_VPE_intrans_gen
A dog wished that Ethan sketched and so did the giraffe .	* giraffe ( x _ 1 ) ; dog ( x _ 0 ) AND wish . agent ( x _ 2 , x _ 0 ) AND wish . ccomp ( x _ 2, x _ 3 ) AND sketch . agent ( x _ 3 , Ethan ) AND wish . agent ( x _ 4 , x _ 1 ) AND wish . ccomp ( x _ 4, x _ 5 ) AND sketch . agent ( x _ 5 , Ethan )	elips_VPE_intrans_gen
Emma said that a girl slept and so did a queen .	girl ( x _ 2 ) AND queen ( x _ 1 ) AND say . agent ( x _ 3 , Emma ) AND say . ccomp ( x _ 3, x _ 4 ) AND sleep . agent ( x _ 4 , x _ 2 ) AND say . agent ( x _ 5 , x _ 1 ) AND say . ccomp ( x _ 5, x _ 6 ) AND sleep . agent ( x _ 6 , x _ 2 )	elips_VPE_intrans_gen
Noah ate and so did Liam .	eat . agent ( x _ 0 , Noah ) AND eat . agent ( x _ 1 , Liam )	elips_VPE_intrans_gen
Sophia napped and so did the girl .	* girl ( x _ 0 ) ; nap . agent ( x _ 1 , Sophia ) AND nap . agent ( x _ 2 , x _ 0 )	elips_VPE_intrans_gen
Luke slept and so did the girl .	* girl ( x _ 0 ) ; sleep . agent ( x _ 1 , Luke ) AND sleep . agent ( x _ 2 , x _ 0 )	elips_VPE_intrans_gen
Emma liked that Ava cried and so did a girl .	girl ( x _ 0 ) AND like . agent ( x _ 1 , Emma ) AND like . ccomp ( x _ 1, x _ 2 ) AND cry . agent ( x _ 2 , Ava ) AND like . agent ( x _ 3 , x _ 0 ) AND like . ccomp ( x _ 3, x _ 4 ) AND cry . agent ( x _ 4 , Ava )	elips_VPE_intrans_gen
The giraffe drew and so did Emma .	* giraffe ( x _ 0 ) ; draw . agent ( x _ 1 , x _ 0 ) AND draw . agent ( x _ 2 , Emma )	elips_VPE_intrans_gen
The politician cooked and so did a teacher .	* politician ( x _ 0 ) ; teacher ( x _ 1 ) AND cook . agent ( x _ 2 , x _ 0 ) AND cook . agent ( x _ 3 , x _ 1 )	elips_VPE_intrans_gen
Noah expected that Olivia slept and so did Amelia .	expect . agent ( x _ 0 , Noah ) AND expect . ccomp ( x _ 0, x _ 1 ) AND sleep . agent ( x _ 1 , Olivia ) AND expect . agent ( x _ 2 , Amelia ) AND expect . ccomp ( x _ 2, x _ 3 ) AND sleep . agent ( x _ 3 , Olivia )	elips_VPE_intrans_gen
Grace liked that Sofia napped and so did a boy .	boy ( x _ 0 ) AND like . agent ( x _ 1 , Grace ) AND like . ccomp ( x _ 1, x _ 2 ) AND nap . agent ( x _ 2 , Sofia ) AND like . agent ( x _ 3 , x _ 0 ) AND like . ccomp ( x _ 3, x _ 4 ) AND nap . agent ( x _ 4 , Sofia )	elips_VPE_intrans_gen
Riley liked that Lincoln ate and so did the cat .	* cat ( x _ 0 ) ; like . agent ( x _ 1 , Riley ) AND like . ccomp ( x _ 1, x _ 2 ) AND eat . agent ( x _ 2 , Lincoln ) AND like . agent ( x _ 3 , x _ 0 ) AND like . ccomp ( x _ 3, x _ 4 ) AND eat . agent ( x _ 4 , Lincoln )	elips_VPE_intrans_gen
Grace noticed and so did the girl .	* girl ( x _ 0 ) ; notice . agent ( x _ 1 , Grace ) AND notice . agent ( x _ 2 , x _ 0 )	elips_VPE_intrans_gen
A hero ate and so did Samuel .	hero ( x _ 0 ) AND eat . agent ( x _ 1 , x _ 0 ) AND eat . agent ( x _ 2 , Samuel )	elips_VPE_intrans_gen
The boy laughed and so did a judge .	* boy ( x _ 0 ) ; judge ( x _ 1 ) AND laugh . agent ( x _ 2 , x _ 0 ) AND laugh . agent ( x _ 3 , x _ 1 )	elips_VPE_intrans_gen
Isaac painted and so did a frog .	frog ( x _ 0 ) AND paint . agent ( x _ 1 , Isaac ) AND paint . agent ( x _ 2 , x _ 0 )	elips_VPE_intrans_gen
A director hunted and so did the butterfly .	* butterfly ( x _ 1 ) ; director ( x _ 0 ) AND hunt . agent ( x _ 2 , x _ 0 ) AND hunt . agent ( x _ 3 , x _ 1 )	elips_VPE_intrans_gen
Emma danced and so did Ryan .	dance . agent ( x _ 0 , Emma ) AND dance . agent ( x _ 1 , Ryan )	elips_VPE_intrans_gen
Emma walked and so did Ava .	walk . agent ( x _ 0 , Emma ) AND walk . agent ( x _ 1 , Ava )	elips_VPE_intrans_gen
The bunny liked that Isabella smiled and so did a girl .	* bunny ( x _ 0 ) ; girl ( x _ 1 ) AND like . agent ( x _ 2 , x _ 0 ) AND like . ccomp ( x _ 2, x _ 3 ) AND smile . agent ( x _ 3 , Isabella ) AND like . agent ( x _ 4 , x _ 1 ) AND like . ccomp ( x _ 4, x _ 5 ) AND smile . agent ( x _ 5 , Isabella )	elips_VPE_intrans_gen
Jackson sneezed and so did the girl .	* girl ( x _ 0 ) ; sneeze . agent ( x _ 1 , Jackson ) AND sneeze . agent ( x _ 2 , x _ 0 )	elips_VPE_intrans_gen
Elijah smiled and so did a girl .	girl ( x _ 0 ) AND smile . agent ( x _ 1 , Elijah ) AND smile . agent ( x _ 2 , x _ 0 )	elips_VPE_intrans_gen
Aria examined and so did a bird .	bird ( x _ 0 ) AND examine . agent ( x _ 1 , Aria ) AND examine . agent ( x _ 2 , x _ 0 )	elips_VPE_intrans_gen
Isaac noticed that Emma stuttered and so did Oliver .	notice . agent ( x _ 0 , Isaac ) AND notice . ccomp ( x _ 0, x _ 1 ) AND stutter . agent ( x _ 1 , Emma ) AND notice . agent ( x _ 2 , Oliver ) AND notice . ccomp ( x _ 2, x _ 3 ) AND stutter . agent ( x _ 3 , Emma )	elips_VPE_intrans_gen
A boy ate and so did a dog .	boy ( x _ 0 ) AND dog ( x _ 1 ) AND eat . agent ( x _ 2 , x _ 0 ) AND eat . agent ( x _ 3 , x _ 1 )	elips_VPE_intrans_gen
The moose tolerated that a girl ate and so did the monkey .	* moose ( x _ 0 ) ; * monkey ( x _ 2 ) ; girl ( x _ 3 ) AND tolerate . agent ( x _ 4 , x _ 0 ) AND tolerate . ccomp ( x _ 4, x _ 5 ) AND eat . agent ( x _ 5 , x _ 3 ) AND tolerate . agent ( x _ 6 , x _ 2 ) AND tolerate . ccomp ( x _ 6, x _ 7 ) AND eat . agent ( x _ 7 , x _ 3 )	elips_VPE_intrans_gen
The teacher liked that a creature painted and so did Aiden .	* teacher ( x _ 0 ) ; creature ( x _ 2 ) AND like . agent ( x _ 3 , x _ 0 ) AND like . ccomp ( x _ 3, x _ 4 ) AND paint . agent ( x _ 4 , x _ 2 ) AND like . agent ( x _ 5 , Aiden ) AND like . ccomp ( x _ 5, x _ 6 ) AND paint . agent ( x _ 6 , x _ 2 )	elips_VPE_intrans_gen
A girl imagined that the mouse smiled and so did Elijah .	* mouse ( x _ 2 ) ; girl ( x _ 0 ) AND imagine . agent ( x _ 3 , x _ 0 ) AND imagine . ccomp ( x _ 3, x _ 4 ) AND smile . agent ( x _ 4 , x _ 2 ) AND imagine . agent ( x _ 5 , Elijah ) AND imagine . ccomp ( x _ 5, x _ 6 ) AND smile . agent ( x _ 6 , x _ 2 )	elips_VPE_intrans_gen
A girl liked that the bunny sneezed and so did Liam .	* bunny ( x _ 2 ) ; girl ( x _ 0 ) AND like . agent ( x _ 3 , x _ 0 ) AND like . ccomp ( x _ 3, x _ 4 ) AND sneeze . agent ( x _ 4 , x _ 2 ) AND like . agent ( x _ 5 , Liam ) AND like . ccomp ( x _ 5, x _ 6 ) AND sneeze . agent ( x _ 6 , x _ 2 )	elips_VPE_intrans_gen
A landlord said that Sophia drew and so did Joshua .	landlord ( x _ 0 ) AND say . agent ( x _ 1 , x _ 0 ) AND say . ccomp ( x _ 1, x _ 2 ) AND draw . agent ( x _ 2 , Sophia ) AND say . agent ( x _ 3 , Joshua ) AND say . ccomp ( x _ 3, x _ 4 ) AND draw . agent ( x _ 4 , Sophia )	elips_VPE_intrans_gen
Olivia painted and so did a horse .	horse ( x _ 0 ) AND paint . agent ( x _ 1 , Olivia ) AND paint . agent ( x _ 2 , x _ 0 )	elips_VPE_intrans_gen
Alexander juggled and so did Emma .	juggle . agent ( x _ 0 , Alexander ) AND juggle . agent ( x _ 1 , Emma )	elips_VPE_intrans_gen
Victoria hoped that William ate and so did Emma .	hope . agent ( x _ 0 , Victoria ) AND hope . ccomp ( x _ 0, x _ 1 ) AND eat . agent ( x _ 1 , William ) AND hope . agent ( x _ 2 , Emma ) AND hope . ccomp ( x _ 2, x _ 3 ) AND eat . agent ( x _ 3 , William )	elips_VPE_intrans_gen
A chicken sneezed and so did a girl .	chicken ( x _ 0 ) AND girl ( x _ 1 ) AND sneeze . agent ( x _ 2 , x _ 0 ) AND sneeze . agent ( x _ 3 , x _ 1 )	elips_VPE_intrans_gen
Stella appreciated that the monster smiled and so did Sophia .	* monster ( x _ 1 ) ; appreciate . agent ( x _ 2 , Stella ) AND appreciate . ccomp ( x _ 2, x _ 3 ) AND smile . agent ( x _ 3 , x _ 1 ) AND appreciate . agent ( x _ 4 , Sophia ) AND appreciate . ccomp ( x _ 4, x _ 5 ) AND smile . agent ( x _ 5 , x _ 1 )	elips_VPE_intrans_gen
The prince ate and so did Emma .	* prince ( x _ 0 ) ; eat . agent ( x _ 1 , x _ 0 ) AND eat . agent ( x _ 2 , Emma )	elips_VPE_intrans_gen
A student laughed and so did Owen .	student ( x _ 0 ) AND laugh . agent ( x _ 1 , x _ 0 ) AND laugh . agent ( x _ 2 , Owen )	elips_VPE_intrans_gen
Liam cleaned and so did a girl .	girl ( x _ 0 ) AND clean . agent ( x _ 1 , Liam ) AND clean . agent ( x _ 2 , x _ 0 )	elips_VPE_intrans_gen
Oliver slept and so did a monster .	monster ( x _ 0 ) AND sleep . agent ( x _ 1 , Oliver ) AND sleep . agent ( x _ 2 , x _ 0 )	elips_VPE_intrans_gen
A boy laughed and so did Elizabeth .	boy ( x _ 0 ) AND laugh . agent ( x _ 1 , x _ 0 ) AND laugh . agent ( x _ 2 , Elizabeth )	elips_VPE_intrans_gen
The goose painted and so did Elijah .	* goose ( x _ 0 ) ; paint . agent ( x _ 1 , x _ 0 ) AND paint . agent ( x _ 2 , Elijah )	elips_VPE_intrans_gen
Emma hoped that Olivia slept and so did a girl .	girl ( x _ 0 ) AND hope . agent ( x _ 1 , Emma ) AND hope . ccomp ( x _ 1, x _ 2 ) AND sleep . agent ( x _ 2 , Olivia ) AND hope . agent ( x _ 3 , x _ 0 ) AND hope . ccomp ( x _ 3, x _ 4 ) AND sleep . agent ( x _ 4 , Olivia )	elips_VPE_intrans_gen
Ava snoozed and so did Liam .	snooze . agent ( x _ 0 , Ava ) AND snooze . agent ( x _ 1 , Liam )	elips_VPE_intrans_gen
Alexander painted and so did Noah .	paint . agent ( x _ 0 , Alexander ) AND paint . agent ( x _ 1 , Noah )	elips_VPE_intrans_gen
Liam hoped that a girl sneezed and so did a boy .	girl ( x _ 2 ) AND boy ( x _ 1 ) AND hope . agent ( x _ 3 , Liam ) AND hope . ccomp ( x _ 3, x _ 4 ) AND sneeze . agent ( x _ 4 , x _ 2 ) AND hope . agent ( x _ 5 , x _ 1 ) AND hope . ccomp ( x _ 5, x _ 6 ) AND sneeze . agent ( x _ 6 , x _ 2 )	elips_VPE_intrans_gen
Isabella cried and so did a girl .	girl ( x _ 0 ) AND cry . agent ( x _ 1 , Isabella ) AND cry . agent ( x _ 2 , x _ 0 )	elips_VPE_intrans_gen
The girl sneezed and so did Henry .	* girl ( x _ 0 ) ; sneeze . agent ( x _ 1 , x _ 0 ) AND sneeze . agent ( x _ 2 , Henry )	elips_VPE_intrans_gen
A researcher sneezed and so did the dog .	* dog ( x _ 1 ) ; researcher ( x _ 0 ) AND sneeze . agent ( x _ 2 , x _ 0 ) AND sneeze . agent ( x _ 3 , x _ 1 )	elips_VPE_intrans_gen
The lawyer slept and so did Joshua .	* lawyer ( x _ 0 ) ; sleep . agent ( x _ 1 , x _ 0 ) AND sleep . agent ( x _ 2 , Joshua )	elips_VPE_intrans_gen
The teacher slept and so did a spokesman .	* teacher ( x _ 0 ) ; spokesman ( x _ 1 ) AND sleep . agent ( x _ 2 , x _ 0 ) AND sleep . agent ( x _ 3 , x _ 1 )	elips_VPE_intrans_gen
A girl ate and so did Noah .	girl ( x _ 0 ) AND eat . agent ( x _ 1 , x _ 0 ) AND eat . agent ( x _ 2 , Noah )	elips_VPE_intrans_gen
The girl hoped that the director slept and so did Evelyn .	* girl ( x _ 0 ) ; * director ( x _ 2 ) ; hope . agent ( x _ 3 , x _ 0 ) AND hope . ccomp ( x _ 3, x _ 4 ) AND sleep . agent ( x _ 4 , x _ 2 ) AND hope . agent ( x _ 5 , Evelyn ) AND hope . ccomp ( x _ 5, x _ 6 ) AND sleep . agent ( x _ 6 , x _ 2 )	elips_VPE_intrans_gen
Liam dusted and so did Mateo .	dust . agent ( x _ 0 , Liam ) AND dust . agent ( x _ 1 , Mateo )	elips_VPE_intrans_gen
A frog painted and so did the girl .	* girl ( x _ 1 ) ; frog ( x _ 0 ) AND paint . agent ( x _ 2 , x _ 0 ) AND paint . agent ( x _ 3 , x _ 1 )	elips_VPE_intrans_gen
Olivia ate and so did the hen .	* hen ( x _ 0 ) ; eat . agent ( x _ 1 , Olivia ) AND eat . agent ( x _ 2 , x _ 0 )	elips_VPE_intrans_gen
Emma nursed and so did Charlotte .	nurse . agent ( x _ 0 , Emma ) AND nurse . agent ( x _ 1 , Charlotte )	elips_VPE_intrans_gen
The girl slept and so did a hero .	* girl ( x _ 0 ) ; hero ( x _ 1 ) AND sleep . agent ( x _ 2 , x _ 0 ) AND sleep . agent ( x _ 3 , x _ 1 )	elips_VPE_intrans_gen
Noah smiled and so did Luke .	smile . agent ( x _ 0 , Noah ) AND smile . agent ( x _ 1 , Luke )	elips_VPE_intrans_gen
The bear ate and so did a penguin .	* bear ( x _ 0 ) ; penguin ( x _ 1 ) AND eat . agent ( x _ 2 , x _ 0 ) AND eat . agent ( x _ 3 , x _ 1 )	elips_VPE_intrans_gen
Emma smiled and so did a dog .	dog ( x _ 0 ) AND smile . agent ( x _ 1 , Emma ) AND smile . agent ( x _ 2 , x _ 0 )	elips_VPE_intrans_gen
Olivia slept and so did a penguin .	penguin ( x _ 0 ) AND sleep . agent ( x _ 1 , Olivia ) AND sleep . agent ( x _ 2 , x _ 0 )	elips_VPE_intrans_gen
Emma sneezed and so did the goose .	* goose ( x _ 0 ) ; sneeze . agent ( x _ 1 , Emma ) AND sneeze . agent ( x _ 2 , x _ 0 )	elips_VPE_intrans_gen
The dog stuttered and so did a customer .	* dog ( x _ 0 ) ; customer ( x _ 1 ) AND stutter . agent ( x _ 2 , x _ 0 ) AND stutter . agent ( x _ 3 , x _ 1 )	elips_VPE_intrans_gen
A wolf liked that a dog sneezed and so did the chief .	* chief ( x _ 2 ) ; wolf ( x _ 0 ) AND dog ( x _ 3 ) AND like . agent ( x _ 4 , x _ 0 ) AND like . ccomp ( x _ 4, x _ 5 ) AND sneeze . agent ( x _ 5 , x _ 3 ) AND like . agent ( x _ 6 , x _ 2 ) AND like . ccomp ( x _ 6, x _ 7 ) AND sneeze . agent ( x _ 7 , x _ 3 )	elips_VPE_intrans_gen
Emma studied and so did Elijah .	study . agent ( x _ 0 , Emma ) AND study . agent ( x _ 1 , Elijah )	elips_VPE_intrans_gen
Mila ate and so did a poet .	poet ( x _ 0 ) AND eat . agent ( x _ 1 , Mila ) AND eat . agent ( x _ 2 , x _ 0 )	elips_VPE_intrans_gen
Lillian dusted and so did Emma .	dust . agent ( x _ 0 , Lillian ) AND dust . agent ( x _ 1 , Emma )	elips_VPE_intrans_gen
Emma investigated and so did the teacher .	* teacher ( x _ 0 ) ; investigate . agent ( x _ 1 , Emma ) AND investigate . agent ( x _ 2 , x _ 0 )	elips_VPE_intrans_gen
James smiled and so did Isabella .	smile . agent ( x _ 0 , James ) AND smile . agent ( x _ 1 , Isabella )	elips_VPE_intrans_gen
Emma respected that the bird stuttered and so did Carter .	* bird ( x _ 1 ) ; respect . agent ( x _ 2 , Emma ) AND respect . ccomp ( x _ 2, x _ 3 ) AND stutter . agent ( x _ 3 , x _ 1 ) AND respect . agent ( x _ 4 , Carter ) AND respect . ccomp ( x _ 4, x _ 5 ) AND stutter . agent ( x _ 5 , x _ 1 )	elips_VPE_intrans_gen
Oliver declared that Liam ate and so did Emma .	declare . agent ( x _ 0 , Oliver ) AND declare . ccomp ( x _ 0, x _ 1 ) AND eat . agent ( x _ 1 , Liam ) AND declare . agent ( x _ 2 , Emma ) AND declare . ccomp ( x _ 2, x _ 3 ) AND eat . agent ( x _ 3 , Liam )	elips_VPE_intrans_gen
The creature expected that the bunny studied and so did a girl .	* creature ( x _ 0 ) ; * bunny ( x _ 3 ) ; girl ( x _ 2 ) AND expect . agent ( x _ 4 , x _ 0 ) AND expect . ccomp ( x _ 4, x _ 5 ) AND study . agent ( x _ 5 , x _ 3 ) AND expect . agent ( x _ 6 , x _ 2 ) AND expect . ccomp ( x _ 6, x _ 7 ) AND study . agent ( x _ 7 , x _ 3 )	elips_VPE_intrans_gen
William thought that Stella examined and so did a boy .	boy ( x _ 0 ) AND think . agent ( x _ 1 , William ) AND think . ccomp ( x _ 1, x _ 2 ) AND examine . agent ( x _ 2 , Stella ) AND think . agent ( x _ 3 , x _ 0 ) AND think . ccomp ( x _ 3, x _ 4 ) AND examine . agent ( x _ 4 , Stella )	elips_VPE_intrans_gen
The prisoner valued that Emma sneezed and so did Liam .	* prisoner ( x _ 0 ) ; value . agent ( x _ 1 , x _ 0 ) AND value . ccomp ( x _ 1, x _ 2 ) AND sneeze . agent ( x _ 2 , Emma ) AND value . agent ( x _ 3 , Liam ) AND value . ccomp ( x _ 3, x _ 4 ) AND sneeze . agent ( x _ 4 , Emma )	elips_VPE_intrans_gen
Liam hoped that the girl slept and so did a dog .	* girl ( x _ 2 ) ; dog ( x _ 1 ) AND hope . agent ( x _ 3 , Liam ) AND hope . ccomp ( x _ 3, x _ 4 ) AND sleep . agent ( x _ 4 , x _ 2 ) AND hope . agent ( x _ 5 , x _ 1 ) AND hope . ccomp ( x _ 5, x _ 6 ) AND sleep . agent ( x _ 6 , x _ 2 )	elips_VPE_intrans_gen
The boy liked that Olivia sketched and so did a girl .	* boy ( x _ 0 ) ; girl ( x _ 1 ) AND like . agent ( x _ 2 , x _ 0 ) AND like . ccomp ( x _ 2, x _ 3 ) AND sketch . agent ( x _ 3 , Olivia ) AND like . agent ( x _ 4 , x _ 1 ) AND like . ccomp ( x _ 4, x _ 5 ) AND sketch . agent ( x _ 5 , Olivia )	elips_VPE_intrans_gen
A cat cried and so did a child .	cat ( x _ 0 ) AND child ( x _ 1 ) AND cry . agent ( x _ 2 , x _ 0 ) AND cry . agent ( x _ 3 , x _ 1 )	elips_VPE_intrans_gen
A teacher juggled and so did Noah .	teacher ( x _ 0 ) AND juggle . agent ( x _ 1 , x _ 0 ) AND juggle . agent ( x _ 2 , Noah )	elips_VPE_intrans_gen
Liam noticed and so did James .	notice . agent ( x _ 0 , Liam ) AND notice . agent ( x _ 1 , James )	elips_VPE_intrans_gen
A lion said that a princess painted and so did Alexander .	lion ( x _ 0 ) AND princess ( x _ 2 ) AND say . agent ( x _ 3 , x _ 0 ) AND say . ccomp ( x _ 3, x _ 4 ) AND paint . agent ( x _ 4 , x _ 2 ) AND say . agent ( x _ 5 , Alexander ) AND say . ccomp ( x _ 5, x _ 6 ) AND paint . agent ( x _ 6 , x _ 2 )	elips_VPE_intrans_gen
Olivia noticed that Emma ate and so did Liam .	notice . agent ( x _ 0 , Olivia ) AND notice . ccomp ( x _ 0, x _ 1 ) AND eat . agent ( x _ 1 , Emma ) AND notice . agent ( x _ 2 , Liam ) AND notice . ccomp ( x _ 2, x _ 3 ) AND eat . agent ( x _ 3 , Emma )	elips_VPE_intrans_gen
Emma nursed and so did Chloe .	nurse . agent ( x _ 0 , Emma ) AND nurse . agent ( x _ 1 , Chloe )	elips_VPE_intrans_gen
Liam ran and so did Emma .	run . agent ( x _ 0 , Liam ) AND run . agent ( x _ 1 , Emma )	elips_VPE_intrans_gen
A boy saw and so did the girl .	* girl ( x _ 1 ) ; boy ( x _ 0 ) AND see . agent ( x _ 2 , x _ 0 ) AND see . agent ( x _ 3 , x _ 1 )	elips_VPE_intrans_gen
A cat declared that a dog screamed and so did a butterfly .	cat ( x _ 0 ) AND dog ( x _ 3 ) AND butterfly ( x _ 2 ) AND declare . agent ( x _ 4 , x _ 0 ) AND declare . ccomp ( x _ 4, x _ 5 ) AND scream . agent ( x _ 5 , x _ 3 ) AND declare . agent ( x _ 6 , x _ 2 ) AND declare . ccomp ( x _ 6, x _ 7 ) AND scream . agent ( x _ 7 , x _ 3 )	elips_VPE_intrans_gen
The girl ate and so did Logan .	* girl ( x _ 0 ) ; eat . agent ( x _ 1 , x _ 0 ) AND eat . agent ( x _ 2 , Logan )	elips_VPE_intrans_gen
Liam smiled and so did a squirrel .	squirrel ( x _ 0 ) AND smile . agent ( x _ 1 , Liam ) AND smile . agent ( x _ 2 , x _ 0 )	elips_VPE_intrans_gen
Wyatt gasped and so did Emma .	gasp . agent ( x _ 0 , Wyatt ) AND gasp . agent ( x _ 1 , Emma )	elips_VPE_intrans_gen
The girl smiled and so did Emma .	* girl ( x _ 0 ) ; smile . agent ( x _ 1 , x _ 0 ) AND smile . agent ( x _ 2 , Emma )	elips_VPE_intrans_gen
A bear giggled and so did the human .	* human ( x _ 1 ) ; bear ( x _ 0 ) AND giggle . agent ( x _ 2 , x _ 0 ) AND giggle . agent ( x _ 3 , x _ 1 )	elips_VPE_intrans_gen
Asher slept and so did David .	sleep . agent ( x _ 0 , Asher ) AND sleep . agent ( x _ 1 , David )	elips_VPE_intrans_gen
A girl ate and so did a visitor .	girl ( x _ 0 ) AND visitor ( x _ 1 ) AND eat . agent ( x _ 2 , x _ 0 ) AND eat . agent ( x _ 3 , x _ 1 )	elips_VPE_intrans_gen
The fly ate and so did Nathan .	* fly ( x _ 0 ) ; eat . agent ( x _ 1 , x _ 0 ) AND eat . agent ( x _ 2 , Nathan )	elips_VPE_intrans_gen
The monster hoped that Liam slept and so did a lion .	* monster ( x _ 0 ) ; lion ( x _ 1 ) AND hope . agent ( x _ 2 , x _ 0 ) AND hope . ccomp ( x _ 2, x _ 3 ) AND sleep . agent ( x _ 3 , Liam ) AND hope . agent ( x _ 4 , x _ 1 ) AND hope . ccomp ( x _ 4, x _ 5 ) AND sleep . agent ( x _ 5 , Liam )	elips_VPE_intrans_gen
The cat smiled and so did a fly .	* cat ( x _ 0 ) ; fly ( x _ 1 ) AND smile . agent ( x _ 2 , x _ 0 ) AND smile . agent ( x _ 3 , x _ 1 )	elips_VPE_intrans_gen
The squirrel slept and so did Olivia .	* squirrel ( x _ 0 ) ; sleep . agent ( x _ 1 , x _ 0 ) AND sleep . agent ( x _ 2 , Olivia )	elips_VPE_intrans_gen
A bear liked that the boy knew and so did Sofia .	* boy ( x _ 2 ) ; bear ( x _ 0 ) AND like . agent ( x _ 3 , x _ 0 ) AND like . ccomp ( x _ 3, x _ 4 ) AND know . agent ( x _ 4 , x _ 2 ) AND like . agent ( x _ 5 , Sofia ) AND like . ccomp ( x _ 5, x _ 6 ) AND know . agent ( x _ 6 , x _ 2 )	elips_VPE_intrans_gen
Zoey ate and so did Emma .	eat . agent ( x _ 0 , Zoey ) AND eat . agent ( x _ 1 , Emma )	elips_VPE_intrans_gen
Ella ate and so did Olivia .	eat . agent ( x _ 0 , Ella ) AND eat . agent ( x _ 1 , Olivia )	elips_VPE_intrans_gen
Ella ate and so did a lion .	lion ( x _ 0 ) AND eat . agent ( x _ 1 , Ella ) AND eat . agent ( x _ 2 , x _ 0 )	elips_VPE_intrans_gen
Emma expected that a chicken hunted and so did Liam .	chicken ( x _ 1 ) AND expect . agent ( x _ 2 , Emma ) AND expect . ccomp ( x _ 2, x _ 3 ) AND hunt . agent ( x _ 3 , x _ 1 ) AND expect . agent ( x _ 4 , Liam ) AND expect . ccomp ( x _ 4, x _ 5 ) AND hunt . agent ( x _ 5 , x _ 1 )	elips_VPE_intrans_gen
A captain liked that Emma snored and so did Isabella .	captain ( x _ 0 ) AND like . agent ( x _ 1 , x _ 0 ) AND like . ccomp ( x _ 1, x _ 2 ) AND snore . agent ( x _ 2 , Emma ) AND like . agent ( x _ 3 , Isabella ) AND like . ccomp ( x _ 3, x _ 4 ) AND snore . agent ( x _ 4 , Emma )	elips_VPE_intrans_gen
Mila hoped that Elijah observed and so did the girl .	* girl ( x _ 0 ) ; hope . agent ( x _ 1 , Mila ) AND hope . ccomp ( x _ 1, x _ 2 ) AND observe . agent ( x _ 2 , Elijah ) AND hope . agent ( x _ 3 , x _ 0 ) AND hope . ccomp ( x _ 3, x _ 4 ) AND observe . agent ( x _ 4 , Elijah )	elips_VPE_intrans_gen
The cat drew and so did Emma .	* cat ( x _ 0 ) ; draw . agent ( x _ 1 , x _ 0 ) AND draw . agent ( x _ 2 , Emma )	elips_VPE_intrans_gen
Savannah slept and so did William .	sleep . agent ( x _ 0 , Savannah ) AND sleep . agent ( x _ 1 , William )	elips_VPE_intrans_gen
The dog hunted and so did the cat .	* dog ( x _ 0 ) ; * cat ( x _ 1 ) ; hunt . agent ( x _ 2 , x _ 0 ) AND hunt . agent ( x _ 3 , x _ 1 )	elips_VPE_intrans_gen
The chicken smiled and so did Liam .	* chicken ( x _ 0 ) ; smile . agent ( x _ 1 , x _ 0 ) AND smile . agent ( x _ 2 , Liam )	elips_VPE_intrans_gen
A boy talked and so did a crocodile .	boy ( x _ 0 ) AND crocodile ( x _ 1 ) AND talk . agent ( x _ 2 , x _ 0 ) AND talk . agent ( x _ 3 , x _ 1 )	elips_VPE_intrans_gen
The cat ate and so did Emma .	* cat ( x _ 0 ) ; eat . agent ( x _ 1 , x _ 0 ) AND eat . agent ( x _ 2 , Emma )	elips_VPE_intrans_gen
Liam slept and so did a buyer .	buyer ( x _ 0 ) AND sleep . agent ( x _ 1 , Liam ) AND sleep . agent ( x _ 2 , x _ 0 )	elips_VPE_intrans_gen
The girl drew and so did a child .	* girl ( x _ 0 ) ; child ( x _ 1 ) AND draw . agent ( x _ 2 , x _ 0 ) AND draw . agent ( x _ 3 , x _ 1 )	elips_VPE_intrans_gen
James hunted and so did the boy .	* boy ( x _ 0 ) ; hunt . agent ( x _ 1 , James ) AND hunt . agent ( x _ 2 , x _ 0 )	elips_VPE_intrans_gen
A butterfly liked that Olivia cried and so did a child .	butterfly ( x _ 0 ) AND child ( x _ 1 ) AND like . agent ( x _ 2 , x _ 0 ) AND like . ccomp ( x _ 2, x _ 3 ) AND cry . agent ( x _ 3 , Olivia ) AND like . agent ( x _ 4 , x _ 1 ) AND like . ccomp ( x _ 4, x _ 5 ) AND cry . agent ( x _ 5 , Olivia )	elips_VPE_intrans_gen
A goose laughed and so did the boy .	* boy ( x _ 1 ) ; goose ( x _ 0 ) AND laugh . agent ( x _ 2 , x _ 0 ) AND laugh . agent ( x _ 3 , x _ 1 )	elips_VPE_intrans_gen
The baby smiled and so did a girl .	* baby ( x _ 0 ) ; girl ( x _ 1 ) AND smile . agent ( x _ 2 , x _ 0 ) AND smile . agent ( x _ 3 , x _ 1 )	elips_VPE_intrans_gen
A girl painted and so did Emma .	girl ( x _ 0 ) AND paint . agent ( x _ 1 , x _ 0 ) AND paint . agent ( x _ 2 , Emma )	elips_VPE_intrans_gen
The girl smiled and so did a pony .	* girl ( x _ 0 ) ; pony ( x _ 1 ) AND smile . agent ( x _ 2 , x _ 0 ) AND smile . agent ( x _ 3 , x _ 1 )	elips_VPE_intrans_gen
The dog talked and so did a girl .	* dog ( x _ 0 ) ; girl ( x _ 1 ) AND talk . agent ( x _ 2 , x _ 0 ) AND talk . agent ( x _ 3 , x _ 1 )	elips_VPE_intrans_gen
The bunny hoped that Noah cooked and so did Emma .	* bunny ( x _ 0 ) ; hope . agent ( x _ 1 , x _ 0 ) AND hope . ccomp ( x _ 1, x _ 2 ) AND cook . agent ( x _ 2 , Noah ) AND hope . agent ( x _ 3 , Emma ) AND hope . ccomp ( x _ 3, x _ 4 ) AND cook . agent ( x _ 4 , Noah )	elips_VPE_intrans_gen
The girl painted and so did Lucas .	* girl ( x _ 0 ) ; paint . agent ( x _ 1 , x _ 0 ) AND paint . agent ( x _ 2 , Lucas )	elips_VPE_intrans_gen
A girl hoped that Isabella slept and so did a cat .	girl ( x _ 0 ) AND cat ( x _ 1 ) AND hope . agent ( x _ 2 , x _ 0 ) AND hope . ccomp ( x _ 2, x _ 3 ) AND sleep . agent ( x _ 3 , Isabella ) AND hope . agent ( x _ 4 , x _ 1 ) AND hope . ccomp ( x _ 4, x _ 5 ) AND sleep . agent ( x _ 5 , Isabella )	elips_VPE_intrans_gen
A girl smiled and so did a cat .	girl ( x _ 0 ) AND cat ( x _ 1 ) AND smile . agent ( x _ 2 , x _ 0 ) AND smile . agent ( x _ 3 , x _ 1 )	elips_VPE_intrans_gen
A girl painted and so did the cat .	* cat ( x _ 1 ) ; girl ( x _ 0 ) AND paint . agent ( x _ 2 , x _ 0 ) AND paint . agent ( x _ 3 , x _ 1 )	elips_VPE_intrans_gen
Liam dusted and so did the boy .	* boy ( x _ 0 ) ; dust . agent ( x _ 1 , Liam ) AND dust . agent ( x _ 2 , x _ 0 )	elips_VPE_intrans_gen
Evelyn imagined that Amelia drew and so did a girl .	girl ( x _ 0 ) AND imagine . agent ( x _ 1 , Evelyn ) AND imagine . ccomp ( x _ 1, x _ 2 ) AND draw . agent ( x _ 2 , Amelia ) AND imagine . agent ( x _ 3 , x _ 0 ) AND imagine . ccomp ( x _ 3, x _ 4 ) AND draw . agent ( x _ 4 , Amelia )	elips_VPE_intrans_gen
Abigail ate and so did Emma .	eat . agent ( x _ 0 , Abigail ) AND eat . agent ( x _ 1 , Emma )	elips_VPE_intrans_gen
The kitty smiled and so did the girl .	* kitty ( x _ 0 ) ; * girl ( x _ 1 ) ; smile . agent ( x _ 2 , x _ 0 ) AND smile . agent ( x _ 3 , x _ 1 )	elips_VPE_intrans_gen
A sailor ate and so did Ava .	sailor ( x _ 0 ) AND eat . agent ( x _ 1 , x _ 0 ) AND eat . agent ( x _ 2 , Ava )	elips_VPE_intrans_gen
Jackson giggled and so did Sophia .	giggle . agent ( x _ 0 , Jackson ) AND giggle . agent ( x _ 1 , Sophia )	elips_VPE_intrans_gen
The girl ate and so did Olivia .	* girl ( x _ 0 ) ; eat . agent ( x _ 1 , x _ 0 ) AND eat . agent ( x _ 2 , Olivia )	elips_VPE_intrans_gen
Ava liked that a girl sneezed and so did Emma .	girl ( x _ 1 ) AND like . agent ( x _ 2 , Ava ) AND like . ccomp ( x _ 2, x _ 3 ) AND sneeze . agent ( x _ 3 , x _ 1 ) AND like . agent ( x _ 4 , Emma ) AND like . ccomp ( x _ 4, x _ 5 ) AND sneeze . agent ( x _ 5 , x _ 1 )	elips_VPE_intrans_gen
The frog said that Abigail sneezed and so did a mouse .	* frog ( x _ 0 ) ; mouse ( x _ 1 ) AND say . agent ( x _ 2 , x _ 0 ) AND say . ccomp ( x _ 2, x _ 3 ) AND sneeze . agent ( x _ 3 , Abigail ) AND say . agent ( x _ 4 , x _ 1 ) AND say . ccomp ( x _ 4, x _ 5 ) AND sneeze . agent ( x _ 5 , Abigail )	elips_VPE_intrans_gen
A teacher smiled and so did Emma .	teacher ( x _ 0 ) AND smile . agent ( x _ 1 , x _ 0 ) AND smile . agent ( x _ 2 , Emma )	elips_VPE_intrans_gen
Emma walked and so did Olivia .	walk . agent ( x _ 0 , Emma ) AND walk . agent ( x _ 1 , Olivia )	elips_VPE_intrans_gen
Olivia sneezed and so did a boy .	boy ( x _ 0 ) AND sneeze . agent ( x _ 1 , Olivia ) AND sneeze . agent ( x _ 2 , x _ 0 )	elips_VPE_intrans_gen
A teacher slept and so did the boy .	* boy ( x _ 1 ) ; teacher ( x _ 0 ) AND sleep . agent ( x _ 2 , x _ 0 ) AND sleep . agent ( x _ 3 , x _ 1 )	elips_VPE_intrans_gen
The governor smiled and so did Joseph .	* governor ( x _ 0 ) ; smile . agent ( x _ 1 , x _ 0 ) AND smile . agent ( x _ 2 , Joseph )	elips_VPE_intrans_gen
Liam ate and so did Emma .	eat . agent ( x _ 0 , Liam ) AND eat . agent ( x _ 1 , Emma )	elips_VPE_intrans_gen
A mouse slept and so did the donkey .	* donkey ( x _ 1 ) ; mouse ( x _ 0 ) AND sleep . agent ( x _ 2 , x _ 0 ) AND sleep . agent ( x _ 3 , x _ 1 )	elips_VPE_intrans_gen
Logan hoped that James smiled and so did a boy .	boy ( x _ 0 ) AND hope . agent ( x _ 1 , Logan ) AND hope . ccomp ( x _ 1, x _ 2 ) AND smile . agent ( x _ 2 , James ) AND hope . agent ( x _ 3 , x _ 0 ) AND hope . ccomp ( x _ 3, x _ 4 ) AND smile . agent ( x _ 4 , James )	elips_VPE_intrans_gen
A girl slept and so did Sebastian .	girl ( x _ 0 ) AND sleep . agent ( x _ 1 , x _ 0 ) AND sleep . agent ( x _ 2 , Sebastian )	elips_VPE_intrans_gen
Elijah laughed and so did Emma .	laugh . agent ( x _ 0 , Elijah ) AND laugh . agent ( x _ 1 , Emma )	elips_VPE_intrans_gen
Emma drew and so did the host .	* host ( x _ 0 ) ; draw . agent ( x _ 1 , Emma ) AND draw . agent ( x _ 2 , x _ 0 )	elips_VPE_intrans_gen
Emma slept and so did the child .	* child ( x _ 0 ) ; sleep . agent ( x _ 1 , Emma ) AND sleep . agent ( x _ 2 , x _ 0 )	elips_VPE_intrans_gen
A boy proved that Liam scoffed and so did Skylar .	boy ( x _ 0 ) AND prove . agent ( x _ 1 , x _ 0 ) AND prove . ccomp ( x _ 1, x _ 2 ) AND scoff . agent ( x _ 2 , Liam ) AND prove . agent ( x _ 3 , Skylar ) AND prove . ccomp ( x _ 3, x _ 4 ) AND scoff . agent ( x _ 4 , Liam )	elips_VPE_intrans_gen
Olivia hoped that the student cleaned and so did a lamb .	* student ( x _ 2 ) ; lamb ( x _ 1 ) AND hope . agent ( x _ 3 , Olivia ) AND hope . ccomp ( x _ 3, x _ 4 ) AND clean . agent ( x _ 4 , x _ 2 ) AND hope . agent ( x _ 5 , x _ 1 ) AND hope . ccomp ( x _ 5, x _ 6 ) AND clean . agent ( x _ 6 , x _ 2 )	elips_VPE_intrans_gen
A donkey liked that the fish cleaned and so did Olivia .	* fish ( x _ 2 ) ; donkey ( x _ 0 ) AND like . agent ( x _ 3 , x _ 0 ) AND like . ccomp ( x _ 3, x _ 4 ) AND clean . agent ( x _ 4 , x _ 2 ) AND like . agent ( x _ 5 , Olivia ) AND like . ccomp ( x _ 5, x _ 6 ) AND clean . agent ( x _ 6 , x _ 2 )	elips_VPE_intrans_gen
Emma ate and so did the cat .	* cat ( x _ 0 ) ; eat . agent ( x _ 1 , Emma ) AND eat . agent ( x _ 2 , x _ 0 )	elips_VPE_intrans_gen
Liam slept and so did Aria .	sleep . agent ( x _ 0 , Liam ) AND sleep . agent ( x _ 1 , Aria )	elips_VPE_intrans_gen
Ava observed and so did a wolf .	wolf ( x _ 0 ) AND observe . agent ( x _ 1 , Ava ) AND observe . agent ( x _ 2 , x _ 0 )	elips_VPE_intrans_gen
Liam liked that Emma slept and so did the mouse .	* mouse ( x _ 0 ) ; like . agent ( x _ 1 , Liam ) AND like . ccomp ( x _ 1, x _ 2 ) AND sleep . agent ( x _ 2 , Emma ) AND like . agent ( x _ 3 , x _ 0 ) AND like . ccomp ( x _ 3, x _ 4 ) AND sleep . agent ( x _ 4 , Emma )	elips_VPE_intrans_gen
Aubrey noticed and so did a boy .	boy ( x _ 0 ) AND notice . agent ( x _ 1 , Aubrey ) AND notice . agent ( x _ 2 , x _ 0 )	elips_VPE_intrans_gen
A goose danced and so did Emma .	goose ( x _ 0 ) AND dance . agent ( x _ 1 , x _ 0 ) AND dance . agent ( x _ 2 , Emma )	elips_VPE_intrans_gen
Emma dreamed that Levi slept and so did Noah .	dream . agent ( x _ 0 , Emma ) AND dream . ccomp ( x _ 0, x _ 1 ) AND sleep . agent ( x _ 1 , Levi ) AND dream . agent ( x _ 2 , Noah ) AND dream . ccomp ( x _ 2, x _ 3 ) AND sleep . agent ( x _ 3 , Levi )	elips_VPE_intrans_gen
Ethan hoped that Emma slept and so did Hazel .	hope . agent ( x _ 0 , Ethan ) AND hope . ccomp ( x _ 0, x _ 1 ) AND sleep . agent ( x _ 1 , Emma ) AND hope . agent ( x _ 2 , Hazel ) AND hope . ccomp ( x _ 2, x _ 3 ) AND sleep . agent ( x _ 3 , Emma )	elips_VPE_intrans_gen
The girl noticed that Liam ate and so did Noah .	* girl ( x _ 0 ) ; notice . agent ( x _ 1 , x _ 0 ) AND notice . ccomp ( x _ 1, x _ 2 ) AND eat . agent ( x _ 2 , Liam ) AND notice . agent ( x _ 3 , Noah ) AND notice . ccomp ( x _ 3, x _ 4 ) AND eat . agent ( x _ 4 , Liam )	elips_VPE_intrans_gen
A child liked that Olivia laughed and so did Emma .	child ( x _ 0 ) AND like . agent ( x _ 1 , x _ 0 ) AND like . ccomp ( x _ 1, x _ 2 ) AND laugh . agent ( x _ 2 , Olivia ) AND like . agent ( x _ 3 , Emma ) AND like . ccomp ( x _ 3, x _ 4 ) AND laugh . agent ( x _ 4 , Olivia )	elips_VPE_intrans_gen
The boy smiled and so did a girl .	* boy ( x _ 0 ) ; girl ( x _ 1 ) AND smile . agent ( x _ 2 , x _ 0 ) AND smile . agent ( x _ 3 , x _ 1 )	elips_VPE_intrans_gen
The boy ate and so did a captain .	* boy ( x _ 0 ) ; captain ( x _ 1 ) AND eat . agent ( x _ 2 , x _ 0 ) AND eat . agent ( x _ 3 , x _ 1 )	elips_VPE_intrans_gen
Harper frowned and so did Emma .	frown . agent ( x _ 0 , Harper ) AND frown . agent ( x _ 1 , Emma )	elips_VPE_intrans_gen
The girl danced and so did Jacob .	* girl ( x _ 0 ) ; dance . agent ( x _ 1 , x _ 0 ) AND dance . agent ( x _ 2 , Jacob )	elips_VPE_intrans_gen
Emma ate and so did a boy .	boy ( x _ 0 ) AND eat . agent ( x _ 1 , Emma ) AND eat . agent ( x _ 2 , x _ 0 )	elips_VPE_intrans_gen
Sofia slept and so did Emma .	sleep . agent ( x _ 0 , Sofia ) AND sleep . agent ( x _ 1 , Emma )	elips_VPE_intrans_gen
Liam admired that a dog jogged and so did Jaxon .	dog ( x _ 1 ) AND admire . agent ( x _ 2 , Liam ) AND admire . ccomp ( x _ 2, x _ 3 ) AND jog . agent ( x _ 3 , x _ 1 ) AND admire . agent ( x _ 4 , Jaxon ) AND admire . ccomp ( x _ 4, x _ 5 ) AND jog . agent ( x _ 5 , x _ 1 )	elips_VPE_intrans_gen
Jack believed that the girl cleaned and so did the giraffe .	* girl ( x _ 2 ) ; * giraffe ( x _ 1 ) ; believe . agent ( x _ 3 , Jack ) AND believe . ccomp ( x _ 3, x _ 4 ) AND clean . agent ( x _ 4 , x _ 2 ) AND believe . agent ( x _ 5 , x _ 1 ) AND believe . ccomp ( x _ 5, x _ 6 ) AND clean . agent ( x _ 6 , x _ 2 )	elips_VPE_intrans_gen
Riley said that Liam slept and so did a girl .	girl ( x _ 0 ) AND say . agent ( x _ 1 , Riley ) AND say . ccomp ( x _ 1, x _ 2 ) AND sleep . agent ( x _ 2 , Liam ) AND say . agent ( x _ 3 , x _ 0 ) AND say . ccomp ( x _ 3, x _ 4 ) AND sleep . agent ( x _ 4 , Liam )	elips_VPE_intrans_gen
The dog sneezed and so did Liam .	* dog ( x _ 0 ) ; sneeze . agent ( x _ 1 , x _ 0 ) AND sneeze . agent ( x _ 2 , Liam )	elips_VPE_intrans_gen
The mouse laughed and so did a girl .	* mouse ( x _ 0 ) ; girl ( x _ 1 ) AND laugh . agent ( x _ 2 , x _ 0 ) AND laugh . agent ( x _ 3 , x _ 1 )	elips_VPE_intrans_gen
Abigail walked and so did Jackson .	walk . agent ( x _ 0 , Abigail ) AND walk . agent ( x _ 1 , Jackson )	elips_VPE_intrans_gen
Emma smiled and so did Ava .	smile . agent ( x _ 0 , Emma ) AND smile . agent ( x _ 1 , Ava )	elips_VPE_intrans_gen
A girl slept and so did a pig .	girl ( x _ 0 ) AND pig ( x _ 1 ) AND sleep . agent ( x _ 2 , x _ 0 ) AND sleep . agent ( x _ 3 , x _ 1 )	elips_VPE_intrans_gen
Logan hoped that the frog talked and so did a hero .	* frog ( x _ 2 ) ; hero ( x _ 1 ) AND hope . agent ( x _ 3 , Logan ) AND hope . ccomp ( x _ 3, x _ 4 ) AND talk . agent ( x _ 4 , x _ 2 ) AND hope . agent ( x _ 5 , x _ 1 ) AND hope . ccomp ( x _ 5, x _ 6 ) AND talk . agent ( x _ 6 , x _ 2 )	elips_VPE_intrans_gen
Isabella liked that Jacob ate and so did Emma .	like . agent ( x _ 0 , Isabella ) AND like . ccomp ( x _ 0, x _ 1 ) AND eat . agent ( x _ 1 , Jacob ) AND like . agent ( x _ 2 , Emma ) AND like . ccomp ( x _ 2, x _ 3 ) AND eat . agent ( x _ 3 , Jacob )	elips_VPE_intrans_gen
The lion slept and so did Savannah .	* lion ( x _ 0 ) ; sleep . agent ( x _ 1 , x _ 0 ) AND sleep . agent ( x _ 2 , Savannah )	elips_VPE_intrans_gen
A judge laughed and so did Emma .	judge ( x _ 0 ) AND laugh . agent ( x _ 1 , x _ 0 ) AND laugh . agent ( x _ 2 , Emma )	elips_VPE_intrans_gen
The teacher slept and so did a girl .	* teacher ( x _ 0 ) ; girl ( x _ 1 ) AND sleep . agent ( x _ 2 , x _ 0 ) AND sleep . agent ( x _ 3 , x _ 1 )	elips_VPE_intrans_gen
A guest nursed and so did a girl .	guest ( x _ 0 ) AND girl ( x _ 1 ) AND nurse . agent ( x _ 2 , x _ 0 ) AND nurse . agent ( x _ 3 , x _ 1 )	elips_VPE_intrans_gen
Lucas said that a pupil laughed and so did a bear .	pupil ( x _ 2 ) AND bear ( x _ 1 ) AND say . agent ( x _ 3 , Lucas ) AND say . ccomp ( x _ 3, x _ 4 ) AND laugh . agent ( x _ 4 , x _ 2 ) AND say . agent ( x _ 5 , x _ 1 ) AND say . ccomp ( x _ 5, x _ 6 ) AND laugh . agent ( x _ 6 , x _ 2 )	elips_VPE_intrans_gen
Isabella slept and so did a girl .	girl ( x _ 0 ) AND sleep . agent ( x _ 1 , Isabella ) AND sleep . agent ( x _ 2 , x _ 0 )	elips_VPE_intrans_gen
A girl ate and so did Liam .	girl ( x _ 0 ) AND eat . agent ( x _ 1 , x _ 0 ) AND eat . agent ( x _ 2 , Liam )	elips_VPE_intrans_gen
Emma smiled and so did Isabella .	smile . agent ( x _ 0 , Emma ) AND smile . agent ( x _ 1 , Isabella )	elips_VPE_intrans_gen
The boy hoped that a prince painted and so did Emma .	* boy ( x _ 0 ) ; prince ( x _ 2 ) AND hope . agent ( x _ 3 , x _ 0 ) AND hope . ccomp ( x _ 3, x _ 4 ) AND paint . agent ( x _ 4 , x _ 2 ) AND hope . agent ( x _ 5 , Emma ) AND hope . ccomp ( x _ 5, x _ 6 ) AND paint . agent ( x _ 6 , x _ 2 )	elips_VPE_intrans_gen
Emma ate and so did the wolf .	* wolf ( x _ 0 ) ; eat . agent ( x _ 1 , Emma ) AND eat . agent ( x _ 2 , x _ 0 )	elips_VPE_intrans_gen
Mason proved that James juggled and so did Luke .	prove . agent ( x _ 0 , Mason ) AND prove . ccomp ( x _ 0, x _ 1 ) AND juggle . agent ( x _ 1 , James ) AND prove . agent ( x _ 2 , Luke ) AND prove . ccomp ( x _ 2, x _ 3 ) AND juggle . agent ( x _ 3 , James )	elips_VPE_intrans_gen
Olivia smirked and so did a cat .	cat ( x _ 0 ) AND smirk . agent ( x _ 1 , Olivia ) AND smirk . agent ( x _ 2 , x _ 0 )	elips_VPE_intrans_gen
A boy appreciated that William gasped and so did Liam .	boy ( x _ 0 ) AND appreciate . agent ( x _ 1 , x _ 0 ) AND appreciate . ccomp ( x _ 1, x _ 2 ) AND gasp . agent ( x _ 2 , William ) AND appreciate . agent ( x _ 3 , Liam ) AND appreciate . ccomp ( x _ 3, x _ 4 ) AND gasp . agent ( x _ 4 , William )	elips_VPE_intrans_gen
The dog dusted and so did Ava .	* dog ( x _ 0 ) ; dust . agent ( x _ 1 , x _ 0 ) AND dust . agent ( x _ 2 , Ava )	elips_VPE_intrans_gen
Emma liked that the girl juggled and so did the puppy .	* girl ( x _ 2 ) ; * puppy ( x _ 1 ) ; like . agent ( x _ 3 , Emma ) AND like . ccomp ( x _ 3, x _ 4 ) AND juggle . agent ( x _ 4 , x _ 2 ) AND like . agent ( x _ 5 , x _ 1 ) AND like . ccomp ( x _ 5, x _ 6 ) AND juggle . agent ( x _ 6 , x _ 2 )	elips_VPE_intrans_gen
The pony slept and so did the girl .	* pony ( x _ 0 ) ; * girl ( x _ 1 ) ; sleep . agent ( x _ 2 , x _ 0 ) AND sleep . agent ( x _ 3 , x _ 1 )	elips_VPE_intrans_gen
Isabella smiled and so did the turkey .	* turkey ( x _ 0 ) ; smile . agent ( x _ 1 , Isabella ) AND smile . agent ( x _ 2 , x _ 0 )	elips_VPE_intrans_gen
Noah ate and so did Evelyn .	eat . agent ( x _ 0 , Noah ) AND eat . agent ( x _ 1 , Evelyn )	elips_VPE_intrans_gen
A boy liked that Emma gasped and so did the girl .	* girl ( x _ 1 ) ; boy ( x _ 0 ) AND like . agent ( x _ 2 , x _ 0 ) AND like . ccomp ( x _ 2, x _ 3 ) AND gasp . agent ( x _ 3 , Emma ) AND like . agent ( x _ 4 , x _ 1 ) AND like . ccomp ( x _ 4, x _ 5 ) AND gasp . agent ( x _ 5 , Emma )	elips_VPE_intrans_gen
The cat liked that a horse slept and so did the boy .	* cat ( x _ 0 ) ; * boy ( x _ 2 ) ; horse ( x _ 3 ) AND like . agent ( x _ 4 , x _ 0 ) AND like . ccomp ( x _ 4, x _ 5 ) AND sleep . agent ( x _ 5 , x _ 3 ) AND like . agent ( x _ 6 , x _ 2 ) AND like . ccomp ( x _ 6, x _ 7 ) AND sleep . agent ( x _ 7 , x _ 3 )	elips_VPE_intrans_gen
The boy respected that a friend sketched and so did Liam .	* boy ( x _ 0 ) ; friend ( x _ 2 ) AND respect . agent ( x _ 3 , x _ 0 ) AND respect . ccomp ( x _ 3, x _ 4 ) AND sketch . agent ( x _ 4 , x _ 2 ) AND respect . agent ( x _ 5 , Liam ) AND respect . ccomp ( x _ 5, x _ 6 ) AND sketch . agent ( x _ 6 , x _ 2 )	elips_VPE_intrans_gen
A sheep painted and so did the boy .	* boy ( x _ 1 ) ; sheep ( x _ 0 ) AND paint . agent ( x _ 2 , x _ 0 ) AND paint . agent ( x _ 3 , x _ 1 )	elips_VPE_intrans_gen
A penguin ran and so did a baby .	penguin ( x _ 0 ) AND baby ( x _ 1 ) AND run . agent ( x _ 2 , x _ 0 ) AND run . agent ( x _ 3 , x _ 1 )	elips_VPE_intrans_gen
Henry painted and so did Lucas .	paint . agent ( x _ 0 , Henry ) AND paint . agent ( x _ 1 , Lucas )	elips_VPE_intrans_gen
Mason hoped that Leo slept and so did a cat .	cat ( x _ 0 ) AND hope . agent ( x _ 1 , Mason ) AND hope . ccomp ( x _ 1, x _ 2 ) AND sleep . agent ( x _ 2 , Leo ) AND hope . agent ( x _ 3 , x _ 0 ) AND hope . ccomp ( x _ 3, x _ 4 ) AND sleep . agent ( x _ 4 , Leo )	elips_VPE_intrans_gen
The cat noticed that the girl scoffed and so did the goose .	* cat ( x _ 0 ) ; * girl ( x _ 3 ) ; * goose ( x _ 2 ) ; notice . agent ( x _ 4 , x _ 0 ) AND notice . ccomp ( x _ 4, x _ 5 ) AND scoff . agent ( x _ 5 , x _ 3 ) AND notice . agent ( x _ 6 , x _ 2 ) AND notice . ccomp ( x _ 6, x _ 7 ) AND scoff . agent ( x _ 7 , x _ 3 )	elips_VPE_intrans_gen
A bear ate and so did the teacher .	* teacher ( x _ 1 ) ; bear ( x _ 0 ) AND eat . agent ( x _ 2 , x _ 0 ) AND eat . agent ( x _ 3 , x _ 1 )	elips_VPE_intrans_gen
The frog napped and so did the teacher .	* frog ( x _ 0 ) ; * teacher ( x _ 1 ) ; nap . agent ( x _ 2 , x _ 0 ) AND nap . agent ( x _ 3 , x _ 1 )	elips_VPE_intrans_gen
Emma ate and so did the servant .	* servant ( x _ 0 ) ; eat . agent ( x _ 1 , Emma ) AND eat . agent ( x _ 2 , x _ 0 )	elips_VPE_intrans_gen
Grayson snoozed and so did Olivia .	snooze . agent ( x _ 0 , Grayson ) AND snooze . agent ( x _ 1 , Olivia )	elips_VPE_intrans_gen
Ella danced and so did Emma .	dance . agent ( x _ 0 , Ella ) AND dance . agent ( x _ 1 , Emma )	elips_VPE_intrans_gen
Olivia liked that the dog cooked and so did Thomas .	* dog ( x _ 1 ) ; like . agent ( x _ 2 , Olivia ) AND like . ccomp ( x _ 2, x _ 3 ) AND cook . agent ( x _ 3 , x _ 1 ) AND like . agent ( x _ 4 , Thomas ) AND like . ccomp ( x _ 4, x _ 5 ) AND cook . agent ( x _ 5 , x _ 1 )	elips_VPE_intrans_gen
Emma slept and so did a chief .	chief ( x _ 0 ) AND sleep . agent ( x _ 1 , Emma ) AND sleep . agent ( x _ 2 , x _ 0 )	elips_VPE_intrans_gen
James knew and so did Liam .	know . agent ( x _ 0 , James ) AND know . agent ( x _ 1 , Liam )	elips_VPE_intrans_gen
The girl sneezed and so did a cat .	* girl ( x _ 0 ) ; cat ( x _ 1 ) AND sneeze . agent ( x _ 2 , x _ 0 ) AND sneeze . agent ( x _ 3 , x _ 1 )	elips_VPE_intrans_gen
The passenger liked that Elijah scoffed and so did Emma .	* passenger ( x _ 0 ) ; like . agent ( x _ 1 , x _ 0 ) AND like . ccomp ( x _ 1, x _ 2 ) AND scoff . agent ( x _ 2 , Elijah ) AND like . agent ( x _ 3 , Emma ) AND like . ccomp ( x _ 3, x _ 4 ) AND scoff . agent ( x _ 4 , Elijah )	elips_VPE_intrans_gen
The lamb proved that Liam ate and so did Noah .	* lamb ( x _ 0 ) ; prove . agent ( x _ 1 , x _ 0 ) AND prove . ccomp ( x _ 1, x _ 2 ) AND eat . agent ( x _ 2 , Liam ) AND prove . agent ( x _ 3 , Noah ) AND prove . ccomp ( x _ 3, x _ 4 ) AND eat . agent ( x _ 4 , Liam )	elips_VPE_intrans_gen
Sophia slept and so did a cat .	cat ( x _ 0 ) AND sleep . agent ( x _ 1 , Sophia ) AND sleep . agent ( x _ 2 , x _ 0 )	elips_VPE_intrans_gen
Benjamin valued that a guest smiled and so did Emma .	guest ( x _ 1 ) AND value . agent ( x _ 2 , Benjamin ) AND value . ccomp ( x _ 2, x _ 3 ) AND smile . agent ( x _ 3 , x _ 1 ) AND value . agent ( x _ 4 , Emma ) AND value . ccomp ( x _ 4, x _ 5 ) AND smile . agent ( x _ 5 , x _ 1 )	elips_VPE_intrans_gen
Evelyn ate and so did Elizabeth .	eat . agent ( x _ 0 , Evelyn ) AND eat . agent ( x _ 1 , Elizabeth )	elips_VPE_intrans_gen
Lily jogged and so did Abigail .	jog . agent ( x _ 0 , Lily ) AND jog . agent ( x _ 1 , Abigail )	elips_VPE_intrans_gen
The girl slept and so did Olivia .	* girl ( x _ 0 ) ; sleep . agent ( x _ 1 , x _ 0 ) AND sleep . agent ( x _ 2 , Olivia )	elips_VPE_intrans_gen
Noah liked that a girl slept and so did Emma .	girl ( x _ 1 ) AND like . agent ( x _ 2 , Noah ) AND like . ccomp ( x _ 2, x _ 3 ) AND sleep . agent ( x _ 3 , x _ 1 ) AND like . agent ( x _ 4 , Emma ) AND like . ccomp ( x _ 4, x _ 5 ) AND sleep . agent ( x _ 5 , x _ 1 )	elips_VPE_intrans_gen
A butterfly napped and so did Liam .	butterfly ( x _ 0 ) AND nap . agent ( x _ 1 , x _ 0 ) AND nap . agent ( x _ 2 , Liam )	elips_VPE_intrans_gen
A frog confessed that the girl slept and so did a butterfly .	* girl ( x _ 3 ) ; frog ( x _ 0 ) AND butterfly ( x _ 2 ) AND confess . agent ( x _ 4 , x _ 0 ) AND confess . ccomp ( x _ 4, x _ 5 ) AND sleep . agent ( x _ 5 , x _ 3 ) AND confess . agent ( x _ 6 , x _ 2 ) AND confess . ccomp ( x _ 6, x _ 7 ) AND sleep . agent ( x _ 7 , x _ 3 )	elips_VPE_intrans_gen
Emma laughed and so did a dog .	dog ( x _ 0 ) AND laugh . agent ( x _ 1 , Emma ) AND laugh . agent ( x _ 2 , x _ 0 )	elips_VPE_intrans_gen
Olivia smiled and so did the consumer .	* consumer ( x _ 0 ) ; smile . agent ( x _ 1 , Olivia ) AND smile . agent ( x _ 2 , x _ 0 )	elips_VPE_intrans_gen
The mouse ate and so did Liam .	* mouse ( x _ 0 ) ; eat . agent ( x _ 1 , x _ 0 ) AND eat . agent ( x _ 2 , Liam )	elips_VPE_intrans_gen
The girl noticed that a butterfly walked and so did Emma .	* girl ( x _ 0 ) ; butterfly ( x _ 2 ) AND notice . agent ( x _ 3 , x _ 0 ) AND notice . ccomp ( x _ 3, x _ 4 ) AND walk . agent ( x _ 4 , x _ 2 ) AND notice . agent ( x _ 5 , Emma ) AND notice . ccomp ( x _ 5, x _ 6 ) AND walk . agent ( x _ 6 , x _ 2 )	elips_VPE_intrans_gen
James noticed and so did Emma .	notice . agent ( x _ 0 , James ) AND notice . agent ( x _ 1 , Emma )	elips_VPE_intrans_gen
Emma hoped that the soldier smiled and so did a penguin .	* soldier ( x _ 2 ) ; penguin ( x _ 1 ) AND hope . agent ( x _ 3 , Emma ) AND hope . ccomp ( x _ 3, x _ 4 ) AND smile . agent ( x _ 4 , x _ 2 ) AND hope . agent ( x _ 5 , x _ 1 ) AND hope . ccomp ( x _ 5, x _ 6 ) AND smile . agent ( x _ 6 , x _ 2 )	elips_VPE_intrans_gen
The monkey hunted and so did the dog .	* monkey ( x _ 0 ) ; * dog ( x _ 1 ) ; hunt . agent ( x _ 2 , x _ 0 ) AND hunt . agent ( x _ 3 , x _ 1 )	elips_VPE_intrans_gen
A writer liked that Emma investigated and so did Liam .	writer ( x _ 0 ) AND like . agent ( x _ 1 , x _ 0 ) AND like . ccomp ( x _ 1, x _ 2 ) AND investigate . agent ( x _ 2 , Emma ) AND like . agent ( x _ 3 , Liam ) AND like . ccomp ( x _ 3, x _ 4 ) AND investigate . agent ( x _ 4 , Emma )	elips_VPE_intrans_gen
Hazel smiled and so did Emma .	smile . agent ( x _ 0 , Hazel ) AND smile . agent ( x _ 1 , Emma )	elips_VPE_intrans_gen
A girl painted and so did Oliver .	girl ( x _ 0 ) AND paint . agent ( x _ 1 , x _ 0 ) AND paint . agent ( x _ 2 , Oliver )	elips_VPE_intrans_gen
Liam ate and so did James .	eat . agent ( x _ 0 , Liam ) AND eat . agent ( x _ 1 , James )	elips_VPE_intrans_gen
A deer liked that a boy saw and so did Olivia .	deer ( x _ 0 ) AND boy ( x _ 2 ) AND like . agent ( x _ 3 , x _ 0 ) AND like . ccomp ( x _ 3, x _ 4 ) AND see . agent ( x _ 4 , x _ 2 ) AND like . agent ( x _ 5 , Olivia ) AND like . ccomp ( x _ 5, x _ 6 ) AND see . agent ( x _ 6 , x _ 2 )	elips_VPE_intrans_gen
A cat liked that Emma drew and so did Liam .	cat ( x _ 0 ) AND like . agent ( x _ 1 , x _ 0 ) AND like . ccomp ( x _ 1, x _ 2 ) AND draw . agent ( x _ 2 , Emma ) AND like . agent ( x _ 3 , Liam ) AND like . ccomp ( x _ 3, x _ 4 ) AND draw . agent ( x _ 4 , Emma )	elips_VPE_intrans_gen
A pony smiled and so did the teacher .	* teacher ( x _ 1 ) ; pony ( x _ 0 ) AND smile . agent ( x _ 2 , x _ 0 ) AND smile . agent ( x _ 3 , x _ 1 )	elips_VPE_intrans_gen
The girl danced and so did Emma .	* girl ( x _ 0 ) ; dance . agent ( x _ 1 , x _ 0 ) AND dance . agent ( x _ 2 , Emma )	elips_VPE_intrans_gen
A girl packed and so did Avery .	girl ( x _ 0 ) AND pack . agent ( x _ 1 , x _ 0 ) AND pack . agent ( x _ 2 , Avery )	elips_VPE_intrans_gen
A girl snoozed and so did the guard .	* guard ( x _ 1 ) ; girl ( x _ 0 ) AND snooze . agent ( x _ 2 , x _ 0 ) AND snooze . agent ( x _ 3 , x _ 1 )	elips_VPE_intrans_gen
The girl slept and so did Camila .	* girl ( x _ 0 ) ; sleep . agent ( x _ 1 , x _ 0 ) AND sleep . agent ( x _ 2 , Camila )	elips_VPE_intrans_gen
A boy declared that Emma ate and so did a father .	boy ( x _ 0 ) AND father ( x _ 1 ) AND declare . agent ( x _ 2 , x _ 0 ) AND declare . ccomp ( x _ 2, x _ 3 ) AND eat . agent ( x _ 3 , Emma ) AND declare . agent ( x _ 4 , x _ 1 ) AND declare . ccomp ( x _ 4, x _ 5 ) AND eat . agent ( x _ 5 , Emma )	elips_VPE_intrans_gen
Lily laughed and so did a cat .	cat ( x _ 0 ) AND laugh . agent ( x _ 1 , Lily ) AND laugh . agent ( x _ 2 , x _ 0 )	elips_VPE_intrans_gen
Liam confessed that Amelia cried and so did William .	confess . agent ( x _ 0 , Liam ) AND confess . ccomp ( x _ 0, x _ 1 ) AND cry . agent ( x _ 1 , Amelia ) AND confess . agent ( x _ 2 , William ) AND confess . ccomp ( x _ 2, x _ 3 ) AND cry . agent ( x _ 3 , Amelia )	elips_VPE_intrans_gen
Ava ate and so did Ethan .	eat . agent ( x _ 0 , Ava ) AND eat . agent ( x _ 1 , Ethan )	elips_VPE_intrans_gen
Logan gasped and so did a girl .	girl ( x _ 0 ) AND gasp . agent ( x _ 1 , Logan ) AND gasp . agent ( x _ 2 , x _ 0 )	elips_VPE_intrans_gen
The boy ate and so did a butterfly .	* boy ( x _ 0 ) ; butterfly ( x _ 1 ) AND eat . agent ( x _ 2 , x _ 0 ) AND eat . agent ( x _ 3 , x _ 1 )	elips_VPE_intrans_gen
The girl liked that a deer studied and so did a sheep .	* girl ( x _ 0 ) ; deer ( x _ 3 ) AND sheep ( x _ 2 ) AND like . agent ( x _ 4 , x _ 0 ) AND like . ccomp ( x _ 4, x _ 5 ) AND study . agent ( x _ 5 , x _ 3 ) AND like . agent ( x _ 6 , x _ 2 ) AND like . ccomp ( x _ 6, x _ 7 ) AND study . agent ( x _ 7 , x _ 3 )	elips_VPE_intrans_gen
The girl said that Alexander cleaned and so did Noah .	* girl ( x _ 0 ) ; say . agent ( x _ 1 , x _ 0 ) AND say . ccomp ( x _ 1, x _ 2 ) AND clean . agent ( x _ 2 , Alexander ) AND say . agent ( x _ 3 , Noah ) AND say . ccomp ( x _ 3, x _ 4 ) AND clean . agent ( x _ 4 , Alexander )	elips_VPE_intrans_gen
Henry smiled and so did a cat .	cat ( x _ 0 ) AND smile . agent ( x _ 1 , Henry ) AND smile . agent ( x _ 2 , x _ 0 )	elips_VPE_intrans_gen
Liam laughed and so did a lion .	lion ( x _ 0 ) AND laugh . agent ( x _ 1 , Liam ) AND laugh . agent ( x _ 2 , x _ 0 )	elips_VPE_intrans_gen
The boy cleaned and so did Emma .	* boy ( x _ 0 ) ; clean . agent ( x _ 1 , x _ 0 ) AND clean . agent ( x _ 2 , Emma )	elips_VPE_intrans_gen
Olivia dusted and so did the butterfly .	* butterfly ( x _ 0 ) ; dust . agent ( x _ 1 , Olivia ) AND dust . agent ( x _ 2 , x _ 0 )	elips_VPE_intrans_gen
Emma cleaned and so did Ava .	clean . agent ( x _ 0 , Emma ) AND clean . agent ( x _ 1 , Ava )	elips_VPE_intrans_gen
A boy slept and so did a kitty .	boy ( x _ 0 ) AND kitty ( x _ 1 ) AND sleep . agent ( x _ 2 , x _ 0 ) AND sleep . agent ( x _ 3 , x _ 1 )	elips_VPE_intrans_gen
Alexander ate and so did Charlotte .	eat . agent ( x _ 0 , Alexander ) AND eat . agent ( x _ 1 , Charlotte )	elips_VPE_intrans_gen
The girl hoped that the sailor gasped and so did a boy .	* girl ( x _ 0 ) ; * sailor ( x _ 3 ) ; boy ( x _ 2 ) AND hope . agent ( x _ 4 , x _ 0 ) AND hope . ccomp ( x _ 4, x _ 5 ) AND gasp . agent ( x _ 5 , x _ 3 ) AND hope . agent ( x _ 6 , x _ 2 ) AND hope . ccomp ( x _ 6, x _ 7 ) AND gasp . agent ( x _ 7 , x _ 3 )	elips_VPE_intrans_gen
Logan declared that Evelyn frowned and so did the child .	* child ( x _ 0 ) ; declare . agent ( x _ 1 , Logan ) AND declare . ccomp ( x _ 1, x _ 2 ) AND frown . agent ( x _ 2 , Evelyn ) AND declare . agent ( x _ 3 , x _ 0 ) AND declare . ccomp ( x _ 3, x _ 4 ) AND frown . agent ( x _ 4 , Evelyn )	elips_VPE_intrans_gen
The child liked that Joseph jogged and so did a turkey .	* child ( x _ 0 ) ; turkey ( x _ 1 ) AND like . agent ( x _ 2 , x _ 0 ) AND like . ccomp ( x _ 2, x _ 3 ) AND jog . agent ( x _ 3 , Joseph ) AND like . agent ( x _ 4 , x _ 1 ) AND like . ccomp ( x _ 4, x _ 5 ) AND jog . agent ( x _ 5 , Joseph )	elips_VPE_intrans_gen
William laughed and so did Aiden .	laugh . agent ( x _ 0 , William ) AND laugh . agent ( x _ 1 , Aiden )	elips_VPE_intrans_gen
The boy giggled and so did Emma .	* boy ( x _ 0 ) ; giggle . agent ( x _ 1 , x _ 0 ) AND giggle . agent ( x _ 2 , Emma )	elips_VPE_intrans_gen
Sebastian ate and so did a boy .	boy ( x _ 0 ) AND eat . agent ( x _ 1 , Sebastian ) AND eat . agent ( x _ 2 , x _ 0 )	elips_VPE_intrans_gen
Elizabeth ate and so did Emily .	eat . agent ( x _ 0 , Elizabeth ) AND eat . agent ( x _ 1 , Emily )	elips_VPE_intrans_gen
Emma snoozed and so did the boy .	* boy ( x _ 0 ) ; snooze . agent ( x _ 1 , Emma ) AND snooze . agent ( x _ 2 , x _ 0 )	elips_VPE_intrans_gen
A baby talked and so did a lawyer .	baby ( x _ 0 ) AND lawyer ( x _ 1 ) AND talk . agent ( x _ 2 , x _ 0 ) AND talk . agent ( x _ 3 , x _ 1 )	elips_VPE_intrans_gen
A creature cleaned and so did Noah .	creature ( x _ 0 ) AND clean . agent ( x _ 1 , x _ 0 ) AND clean . agent ( x _ 2 , Noah )	elips_VPE_intrans_gen
The dog confessed that the girl jogged and so did Olivia .	* dog ( x _ 0 ) ; * girl ( x _ 2 ) ; confess . agent ( x _ 3 , x _ 0 ) AND confess . ccomp ( x _ 3, x _ 4 ) AND jog . agent ( x _ 4 , x _ 2 ) AND confess . agent ( x _ 5 , Olivia ) AND confess . ccomp ( x _ 5, x _ 6 ) AND jog . agent ( x _ 6 , x _ 2 )	elips_VPE_intrans_gen
A boy hoped that Emma smiled and so did the girl .	* girl ( x _ 1 ) ; boy ( x _ 0 ) AND hope . agent ( x _ 2 , x _ 0 ) AND hope . ccomp ( x _ 2, x _ 3 ) AND smile . agent ( x _ 3 , Emma ) AND hope . agent ( x _ 4 , x _ 1 ) AND hope . ccomp ( x _ 4, x _ 5 ) AND smile . agent ( x _ 5 , Emma )	elips_VPE_intrans_gen
A child slept and so did Emma .	child ( x _ 0 ) AND sleep . agent ( x _ 1 , x _ 0 ) AND sleep . agent ( x _ 2 , Emma )	elips_VPE_intrans_gen
Ava liked that Liam gasped and so did a dog .	dog ( x _ 0 ) AND like . agent ( x _ 1 , Ava ) AND like . ccomp ( x _ 1, x _ 2 ) AND gasp . agent ( x _ 2 , Liam ) AND like . agent ( x _ 3 , x _ 0 ) AND like . ccomp ( x _ 3, x _ 4 ) AND gasp . agent ( x _ 4 , Liam )	elips_VPE_intrans_gen
A girl cleaned and so did a boy .	girl ( x _ 0 ) AND boy ( x _ 1 ) AND clean . agent ( x _ 2 , x _ 0 ) AND clean . agent ( x _ 3 , x _ 1 )	elips_VPE_intrans_gen
James frowned and so did the frog .	* frog ( x _ 0 ) ; frown . agent ( x _ 1 , James ) AND frown . agent ( x _ 2 , x _ 0 )	elips_VPE_intrans_gen
Emma noticed that Liam smiled and so did a student .	student ( x _ 0 ) AND notice . agent ( x _ 1 , Emma ) AND notice . ccomp ( x _ 1, x _ 2 ) AND smile . agent ( x _ 2 , Liam ) AND notice . agent ( x _ 3 , x _ 0 ) AND notice . ccomp ( x _ 3, x _ 4 ) AND smile . agent ( x _ 4 , Liam )	elips_VPE_intrans_gen
A chicken ate and so did a girl .	chicken ( x _ 0 ) AND girl ( x _ 1 ) AND eat . agent ( x _ 2 , x _ 0 ) AND eat . agent ( x _ 3 , x _ 1 )	elips_VPE_intrans_gen
The girl giggled and so did the baby .	* girl ( x _ 0 ) ; * baby ( x _ 1 ) ; giggle . agent ( x _ 2 , x _ 0 ) AND giggle . agent ( x _ 3 , x _ 1 )	elips_VPE_intrans_gen
A girl thought that Noah danced and so did Liam .	girl ( x _ 0 ) AND think . agent ( x _ 1 , x _ 0 ) AND think . ccomp ( x _ 1, x _ 2 ) AND dance . agent ( x _ 2 , Noah ) AND think . agent ( x _ 3 , Liam ) AND think . ccomp ( x _ 3, x _ 4 ) AND dance . agent ( x _ 4 , Noah )	elips_VPE_intrans_gen
Liam heard and so did a soldier .	soldier ( x _ 0 ) AND hear . agent ( x _ 1 , Liam ) AND hear . agent ( x _ 2 , x _ 0 )	elips_VPE_intrans_gen
A princess snored and so did William .	princess ( x _ 0 ) AND snore . agent ( x _ 1 , x _ 0 ) AND snore . agent ( x _ 2 , William )	elips_VPE_intrans_gen
A teacher ran and so did Hazel .	teacher ( x _ 0 ) AND run . agent ( x _ 1 , x _ 0 ) AND run . agent ( x _ 2 , Hazel )	elips_VPE_intrans_gen
A girl painted and so did Elijah .	girl ( x _ 0 ) AND paint . agent ( x _ 1 , x _ 0 ) AND paint . agent ( x _ 2 , Elijah )	elips_VPE_intrans_gen
The priest ran and so did the girl .	* priest ( x _ 0 ) ; * girl ( x _ 1 ) ; run . agent ( x _ 2 , x _ 0 ) AND run . agent ( x _ 3 , x _ 1 )	elips_VPE_intrans_gen
Emma admired that the cat scoffed and so did Nathan .	* cat ( x _ 1 ) ; admire . agent ( x _ 2 , Emma ) AND admire . ccomp ( x _ 2, x _ 3 ) AND scoff . agent ( x _ 3 , x _ 1 ) AND admire . agent ( x _ 4 , Nathan ) AND admire . ccomp ( x _ 4, x _ 5 ) AND scoff . agent ( x _ 5 , x _ 1 )	elips_VPE_intrans_gen
A horse noticed that the dog painted and so did the girl .	* dog ( x _ 3 ) ; * girl ( x _ 2 ) ; horse ( x _ 0 ) AND notice . agent ( x _ 4 , x _ 0 ) AND notice . ccomp ( x _ 4, x _ 5 ) AND paint . agent ( x _ 5 , x _ 3 ) AND notice . agent ( x _ 6 , x _ 2 ) AND notice . ccomp ( x _ 6, x _ 7 ) AND paint . agent ( x _ 7 , x _ 3 )	elips_VPE_intrans_gen
Luna confessed that the dog gasped and so did Olivia .	* dog ( x _ 1 ) ; confess . agent ( x _ 2 , Luna ) AND confess . ccomp ( x _ 2, x _ 3 ) AND gasp . agent ( x _ 3 , x _ 1 ) AND confess . agent ( x _ 4 , Olivia ) AND confess . ccomp ( x _ 4, x _ 5 ) AND gasp . agent ( x _ 5 , x _ 1 )	elips_VPE_intrans_gen
Ethan meant that the girl smiled and so did a boy .	* girl ( x _ 2 ) ; boy ( x _ 1 ) AND mean . agent ( x _ 3 , Ethan ) AND mean . ccomp ( x _ 3, x _ 4 ) AND smile . agent ( x _ 4 , x _ 2 ) AND mean . agent ( x _ 5 , x _ 1 ) AND mean . ccomp ( x _ 5, x _ 6 ) AND smile . agent ( x _ 6 , x _ 2 )	elips_VPE_intrans_gen
Emma liked that the girl smiled and so did Joshua .	* girl ( x _ 1 ) ; like . agent ( x _ 2 , Emma ) AND like . ccomp ( x _ 2, x _ 3 ) AND smile . agent ( x _ 3 , x _ 1 ) AND like . agent ( x _ 4 , Joshua ) AND like . ccomp ( x _ 4, x _ 5 ) AND smile . agent ( x _ 5 , x _ 1 )	elips_VPE_intrans_gen
Emma liked that Lucas examined and so did Olivia .	like . agent ( x _ 0 , Emma ) AND like . ccomp ( x _ 0, x _ 1 ) AND examine . agent ( x _ 1 , Lucas ) AND like . agent ( x _ 2 , Olivia ) AND like . ccomp ( x _ 2, x _ 3 ) AND examine . agent ( x _ 3 , Lucas )	elips_VPE_intrans_gen
A king painted and so did the frog .	* frog ( x _ 1 ) ; king ( x _ 0 ) AND paint . agent ( x _ 2 , x _ 0 ) AND paint . agent ( x _ 3 , x _ 1 )	elips_VPE_intrans_gen
Michael called and so did Emma .	call . agent ( x _ 0 , Michael ) AND call . agent ( x _ 1 , Emma )	elips_VPE_intrans_gen
Emma talked and so did Liam .	talk . agent ( x _ 0 , Emma ) AND talk . agent ( x _ 1 , Liam )	elips_VPE_intrans_gen
A goose laughed and so did Olivia .	goose ( x _ 0 ) AND laugh . agent ( x _ 1 , x _ 0 ) AND laugh . agent ( x _ 2 , Olivia )	elips_VPE_intrans_gen
The bird liked that Olivia giggled and so did a boy .	* bird ( x _ 0 ) ; boy ( x _ 1 ) AND like . agent ( x _ 2 , x _ 0 ) AND like . ccomp ( x _ 2, x _ 3 ) AND giggle . agent ( x _ 3 , Olivia ) AND like . agent ( x _ 4 , x _ 1 ) AND like . ccomp ( x _ 4, x _ 5 ) AND giggle . agent ( x _ 5 , Olivia )	elips_VPE_intrans_gen
Emma snoozed and so did Olivia .	snooze . agent ( x _ 0 , Emma ) AND snooze . agent ( x _ 1 , Olivia )	elips_VPE_intrans_gen
Liam sneezed and so did Noah .	sneeze . agent ( x _ 0 , Liam ) AND sneeze . agent ( x _ 1 , Noah )	elips_VPE_intrans_gen
A friend examined and so did the chicken .	* chicken ( x _ 1 ) ; friend ( x _ 0 ) AND examine . agent ( x _ 2 , x _ 0 ) AND examine . agent ( x _ 3 , x _ 1 )	elips_VPE_intrans_gen
A girl talked and so did Noah .	girl ( x _ 0 ) AND talk . agent ( x _ 1 , x _ 0 ) AND talk . agent ( x _ 2 , Noah )	elips_VPE_intrans_gen
Olivia talked and so did Liam .	talk . agent ( x _ 0 , Olivia ) AND talk . agent ( x _ 1 , Liam )	elips_VPE_intrans_gen
The baby ate and so did the girl .	* baby ( x _ 0 ) ; * girl ( x _ 1 ) ; eat . agent ( x _ 2 , x _ 0 ) AND eat . agent ( x _ 3 , x _ 1 )	elips_VPE_intrans_gen
The girl ate and so did the sheep .	* girl ( x _ 0 ) ; * sheep ( x _ 1 ) ; eat . agent ( x _ 2 , x _ 0 ) AND eat . agent ( x _ 3 , x _ 1 )	elips_VPE_intrans_gen
Abigail smiled and so did Liam .	smile . agent ( x _ 0 , Abigail ) AND smile . agent ( x _ 1 , Liam )	elips_VPE_intrans_gen
A girl hoped that Evelyn ate and so did a manager .	girl ( x _ 0 ) AND manager ( x _ 1 ) AND hope . agent ( x _ 2 , x _ 0 ) AND hope . ccomp ( x _ 2, x _ 3 ) AND eat . agent ( x _ 3 , Evelyn ) AND hope . agent ( x _ 4 , x _ 1 ) AND hope . ccomp ( x _ 4, x _ 5 ) AND eat . agent ( x _ 5 , Evelyn )	elips_VPE_intrans_gen
Emma slept and so did a mother .	mother ( x _ 0 ) AND sleep . agent ( x _ 1 , Emma ) AND sleep . agent ( x _ 2 , x _ 0 )	elips_VPE_intrans_gen
Emma smiled and so did Liam .	smile . agent ( x _ 0 , Emma ) AND smile . agent ( x _ 1 , Liam )	elips_VPE_intrans_gen
A child drew and so did the student .	* student ( x _ 1 ) ; child ( x _ 0 ) AND draw . agent ( x _ 2 , x _ 0 ) AND draw . agent ( x _ 3 , x _ 1 )	elips_VPE_intrans_gen
A cat called and so did Emma .	cat ( x _ 0 ) AND call . agent ( x _ 1 , x _ 0 ) AND call . agent ( x _ 2 , Emma )	elips_VPE_intrans_gen
The king liked that the researcher drew and so did the boy .	* king ( x _ 0 ) ; * researcher ( x _ 3 ) ; * boy ( x _ 2 ) ; like . agent ( x _ 4 , x _ 0 ) AND like . ccomp ( x _ 4, x _ 5 ) AND draw . agent ( x _ 5 , x _ 3 ) AND like . agent ( x _ 6 , x _ 2 ) AND like . ccomp ( x _ 6, x _ 7 ) AND draw . agent ( x _ 7 , x _ 3 )	elips_VPE_intrans_gen
A cat slept and so did the boy .	* boy ( x _ 1 ) ; cat ( x _ 0 ) AND sleep . agent ( x _ 2 , x _ 0 ) AND sleep . agent ( x _ 3 , x _ 1 )	elips_VPE_intrans_gen
The cat slept and so did Emma .	* cat ( x _ 0 ) ; sleep . agent ( x _ 1 , x _ 0 ) AND sleep . agent ( x _ 2 , Emma )	elips_VPE_intrans_gen
William nursed and so did Liam .	nurse . agent ( x _ 0 , William ) AND nurse . agent ( x _ 1 , Liam )	elips_VPE_intrans_gen
The boy ate and so did the resident .	* boy ( x _ 0 ) ; * resident ( x _ 1 ) ; eat . agent ( x _ 2 , x _ 0 ) AND eat . agent ( x _ 3 , x _ 1 )	elips_VPE_intrans_gen
Noah hunted and so did the girl .	* girl ( x _ 0 ) ; hunt . agent ( x _ 1 , Noah ) AND hunt . agent ( x _ 2 , x _ 0 )	elips_VPE_intrans_gen
A citizen believed that a cat packed and so did Ava .	citizen ( x _ 0 ) AND cat ( x _ 2 ) AND believe . agent ( x _ 3 , x _ 0 ) AND believe . ccomp ( x _ 3, x _ 4 ) AND pack . agent ( x _ 4 , x _ 2 ) AND believe . agent ( x _ 5 , Ava ) AND believe . ccomp ( x _ 5, x _ 6 ) AND pack . agent ( x _ 6 , x _ 2 )	elips_VPE_intrans_gen
A girl called and so did a child .	girl ( x _ 0 ) AND child ( x _ 1 ) AND call . agent ( x _ 2 , x _ 0 ) AND call . agent ( x _ 3 , x _ 1 )	elips_VPE_intrans_gen
The student liked that the girl slept and so did a turkey .	* student ( x _ 0 ) ; * girl ( x _ 3 ) ; turkey ( x _ 2 ) AND like . agent ( x _ 4 , x _ 0 ) AND like . ccomp ( x _ 4, x _ 5 ) AND sleep . agent ( x _ 5 , x _ 3 ) AND like . agent ( x _ 6 , x _ 2 ) AND like . ccomp ( x _ 6, x _ 7 ) AND sleep . agent ( x _ 7 , x _ 3 )	elips_VPE_intrans_gen
Carter slept and so did a girl .	girl ( x _ 0 ) AND sleep . agent ( x _ 1 , Carter ) AND sleep . agent ( x _ 2 , x _ 0 )	elips_VPE_intrans_gen
A judge talked and so did Isabella .	judge ( x _ 0 ) AND talk . agent ( x _ 1 , x _ 0 ) AND talk . agent ( x _ 2 , Isabella )	elips_VPE_intrans_gen
A hero stuttered and so did the girl .	* girl ( x _ 1 ) ; hero ( x _ 0 ) AND stutter . agent ( x _ 2 , x _ 0 ) AND stutter . agent ( x _ 3 , x _ 1 )	elips_VPE_intrans_gen
A boy believed that Liam cried and so did Emma .	boy ( x _ 0 ) AND believe . agent ( x _ 1 , x _ 0 ) AND believe . ccomp ( x _ 1, x _ 2 ) AND cry . agent ( x _ 2 , Liam ) AND believe . agent ( x _ 3 , Emma ) AND believe . ccomp ( x _ 3, x _ 4 ) AND cry . agent ( x _ 4 , Liam )	elips_VPE_intrans_gen
Emma ate and so did the farmer .	* farmer ( x _ 0 ) ; eat . agent ( x _ 1 , Emma ) AND eat . agent ( x _ 2 , x _ 0 )	elips_VPE_intrans_gen
A lion hoped that a pig slept and so did the bird .	* bird ( x _ 2 ) ; lion ( x _ 0 ) AND pig ( x _ 3 ) AND hope . agent ( x _ 4 , x _ 0 ) AND hope . ccomp ( x _ 4, x _ 5 ) AND sleep . agent ( x _ 5 , x _ 3 ) AND hope . agent ( x _ 6 , x _ 2 ) AND hope . ccomp ( x _ 6, x _ 7 ) AND sleep . agent ( x _ 7 , x _ 3 )	elips_VPE_intrans_gen
A girl juggled and so did a cat .	girl ( x _ 0 ) AND cat ( x _ 1 ) AND juggle . agent ( x _ 2 , x _ 0 ) AND juggle . agent ( x _ 3 , x _ 1 )	elips_VPE_intrans_gen
Emma slept and so did a boy .	boy ( x _ 0 ) AND sleep . agent ( x _ 1 , Emma ) AND sleep . agent ( x _ 2 , x _ 0 )	elips_VPE_intrans_gen
Liam thought that the dog smiled and so did the girl .	* dog ( x _ 2 ) ; * girl ( x _ 1 ) ; think . agent ( x _ 3 , Liam ) AND think . ccomp ( x _ 3, x _ 4 ) AND smile . agent ( x _ 4 , x _ 2 ) AND think . agent ( x _ 5 , x _ 1 ) AND think . ccomp ( x _ 5, x _ 6 ) AND smile . agent ( x _ 6 , x _ 2 )	elips_VPE_intrans_gen
Emma ate and so did the coach .	* coach ( x _ 0 ) ; eat . agent ( x _ 1 , Emma ) AND eat . agent ( x _ 2 , x _ 0 )	elips_VPE_intrans_gen
The girl said that Emma slept and so did the citizen .	* girl ( x _ 0 ) ; * citizen ( x _ 1 ) ; say . agent ( x _ 2 , x _ 0 ) AND say . ccomp ( x _ 2, x _ 3 ) AND sleep . agent ( x _ 3 , Emma ) AND say . agent ( x _ 4 , x _ 1 ) AND say . ccomp ( x _ 4, x _ 5 ) AND sleep . agent ( x _ 5 , Emma )	elips_VPE_intrans_gen
The girl slept and so did a cat .	* girl ( x _ 0 ) ; cat ( x _ 1 ) AND sleep . agent ( x _ 2 , x _ 0 ) AND sleep . agent ( x _ 3 , x _ 1 )	elips_VPE_intrans_gen
The child slept and so did Olivia .	* child ( x _ 0 ) ; sleep . agent ( x _ 1 , x _ 0 ) AND sleep . agent ( x _ 2 , Olivia )	elips_VPE_intrans_gen
Emma liked that a girl drew and so did Liam .	girl ( x _ 1 ) AND like . agent ( x _ 2 , Emma ) AND like . ccomp ( x _ 2, x _ 3 ) AND draw . agent ( x _ 3 , x _ 1 ) AND like . agent ( x _ 4 , Liam ) AND like . ccomp ( x _ 4, x _ 5 ) AND draw . agent ( x _ 5 , x _ 1 )	elips_VPE_intrans_gen
Emma liked that a boy screamed and so did a child .	boy ( x _ 2 ) AND child ( x _ 1 ) AND like . agent ( x _ 3 , Emma ) AND like . ccomp ( x _ 3, x _ 4 ) AND scream . agent ( x _ 4 , x _ 2 ) AND like . agent ( x _ 5 , x _ 1 ) AND like . ccomp ( x _ 5, x _ 6 ) AND scream . agent ( x _ 6 , x _ 2 )	elips_VPE_intrans_gen
Aria liked that a manager ran and so did Abigail .	manager ( x _ 1 ) AND like . agent ( x _ 2 , Aria ) AND like . ccomp ( x _ 2, x _ 3 ) AND run . agent ( x _ 3 , x _ 1 ) AND like . agent ( x _ 4 , Abigail ) AND like . ccomp ( x _ 4, x _ 5 ) AND run . agent ( x _ 5 , x _ 1 )	elips_VPE_intrans_gen
Olivia liked that the cat napped and so did Emma .	* cat ( x _ 1 ) ; like . agent ( x _ 2 , Olivia ) AND like . ccomp ( x _ 2, x _ 3 ) AND nap . agent ( x _ 3 , x _ 1 ) AND like . agent ( x _ 4 , Emma ) AND like . ccomp ( x _ 4, x _ 5 ) AND nap . agent ( x _ 5 , x _ 1 )	elips_VPE_intrans_gen
Ava drew and so did the cat .	* cat ( x _ 0 ) ; draw . agent ( x _ 1 , Ava ) AND draw . agent ( x _ 2 , x _ 0 )	elips_VPE_intrans_gen
The cat observed and so did Emma .	* cat ( x _ 0 ) ; observe . agent ( x _ 1 , x _ 0 ) AND observe . agent ( x _ 2 , Emma )	elips_VPE_intrans_gen
Ella ran and so did the cat .	* cat ( x _ 0 ) ; run . agent ( x _ 1 , Ella ) AND run . agent ( x _ 2 , x _ 0 )	elips_VPE_intrans_gen
The queen painted and so did Liam .	* queen ( x _ 0 ) ; paint . agent ( x _ 1 , x _ 0 ) AND paint . agent ( x _ 2 , Liam )	elips_VPE_intrans_gen
The girl ran and so did Layla .	* girl ( x _ 0 ) ; run . agent ( x _ 1 , x _ 0 ) AND run . agent ( x _ 2 , Layla )	elips_VPE_intrans_gen
Oliver liked that a chicken painted and so did a president .	chicken ( x _ 2 ) AND president ( x _ 1 ) AND like . agent ( x _ 3 , Oliver ) AND like . ccomp ( x _ 3, x _ 4 ) AND paint . agent ( x _ 4 , x _ 2 ) AND like . agent ( x _ 5 , x _ 1 ) AND like . ccomp ( x _ 5, x _ 6 ) AND paint . agent ( x _ 6 , x _ 2 )	elips_VPE_intrans_gen
The buyer slept and so did the professor .	* buyer ( x _ 0 ) ; * professor ( x _ 1 ) ; sleep . agent ( x _ 2 , x _ 0 ) AND sleep . agent ( x _ 3 , x _ 1 )	elips_VPE_intrans_gen
The boy knew and so did a child .	* boy ( x _ 0 ) ; child ( x _ 1 ) AND know . agent ( x _ 2 , x _ 0 ) AND know . agent ( x _ 3 , x _ 1 )	elips_VPE_intrans_gen
A dog drew and so did Liam .	dog ( x _ 0 ) AND draw . agent ( x _ 1 , x _ 0 ) AND draw . agent ( x _ 2 , Liam )	elips_VPE_intrans_gen
Oliver liked that Liam laughed and so did Emma .	like . agent ( x _ 0 , Oliver ) AND like . ccomp ( x _ 0, x _ 1 ) AND laugh . agent ( x _ 1 , Liam ) AND like . agent ( x _ 2 , Emma ) AND like . ccomp ( x _ 2, x _ 3 ) AND laugh . agent ( x _ 3 , Liam )	elips_VPE_intrans_gen
Emma ate and so did a duck .	duck ( x _ 0 ) AND eat . agent ( x _ 1 , Emma ) AND eat . agent ( x _ 2 , x _ 0 )	elips_VPE_intrans_gen
Emma hunted and so did a girl .	girl ( x _ 0 ) AND hunt . agent ( x _ 1 , Emma ) AND hunt . agent ( x _ 2 , x _ 0 )	elips_VPE_intrans_gen
Emma slept and so did the girl .	* girl ( x _ 0 ) ; sleep . agent ( x _ 1 , Emma ) AND sleep . agent ( x _ 2 , x _ 0 )	elips_VPE_intrans_gen
A baby hoped that the crocodile screamed and so did Leah .	* crocodile ( x _ 2 ) ; baby ( x _ 0 ) AND hope . agent ( x _ 3 , x _ 0 ) AND hope . ccomp ( x _ 3, x _ 4 ) AND scream . agent ( x _ 4 , x _ 2 ) AND hope . agent ( x _ 5 , Leah ) AND hope . ccomp ( x _ 5, x _ 6 ) AND scream . agent ( x _ 6 , x _ 2 )	elips_VPE_intrans_gen
Olivia sneezed and so did the doctor .	* doctor ( x _ 0 ) ; sneeze . agent ( x _ 1 , Olivia ) AND sneeze . agent ( x _ 2 , x _ 0 )	elips_VPE_intrans_gen
The bee cooked and so did Noah .	* bee ( x _ 0 ) ; cook . agent ( x _ 1 , x _ 0 ) AND cook . agent ( x _ 2 , Noah )	elips_VPE_intrans_gen
The passenger noticed that the girl dusted and so did Noah .	* passenger ( x _ 0 ) ; * girl ( x _ 2 ) ; notice . agent ( x _ 3 , x _ 0 ) AND notice . ccomp ( x _ 3, x _ 4 ) AND dust . agent ( x _ 4 , x _ 2 ) AND notice . agent ( x _ 5 , Noah ) AND notice . ccomp ( x _ 5, x _ 6 ) AND dust . agent ( x _ 6 , x _ 2 )	elips_VPE_intrans_gen
A baby liked that Liam dusted and so did a bear .	baby ( x _ 0 ) AND bear ( x _ 1 ) AND like . agent ( x _ 2 , x _ 0 ) AND like . ccomp ( x _ 2, x _ 3 ) AND dust . agent ( x _ 3 , Liam ) AND like . agent ( x _ 4 , x _ 1 ) AND like . ccomp ( x _ 4, x _ 5 ) AND dust . agent ( x _ 5 , Liam )	elips_VPE_intrans_gen
A girl dreamed that the donkey smiled and so did a mouse .	* donkey ( x _ 3 ) ; girl ( x _ 0 ) AND mouse ( x _ 2 ) AND dream . agent ( x _ 4 , x _ 0 ) AND dream . ccomp ( x _ 4, x _ 5 ) AND smile . agent ( x _ 5 , x _ 3 ) AND dream . agent ( x _ 6 , x _ 2 ) AND dream . ccomp ( x _ 6, x _ 7 ) AND smile . agent ( x _ 7 , x _ 3 )	elips_VPE_intrans_gen
A pig meant that the boy snored and so did Emily .	* boy ( x _ 2 ) ; pig ( x _ 0 ) AND mean . agent ( x _ 3 , x _ 0 ) AND mean . ccomp ( x _ 3, x _ 4 ) AND snore . agent ( x _ 4 , x _ 2 ) AND mean . agent ( x _ 5 , Emily ) AND mean . ccomp ( x _ 5, x _ 6 ) AND snore . agent ( x _ 6 , x _ 2 )	elips_VPE_intrans_gen
A bear slept and so did Emma .	bear ( x _ 0 ) AND sleep . agent ( x _ 1 , x _ 0 ) AND sleep . agent ( x _ 2 , Emma )	elips_VPE_intrans_gen
A boy laughed and so did a duck .	boy ( x _ 0 ) AND duck ( x _ 1 ) AND laugh . agent ( x _ 2 , x _ 0 ) AND laugh . agent ( x _ 3 , x _ 1 )	elips_VPE_intrans_gen
The girl danced and so did James .	* girl ( x _ 0 ) ; dance . agent ( x _ 1 , x _ 0 ) AND dance . agent ( x _ 2 , James )	elips_VPE_intrans_gen
Scarlett liked that the teacher painted and so did Emily .	* teacher ( x _ 1 ) ; like . agent ( x _ 2 , Scarlett ) AND like . ccomp ( x _ 2, x _ 3 ) AND paint . agent ( x _ 3 , x _ 1 ) AND like . agent ( x _ 4 , Emily ) AND like . ccomp ( x _ 4, x _ 5 ) AND paint . agent ( x _ 5 , x _ 1 )	elips_VPE_intrans_gen
Liam painted and so did a lamb .	lamb ( x _ 0 ) AND paint . agent ( x _ 1 , Liam ) AND paint . agent ( x _ 2 , x _ 0 )	elips_VPE_intrans_gen
The dog slept and so did the moose .	* dog ( x _ 0 ) ; * moose ( x _ 1 ) ; sleep . agent ( x _ 2 , x _ 0 ) AND sleep . agent ( x _ 3 , x _ 1 )	elips_VPE_intrans_gen
A teacher laughed and so did Emma .	teacher ( x _ 0 ) AND laugh . agent ( x _ 1 , x _ 0 ) AND laugh . agent ( x _ 2 , Emma )	elips_VPE_intrans_gen
Ava cleaned and so did the dog .	* dog ( x _ 0 ) ; clean . agent ( x _ 1 , Ava ) AND clean . agent ( x _ 2 , x _ 0 )	elips_VPE_intrans_gen
Emma painted and so did the bee .	* bee ( x _ 0 ) ; paint . agent ( x _ 1 , Emma ) AND paint . agent ( x _ 2 , x _ 0 )	elips_VPE_intrans_gen
Olivia dreamed that the girl slept and so did Liam .	* girl ( x _ 1 ) ; dream . agent ( x _ 2 , Olivia ) AND dream . ccomp ( x _ 2, x _ 3 ) AND sleep . agent ( x _ 3 , x _ 1 ) AND dream . agent ( x _ 4 , Liam ) AND dream . ccomp ( x _ 4, x _ 5 ) AND sleep . agent ( x _ 5 , x _ 1 )	elips_VPE_intrans_gen
Joseph liked that Mia studied and so did the boy .	* boy ( x _ 0 ) ; like . agent ( x _ 1 , Joseph ) AND like . ccomp ( x _ 1, x _ 2 ) AND study . agent ( x _ 2 , Mia ) AND like . agent ( x _ 3 , x _ 0 ) AND like . ccomp ( x _ 3, x _ 4 ) AND study . agent ( x _ 4 , Mia )	elips_VPE_intrans_gen
The girl painted and so did the horse .	* girl ( x _ 0 ) ; * horse ( x _ 1 ) ; paint . agent ( x _ 2 , x _ 0 ) AND paint . agent ( x _ 3 , x _ 1 )	elips_VPE_intrans_gen
The baby ate and so did a child .	* baby ( x _ 0 ) ; child ( x _ 1 ) AND eat . agent ( x _ 2 , x _ 0 ) AND eat . agent ( x _ 3 , x _ 1 )	elips_VPE_intrans_gen
William ate and so did a chicken .	chicken ( x _ 0 ) AND eat . agent ( x _ 1 , William ) AND eat . agent ( x _ 2 , x _ 0 )	elips_VPE_intrans_gen
Mason hunted and so did Elijah .	hunt . agent ( x _ 0 , Mason ) AND hunt . agent ( x _ 1 , Elijah )	elips_VPE_intrans_gen
Liam giggled and so did Emma .	giggle . agent ( x _ 0 , Liam ) AND giggle . agent ( x _ 1 , Emma )	elips_VPE_intrans_gen
Jayden slept and so did a hero .	hero ( x _ 0 ) AND sleep . agent ( x _ 1 , Jayden ) AND sleep . agent ( x _ 2 , x _ 0 )	elips_VPE_intrans_gen
The girl supported that Liam hunted and so did William .	* girl ( x _ 0 ) ; support . agent ( x _ 1 , x _ 0 ) AND support . ccomp ( x _ 1, x _ 2 ) AND hunt . agent ( x _ 2 , Liam ) AND support . agent ( x _ 3 , William ) AND support . ccomp ( x _ 3, x _ 4 ) AND hunt . agent ( x _ 4 , Liam )	elips_VPE_intrans_gen
A dog hoped that the boy jogged and so did Emma .	* boy ( x _ 2 ) ; dog ( x _ 0 ) AND hope . agent ( x _ 3 , x _ 0 ) AND hope . ccomp ( x _ 3, x _ 4 ) AND jog . agent ( x _ 4 , x _ 2 ) AND hope . agent ( x _ 5 , Emma ) AND hope . ccomp ( x _ 5, x _ 6 ) AND jog . agent ( x _ 6 , x _ 2 )	elips_VPE_intrans_gen
The lamb slept and so did William .	* lamb ( x _ 0 ) ; sleep . agent ( x _ 1 , x _ 0 ) AND sleep . agent ( x _ 2 , William )	elips_VPE_intrans_gen
Emma laughed and so did a girl .	girl ( x _ 0 ) AND laugh . agent ( x _ 1 , Emma ) AND laugh . agent ( x _ 2 , x _ 0 )	elips_VPE_intrans_gen
Isabella napped and so did William .	nap . agent ( x _ 0 , Isabella ) AND nap . agent ( x _ 1 , William )	elips_VPE_intrans_gen
Olivia drew and so did a bear .	bear ( x _ 0 ) AND draw . agent ( x _ 1 , Olivia ) AND draw . agent ( x _ 2 , x _ 0 )	elips_VPE_intrans_gen
A cat napped and so did a wolf .	cat ( x _ 0 ) AND wolf ( x _ 1 ) AND nap . agent ( x _ 2 , x _ 0 ) AND nap . agent ( x _ 3 , x _ 1 )	elips_VPE_intrans_gen
A baby appreciated that Emma cooked and so did the girl .	* girl ( x _ 1 ) ; baby ( x _ 0 ) AND appreciate . agent ( x _ 2 , x _ 0 ) AND appreciate . ccomp ( x _ 2, x _ 3 ) AND cook . agent ( x _ 3 , Emma ) AND appreciate . agent ( x _ 4 , x _ 1 ) AND appreciate . ccomp ( x _ 4, x _ 5 ) AND cook . agent ( x _ 5 , Emma )	elips_VPE_intrans_gen
A boy smiled and so did a judge .	boy ( x _ 0 ) AND judge ( x _ 1 ) AND smile . agent ( x _ 2 , x _ 0 ) AND smile . agent ( x _ 3 , x _ 1 )	elips_VPE_intrans_gen
A sailor liked that Emma sneezed and so did a kitty .	sailor ( x _ 0 ) AND kitty ( x _ 1 ) AND like . agent ( x _ 2 , x _ 0 ) AND like . ccomp ( x _ 2, x _ 3 ) AND sneeze . agent ( x _ 3 , Emma ) AND like . agent ( x _ 4 , x _ 1 ) AND like . ccomp ( x _ 4, x _ 5 ) AND sneeze . agent ( x _ 5 , Emma )	elips_VPE_intrans_gen
The boy thought that Abigail ate and so did a baby .	* boy ( x _ 0 ) ; baby ( x _ 1 ) AND think . agent ( x _ 2 , x _ 0 ) AND think . ccomp ( x _ 2, x _ 3 ) AND eat . agent ( x _ 3 , Abigail ) AND think . agent ( x _ 4 , x _ 1 ) AND think . ccomp ( x _ 4, x _ 5 ) AND eat . agent ( x _ 5 , Abigail )	elips_VPE_intrans_gen
The boy smirked and so did the bunny .	* boy ( x _ 0 ) ; * bunny ( x _ 1 ) ; smirk . agent ( x _ 2 , x _ 0 ) AND smirk . agent ( x _ 3 , x _ 1 )	elips_VPE_intrans_gen
Harper painted and so did Emma .	paint . agent ( x _ 0 , Harper ) AND paint . agent ( x _ 1 , Emma )	elips_VPE_intrans_gen
Emma liked that a baby slept and so did the teacher .	* teacher ( x _ 1 ) ; baby ( x _ 2 ) AND like . agent ( x _ 3 , Emma ) AND like . ccomp ( x _ 3, x _ 4 ) AND sleep . agent ( x _ 4 , x _ 2 ) AND like . agent ( x _ 5 , x _ 1 ) AND like . ccomp ( x _ 5, x _ 6 ) AND sleep . agent ( x _ 6 , x _ 2 )	elips_VPE_intrans_gen
A penguin frowned and so did Lucas .	penguin ( x _ 0 ) AND frown . agent ( x _ 1 , x _ 0 ) AND frown . agent ( x _ 2 , Lucas )	elips_VPE_intrans_gen
Charlotte hunted and so did Emma .	hunt . agent ( x _ 0 , Charlotte ) AND hunt . agent ( x _ 1 , Emma )	elips_VPE_intrans_gen
A girl valued that a customer slept and so did Liam .	girl ( x _ 0 ) AND customer ( x _ 2 ) AND value . agent ( x _ 3 , x _ 0 ) AND value . ccomp ( x _ 3, x _ 4 ) AND sleep . agent ( x _ 4 , x _ 2 ) AND value . agent ( x _ 5 , Liam ) AND value . ccomp ( x _ 5, x _ 6 ) AND sleep . agent ( x _ 6 , x _ 2 )	elips_VPE_intrans_gen
Aurora liked that a baby drew and so did Emma .	baby ( x _ 1 ) AND like . agent ( x _ 2 , Aurora ) AND like . ccomp ( x _ 2, x _ 3 ) AND draw . agent ( x _ 3 , x _ 1 ) AND like . agent ( x _ 4 , Emma ) AND like . ccomp ( x _ 4, x _ 5 ) AND draw . agent ( x _ 5 , x _ 1 )	elips_VPE_intrans_gen
The cat appreciated that Emma slept and so did Liam .	* cat ( x _ 0 ) ; appreciate . agent ( x _ 1 , x _ 0 ) AND appreciate . ccomp ( x _ 1, x _ 2 ) AND sleep . agent ( x _ 2 , Emma ) AND appreciate . agent ( x _ 3 , Liam ) AND appreciate . ccomp ( x _ 3, x _ 4 ) AND sleep . agent ( x _ 4 , Emma )	elips_VPE_intrans_gen
The girl laughed and so did a queen .	* girl ( x _ 0 ) ; queen ( x _ 1 ) AND laugh . agent ( x _ 2 , x _ 0 ) AND laugh . agent ( x _ 3 , x _ 1 )	elips_VPE_intrans_gen
Liam said that Ellie walked and so did a girl .	girl ( x _ 0 ) AND say . agent ( x _ 1 , Liam ) AND say . ccomp ( x _ 1, x _ 2 ) AND walk . agent ( x _ 2 , Ellie ) AND say . agent ( x _ 3 , x _ 0 ) AND say . ccomp ( x _ 3, x _ 4 ) AND walk . agent ( x _ 4 , Ellie )	elips_VPE_intrans_gen
Nora smiled and so did Emma .	smile . agent ( x _ 0 , Nora ) AND smile . agent ( x _ 1 , Emma )	elips_VPE_intrans_gen
Julian walked and so did Charlotte .	walk . agent ( x _ 0 , Julian ) AND walk . agent ( x _ 1 , Charlotte )	elips_VPE_intrans_gen
Leo smiled and so did Isabella .	smile . agent ( x _ 0 , Leo ) AND smile . agent ( x _ 1 , Isabella )	elips_VPE_intrans_gen
Lily liked that Noah ate and so did Nora .	like . agent ( x _ 0 , Lily ) AND like . ccomp ( x _ 0, x _ 1 ) AND eat . agent ( x _ 1 , Noah ) AND like . agent ( x _ 2 , Nora ) AND like . ccomp ( x _ 2, x _ 3 ) AND eat . agent ( x _ 3 , Noah )	elips_VPE_intrans_gen
The doctor tolerated that a boy nursed and so did the dog .	* doctor ( x _ 0 ) ; * dog ( x _ 2 ) ; boy ( x _ 3 ) AND tolerate . agent ( x _ 4 , x _ 0 ) AND tolerate . ccomp ( x _ 4, x _ 5 ) AND nurse . agent ( x _ 5 , x _ 3 ) AND tolerate . agent ( x _ 6 , x _ 2 ) AND tolerate . ccomp ( x _ 6, x _ 7 ) AND nurse . agent ( x _ 7 , x _ 3 )	elips_VPE_intrans_gen
Hazel smiled and so did a monkey .	monkey ( x _ 0 ) AND smile . agent ( x _ 1 , Hazel ) AND smile . agent ( x _ 2 , x _ 0 )	elips_VPE_intrans_gen
A girl slept and so did the lion .	* lion ( x _ 1 ) ; girl ( x _ 0 ) AND sleep . agent ( x _ 2 , x _ 0 ) AND sleep . agent ( x _ 3 , x _ 1 )	elips_VPE_intrans_gen
A cat slept and so did Oliver .	cat ( x _ 0 ) AND sleep . agent ( x _ 1 , x _ 0 ) AND sleep . agent ( x _ 2 , Oliver )	elips_VPE_intrans_gen
Emma gasped and so did the duck .	* duck ( x _ 0 ) ; gasp . agent ( x _ 1 , Emma ) AND gasp . agent ( x _ 2 , x _ 0 )	elips_VPE_intrans_gen
A boy respected that Joshua dusted and so did the dog .	* dog ( x _ 1 ) ; boy ( x _ 0 ) AND respect . agent ( x _ 2 , x _ 0 ) AND respect . ccomp ( x _ 2, x _ 3 ) AND dust . agent ( x _ 3 , Joshua ) AND respect . agent ( x _ 4 , x _ 1 ) AND respect . ccomp ( x _ 4, x _ 5 ) AND dust . agent ( x _ 5 , Joshua )	elips_VPE_intrans_gen
Emma saw and so did the landlord .	* landlord ( x _ 0 ) ; see . agent ( x _ 1 , Emma ) AND see . agent ( x _ 2 , x _ 0 )	elips_VPE_intrans_gen
A boy investigated and so did Sophia .	boy ( x _ 0 ) AND investigate . agent ( x _ 1 , x _ 0 ) AND investigate . agent ( x _ 2 , Sophia )	elips_VPE_intrans_gen
Emma ate and so did Isabella .	eat . agent ( x _ 0 , Emma ) AND eat . agent ( x _ 1 , Isabella )	elips_VPE_intrans_gen
Layla sketched and so did James .	sketch . agent ( x _ 0 , Layla ) AND sketch . agent ( x _ 1 , James )	elips_VPE_intrans_gen
A tiger valued that a girl packed and so did Emma .	tiger ( x _ 0 ) AND girl ( x _ 2 ) AND value . agent ( x _ 3 , x _ 0 ) AND value . ccomp ( x _ 3, x _ 4 ) AND pack . agent ( x _ 4 , x _ 2 ) AND value . agent ( x _ 5 , Emma ) AND value . ccomp ( x _ 5, x _ 6 ) AND pack . agent ( x _ 6 , x _ 2 )	elips_VPE_intrans_gen
A girl smiled and so did Oliver .	girl ( x _ 0 ) AND smile . agent ( x _ 1 , x _ 0 ) AND smile . agent ( x _ 2 , Oliver )	elips_VPE_intrans_gen
Ava liked that Emma slept and so did a judge .	judge ( x _ 0 ) AND like . agent ( x _ 1 , Ava ) AND like . ccomp ( x _ 1, x _ 2 ) AND sleep . agent ( x _ 2 , Emma ) AND like . agent ( x _ 3 , x _ 0 ) AND like . ccomp ( x _ 3, x _ 4 ) AND sleep . agent ( x _ 4 , Emma )	elips_VPE_intrans_gen
Madison knew and so did Emma .	know . agent ( x _ 0 , Madison ) AND know . agent ( x _ 1 , Emma )	elips_VPE_intrans_gen
The boy smiled and so did Sophia .	* boy ( x _ 0 ) ; smile . agent ( x _ 1 , x _ 0 ) AND smile . agent ( x _ 2 , Sophia )	elips_VPE_intrans_gen
A girl proved that a cat slept and so did a bear .	girl ( x _ 0 ) AND cat ( x _ 3 ) AND bear ( x _ 2 ) AND prove . agent ( x _ 4 , x _ 0 ) AND prove . ccomp ( x _ 4, x _ 5 ) AND sleep . agent ( x _ 5 , x _ 3 ) AND prove . agent ( x _ 6 , x _ 2 ) AND prove . ccomp ( x _ 6, x _ 7 ) AND sleep . agent ( x _ 7 , x _ 3 )	elips_VPE_intrans_gen
The horse liked that Carter sneezed and so did Harper .	* horse ( x _ 0 ) ; like . agent ( x _ 1 , x _ 0 ) AND like . ccomp ( x _ 1, x _ 2 ) AND sneeze . agent ( x _ 2 , Carter ) AND like . agent ( x _ 3 , Harper ) AND like . ccomp ( x _ 3, x _ 4 ) AND sneeze . agent ( x _ 4 , Carter )	elips_VPE_intrans_gen
Camila liked that the boy slept and so did Noah .	* boy ( x _ 1 ) ; like . agent ( x _ 2 , Camila ) AND like . ccomp ( x _ 2, x _ 3 ) AND sleep . agent ( x _ 3 , x _ 1 ) AND like . agent ( x _ 4 , Noah ) AND like . ccomp ( x _ 4, x _ 5 ) AND sleep . agent ( x _ 5 , x _ 1 )	elips_VPE_intrans_gen
The baby slept and so did Emma .	* baby ( x _ 0 ) ; sleep . agent ( x _ 1 , x _ 0 ) AND sleep . agent ( x _ 2 , Emma )	elips_VPE_intrans_gen
The moose danced and so did Emma .	* moose ( x _ 0 ) ; dance . agent ( x _ 1 , x _ 0 ) AND dance . agent ( x _ 2 , Emma )	elips_VPE_intrans_gen
Emma giggled and so did a child .	child ( x _ 0 ) AND giggle . agent ( x _ 1 , Emma ) AND giggle . agent ( x _ 2 , x _ 0 )	elips_VPE_intrans_gen
Emma cooked and so did a bear .	bear ( x _ 0 ) AND cook . agent ( x _ 1 , Emma ) AND cook . agent ( x _ 2 , x _ 0 )	elips_VPE_intrans_gen
Benjamin slept and so did Ava .	sleep . agent ( x _ 0 , Benjamin ) AND sleep . agent ( x _ 1 , Ava )	elips_VPE_intrans_gen
A girl screamed and so did Elijah .	girl ( x _ 0 ) AND scream . agent ( x _ 1 , x _ 0 ) AND scream . agent ( x _ 2 , Elijah )	elips_VPE_intrans_gen
The consumer ate and so did Isabella .	* consumer ( x _ 0 ) ; eat . agent ( x _ 1 , x _ 0 ) AND eat . agent ( x _ 2 , Isabella )	elips_VPE_intrans_gen
The girl sneezed and so did Oliver .	* girl ( x _ 0 ) ; sneeze . agent ( x _ 1 , x _ 0 ) AND sneeze . agent ( x _ 2 , Oliver )	elips_VPE_intrans_gen
A girl confessed that Emma sneezed and so did Luke .	girl ( x _ 0 ) AND confess . agent ( x _ 1 , x _ 0 ) AND confess . ccomp ( x _ 1, x _ 2 ) AND sneeze . agent ( x _ 2 , Emma ) AND confess . agent ( x _ 3 , Luke ) AND confess . ccomp ( x _ 3, x _ 4 ) AND sneeze . agent ( x _ 4 , Emma )	elips_VPE_intrans_gen
A horse ate and so did the boy .	* boy ( x _ 1 ) ; horse ( x _ 0 ) AND eat . agent ( x _ 2 , x _ 0 ) AND eat . agent ( x _ 3 , x _ 1 )	elips_VPE_intrans_gen
Emma slept and so did a duck .	duck ( x _ 0 ) AND sleep . agent ( x _ 1 , Emma ) AND sleep . agent ( x _ 2 , x _ 0 )	elips_VPE_intrans_gen
Jaxon juggled and so did a girl .	girl ( x _ 0 ) AND juggle . agent ( x _ 1 , Jaxon ) AND juggle . agent ( x _ 2 , x _ 0 )	elips_VPE_intrans_gen
A girl confessed that William ate and so did Emma .	girl ( x _ 0 ) AND confess . agent ( x _ 1 , x _ 0 ) AND confess . ccomp ( x _ 1, x _ 2 ) AND eat . agent ( x _ 2 , William ) AND confess . agent ( x _ 3 , Emma ) AND confess . ccomp ( x _ 3, x _ 4 ) AND eat . agent ( x _ 4 , William )	elips_VPE_intrans_gen
A girl ran and so did Emma .	girl ( x _ 0 ) AND run . agent ( x _ 1 , x _ 0 ) AND run . agent ( x _ 2 , Emma )	elips_VPE_intrans_gen
The boy noticed that a girl ate and so did a dog .	* boy ( x _ 0 ) ; girl ( x _ 3 ) AND dog ( x _ 2 ) AND notice . agent ( x _ 4 , x _ 0 ) AND notice . ccomp ( x _ 4, x _ 5 ) AND eat . agent ( x _ 5 , x _ 3 ) AND notice . agent ( x _ 6 , x _ 2 ) AND notice . ccomp ( x _ 6, x _ 7 ) AND eat . agent ( x _ 7 , x _ 3 )	elips_VPE_intrans_gen
The cat painted and so did the baby .	* cat ( x _ 0 ) ; * baby ( x _ 1 ) ; paint . agent ( x _ 2 , x _ 0 ) AND paint . agent ( x _ 3 , x _ 1 )	elips_VPE_intrans_gen
Emma stuttered and so did a girl .	girl ( x _ 0 ) AND stutter . agent ( x _ 1 , Emma ) AND stutter . agent ( x _ 2 , x _ 0 )	elips_VPE_intrans_gen
A girl confessed that Emma gasped and so did William .	girl ( x _ 0 ) AND confess . agent ( x _ 1 , x _ 0 ) AND confess . ccomp ( x _ 1, x _ 2 ) AND gasp . agent ( x _ 2 , Emma ) AND confess . agent ( x _ 3 , William ) AND confess . ccomp ( x _ 3, x _ 4 ) AND gasp . agent ( x _ 4 , Emma )	elips_VPE_intrans_gen
A boy liked that Charlotte cooked and so did the girl .	* girl ( x _ 1 ) ; boy ( x _ 0 ) AND like . agent ( x _ 2 , x _ 0 ) AND like . ccomp ( x _ 2, x _ 3 ) AND cook . agent ( x _ 3 , Charlotte ) AND like . agent ( x _ 4 , x _ 1 ) AND like . ccomp ( x _ 4, x _ 5 ) AND cook . agent ( x _ 5 , Charlotte )	elips_VPE_intrans_gen
A girl expected that Emma investigated and so did Olivia .	girl ( x _ 0 ) AND expect . agent ( x _ 1 , x _ 0 ) AND expect . ccomp ( x _ 1, x _ 2 ) AND investigate . agent ( x _ 2 , Emma ) AND expect . agent ( x _ 3 , Olivia ) AND expect . ccomp ( x _ 3, x _ 4 ) AND investigate . agent ( x _ 4 , Emma )	elips_VPE_intrans_gen
The boy drew and so did a wolf .	* boy ( x _ 0 ) ; wolf ( x _ 1 ) AND draw . agent ( x _ 2 , x _ 0 ) AND draw . agent ( x _ 3 , x _ 1 )	elips_VPE_intrans_gen
A boy hoped that a turtle slept and so did Sophia .	boy ( x _ 0 ) AND turtle ( x _ 2 ) AND hope . agent ( x _ 3 , x _ 0 ) AND hope . ccomp ( x _ 3, x _ 4 ) AND sleep . agent ( x _ 4 , x _ 2 ) AND hope . agent ( x _ 5 , Sophia ) AND hope . ccomp ( x _ 5, x _ 6 ) AND sleep . agent ( x _ 6 , x _ 2 )	elips_VPE_intrans_gen
A cat smiled and so did a boy .	cat ( x _ 0 ) AND boy ( x _ 1 ) AND smile . agent ( x _ 2 , x _ 0 ) AND smile . agent ( x _ 3 , x _ 1 )	elips_VPE_intrans_gen
A boy slept and so did a girl .	boy ( x _ 0 ) AND girl ( x _ 1 ) AND sleep . agent ( x _ 2 , x _ 0 ) AND sleep . agent ( x _ 3 , x _ 1 )	elips_VPE_intrans_gen
Isabella examined and so did a boy .	boy ( x _ 0 ) AND examine . agent ( x _ 1 , Isabella ) AND examine . agent ( x _ 2 , x _ 0 )	elips_VPE_intrans_gen
Emma hoped that Riley sneezed and so did a bunny .	bunny ( x _ 0 ) AND hope . agent ( x _ 1 , Emma ) AND hope . ccomp ( x _ 1, x _ 2 ) AND sneeze . agent ( x _ 2 , Riley ) AND hope . agent ( x _ 3 , x _ 0 ) AND hope . ccomp ( x _ 3, x _ 4 ) AND sneeze . agent ( x _ 4 , Riley )	elips_VPE_intrans_gen
Amelia ate and so did a penguin .	penguin ( x _ 0 ) AND eat . agent ( x _ 1 , Amelia ) AND eat . agent ( x _ 2 , x _ 0 )	elips_VPE_intrans_gen
Natalie liked that James cried and so did Oliver .	like . agent ( x _ 0 , Natalie ) AND like . ccomp ( x _ 0, x _ 1 ) AND cry . agent ( x _ 1 , James ) AND like . agent ( x _ 2 , Oliver ) AND like . ccomp ( x _ 2, x _ 3 ) AND cry . agent ( x _ 3 , James )	elips_VPE_intrans_gen
Ava dusted and so did Emma .	dust . agent ( x _ 0 , Ava ) AND dust . agent ( x _ 1 , Emma )	elips_VPE_intrans_gen
Sophia wished that the customer laughed and so did Aurora .	* customer ( x _ 1 ) ; wish . agent ( x _ 2 , Sophia ) AND wish . ccomp ( x _ 2, x _ 3 ) AND laugh . agent ( x _ 3 , x _ 1 ) AND wish . agent ( x _ 4 , Aurora ) AND wish . ccomp ( x _ 4, x _ 5 ) AND laugh . agent ( x _ 5 , x _ 1 )	elips_VPE_intrans_gen
A frog sneezed and so did the baby .	* baby ( x _ 1 ) ; frog ( x _ 0 ) AND sneeze . agent ( x _ 2 , x _ 0 ) AND sneeze . agent ( x _ 3 , x _ 1 )	elips_VPE_intrans_gen
Leah painted and so did Liam .	paint . agent ( x _ 0 , Leah ) AND paint . agent ( x _ 1 , Liam )	elips_VPE_intrans_gen
Liam slept and so did the professor .	* professor ( x _ 0 ) ; sleep . agent ( x _ 1 , Liam ) AND sleep . agent ( x _ 2 , x _ 0 )	elips_VPE_intrans_gen
A president saw and so did a butterfly .	president ( x _ 0 ) AND butterfly ( x _ 1 ) AND see . agent ( x _ 2 , x _ 0 ) AND see . agent ( x _ 3 , x _ 1 )	elips_VPE_intrans_gen
Sophia snoozed and so did Emma .	snooze . agent ( x _ 0 , Sophia ) AND snooze . agent ( x _ 1 , Emma )	elips_VPE_intrans_gen
A boy liked that William called and so did the girl .	* girl ( x _ 1 ) ; boy ( x _ 0 ) AND like . agent ( x _ 2 , x _ 0 ) AND like . ccomp ( x _ 2, x _ 3 ) AND call . agent ( x _ 3 , William ) AND like . agent ( x _ 4 , x _ 1 ) AND like . ccomp ( x _ 4, x _ 5 ) AND call . agent ( x _ 5 , William )	elips_VPE_intrans_gen
A cat ate and so did the crocodile .	* crocodile ( x _ 1 ) ; cat ( x _ 0 ) AND eat . agent ( x _ 2 , x _ 0 ) AND eat . agent ( x _ 3 , x _ 1 )	elips_VPE_intrans_gen
Emma drew and so did a child .	child ( x _ 0 ) AND draw . agent ( x _ 1 , Emma ) AND draw . agent ( x _ 2 , x _ 0 )	elips_VPE_intrans_gen
Emma dusted and so did Jayden .	dust . agent ( x _ 0 , Emma ) AND dust . agent ( x _ 1 , Jayden )	elips_VPE_intrans_gen
Emma smiled and so did the dog .	* dog ( x _ 0 ) ; smile . agent ( x _ 1 , Emma ) AND smile . agent ( x _ 2 , x _ 0 )	elips_VPE_intrans_gen
The boy hoped that Noah heard and so did a girl .	* boy ( x _ 0 ) ; girl ( x _ 1 ) AND hope . agent ( x _ 2 , x _ 0 ) AND hope . ccomp ( x _ 2, x _ 3 ) AND hear . agent ( x _ 3 , Noah ) AND hope . agent ( x _ 4 , x _ 1 ) AND hope . ccomp ( x _ 4, x _ 5 ) AND hear . agent ( x _ 5 , Noah )	elips_VPE_intrans_gen
Emma sneezed and so did the passenger .	* passenger ( x _ 0 ) ; sneeze . agent ( x _ 1 , Emma ) AND sneeze . agent ( x _ 2 , x _ 0 )	elips_VPE_intrans_gen
Emma hunted and so did Olivia .	hunt . agent ( x _ 0 , Emma ) AND hunt . agent ( x _ 1 , Olivia )	elips_VPE_intrans_gen
Madison liked that the boy hunted and so did Jackson .	* boy ( x _ 1 ) ; like . agent ( x _ 2 , Madison ) AND like . ccomp ( x _ 2, x _ 3 ) AND hunt . agent ( x _ 3 , x _ 1 ) AND like . agent ( x _ 4 , Jackson ) AND like . ccomp ( x _ 4, x _ 5 ) AND hunt . agent ( x _ 5 , x _ 1 )	elips_VPE_intrans_gen
Lillian slept and so did Emma .	sleep . agent ( x _ 0 , Lillian ) AND sleep . agent ( x _ 1 , Emma )	elips_VPE_intrans_gen
Emma dusted and so did a girl .	girl ( x _ 0 ) AND dust . agent ( x _ 1 , Emma ) AND dust . agent ( x _ 2 , x _ 0 )	elips_VPE_intrans_gen
The girl sketched and so did the lawyer .	* girl ( x _ 0 ) ; * lawyer ( x _ 1 ) ; sketch . agent ( x _ 2 , x _ 0 ) AND sketch . agent ( x _ 3 , x _ 1 )	elips_VPE_intrans_gen
The dog believed that Leah sneezed and so did the child .	* dog ( x _ 0 ) ; * child ( x _ 1 ) ; believe . agent ( x _ 2 , x _ 0 ) AND believe . ccomp ( x _ 2, x _ 3 ) AND sneeze . agent ( x _ 3 , Leah ) AND believe . agent ( x _ 4 , x _ 1 ) AND believe . ccomp ( x _ 4, x _ 5 ) AND sneeze . agent ( x _ 5 , Leah )	elips_VPE_intrans_gen
Emma cleaned and so did Jacob .	clean . agent ( x _ 0 , Emma ) AND clean . agent ( x _ 1 , Jacob )	elips_VPE_intrans_gen
Emma ate and so did Ava .	eat . agent ( x _ 0 , Emma ) AND eat . agent ( x _ 1 , Ava )	elips_VPE_intrans_gen
Emma slept and so did a girl .	girl ( x _ 0 ) AND sleep . agent ( x _ 1 , Emma ) AND sleep . agent ( x _ 2 , x _ 0 )	elips_VPE_intrans_gen
A priest said that Logan drew and so did Liam .	priest ( x _ 0 ) AND say . agent ( x _ 1 , x _ 0 ) AND say . ccomp ( x _ 1, x _ 2 ) AND draw . agent ( x _ 2 , Logan ) AND say . agent ( x _ 3 , Liam ) AND say . ccomp ( x _ 3, x _ 4 ) AND draw . agent ( x _ 4 , Logan )	elips_VPE_intrans_gen
A girl scoffed and so did Ava .	girl ( x _ 0 ) AND scoff . agent ( x _ 1 , x _ 0 ) AND scoff . agent ( x _ 2 , Ava )	elips_VPE_intrans_gen
Emma smiled and so did a chicken .	chicken ( x _ 0 ) AND smile . agent ( x _ 1 , Emma ) AND smile . agent ( x _ 2 , x _ 0 )	elips_VPE_intrans_gen
Emma called and so did Olivia .	call . agent ( x _ 0 , Emma ) AND call . agent ( x _ 1 , Olivia )	elips_VPE_intrans_gen
Emma liked that the professor sneezed and so did the moose .	* professor ( x _ 2 ) ; * moose ( x _ 1 ) ; like . agent ( x _ 3 , Emma ) AND like . ccomp ( x _ 3, x _ 4 ) AND sneeze . agent ( x _ 4 , x _ 2 ) AND like . agent ( x _ 5 , x _ 1 ) AND like . ccomp ( x _ 5, x _ 6 ) AND sneeze . agent ( x _ 6 , x _ 2 )	elips_VPE_intrans_gen
The child hoped that a boy sketched and so did Sophia .	* child ( x _ 0 ) ; boy ( x _ 2 ) AND hope . agent ( x _ 3 , x _ 0 ) AND hope . ccomp ( x _ 3, x _ 4 ) AND sketch . agent ( x _ 4 , x _ 2 ) AND hope . agent ( x _ 5 , Sophia ) AND hope . ccomp ( x _ 5, x _ 6 ) AND sketch . agent ( x _ 6 , x _ 2 )	elips_VPE_intrans_gen
The bear dusted and so did Emma .	* bear ( x _ 0 ) ; dust . agent ( x _ 1 , x _ 0 ) AND dust . agent ( x _ 2 , Emma )	elips_VPE_intrans_gen
Emma smiled and so did Olivia .	smile . agent ( x _ 0 , Emma ) AND smile . agent ( x _ 1 , Olivia )	elips_VPE_intrans_gen
Emma slept and so did the journalist .	* journalist ( x _ 0 ) ; sleep . agent ( x _ 1 , Emma ) AND sleep . agent ( x _ 2 , x _ 0 )	elips_VPE_intrans_gen
Emma expected that a boy sneezed and so did Olivia .	boy ( x _ 1 ) AND expect . agent ( x _ 2 , Emma ) AND expect . ccomp ( x _ 2, x _ 3 ) AND sneeze . agent ( x _ 3 , x _ 1 ) AND expect . agent ( x _ 4 , Olivia ) AND expect . ccomp ( x _ 4, x _ 5 ) AND sneeze . agent ( x _ 5 , x _ 1 )	elips_VPE_intrans_gen
Liam ate and so did Ethan .	eat . agent ( x _ 0 , Liam ) AND eat . agent ( x _ 1 , Ethan )	elips_VPE_intrans_gen
A president slept and so did a boy .	president ( x _ 0 ) AND boy ( x _ 1 ) AND sleep . agent ( x _ 2 , x _ 0 ) AND sleep . agent ( x _ 3 , x _ 1 )	elips_VPE_intrans_gen
Olivia appreciated that the girl slept and so did Liam .	* girl ( x _ 1 ) ; appreciate . agent ( x _ 2 , Olivia ) AND appreciate . ccomp ( x _ 2, x _ 3 ) AND sleep . agent ( x _ 3 , x _ 1 ) AND appreciate . agent ( x _ 4 , Liam ) AND appreciate . ccomp ( x _ 4, x _ 5 ) AND sleep . agent ( x _ 5 , x _ 1 )	elips_VPE_intrans_gen
A customer walked and so did the father .	* father ( x _ 1 ) ; customer ( x _ 0 ) AND walk . agent ( x _ 2 , x _ 0 ) AND walk . agent ( x _ 3 , x _ 1 )	elips_VPE_intrans_gen
Emily slept and so did a boy .	boy ( x _ 0 ) AND sleep . agent ( x _ 1 , Emily ) AND sleep . agent ( x _ 2 , x _ 0 )	elips_VPE_intrans_gen
Mason ate and so did Emma .	eat . agent ( x _ 0 , Mason ) AND eat . agent ( x _ 1 , Emma )	elips_VPE_intrans_gen
Emma gasped and so did a girl .	girl ( x _ 0 ) AND gasp . agent ( x _ 1 , Emma ) AND gasp . agent ( x _ 2 , x _ 0 )	elips_VPE_intrans_gen
Emma ate and so did the butterfly .	* butterfly ( x _ 0 ) ; eat . agent ( x _ 1 , Emma ) AND eat . agent ( x _ 2 , x _ 0 )	elips_VPE_intrans_gen
Gabriel painted and so did Leo .	paint . agent ( x _ 0 , Gabriel ) AND paint . agent ( x _ 1 , Leo )	elips_VPE_intrans_gen
Emma cried and so did the girl .	* girl ( x _ 0 ) ; cry . agent ( x _ 1 , Emma ) AND cry . agent ( x _ 2 , x _ 0 )	elips_VPE_intrans_gen
Amelia studied and so did Emma .	study . agent ( x _ 0 , Amelia ) AND study . agent ( x _ 1 , Emma )	elips_VPE_intrans_gen
Thomas saw and so did the bird .	* bird ( x _ 0 ) ; see . agent ( x _ 1 , Thomas ) AND see . agent ( x _ 2 , x _ 0 )	elips_VPE_intrans_gen
A president painted and so did a girl .	president ( x _ 0 ) AND girl ( x _ 1 ) AND paint . agent ( x _ 2 , x _ 0 ) AND paint . agent ( x _ 3 , x _ 1 )	elips_VPE_intrans_gen
Camila slept and so did the spokesman .	* spokesman ( x _ 0 ) ; sleep . agent ( x _ 1 , Camila ) AND sleep . agent ( x _ 2 , x _ 0 )	elips_VPE_intrans_gen
A cat ate and so did Henry .	cat ( x _ 0 ) AND eat . agent ( x _ 1 , x _ 0 ) AND eat . agent ( x _ 2 , Henry )	elips_VPE_intrans_gen
Sophia jogged and so did the girl .	* girl ( x _ 0 ) ; jog . agent ( x _ 1 , Sophia ) AND jog . agent ( x _ 2 , x _ 0 )	elips_VPE_intrans_gen
The baby liked that a cat slept and so did the squirrel .	* baby ( x _ 0 ) ; * squirrel ( x _ 2 ) ; cat ( x _ 3 ) AND like . agent ( x _ 4 , x _ 0 ) AND like . ccomp ( x _ 4, x _ 5 ) AND sleep . agent ( x _ 5 , x _ 3 ) AND like . agent ( x _ 6 , x _ 2 ) AND like . ccomp ( x _ 6, x _ 7 ) AND sleep . agent ( x _ 7 , x _ 3 )	elips_VPE_intrans_gen
Lillian ate and so did a giraffe .	giraffe ( x _ 0 ) AND eat . agent ( x _ 1 , Lillian ) AND eat . agent ( x _ 2 , x _ 0 )	elips_VPE_intrans_gen
A mother sneezed and so did Noah .	mother ( x _ 0 ) AND sneeze . agent ( x _ 1 , x _ 0 ) AND sneeze . agent ( x _ 2 , Noah )	elips_VPE_intrans_gen
A lion nursed and so did Noah .	lion ( x _ 0 ) AND nurse . agent ( x _ 1 , x _ 0 ) AND nurse . agent ( x _ 2 , Noah )	elips_VPE_intrans_gen
Emma liked that Camila painted and so did the girl .	* girl ( x _ 0 ) ; like . agent ( x _ 1 , Emma ) AND like . ccomp ( x _ 1, x _ 2 ) AND paint . agent ( x _ 2 , Camila ) AND like . agent ( x _ 3 , x _ 0 ) AND like . ccomp ( x _ 3, x _ 4 ) AND paint . agent ( x _ 4 , Camila )	elips_VPE_intrans_gen
A turkey drew and so did the girl .	* girl ( x _ 1 ) ; turkey ( x _ 0 ) AND draw . agent ( x _ 2 , x _ 0 ) AND draw . agent ( x _ 3 , x _ 1 )	elips_VPE_intrans_gen
Oliver slept and so did the dog .	* dog ( x _ 0 ) ; sleep . agent ( x _ 1 , Oliver ) AND sleep . agent ( x _ 2 , x _ 0 )	elips_VPE_intrans_gen
The turtle jogged and so did Emma .	* turtle ( x _ 0 ) ; jog . agent ( x _ 1 , x _ 0 ) AND jog . agent ( x _ 2 , Emma )	elips_VPE_intrans_gen
Nathan slept and so did a frog .	frog ( x _ 0 ) AND sleep . agent ( x _ 1 , Nathan ) AND sleep . agent ( x _ 2 , x _ 0 )	elips_VPE_intrans_gen
Gabriel hunted and so did Isabella .	hunt . agent ( x _ 0 , Gabriel ) AND hunt . agent ( x _ 1 , Isabella )	elips_VPE_intrans_gen
A girl cried and so did Emma .	girl ( x _ 0 ) AND cry . agent ( x _ 1 , x _ 0 ) AND cry . agent ( x _ 2 , Emma )	elips_VPE_intrans_gen
Mason slept and so did the boy .	* boy ( x _ 0 ) ; sleep . agent ( x _ 1 , Mason ) AND sleep . agent ( x _ 2 , x _ 0 )	elips_VPE_intrans_gen
A hen confessed that Emma hunted and so did a dog .	hen ( x _ 0 ) AND dog ( x _ 1 ) AND confess . agent ( x _ 2 , x _ 0 ) AND confess . ccomp ( x _ 2, x _ 3 ) AND hunt . agent ( x _ 3 , Emma ) AND confess . agent ( x _ 4 , x _ 1 ) AND confess . ccomp ( x _ 4, x _ 5 ) AND hunt . agent ( x _ 5 , Emma )	elips_VPE_intrans_gen
A giraffe imagined that a girl walked and so did Noah .	giraffe ( x _ 0 ) AND girl ( x _ 2 ) AND imagine . agent ( x _ 3 , x _ 0 ) AND imagine . ccomp ( x _ 3, x _ 4 ) AND walk . agent ( x _ 4 , x _ 2 ) AND imagine . agent ( x _ 5 , Noah ) AND imagine . ccomp ( x _ 5, x _ 6 ) AND walk . agent ( x _ 6 , x _ 2 )	elips_VPE_intrans_gen
The mother gasped and so did Ava .	* mother ( x _ 0 ) ; gasp . agent ( x _ 1 , x _ 0 ) AND gasp . agent ( x _ 2 , Ava )	elips_VPE_intrans_gen
Ava hoped that the student slept and so did Liam .	* student ( x _ 1 ) ; hope . agent ( x _ 2 , Ava ) AND hope . ccomp ( x _ 2, x _ 3 ) AND sleep . agent ( x _ 3 , x _ 1 ) AND hope . agent ( x _ 4 , Liam ) AND hope . ccomp ( x _ 4, x _ 5 ) AND sleep . agent ( x _ 5 , x _ 1 )	elips_VPE_intrans_gen
The dog ran and so did Ava .	* dog ( x _ 0 ) ; run . agent ( x _ 1 , x _ 0 ) AND run . agent ( x _ 2 , Ava )	elips_VPE_intrans_gen
A citizen smiled and so did Emma .	citizen ( x _ 0 ) AND smile . agent ( x _ 1 , x _ 0 ) AND smile . agent ( x _ 2 , Emma )	elips_VPE_intrans_gen
A guest ate and so did a girl .	guest ( x _ 0 ) AND girl ( x _ 1 ) AND eat . agent ( x _ 2 , x _ 0 ) AND eat . agent ( x _ 3 , x _ 1 )	elips_VPE_intrans_gen
Henry ate and so did Daniel .	eat . agent ( x _ 0 , Henry ) AND eat . agent ( x _ 1 , Daniel )	elips_VPE_intrans_gen
The zebra observed and so did a monster .	* zebra ( x _ 0 ) ; monster ( x _ 1 ) AND observe . agent ( x _ 2 , x _ 0 ) AND observe . agent ( x _ 3 , x _ 1 )	elips_VPE_intrans_gen
The sailor ate and so did Liam .	* sailor ( x _ 0 ) ; eat . agent ( x _ 1 , x _ 0 ) AND eat . agent ( x _ 2 , Liam )	elips_VPE_intrans_gen
The girl ate and so did Joseph .	* girl ( x _ 0 ) ; eat . agent ( x _ 1 , x _ 0 ) AND eat . agent ( x _ 2 , Joseph )	elips_VPE_intrans_gen
Bella wished that Emma snored and so did a child .	child ( x _ 0 ) AND wish . agent ( x _ 1 , Bella ) AND wish . ccomp ( x _ 1, x _ 2 ) AND snore . agent ( x _ 2 , Emma ) AND wish . agent ( x _ 3 , x _ 0 ) AND wish . ccomp ( x _ 3, x _ 4 ) AND snore . agent ( x _ 4 , Emma )	elips_VPE_intrans_gen
A boy slept and so did a child .	boy ( x _ 0 ) AND child ( x _ 1 ) AND sleep . agent ( x _ 2 , x _ 0 ) AND sleep . agent ( x _ 3 , x _ 1 )	elips_VPE_intrans_gen
Emma liked that a girl cooked and so did the baby .	* baby ( x _ 1 ) ; girl ( x _ 2 ) AND like . agent ( x _ 3 , Emma ) AND like . ccomp ( x _ 3, x _ 4 ) AND cook . agent ( x _ 4 , x _ 2 ) AND like . agent ( x _ 5 , x _ 1 ) AND like . ccomp ( x _ 5, x _ 6 ) AND cook . agent ( x _ 6 , x _ 2 )	elips_VPE_intrans_gen
Sophia cleaned and so did a girl .	girl ( x _ 0 ) AND clean . agent ( x _ 1 , Sophia ) AND clean . agent ( x _ 2 , x _ 0 )	elips_VPE_intrans_gen
Emma screamed and so did Liam .	scream . agent ( x _ 0 , Emma ) AND scream . agent ( x _ 1 , Liam )	elips_VPE_intrans_gen
A servant called and so did the boy .	* boy ( x _ 1 ) ; servant ( x _ 0 ) AND call . agent ( x _ 2 , x _ 0 ) AND call . agent ( x _ 3 , x _ 1 )	elips_VPE_intrans_gen
A girl supported that the king slept and so did Mia .	* king ( x _ 2 ) ; girl ( x _ 0 ) AND support . agent ( x _ 3 , x _ 0 ) AND support . ccomp ( x _ 3, x _ 4 ) AND sleep . agent ( x _ 4 , x _ 2 ) AND support . agent ( x _ 5 , Mia ) AND support . ccomp ( x _ 5, x _ 6 ) AND sleep . agent ( x _ 6 , x _ 2 )	elips_VPE_intrans_gen
Mia cleaned and so did the dog .	* dog ( x _ 0 ) ; clean . agent ( x _ 1 , Mia ) AND clean . agent ( x _ 2 , x _ 0 )	elips_VPE_intrans_gen
Emma jogged and so did the giraffe .	* giraffe ( x _ 0 ) ; jog . agent ( x _ 1 , Emma ) AND jog . agent ( x _ 2 , x _ 0 )	elips_VPE_intrans_gen
The cat cleaned and so did Noah .	* cat ( x _ 0 ) ; clean . agent ( x _ 1 , x _ 0 ) AND clean . agent ( x _ 2 , Noah )	elips_VPE_intrans_gen
Emily smiled and so did a hero .	hero ( x _ 0 ) AND smile . agent ( x _ 1 , Emily ) AND smile . agent ( x _ 2 , x _ 0 )	elips_VPE_intrans_gen
Mila slept and so did the girl .	* girl ( x _ 0 ) ; sleep . agent ( x _ 1 , Mila ) AND sleep . agent ( x _ 2 , x _ 0 )	elips_VPE_intrans_gen
Isabella liked that Noah laughed and so did Olivia .	like . agent ( x _ 0 , Isabella ) AND like . ccomp ( x _ 0, x _ 1 ) AND laugh . agent ( x _ 1 , Noah ) AND like . agent ( x _ 2 , Olivia ) AND like . ccomp ( x _ 2, x _ 3 ) AND laugh . agent ( x _ 3 , Noah )	elips_VPE_intrans_gen
Stella hoped that Noah ate and so did the child .	* child ( x _ 0 ) ; hope . agent ( x _ 1 , Stella ) AND hope . ccomp ( x _ 1, x _ 2 ) AND eat . agent ( x _ 2 , Noah ) AND hope . agent ( x _ 3 , x _ 0 ) AND hope . ccomp ( x _ 3, x _ 4 ) AND eat . agent ( x _ 4 , Noah )	elips_VPE_intrans_gen
The sailor smiled and so did the fly .	* sailor ( x _ 0 ) ; * fly ( x _ 1 ) ; smile . agent ( x _ 2 , x _ 0 ) AND smile . agent ( x _ 3 , x _ 1 )	elips_VPE_intrans_gen
Aubrey screamed and so did the cat .	* cat ( x _ 0 ) ; scream . agent ( x _ 1 , Aubrey ) AND scream . agent ( x _ 2 , x _ 0 )	elips_VPE_intrans_gen
The child meant that the girl sneezed and so did the champion .	* child ( x _ 0 ) ; * girl ( x _ 3 ) ; * champion ( x _ 2 ) ; mean . agent ( x _ 4 , x _ 0 ) AND mean . ccomp ( x _ 4, x _ 5 ) AND sneeze . agent ( x _ 5 , x _ 3 ) AND mean . agent ( x _ 6 , x _ 2 ) AND mean . ccomp ( x _ 6, x _ 7 ) AND sneeze . agent ( x _ 7 , x _ 3 )	elips_VPE_intrans_gen
Elijah liked that a bird smiled and so did a student .	bird ( x _ 2 ) AND student ( x _ 1 ) AND like . agent ( x _ 3 , Elijah ) AND like . ccomp ( x _ 3, x _ 4 ) AND smile . agent ( x _ 4 , x _ 2 ) AND like . agent ( x _ 5 , x _ 1 ) AND like . ccomp ( x _ 5, x _ 6 ) AND smile . agent ( x _ 6 , x _ 2 )	elips_VPE_intrans_gen
The teacher cleaned and so did Olivia .	* teacher ( x _ 0 ) ; clean . agent ( x _ 1 , x _ 0 ) AND clean . agent ( x _ 2 , Olivia )	elips_VPE_intrans_gen
Noah laughed and so did a cat .	cat ( x _ 0 ) AND laugh . agent ( x _ 1 , Noah ) AND laugh . agent ( x _ 2 , x _ 0 )	elips_VPE_intrans_gen
Scarlett liked that a driver observed and so did a mouse .	driver ( x _ 2 ) AND mouse ( x _ 1 ) AND like . agent ( x _ 3 , Scarlett ) AND like . ccomp ( x _ 3, x _ 4 ) AND observe . agent ( x _ 4 , x _ 2 ) AND like . agent ( x _ 5 , x _ 1 ) AND like . ccomp ( x _ 5, x _ 6 ) AND observe . agent ( x _ 6 , x _ 2 )	elips_VPE_intrans_gen
Victoria slept and so did the hen .	* hen ( x _ 0 ) ; sleep . agent ( x _ 1 , Victoria ) AND sleep . agent ( x _ 2 , x _ 0 )	elips_VPE_intrans_gen
The host sneezed and so did the girl .	* host ( x _ 0 ) ; * girl ( x _ 1 ) ; sneeze . agent ( x _ 2 , x _ 0 ) AND sneeze . agent ( x _ 3 , x _ 1 )	elips_VPE_intrans_gen
