0	The cat sketched and Charlotte helped a girl .	* cat ( x _ 0 ) ; girl ( x _ 2 ) AND sketch . agent ( x _ 3 , x _ 0 ) AND sketch . theme ( x _ 3 , x _ 2 ) AND help . agent ( x _ 4 , Charlotte ) AND help . theme ( x _ 4 , x _ 2 )	elips_RNR_in_dist
1	Oliver called and Liam loved Jayden .	call . agent ( x _ 0 , Oliver ) AND call . theme ( x _ 0 , Jayden ) AND love . agent ( x _ 1 , Liam ) AND love . theme ( x _ 1 , Jayden )	elips_RNR_in_dist
2	A cat liked and the donkey liked Isaac .	* donkey ( x _ 1 ) ; cat ( x _ 0 ) AND like . agent ( x _ 2 , x _ 0 ) AND like . theme ( x _ 2 , Isaac ) AND like . agent ( x _ 3 , x _ 1 ) AND like . theme ( x _ 3 , Isaac )	elips_RNR_in_dist
3	Logan missed and Olivia found Jayden .	miss . agent ( x _ 0 , Logan ) AND miss . theme ( x _ 0 , Jayden ) AND find . agent ( x _ 1 , Olivia ) AND find . theme ( x _ 1 , Jayden )	elips_RNR_in_dist
4	Emma liked and a tiger found Gabriel .	tiger ( x _ 0 ) AND like . agent ( x _ 1 , Emma ) AND like . theme ( x _ 1 , Gabriel ) AND find . agent ( x _ 2 , x _ 0 ) AND find . theme ( x _ 2 , Gabriel )	elips_RNR_in_dist
5	Emma cleaned and Liam found Penelope .	clean . agent ( x _ 0 , Emma ) AND clean . theme ( x _ 0 , Penelope ) AND find . agent ( x _ 1 , Liam ) AND find . theme ( x _ 1 , Penelope )	elips_RNR_in_dist
6	Elizabeth painted and a baby liked Penelope .	baby ( x _ 0 ) AND paint . agent ( x _ 1 , Elizabeth ) AND paint . theme ( x _ 1 , Penelope ) AND like . agent ( x _ 2 , x _ 0 ) AND like . theme ( x _ 2 , Penelope )	elips_RNR_in_dist
7	Nathan found and Liam liked the princess .	* princess ( x _ 1 ) ; find . agent ( x _ 2 , Nathan ) AND find . theme ( x _ 2 , x _ 1 ) AND like . agent ( x _ 3 , Liam ) AND like . theme ( x _ 3 , x _ 1 )	elips_RNR_in_dist
8	A frog touched and Olivia helped a girl .	frog ( x _ 0 ) AND girl ( x _ 2 ) AND touch . agent ( x _ 3 , x _ 0 ) AND touch . theme ( x _ 3 , x _ 2 ) AND help . agent ( x _ 4 , Olivia ) AND help . theme ( x _ 4 , x _ 2 )	elips_RNR_in_dist
9	The baby ate and Scarlett poked a scientist .	* baby ( x _ 0 ) ; scientist ( x _ 2 ) AND eat . agent ( x _ 3 , x _ 0 ) AND eat . theme ( x _ 3 , x _ 2 ) AND poke . agent ( x _ 4 , Scarlett ) AND poke . theme ( x _ 4 , x _ 2 )	elips_RNR_in_dist
10	The monkey liked and the boy liked Savannah .	* monkey ( x _ 0 ) ; * boy ( x _ 1 ) ; like . agent ( x _ 2 , x _ 0 ) AND like . theme ( x _ 2 , Savannah ) AND like . agent ( x _ 3 , x _ 1 ) AND like . theme ( x _ 3 , Savannah )	elips_RNR_in_dist
11	A scientist ate and William admired the girl .	* girl ( x _ 2 ) ; scientist ( x _ 0 ) AND eat . agent ( x _ 3 , x _ 0 ) AND eat . theme ( x _ 3 , x _ 2 ) AND admire . agent ( x _ 4 , William ) AND admire . theme ( x _ 4 , x _ 2 )	elips_RNR_in_dist
12	The professor painted and Liam liked Riley .	* professor ( x _ 0 ) ; paint . agent ( x _ 1 , x _ 0 ) AND paint . theme ( x _ 1 , Riley ) AND like . agent ( x _ 2 , Liam ) AND like . theme ( x _ 2 , Riley )	elips_RNR_in_dist
13	The boy poked and a baby liked a girl .	* boy ( x _ 0 ) ; girl ( x _ 3 ) AND baby ( x _ 2 ) AND poke . agent ( x _ 4 , x _ 0 ) AND poke . theme ( x _ 4 , x _ 3 ) AND like . agent ( x _ 5 , x _ 2 ) AND like . theme ( x _ 5 , x _ 3 )	elips_RNR_in_dist
14	Olivia respected and a turtle liked a baby .	baby ( x _ 2 ) AND turtle ( x _ 1 ) AND respect . agent ( x _ 3 , Olivia ) AND respect . theme ( x _ 3 , x _ 2 ) AND like . agent ( x _ 4 , x _ 1 ) AND like . theme ( x _ 4 , x _ 2 )	elips_RNR_in_dist
15	The deer dusted and the baby liked Leah .	* deer ( x _ 0 ) ; * baby ( x _ 1 ) ; dust . agent ( x _ 2 , x _ 0 ) AND dust . theme ( x _ 2 , Leah ) AND like . agent ( x _ 3 , x _ 1 ) AND like . theme ( x _ 3 , Leah )	elips_RNR_in_dist
16	A baby missed and Emma liked a cow .	baby ( x _ 0 ) AND cow ( x _ 2 ) AND miss . agent ( x _ 3 , x _ 0 ) AND miss . theme ( x _ 3 , x _ 2 ) AND like . agent ( x _ 4 , Emma ) AND like . theme ( x _ 4 , x _ 2 )	elips_RNR_in_dist
17	Liam liked and the child touched Penelope .	* child ( x _ 0 ) ; like . agent ( x _ 1 , Liam ) AND like . theme ( x _ 1 , Penelope ) AND touch . agent ( x _ 2 , x _ 0 ) AND touch . theme ( x _ 2 , Penelope )	elips_RNR_in_dist
18	Riley painted and Bella helped a frog .	frog ( x _ 1 ) AND paint . agent ( x _ 2 , Riley ) AND paint . theme ( x _ 2 , x _ 1 ) AND help . agent ( x _ 3 , Bella ) AND help . theme ( x _ 3 , x _ 1 )	elips_RNR_in_dist
19	William pierced and the turtle poked a girl .	* turtle ( x _ 1 ) ; girl ( x _ 2 ) AND pierce . agent ( x _ 3 , William ) AND pierce . theme ( x _ 3 , x _ 2 ) AND poke . agent ( x _ 4 , x _ 1 ) AND poke . theme ( x _ 4 , x _ 2 )	elips_RNR_in_dist
20	The baby liked and the teacher liked a cat .	* baby ( x _ 0 ) ; * teacher ( x _ 2 ) ; cat ( x _ 3 ) AND like . agent ( x _ 4 , x _ 0 ) AND like . theme ( x _ 4 , x _ 3 ) AND like . agent ( x _ 5 , x _ 2 ) AND like . theme ( x _ 5 , x _ 3 )	elips_RNR_in_dist
21	William liked and the manager liked Penelope .	* manager ( x _ 0 ) ; like . agent ( x _ 1 , William ) AND like . theme ( x _ 1 , Penelope ) AND like . agent ( x _ 2 , x _ 0 ) AND like . theme ( x _ 2 , Penelope )	elips_RNR_in_dist
22	The sheep ate and a girl helped Leo .	* sheep ( x _ 0 ) ; girl ( x _ 1 ) AND eat . agent ( x _ 2 , x _ 0 ) AND eat . theme ( x _ 2 , Leo ) AND help . agent ( x _ 3 , x _ 1 ) AND help . theme ( x _ 3 , Leo )	elips_RNR_in_dist
23	Emma adored and Olivia helped Addison .	adore . agent ( x _ 0 , Emma ) AND adore . theme ( x _ 0 , Addison ) AND help . agent ( x _ 1 , Olivia ) AND help . theme ( x _ 1 , Addison )	elips_RNR_in_dist
24	The fly heard and a cat liked Luke .	* fly ( x _ 0 ) ; cat ( x _ 1 ) AND hear . agent ( x _ 2 , x _ 0 ) AND hear . theme ( x _ 2 , Luke ) AND like . agent ( x _ 3 , x _ 1 ) AND like . theme ( x _ 3 , Luke )	elips_RNR_in_dist
25	A penguin dusted and the mother helped Riley .	* mother ( x _ 1 ) ; penguin ( x _ 0 ) AND dust . agent ( x _ 2 , x _ 0 ) AND dust . theme ( x _ 2 , Riley ) AND help . agent ( x _ 3 , x _ 1 ) AND help . theme ( x _ 3 , Riley )	elips_RNR_in_dist
26	Emma painted and a guest found Wyatt .	guest ( x _ 0 ) AND paint . agent ( x _ 1 , Emma ) AND paint . theme ( x _ 1 , Wyatt ) AND find . agent ( x _ 2 , x _ 0 ) AND find . theme ( x _ 2 , Wyatt )	elips_RNR_in_dist
27	A manager found and the teacher liked a girl .	* teacher ( x _ 2 ) ; manager ( x _ 0 ) AND girl ( x _ 3 ) AND find . agent ( x _ 4 , x _ 0 ) AND find . theme ( x _ 4 , x _ 3 ) AND like . agent ( x _ 5 , x _ 2 ) AND like . theme ( x _ 5 , x _ 3 )	elips_RNR_in_dist
28	Liam called and Emma helped a girl .	girl ( x _ 1 ) AND call . agent ( x _ 2 , Liam ) AND call . theme ( x _ 2 , x _ 1 ) AND help . agent ( x _ 3 , Emma ) AND help . theme ( x _ 3 , x _ 1 )	elips_RNR_in_dist
29	Ava ate and the teacher liked Grayson .	* teacher ( x _ 0 ) ; eat . agent ( x _ 1 , Ava ) AND eat . theme ( x _ 1 , Grayson ) AND like . agent ( x _ 2 , x _ 0 ) AND like . theme ( x _ 2 , Grayson )	elips_RNR_in_dist
30	The scientist helped and the frog valued a professor .	* scientist ( x _ 0 ) ; * frog ( x _ 2 ) ; professor ( x _ 3 ) AND help . agent ( x _ 4 , x _ 0 ) AND help . theme ( x _ 4 , x _ 3 ) AND value . agent ( x _ 5 , x _ 2 ) AND value . theme ( x _ 5 , x _ 3 )	elips_RNR_in_dist
31	The girl ate and a zebra liked Andrew .	* girl ( x _ 0 ) ; zebra ( x _ 1 ) AND eat . agent ( x _ 2 , x _ 0 ) AND eat . theme ( x _ 2 , Andrew ) AND like . agent ( x _ 3 , x _ 1 ) AND like . theme ( x _ 3 , Andrew )	elips_RNR_in_dist
32	A girl helped and a cow missed the teacher .	* teacher ( x _ 3 ) ; girl ( x _ 0 ) AND cow ( x _ 2 ) AND help . agent ( x _ 4 , x _ 0 ) AND help . theme ( x _ 4 , x _ 3 ) AND miss . agent ( x _ 5 , x _ 2 ) AND miss . theme ( x _ 5 , x _ 3 )	elips_RNR_in_dist
33	Ella liked and a girl helped a cat .	cat ( x _ 2 ) AND girl ( x _ 1 ) AND like . agent ( x _ 3 , Ella ) AND like . theme ( x _ 3 , x _ 2 ) AND help . agent ( x _ 4 , x _ 1 ) AND help . theme ( x _ 4 , x _ 2 )	elips_RNR_in_dist
34	The girl painted and Emma liked Eleanor .	* girl ( x _ 0 ) ; paint . agent ( x _ 1 , x _ 0 ) AND paint . theme ( x _ 1 , Eleanor ) AND like . agent ( x _ 2 , Emma ) AND like . theme ( x _ 2 , Eleanor )	elips_RNR_in_dist
35	Liam liked and Emma admired Luke .	like . agent ( x _ 0 , Liam ) AND like . theme ( x _ 0 , Luke ) AND admire . agent ( x _ 1 , Emma ) AND admire . theme ( x _ 1 , Luke )	elips_RNR_in_dist
36	Michael ate and Brooklyn liked Penelope .	eat . agent ( x _ 0 , Michael ) AND eat . theme ( x _ 0 , Penelope ) AND like . agent ( x _ 1 , Brooklyn ) AND like . theme ( x _ 1 , Penelope )	elips_RNR_in_dist
37	The cat ate and the girl appreciated Lily .	* cat ( x _ 0 ) ; * girl ( x _ 1 ) ; eat . agent ( x _ 2 , x _ 0 ) AND eat . theme ( x _ 2 , Lily ) AND appreciate . agent ( x _ 3 , x _ 1 ) AND appreciate . theme ( x _ 3 , Lily )	elips_RNR_in_dist
38	A girl ate and the buyer worshipped the boy .	* boy ( x _ 3 ) ; * buyer ( x _ 2 ) ; girl ( x _ 0 ) AND eat . agent ( x _ 4 , x _ 0 ) AND eat . theme ( x _ 4 , x _ 3 ) AND worship . agent ( x _ 5 , x _ 2 ) AND worship . theme ( x _ 5 , x _ 3 )	elips_RNR_in_dist
39	Mia ate and Emma poked Penelope .	eat . agent ( x _ 0 , Mia ) AND eat . theme ( x _ 0 , Penelope ) AND poke . agent ( x _ 1 , Emma ) AND poke . theme ( x _ 1 , Penelope )	elips_RNR_in_dist
40	Joseph worshipped and Olivia appreciated Penelope .	worship . agent ( x _ 0 , Joseph ) AND worship . theme ( x _ 0 , Penelope ) AND appreciate . agent ( x _ 1 , Olivia ) AND appreciate . theme ( x _ 1 , Penelope )	elips_RNR_in_dist
41	Ellie appreciated and the horse helped a girl .	* horse ( x _ 1 ) ; girl ( x _ 2 ) AND appreciate . agent ( x _ 3 , Ellie ) AND appreciate . theme ( x _ 3 , x _ 2 ) AND help . agent ( x _ 4 , x _ 1 ) AND help . theme ( x _ 4 , x _ 2 )	elips_RNR_in_dist
42	The girl ate and Abigail helped Penelope .	* girl ( x _ 0 ) ; eat . agent ( x _ 1 , x _ 0 ) AND eat . theme ( x _ 1 , Penelope ) AND help . agent ( x _ 2 , Abigail ) AND help . theme ( x _ 2 , Penelope )	elips_RNR_in_dist
43	A horse painted and Luna helped Brooklyn .	horse ( x _ 0 ) AND paint . agent ( x _ 1 , x _ 0 ) AND paint . theme ( x _ 1 , Brooklyn ) AND help . agent ( x _ 2 , Luna ) AND help . theme ( x _ 2 , Brooklyn )	elips_RNR_in_dist
44	The dog ate and the girl liked Andrew .	* dog ( x _ 0 ) ; * girl ( x _ 1 ) ; eat . agent ( x _ 2 , x _ 0 ) AND eat . theme ( x _ 2 , Andrew ) AND like . agent ( x _ 3 , x _ 1 ) AND like . theme ( x _ 3 , Andrew )	elips_RNR_in_dist
45	Olivia ate and Emma threw the girl .	* girl ( x _ 1 ) ; eat . agent ( x _ 2 , Olivia ) AND eat . theme ( x _ 2 , x _ 1 ) AND throw . agent ( x _ 3 , Emma ) AND throw . theme ( x _ 3 , x _ 1 )	elips_RNR_in_dist
46	James liked and a duck liked Wyatt .	duck ( x _ 0 ) AND like . agent ( x _ 1 , James ) AND like . theme ( x _ 1 , Wyatt ) AND like . agent ( x _ 2 , x _ 0 ) AND like . theme ( x _ 2 , Wyatt )	elips_RNR_in_dist
47	The girl liked and Levi admired Wyatt .	* girl ( x _ 0 ) ; like . agent ( x _ 1 , x _ 0 ) AND like . theme ( x _ 1 , Wyatt ) AND admire . agent ( x _ 2 , Levi ) AND admire . theme ( x _ 2 , Wyatt )	elips_RNR_in_dist
48	The girl ate and Liam adored John .	* girl ( x _ 0 ) ; eat . agent ( x _ 1 , x _ 0 ) AND eat . theme ( x _ 1 , John ) AND adore . agent ( x _ 2 , Liam ) AND adore . theme ( x _ 2 , John )	elips_RNR_in_dist
49	Liam liked and the patient tolerated a girl .	* patient ( x _ 1 ) ; girl ( x _ 2 ) AND like . agent ( x _ 3 , Liam ) AND like . theme ( x _ 3 , x _ 2 ) AND tolerate . agent ( x _ 4 , x _ 1 ) AND tolerate . theme ( x _ 4 , x _ 2 )	elips_RNR_in_dist
50	The dog liked and Emma liked the girl .	* dog ( x _ 0 ) ; * girl ( x _ 2 ) ; like . agent ( x _ 3 , x _ 0 ) AND like . theme ( x _ 3 , x _ 2 ) AND like . agent ( x _ 4 , Emma ) AND like . theme ( x _ 4 , x _ 2 )	elips_RNR_in_dist
51	A turkey respected and the baby liked Wyatt .	* baby ( x _ 1 ) ; turkey ( x _ 0 ) AND respect . agent ( x _ 2 , x _ 0 ) AND respect . theme ( x _ 2 , Wyatt ) AND like . agent ( x _ 3 , x _ 1 ) AND like . theme ( x _ 3 , Wyatt )	elips_RNR_in_dist
52	The girl nursed and Joseph adored the cat .	* girl ( x _ 0 ) ; * cat ( x _ 2 ) ; nurse . agent ( x _ 3 , x _ 0 ) AND nurse . theme ( x _ 3 , x _ 2 ) AND adore . agent ( x _ 4 , Joseph ) AND adore . theme ( x _ 4 , x _ 2 )	elips_RNR_in_dist
53	Olivia called and a boy liked a king .	king ( x _ 2 ) AND boy ( x _ 1 ) AND call . agent ( x _ 3 , Olivia ) AND call . theme ( x _ 3 , x _ 2 ) AND like . agent ( x _ 4 , x _ 1 ) AND like . theme ( x _ 4 , x _ 2 )	elips_RNR_in_dist
54	A girl appreciated and Emma liked the giraffe .	* giraffe ( x _ 2 ) ; girl ( x _ 0 ) AND appreciate . agent ( x _ 3 , x _ 0 ) AND appreciate . theme ( x _ 3 , x _ 2 ) AND like . agent ( x _ 4 , Emma ) AND like . theme ( x _ 4 , x _ 2 )	elips_RNR_in_dist
55	The king ate and the bear liked a boy .	* king ( x _ 0 ) ; * bear ( x _ 2 ) ; boy ( x _ 3 ) AND eat . agent ( x _ 4 , x _ 0 ) AND eat . theme ( x _ 4 , x _ 3 ) AND like . agent ( x _ 5 , x _ 2 ) AND like . theme ( x _ 5 , x _ 3 )	elips_RNR_in_dist
56	The girl painted and Lucas valued Julian .	* girl ( x _ 0 ) ; paint . agent ( x _ 1 , x _ 0 ) AND paint . theme ( x _ 1 , Julian ) AND value . agent ( x _ 2 , Lucas ) AND value . theme ( x _ 2 , Julian )	elips_RNR_in_dist
57	A dog drew and the fish liked a teacher .	* fish ( x _ 2 ) ; dog ( x _ 0 ) AND teacher ( x _ 3 ) AND draw . agent ( x _ 4 , x _ 0 ) AND draw . theme ( x _ 4 , x _ 3 ) AND like . agent ( x _ 5 , x _ 2 ) AND like . theme ( x _ 5 , x _ 3 )	elips_RNR_in_dist
58	Alexander liked and a girl liked Penelope .	girl ( x _ 0 ) AND like . agent ( x _ 1 , Alexander ) AND like . theme ( x _ 1 , Penelope ) AND like . agent ( x _ 2 , x _ 0 ) AND like . theme ( x _ 2 , Penelope )	elips_RNR_in_dist
59	A boy liked and Jacob liked the lawyer .	* lawyer ( x _ 2 ) ; boy ( x _ 0 ) AND like . agent ( x _ 3 , x _ 0 ) AND like . theme ( x _ 3 , x _ 2 ) AND like . agent ( x _ 4 , Jacob ) AND like . theme ( x _ 4 , x _ 2 )	elips_RNR_in_dist
60	Eleanor liked and the chicken liked Lillian .	* chicken ( x _ 0 ) ; like . agent ( x _ 1 , Eleanor ) AND like . theme ( x _ 1 , Lillian ) AND like . agent ( x _ 2 , x _ 0 ) AND like . theme ( x _ 2 , Lillian )	elips_RNR_in_dist
61	Noah ate and Emma found Lillian .	eat . agent ( x _ 0 , Noah ) AND eat . theme ( x _ 0 , Lillian ) AND find . agent ( x _ 1 , Emma ) AND find . theme ( x _ 1 , Lillian )	elips_RNR_in_dist
62	Amelia threw and a girl poked Aubrey .	girl ( x _ 0 ) AND throw . agent ( x _ 1 , Amelia ) AND throw . theme ( x _ 1 , Aubrey ) AND poke . agent ( x _ 2 , x _ 0 ) AND poke . theme ( x _ 2 , Aubrey )	elips_RNR_in_dist
63	The dog admired and Emma touched Hannah .	* dog ( x _ 0 ) ; admire . agent ( x _ 1 , x _ 0 ) AND admire . theme ( x _ 1 , Hannah ) AND touch . agent ( x _ 2 , Emma ) AND touch . theme ( x _ 2 , Hannah )	elips_RNR_in_dist
64	A bunny ate and Emma loved Ellie .	bunny ( x _ 0 ) AND eat . agent ( x _ 1 , x _ 0 ) AND eat . theme ( x _ 1 , Ellie ) AND love . agent ( x _ 2 , Emma ) AND love . theme ( x _ 2 , Ellie )	elips_RNR_in_dist
65	Emily packed and Emma poked Wyatt .	pack . agent ( x _ 0 , Emily ) AND pack . theme ( x _ 0 , Wyatt ) AND poke . agent ( x _ 1 , Emma ) AND poke . theme ( x _ 1 , Wyatt )	elips_RNR_in_dist
66	Emma hunted and the frog liked the boy .	* boy ( x _ 2 ) ; * frog ( x _ 1 ) ; hunt . agent ( x _ 3 , Emma ) AND hunt . theme ( x _ 3 , x _ 2 ) AND like . agent ( x _ 4 , x _ 1 ) AND like . theme ( x _ 4 , x _ 2 )	elips_RNR_in_dist
67	Emma worshipped and the director adored Penelope .	* director ( x _ 0 ) ; worship . agent ( x _ 1 , Emma ) AND worship . theme ( x _ 1 , Penelope ) AND adore . agent ( x _ 2 , x _ 0 ) AND adore . theme ( x _ 2 , Penelope )	elips_RNR_in_dist
68	William observed and a chicken valued the cat .	* cat ( x _ 2 ) ; chicken ( x _ 1 ) AND observe . agent ( x _ 3 , William ) AND observe . theme ( x _ 3 , x _ 2 ) AND value . agent ( x _ 4 , x _ 1 ) AND value . theme ( x _ 4 , x _ 2 )	elips_RNR_in_dist
69	Mason found and a boy admired Wyatt .	boy ( x _ 0 ) AND find . agent ( x _ 1 , Mason ) AND find . theme ( x _ 1 , Wyatt ) AND admire . agent ( x _ 2 , x _ 0 ) AND admire . theme ( x _ 2 , Wyatt )	elips_RNR_in_dist
70	A baby liked and the hero loved Wyatt .	* hero ( x _ 1 ) ; baby ( x _ 0 ) AND like . agent ( x _ 2 , x _ 0 ) AND like . theme ( x _ 2 , Wyatt ) AND love . agent ( x _ 3 , x _ 1 ) AND love . theme ( x _ 3 , Wyatt )	elips_RNR_in_dist
71	Oliver sketched and the lawyer admired Penelope .	* lawyer ( x _ 0 ) ; sketch . agent ( x _ 1 , Oliver ) AND sketch . theme ( x _ 1 , Penelope ) AND admire . agent ( x _ 2 , x _ 0 ) AND admire . theme ( x _ 2 , Penelope )	elips_RNR_in_dist
72	Liam ate and a boy worshipped Penelope .	boy ( x _ 0 ) AND eat . agent ( x _ 1 , Liam ) AND eat . theme ( x _ 1 , Penelope ) AND worship . agent ( x _ 2 , x _ 0 ) AND worship . theme ( x _ 2 , Penelope )	elips_RNR_in_dist
73	A mother ate and Emma liked Layla .	mother ( x _ 0 ) AND eat . agent ( x _ 1 , x _ 0 ) AND eat . theme ( x _ 1 , Layla ) AND like . agent ( x _ 2 , Emma ) AND like . theme ( x _ 2 , Layla )	elips_RNR_in_dist
74	William liked and the cat helped the girl .	* girl ( x _ 2 ) ; * cat ( x _ 1 ) ; like . agent ( x _ 3 , William ) AND like . theme ( x _ 3 , x _ 2 ) AND help . agent ( x _ 4 , x _ 1 ) AND help . theme ( x _ 4 , x _ 2 )	elips_RNR_in_dist
75	Aurora loved and Lillian stabbed Wyatt .	love . agent ( x _ 0 , Aurora ) AND love . theme ( x _ 0 , Wyatt ) AND stab . agent ( x _ 1 , Lillian ) AND stab . theme ( x _ 1 , Wyatt )	elips_RNR_in_dist
76	A monkey dusted and Emma liked Savannah .	monkey ( x _ 0 ) AND dust . agent ( x _ 1 , x _ 0 ) AND dust . theme ( x _ 1 , Savannah ) AND like . agent ( x _ 2 , Emma ) AND like . theme ( x _ 2 , Savannah )	elips_RNR_in_dist
77	The boy held and a girl threw the cat .	* boy ( x _ 0 ) ; * cat ( x _ 3 ) ; girl ( x _ 2 ) AND hold . agent ( x _ 4 , x _ 0 ) AND hold . theme ( x _ 4 , x _ 3 ) AND throw . agent ( x _ 5 , x _ 2 ) AND throw . theme ( x _ 5 , x _ 3 )	elips_RNR_in_dist
78	Oliver liked and Liam discovered Wyatt .	like . agent ( x _ 0 , Oliver ) AND like . theme ( x _ 0 , Wyatt ) AND discover . agent ( x _ 1 , Liam ) AND discover . theme ( x _ 1 , Wyatt )	elips_RNR_in_dist
79	Emma tolerated and Charlotte liked the cat .	* cat ( x _ 1 ) ; tolerate . agent ( x _ 2 , Emma ) AND tolerate . theme ( x _ 2 , x _ 1 ) AND like . agent ( x _ 3 , Charlotte ) AND like . theme ( x _ 3 , x _ 1 )	elips_RNR_in_dist
80	Emma threw and a girl helped Lincoln .	girl ( x _ 0 ) AND throw . agent ( x _ 1 , Emma ) AND throw . theme ( x _ 1 , Lincoln ) AND help . agent ( x _ 2 , x _ 0 ) AND help . theme ( x _ 2 , Lincoln )	elips_RNR_in_dist
81	The cat touched and Ethan admired the girl .	* cat ( x _ 0 ) ; * girl ( x _ 2 ) ; touch . agent ( x _ 3 , x _ 0 ) AND touch . theme ( x _ 3 , x _ 2 ) AND admire . agent ( x _ 4 , Ethan ) AND admire . theme ( x _ 4 , x _ 2 )	elips_RNR_in_dist
82	Olivia ate and the chicken liked the child .	* child ( x _ 2 ) ; * chicken ( x _ 1 ) ; eat . agent ( x _ 3 , Olivia ) AND eat . theme ( x _ 3 , x _ 2 ) AND like . agent ( x _ 4 , x _ 1 ) AND like . theme ( x _ 4 , x _ 2 )	elips_RNR_in_dist
83	Charlotte tolerated and a cat found Wyatt .	cat ( x _ 0 ) AND tolerate . agent ( x _ 1 , Charlotte ) AND tolerate . theme ( x _ 1 , Wyatt ) AND find . agent ( x _ 2 , x _ 0 ) AND find . theme ( x _ 2 , Wyatt )	elips_RNR_in_dist
84	Mila respected and Liam found the girl .	* girl ( x _ 1 ) ; respect . agent ( x _ 2 , Mila ) AND respect . theme ( x _ 2 , x _ 1 ) AND find . agent ( x _ 3 , Liam ) AND find . theme ( x _ 3 , x _ 1 )	elips_RNR_in_dist
85	A guest found and the lamb liked Penelope .	* lamb ( x _ 1 ) ; guest ( x _ 0 ) AND find . agent ( x _ 2 , x _ 0 ) AND find . theme ( x _ 2 , Penelope ) AND like . agent ( x _ 3 , x _ 1 ) AND like . theme ( x _ 3 , Penelope )	elips_RNR_in_dist
86	Mia hunted and Olivia liked the teacher .	* teacher ( x _ 1 ) ; hunt . agent ( x _ 2 , Mia ) AND hunt . theme ( x _ 2 , x _ 1 ) AND like . agent ( x _ 3 , Olivia ) AND like . theme ( x _ 3 , x _ 1 )	elips_RNR_in_dist
87	A child ate and Liam valued a girl .	child ( x _ 0 ) AND girl ( x _ 2 ) AND eat . agent ( x _ 3 , x _ 0 ) AND eat . theme ( x _ 3 , x _ 2 ) AND value . agent ( x _ 4 , Liam ) AND value . theme ( x _ 4 , x _ 2 )	elips_RNR_in_dist
88	A duck juggled and Emma held Wyatt .	duck ( x _ 0 ) AND juggle . agent ( x _ 1 , x _ 0 ) AND juggle . theme ( x _ 1 , Wyatt ) AND hold . agent ( x _ 2 , Emma ) AND hold . theme ( x _ 2 , Wyatt )	elips_RNR_in_dist
89	The hen observed and the chief helped a patient .	* hen ( x _ 0 ) ; * chief ( x _ 2 ) ; patient ( x _ 3 ) AND observe . agent ( x _ 4 , x _ 0 ) AND observe . theme ( x _ 4 , x _ 3 ) AND help . agent ( x _ 5 , x _ 2 ) AND help . theme ( x _ 5 , x _ 3 )	elips_RNR_in_dist
90	A writer painted and Emma liked a girl .	writer ( x _ 0 ) AND girl ( x _ 2 ) AND paint . agent ( x _ 3 , x _ 0 ) AND paint . theme ( x _ 3 , x _ 2 ) AND like . agent ( x _ 4 , Emma ) AND like . theme ( x _ 4 , x _ 2 )	elips_RNR_in_dist
91	The host noticed and a girl held the dog .	* host ( x _ 0 ) ; * dog ( x _ 3 ) ; girl ( x _ 2 ) AND notice . agent ( x _ 4 , x _ 0 ) AND notice . theme ( x _ 4 , x _ 3 ) AND hold . agent ( x _ 5 , x _ 2 ) AND hold . theme ( x _ 5 , x _ 3 )	elips_RNR_in_dist
92	The boy liked and the scientist poked Eleanor .	* boy ( x _ 0 ) ; * scientist ( x _ 1 ) ; like . agent ( x _ 2 , x _ 0 ) AND like . theme ( x _ 2 , Eleanor ) AND poke . agent ( x _ 3 , x _ 1 ) AND poke . theme ( x _ 3 , Eleanor )	elips_RNR_in_dist
93	Charlotte juggled and Noah liked the boy .	* boy ( x _ 1 ) ; juggle . agent ( x _ 2 , Charlotte ) AND juggle . theme ( x _ 2 , x _ 1 ) AND like . agent ( x _ 3 , Noah ) AND like . theme ( x _ 3 , x _ 1 )	elips_RNR_in_dist
94	The girl stabbed and the duck liked a boy .	* girl ( x _ 0 ) ; * duck ( x _ 2 ) ; boy ( x _ 3 ) AND stab . agent ( x _ 4 , x _ 0 ) AND stab . theme ( x _ 4 , x _ 3 ) AND like . agent ( x _ 5 , x _ 2 ) AND like . theme ( x _ 5 , x _ 3 )	elips_RNR_in_dist
95	A boy noticed and a cat liked Nathan .	boy ( x _ 0 ) AND cat ( x _ 1 ) AND notice . agent ( x _ 2 , x _ 0 ) AND notice . theme ( x _ 2 , Nathan ) AND like . agent ( x _ 3 , x _ 1 ) AND like . theme ( x _ 3 , Nathan )	elips_RNR_in_dist
96	The deer cooked and Emma tossed the dog .	* deer ( x _ 0 ) ; * dog ( x _ 2 ) ; cook . agent ( x _ 3 , x _ 0 ) AND cook . theme ( x _ 3 , x _ 2 ) AND toss . agent ( x _ 4 , Emma ) AND toss . theme ( x _ 4 , x _ 2 )	elips_RNR_in_dist
97	Levi nursed and Matthew worshipped the bird .	* bird ( x _ 1 ) ; nurse . agent ( x _ 2 , Levi ) AND nurse . theme ( x _ 2 , x _ 1 ) AND worship . agent ( x _ 3 , Matthew ) AND worship . theme ( x _ 3 , x _ 1 )	elips_RNR_in_dist
98	Charlotte tossed and Emma respected Penelope .	toss . agent ( x _ 0 , Charlotte ) AND toss . theme ( x _ 0 , Penelope ) AND respect . agent ( x _ 1 , Emma ) AND respect . theme ( x _ 1 , Penelope )	elips_RNR_in_dist
99	Emma tolerated and a cat touched Zoey .	cat ( x _ 0 ) AND tolerate . agent ( x _ 1 , Emma ) AND tolerate . theme ( x _ 1 , Zoey ) AND touch . agent ( x _ 2 , x _ 0 ) AND touch . theme ( x _ 2 , Zoey )	elips_RNR_in_dist
100	A dog liked and Liam liked Layla .	dog ( x _ 0 ) AND like . agent ( x _ 1 , x _ 0 ) AND like . theme ( x _ 1 , Layla ) AND like . agent ( x _ 2 , Liam ) AND like . theme ( x _ 2 , Layla )	elips_RNR_in_dist
101	The girl liked and Isabella found Bella .	* girl ( x _ 0 ) ; like . agent ( x _ 1 , x _ 0 ) AND like . theme ( x _ 1 , Bella ) AND find . agent ( x _ 2 , Isabella ) AND find . theme ( x _ 2 , Bella )	elips_RNR_in_dist
102	Olivia helped and a monkey helped a cat .	cat ( x _ 2 ) AND monkey ( x _ 1 ) AND help . agent ( x _ 3 , Olivia ) AND help . theme ( x _ 3 , x _ 2 ) AND help . agent ( x _ 4 , x _ 1 ) AND help . theme ( x _ 4 , x _ 2 )	elips_RNR_in_dist
103	William dusted and Olivia helped a teacher .	teacher ( x _ 1 ) AND dust . agent ( x _ 2 , William ) AND dust . theme ( x _ 2 , x _ 1 ) AND help . agent ( x _ 3 , Olivia ) AND help . theme ( x _ 3 , x _ 1 )	elips_RNR_in_dist
104	A lion painted and Liam tossed Jaxon .	lion ( x _ 0 ) AND paint . agent ( x _ 1 , x _ 0 ) AND paint . theme ( x _ 1 , Jaxon ) AND toss . agent ( x _ 2 , Liam ) AND toss . theme ( x _ 2 , Jaxon )	elips_RNR_in_dist
105	A baby liked and Zoey stabbed Nora .	baby ( x _ 0 ) AND like . agent ( x _ 1 , x _ 0 ) AND like . theme ( x _ 1 , Nora ) AND stab . agent ( x _ 2 , Zoey ) AND stab . theme ( x _ 2 , Nora )	elips_RNR_in_dist
106	Mateo ate and the manager stabbed Penelope .	* manager ( x _ 0 ) ; eat . agent ( x _ 1 , Mateo ) AND eat . theme ( x _ 1 , Penelope ) AND stab . agent ( x _ 2 , x _ 0 ) AND stab . theme ( x _ 2 , Penelope )	elips_RNR_in_dist
107	A frog respected and Ava liked a monkey .	frog ( x _ 0 ) AND monkey ( x _ 2 ) AND respect . agent ( x _ 3 , x _ 0 ) AND respect . theme ( x _ 3 , x _ 2 ) AND like . agent ( x _ 4 , Ava ) AND like . theme ( x _ 4 , x _ 2 )	elips_RNR_in_dist
108	Liam valued and the girl liked Luke .	* girl ( x _ 0 ) ; value . agent ( x _ 1 , Liam ) AND value . theme ( x _ 1 , Luke ) AND like . agent ( x _ 2 , x _ 0 ) AND like . theme ( x _ 2 , Luke )	elips_RNR_in_dist
109	Olivia heard and a boy found Gabriel .	boy ( x _ 0 ) AND hear . agent ( x _ 1 , Olivia ) AND hear . theme ( x _ 1 , Gabriel ) AND find . agent ( x _ 2 , x _ 0 ) AND find . theme ( x _ 2 , Gabriel )	elips_RNR_in_dist
110	The boy ate and the baby liked a girl .	* boy ( x _ 0 ) ; * baby ( x _ 2 ) ; girl ( x _ 3 ) AND eat . agent ( x _ 4 , x _ 0 ) AND eat . theme ( x _ 4 , x _ 3 ) AND like . agent ( x _ 5 , x _ 2 ) AND like . theme ( x _ 5 , x _ 3 )	elips_RNR_in_dist
111	A girl helped and Olivia liked Penelope .	girl ( x _ 0 ) AND help . agent ( x _ 1 , x _ 0 ) AND help . theme ( x _ 1 , Penelope ) AND like . agent ( x _ 2 , Olivia ) AND like . theme ( x _ 2 , Penelope )	elips_RNR_in_dist
112	Victoria hunted and Mila helped a cat .	cat ( x _ 1 ) AND hunt . agent ( x _ 2 , Victoria ) AND hunt . theme ( x _ 2 , x _ 1 ) AND help . agent ( x _ 3 , Mila ) AND help . theme ( x _ 3 , x _ 1 )	elips_RNR_in_dist
113	The consumer liked and Emma liked the mouse .	* consumer ( x _ 0 ) ; * mouse ( x _ 2 ) ; like . agent ( x _ 3 , x _ 0 ) AND like . theme ( x _ 3 , x _ 2 ) AND like . agent ( x _ 4 , Emma ) AND like . theme ( x _ 4 , x _ 2 )	elips_RNR_in_dist
114	Jackson helped and Caleb liked the mouse .	* mouse ( x _ 1 ) ; help . agent ( x _ 2 , Jackson ) AND help . theme ( x _ 2 , x _ 1 ) AND like . agent ( x _ 3 , Caleb ) AND like . theme ( x _ 3 , x _ 1 )	elips_RNR_in_dist
115	A dog painted and a bird found Penelope .	dog ( x _ 0 ) AND bird ( x _ 1 ) AND paint . agent ( x _ 2 , x _ 0 ) AND paint . theme ( x _ 2 , Penelope ) AND find . agent ( x _ 3 , x _ 1 ) AND find . theme ( x _ 3 , Penelope )	elips_RNR_in_dist
116	The passenger liked and Emma liked a manager .	* passenger ( x _ 0 ) ; manager ( x _ 2 ) AND like . agent ( x _ 3 , x _ 0 ) AND like . theme ( x _ 3 , x _ 2 ) AND like . agent ( x _ 4 , Emma ) AND like . theme ( x _ 4 , x _ 2 )	elips_RNR_in_dist
117	William liked and Emma helped Layla .	like . agent ( x _ 0 , William ) AND like . theme ( x _ 0 , Layla ) AND help . agent ( x _ 1 , Emma ) AND help . theme ( x _ 1 , Layla )	elips_RNR_in_dist
118	William ate and Liam worshipped Penelope .	eat . agent ( x _ 0 , William ) AND eat . theme ( x _ 0 , Penelope ) AND worship . agent ( x _ 1 , Liam ) AND worship . theme ( x _ 1 , Penelope )	elips_RNR_in_dist
119	The princess ate and a girl respected Wyatt .	* princess ( x _ 0 ) ; girl ( x _ 1 ) AND eat . agent ( x _ 2 , x _ 0 ) AND eat . theme ( x _ 2 , Wyatt ) AND respect . agent ( x _ 3 , x _ 1 ) AND respect . theme ( x _ 3 , Wyatt )	elips_RNR_in_dist
120	The fly found and the baby found Penelope .	* fly ( x _ 0 ) ; * baby ( x _ 1 ) ; find . agent ( x _ 2 , x _ 0 ) AND find . theme ( x _ 2 , Penelope ) AND find . agent ( x _ 3 , x _ 1 ) AND find . theme ( x _ 3 , Penelope )	elips_RNR_in_dist
121	Layla liked and Emma liked a horse .	horse ( x _ 1 ) AND like . agent ( x _ 2 , Layla ) AND like . theme ( x _ 2 , x _ 1 ) AND like . agent ( x _ 3 , Emma ) AND like . theme ( x _ 3 , x _ 1 )	elips_RNR_in_dist
122	A girl liked and Emma liked a queen .	girl ( x _ 0 ) AND queen ( x _ 2 ) AND like . agent ( x _ 3 , x _ 0 ) AND like . theme ( x _ 3 , x _ 2 ) AND like . agent ( x _ 4 , Emma ) AND like . theme ( x _ 4 , x _ 2 )	elips_RNR_in_dist
123	A cat ate and Liam liked Penelope .	cat ( x _ 0 ) AND eat . agent ( x _ 1 , x _ 0 ) AND eat . theme ( x _ 1 , Penelope ) AND like . agent ( x _ 2 , Liam ) AND like . theme ( x _ 2 , Penelope )	elips_RNR_in_dist
124	A professor painted and Noah discovered a mouse .	professor ( x _ 0 ) AND mouse ( x _ 2 ) AND paint . agent ( x _ 3 , x _ 0 ) AND paint . theme ( x _ 3 , x _ 2 ) AND discover . agent ( x _ 4 , Noah ) AND discover . theme ( x _ 4 , x _ 2 )	elips_RNR_in_dist
125	The girl knew and the boy found the cat .	* girl ( x _ 0 ) ; * cat ( x _ 3 ) ; * boy ( x _ 2 ) ; know . agent ( x _ 4 , x _ 0 ) AND know . theme ( x _ 4 , x _ 3 ) AND find . agent ( x _ 5 , x _ 2 ) AND find . theme ( x _ 5 , x _ 3 )	elips_RNR_in_dist
126	Emma dusted and Liam adored a girl .	girl ( x _ 1 ) AND dust . agent ( x _ 2 , Emma ) AND dust . theme ( x _ 2 , x _ 1 ) AND adore . agent ( x _ 3 , Liam ) AND adore . theme ( x _ 3 , x _ 1 )	elips_RNR_in_dist
127	Noah painted and the baby poked the patient .	* patient ( x _ 2 ) ; * baby ( x _ 1 ) ; paint . agent ( x _ 3 , Noah ) AND paint . theme ( x _ 3 , x _ 2 ) AND poke . agent ( x _ 4 , x _ 1 ) AND poke . theme ( x _ 4 , x _ 2 )	elips_RNR_in_dist
128	A boy examined and a dealer helped the girl .	* girl ( x _ 3 ) ; boy ( x _ 0 ) AND dealer ( x _ 2 ) AND examine . agent ( x _ 4 , x _ 0 ) AND examine . theme ( x _ 4 , x _ 3 ) AND help . agent ( x _ 5 , x _ 2 ) AND help . theme ( x _ 5 , x _ 3 )	elips_RNR_in_dist
129	A bear ate and Matthew adored Riley .	bear ( x _ 0 ) AND eat . agent ( x _ 1 , x _ 0 ) AND eat . theme ( x _ 1 , Riley ) AND adore . agent ( x _ 2 , Matthew ) AND adore . theme ( x _ 2 , Riley )	elips_RNR_in_dist
130	The boy nursed and the horse helped the girl .	* boy ( x _ 0 ) ; * girl ( x _ 3 ) ; * horse ( x _ 2 ) ; nurse . agent ( x _ 4 , x _ 0 ) AND nurse . theme ( x _ 4 , x _ 3 ) AND help . agent ( x _ 5 , x _ 2 ) AND help . theme ( x _ 5 , x _ 3 )	elips_RNR_in_dist
131	Emma observed and a girl adored a father .	father ( x _ 2 ) AND girl ( x _ 1 ) AND observe . agent ( x _ 3 , Emma ) AND observe . theme ( x _ 3 , x _ 2 ) AND adore . agent ( x _ 4 , x _ 1 ) AND adore . theme ( x _ 4 , x _ 2 )	elips_RNR_in_dist
132	A giraffe loved and Liam liked Layla .	giraffe ( x _ 0 ) AND love . agent ( x _ 1 , x _ 0 ) AND love . theme ( x _ 1 , Layla ) AND like . agent ( x _ 2 , Liam ) AND like . theme ( x _ 2 , Layla )	elips_RNR_in_dist
133	The girl ate and Liam tolerated the goose .	* girl ( x _ 0 ) ; * goose ( x _ 2 ) ; eat . agent ( x _ 3 , x _ 0 ) AND eat . theme ( x _ 3 , x _ 2 ) AND tolerate . agent ( x _ 4 , Liam ) AND tolerate . theme ( x _ 4 , x _ 2 )	elips_RNR_in_dist
134	A frog liked and a duck liked the girl .	* girl ( x _ 3 ) ; frog ( x _ 0 ) AND duck ( x _ 2 ) AND like . agent ( x _ 4 , x _ 0 ) AND like . theme ( x _ 4 , x _ 3 ) AND like . agent ( x _ 5 , x _ 2 ) AND like . theme ( x _ 5 , x _ 3 )	elips_RNR_in_dist
135	Joshua respected and the child adored the girl .	* girl ( x _ 2 ) ; * child ( x _ 1 ) ; respect . agent ( x _ 3 , Joshua ) AND respect . theme ( x _ 3 , x _ 2 ) AND adore . agent ( x _ 4 , x _ 1 ) AND adore . theme ( x _ 4 , x _ 2 )	elips_RNR_in_dist
136	A girl cleaned and Violet discovered Penelope .	girl ( x _ 0 ) AND clean . agent ( x _ 1 , x _ 0 ) AND clean . theme ( x _ 1 , Penelope ) AND discover . agent ( x _ 2 , Violet ) AND discover . theme ( x _ 2 , Penelope )	elips_RNR_in_dist
137	The pupil cleaned and Michael tossed a hen .	* pupil ( x _ 0 ) ; hen ( x _ 2 ) AND clean . agent ( x _ 3 , x _ 0 ) AND clean . theme ( x _ 3 , x _ 2 ) AND toss . agent ( x _ 4 , Michael ) AND toss . theme ( x _ 4 , x _ 2 )	elips_RNR_in_dist
138	The politician helped and the moose liked the girl .	* politician ( x _ 0 ) ; * girl ( x _ 3 ) ; * moose ( x _ 2 ) ; help . agent ( x _ 4 , x _ 0 ) AND help . theme ( x _ 4 , x _ 3 ) AND like . agent ( x _ 5 , x _ 2 ) AND like . theme ( x _ 5 , x _ 3 )	elips_RNR_in_dist
139	Henry touched and a bird liked a cat .	cat ( x _ 2 ) AND bird ( x _ 1 ) AND touch . agent ( x _ 3 , Henry ) AND touch . theme ( x _ 3 , x _ 2 ) AND like . agent ( x _ 4 , x _ 1 ) AND like . theme ( x _ 4 , x _ 2 )	elips_RNR_in_dist
140	The dog ate and the cat found the boy .	* dog ( x _ 0 ) ; * boy ( x _ 3 ) ; * cat ( x _ 2 ) ; eat . agent ( x _ 4 , x _ 0 ) AND eat . theme ( x _ 4 , x _ 3 ) AND find . agent ( x _ 5 , x _ 2 ) AND find . theme ( x _ 5 , x _ 3 )	elips_RNR_in_dist
141	Amelia ate and the girl liked Asher .	* girl ( x _ 0 ) ; eat . agent ( x _ 1 , Amelia ) AND eat . theme ( x _ 1 , Asher ) AND like . agent ( x _ 2 , x _ 0 ) AND like . theme ( x _ 2 , Asher )	elips_RNR_in_dist
142	A turkey ate and Liam found Luke .	turkey ( x _ 0 ) AND eat . agent ( x _ 1 , x _ 0 ) AND eat . theme ( x _ 1 , Luke ) AND find . agent ( x _ 2 , Liam ) AND find . theme ( x _ 2 , Luke )	elips_RNR_in_dist
143	Emma liked and Olivia liked a cat .	cat ( x _ 1 ) AND like . agent ( x _ 2 , Emma ) AND like . theme ( x _ 2 , x _ 1 ) AND like . agent ( x _ 3 , Olivia ) AND like . theme ( x _ 3 , x _ 1 )	elips_RNR_in_dist
144	Liam studied and Ethan valued the baby .	* baby ( x _ 1 ) ; study . agent ( x _ 2 , Liam ) AND study . theme ( x _ 2 , x _ 1 ) AND value . agent ( x _ 3 , Ethan ) AND value . theme ( x _ 3 , x _ 1 )	elips_RNR_in_dist
145	Emma liked and a lion loved the girl .	* girl ( x _ 2 ) ; lion ( x _ 1 ) AND like . agent ( x _ 3 , Emma ) AND like . theme ( x _ 3 , x _ 2 ) AND love . agent ( x _ 4 , x _ 1 ) AND love . theme ( x _ 4 , x _ 2 )	elips_RNR_in_dist
146	The cat ate and the teacher stabbed Addison .	* cat ( x _ 0 ) ; * teacher ( x _ 1 ) ; eat . agent ( x _ 2 , x _ 0 ) AND eat . theme ( x _ 2 , Addison ) AND stab . agent ( x _ 3 , x _ 1 ) AND stab . theme ( x _ 3 , Addison )	elips_RNR_in_dist
147	The horse found and a puppy liked Penelope .	* horse ( x _ 0 ) ; puppy ( x _ 1 ) AND find . agent ( x _ 2 , x _ 0 ) AND find . theme ( x _ 2 , Penelope ) AND like . agent ( x _ 3 , x _ 1 ) AND like . theme ( x _ 3 , Penelope )	elips_RNR_in_dist
148	Emma studied and the boy appreciated Lillian .	* boy ( x _ 0 ) ; study . agent ( x _ 1 , Emma ) AND study . theme ( x _ 1 , Lillian ) AND appreciate . agent ( x _ 2 , x _ 0 ) AND appreciate . theme ( x _ 2 , Lillian )	elips_RNR_in_dist
149	A boy ate and a girl liked Penelope .	boy ( x _ 0 ) AND girl ( x _ 1 ) AND eat . agent ( x _ 2 , x _ 0 ) AND eat . theme ( x _ 2 , Penelope ) AND like . agent ( x _ 3 , x _ 1 ) AND like . theme ( x _ 3 , Penelope )	elips_RNR_in_dist
150	The girl liked and the crocodile helped a teacher .	* girl ( x _ 0 ) ; * crocodile ( x _ 2 ) ; teacher ( x _ 3 ) AND like . agent ( x _ 4 , x _ 0 ) AND like . theme ( x _ 4 , x _ 3 ) AND help . agent ( x _ 5 , x _ 2 ) AND help . theme ( x _ 5 , x _ 3 )	elips_RNR_in_dist
151	A puppy ate and a dog liked Penelope .	puppy ( x _ 0 ) AND dog ( x _ 1 ) AND eat . agent ( x _ 2 , x _ 0 ) AND eat . theme ( x _ 2 , Penelope ) AND like . agent ( x _ 3 , x _ 1 ) AND like . theme ( x _ 3 , Penelope )	elips_RNR_in_dist
152	A sheep noticed and Liam liked Wyatt .	sheep ( x _ 0 ) AND notice . agent ( x _ 1 , x _ 0 ) AND notice . theme ( x _ 1 , Wyatt ) AND like . agent ( x _ 2 , Liam ) AND like . theme ( x _ 2 , Wyatt )	elips_RNR_in_dist
153	Noah ate and Emma liked Layla .	eat . agent ( x _ 0 , Noah ) AND eat . theme ( x _ 0 , Layla ) AND like . agent ( x _ 1 , Emma ) AND like . theme ( x _ 1 , Layla )	elips_RNR_in_dist
154	The mouse ate and Emma discovered Wyatt .	* mouse ( x _ 0 ) ; eat . agent ( x _ 1 , x _ 0 ) AND eat . theme ( x _ 1 , Wyatt ) AND discover . agent ( x _ 2 , Emma ) AND discover . theme ( x _ 2 , Wyatt )	elips_RNR_in_dist
155	The lamb liked and Jacob pierced Jack .	* lamb ( x _ 0 ) ; like . agent ( x _ 1 , x _ 0 ) AND like . theme ( x _ 1 , Jack ) AND pierce . agent ( x _ 2 , Jacob ) AND pierce . theme ( x _ 2 , Jack )	elips_RNR_in_dist
156	Abigail painted and Jacob appreciated Jayden .	paint . agent ( x _ 0 , Abigail ) AND paint . theme ( x _ 0 , Jayden ) AND appreciate . agent ( x _ 1 , Jacob ) AND appreciate . theme ( x _ 1 , Jayden )	elips_RNR_in_dist
157	Liam ate and the lion adored the girl .	* girl ( x _ 2 ) ; * lion ( x _ 1 ) ; eat . agent ( x _ 3 , Liam ) AND eat . theme ( x _ 3 , x _ 2 ) AND adore . agent ( x _ 4 , x _ 1 ) AND adore . theme ( x _ 4 , x _ 2 )	elips_RNR_in_dist
158	The baby liked and Emma liked a boy .	* baby ( x _ 0 ) ; boy ( x _ 2 ) AND like . agent ( x _ 3 , x _ 0 ) AND like . theme ( x _ 3 , x _ 2 ) AND like . agent ( x _ 4 , Emma ) AND like . theme ( x _ 4 , x _ 2 )	elips_RNR_in_dist
159	Liam touched and a girl appreciated the boy .	* boy ( x _ 2 ) ; girl ( x _ 1 ) AND touch . agent ( x _ 3 , Liam ) AND touch . theme ( x _ 3 , x _ 2 ) AND appreciate . agent ( x _ 4 , x _ 1 ) AND appreciate . theme ( x _ 4 , x _ 2 )	elips_RNR_in_dist
160	The mother poked and the buyer liked a dog .	* mother ( x _ 0 ) ; * buyer ( x _ 2 ) ; dog ( x _ 3 ) AND poke . agent ( x _ 4 , x _ 0 ) AND poke . theme ( x _ 4 , x _ 3 ) AND like . agent ( x _ 5 , x _ 2 ) AND like . theme ( x _ 5 , x _ 3 )	elips_RNR_in_dist
161	A teacher ate and the girl helped Penelope .	* girl ( x _ 1 ) ; teacher ( x _ 0 ) AND eat . agent ( x _ 2 , x _ 0 ) AND eat . theme ( x _ 2 , Penelope ) AND help . agent ( x _ 3 , x _ 1 ) AND help . theme ( x _ 3 , Penelope )	elips_RNR_in_dist
162	A creature liked and Noah adored Penelope .	creature ( x _ 0 ) AND like . agent ( x _ 1 , x _ 0 ) AND like . theme ( x _ 1 , Penelope ) AND adore . agent ( x _ 2 , Noah ) AND adore . theme ( x _ 2 , Penelope )	elips_RNR_in_dist
163	Ava loved and the dog liked Lily .	* dog ( x _ 0 ) ; love . agent ( x _ 1 , Ava ) AND love . theme ( x _ 1 , Lily ) AND like . agent ( x _ 2 , x _ 0 ) AND like . theme ( x _ 2 , Lily )	elips_RNR_in_dist
164	A monkey threw and Emma found a girl .	monkey ( x _ 0 ) AND girl ( x _ 2 ) AND throw . agent ( x _ 3 , x _ 0 ) AND throw . theme ( x _ 3 , x _ 2 ) AND find . agent ( x _ 4 , Emma ) AND find . theme ( x _ 4 , x _ 2 )	elips_RNR_in_dist
165	Hannah drew and a girl discovered Dylan .	girl ( x _ 0 ) AND draw . agent ( x _ 1 , Hannah ) AND draw . theme ( x _ 1 , Dylan ) AND discover . agent ( x _ 2 , x _ 0 ) AND discover . theme ( x _ 2 , Dylan )	elips_RNR_in_dist
166	A girl helped and Julian adored a kitty .	girl ( x _ 0 ) AND kitty ( x _ 2 ) AND help . agent ( x _ 3 , x _ 0 ) AND help . theme ( x _ 3 , x _ 2 ) AND adore . agent ( x _ 4 , Julian ) AND adore . theme ( x _ 4 , x _ 2 )	elips_RNR_in_dist
167	William touched and a girl held Jack .	girl ( x _ 0 ) AND touch . agent ( x _ 1 , William ) AND touch . theme ( x _ 1 , Jack ) AND hold . agent ( x _ 2 , x _ 0 ) AND hold . theme ( x _ 2 , Jack )	elips_RNR_in_dist
168	A hero adored and a baby liked Lincoln .	hero ( x _ 0 ) AND baby ( x _ 1 ) AND adore . agent ( x _ 2 , x _ 0 ) AND adore . theme ( x _ 2 , Lincoln ) AND like . agent ( x _ 3 , x _ 1 ) AND like . theme ( x _ 3 , Lincoln )	elips_RNR_in_dist
169	Lincoln adored and Christopher helped Layla .	adore . agent ( x _ 0 , Lincoln ) AND adore . theme ( x _ 0 , Layla ) AND help . agent ( x _ 1 , Christopher ) AND help . theme ( x _ 1 , Layla )	elips_RNR_in_dist
170	A girl liked and Aiden pierced Penelope .	girl ( x _ 0 ) AND like . agent ( x _ 1 , x _ 0 ) AND like . theme ( x _ 1 , Penelope ) AND pierce . agent ( x _ 2 , Aiden ) AND pierce . theme ( x _ 2 , Penelope )	elips_RNR_in_dist
171	Julian noticed and Emma found a tiger .	tiger ( x _ 1 ) AND notice . agent ( x _ 2 , Julian ) AND notice . theme ( x _ 2 , x _ 1 ) AND find . agent ( x _ 3 , Emma ) AND find . theme ( x _ 3 , x _ 1 )	elips_RNR_in_dist
172	Emma pierced and the pupil loved Penelope .	* pupil ( x _ 0 ) ; pierce . agent ( x _ 1 , Emma ) AND pierce . theme ( x _ 1 , Penelope ) AND love . agent ( x _ 2 , x _ 0 ) AND love . theme ( x _ 2 , Penelope )	elips_RNR_in_dist
173	Aria held and a girl loved the boy .	* boy ( x _ 2 ) ; girl ( x _ 1 ) AND hold . agent ( x _ 3 , Aria ) AND hold . theme ( x _ 3 , x _ 2 ) AND love . agent ( x _ 4 , x _ 1 ) AND love . theme ( x _ 4 , x _ 2 )	elips_RNR_in_dist
174	Emma held and Noah liked a boy .	boy ( x _ 1 ) AND hold . agent ( x _ 2 , Emma ) AND hold . theme ( x _ 2 , x _ 1 ) AND like . agent ( x _ 3 , Noah ) AND like . theme ( x _ 3 , x _ 1 )	elips_RNR_in_dist
175	A boy ate and a girl missed Penelope .	boy ( x _ 0 ) AND girl ( x _ 1 ) AND eat . agent ( x _ 2 , x _ 0 ) AND eat . theme ( x _ 2 , Penelope ) AND miss . agent ( x _ 3 , x _ 1 ) AND miss . theme ( x _ 3 , Penelope )	elips_RNR_in_dist
176	Skylar knew and Olivia liked the boy .	* boy ( x _ 1 ) ; know . agent ( x _ 2 , Skylar ) AND know . theme ( x _ 2 , x _ 1 ) AND like . agent ( x _ 3 , Olivia ) AND like . theme ( x _ 3 , x _ 1 )	elips_RNR_in_dist
177	Olivia investigated and a moose loved Wyatt .	moose ( x _ 0 ) AND investigate . agent ( x _ 1 , Olivia ) AND investigate . theme ( x _ 1 , Wyatt ) AND love . agent ( x _ 2 , x _ 0 ) AND love . theme ( x _ 2 , Wyatt )	elips_RNR_in_dist
178	A queen ate and Dylan liked Penelope .	queen ( x _ 0 ) AND eat . agent ( x _ 1 , x _ 0 ) AND eat . theme ( x _ 1 , Penelope ) AND like . agent ( x _ 2 , Dylan ) AND like . theme ( x _ 2 , Penelope )	elips_RNR_in_dist
179	Julian ate and Emma valued a girl .	girl ( x _ 1 ) AND eat . agent ( x _ 2 , Julian ) AND eat . theme ( x _ 2 , x _ 1 ) AND value . agent ( x _ 3 , Emma ) AND value . theme ( x _ 3 , x _ 1 )	elips_RNR_in_dist
180	Emily liked and the boy admired Penelope .	* boy ( x _ 0 ) ; like . agent ( x _ 1 , Emily ) AND like . theme ( x _ 1 , Penelope ) AND admire . agent ( x _ 2 , x _ 0 ) AND admire . theme ( x _ 2 , Penelope )	elips_RNR_in_dist
181	The president loved and Emma poked Penelope .	* president ( x _ 0 ) ; love . agent ( x _ 1 , x _ 0 ) AND love . theme ( x _ 1 , Penelope ) AND poke . agent ( x _ 2 , Emma ) AND poke . theme ( x _ 2 , Penelope )	elips_RNR_in_dist
182	The girl painted and Harper liked Penelope .	* girl ( x _ 0 ) ; paint . agent ( x _ 1 , x _ 0 ) AND paint . theme ( x _ 1 , Penelope ) AND like . agent ( x _ 2 , Harper ) AND like . theme ( x _ 2 , Penelope )	elips_RNR_in_dist
183	The dog loved and Noah poked the baby .	* dog ( x _ 0 ) ; * baby ( x _ 2 ) ; love . agent ( x _ 3 , x _ 0 ) AND love . theme ( x _ 3 , x _ 2 ) AND poke . agent ( x _ 4 , Noah ) AND poke . theme ( x _ 4 , x _ 2 )	elips_RNR_in_dist
184	A writer liked and Emma poked Dylan .	writer ( x _ 0 ) AND like . agent ( x _ 1 , x _ 0 ) AND like . theme ( x _ 1 , Dylan ) AND poke . agent ( x _ 2 , Emma ) AND poke . theme ( x _ 2 , Dylan )	elips_RNR_in_dist
185	Savannah liked and the resident helped the cat .	* cat ( x _ 2 ) ; * resident ( x _ 1 ) ; like . agent ( x _ 3 , Savannah ) AND like . theme ( x _ 3 , x _ 2 ) AND help . agent ( x _ 4 , x _ 1 ) AND help . theme ( x _ 4 , x _ 2 )	elips_RNR_in_dist
186	Emma cooked and Olivia liked Wyatt .	cook . agent ( x _ 0 , Emma ) AND cook . theme ( x _ 0 , Wyatt ) AND like . agent ( x _ 1 , Olivia ) AND like . theme ( x _ 1 , Wyatt )	elips_RNR_in_dist
187	The girl liked and a boy held the dog .	* girl ( x _ 0 ) ; * dog ( x _ 3 ) ; boy ( x _ 2 ) AND like . agent ( x _ 4 , x _ 0 ) AND like . theme ( x _ 4 , x _ 3 ) AND hold . agent ( x _ 5 , x _ 2 ) AND hold . theme ( x _ 5 , x _ 3 )	elips_RNR_in_dist
188	A dog found and Emma liked Thomas .	dog ( x _ 0 ) AND find . agent ( x _ 1 , x _ 0 ) AND find . theme ( x _ 1 , Thomas ) AND like . agent ( x _ 2 , Emma ) AND like . theme ( x _ 2 , Thomas )	elips_RNR_in_dist
189	Nathan drew and a penguin liked a boy .	boy ( x _ 2 ) AND penguin ( x _ 1 ) AND draw . agent ( x _ 3 , Nathan ) AND draw . theme ( x _ 3 , x _ 2 ) AND like . agent ( x _ 4 , x _ 1 ) AND like . theme ( x _ 4 , x _ 2 )	elips_RNR_in_dist
190	Isabella hunted and a boy liked Penelope .	boy ( x _ 0 ) AND hunt . agent ( x _ 1 , Isabella ) AND hunt . theme ( x _ 1 , Penelope ) AND like . agent ( x _ 2 , x _ 0 ) AND like . theme ( x _ 2 , Penelope )	elips_RNR_in_dist
191	The baby ate and Emma liked a girl .	* baby ( x _ 0 ) ; girl ( x _ 2 ) AND eat . agent ( x _ 3 , x _ 0 ) AND eat . theme ( x _ 3 , x _ 2 ) AND like . agent ( x _ 4 , Emma ) AND like . theme ( x _ 4 , x _ 2 )	elips_RNR_in_dist
192	The cat helped and a dog helped the chicken .	* cat ( x _ 0 ) ; * chicken ( x _ 3 ) ; dog ( x _ 2 ) AND help . agent ( x _ 4 , x _ 0 ) AND help . theme ( x _ 4 , x _ 3 ) AND help . agent ( x _ 5 , x _ 2 ) AND help . theme ( x _ 5 , x _ 3 )	elips_RNR_in_dist
193	Camila liked and Emma discovered Penelope .	like . agent ( x _ 0 , Camila ) AND like . theme ( x _ 0 , Penelope ) AND discover . agent ( x _ 1 , Emma ) AND discover . theme ( x _ 1 , Penelope )	elips_RNR_in_dist
194	Penelope liked and Sophia appreciated the girl .	* girl ( x _ 1 ) ; like . agent ( x _ 2 , Penelope ) AND like . theme ( x _ 2 , x _ 1 ) AND appreciate . agent ( x _ 3 , Sophia ) AND appreciate . theme ( x _ 3 , x _ 1 )	elips_RNR_in_dist
195	A baby missed and a sailor respected Lillian .	baby ( x _ 0 ) AND sailor ( x _ 1 ) AND miss . agent ( x _ 2 , x _ 0 ) AND miss . theme ( x _ 2 , Lillian ) AND respect . agent ( x _ 3 , x _ 1 ) AND respect . theme ( x _ 3 , Lillian )	elips_RNR_in_dist
196	A pupil examined and a cat respected John .	pupil ( x _ 0 ) AND cat ( x _ 1 ) AND examine . agent ( x _ 2 , x _ 0 ) AND examine . theme ( x _ 2 , John ) AND respect . agent ( x _ 3 , x _ 1 ) AND respect . theme ( x _ 3 , John )	elips_RNR_in_dist
197	Charlotte liked and Olivia helped Penelope .	like . agent ( x _ 0 , Charlotte ) AND like . theme ( x _ 0 , Penelope ) AND help . agent ( x _ 1 , Olivia ) AND help . theme ( x _ 1 , Penelope )	elips_RNR_in_dist
198	Liam appreciated and Emma threw the cat .	* cat ( x _ 1 ) ; appreciate . agent ( x _ 2 , Liam ) AND appreciate . theme ( x _ 2 , x _ 1 ) AND throw . agent ( x _ 3 , Emma ) AND throw . theme ( x _ 3 , x _ 1 )	elips_RNR_in_dist
199	Liam painted and the boy liked the girl .	* girl ( x _ 2 ) ; * boy ( x _ 1 ) ; paint . agent ( x _ 3 , Liam ) AND paint . theme ( x _ 3 , x _ 2 ) AND like . agent ( x _ 4 , x _ 1 ) AND like . theme ( x _ 4 , x _ 2 )	elips_RNR_in_dist
200	Jack helped and Zoey liked the girl .	* girl ( x _ 1 ) ; help . agent ( x _ 2 , Jack ) AND help . theme ( x _ 2 , x _ 1 ) AND like . agent ( x _ 3 , Zoey ) AND like . theme ( x _ 3 , x _ 1 )	elips_RNR_in_dist
201	Emma observed and a dog helped Caleb .	dog ( x _ 0 ) AND observe . agent ( x _ 1 , Emma ) AND observe . theme ( x _ 1 , Caleb ) AND help . agent ( x _ 2 , x _ 0 ) AND help . theme ( x _ 2 , Caleb )	elips_RNR_in_dist
202	The cat liked and the girl tolerated the mouse .	* cat ( x _ 0 ) ; * mouse ( x _ 3 ) ; * girl ( x _ 2 ) ; like . agent ( x _ 4 , x _ 0 ) AND like . theme ( x _ 4 , x _ 3 ) AND tolerate . agent ( x _ 5 , x _ 2 ) AND tolerate . theme ( x _ 5 , x _ 3 )	elips_RNR_in_dist
203	A girl liked and Emma liked a professor .	girl ( x _ 0 ) AND professor ( x _ 2 ) AND like . agent ( x _ 3 , x _ 0 ) AND like . theme ( x _ 3 , x _ 2 ) AND like . agent ( x _ 4 , Emma ) AND like . theme ( x _ 4 , x _ 2 )	elips_RNR_in_dist
204	William discovered and Elizabeth loved a crocodile .	crocodile ( x _ 1 ) AND discover . agent ( x _ 2 , William ) AND discover . theme ( x _ 2 , x _ 1 ) AND love . agent ( x _ 3 , Elizabeth ) AND love . theme ( x _ 3 , x _ 1 )	elips_RNR_in_dist
205	Emma worshipped and the scientist respected Penelope .	* scientist ( x _ 0 ) ; worship . agent ( x _ 1 , Emma ) AND worship . theme ( x _ 1 , Penelope ) AND respect . agent ( x _ 2 , x _ 0 ) AND respect . theme ( x _ 2 , Penelope )	elips_RNR_in_dist
206	The hero drew and Elijah threw Joshua .	* hero ( x _ 0 ) ; draw . agent ( x _ 1 , x _ 0 ) AND draw . theme ( x _ 1 , Joshua ) AND throw . agent ( x _ 2 , Elijah ) AND throw . theme ( x _ 2 , Joshua )	elips_RNR_in_dist
207	Scarlett discovered and Emma liked a cat .	cat ( x _ 1 ) AND discover . agent ( x _ 2 , Scarlett ) AND discover . theme ( x _ 2 , x _ 1 ) AND like . agent ( x _ 3 , Emma ) AND like . theme ( x _ 3 , x _ 1 )	elips_RNR_in_dist
208	Oliver worshipped and the dog liked Violet .	* dog ( x _ 0 ) ; worship . agent ( x _ 1 , Oliver ) AND worship . theme ( x _ 1 , Violet ) AND like . agent ( x _ 2 , x _ 0 ) AND like . theme ( x _ 2 , Violet )	elips_RNR_in_dist
209	A girl liked and Olivia stabbed the kid .	* kid ( x _ 2 ) ; girl ( x _ 0 ) AND like . agent ( x _ 3 , x _ 0 ) AND like . theme ( x _ 3 , x _ 2 ) AND stab . agent ( x _ 4 , Olivia ) AND stab . theme ( x _ 4 , x _ 2 )	elips_RNR_in_dist
210	Emma nursed and Emily admired Wyatt .	nurse . agent ( x _ 0 , Emma ) AND nurse . theme ( x _ 0 , Wyatt ) AND admire . agent ( x _ 1 , Emily ) AND admire . theme ( x _ 1 , Wyatt )	elips_RNR_in_dist
211	Charlotte ate and the giraffe poked a girl .	* giraffe ( x _ 1 ) ; girl ( x _ 2 ) AND eat . agent ( x _ 3 , Charlotte ) AND eat . theme ( x _ 3 , x _ 2 ) AND poke . agent ( x _ 4 , x _ 1 ) AND poke . theme ( x _ 4 , x _ 2 )	elips_RNR_in_dist
212	The child liked and Emily adored the teacher .	* child ( x _ 0 ) ; * teacher ( x _ 2 ) ; like . agent ( x _ 3 , x _ 0 ) AND like . theme ( x _ 3 , x _ 2 ) AND adore . agent ( x _ 4 , Emily ) AND adore . theme ( x _ 4 , x _ 2 )	elips_RNR_in_dist
213	Hazel liked and a cat adored Penelope .	cat ( x _ 0 ) AND like . agent ( x _ 1 , Hazel ) AND like . theme ( x _ 1 , Penelope ) AND adore . agent ( x _ 2 , x _ 0 ) AND adore . theme ( x _ 2 , Penelope )	elips_RNR_in_dist
214	Emma admired and a boy valued Zoey .	boy ( x _ 0 ) AND admire . agent ( x _ 1 , Emma ) AND admire . theme ( x _ 1 , Zoey ) AND value . agent ( x _ 2 , x _ 0 ) AND value . theme ( x _ 2 , Zoey )	elips_RNR_in_dist
215	The baby respected and the girl held the bird .	* baby ( x _ 0 ) ; * bird ( x _ 3 ) ; * girl ( x _ 2 ) ; respect . agent ( x _ 4 , x _ 0 ) AND respect . theme ( x _ 4 , x _ 3 ) AND hold . agent ( x _ 5 , x _ 2 ) AND hold . theme ( x _ 5 , x _ 3 )	elips_RNR_in_dist
216	A baby liked and Emma found the kid .	* kid ( x _ 2 ) ; baby ( x _ 0 ) AND like . agent ( x _ 3 , x _ 0 ) AND like . theme ( x _ 3 , x _ 2 ) AND find . agent ( x _ 4 , Emma ) AND find . theme ( x _ 4 , x _ 2 )	elips_RNR_in_dist
217	Sophia ate and Olivia liked the cat .	* cat ( x _ 1 ) ; eat . agent ( x _ 2 , Sophia ) AND eat . theme ( x _ 2 , x _ 1 ) AND like . agent ( x _ 3 , Olivia ) AND like . theme ( x _ 3 , x _ 1 )	elips_RNR_in_dist
218	Liam ate and Emma liked the boy .	* boy ( x _ 1 ) ; eat . agent ( x _ 2 , Liam ) AND eat . theme ( x _ 2 , x _ 1 ) AND like . agent ( x _ 3 , Emma ) AND like . theme ( x _ 3 , x _ 1 )	elips_RNR_in_dist
219	Emma dusted and Olivia liked Wyatt .	dust . agent ( x _ 0 , Emma ) AND dust . theme ( x _ 0 , Wyatt ) AND like . agent ( x _ 1 , Olivia ) AND like . theme ( x _ 1 , Wyatt )	elips_RNR_in_dist
220	A servant nursed and Liam found Penelope .	servant ( x _ 0 ) AND nurse . agent ( x _ 1 , x _ 0 ) AND nurse . theme ( x _ 1 , Penelope ) AND find . agent ( x _ 2 , Liam ) AND find . theme ( x _ 2 , Penelope )	elips_RNR_in_dist
221	A girl liked and Matthew found Penelope .	girl ( x _ 0 ) AND like . agent ( x _ 1 , x _ 0 ) AND like . theme ( x _ 1 , Penelope ) AND find . agent ( x _ 2 , Matthew ) AND find . theme ( x _ 2 , Penelope )	elips_RNR_in_dist
222	The cat knew and the girl liked Penelope .	* cat ( x _ 0 ) ; * girl ( x _ 1 ) ; know . agent ( x _ 2 , x _ 0 ) AND know . theme ( x _ 2 , Penelope ) AND like . agent ( x _ 3 , x _ 1 ) AND like . theme ( x _ 3 , Penelope )	elips_RNR_in_dist
223	Oliver helped and the boy helped Penelope .	* boy ( x _ 0 ) ; help . agent ( x _ 1 , Oliver ) AND help . theme ( x _ 1 , Penelope ) AND help . agent ( x _ 2 , x _ 0 ) AND help . theme ( x _ 2 , Penelope )	elips_RNR_in_dist
224	Isabella called and Avery liked Jaxon .	call . agent ( x _ 0 , Isabella ) AND call . theme ( x _ 0 , Jaxon ) AND like . agent ( x _ 1 , Avery ) AND like . theme ( x _ 1 , Jaxon )	elips_RNR_in_dist
225	A cat ate and a girl loved Dylan .	cat ( x _ 0 ) AND girl ( x _ 1 ) AND eat . agent ( x _ 2 , x _ 0 ) AND eat . theme ( x _ 2 , Dylan ) AND love . agent ( x _ 3 , x _ 1 ) AND love . theme ( x _ 3 , Dylan )	elips_RNR_in_dist
226	The bear observed and Aubrey respected Penelope .	* bear ( x _ 0 ) ; observe . agent ( x _ 1 , x _ 0 ) AND observe . theme ( x _ 1 , Penelope ) AND respect . agent ( x _ 2 , Aubrey ) AND respect . theme ( x _ 2 , Penelope )	elips_RNR_in_dist
227	The boy worshipped and Isabella touched a dog .	* boy ( x _ 0 ) ; dog ( x _ 2 ) AND worship . agent ( x _ 3 , x _ 0 ) AND worship . theme ( x _ 3 , x _ 2 ) AND touch . agent ( x _ 4 , Isabella ) AND touch . theme ( x _ 4 , x _ 2 )	elips_RNR_in_dist
228	The girl liked and a boy liked the hen .	* girl ( x _ 0 ) ; * hen ( x _ 3 ) ; boy ( x _ 2 ) AND like . agent ( x _ 4 , x _ 0 ) AND like . theme ( x _ 4 , x _ 3 ) AND like . agent ( x _ 5 , x _ 2 ) AND like . theme ( x _ 5 , x _ 3 )	elips_RNR_in_dist
229	The frog liked and a chicken discovered a boy .	* frog ( x _ 0 ) ; boy ( x _ 3 ) AND chicken ( x _ 2 ) AND like . agent ( x _ 4 , x _ 0 ) AND like . theme ( x _ 4 , x _ 3 ) AND discover . agent ( x _ 5 , x _ 2 ) AND discover . theme ( x _ 5 , x _ 3 )	elips_RNR_in_dist
230	The lion painted and a boy stabbed Andrew .	* lion ( x _ 0 ) ; boy ( x _ 1 ) AND paint . agent ( x _ 2 , x _ 0 ) AND paint . theme ( x _ 2 , Andrew ) AND stab . agent ( x _ 3 , x _ 1 ) AND stab . theme ( x _ 3 , Andrew )	elips_RNR_in_dist
231	Emma stabbed and Sophia helped Riley .	stab . agent ( x _ 0 , Emma ) AND stab . theme ( x _ 0 , Riley ) AND help . agent ( x _ 1 , Sophia ) AND help . theme ( x _ 1 , Riley )	elips_RNR_in_dist
232	The girl ate and Liam liked Zoe .	* girl ( x _ 0 ) ; eat . agent ( x _ 1 , x _ 0 ) AND eat . theme ( x _ 1 , Zoe ) AND like . agent ( x _ 2 , Liam ) AND like . theme ( x _ 2 , Zoe )	elips_RNR_in_dist
233	Elijah painted and a boy liked a cat .	cat ( x _ 2 ) AND boy ( x _ 1 ) AND paint . agent ( x _ 3 , Elijah ) AND paint . theme ( x _ 3 , x _ 2 ) AND like . agent ( x _ 4 , x _ 1 ) AND like . theme ( x _ 4 , x _ 2 )	elips_RNR_in_dist
234	Ava loved and Benjamin admired Julian .	love . agent ( x _ 0 , Ava ) AND love . theme ( x _ 0 , Julian ) AND admire . agent ( x _ 1 , Benjamin ) AND admire . theme ( x _ 1 , Julian )	elips_RNR_in_dist
235	Emma ate and a boy poked Dylan .	boy ( x _ 0 ) AND eat . agent ( x _ 1 , Emma ) AND eat . theme ( x _ 1 , Dylan ) AND poke . agent ( x _ 2 , x _ 0 ) AND poke . theme ( x _ 2 , Dylan )	elips_RNR_in_dist
236	Emma ate and a cat liked the boy .	* boy ( x _ 2 ) ; cat ( x _ 1 ) AND eat . agent ( x _ 3 , Emma ) AND eat . theme ( x _ 3 , x _ 2 ) AND like . agent ( x _ 4 , x _ 1 ) AND like . theme ( x _ 4 , x _ 2 )	elips_RNR_in_dist
237	The giraffe examined and the cat held Layla .	* giraffe ( x _ 0 ) ; * cat ( x _ 1 ) ; examine . agent ( x _ 2 , x _ 0 ) AND examine . theme ( x _ 2 , Layla ) AND hold . agent ( x _ 3 , x _ 1 ) AND hold . theme ( x _ 3 , Layla )	elips_RNR_in_dist
238	Emma poked and the child liked Layla .	* child ( x _ 0 ) ; poke . agent ( x _ 1 , Emma ) AND poke . theme ( x _ 1 , Layla ) AND like . agent ( x _ 2 , x _ 0 ) AND like . theme ( x _ 2 , Layla )	elips_RNR_in_dist
239	Liam liked and a child liked a baby .	baby ( x _ 2 ) AND child ( x _ 1 ) AND like . agent ( x _ 3 , Liam ) AND like . theme ( x _ 3 , x _ 2 ) AND like . agent ( x _ 4 , x _ 1 ) AND like . theme ( x _ 4 , x _ 2 )	elips_RNR_in_dist
240	The girl ate and the frog poked Ryan .	* girl ( x _ 0 ) ; * frog ( x _ 1 ) ; eat . agent ( x _ 2 , x _ 0 ) AND eat . theme ( x _ 2 , Ryan ) AND poke . agent ( x _ 3 , x _ 1 ) AND poke . theme ( x _ 3 , Ryan )	elips_RNR_in_dist
241	Liam liked and Noah liked a hen .	hen ( x _ 1 ) AND like . agent ( x _ 2 , Liam ) AND like . theme ( x _ 2 , x _ 1 ) AND like . agent ( x _ 3 , Noah ) AND like . theme ( x _ 3 , x _ 1 )	elips_RNR_in_dist
242	Emma helped and a girl poked Penelope .	girl ( x _ 0 ) AND help . agent ( x _ 1 , Emma ) AND help . theme ( x _ 1 , Penelope ) AND poke . agent ( x _ 2 , x _ 0 ) AND poke . theme ( x _ 2 , Penelope )	elips_RNR_in_dist
243	David found and the cat found the crocodile .	* crocodile ( x _ 2 ) ; * cat ( x _ 1 ) ; find . agent ( x _ 3 , David ) AND find . theme ( x _ 3 , x _ 2 ) AND find . agent ( x _ 4 , x _ 1 ) AND find . theme ( x _ 4 , x _ 2 )	elips_RNR_in_dist
244	The goose found and the girl liked a deer .	* goose ( x _ 0 ) ; * girl ( x _ 2 ) ; deer ( x _ 3 ) AND find . agent ( x _ 4 , x _ 0 ) AND find . theme ( x _ 4 , x _ 3 ) AND like . agent ( x _ 5 , x _ 2 ) AND like . theme ( x _ 5 , x _ 3 )	elips_RNR_in_dist
245	Liam nursed and a girl adored a cat .	cat ( x _ 2 ) AND girl ( x _ 1 ) AND nurse . agent ( x _ 3 , Liam ) AND nurse . theme ( x _ 3 , x _ 2 ) AND adore . agent ( x _ 4 , x _ 1 ) AND adore . theme ( x _ 4 , x _ 2 )	elips_RNR_in_dist
246	Olivia admired and the manager liked Anthony .	* manager ( x _ 0 ) ; admire . agent ( x _ 1 , Olivia ) AND admire . theme ( x _ 1 , Anthony ) AND like . agent ( x _ 2 , x _ 0 ) AND like . theme ( x _ 2 , Anthony )	elips_RNR_in_dist
247	Liam helped and Emma loved the bird .	* bird ( x _ 1 ) ; help . agent ( x _ 2 , Liam ) AND help . theme ( x _ 2 , x _ 1 ) AND love . agent ( x _ 3 , Emma ) AND love . theme ( x _ 3 , x _ 1 )	elips_RNR_in_dist
248	A boy nursed and a girl liked a baby .	boy ( x _ 0 ) AND baby ( x _ 3 ) AND girl ( x _ 2 ) AND nurse . agent ( x _ 4 , x _ 0 ) AND nurse . theme ( x _ 4 , x _ 3 ) AND like . agent ( x _ 5 , x _ 2 ) AND like . theme ( x _ 5 , x _ 3 )	elips_RNR_in_dist
249	Emma poked and a prince touched Penelope .	prince ( x _ 0 ) AND poke . agent ( x _ 1 , Emma ) AND poke . theme ( x _ 1 , Penelope ) AND touch . agent ( x _ 2 , x _ 0 ) AND touch . theme ( x _ 2 , Penelope )	elips_RNR_in_dist
250	The girl touched and Emma adored the goose .	* girl ( x _ 0 ) ; * goose ( x _ 2 ) ; touch . agent ( x _ 3 , x _ 0 ) AND touch . theme ( x _ 3 , x _ 2 ) AND adore . agent ( x _ 4 , Emma ) AND adore . theme ( x _ 4 , x _ 2 )	elips_RNR_in_dist
251	Nora studied and Liam liked Ellie .	study . agent ( x _ 0 , Nora ) AND study . theme ( x _ 0 , Ellie ) AND like . agent ( x _ 1 , Liam ) AND like . theme ( x _ 1 , Ellie )	elips_RNR_in_dist
252	A boy examined and Emma appreciated a girl .	boy ( x _ 0 ) AND girl ( x _ 2 ) AND examine . agent ( x _ 3 , x _ 0 ) AND examine . theme ( x _ 3 , x _ 2 ) AND appreciate . agent ( x _ 4 , Emma ) AND appreciate . theme ( x _ 4 , x _ 2 )	elips_RNR_in_dist
253	The girl packed and Emma stabbed a teacher .	* girl ( x _ 0 ) ; teacher ( x _ 2 ) AND pack . agent ( x _ 3 , x _ 0 ) AND pack . theme ( x _ 3 , x _ 2 ) AND stab . agent ( x _ 4 , Emma ) AND stab . theme ( x _ 4 , x _ 2 )	elips_RNR_in_dist
254	The scientist juggled and Emma liked a zebra .	* scientist ( x _ 0 ) ; zebra ( x _ 2 ) AND juggle . agent ( x _ 3 , x _ 0 ) AND juggle . theme ( x _ 3 , x _ 2 ) AND like . agent ( x _ 4 , Emma ) AND like . theme ( x _ 4 , x _ 2 )	elips_RNR_in_dist
255	Leah hunted and Emma liked Penelope .	hunt . agent ( x _ 0 , Leah ) AND hunt . theme ( x _ 0 , Penelope ) AND like . agent ( x _ 1 , Emma ) AND like . theme ( x _ 1 , Penelope )	elips_RNR_in_dist
256	Liam adored and Emma worshipped Luke .	adore . agent ( x _ 0 , Liam ) AND adore . theme ( x _ 0 , Luke ) AND worship . agent ( x _ 1 , Emma ) AND worship . theme ( x _ 1 , Luke )	elips_RNR_in_dist
257	Liam liked and Isabella respected the boy .	* boy ( x _ 1 ) ; like . agent ( x _ 2 , Liam ) AND like . theme ( x _ 2 , x _ 1 ) AND respect . agent ( x _ 3 , Isabella ) AND respect . theme ( x _ 3 , x _ 1 )	elips_RNR_in_dist
258	Emma liked and the priest poked a cat .	* priest ( x _ 1 ) ; cat ( x _ 2 ) AND like . agent ( x _ 3 , Emma ) AND like . theme ( x _ 3 , x _ 2 ) AND poke . agent ( x _ 4 , x _ 1 ) AND poke . theme ( x _ 4 , x _ 2 )	elips_RNR_in_dist
259	The girl liked and the bee liked the dog .	* girl ( x _ 0 ) ; * dog ( x _ 3 ) ; * bee ( x _ 2 ) ; like . agent ( x _ 4 , x _ 0 ) AND like . theme ( x _ 4 , x _ 3 ) AND like . agent ( x _ 5 , x _ 2 ) AND like . theme ( x _ 5 , x _ 3 )	elips_RNR_in_dist
260	The duck discovered and the scientist threw a girl .	* duck ( x _ 0 ) ; * scientist ( x _ 2 ) ; girl ( x _ 3 ) AND discover . agent ( x _ 4 , x _ 0 ) AND discover . theme ( x _ 4 , x _ 3 ) AND throw . agent ( x _ 5 , x _ 2 ) AND throw . theme ( x _ 5 , x _ 3 )	elips_RNR_in_dist
261	Ava helped and a bunny helped the girl .	* girl ( x _ 2 ) ; bunny ( x _ 1 ) AND help . agent ( x _ 3 , Ava ) AND help . theme ( x _ 3 , x _ 2 ) AND help . agent ( x _ 4 , x _ 1 ) AND help . theme ( x _ 4 , x _ 2 )	elips_RNR_in_dist
262	A girl respected and a lion liked Zoey .	girl ( x _ 0 ) AND lion ( x _ 1 ) AND respect . agent ( x _ 2 , x _ 0 ) AND respect . theme ( x _ 2 , Zoey ) AND like . agent ( x _ 3 , x _ 1 ) AND like . theme ( x _ 3 , Zoey )	elips_RNR_in_dist
263	A girl investigated and Emma loved Lily .	girl ( x _ 0 ) AND investigate . agent ( x _ 1 , x _ 0 ) AND investigate . theme ( x _ 1 , Lily ) AND love . agent ( x _ 2 , Emma ) AND love . theme ( x _ 2 , Lily )	elips_RNR_in_dist
264	Liam observed and Emma touched a boy .	boy ( x _ 1 ) AND observe . agent ( x _ 2 , Liam ) AND observe . theme ( x _ 2 , x _ 1 ) AND touch . agent ( x _ 3 , Emma ) AND touch . theme ( x _ 3 , x _ 1 )	elips_RNR_in_dist
265	The girl liked and Olivia helped a boy .	* girl ( x _ 0 ) ; boy ( x _ 2 ) AND like . agent ( x _ 3 , x _ 0 ) AND like . theme ( x _ 3 , x _ 2 ) AND help . agent ( x _ 4 , Olivia ) AND help . theme ( x _ 4 , x _ 2 )	elips_RNR_in_dist
266	Hannah found and the horse liked the donkey .	* donkey ( x _ 2 ) ; * horse ( x _ 1 ) ; find . agent ( x _ 3 , Hannah ) AND find . theme ( x _ 3 , x _ 2 ) AND like . agent ( x _ 4 , x _ 1 ) AND like . theme ( x _ 4 , x _ 2 )	elips_RNR_in_dist
267	A duck helped and Emma liked Wyatt .	duck ( x _ 0 ) AND help . agent ( x _ 1 , x _ 0 ) AND help . theme ( x _ 1 , Wyatt ) AND like . agent ( x _ 2 , Emma ) AND like . theme ( x _ 2 , Wyatt )	elips_RNR_in_dist
268	The boy drew and a chief liked the wolf .	* boy ( x _ 0 ) ; * wolf ( x _ 3 ) ; chief ( x _ 2 ) AND draw . agent ( x _ 4 , x _ 0 ) AND draw . theme ( x _ 4 , x _ 3 ) AND like . agent ( x _ 5 , x _ 2 ) AND like . theme ( x _ 5 , x _ 3 )	elips_RNR_in_dist
269	A zebra ate and the girl held the boy .	* boy ( x _ 3 ) ; * girl ( x _ 2 ) ; zebra ( x _ 0 ) AND eat . agent ( x _ 4 , x _ 0 ) AND eat . theme ( x _ 4 , x _ 3 ) AND hold . agent ( x _ 5 , x _ 2 ) AND hold . theme ( x _ 5 , x _ 3 )	elips_RNR_in_dist
270	Emma appreciated and a monkey threw Skylar .	monkey ( x _ 0 ) AND appreciate . agent ( x _ 1 , Emma ) AND appreciate . theme ( x _ 1 , Skylar ) AND throw . agent ( x _ 2 , x _ 0 ) AND throw . theme ( x _ 2 , Skylar )	elips_RNR_in_dist
271	William pierced and a monkey helped a baby .	baby ( x _ 2 ) AND monkey ( x _ 1 ) AND pierce . agent ( x _ 3 , William ) AND pierce . theme ( x _ 3 , x _ 2 ) AND help . agent ( x _ 4 , x _ 1 ) AND help . theme ( x _ 4 , x _ 2 )	elips_RNR_in_dist
272	A mouse sketched and Emma pierced the boy .	* boy ( x _ 2 ) ; mouse ( x _ 0 ) AND sketch . agent ( x _ 3 , x _ 0 ) AND sketch . theme ( x _ 3 , x _ 2 ) AND pierce . agent ( x _ 4 , Emma ) AND pierce . theme ( x _ 4 , x _ 2 )	elips_RNR_in_dist
273	Aubrey tolerated and a boy found Riley .	boy ( x _ 0 ) AND tolerate . agent ( x _ 1 , Aubrey ) AND tolerate . theme ( x _ 1 , Riley ) AND find . agent ( x _ 2 , x _ 0 ) AND find . theme ( x _ 2 , Riley )	elips_RNR_in_dist
274	A dog drew and Liam liked the president .	* president ( x _ 2 ) ; dog ( x _ 0 ) AND draw . agent ( x _ 3 , x _ 0 ) AND draw . theme ( x _ 3 , x _ 2 ) AND like . agent ( x _ 4 , Liam ) AND like . theme ( x _ 4 , x _ 2 )	elips_RNR_in_dist
275	Olivia painted and Emma liked Wyatt .	paint . agent ( x _ 0 , Olivia ) AND paint . theme ( x _ 0 , Wyatt ) AND like . agent ( x _ 1 , Emma ) AND like . theme ( x _ 1 , Wyatt )	elips_RNR_in_dist
276	Emma ate and the dog valued Penelope .	* dog ( x _ 0 ) ; eat . agent ( x _ 1 , Emma ) AND eat . theme ( x _ 1 , Penelope ) AND value . agent ( x _ 2 , x _ 0 ) AND value . theme ( x _ 2 , Penelope )	elips_RNR_in_dist
277	Emma cleaned and a girl missed Wyatt .	girl ( x _ 0 ) AND clean . agent ( x _ 1 , Emma ) AND clean . theme ( x _ 1 , Wyatt ) AND miss . agent ( x _ 2 , x _ 0 ) AND miss . theme ( x _ 2 , Wyatt )	elips_RNR_in_dist
278	Isabella adored and Emma discovered a frog .	frog ( x _ 1 ) AND adore . agent ( x _ 2 , Isabella ) AND adore . theme ( x _ 2 , x _ 1 ) AND discover . agent ( x _ 3 , Emma ) AND discover . theme ( x _ 3 , x _ 1 )	elips_RNR_in_dist
279	A mouse hunted and a scientist liked Bella .	mouse ( x _ 0 ) AND scientist ( x _ 1 ) AND hunt . agent ( x _ 2 , x _ 0 ) AND hunt . theme ( x _ 2 , Bella ) AND like . agent ( x _ 3 , x _ 1 ) AND like . theme ( x _ 3 , Bella )	elips_RNR_in_dist
280	A cat ate and Olivia appreciated Wyatt .	cat ( x _ 0 ) AND eat . agent ( x _ 1 , x _ 0 ) AND eat . theme ( x _ 1 , Wyatt ) AND appreciate . agent ( x _ 2 , Olivia ) AND appreciate . theme ( x _ 2 , Wyatt )	elips_RNR_in_dist
281	Emma liked and the girl stabbed a dog .	* girl ( x _ 1 ) ; dog ( x _ 2 ) AND like . agent ( x _ 3 , Emma ) AND like . theme ( x _ 3 , x _ 2 ) AND stab . agent ( x _ 4 , x _ 1 ) AND stab . theme ( x _ 4 , x _ 2 )	elips_RNR_in_dist
282	A fly poked and the girl liked Jayden .	* girl ( x _ 1 ) ; fly ( x _ 0 ) AND poke . agent ( x _ 2 , x _ 0 ) AND poke . theme ( x _ 2 , Jayden ) AND like . agent ( x _ 3 , x _ 1 ) AND like . theme ( x _ 3 , Jayden )	elips_RNR_in_dist
283	A girl painted and the boy loved the dog .	* dog ( x _ 3 ) ; * boy ( x _ 2 ) ; girl ( x _ 0 ) AND paint . agent ( x _ 4 , x _ 0 ) AND paint . theme ( x _ 4 , x _ 3 ) AND love . agent ( x _ 5 , x _ 2 ) AND love . theme ( x _ 5 , x _ 3 )	elips_RNR_in_dist
284	A mouse liked and the child liked the cow .	* cow ( x _ 3 ) ; * child ( x _ 2 ) ; mouse ( x _ 0 ) AND like . agent ( x _ 4 , x _ 0 ) AND like . theme ( x _ 4 , x _ 3 ) AND like . agent ( x _ 5 , x _ 2 ) AND like . theme ( x _ 5 , x _ 3 )	elips_RNR_in_dist
285	Emma pierced and Joshua helped a boy .	boy ( x _ 1 ) AND pierce . agent ( x _ 2 , Emma ) AND pierce . theme ( x _ 2 , x _ 1 ) AND help . agent ( x _ 3 , Joshua ) AND help . theme ( x _ 3 , x _ 1 )	elips_RNR_in_dist
286	Jack threw and Noah pierced Mateo .	throw . agent ( x _ 0 , Jack ) AND throw . theme ( x _ 0 , Mateo ) AND pierce . agent ( x _ 1 , Noah ) AND pierce . theme ( x _ 1 , Mateo )	elips_RNR_in_dist
287	Charlotte cleaned and Emma liked Nathan .	clean . agent ( x _ 0 , Charlotte ) AND clean . theme ( x _ 0 , Nathan ) AND like . agent ( x _ 1 , Emma ) AND like . theme ( x _ 1 , Nathan )	elips_RNR_in_dist
288	The girl missed and a prince loved Penelope .	* girl ( x _ 0 ) ; prince ( x _ 1 ) AND miss . agent ( x _ 2 , x _ 0 ) AND miss . theme ( x _ 2 , Penelope ) AND love . agent ( x _ 3 , x _ 1 ) AND love . theme ( x _ 3 , Penelope )	elips_RNR_in_dist
289	Ava helped and the girl stabbed Wyatt .	* girl ( x _ 0 ) ; help . agent ( x _ 1 , Ava ) AND help . theme ( x _ 1 , Wyatt ) AND stab . agent ( x _ 2 , x _ 0 ) AND stab . theme ( x _ 2 , Wyatt )	elips_RNR_in_dist
290	Oliver liked and Liam adored the girl .	* girl ( x _ 1 ) ; like . agent ( x _ 2 , Oliver ) AND like . theme ( x _ 2 , x _ 1 ) AND adore . agent ( x _ 3 , Liam ) AND adore . theme ( x _ 3 , x _ 1 )	elips_RNR_in_dist
291	The tiger pierced and Emma threw a girl .	* tiger ( x _ 0 ) ; girl ( x _ 2 ) AND pierce . agent ( x _ 3 , x _ 0 ) AND pierce . theme ( x _ 3 , x _ 2 ) AND throw . agent ( x _ 4 , Emma ) AND throw . theme ( x _ 4 , x _ 2 )	elips_RNR_in_dist
292	Emma painted and James discovered Ryan .	paint . agent ( x _ 0 , Emma ) AND paint . theme ( x _ 0 , Ryan ) AND discover . agent ( x _ 1 , James ) AND discover . theme ( x _ 1 , Ryan )	elips_RNR_in_dist
293	A boy studied and a guest liked a goose .	boy ( x _ 0 ) AND goose ( x _ 3 ) AND guest ( x _ 2 ) AND study . agent ( x _ 4 , x _ 0 ) AND study . theme ( x _ 4 , x _ 3 ) AND like . agent ( x _ 5 , x _ 2 ) AND like . theme ( x _ 5 , x _ 3 )	elips_RNR_in_dist
294	Emma ate and the pony helped a manager .	* pony ( x _ 1 ) ; manager ( x _ 2 ) AND eat . agent ( x _ 3 , Emma ) AND eat . theme ( x _ 3 , x _ 2 ) AND help . agent ( x _ 4 , x _ 1 ) AND help . theme ( x _ 4 , x _ 2 )	elips_RNR_in_dist
295	Emma missed and a boy poked Nathan .	boy ( x _ 0 ) AND miss . agent ( x _ 1 , Emma ) AND miss . theme ( x _ 1 , Nathan ) AND poke . agent ( x _ 2 , x _ 0 ) AND poke . theme ( x _ 2 , Nathan )	elips_RNR_in_dist
296	The cat found and William poked a girl .	* cat ( x _ 0 ) ; girl ( x _ 2 ) AND find . agent ( x _ 3 , x _ 0 ) AND find . theme ( x _ 3 , x _ 2 ) AND poke . agent ( x _ 4 , William ) AND poke . theme ( x _ 4 , x _ 2 )	elips_RNR_in_dist
297	Charlotte cooked and Noah loved a frog .	frog ( x _ 1 ) AND cook . agent ( x _ 2 , Charlotte ) AND cook . theme ( x _ 2 , x _ 1 ) AND love . agent ( x _ 3 , Noah ) AND love . theme ( x _ 3 , x _ 1 )	elips_RNR_in_dist
298	The chicken drew and the bunny liked a dog .	* chicken ( x _ 0 ) ; * bunny ( x _ 2 ) ; dog ( x _ 3 ) AND draw . agent ( x _ 4 , x _ 0 ) AND draw . theme ( x _ 4 , x _ 3 ) AND like . agent ( x _ 5 , x _ 2 ) AND like . theme ( x _ 5 , x _ 3 )	elips_RNR_in_dist
299	The chicken painted and the teacher loved Nora .	* chicken ( x _ 0 ) ; * teacher ( x _ 1 ) ; paint . agent ( x _ 2 , x _ 0 ) AND paint . theme ( x _ 2 , Nora ) AND love . agent ( x _ 3 , x _ 1 ) AND love . theme ( x _ 3 , Nora )	elips_RNR_in_dist
300	Liam found and the girl helped Savannah .	* girl ( x _ 0 ) ; find . agent ( x _ 1 , Liam ) AND find . theme ( x _ 1 , Savannah ) AND help . agent ( x _ 2 , x _ 0 ) AND help . theme ( x _ 2 , Savannah )	elips_RNR_in_dist
301	A goose tolerated and the lawyer tossed John .	* lawyer ( x _ 1 ) ; goose ( x _ 0 ) AND tolerate . agent ( x _ 2 , x _ 0 ) AND tolerate . theme ( x _ 2 , John ) AND toss . agent ( x _ 3 , x _ 1 ) AND toss . theme ( x _ 3 , John )	elips_RNR_in_dist
302	Skylar poked and Noah missed a dog .	dog ( x _ 1 ) AND poke . agent ( x _ 2 , Skylar ) AND poke . theme ( x _ 2 , x _ 1 ) AND miss . agent ( x _ 3 , Noah ) AND miss . theme ( x _ 3 , x _ 1 )	elips_RNR_in_dist
303	Noah ate and Theodore liked Penelope .	eat . agent ( x _ 0 , Noah ) AND eat . theme ( x _ 0 , Penelope ) AND like . agent ( x _ 1 , Theodore ) AND like . theme ( x _ 1 , Penelope )	elips_RNR_in_dist
304	A dog poked and Emma found the cat .	* cat ( x _ 2 ) ; dog ( x _ 0 ) AND poke . agent ( x _ 3 , x _ 0 ) AND poke . theme ( x _ 3 , x _ 2 ) AND find . agent ( x _ 4 , Emma ) AND find . theme ( x _ 4 , x _ 2 )	elips_RNR_in_dist
305	Emma liked and Noah liked Stella .	like . agent ( x _ 0 , Emma ) AND like . theme ( x _ 0 , Stella ) AND like . agent ( x _ 1 , Noah ) AND like . theme ( x _ 1 , Stella )	elips_RNR_in_dist
306	Stella helped and Emma liked Joshua .	help . agent ( x _ 0 , Stella ) AND help . theme ( x _ 0 , Joshua ) AND like . agent ( x _ 1 , Emma ) AND like . theme ( x _ 1 , Joshua )	elips_RNR_in_dist
307	Emma discovered and the wolf liked the bird .	* bird ( x _ 2 ) ; * wolf ( x _ 1 ) ; discover . agent ( x _ 3 , Emma ) AND discover . theme ( x _ 3 , x _ 2 ) AND like . agent ( x _ 4 , x _ 1 ) AND like . theme ( x _ 4 , x _ 2 )	elips_RNR_in_dist
308	Olivia observed and a girl stabbed Wyatt .	girl ( x _ 0 ) AND observe . agent ( x _ 1 , Olivia ) AND observe . theme ( x _ 1 , Wyatt ) AND stab . agent ( x _ 2 , x _ 0 ) AND stab . theme ( x _ 2 , Wyatt )	elips_RNR_in_dist
309	Harper cleaned and the frog pierced a boy .	* frog ( x _ 1 ) ; boy ( x _ 2 ) AND clean . agent ( x _ 3 , Harper ) AND clean . theme ( x _ 3 , x _ 2 ) AND pierce . agent ( x _ 4 , x _ 1 ) AND pierce . theme ( x _ 4 , x _ 2 )	elips_RNR_in_dist
310	Liam cleaned and the girl found the boy .	* boy ( x _ 2 ) ; * girl ( x _ 1 ) ; clean . agent ( x _ 3 , Liam ) AND clean . theme ( x _ 3 , x _ 2 ) AND find . agent ( x _ 4 , x _ 1 ) AND find . theme ( x _ 4 , x _ 2 )	elips_RNR_in_dist
311	Liam loved and a cat liked Penelope .	cat ( x _ 0 ) AND love . agent ( x _ 1 , Liam ) AND love . theme ( x _ 1 , Penelope ) AND like . agent ( x _ 2 , x _ 0 ) AND like . theme ( x _ 2 , Penelope )	elips_RNR_in_dist
312	Noah painted and the cat liked Grayson .	* cat ( x _ 0 ) ; paint . agent ( x _ 1 , Noah ) AND paint . theme ( x _ 1 , Grayson ) AND like . agent ( x _ 2 , x _ 0 ) AND like . theme ( x _ 2 , Grayson )	elips_RNR_in_dist
313	A boy held and a turkey liked the child .	* child ( x _ 3 ) ; boy ( x _ 0 ) AND turkey ( x _ 2 ) AND hold . agent ( x _ 4 , x _ 0 ) AND hold . theme ( x _ 4 , x _ 3 ) AND like . agent ( x _ 5 , x _ 2 ) AND like . theme ( x _ 5 , x _ 3 )	elips_RNR_in_dist
314	Charlotte cooked and a girl liked a scientist .	scientist ( x _ 2 ) AND girl ( x _ 1 ) AND cook . agent ( x _ 3 , Charlotte ) AND cook . theme ( x _ 3 , x _ 2 ) AND like . agent ( x _ 4 , x _ 1 ) AND like . theme ( x _ 4 , x _ 2 )	elips_RNR_in_dist
315	A butterfly ate and Emma liked the girl .	* girl ( x _ 2 ) ; butterfly ( x _ 0 ) AND eat . agent ( x _ 3 , x _ 0 ) AND eat . theme ( x _ 3 , x _ 2 ) AND like . agent ( x _ 4 , Emma ) AND like . theme ( x _ 4 , x _ 2 )	elips_RNR_in_dist
316	William loved and a girl found Penelope .	girl ( x _ 0 ) AND love . agent ( x _ 1 , William ) AND love . theme ( x _ 1 , Penelope ) AND find . agent ( x _ 2 , x _ 0 ) AND find . theme ( x _ 2 , Penelope )	elips_RNR_in_dist
317	Leah helped and Amelia found the girl .	* girl ( x _ 1 ) ; help . agent ( x _ 2 , Leah ) AND help . theme ( x _ 2 , x _ 1 ) AND find . agent ( x _ 3 , Amelia ) AND find . theme ( x _ 3 , x _ 1 )	elips_RNR_in_dist
318	A dog nursed and Emma helped Zoey .	dog ( x _ 0 ) AND nurse . agent ( x _ 1 , x _ 0 ) AND nurse . theme ( x _ 1 , Zoey ) AND help . agent ( x _ 2 , Emma ) AND help . theme ( x _ 2 , Zoey )	elips_RNR_in_dist
319	A hero liked and Emma liked the girl .	* girl ( x _ 2 ) ; hero ( x _ 0 ) AND like . agent ( x _ 3 , x _ 0 ) AND like . theme ( x _ 3 , x _ 2 ) AND like . agent ( x _ 4 , Emma ) AND like . theme ( x _ 4 , x _ 2 )	elips_RNR_in_dist
320	The dog helped and a girl loved the boy .	* dog ( x _ 0 ) ; * boy ( x _ 3 ) ; girl ( x _ 2 ) AND help . agent ( x _ 4 , x _ 0 ) AND help . theme ( x _ 4 , x _ 3 ) AND love . agent ( x _ 5 , x _ 2 ) AND love . theme ( x _ 5 , x _ 3 )	elips_RNR_in_dist
321	Emma pierced and Liam liked Wyatt .	pierce . agent ( x _ 0 , Emma ) AND pierce . theme ( x _ 0 , Wyatt ) AND like . agent ( x _ 1 , Liam ) AND like . theme ( x _ 1 , Wyatt )	elips_RNR_in_dist
322	Jack liked and a girl appreciated Luke .	girl ( x _ 0 ) AND like . agent ( x _ 1 , Jack ) AND like . theme ( x _ 1 , Luke ) AND appreciate . agent ( x _ 2 , x _ 0 ) AND appreciate . theme ( x _ 2 , Luke )	elips_RNR_in_dist
323	Isabella stabbed and Olivia helped a girl .	girl ( x _ 1 ) AND stab . agent ( x _ 2 , Isabella ) AND stab . theme ( x _ 2 , x _ 1 ) AND help . agent ( x _ 3 , Olivia ) AND help . theme ( x _ 3 , x _ 1 )	elips_RNR_in_dist
324	The monkey discovered and the girl loved Penelope .	* monkey ( x _ 0 ) ; * girl ( x _ 1 ) ; discover . agent ( x _ 2 , x _ 0 ) AND discover . theme ( x _ 2 , Penelope ) AND love . agent ( x _ 3 , x _ 1 ) AND love . theme ( x _ 3 , Penelope )	elips_RNR_in_dist
325	Emma liked and a prisoner helped the chicken .	* chicken ( x _ 2 ) ; prisoner ( x _ 1 ) AND like . agent ( x _ 3 , Emma ) AND like . theme ( x _ 3 , x _ 2 ) AND help . agent ( x _ 4 , x _ 1 ) AND help . theme ( x _ 4 , x _ 2 )	elips_RNR_in_dist
326	Emma cooked and Liam liked the cat .	* cat ( x _ 1 ) ; cook . agent ( x _ 2 , Emma ) AND cook . theme ( x _ 2 , x _ 1 ) AND like . agent ( x _ 3 , Liam ) AND like . theme ( x _ 3 , x _ 1 )	elips_RNR_in_dist
327	Emma worshipped and the frog touched Penelope .	* frog ( x _ 0 ) ; worship . agent ( x _ 1 , Emma ) AND worship . theme ( x _ 1 , Penelope ) AND touch . agent ( x _ 2 , x _ 0 ) AND touch . theme ( x _ 2 , Penelope )	elips_RNR_in_dist
328	The boy liked and Liam poked Leah .	* boy ( x _ 0 ) ; like . agent ( x _ 1 , x _ 0 ) AND like . theme ( x _ 1 , Leah ) AND poke . agent ( x _ 2 , Liam ) AND poke . theme ( x _ 2 , Leah )	elips_RNR_in_dist
329	Emma painted and the girl poked Penelope .	* girl ( x _ 0 ) ; paint . agent ( x _ 1 , Emma ) AND paint . theme ( x _ 1 , Penelope ) AND poke . agent ( x _ 2 , x _ 0 ) AND poke . theme ( x _ 2 , Penelope )	elips_RNR_in_dist
330	Hazel saw and Ava helped Thomas .	see . agent ( x _ 0 , Hazel ) AND see . theme ( x _ 0 , Thomas ) AND help . agent ( x _ 1 , Ava ) AND help . theme ( x _ 1 , Thomas )	elips_RNR_in_dist
331	Sebastian adored and Emma liked Wyatt .	adore . agent ( x _ 0 , Sebastian ) AND adore . theme ( x _ 0 , Wyatt ) AND like . agent ( x _ 1 , Emma ) AND like . theme ( x _ 1 , Wyatt )	elips_RNR_in_dist
332	Isabella appreciated and Benjamin found the girl .	* girl ( x _ 1 ) ; appreciate . agent ( x _ 2 , Isabella ) AND appreciate . theme ( x _ 2 , x _ 1 ) AND find . agent ( x _ 3 , Benjamin ) AND find . theme ( x _ 3 , x _ 1 )	elips_RNR_in_dist
333	William juggled and a giraffe found Layla .	giraffe ( x _ 0 ) AND juggle . agent ( x _ 1 , William ) AND juggle . theme ( x _ 1 , Layla ) AND find . agent ( x _ 2 , x _ 0 ) AND find . theme ( x _ 2 , Layla )	elips_RNR_in_dist
334	A girl discovered and Emma liked Audrey .	girl ( x _ 0 ) AND discover . agent ( x _ 1 , x _ 0 ) AND discover . theme ( x _ 1 , Audrey ) AND like . agent ( x _ 2 , Emma ) AND like . theme ( x _ 2 , Audrey )	elips_RNR_in_dist
335	Olivia liked and the frog helped a girl .	* frog ( x _ 1 ) ; girl ( x _ 2 ) AND like . agent ( x _ 3 , Olivia ) AND like . theme ( x _ 3 , x _ 2 ) AND help . agent ( x _ 4 , x _ 1 ) AND help . theme ( x _ 4 , x _ 2 )	elips_RNR_in_dist
336	A boy helped and Emma helped the teacher .	* teacher ( x _ 2 ) ; boy ( x _ 0 ) AND help . agent ( x _ 3 , x _ 0 ) AND help . theme ( x _ 3 , x _ 2 ) AND help . agent ( x _ 4 , Emma ) AND help . theme ( x _ 4 , x _ 2 )	elips_RNR_in_dist
337	The creature helped and Liam liked the girl .	* creature ( x _ 0 ) ; * girl ( x _ 2 ) ; help . agent ( x _ 3 , x _ 0 ) AND help . theme ( x _ 3 , x _ 2 ) AND like . agent ( x _ 4 , Liam ) AND like . theme ( x _ 4 , x _ 2 )	elips_RNR_in_dist
338	Emma sketched and Amelia helped Luke .	sketch . agent ( x _ 0 , Emma ) AND sketch . theme ( x _ 0 , Luke ) AND help . agent ( x _ 1 , Amelia ) AND help . theme ( x _ 1 , Luke )	elips_RNR_in_dist
339	The girl admired and Mila pierced Anthony .	* girl ( x _ 0 ) ; admire . agent ( x _ 1 , x _ 0 ) AND admire . theme ( x _ 1 , Anthony ) AND pierce . agent ( x _ 2 , Mila ) AND pierce . theme ( x _ 2 , Anthony )	elips_RNR_in_dist
340	The father held and Emma discovered the penguin .	* father ( x _ 0 ) ; * penguin ( x _ 2 ) ; hold . agent ( x _ 3 , x _ 0 ) AND hold . theme ( x _ 3 , x _ 2 ) AND discover . agent ( x _ 4 , Emma ) AND discover . theme ( x _ 4 , x _ 2 )	elips_RNR_in_dist
341	The girl admired and a duck stabbed a manager .	* girl ( x _ 0 ) ; manager ( x _ 3 ) AND duck ( x _ 2 ) AND admire . agent ( x _ 4 , x _ 0 ) AND admire . theme ( x _ 4 , x _ 3 ) AND stab . agent ( x _ 5 , x _ 2 ) AND stab . theme ( x _ 5 , x _ 3 )	elips_RNR_in_dist
342	Aiden hunted and the coach tossed Riley .	* coach ( x _ 0 ) ; hunt . agent ( x _ 1 , Aiden ) AND hunt . theme ( x _ 1 , Riley ) AND toss . agent ( x _ 2 , x _ 0 ) AND toss . theme ( x _ 2 , Riley )	elips_RNR_in_dist
343	A girl liked and Liam held a deer .	girl ( x _ 0 ) AND deer ( x _ 2 ) AND like . agent ( x _ 3 , x _ 0 ) AND like . theme ( x _ 3 , x _ 2 ) AND hold . agent ( x _ 4 , Liam ) AND hold . theme ( x _ 4 , x _ 2 )	elips_RNR_in_dist
344	A cat adored and a mouse adored the boy .	* boy ( x _ 3 ) ; cat ( x _ 0 ) AND mouse ( x _ 2 ) AND adore . agent ( x _ 4 , x _ 0 ) AND adore . theme ( x _ 4 , x _ 3 ) AND adore . agent ( x _ 5 , x _ 2 ) AND adore . theme ( x _ 5 , x _ 3 )	elips_RNR_in_dist
345	A governor studied and the tiger liked the fly .	* fly ( x _ 3 ) ; * tiger ( x _ 2 ) ; governor ( x _ 0 ) AND study . agent ( x _ 4 , x _ 0 ) AND study . theme ( x _ 4 , x _ 3 ) AND like . agent ( x _ 5 , x _ 2 ) AND like . theme ( x _ 5 , x _ 3 )	elips_RNR_in_dist
346	Emma liked and the girl liked the cat .	* cat ( x _ 2 ) ; * girl ( x _ 1 ) ; like . agent ( x _ 3 , Emma ) AND like . theme ( x _ 3 , x _ 2 ) AND like . agent ( x _ 4 , x _ 1 ) AND like . theme ( x _ 4 , x _ 2 )	elips_RNR_in_dist
347	Owen painted and a turkey respected Penelope .	turkey ( x _ 0 ) AND paint . agent ( x _ 1 , Owen ) AND paint . theme ( x _ 1 , Penelope ) AND respect . agent ( x _ 2 , x _ 0 ) AND respect . theme ( x _ 2 , Penelope )	elips_RNR_in_dist
348	The boy tolerated and Emma found a donkey .	* boy ( x _ 0 ) ; donkey ( x _ 2 ) AND tolerate . agent ( x _ 3 , x _ 0 ) AND tolerate . theme ( x _ 3 , x _ 2 ) AND find . agent ( x _ 4 , Emma ) AND find . theme ( x _ 4 , x _ 2 )	elips_RNR_in_dist
349	A girl liked and a friend tolerated a dog .	girl ( x _ 0 ) AND dog ( x _ 3 ) AND friend ( x _ 2 ) AND like . agent ( x _ 4 , x _ 0 ) AND like . theme ( x _ 4 , x _ 3 ) AND tolerate . agent ( x _ 5 , x _ 2 ) AND tolerate . theme ( x _ 5 , x _ 3 )	elips_RNR_in_dist
350	William ate and the chicken loved the teacher .	* teacher ( x _ 2 ) ; * chicken ( x _ 1 ) ; eat . agent ( x _ 3 , William ) AND eat . theme ( x _ 3 , x _ 2 ) AND love . agent ( x _ 4 , x _ 1 ) AND love . theme ( x _ 4 , x _ 2 )	elips_RNR_in_dist
351	Emma cooked and Benjamin liked the kitty .	* kitty ( x _ 1 ) ; cook . agent ( x _ 2 , Emma ) AND cook . theme ( x _ 2 , x _ 1 ) AND like . agent ( x _ 3 , Benjamin ) AND like . theme ( x _ 3 , x _ 1 )	elips_RNR_in_dist
352	Asher cleaned and Emma respected a girl .	girl ( x _ 1 ) AND clean . agent ( x _ 2 , Asher ) AND clean . theme ( x _ 2 , x _ 1 ) AND respect . agent ( x _ 3 , Emma ) AND respect . theme ( x _ 3 , x _ 1 )	elips_RNR_in_dist
353	Noah liked and a crocodile adored Jack .	crocodile ( x _ 0 ) AND like . agent ( x _ 1 , Noah ) AND like . theme ( x _ 1 , Jack ) AND adore . agent ( x _ 2 , x _ 0 ) AND adore . theme ( x _ 2 , Jack )	elips_RNR_in_dist
354	The lion helped and the girl helped a boy .	* lion ( x _ 0 ) ; * girl ( x _ 2 ) ; boy ( x _ 3 ) AND help . agent ( x _ 4 , x _ 0 ) AND help . theme ( x _ 4 , x _ 3 ) AND help . agent ( x _ 5 , x _ 2 ) AND help . theme ( x _ 5 , x _ 3 )	elips_RNR_in_dist
355	Emma painted and the girl found a bear .	* girl ( x _ 1 ) ; bear ( x _ 2 ) AND paint . agent ( x _ 3 , Emma ) AND paint . theme ( x _ 3 , x _ 2 ) AND find . agent ( x _ 4 , x _ 1 ) AND find . theme ( x _ 4 , x _ 2 )	elips_RNR_in_dist
356	A boy cooked and Liam helped Brooklyn .	boy ( x _ 0 ) AND cook . agent ( x _ 1 , x _ 0 ) AND cook . theme ( x _ 1 , Brooklyn ) AND help . agent ( x _ 2 , Liam ) AND help . theme ( x _ 2 , Brooklyn )	elips_RNR_in_dist
357	Ava sketched and a friend loved Riley .	friend ( x _ 0 ) AND sketch . agent ( x _ 1 , Ava ) AND sketch . theme ( x _ 1 , Riley ) AND love . agent ( x _ 2 , x _ 0 ) AND love . theme ( x _ 2 , Riley )	elips_RNR_in_dist
358	A child liked and Mila liked the girl .	* girl ( x _ 2 ) ; child ( x _ 0 ) AND like . agent ( x _ 3 , x _ 0 ) AND like . theme ( x _ 3 , x _ 2 ) AND like . agent ( x _ 4 , Mila ) AND like . theme ( x _ 4 , x _ 2 )	elips_RNR_in_dist
359	Liam drew and Olivia helped Wyatt .	draw . agent ( x _ 0 , Liam ) AND draw . theme ( x _ 0 , Wyatt ) AND help . agent ( x _ 1 , Olivia ) AND help . theme ( x _ 1 , Wyatt )	elips_RNR_in_dist
360	A boy missed and Noah poked Penelope .	boy ( x _ 0 ) AND miss . agent ( x _ 1 , x _ 0 ) AND miss . theme ( x _ 1 , Penelope ) AND poke . agent ( x _ 2 , Noah ) AND poke . theme ( x _ 2 , Penelope )	elips_RNR_in_dist
361	A politician appreciated and Emma loved the professor .	* professor ( x _ 2 ) ; politician ( x _ 0 ) AND appreciate . agent ( x _ 3 , x _ 0 ) AND appreciate . theme ( x _ 3 , x _ 2 ) AND love . agent ( x _ 4 , Emma ) AND love . theme ( x _ 4 , x _ 2 )	elips_RNR_in_dist
362	A cat poked and a creature helped Zoey .	cat ( x _ 0 ) AND creature ( x _ 1 ) AND poke . agent ( x _ 2 , x _ 0 ) AND poke . theme ( x _ 2 , Zoey ) AND help . agent ( x _ 3 , x _ 1 ) AND help . theme ( x _ 3 , Zoey )	elips_RNR_in_dist
363	Owen liked and Emma liked Luke .	like . agent ( x _ 0 , Owen ) AND like . theme ( x _ 0 , Luke ) AND like . agent ( x _ 1 , Emma ) AND like . theme ( x _ 1 , Luke )	elips_RNR_in_dist
364	The cat painted and Emma liked the girl .	* cat ( x _ 0 ) ; * girl ( x _ 2 ) ; paint . agent ( x _ 3 , x _ 0 ) AND paint . theme ( x _ 3 , x _ 2 ) AND like . agent ( x _ 4 , Emma ) AND like . theme ( x _ 4 , x _ 2 )	elips_RNR_in_dist
365	Evelyn tossed and William helped the girl .	* girl ( x _ 1 ) ; toss . agent ( x _ 2 , Evelyn ) AND toss . theme ( x _ 2 , x _ 1 ) AND help . agent ( x _ 3 , William ) AND help . theme ( x _ 3 , x _ 1 )	elips_RNR_in_dist
366	A child found and Emma found Penelope .	child ( x _ 0 ) AND find . agent ( x _ 1 , x _ 0 ) AND find . theme ( x _ 1 , Penelope ) AND find . agent ( x _ 2 , Emma ) AND find . theme ( x _ 2 , Penelope )	elips_RNR_in_dist
367	Sebastian liked and the girl adored Jaxon .	* girl ( x _ 0 ) ; like . agent ( x _ 1 , Sebastian ) AND like . theme ( x _ 1 , Jaxon ) AND adore . agent ( x _ 2 , x _ 0 ) AND adore . theme ( x _ 2 , Jaxon )	elips_RNR_in_dist
368	The mouse appreciated and a boy liked Layla .	* mouse ( x _ 0 ) ; boy ( x _ 1 ) AND appreciate . agent ( x _ 2 , x _ 0 ) AND appreciate . theme ( x _ 2 , Layla ) AND like . agent ( x _ 3 , x _ 1 ) AND like . theme ( x _ 3 , Layla )	elips_RNR_in_dist
369	Noah helped and Emma respected Penelope .	help . agent ( x _ 0 , Noah ) AND help . theme ( x _ 0 , Penelope ) AND respect . agent ( x _ 1 , Emma ) AND respect . theme ( x _ 1 , Penelope )	elips_RNR_in_dist
370	A girl ate and a cat liked a giraffe .	girl ( x _ 0 ) AND giraffe ( x _ 3 ) AND cat ( x _ 2 ) AND eat . agent ( x _ 4 , x _ 0 ) AND eat . theme ( x _ 4 , x _ 3 ) AND like . agent ( x _ 5 , x _ 2 ) AND like . theme ( x _ 5 , x _ 3 )	elips_RNR_in_dist
371	Isabella tolerated and a student helped Riley .	student ( x _ 0 ) AND tolerate . agent ( x _ 1 , Isabella ) AND tolerate . theme ( x _ 1 , Riley ) AND help . agent ( x _ 2 , x _ 0 ) AND help . theme ( x _ 2 , Riley )	elips_RNR_in_dist
372	James liked and the boy helped John .	* boy ( x _ 0 ) ; like . agent ( x _ 1 , James ) AND like . theme ( x _ 1 , John ) AND help . agent ( x _ 2 , x _ 0 ) AND help . theme ( x _ 2 , John )	elips_RNR_in_dist
373	A girl worshipped and Emma held Bella .	girl ( x _ 0 ) AND worship . agent ( x _ 1 , x _ 0 ) AND worship . theme ( x _ 1 , Bella ) AND hold . agent ( x _ 2 , Emma ) AND hold . theme ( x _ 2 , Bella )	elips_RNR_in_dist
374	Emma found and Henry liked Claire .	find . agent ( x _ 0 , Emma ) AND find . theme ( x _ 0 , Claire ) AND like . agent ( x _ 1 , Henry ) AND like . theme ( x _ 1 , Claire )	elips_RNR_in_dist
375	Liam discovered and the child threw Penelope .	* child ( x _ 0 ) ; discover . agent ( x _ 1 , Liam ) AND discover . theme ( x _ 1 , Penelope ) AND throw . agent ( x _ 2 , x _ 0 ) AND throw . theme ( x _ 2 , Penelope )	elips_RNR_in_dist
376	The prisoner admired and a girl found the patient .	* prisoner ( x _ 0 ) ; * patient ( x _ 3 ) ; girl ( x _ 2 ) AND admire . agent ( x _ 4 , x _ 0 ) AND admire . theme ( x _ 4 , x _ 3 ) AND find . agent ( x _ 5 , x _ 2 ) AND find . theme ( x _ 5 , x _ 3 )	elips_RNR_in_dist
377	Carter liked and a cat appreciated Lincoln .	cat ( x _ 0 ) AND like . agent ( x _ 1 , Carter ) AND like . theme ( x _ 1 , Lincoln ) AND appreciate . agent ( x _ 2 , x _ 0 ) AND appreciate . theme ( x _ 2 , Lincoln )	elips_RNR_in_dist
378	The dog studied and a giraffe liked a boy .	* dog ( x _ 0 ) ; boy ( x _ 3 ) AND giraffe ( x _ 2 ) AND study . agent ( x _ 4 , x _ 0 ) AND study . theme ( x _ 4 , x _ 3 ) AND like . agent ( x _ 5 , x _ 2 ) AND like . theme ( x _ 5 , x _ 3 )	elips_RNR_in_dist
379	A girl loved and Liam admired Riley .	girl ( x _ 0 ) AND love . agent ( x _ 1 , x _ 0 ) AND love . theme ( x _ 1 , Riley ) AND admire . agent ( x _ 2 , Liam ) AND admire . theme ( x _ 2 , Riley )	elips_RNR_in_dist
380	A pony observed and Savannah found a cat .	pony ( x _ 0 ) AND cat ( x _ 2 ) AND observe . agent ( x _ 3 , x _ 0 ) AND observe . theme ( x _ 3 , x _ 2 ) AND find . agent ( x _ 4 , Savannah ) AND find . theme ( x _ 4 , x _ 2 )	elips_RNR_in_dist
381	A dog liked and Charlotte touched Eleanor .	dog ( x _ 0 ) AND like . agent ( x _ 1 , x _ 0 ) AND like . theme ( x _ 1 , Eleanor ) AND touch . agent ( x _ 2 , Charlotte ) AND touch . theme ( x _ 2 , Eleanor )	elips_RNR_in_dist
382	A frog cleaned and the girl found Wyatt .	* girl ( x _ 1 ) ; frog ( x _ 0 ) AND clean . agent ( x _ 2 , x _ 0 ) AND clean . theme ( x _ 2 , Wyatt ) AND find . agent ( x _ 3 , x _ 1 ) AND find . theme ( x _ 3 , Wyatt )	elips_RNR_in_dist
383	The princess ate and the prisoner missed the baby .	* princess ( x _ 0 ) ; * baby ( x _ 3 ) ; * prisoner ( x _ 2 ) ; eat . agent ( x _ 4 , x _ 0 ) AND eat . theme ( x _ 4 , x _ 3 ) AND miss . agent ( x _ 5 , x _ 2 ) AND miss . theme ( x _ 5 , x _ 3 )	elips_RNR_in_dist
384	The girl sketched and a child helped Penelope .	* girl ( x _ 0 ) ; child ( x _ 1 ) AND sketch . agent ( x _ 2 , x _ 0 ) AND sketch . theme ( x _ 2 , Penelope ) AND help . agent ( x _ 3 , x _ 1 ) AND help . theme ( x _ 3 , Penelope )	elips_RNR_in_dist
385	A judge liked and the cat helped the king .	* king ( x _ 3 ) ; * cat ( x _ 2 ) ; judge ( x _ 0 ) AND like . agent ( x _ 4 , x _ 0 ) AND like . theme ( x _ 4 , x _ 3 ) AND help . agent ( x _ 5 , x _ 2 ) AND help . theme ( x _ 5 , x _ 3 )	elips_RNR_in_dist
386	A tiger liked and Daniel liked the girl .	* girl ( x _ 2 ) ; tiger ( x _ 0 ) AND like . agent ( x _ 3 , x _ 0 ) AND like . theme ( x _ 3 , x _ 2 ) AND like . agent ( x _ 4 , Daniel ) AND like . theme ( x _ 4 , x _ 2 )	elips_RNR_in_dist
387	Isaac helped and Liam liked the child .	* child ( x _ 1 ) ; help . agent ( x _ 2 , Isaac ) AND help . theme ( x _ 2 , x _ 1 ) AND like . agent ( x _ 3 , Liam ) AND like . theme ( x _ 3 , x _ 1 )	elips_RNR_in_dist
388	The cow ate and Liam found Layla .	* cow ( x _ 0 ) ; eat . agent ( x _ 1 , x _ 0 ) AND eat . theme ( x _ 1 , Layla ) AND find . agent ( x _ 2 , Liam ) AND find . theme ( x _ 2 , Layla )	elips_RNR_in_dist
389	Hannah ate and a girl liked a baby .	baby ( x _ 2 ) AND girl ( x _ 1 ) AND eat . agent ( x _ 3 , Hannah ) AND eat . theme ( x _ 3 , x _ 2 ) AND like . agent ( x _ 4 , x _ 1 ) AND like . theme ( x _ 4 , x _ 2 )	elips_RNR_in_dist
390	Emma threw and a cat helped a girl .	girl ( x _ 2 ) AND cat ( x _ 1 ) AND throw . agent ( x _ 3 , Emma ) AND throw . theme ( x _ 3 , x _ 2 ) AND help . agent ( x _ 4 , x _ 1 ) AND help . theme ( x _ 4 , x _ 2 )	elips_RNR_in_dist
391	The bear ate and a hen missed Wyatt .	* bear ( x _ 0 ) ; hen ( x _ 1 ) AND eat . agent ( x _ 2 , x _ 0 ) AND eat . theme ( x _ 2 , Wyatt ) AND miss . agent ( x _ 3 , x _ 1 ) AND miss . theme ( x _ 3 , Wyatt )	elips_RNR_in_dist
392	The spokesman pierced and the bird liked the girl .	* spokesman ( x _ 0 ) ; * girl ( x _ 3 ) ; * bird ( x _ 2 ) ; pierce . agent ( x _ 4 , x _ 0 ) AND pierce . theme ( x _ 4 , x _ 3 ) AND like . agent ( x _ 5 , x _ 2 ) AND like . theme ( x _ 5 , x _ 3 )	elips_RNR_in_dist
393	The director liked and Emma adored Penelope .	* director ( x _ 0 ) ; like . agent ( x _ 1 , x _ 0 ) AND like . theme ( x _ 1 , Penelope ) AND adore . agent ( x _ 2 , Emma ) AND adore . theme ( x _ 2 , Penelope )	elips_RNR_in_dist
394	Henry investigated and the horse worshipped the boy .	* boy ( x _ 2 ) ; * horse ( x _ 1 ) ; investigate . agent ( x _ 3 , Henry ) AND investigate . theme ( x _ 3 , x _ 2 ) AND worship . agent ( x _ 4 , x _ 1 ) AND worship . theme ( x _ 4 , x _ 2 )	elips_RNR_in_dist
395	Olivia noticed and the cat found Jayden .	* cat ( x _ 0 ) ; notice . agent ( x _ 1 , Olivia ) AND notice . theme ( x _ 1 , Jayden ) AND find . agent ( x _ 2 , x _ 0 ) AND find . theme ( x _ 2 , Jayden )	elips_RNR_in_dist
396	The monkey appreciated and the hero pierced a girl .	* monkey ( x _ 0 ) ; * hero ( x _ 2 ) ; girl ( x _ 3 ) AND appreciate . agent ( x _ 4 , x _ 0 ) AND appreciate . theme ( x _ 4 , x _ 3 ) AND pierce . agent ( x _ 5 , x _ 2 ) AND pierce . theme ( x _ 5 , x _ 3 )	elips_RNR_in_dist
397	Emma found and Noah found Penelope .	find . agent ( x _ 0 , Emma ) AND find . theme ( x _ 0 , Penelope ) AND find . agent ( x _ 1 , Noah ) AND find . theme ( x _ 1 , Penelope )	elips_RNR_in_dist
398	Lucas liked and Emma helped a girl .	girl ( x _ 1 ) AND like . agent ( x _ 2 , Lucas ) AND like . theme ( x _ 2 , x _ 1 ) AND help . agent ( x _ 3 , Emma ) AND help . theme ( x _ 3 , x _ 1 )	elips_RNR_in_dist
399	A mouse poked and Emma liked Wyatt .	mouse ( x _ 0 ) AND poke . agent ( x _ 1 , x _ 0 ) AND poke . theme ( x _ 1 , Wyatt ) AND like . agent ( x _ 2 , Emma ) AND like . theme ( x _ 2 , Wyatt )	elips_RNR_in_dist
400	A boy helped and the girl discovered a dog .	* girl ( x _ 2 ) ; boy ( x _ 0 ) AND dog ( x _ 3 ) AND help . agent ( x _ 4 , x _ 0 ) AND help . theme ( x _ 4 , x _ 3 ) AND discover . agent ( x _ 5 , x _ 2 ) AND discover . theme ( x _ 5 , x _ 3 )	elips_RNR_in_dist
401	Liam found and Emma helped Penelope .	find . agent ( x _ 0 , Liam ) AND find . theme ( x _ 0 , Penelope ) AND help . agent ( x _ 1 , Emma ) AND help . theme ( x _ 1 , Penelope )	elips_RNR_in_dist
402	A doctor ate and Ava liked a boy .	doctor ( x _ 0 ) AND boy ( x _ 2 ) AND eat . agent ( x _ 3 , x _ 0 ) AND eat . theme ( x _ 3 , x _ 2 ) AND like . agent ( x _ 4 , Ava ) AND like . theme ( x _ 4 , x _ 2 )	elips_RNR_in_dist
403	The queen ate and a girl liked a duck .	* queen ( x _ 0 ) ; duck ( x _ 3 ) AND girl ( x _ 2 ) AND eat . agent ( x _ 4 , x _ 0 ) AND eat . theme ( x _ 4 , x _ 3 ) AND like . agent ( x _ 5 , x _ 2 ) AND like . theme ( x _ 5 , x _ 3 )	elips_RNR_in_dist
404	Emma liked and Brooklyn liked a girl .	girl ( x _ 1 ) AND like . agent ( x _ 2 , Emma ) AND like . theme ( x _ 2 , x _ 1 ) AND like . agent ( x _ 3 , Brooklyn ) AND like . theme ( x _ 3 , x _ 1 )	elips_RNR_in_dist
405	A penguin found and Emma helped the girl .	* girl ( x _ 2 ) ; penguin ( x _ 0 ) AND find . agent ( x _ 3 , x _ 0 ) AND find . theme ( x _ 3 , x _ 2 ) AND help . agent ( x _ 4 , Emma ) AND help . theme ( x _ 4 , x _ 2 )	elips_RNR_in_dist
406	Liam found and a dog liked Penelope .	dog ( x _ 0 ) AND find . agent ( x _ 1 , Liam ) AND find . theme ( x _ 1 , Penelope ) AND like . agent ( x _ 2 , x _ 0 ) AND like . theme ( x _ 2 , Penelope )	elips_RNR_in_dist
407	A guard missed and the hero threw Wyatt .	* hero ( x _ 1 ) ; guard ( x _ 0 ) AND miss . agent ( x _ 2 , x _ 0 ) AND miss . theme ( x _ 2 , Wyatt ) AND throw . agent ( x _ 3 , x _ 1 ) AND throw . theme ( x _ 3 , Wyatt )	elips_RNR_in_dist
408	The duck liked and Emma liked a dog .	* duck ( x _ 0 ) ; dog ( x _ 2 ) AND like . agent ( x _ 3 , x _ 0 ) AND like . theme ( x _ 3 , x _ 2 ) AND like . agent ( x _ 4 , Emma ) AND like . theme ( x _ 4 , x _ 2 )	elips_RNR_in_dist
409	Emma drew and a champion touched Jaxon .	champion ( x _ 0 ) AND draw . agent ( x _ 1 , Emma ) AND draw . theme ( x _ 1 , Jaxon ) AND touch . agent ( x _ 2 , x _ 0 ) AND touch . theme ( x _ 2 , Jaxon )	elips_RNR_in_dist
410	Gabriel drew and the girl liked Zoey .	* girl ( x _ 0 ) ; draw . agent ( x _ 1 , Gabriel ) AND draw . theme ( x _ 1 , Zoey ) AND like . agent ( x _ 2 , x _ 0 ) AND like . theme ( x _ 2 , Zoey )	elips_RNR_in_dist
411	The teacher helped and the dog liked Nathan .	* teacher ( x _ 0 ) ; * dog ( x _ 1 ) ; help . agent ( x _ 2 , x _ 0 ) AND help . theme ( x _ 2 , Nathan ) AND like . agent ( x _ 3 , x _ 1 ) AND like . theme ( x _ 3 , Nathan )	elips_RNR_in_dist
412	A penguin liked and a butterfly discovered the boy .	* boy ( x _ 3 ) ; penguin ( x _ 0 ) AND butterfly ( x _ 2 ) AND like . agent ( x _ 4 , x _ 0 ) AND like . theme ( x _ 4 , x _ 3 ) AND discover . agent ( x _ 5 , x _ 2 ) AND discover . theme ( x _ 5 , x _ 3 )	elips_RNR_in_dist
413	Emma found and the girl helped Penelope .	* girl ( x _ 0 ) ; find . agent ( x _ 1 , Emma ) AND find . theme ( x _ 1 , Penelope ) AND help . agent ( x _ 2 , x _ 0 ) AND help . theme ( x _ 2 , Penelope )	elips_RNR_in_dist
414	Charlotte ate and the tourist liked Jayden .	* tourist ( x _ 0 ) ; eat . agent ( x _ 1 , Charlotte ) AND eat . theme ( x _ 1 , Jayden ) AND like . agent ( x _ 2 , x _ 0 ) AND like . theme ( x _ 2 , Jayden )	elips_RNR_in_dist
415	Olivia ate and Aurora liked Wyatt .	eat . agent ( x _ 0 , Olivia ) AND eat . theme ( x _ 0 , Wyatt ) AND like . agent ( x _ 1 , Aurora ) AND like . theme ( x _ 1 , Wyatt )	elips_RNR_in_dist
416	Lucas cleaned and a boy poked the cat .	* cat ( x _ 2 ) ; boy ( x _ 1 ) AND clean . agent ( x _ 3 , Lucas ) AND clean . theme ( x _ 3 , x _ 2 ) AND poke . agent ( x _ 4 , x _ 1 ) AND poke . theme ( x _ 4 , x _ 2 )	elips_RNR_in_dist
417	The giraffe cooked and the girl respected Eleanor .	* giraffe ( x _ 0 ) ; * girl ( x _ 1 ) ; cook . agent ( x _ 2 , x _ 0 ) AND cook . theme ( x _ 2 , Eleanor ) AND respect . agent ( x _ 3 , x _ 1 ) AND respect . theme ( x _ 3 , Eleanor )	elips_RNR_in_dist
418	Emma valued and a driver liked Penelope .	driver ( x _ 0 ) AND value . agent ( x _ 1 , Emma ) AND value . theme ( x _ 1 , Penelope ) AND like . agent ( x _ 2 , x _ 0 ) AND like . theme ( x _ 2 , Penelope )	elips_RNR_in_dist
419	The dog painted and Jaxon liked a tiger .	* dog ( x _ 0 ) ; tiger ( x _ 2 ) AND paint . agent ( x _ 3 , x _ 0 ) AND paint . theme ( x _ 3 , x _ 2 ) AND like . agent ( x _ 4 , Jaxon ) AND like . theme ( x _ 4 , x _ 2 )	elips_RNR_in_dist
420	A dog liked and a giraffe found Penelope .	dog ( x _ 0 ) AND giraffe ( x _ 1 ) AND like . agent ( x _ 2 , x _ 0 ) AND like . theme ( x _ 2 , Penelope ) AND find . agent ( x _ 3 , x _ 1 ) AND find . theme ( x _ 3 , Penelope )	elips_RNR_in_dist
421	The girl liked and a lion found a frog .	* girl ( x _ 0 ) ; frog ( x _ 3 ) AND lion ( x _ 2 ) AND like . agent ( x _ 4 , x _ 0 ) AND like . theme ( x _ 4 , x _ 3 ) AND find . agent ( x _ 5 , x _ 2 ) AND find . theme ( x _ 5 , x _ 3 )	elips_RNR_in_dist
422	A girl ate and a chicken appreciated Thomas .	girl ( x _ 0 ) AND chicken ( x _ 1 ) AND eat . agent ( x _ 2 , x _ 0 ) AND eat . theme ( x _ 2 , Thomas ) AND appreciate . agent ( x _ 3 , x _ 1 ) AND appreciate . theme ( x _ 3 , Thomas )	elips_RNR_in_dist
423	Emma saw and the mouse liked Penelope .	* mouse ( x _ 0 ) ; see . agent ( x _ 1 , Emma ) AND see . theme ( x _ 1 , Penelope ) AND like . agent ( x _ 2 , x _ 0 ) AND like . theme ( x _ 2 , Penelope )	elips_RNR_in_dist
424	Oliver found and Emma tolerated the teacher .	* teacher ( x _ 1 ) ; find . agent ( x _ 2 , Oliver ) AND find . theme ( x _ 2 , x _ 1 ) AND tolerate . agent ( x _ 3 , Emma ) AND tolerate . theme ( x _ 3 , x _ 1 )	elips_RNR_in_dist
425	Noah admired and the cat helped Penelope .	* cat ( x _ 0 ) ; admire . agent ( x _ 1 , Noah ) AND admire . theme ( x _ 1 , Penelope ) AND help . agent ( x _ 2 , x _ 0 ) AND help . theme ( x _ 2 , Penelope )	elips_RNR_in_dist
426	Liam ate and the girl admired the giraffe .	* giraffe ( x _ 2 ) ; * girl ( x _ 1 ) ; eat . agent ( x _ 3 , Liam ) AND eat . theme ( x _ 3 , x _ 2 ) AND admire . agent ( x _ 4 , x _ 1 ) AND admire . theme ( x _ 4 , x _ 2 )	elips_RNR_in_dist
427	The boy painted and the cat discovered Natalie .	* boy ( x _ 0 ) ; * cat ( x _ 1 ) ; paint . agent ( x _ 2 , x _ 0 ) AND paint . theme ( x _ 2 , Natalie ) AND discover . agent ( x _ 3 , x _ 1 ) AND discover . theme ( x _ 3 , Natalie )	elips_RNR_in_dist
428	Liam discovered and the girl helped a cat .	* girl ( x _ 1 ) ; cat ( x _ 2 ) AND discover . agent ( x _ 3 , Liam ) AND discover . theme ( x _ 3 , x _ 2 ) AND help . agent ( x _ 4 , x _ 1 ) AND help . theme ( x _ 4 , x _ 2 )	elips_RNR_in_dist
429	The dog ate and Oliver liked Penelope .	* dog ( x _ 0 ) ; eat . agent ( x _ 1 , x _ 0 ) AND eat . theme ( x _ 1 , Penelope ) AND like . agent ( x _ 2 , Oliver ) AND like . theme ( x _ 2 , Penelope )	elips_RNR_in_dist
430	William loved and the girl liked Layla .	* girl ( x _ 0 ) ; love . agent ( x _ 1 , William ) AND love . theme ( x _ 1 , Layla ) AND like . agent ( x _ 2 , x _ 0 ) AND like . theme ( x _ 2 , Layla )	elips_RNR_in_dist
431	Liam liked and the girl touched the lawyer .	* lawyer ( x _ 2 ) ; * girl ( x _ 1 ) ; like . agent ( x _ 3 , Liam ) AND like . theme ( x _ 3 , x _ 2 ) AND touch . agent ( x _ 4 , x _ 1 ) AND touch . theme ( x _ 4 , x _ 2 )	elips_RNR_in_dist
432	The landlord liked and the boy respected the baby .	* landlord ( x _ 0 ) ; * baby ( x _ 3 ) ; * boy ( x _ 2 ) ; like . agent ( x _ 4 , x _ 0 ) AND like . theme ( x _ 4 , x _ 3 ) AND respect . agent ( x _ 5 , x _ 2 ) AND respect . theme ( x _ 5 , x _ 3 )	elips_RNR_in_dist
433	Ella ate and Ava helped a girl .	girl ( x _ 1 ) AND eat . agent ( x _ 2 , Ella ) AND eat . theme ( x _ 2 , x _ 1 ) AND help . agent ( x _ 3 , Ava ) AND help . theme ( x _ 3 , x _ 1 )	elips_RNR_in_dist
434	A boy found and Liam appreciated Layla .	boy ( x _ 0 ) AND find . agent ( x _ 1 , x _ 0 ) AND find . theme ( x _ 1 , Layla ) AND appreciate . agent ( x _ 2 , Liam ) AND appreciate . theme ( x _ 2 , Layla )	elips_RNR_in_dist
435	Emma found and Liam tossed Joshua .	find . agent ( x _ 0 , Emma ) AND find . theme ( x _ 0 , Joshua ) AND toss . agent ( x _ 1 , Liam ) AND toss . theme ( x _ 1 , Joshua )	elips_RNR_in_dist
436	Liam drew and Sophia found the child .	* child ( x _ 1 ) ; draw . agent ( x _ 2 , Liam ) AND draw . theme ( x _ 2 , x _ 1 ) AND find . agent ( x _ 3 , Sophia ) AND find . theme ( x _ 3 , x _ 1 )	elips_RNR_in_dist
437	A donkey examined and a girl liked the president .	* president ( x _ 3 ) ; donkey ( x _ 0 ) AND girl ( x _ 2 ) AND examine . agent ( x _ 4 , x _ 0 ) AND examine . theme ( x _ 4 , x _ 3 ) AND like . agent ( x _ 5 , x _ 2 ) AND like . theme ( x _ 5 , x _ 3 )	elips_RNR_in_dist
438	Emma liked and the governor liked Penelope .	* governor ( x _ 0 ) ; like . agent ( x _ 1 , Emma ) AND like . theme ( x _ 1 , Penelope ) AND like . agent ( x _ 2 , x _ 0 ) AND like . theme ( x _ 2 , Penelope )	elips_RNR_in_dist
439	A girl helped and the baby admired the child .	* child ( x _ 3 ) ; * baby ( x _ 2 ) ; girl ( x _ 0 ) AND help . agent ( x _ 4 , x _ 0 ) AND help . theme ( x _ 4 , x _ 3 ) AND admire . agent ( x _ 5 , x _ 2 ) AND admire . theme ( x _ 5 , x _ 3 )	elips_RNR_in_dist
440	Jacob ate and the girl helped Layla .	* girl ( x _ 0 ) ; eat . agent ( x _ 1 , Jacob ) AND eat . theme ( x _ 1 , Layla ) AND help . agent ( x _ 2 , x _ 0 ) AND help . theme ( x _ 2 , Layla )	elips_RNR_in_dist
441	Emma investigated and a dog adored Penelope .	dog ( x _ 0 ) AND investigate . agent ( x _ 1 , Emma ) AND investigate . theme ( x _ 1 , Penelope ) AND adore . agent ( x _ 2 , x _ 0 ) AND adore . theme ( x _ 2 , Penelope )	elips_RNR_in_dist
442	Chloe dusted and Emma tolerated the girl .	* girl ( x _ 1 ) ; dust . agent ( x _ 2 , Chloe ) AND dust . theme ( x _ 2 , x _ 1 ) AND tolerate . agent ( x _ 3 , Emma ) AND tolerate . theme ( x _ 3 , x _ 1 )	elips_RNR_in_dist
443	Emma investigated and the cat adored Penelope .	* cat ( x _ 0 ) ; investigate . agent ( x _ 1 , Emma ) AND investigate . theme ( x _ 1 , Penelope ) AND adore . agent ( x _ 2 , x _ 0 ) AND adore . theme ( x _ 2 , Penelope )	elips_RNR_in_dist
444	The girl ate and a mother liked Natalie .	* girl ( x _ 0 ) ; mother ( x _ 1 ) AND eat . agent ( x _ 2 , x _ 0 ) AND eat . theme ( x _ 2 , Natalie ) AND like . agent ( x _ 3 , x _ 1 ) AND like . theme ( x _ 3 , Natalie )	elips_RNR_in_dist
445	A cat cooked and the child loved the hen .	* hen ( x _ 3 ) ; * child ( x _ 2 ) ; cat ( x _ 0 ) AND cook . agent ( x _ 4 , x _ 0 ) AND cook . theme ( x _ 4 , x _ 3 ) AND love . agent ( x _ 5 , x _ 2 ) AND love . theme ( x _ 5 , x _ 3 )	elips_RNR_in_dist
446	Jayden ate and the dog touched Zoe .	* dog ( x _ 0 ) ; eat . agent ( x _ 1 , Jayden ) AND eat . theme ( x _ 1 , Zoe ) AND touch . agent ( x _ 2 , x _ 0 ) AND touch . theme ( x _ 2 , Zoe )	elips_RNR_in_dist
447	A girl knew and a pig liked John .	girl ( x _ 0 ) AND pig ( x _ 1 ) AND know . agent ( x _ 2 , x _ 0 ) AND know . theme ( x _ 2 , John ) AND like . agent ( x _ 3 , x _ 1 ) AND like . theme ( x _ 3 , John )	elips_RNR_in_dist
448	Emma liked and a boy valued Zoey .	boy ( x _ 0 ) AND like . agent ( x _ 1 , Emma ) AND like . theme ( x _ 1 , Zoey ) AND value . agent ( x _ 2 , x _ 0 ) AND value . theme ( x _ 2 , Zoey )	elips_RNR_in_dist
449	Avery adored and Zoey helped Riley .	adore . agent ( x _ 0 , Avery ) AND adore . theme ( x _ 0 , Riley ) AND help . agent ( x _ 1 , Zoey ) AND help . theme ( x _ 1 , Riley )	elips_RNR_in_dist
450	Harper examined and Liam loved a girl .	girl ( x _ 1 ) AND examine . agent ( x _ 2 , Harper ) AND examine . theme ( x _ 2 , x _ 1 ) AND love . agent ( x _ 3 , Liam ) AND love . theme ( x _ 3 , x _ 1 )	elips_RNR_in_dist
451	Emily liked and a boy found Riley .	boy ( x _ 0 ) AND like . agent ( x _ 1 , Emily ) AND like . theme ( x _ 1 , Riley ) AND find . agent ( x _ 2 , x _ 0 ) AND find . theme ( x _ 2 , Riley )	elips_RNR_in_dist
452	The girl knew and Ava respected Penelope .	* girl ( x _ 0 ) ; know . agent ( x _ 1 , x _ 0 ) AND know . theme ( x _ 1 , Penelope ) AND respect . agent ( x _ 2 , Ava ) AND respect . theme ( x _ 2 , Penelope )	elips_RNR_in_dist
453	The servant helped and a baby helped a butterfly .	* servant ( x _ 0 ) ; butterfly ( x _ 3 ) AND baby ( x _ 2 ) AND help . agent ( x _ 4 , x _ 0 ) AND help . theme ( x _ 4 , x _ 3 ) AND help . agent ( x _ 5 , x _ 2 ) AND help . theme ( x _ 5 , x _ 3 )	elips_RNR_in_dist
454	Emma knew and a monkey threw Penelope .	monkey ( x _ 0 ) AND know . agent ( x _ 1 , Emma ) AND know . theme ( x _ 1 , Penelope ) AND throw . agent ( x _ 2 , x _ 0 ) AND throw . theme ( x _ 2 , Penelope )	elips_RNR_in_dist
455	A squirrel ate and Emma liked the girl .	* girl ( x _ 2 ) ; squirrel ( x _ 0 ) AND eat . agent ( x _ 3 , x _ 0 ) AND eat . theme ( x _ 3 , x _ 2 ) AND like . agent ( x _ 4 , Emma ) AND like . theme ( x _ 4 , x _ 2 )	elips_RNR_in_dist
456	Liam liked and the bear helped Claire .	* bear ( x _ 0 ) ; like . agent ( x _ 1 , Liam ) AND like . theme ( x _ 1 , Claire ) AND help . agent ( x _ 2 , x _ 0 ) AND help . theme ( x _ 2 , Claire )	elips_RNR_in_dist
457	Avery sketched and the girl touched a father .	* girl ( x _ 1 ) ; father ( x _ 2 ) AND sketch . agent ( x _ 3 , Avery ) AND sketch . theme ( x _ 3 , x _ 2 ) AND touch . agent ( x _ 4 , x _ 1 ) AND touch . theme ( x _ 4 , x _ 2 )	elips_RNR_in_dist
458	Oliver liked and a teacher liked Penelope .	teacher ( x _ 0 ) AND like . agent ( x _ 1 , Oliver ) AND like . theme ( x _ 1 , Penelope ) AND like . agent ( x _ 2 , x _ 0 ) AND like . theme ( x _ 2 , Penelope )	elips_RNR_in_dist
459	James helped and Olivia liked Hannah .	help . agent ( x _ 0 , James ) AND help . theme ( x _ 0 , Hannah ) AND like . agent ( x _ 1 , Olivia ) AND like . theme ( x _ 1 , Hannah )	elips_RNR_in_dist
460	Julian valued and the boy liked the cat .	* cat ( x _ 2 ) ; * boy ( x _ 1 ) ; value . agent ( x _ 3 , Julian ) AND value . theme ( x _ 3 , x _ 2 ) AND like . agent ( x _ 4 , x _ 1 ) AND like . theme ( x _ 4 , x _ 2 )	elips_RNR_in_dist
461	Evelyn cooked and Liam loved the duck .	* duck ( x _ 1 ) ; cook . agent ( x _ 2 , Evelyn ) AND cook . theme ( x _ 2 , x _ 1 ) AND love . agent ( x _ 3 , Liam ) AND love . theme ( x _ 3 , x _ 1 )	elips_RNR_in_dist
462	Daniel liked and a father liked a kid .	kid ( x _ 2 ) AND father ( x _ 1 ) AND like . agent ( x _ 3 , Daniel ) AND like . theme ( x _ 3 , x _ 2 ) AND like . agent ( x _ 4 , x _ 1 ) AND like . theme ( x _ 4 , x _ 2 )	elips_RNR_in_dist
463	A girl cooked and Addison liked a baby .	girl ( x _ 0 ) AND baby ( x _ 2 ) AND cook . agent ( x _ 3 , x _ 0 ) AND cook . theme ( x _ 3 , x _ 2 ) AND like . agent ( x _ 4 , Addison ) AND like . theme ( x _ 4 , x _ 2 )	elips_RNR_in_dist
464	A dog ate and Emma worshipped a boy .	dog ( x _ 0 ) AND boy ( x _ 2 ) AND eat . agent ( x _ 3 , x _ 0 ) AND eat . theme ( x _ 3 , x _ 2 ) AND worship . agent ( x _ 4 , Emma ) AND worship . theme ( x _ 4 , x _ 2 )	elips_RNR_in_dist
465	The girl held and a researcher liked Penelope .	* girl ( x _ 0 ) ; researcher ( x _ 1 ) AND hold . agent ( x _ 2 , x _ 0 ) AND hold . theme ( x _ 2 , Penelope ) AND like . agent ( x _ 3 , x _ 1 ) AND like . theme ( x _ 3 , Penelope )	elips_RNR_in_dist
466	Michael ate and Charlotte helped Hannah .	eat . agent ( x _ 0 , Michael ) AND eat . theme ( x _ 0 , Hannah ) AND help . agent ( x _ 1 , Charlotte ) AND help . theme ( x _ 1 , Hannah )	elips_RNR_in_dist
467	Emma nursed and the cat valued Wyatt .	* cat ( x _ 0 ) ; nurse . agent ( x _ 1 , Emma ) AND nurse . theme ( x _ 1 , Wyatt ) AND value . agent ( x _ 2 , x _ 0 ) AND value . theme ( x _ 2 , Wyatt )	elips_RNR_in_dist
468	Noah pierced and the boy poked Penelope .	* boy ( x _ 0 ) ; pierce . agent ( x _ 1 , Noah ) AND pierce . theme ( x _ 1 , Penelope ) AND poke . agent ( x _ 2 , x _ 0 ) AND poke . theme ( x _ 2 , Penelope )	elips_RNR_in_dist
469	Emma ate and a boy admired the lion .	* lion ( x _ 2 ) ; boy ( x _ 1 ) AND eat . agent ( x _ 3 , Emma ) AND eat . theme ( x _ 3 , x _ 2 ) AND admire . agent ( x _ 4 , x _ 1 ) AND admire . theme ( x _ 4 , x _ 2 )	elips_RNR_in_dist
470	Isabella liked and Emma loved Hannah .	like . agent ( x _ 0 , Isabella ) AND like . theme ( x _ 0 , Hannah ) AND love . agent ( x _ 1 , Emma ) AND love . theme ( x _ 1 , Hannah )	elips_RNR_in_dist
471	The girl discovered and Henry tolerated a boy .	* girl ( x _ 0 ) ; boy ( x _ 2 ) AND discover . agent ( x _ 3 , x _ 0 ) AND discover . theme ( x _ 3 , x _ 2 ) AND tolerate . agent ( x _ 4 , Henry ) AND tolerate . theme ( x _ 4 , x _ 2 )	elips_RNR_in_dist
472	The girl helped and Noah tolerated Lincoln .	* girl ( x _ 0 ) ; help . agent ( x _ 1 , x _ 0 ) AND help . theme ( x _ 1 , Lincoln ) AND tolerate . agent ( x _ 2 , Noah ) AND tolerate . theme ( x _ 2 , Lincoln )	elips_RNR_in_dist
473	Benjamin worshipped and a dog appreciated Claire .	dog ( x _ 0 ) AND worship . agent ( x _ 1 , Benjamin ) AND worship . theme ( x _ 1 , Claire ) AND appreciate . agent ( x _ 2 , x _ 0 ) AND appreciate . theme ( x _ 2 , Claire )	elips_RNR_in_dist
474	Ava liked and Liam adored a duck .	duck ( x _ 1 ) AND like . agent ( x _ 2 , Ava ) AND like . theme ( x _ 2 , x _ 1 ) AND adore . agent ( x _ 3 , Liam ) AND adore . theme ( x _ 3 , x _ 1 )	elips_RNR_in_dist
475	Emma juggled and a girl liked Jack .	girl ( x _ 0 ) AND juggle . agent ( x _ 1 , Emma ) AND juggle . theme ( x _ 1 , Jack ) AND like . agent ( x _ 2 , x _ 0 ) AND like . theme ( x _ 2 , Jack )	elips_RNR_in_dist
476	Emma helped and the hero liked Mateo .	* hero ( x _ 0 ) ; help . agent ( x _ 1 , Emma ) AND help . theme ( x _ 1 , Mateo ) AND like . agent ( x _ 2 , x _ 0 ) AND like . theme ( x _ 2 , Mateo )	elips_RNR_in_dist
477	The boy drew and the cat discovered the girl .	* boy ( x _ 0 ) ; * girl ( x _ 3 ) ; * cat ( x _ 2 ) ; draw . agent ( x _ 4 , x _ 0 ) AND draw . theme ( x _ 4 , x _ 3 ) AND discover . agent ( x _ 5 , x _ 2 ) AND discover . theme ( x _ 5 , x _ 3 )	elips_RNR_in_dist
478	Sophia touched and Emma adored Penelope .	touch . agent ( x _ 0 , Sophia ) AND touch . theme ( x _ 0 , Penelope ) AND adore . agent ( x _ 1 , Emma ) AND adore . theme ( x _ 1 , Penelope )	elips_RNR_in_dist
479	The princess worshipped and the cat helped the patient .	* princess ( x _ 0 ) ; * patient ( x _ 3 ) ; * cat ( x _ 2 ) ; worship . agent ( x _ 4 , x _ 0 ) AND worship . theme ( x _ 4 , x _ 3 ) AND help . agent ( x _ 5 , x _ 2 ) AND help . theme ( x _ 5 , x _ 3 )	elips_RNR_in_dist
480	Samuel admired and a lion missed the girl .	* girl ( x _ 2 ) ; lion ( x _ 1 ) AND admire . agent ( x _ 3 , Samuel ) AND admire . theme ( x _ 3 , x _ 2 ) AND miss . agent ( x _ 4 , x _ 1 ) AND miss . theme ( x _ 4 , x _ 2 )	elips_RNR_in_dist
481	Liam respected and Emma liked Penelope .	respect . agent ( x _ 0 , Liam ) AND respect . theme ( x _ 0 , Penelope ) AND like . agent ( x _ 1 , Emma ) AND like . theme ( x _ 1 , Penelope )	elips_RNR_in_dist
482	Noah ate and Emma pierced the tiger .	* tiger ( x _ 1 ) ; eat . agent ( x _ 2 , Noah ) AND eat . theme ( x _ 2 , x _ 1 ) AND pierce . agent ( x _ 3 , Emma ) AND pierce . theme ( x _ 3 , x _ 1 )	elips_RNR_in_dist
483	Liam ate and the child admired a girl .	* child ( x _ 1 ) ; girl ( x _ 2 ) AND eat . agent ( x _ 3 , Liam ) AND eat . theme ( x _ 3 , x _ 2 ) AND admire . agent ( x _ 4 , x _ 1 ) AND admire . theme ( x _ 4 , x _ 2 )	elips_RNR_in_dist
484	The boy discovered and Mason admired the girl .	* boy ( x _ 0 ) ; * girl ( x _ 2 ) ; discover . agent ( x _ 3 , x _ 0 ) AND discover . theme ( x _ 3 , x _ 2 ) AND admire . agent ( x _ 4 , Mason ) AND admire . theme ( x _ 4 , x _ 2 )	elips_RNR_in_dist
485	Dylan respected and the hen liked Lily .	* hen ( x _ 0 ) ; respect . agent ( x _ 1 , Dylan ) AND respect . theme ( x _ 1 , Lily ) AND like . agent ( x _ 2 , x _ 0 ) AND like . theme ( x _ 2 , Lily )	elips_RNR_in_dist
486	The girl found and Emma poked a dog .	* girl ( x _ 0 ) ; dog ( x _ 2 ) AND find . agent ( x _ 3 , x _ 0 ) AND find . theme ( x _ 3 , x _ 2 ) AND poke . agent ( x _ 4 , Emma ) AND poke . theme ( x _ 4 , x _ 2 )	elips_RNR_in_dist
487	Emily loved and Liam liked a girl .	girl ( x _ 1 ) AND love . agent ( x _ 2 , Emily ) AND love . theme ( x _ 2 , x _ 1 ) AND like . agent ( x _ 3 , Liam ) AND like . theme ( x _ 3 , x _ 1 )	elips_RNR_in_dist
488	The dog stabbed and Emma found Penelope .	* dog ( x _ 0 ) ; stab . agent ( x _ 1 , x _ 0 ) AND stab . theme ( x _ 1 , Penelope ) AND find . agent ( x _ 2 , Emma ) AND find . theme ( x _ 2 , Penelope )	elips_RNR_in_dist
489	The girl liked and the king helped Layla .	* girl ( x _ 0 ) ; * king ( x _ 1 ) ; like . agent ( x _ 2 , x _ 0 ) AND like . theme ( x _ 2 , Layla ) AND help . agent ( x _ 3 , x _ 1 ) AND help . theme ( x _ 3 , Layla )	elips_RNR_in_dist
490	A girl nursed and Ava liked Andrew .	girl ( x _ 0 ) AND nurse . agent ( x _ 1 , x _ 0 ) AND nurse . theme ( x _ 1 , Andrew ) AND like . agent ( x _ 2 , Ava ) AND like . theme ( x _ 2 , Andrew )	elips_RNR_in_dist
491	Elijah liked and Charlotte helped a chicken .	chicken ( x _ 1 ) AND like . agent ( x _ 2 , Elijah ) AND like . theme ( x _ 2 , x _ 1 ) AND help . agent ( x _ 3 , Charlotte ) AND help . theme ( x _ 3 , x _ 1 )	elips_RNR_in_dist
492	Chloe painted and Liam respected a lion .	lion ( x _ 1 ) AND paint . agent ( x _ 2 , Chloe ) AND paint . theme ( x _ 2 , x _ 1 ) AND respect . agent ( x _ 3 , Liam ) AND respect . theme ( x _ 3 , x _ 1 )	elips_RNR_in_dist
493	The squirrel loved and the president missed Wyatt .	* squirrel ( x _ 0 ) ; * president ( x _ 1 ) ; love . agent ( x _ 2 , x _ 0 ) AND love . theme ( x _ 2 , Wyatt ) AND miss . agent ( x _ 3 , x _ 1 ) AND miss . theme ( x _ 3 , Wyatt )	elips_RNR_in_dist
494	The doctor drew and a cat liked the girl .	* doctor ( x _ 0 ) ; * girl ( x _ 3 ) ; cat ( x _ 2 ) AND draw . agent ( x _ 4 , x _ 0 ) AND draw . theme ( x _ 4 , x _ 3 ) AND like . agent ( x _ 5 , x _ 2 ) AND like . theme ( x _ 5 , x _ 3 )	elips_RNR_in_dist
495	The frog liked and the lawyer helped Natalie .	* frog ( x _ 0 ) ; * lawyer ( x _ 1 ) ; like . agent ( x _ 2 , x _ 0 ) AND like . theme ( x _ 2 , Natalie ) AND help . agent ( x _ 3 , x _ 1 ) AND help . theme ( x _ 3 , Natalie )	elips_RNR_in_dist
496	Oliver ate and a boy helped a cat .	cat ( x _ 2 ) AND boy ( x _ 1 ) AND eat . agent ( x _ 3 , Oliver ) AND eat . theme ( x _ 3 , x _ 2 ) AND help . agent ( x _ 4 , x _ 1 ) AND help . theme ( x _ 4 , x _ 2 )	elips_RNR_in_dist
497	A girl found and the cat loved a teacher .	* cat ( x _ 2 ) ; girl ( x _ 0 ) AND teacher ( x _ 3 ) AND find . agent ( x _ 4 , x _ 0 ) AND find . theme ( x _ 4 , x _ 3 ) AND love . agent ( x _ 5 , x _ 2 ) AND love . theme ( x _ 5 , x _ 3 )	elips_RNR_in_dist
498	A cat observed and James tossed Lily .	cat ( x _ 0 ) AND observe . agent ( x _ 1 , x _ 0 ) AND observe . theme ( x _ 1 , Lily ) AND toss . agent ( x _ 2 , James ) AND toss . theme ( x _ 2 , Lily )	elips_RNR_in_dist
499	Liam painted and the monkey liked Penelope .	* monkey ( x _ 0 ) ; paint . agent ( x _ 1 , Liam ) AND paint . theme ( x _ 1 , Penelope ) AND like . agent ( x _ 2 , x _ 0 ) AND like . theme ( x _ 2 , Penelope )	elips_RNR_in_dist
500	Liam painted and Isabella admired a student .	student ( x _ 1 ) AND paint . agent ( x _ 2 , Liam ) AND paint . theme ( x _ 2 , x _ 1 ) AND admire . agent ( x _ 3 , Isabella ) AND admire . theme ( x _ 3 , x _ 1 )	elips_RNR_in_dist
501	The girl cleaned and Emma liked Penelope .	* girl ( x _ 0 ) ; clean . agent ( x _ 1 , x _ 0 ) AND clean . theme ( x _ 1 , Penelope ) AND like . agent ( x _ 2 , Emma ) AND like . theme ( x _ 2 , Penelope )	elips_RNR_in_dist
502	A boy painted and a cat loved Penelope .	boy ( x _ 0 ) AND cat ( x _ 1 ) AND paint . agent ( x _ 2 , x _ 0 ) AND paint . theme ( x _ 2 , Penelope ) AND love . agent ( x _ 3 , x _ 1 ) AND love . theme ( x _ 3 , Penelope )	elips_RNR_in_dist
503	Claire liked and Liam liked the duck .	* duck ( x _ 1 ) ; like . agent ( x _ 2 , Claire ) AND like . theme ( x _ 2 , x _ 1 ) AND like . agent ( x _ 3 , Liam ) AND like . theme ( x _ 3 , x _ 1 )	elips_RNR_in_dist
504	The dog liked and Scarlett liked the cat .	* dog ( x _ 0 ) ; * cat ( x _ 2 ) ; like . agent ( x _ 3 , x _ 0 ) AND like . theme ( x _ 3 , x _ 2 ) AND like . agent ( x _ 4 , Scarlett ) AND like . theme ( x _ 4 , x _ 2 )	elips_RNR_in_dist
505	A girl liked and a boy found Layla .	girl ( x _ 0 ) AND boy ( x _ 1 ) AND like . agent ( x _ 2 , x _ 0 ) AND like . theme ( x _ 2 , Layla ) AND find . agent ( x _ 3 , x _ 1 ) AND find . theme ( x _ 3 , Layla )	elips_RNR_in_dist
506	The bunny nursed and Sophia held Layla .	* bunny ( x _ 0 ) ; nurse . agent ( x _ 1 , x _ 0 ) AND nurse . theme ( x _ 1 , Layla ) AND hold . agent ( x _ 2 , Sophia ) AND hold . theme ( x _ 2 , Layla )	elips_RNR_in_dist
507	The girl painted and Emma liked Penelope .	* girl ( x _ 0 ) ; paint . agent ( x _ 1 , x _ 0 ) AND paint . theme ( x _ 1 , Penelope ) AND like . agent ( x _ 2 , Emma ) AND like . theme ( x _ 2 , Penelope )	elips_RNR_in_dist
508	The girl liked and Emma appreciated a bird .	* girl ( x _ 0 ) ; bird ( x _ 2 ) AND like . agent ( x _ 3 , x _ 0 ) AND like . theme ( x _ 3 , x _ 2 ) AND appreciate . agent ( x _ 4 , Emma ) AND appreciate . theme ( x _ 4 , x _ 2 )	elips_RNR_in_dist
509	A mouse missed and Benjamin liked the scientist .	* scientist ( x _ 2 ) ; mouse ( x _ 0 ) AND miss . agent ( x _ 3 , x _ 0 ) AND miss . theme ( x _ 3 , x _ 2 ) AND like . agent ( x _ 4 , Benjamin ) AND like . theme ( x _ 4 , x _ 2 )	elips_RNR_in_dist
510	Luke cooked and Olivia liked Wyatt .	cook . agent ( x _ 0 , Luke ) AND cook . theme ( x _ 0 , Wyatt ) AND like . agent ( x _ 1 , Olivia ) AND like . theme ( x _ 1 , Wyatt )	elips_RNR_in_dist
511	A lamb touched and a boy poked the girl .	* girl ( x _ 3 ) ; lamb ( x _ 0 ) AND boy ( x _ 2 ) AND touch . agent ( x _ 4 , x _ 0 ) AND touch . theme ( x _ 4 , x _ 3 ) AND poke . agent ( x _ 5 , x _ 2 ) AND poke . theme ( x _ 5 , x _ 3 )	elips_RNR_in_dist
512	Liam ate and a lion adored the boy .	* boy ( x _ 2 ) ; lion ( x _ 1 ) AND eat . agent ( x _ 3 , Liam ) AND eat . theme ( x _ 3 , x _ 2 ) AND adore . agent ( x _ 4 , x _ 1 ) AND adore . theme ( x _ 4 , x _ 2 )	elips_RNR_in_dist
513	Sophia loved and a girl admired Penelope .	girl ( x _ 0 ) AND love . agent ( x _ 1 , Sophia ) AND love . theme ( x _ 1 , Penelope ) AND admire . agent ( x _ 2 , x _ 0 ) AND admire . theme ( x _ 2 , Penelope )	elips_RNR_in_dist
514	Liam painted and Ava liked Jack .	paint . agent ( x _ 0 , Liam ) AND paint . theme ( x _ 0 , Jack ) AND like . agent ( x _ 1 , Ava ) AND like . theme ( x _ 1 , Jack )	elips_RNR_in_dist
515	David threw and Emma liked a girl .	girl ( x _ 1 ) AND throw . agent ( x _ 2 , David ) AND throw . theme ( x _ 2 , x _ 1 ) AND like . agent ( x _ 3 , Emma ) AND like . theme ( x _ 3 , x _ 1 )	elips_RNR_in_dist
516	The girl liked and a hero found Jack .	* girl ( x _ 0 ) ; hero ( x _ 1 ) AND like . agent ( x _ 2 , x _ 0 ) AND like . theme ( x _ 2 , Jack ) AND find . agent ( x _ 3 , x _ 1 ) AND find . theme ( x _ 3 , Jack )	elips_RNR_in_dist
517	The cow drew and Liam helped the dog .	* cow ( x _ 0 ) ; * dog ( x _ 2 ) ; draw . agent ( x _ 3 , x _ 0 ) AND draw . theme ( x _ 3 , x _ 2 ) AND help . agent ( x _ 4 , Liam ) AND help . theme ( x _ 4 , x _ 2 )	elips_RNR_in_dist
518	A dog helped and the girl pierced the boy .	* boy ( x _ 3 ) ; * girl ( x _ 2 ) ; dog ( x _ 0 ) AND help . agent ( x _ 4 , x _ 0 ) AND help . theme ( x _ 4 , x _ 3 ) AND pierce . agent ( x _ 5 , x _ 2 ) AND pierce . theme ( x _ 5 , x _ 3 )	elips_RNR_in_dist
519	The giraffe held and William discovered Layla .	* giraffe ( x _ 0 ) ; hold . agent ( x _ 1 , x _ 0 ) AND hold . theme ( x _ 1 , Layla ) AND discover . agent ( x _ 2 , William ) AND discover . theme ( x _ 2 , Layla )	elips_RNR_in_dist
520	A girl hunted and Emma helped Zoey .	girl ( x _ 0 ) AND hunt . agent ( x _ 1 , x _ 0 ) AND hunt . theme ( x _ 1 , Zoey ) AND help . agent ( x _ 2 , Emma ) AND help . theme ( x _ 2 , Zoey )	elips_RNR_in_dist
521	Emma ate and Liam helped the lion .	* lion ( x _ 1 ) ; eat . agent ( x _ 2 , Emma ) AND eat . theme ( x _ 2 , x _ 1 ) AND help . agent ( x _ 3 , Liam ) AND help . theme ( x _ 3 , x _ 1 )	elips_RNR_in_dist
522	Liam cooked and Victoria tolerated Zoey .	cook . agent ( x _ 0 , Liam ) AND cook . theme ( x _ 0 , Zoey ) AND tolerate . agent ( x _ 1 , Victoria ) AND tolerate . theme ( x _ 1 , Zoey )	elips_RNR_in_dist
523	Noah poked and Emma found a duck .	duck ( x _ 1 ) AND poke . agent ( x _ 2 , Noah ) AND poke . theme ( x _ 2 , x _ 1 ) AND find . agent ( x _ 3 , Emma ) AND find . theme ( x _ 3 , x _ 1 )	elips_RNR_in_dist
524	The lion ate and Olivia poked a girl .	* lion ( x _ 0 ) ; girl ( x _ 2 ) AND eat . agent ( x _ 3 , x _ 0 ) AND eat . theme ( x _ 3 , x _ 2 ) AND poke . agent ( x _ 4 , Olivia ) AND poke . theme ( x _ 4 , x _ 2 )	elips_RNR_in_dist
525	The baby ate and Emma liked the wolf .	* baby ( x _ 0 ) ; * wolf ( x _ 2 ) ; eat . agent ( x _ 3 , x _ 0 ) AND eat . theme ( x _ 3 , x _ 2 ) AND like . agent ( x _ 4 , Emma ) AND like . theme ( x _ 4 , x _ 2 )	elips_RNR_in_dist
526	Emma found and the deer liked a student .	* deer ( x _ 1 ) ; student ( x _ 2 ) AND find . agent ( x _ 3 , Emma ) AND find . theme ( x _ 3 , x _ 2 ) AND like . agent ( x _ 4 , x _ 1 ) AND like . theme ( x _ 4 , x _ 2 )	elips_RNR_in_dist
527	The lion hunted and Olivia valued Layla .	* lion ( x _ 0 ) ; hunt . agent ( x _ 1 , x _ 0 ) AND hunt . theme ( x _ 1 , Layla ) AND value . agent ( x _ 2 , Olivia ) AND value . theme ( x _ 2 , Layla )	elips_RNR_in_dist
528	A baby drew and Emma discovered John .	baby ( x _ 0 ) AND draw . agent ( x _ 1 , x _ 0 ) AND draw . theme ( x _ 1 , John ) AND discover . agent ( x _ 2 , Emma ) AND discover . theme ( x _ 2 , John )	elips_RNR_in_dist
529	Olivia liked and the baby threw a girl .	* baby ( x _ 1 ) ; girl ( x _ 2 ) AND like . agent ( x _ 3 , Olivia ) AND like . theme ( x _ 3 , x _ 2 ) AND throw . agent ( x _ 4 , x _ 1 ) AND throw . theme ( x _ 4 , x _ 2 )	elips_RNR_in_dist
530	Liam ate and a child helped Wyatt .	child ( x _ 0 ) AND eat . agent ( x _ 1 , Liam ) AND eat . theme ( x _ 1 , Wyatt ) AND help . agent ( x _ 2 , x _ 0 ) AND help . theme ( x _ 2 , Wyatt )	elips_RNR_in_dist
531	Emma missed and the girl found the boy .	* boy ( x _ 2 ) ; * girl ( x _ 1 ) ; miss . agent ( x _ 3 , Emma ) AND miss . theme ( x _ 3 , x _ 2 ) AND find . agent ( x _ 4 , x _ 1 ) AND find . theme ( x _ 4 , x _ 2 )	elips_RNR_in_dist
532	Emma poked and Alexander missed Penelope .	poke . agent ( x _ 0 , Emma ) AND poke . theme ( x _ 0 , Penelope ) AND miss . agent ( x _ 1 , Alexander ) AND miss . theme ( x _ 1 , Penelope )	elips_RNR_in_dist
533	Liam painted and Charlotte helped the child .	* child ( x _ 1 ) ; paint . agent ( x _ 2 , Liam ) AND paint . theme ( x _ 2 , x _ 1 ) AND help . agent ( x _ 3 , Charlotte ) AND help . theme ( x _ 3 , x _ 1 )	elips_RNR_in_dist
534	A cat ate and Benjamin liked Penelope .	cat ( x _ 0 ) AND eat . agent ( x _ 1 , x _ 0 ) AND eat . theme ( x _ 1 , Penelope ) AND like . agent ( x _ 2 , Benjamin ) AND like . theme ( x _ 2 , Penelope )	elips_RNR_in_dist
535	The dog touched and Emma liked the butterfly .	* dog ( x _ 0 ) ; * butterfly ( x _ 2 ) ; touch . agent ( x _ 3 , x _ 0 ) AND touch . theme ( x _ 3 , x _ 2 ) AND like . agent ( x _ 4 , Emma ) AND like . theme ( x _ 4 , x _ 2 )	elips_RNR_in_dist
536	Emma liked and the dog liked Penelope .	* dog ( x _ 0 ) ; like . agent ( x _ 1 , Emma ) AND like . theme ( x _ 1 , Penelope ) AND like . agent ( x _ 2 , x _ 0 ) AND like . theme ( x _ 2 , Penelope )	elips_RNR_in_dist
537	Emma liked and the boy found Riley .	* boy ( x _ 0 ) ; like . agent ( x _ 1 , Emma ) AND like . theme ( x _ 1 , Riley ) AND find . agent ( x _ 2 , x _ 0 ) AND find . theme ( x _ 2 , Riley )	elips_RNR_in_dist
538	Emma ate and Liam helped Penelope .	eat . agent ( x _ 0 , Emma ) AND eat . theme ( x _ 0 , Penelope ) AND help . agent ( x _ 1 , Liam ) AND help . theme ( x _ 1 , Penelope )	elips_RNR_in_dist
539	The baby cleaned and the lamb respected a dog .	* baby ( x _ 0 ) ; * lamb ( x _ 2 ) ; dog ( x _ 3 ) AND clean . agent ( x _ 4 , x _ 0 ) AND clean . theme ( x _ 4 , x _ 3 ) AND respect . agent ( x _ 5 , x _ 2 ) AND respect . theme ( x _ 5 , x _ 3 )	elips_RNR_in_dist
540	The baby liked and Madison liked Layla .	* baby ( x _ 0 ) ; like . agent ( x _ 1 , x _ 0 ) AND like . theme ( x _ 1 , Layla ) AND like . agent ( x _ 2 , Madison ) AND like . theme ( x _ 2 , Layla )	elips_RNR_in_dist
541	The girl found and the hen respected Riley .	* girl ( x _ 0 ) ; * hen ( x _ 1 ) ; find . agent ( x _ 2 , x _ 0 ) AND find . theme ( x _ 2 , Riley ) AND respect . agent ( x _ 3 , x _ 1 ) AND respect . theme ( x _ 3 , Riley )	elips_RNR_in_dist
542	A customer examined and Oliver threw Savannah .	customer ( x _ 0 ) AND examine . agent ( x _ 1 , x _ 0 ) AND examine . theme ( x _ 1 , Savannah ) AND throw . agent ( x _ 2 , Oliver ) AND throw . theme ( x _ 2 , Savannah )	elips_RNR_in_dist
543	The bear found and a sailor liked the boy .	* bear ( x _ 0 ) ; * boy ( x _ 3 ) ; sailor ( x _ 2 ) AND find . agent ( x _ 4 , x _ 0 ) AND find . theme ( x _ 4 , x _ 3 ) AND like . agent ( x _ 5 , x _ 2 ) AND like . theme ( x _ 5 , x _ 3 )	elips_RNR_in_dist
544	Lillian dusted and Madison liked Wyatt .	dust . agent ( x _ 0 , Lillian ) AND dust . theme ( x _ 0 , Wyatt ) AND like . agent ( x _ 1 , Madison ) AND like . theme ( x _ 1 , Wyatt )	elips_RNR_in_dist
545	Evelyn ate and Liam stabbed the boy .	* boy ( x _ 1 ) ; eat . agent ( x _ 2 , Evelyn ) AND eat . theme ( x _ 2 , x _ 1 ) AND stab . agent ( x _ 3 , Liam ) AND stab . theme ( x _ 3 , x _ 1 )	elips_RNR_in_dist
546	The baby painted and Noah appreciated Layla .	* baby ( x _ 0 ) ; paint . agent ( x _ 1 , x _ 0 ) AND paint . theme ( x _ 1 , Layla ) AND appreciate . agent ( x _ 2 , Noah ) AND appreciate . theme ( x _ 2 , Layla )	elips_RNR_in_dist
547	The patient dusted and Aiden liked a girl .	* patient ( x _ 0 ) ; girl ( x _ 2 ) AND dust . agent ( x _ 3 , x _ 0 ) AND dust . theme ( x _ 3 , x _ 2 ) AND like . agent ( x _ 4 , Aiden ) AND like . theme ( x _ 4 , x _ 2 )	elips_RNR_in_dist
548	The girl valued and Charlotte poked the director .	* girl ( x _ 0 ) ; * director ( x _ 2 ) ; value . agent ( x _ 3 , x _ 0 ) AND value . theme ( x _ 3 , x _ 2 ) AND poke . agent ( x _ 4 , Charlotte ) AND poke . theme ( x _ 4 , x _ 2 )	elips_RNR_in_dist
549	Jack liked and a scientist missed Andrew .	scientist ( x _ 0 ) AND like . agent ( x _ 1 , Jack ) AND like . theme ( x _ 1 , Andrew ) AND miss . agent ( x _ 2 , x _ 0 ) AND miss . theme ( x _ 2 , Andrew )	elips_RNR_in_dist
550	Liam pierced and Mia liked a girl .	girl ( x _ 1 ) AND pierce . agent ( x _ 2 , Liam ) AND pierce . theme ( x _ 2 , x _ 1 ) AND like . agent ( x _ 3 , Mia ) AND like . theme ( x _ 3 , x _ 1 )	elips_RNR_in_dist
551	The dog helped and Henry helped Wyatt .	* dog ( x _ 0 ) ; help . agent ( x _ 1 , x _ 0 ) AND help . theme ( x _ 1 , Wyatt ) AND help . agent ( x _ 2 , Henry ) AND help . theme ( x _ 2 , Wyatt )	elips_RNR_in_dist
552	A professor helped and Noah liked the lawyer .	* lawyer ( x _ 2 ) ; professor ( x _ 0 ) AND help . agent ( x _ 3 , x _ 0 ) AND help . theme ( x _ 3 , x _ 2 ) AND like . agent ( x _ 4 , Noah ) AND like . theme ( x _ 4 , x _ 2 )	elips_RNR_in_dist
553	A girl ate and Ava helped Mateo .	girl ( x _ 0 ) AND eat . agent ( x _ 1 , x _ 0 ) AND eat . theme ( x _ 1 , Mateo ) AND help . agent ( x _ 2 , Ava ) AND help . theme ( x _ 2 , Mateo )	elips_RNR_in_dist
554	Emma ate and Benjamin tolerated Penelope .	eat . agent ( x _ 0 , Emma ) AND eat . theme ( x _ 0 , Penelope ) AND tolerate . agent ( x _ 1 , Benjamin ) AND tolerate . theme ( x _ 1 , Penelope )	elips_RNR_in_dist
555	The girl cooked and Emma adored Wyatt .	* girl ( x _ 0 ) ; cook . agent ( x _ 1 , x _ 0 ) AND cook . theme ( x _ 1 , Wyatt ) AND adore . agent ( x _ 2 , Emma ) AND adore . theme ( x _ 2 , Wyatt )	elips_RNR_in_dist
556	The dog appreciated and a princess liked Asher .	* dog ( x _ 0 ) ; princess ( x _ 1 ) AND appreciate . agent ( x _ 2 , x _ 0 ) AND appreciate . theme ( x _ 2 , Asher ) AND like . agent ( x _ 3 , x _ 1 ) AND like . theme ( x _ 3 , Asher )	elips_RNR_in_dist
557	Liam appreciated and a girl liked the boy .	* boy ( x _ 2 ) ; girl ( x _ 1 ) AND appreciate . agent ( x _ 3 , Liam ) AND appreciate . theme ( x _ 3 , x _ 2 ) AND like . agent ( x _ 4 , x _ 1 ) AND like . theme ( x _ 4 , x _ 2 )	elips_RNR_in_dist
558	A teacher touched and Emma loved Penelope .	teacher ( x _ 0 ) AND touch . agent ( x _ 1 , x _ 0 ) AND touch . theme ( x _ 1 , Penelope ) AND love . agent ( x _ 2 , Emma ) AND love . theme ( x _ 2 , Penelope )	elips_RNR_in_dist
559	A deer noticed and Noah liked a boy .	deer ( x _ 0 ) AND boy ( x _ 2 ) AND notice . agent ( x _ 3 , x _ 0 ) AND notice . theme ( x _ 3 , x _ 2 ) AND like . agent ( x _ 4 , Noah ) AND like . theme ( x _ 4 , x _ 2 )	elips_RNR_in_dist
560	A boy helped and a girl adored Wyatt .	boy ( x _ 0 ) AND girl ( x _ 1 ) AND help . agent ( x _ 2 , x _ 0 ) AND help . theme ( x _ 2 , Wyatt ) AND adore . agent ( x _ 3 , x _ 1 ) AND adore . theme ( x _ 3 , Wyatt )	elips_RNR_in_dist
561	Liam liked and Emma liked the baby .	* baby ( x _ 1 ) ; like . agent ( x _ 2 , Liam ) AND like . theme ( x _ 2 , x _ 1 ) AND like . agent ( x _ 3 , Emma ) AND like . theme ( x _ 3 , x _ 1 )	elips_RNR_in_dist
562	A director admired and Mason worshipped Asher .	director ( x _ 0 ) AND admire . agent ( x _ 1 , x _ 0 ) AND admire . theme ( x _ 1 , Asher ) AND worship . agent ( x _ 2 , Mason ) AND worship . theme ( x _ 2 , Asher )	elips_RNR_in_dist
563	The teacher discovered and Matthew touched the girl .	* teacher ( x _ 0 ) ; * girl ( x _ 2 ) ; discover . agent ( x _ 3 , x _ 0 ) AND discover . theme ( x _ 3 , x _ 2 ) AND touch . agent ( x _ 4 , Matthew ) AND touch . theme ( x _ 4 , x _ 2 )	elips_RNR_in_dist
564	The father ate and Olivia held a butterfly .	* father ( x _ 0 ) ; butterfly ( x _ 2 ) AND eat . agent ( x _ 3 , x _ 0 ) AND eat . theme ( x _ 3 , x _ 2 ) AND hold . agent ( x _ 4 , Olivia ) AND hold . theme ( x _ 4 , x _ 2 )	elips_RNR_in_dist
565	A girl liked and the monkey liked the baby .	* baby ( x _ 3 ) ; * monkey ( x _ 2 ) ; girl ( x _ 0 ) AND like . agent ( x _ 4 , x _ 0 ) AND like . theme ( x _ 4 , x _ 3 ) AND like . agent ( x _ 5 , x _ 2 ) AND like . theme ( x _ 5 , x _ 3 )	elips_RNR_in_dist
566	James found and Emma liked a butterfly .	butterfly ( x _ 1 ) AND find . agent ( x _ 2 , James ) AND find . theme ( x _ 2 , x _ 1 ) AND like . agent ( x _ 3 , Emma ) AND like . theme ( x _ 3 , x _ 1 )	elips_RNR_in_dist
567	James touched and a boy liked Penelope .	boy ( x _ 0 ) AND touch . agent ( x _ 1 , James ) AND touch . theme ( x _ 1 , Penelope ) AND like . agent ( x _ 2 , x _ 0 ) AND like . theme ( x _ 2 , Penelope )	elips_RNR_in_dist
568	Emma ate and the butterfly poked a girl .	* butterfly ( x _ 1 ) ; girl ( x _ 2 ) AND eat . agent ( x _ 3 , Emma ) AND eat . theme ( x _ 3 , x _ 2 ) AND poke . agent ( x _ 4 , x _ 1 ) AND poke . theme ( x _ 4 , x _ 2 )	elips_RNR_in_dist
569	Elizabeth valued and the baby found Penelope .	* baby ( x _ 0 ) ; value . agent ( x _ 1 , Elizabeth ) AND value . theme ( x _ 1 , Penelope ) AND find . agent ( x _ 2 , x _ 0 ) AND find . theme ( x _ 2 , Penelope )	elips_RNR_in_dist
570	The dog admired and the writer missed Penelope .	* dog ( x _ 0 ) ; * writer ( x _ 1 ) ; admire . agent ( x _ 2 , x _ 0 ) AND admire . theme ( x _ 2 , Penelope ) AND miss . agent ( x _ 3 , x _ 1 ) AND miss . theme ( x _ 3 , Penelope )	elips_RNR_in_dist
571	A boy adored and Noah liked a cat .	boy ( x _ 0 ) AND cat ( x _ 2 ) AND adore . agent ( x _ 3 , x _ 0 ) AND adore . theme ( x _ 3 , x _ 2 ) AND like . agent ( x _ 4 , Noah ) AND like . theme ( x _ 4 , x _ 2 )	elips_RNR_in_dist
572	A frog drew and Brooklyn liked Penelope .	frog ( x _ 0 ) AND draw . agent ( x _ 1 , x _ 0 ) AND draw . theme ( x _ 1 , Penelope ) AND like . agent ( x _ 2 , Brooklyn ) AND like . theme ( x _ 2 , Penelope )	elips_RNR_in_dist
573	Emma packed and Liam adored a horse .	horse ( x _ 1 ) AND pack . agent ( x _ 2 , Emma ) AND pack . theme ( x _ 2 , x _ 1 ) AND adore . agent ( x _ 3 , Liam ) AND adore . theme ( x _ 3 , x _ 1 )	elips_RNR_in_dist
574	Noah liked and a dog admired a girl .	girl ( x _ 2 ) AND dog ( x _ 1 ) AND like . agent ( x _ 3 , Noah ) AND like . theme ( x _ 3 , x _ 2 ) AND admire . agent ( x _ 4 , x _ 1 ) AND admire . theme ( x _ 4 , x _ 2 )	elips_RNR_in_dist
575	A prisoner missed and the sailor admired Layla .	* sailor ( x _ 1 ) ; prisoner ( x _ 0 ) AND miss . agent ( x _ 2 , x _ 0 ) AND miss . theme ( x _ 2 , Layla ) AND admire . agent ( x _ 3 , x _ 1 ) AND admire . theme ( x _ 3 , Layla )	elips_RNR_in_dist
576	William liked and a goose found Jack .	goose ( x _ 0 ) AND like . agent ( x _ 1 , William ) AND like . theme ( x _ 1 , Jack ) AND find . agent ( x _ 2 , x _ 0 ) AND find . theme ( x _ 2 , Jack )	elips_RNR_in_dist
577	Emma found and Liam helped a bear .	bear ( x _ 1 ) AND find . agent ( x _ 2 , Emma ) AND find . theme ( x _ 2 , x _ 1 ) AND help . agent ( x _ 3 , Liam ) AND help . theme ( x _ 3 , x _ 1 )	elips_RNR_in_dist
578	Olivia ate and the cat loved Wyatt .	* cat ( x _ 0 ) ; eat . agent ( x _ 1 , Olivia ) AND eat . theme ( x _ 1 , Wyatt ) AND love . agent ( x _ 2 , x _ 0 ) AND love . theme ( x _ 2 , Wyatt )	elips_RNR_in_dist
579	A dog liked and Mila loved Penelope .	dog ( x _ 0 ) AND like . agent ( x _ 1 , x _ 0 ) AND like . theme ( x _ 1 , Penelope ) AND love . agent ( x _ 2 , Mila ) AND love . theme ( x _ 2 , Penelope )	elips_RNR_in_dist
580	A dog found and the girl helped Levi .	* girl ( x _ 1 ) ; dog ( x _ 0 ) AND find . agent ( x _ 2 , x _ 0 ) AND find . theme ( x _ 2 , Levi ) AND help . agent ( x _ 3 , x _ 1 ) AND help . theme ( x _ 3 , Levi )	elips_RNR_in_dist
581	Noah liked and the monkey helped Jack .	* monkey ( x _ 0 ) ; like . agent ( x _ 1 , Noah ) AND like . theme ( x _ 1 , Jack ) AND help . agent ( x _ 2 , x _ 0 ) AND help . theme ( x _ 2 , Jack )	elips_RNR_in_dist
582	The girl liked and a giraffe liked Penelope .	* girl ( x _ 0 ) ; giraffe ( x _ 1 ) AND like . agent ( x _ 2 , x _ 0 ) AND like . theme ( x _ 2 , Penelope ) AND like . agent ( x _ 3 , x _ 1 ) AND like . theme ( x _ 3 , Penelope )	elips_RNR_in_dist
583	Olivia adored and the princess held Penelope .	* princess ( x _ 0 ) ; adore . agent ( x _ 1 , Olivia ) AND adore . theme ( x _ 1 , Penelope ) AND hold . agent ( x _ 2 , x _ 0 ) AND hold . theme ( x _ 2 , Penelope )	elips_RNR_in_dist
584	The monster tolerated and a journalist found Jaxon .	* monster ( x _ 0 ) ; journalist ( x _ 1 ) AND tolerate . agent ( x _ 2 , x _ 0 ) AND tolerate . theme ( x _ 2 , Jaxon ) AND find . agent ( x _ 3 , x _ 1 ) AND find . theme ( x _ 3 , Jaxon )	elips_RNR_in_dist
585	Nora missed and a child found Eleanor .	child ( x _ 0 ) AND miss . agent ( x _ 1 , Nora ) AND miss . theme ( x _ 1 , Eleanor ) AND find . agent ( x _ 2 , x _ 0 ) AND find . theme ( x _ 2 , Eleanor )	elips_RNR_in_dist
586	The baby pierced and a girl tossed Zoey .	* baby ( x _ 0 ) ; girl ( x _ 1 ) AND pierce . agent ( x _ 2 , x _ 0 ) AND pierce . theme ( x _ 2 , Zoey ) AND toss . agent ( x _ 3 , x _ 1 ) AND toss . theme ( x _ 3 , Zoey )	elips_RNR_in_dist
587	The frog appreciated and Liam respected John .	* frog ( x _ 0 ) ; appreciate . agent ( x _ 1 , x _ 0 ) AND appreciate . theme ( x _ 1 , John ) AND respect . agent ( x _ 2 , Liam ) AND respect . theme ( x _ 2 , John )	elips_RNR_in_dist
588	Emma noticed and the citizen helped Penelope .	* citizen ( x _ 0 ) ; notice . agent ( x _ 1 , Emma ) AND notice . theme ( x _ 1 , Penelope ) AND help . agent ( x _ 2 , x _ 0 ) AND help . theme ( x _ 2 , Penelope )	elips_RNR_in_dist
589	A girl worshipped and Emma admired Nathan .	girl ( x _ 0 ) AND worship . agent ( x _ 1 , x _ 0 ) AND worship . theme ( x _ 1 , Nathan ) AND admire . agent ( x _ 2 , Emma ) AND admire . theme ( x _ 2 , Nathan )	elips_RNR_in_dist
590	The frog nursed and the boy tossed the cat .	* frog ( x _ 0 ) ; * cat ( x _ 3 ) ; * boy ( x _ 2 ) ; nurse . agent ( x _ 4 , x _ 0 ) AND nurse . theme ( x _ 4 , x _ 3 ) AND toss . agent ( x _ 5 , x _ 2 ) AND toss . theme ( x _ 5 , x _ 3 )	elips_RNR_in_dist
591	Emma drew and a girl loved Jayden .	girl ( x _ 0 ) AND draw . agent ( x _ 1 , Emma ) AND draw . theme ( x _ 1 , Jayden ) AND love . agent ( x _ 2 , x _ 0 ) AND love . theme ( x _ 2 , Jayden )	elips_RNR_in_dist
592	Emma discovered and the girl held the zebra .	* zebra ( x _ 2 ) ; * girl ( x _ 1 ) ; discover . agent ( x _ 3 , Emma ) AND discover . theme ( x _ 3 , x _ 2 ) AND hold . agent ( x _ 4 , x _ 1 ) AND hold . theme ( x _ 4 , x _ 2 )	elips_RNR_in_dist
593	James ate and a cat helped Layla .	cat ( x _ 0 ) AND eat . agent ( x _ 1 , James ) AND eat . theme ( x _ 1 , Layla ) AND help . agent ( x _ 2 , x _ 0 ) AND help . theme ( x _ 2 , Layla )	elips_RNR_in_dist
594	Samuel drew and a boy admired the dog .	* dog ( x _ 2 ) ; boy ( x _ 1 ) AND draw . agent ( x _ 3 , Samuel ) AND draw . theme ( x _ 3 , x _ 2 ) AND admire . agent ( x _ 4 , x _ 1 ) AND admire . theme ( x _ 4 , x _ 2 )	elips_RNR_in_dist
595	A child loved and the pupil helped Savannah .	* pupil ( x _ 1 ) ; child ( x _ 0 ) AND love . agent ( x _ 2 , x _ 0 ) AND love . theme ( x _ 2 , Savannah ) AND help . agent ( x _ 3 , x _ 1 ) AND help . theme ( x _ 3 , Savannah )	elips_RNR_in_dist
596	Sophia drew and Layla stabbed Penelope .	draw . agent ( x _ 0 , Sophia ) AND draw . theme ( x _ 0 , Penelope ) AND stab . agent ( x _ 1 , Layla ) AND stab . theme ( x _ 1 , Penelope )	elips_RNR_in_dist
597	Liam observed and a horse stabbed Penelope .	horse ( x _ 0 ) AND observe . agent ( x _ 1 , Liam ) AND observe . theme ( x _ 1 , Penelope ) AND stab . agent ( x _ 2 , x _ 0 ) AND stab . theme ( x _ 2 , Penelope )	elips_RNR_in_dist
598	The cat ate and Lucas helped a bird .	* cat ( x _ 0 ) ; bird ( x _ 2 ) AND eat . agent ( x _ 3 , x _ 0 ) AND eat . theme ( x _ 3 , x _ 2 ) AND help . agent ( x _ 4 , Lucas ) AND help . theme ( x _ 4 , x _ 2 )	elips_RNR_in_dist
599	Emma stabbed and a girl helped the chicken .	* chicken ( x _ 2 ) ; girl ( x _ 1 ) AND stab . agent ( x _ 3 , Emma ) AND stab . theme ( x _ 3 , x _ 2 ) AND help . agent ( x _ 4 , x _ 1 ) AND help . theme ( x _ 4 , x _ 2 )	elips_RNR_in_dist
600	A boy saw and a girl liked Penelope .	boy ( x _ 0 ) AND girl ( x _ 1 ) AND see . agent ( x _ 2 , x _ 0 ) AND see . theme ( x _ 2 , Penelope ) AND like . agent ( x _ 3 , x _ 1 ) AND like . theme ( x _ 3 , Penelope )	elips_RNR_in_dist
601	Emma liked and Aubrey pierced Layla .	like . agent ( x _ 0 , Emma ) AND like . theme ( x _ 0 , Layla ) AND pierce . agent ( x _ 1 , Aubrey ) AND pierce . theme ( x _ 1 , Layla )	elips_RNR_in_dist
602	The girl liked and a chicken liked Lily .	* girl ( x _ 0 ) ; chicken ( x _ 1 ) AND like . agent ( x _ 2 , x _ 0 ) AND like . theme ( x _ 2 , Lily ) AND like . agent ( x _ 3 , x _ 1 ) AND like . theme ( x _ 3 , Lily )	elips_RNR_in_dist
603	The dog painted and Harper tossed Wyatt .	* dog ( x _ 0 ) ; paint . agent ( x _ 1 , x _ 0 ) AND paint . theme ( x _ 1 , Wyatt ) AND toss . agent ( x _ 2 , Harper ) AND toss . theme ( x _ 2 , Wyatt )	elips_RNR_in_dist
604	The poet dusted and a girl found Julian .	* poet ( x _ 0 ) ; girl ( x _ 1 ) AND dust . agent ( x _ 2 , x _ 0 ) AND dust . theme ( x _ 2 , Julian ) AND find . agent ( x _ 3 , x _ 1 ) AND find . theme ( x _ 3 , Julian )	elips_RNR_in_dist
605	Emma investigated and the boy threw Penelope .	* boy ( x _ 0 ) ; investigate . agent ( x _ 1 , Emma ) AND investigate . theme ( x _ 1 , Penelope ) AND throw . agent ( x _ 2 , x _ 0 ) AND throw . theme ( x _ 2 , Penelope )	elips_RNR_in_dist
606	Emily cooked and the boy appreciated the cat .	* cat ( x _ 2 ) ; * boy ( x _ 1 ) ; cook . agent ( x _ 3 , Emily ) AND cook . theme ( x _ 3 , x _ 2 ) AND appreciate . agent ( x _ 4 , x _ 1 ) AND appreciate . theme ( x _ 4 , x _ 2 )	elips_RNR_in_dist
607	A girl adored and Noah threw Layla .	girl ( x _ 0 ) AND adore . agent ( x _ 1 , x _ 0 ) AND adore . theme ( x _ 1 , Layla ) AND throw . agent ( x _ 2 , Noah ) AND throw . theme ( x _ 2 , Layla )	elips_RNR_in_dist
608	Savannah ate and Liam valued Penelope .	eat . agent ( x _ 0 , Savannah ) AND eat . theme ( x _ 0 , Penelope ) AND value . agent ( x _ 1 , Liam ) AND value . theme ( x _ 1 , Penelope )	elips_RNR_in_dist
609	The lion ate and Amelia liked Layla .	* lion ( x _ 0 ) ; eat . agent ( x _ 1 , x _ 0 ) AND eat . theme ( x _ 1 , Layla ) AND like . agent ( x _ 2 , Amelia ) AND like . theme ( x _ 2 , Layla )	elips_RNR_in_dist
610	A girl stabbed and Liam admired Wyatt .	girl ( x _ 0 ) AND stab . agent ( x _ 1 , x _ 0 ) AND stab . theme ( x _ 1 , Wyatt ) AND admire . agent ( x _ 2 , Liam ) AND admire . theme ( x _ 2 , Wyatt )	elips_RNR_in_dist
611	The monkey stabbed and Emma tossed Luke .	* monkey ( x _ 0 ) ; stab . agent ( x _ 1 , x _ 0 ) AND stab . theme ( x _ 1 , Luke ) AND toss . agent ( x _ 2 , Emma ) AND toss . theme ( x _ 2 , Luke )	elips_RNR_in_dist
612	Emma observed and a dog loved a girl .	girl ( x _ 2 ) AND dog ( x _ 1 ) AND observe . agent ( x _ 3 , Emma ) AND observe . theme ( x _ 3 , x _ 2 ) AND love . agent ( x _ 4 , x _ 1 ) AND love . theme ( x _ 4 , x _ 2 )	elips_RNR_in_dist
613	The boy threw and Alexander found the professor .	* boy ( x _ 0 ) ; * professor ( x _ 2 ) ; throw . agent ( x _ 3 , x _ 0 ) AND throw . theme ( x _ 3 , x _ 2 ) AND find . agent ( x _ 4 , Alexander ) AND find . theme ( x _ 4 , x _ 2 )	elips_RNR_in_dist
614	A girl found and the dog loved a teacher .	* dog ( x _ 2 ) ; girl ( x _ 0 ) AND teacher ( x _ 3 ) AND find . agent ( x _ 4 , x _ 0 ) AND find . theme ( x _ 4 , x _ 3 ) AND love . agent ( x _ 5 , x _ 2 ) AND love . theme ( x _ 5 , x _ 3 )	elips_RNR_in_dist
615	Olivia painted and Liam loved John .	paint . agent ( x _ 0 , Olivia ) AND paint . theme ( x _ 0 , John ) AND love . agent ( x _ 1 , Liam ) AND love . theme ( x _ 1 , John )	elips_RNR_in_dist
616	Emma ate and the chicken tossed a bear .	* chicken ( x _ 1 ) ; bear ( x _ 2 ) AND eat . agent ( x _ 3 , Emma ) AND eat . theme ( x _ 3 , x _ 2 ) AND toss . agent ( x _ 4 , x _ 1 ) AND toss . theme ( x _ 4 , x _ 2 )	elips_RNR_in_dist
617	A bear liked and Emma helped Penelope .	bear ( x _ 0 ) AND like . agent ( x _ 1 , x _ 0 ) AND like . theme ( x _ 1 , Penelope ) AND help . agent ( x _ 2 , Emma ) AND help . theme ( x _ 2 , Penelope )	elips_RNR_in_dist
618	The lion loved and Emma stabbed the kid .	* lion ( x _ 0 ) ; * kid ( x _ 2 ) ; love . agent ( x _ 3 , x _ 0 ) AND love . theme ( x _ 3 , x _ 2 ) AND stab . agent ( x _ 4 , Emma ) AND stab . theme ( x _ 4 , x _ 2 )	elips_RNR_in_dist
619	Charlotte ate and the girl helped a boy .	* girl ( x _ 1 ) ; boy ( x _ 2 ) AND eat . agent ( x _ 3 , Charlotte ) AND eat . theme ( x _ 3 , x _ 2 ) AND help . agent ( x _ 4 , x _ 1 ) AND help . theme ( x _ 4 , x _ 2 )	elips_RNR_in_dist
620	A penguin liked and Noah liked a boy .	penguin ( x _ 0 ) AND boy ( x _ 2 ) AND like . agent ( x _ 3 , x _ 0 ) AND like . theme ( x _ 3 , x _ 2 ) AND like . agent ( x _ 4 , Noah ) AND like . theme ( x _ 4 , x _ 2 )	elips_RNR_in_dist
621	Lily hunted and a crocodile liked the hen .	* hen ( x _ 2 ) ; crocodile ( x _ 1 ) AND hunt . agent ( x _ 3 , Lily ) AND hunt . theme ( x _ 3 , x _ 2 ) AND like . agent ( x _ 4 , x _ 1 ) AND like . theme ( x _ 4 , x _ 2 )	elips_RNR_in_dist
622	Thomas admired and Sebastian valued Wyatt .	admire . agent ( x _ 0 , Thomas ) AND admire . theme ( x _ 0 , Wyatt ) AND value . agent ( x _ 1 , Sebastian ) AND value . theme ( x _ 1 , Wyatt )	elips_RNR_in_dist
623	Olivia cleaned and Mia found a baby .	baby ( x _ 1 ) AND clean . agent ( x _ 2 , Olivia ) AND clean . theme ( x _ 2 , x _ 1 ) AND find . agent ( x _ 3 , Mia ) AND find . theme ( x _ 3 , x _ 1 )	elips_RNR_in_dist
624	The girl investigated and Emma poked a boy .	* girl ( x _ 0 ) ; boy ( x _ 2 ) AND investigate . agent ( x _ 3 , x _ 0 ) AND investigate . theme ( x _ 3 , x _ 2 ) AND poke . agent ( x _ 4 , Emma ) AND poke . theme ( x _ 4 , x _ 2 )	elips_RNR_in_dist
625	A horse ate and William stabbed a baby .	horse ( x _ 0 ) AND baby ( x _ 2 ) AND eat . agent ( x _ 3 , x _ 0 ) AND eat . theme ( x _ 3 , x _ 2 ) AND stab . agent ( x _ 4 , William ) AND stab . theme ( x _ 4 , x _ 2 )	elips_RNR_in_dist
626	Olivia liked and a lion held a father .	father ( x _ 2 ) AND lion ( x _ 1 ) AND like . agent ( x _ 3 , Olivia ) AND like . theme ( x _ 3 , x _ 2 ) AND hold . agent ( x _ 4 , x _ 1 ) AND hold . theme ( x _ 4 , x _ 2 )	elips_RNR_in_dist
627	A girl poked and a boy held Penelope .	girl ( x _ 0 ) AND boy ( x _ 1 ) AND poke . agent ( x _ 2 , x _ 0 ) AND poke . theme ( x _ 2 , Penelope ) AND hold . agent ( x _ 3 , x _ 1 ) AND hold . theme ( x _ 3 , Penelope )	elips_RNR_in_dist
628	A turkey discovered and Emma admired Penelope .	turkey ( x _ 0 ) AND discover . agent ( x _ 1 , x _ 0 ) AND discover . theme ( x _ 1 , Penelope ) AND admire . agent ( x _ 2 , Emma ) AND admire . theme ( x _ 2 , Penelope )	elips_RNR_in_dist
629	Emma liked and Sophia helped a girl .	girl ( x _ 1 ) AND like . agent ( x _ 2 , Emma ) AND like . theme ( x _ 2 , x _ 1 ) AND help . agent ( x _ 3 , Sophia ) AND help . theme ( x _ 3 , x _ 1 )	elips_RNR_in_dist
630	The girl threw and a sailor found Isaac .	* girl ( x _ 0 ) ; sailor ( x _ 1 ) AND throw . agent ( x _ 2 , x _ 0 ) AND throw . theme ( x _ 2 , Isaac ) AND find . agent ( x _ 3 , x _ 1 ) AND find . theme ( x _ 3 , Isaac )	elips_RNR_in_dist
631	The lawyer ate and Liam liked Layla .	* lawyer ( x _ 0 ) ; eat . agent ( x _ 1 , x _ 0 ) AND eat . theme ( x _ 1 , Layla ) AND like . agent ( x _ 2 , Liam ) AND like . theme ( x _ 2 , Layla )	elips_RNR_in_dist
632	The boy hunted and the champion liked Penelope .	* boy ( x _ 0 ) ; * champion ( x _ 1 ) ; hunt . agent ( x _ 2 , x _ 0 ) AND hunt . theme ( x _ 2 , Penelope ) AND like . agent ( x _ 3 , x _ 1 ) AND like . theme ( x _ 3 , Penelope )	elips_RNR_in_dist
633	Emma hunted and Liam found the cat .	* cat ( x _ 1 ) ; hunt . agent ( x _ 2 , Emma ) AND hunt . theme ( x _ 2 , x _ 1 ) AND find . agent ( x _ 3 , Liam ) AND find . theme ( x _ 3 , x _ 1 )	elips_RNR_in_dist
634	Emma threw and the cat liked Levi .	* cat ( x _ 0 ) ; throw . agent ( x _ 1 , Emma ) AND throw . theme ( x _ 1 , Levi ) AND like . agent ( x _ 2 , x _ 0 ) AND like . theme ( x _ 2 , Levi )	elips_RNR_in_dist
635	Emma ate and Olivia loved Layla .	eat . agent ( x _ 0 , Emma ) AND eat . theme ( x _ 0 , Layla ) AND love . agent ( x _ 1 , Olivia ) AND love . theme ( x _ 1 , Layla )	elips_RNR_in_dist
636	Sofia painted and Mason liked Wyatt .	paint . agent ( x _ 0 , Sofia ) AND paint . theme ( x _ 0 , Wyatt ) AND like . agent ( x _ 1 , Mason ) AND like . theme ( x _ 1 , Wyatt )	elips_RNR_in_dist
637	Emily ate and Emma liked Hannah .	eat . agent ( x _ 0 , Emily ) AND eat . theme ( x _ 0 , Hannah ) AND like . agent ( x _ 1 , Emma ) AND like . theme ( x _ 1 , Hannah )	elips_RNR_in_dist
638	A girl ate and the boy poked Penelope .	* boy ( x _ 1 ) ; girl ( x _ 0 ) AND eat . agent ( x _ 2 , x _ 0 ) AND eat . theme ( x _ 2 , Penelope ) AND poke . agent ( x _ 3 , x _ 1 ) AND poke . theme ( x _ 3 , Penelope )	elips_RNR_in_dist
639	A girl called and Emma valued Addison .	girl ( x _ 0 ) AND call . agent ( x _ 1 , x _ 0 ) AND call . theme ( x _ 1 , Addison ) AND value . agent ( x _ 2 , Emma ) AND value . theme ( x _ 2 , Addison )	elips_RNR_in_dist
640	A bunny threw and Savannah liked Penelope .	bunny ( x _ 0 ) AND throw . agent ( x _ 1 , x _ 0 ) AND throw . theme ( x _ 1 , Penelope ) AND like . agent ( x _ 2 , Savannah ) AND like . theme ( x _ 2 , Penelope )	elips_RNR_in_dist
641	A dog knew and a boy discovered Thomas .	dog ( x _ 0 ) AND boy ( x _ 1 ) AND know . agent ( x _ 2 , x _ 0 ) AND know . theme ( x _ 2 , Thomas ) AND discover . agent ( x _ 3 , x _ 1 ) AND discover . theme ( x _ 3 , Thomas )	elips_RNR_in_dist
642	Isabella noticed and the servant appreciated the girl .	* girl ( x _ 2 ) ; * servant ( x _ 1 ) ; notice . agent ( x _ 3 , Isabella ) AND notice . theme ( x _ 3 , x _ 2 ) AND appreciate . agent ( x _ 4 , x _ 1 ) AND appreciate . theme ( x _ 4 , x _ 2 )	elips_RNR_in_dist
643	A dog liked and the girl liked Riley .	* girl ( x _ 1 ) ; dog ( x _ 0 ) AND like . agent ( x _ 2 , x _ 0 ) AND like . theme ( x _ 2 , Riley ) AND like . agent ( x _ 3 , x _ 1 ) AND like . theme ( x _ 3 , Riley )	elips_RNR_in_dist
644	Isabella ate and a boy found Penelope .	boy ( x _ 0 ) AND eat . agent ( x _ 1 , Isabella ) AND eat . theme ( x _ 1 , Penelope ) AND find . agent ( x _ 2 , x _ 0 ) AND find . theme ( x _ 2 , Penelope )	elips_RNR_in_dist
645	The girl liked and the bunny liked Riley .	* girl ( x _ 0 ) ; * bunny ( x _ 1 ) ; like . agent ( x _ 2 , x _ 0 ) AND like . theme ( x _ 2 , Riley ) AND like . agent ( x _ 3 , x _ 1 ) AND like . theme ( x _ 3 , Riley )	elips_RNR_in_dist
646	Amelia drew and Madison liked the princess .	* princess ( x _ 1 ) ; draw . agent ( x _ 2 , Amelia ) AND draw . theme ( x _ 2 , x _ 1 ) AND like . agent ( x _ 3 , Madison ) AND like . theme ( x _ 3 , x _ 1 )	elips_RNR_in_dist
647	Emma liked and a girl helped Wyatt .	girl ( x _ 0 ) AND like . agent ( x _ 1 , Emma ) AND like . theme ( x _ 1 , Wyatt ) AND help . agent ( x _ 2 , x _ 0 ) AND help . theme ( x _ 2 , Wyatt )	elips_RNR_in_dist
648	Stella liked and Emma helped Penelope .	like . agent ( x _ 0 , Stella ) AND like . theme ( x _ 0 , Penelope ) AND help . agent ( x _ 1 , Emma ) AND help . theme ( x _ 1 , Penelope )	elips_RNR_in_dist
649	A moose loved and the girl admired a monster .	* girl ( x _ 2 ) ; moose ( x _ 0 ) AND monster ( x _ 3 ) AND love . agent ( x _ 4 , x _ 0 ) AND love . theme ( x _ 4 , x _ 3 ) AND admire . agent ( x _ 5 , x _ 2 ) AND admire . theme ( x _ 5 , x _ 3 )	elips_RNR_in_dist
650	A dog investigated and the driver liked John .	* driver ( x _ 1 ) ; dog ( x _ 0 ) AND investigate . agent ( x _ 2 , x _ 0 ) AND investigate . theme ( x _ 2 , John ) AND like . agent ( x _ 3 , x _ 1 ) AND like . theme ( x _ 3 , John )	elips_RNR_in_dist
651	The girl hunted and Ava liked Penelope .	* girl ( x _ 0 ) ; hunt . agent ( x _ 1 , x _ 0 ) AND hunt . theme ( x _ 1 , Penelope ) AND like . agent ( x _ 2 , Ava ) AND like . theme ( x _ 2 , Penelope )	elips_RNR_in_dist
652	The girl ate and Liam touched the fly .	* girl ( x _ 0 ) ; * fly ( x _ 2 ) ; eat . agent ( x _ 3 , x _ 0 ) AND eat . theme ( x _ 3 , x _ 2 ) AND touch . agent ( x _ 4 , Liam ) AND touch . theme ( x _ 4 , x _ 2 )	elips_RNR_in_dist
653	A girl admired and Emma helped a tiger .	girl ( x _ 0 ) AND tiger ( x _ 2 ) AND admire . agent ( x _ 3 , x _ 0 ) AND admire . theme ( x _ 3 , x _ 2 ) AND help . agent ( x _ 4 , Emma ) AND help . theme ( x _ 4 , x _ 2 )	elips_RNR_in_dist
654	The mouse found and Amelia helped Luke .	* mouse ( x _ 0 ) ; find . agent ( x _ 1 , x _ 0 ) AND find . theme ( x _ 1 , Luke ) AND help . agent ( x _ 2 , Amelia ) AND help . theme ( x _ 2 , Luke )	elips_RNR_in_dist
655	Olivia found and Zoey worshipped the girl .	* girl ( x _ 1 ) ; find . agent ( x _ 2 , Olivia ) AND find . theme ( x _ 2 , x _ 1 ) AND worship . agent ( x _ 3 , Zoey ) AND worship . theme ( x _ 3 , x _ 1 )	elips_RNR_in_dist
656	Olivia admired and Sophia helped the girl .	* girl ( x _ 1 ) ; admire . agent ( x _ 2 , Olivia ) AND admire . theme ( x _ 2 , x _ 1 ) AND help . agent ( x _ 3 , Sophia ) AND help . theme ( x _ 3 , x _ 1 )	elips_RNR_in_dist
657	A cat painted and the child liked Wyatt .	* child ( x _ 1 ) ; cat ( x _ 0 ) AND paint . agent ( x _ 2 , x _ 0 ) AND paint . theme ( x _ 2 , Wyatt ) AND like . agent ( x _ 3 , x _ 1 ) AND like . theme ( x _ 3 , Wyatt )	elips_RNR_in_dist
658	A girl painted and a researcher admired Zoey .	girl ( x _ 0 ) AND researcher ( x _ 1 ) AND paint . agent ( x _ 2 , x _ 0 ) AND paint . theme ( x _ 2 , Zoey ) AND admire . agent ( x _ 3 , x _ 1 ) AND admire . theme ( x _ 3 , Zoey )	elips_RNR_in_dist
659	The cat ate and the bear adored Lincoln .	* cat ( x _ 0 ) ; * bear ( x _ 1 ) ; eat . agent ( x _ 2 , x _ 0 ) AND eat . theme ( x _ 2 , Lincoln ) AND adore . agent ( x _ 3 , x _ 1 ) AND adore . theme ( x _ 3 , Lincoln )	elips_RNR_in_dist
660	A president poked and Emma poked Layla .	president ( x _ 0 ) AND poke . agent ( x _ 1 , x _ 0 ) AND poke . theme ( x _ 1 , Layla ) AND poke . agent ( x _ 2 , Emma ) AND poke . theme ( x _ 2 , Layla )	elips_RNR_in_dist
661	The servant admired and Emma poked Penelope .	* servant ( x _ 0 ) ; admire . agent ( x _ 1 , x _ 0 ) AND admire . theme ( x _ 1 , Penelope ) AND poke . agent ( x _ 2 , Emma ) AND poke . theme ( x _ 2 , Penelope )	elips_RNR_in_dist
662	A girl helped and the cat liked a giraffe .	* cat ( x _ 2 ) ; girl ( x _ 0 ) AND giraffe ( x _ 3 ) AND help . agent ( x _ 4 , x _ 0 ) AND help . theme ( x _ 4 , x _ 3 ) AND like . agent ( x _ 5 , x _ 2 ) AND like . theme ( x _ 5 , x _ 3 )	elips_RNR_in_dist
663	Elizabeth found and Liam liked a monster .	monster ( x _ 1 ) AND find . agent ( x _ 2 , Elizabeth ) AND find . theme ( x _ 2 , x _ 1 ) AND like . agent ( x _ 3 , Liam ) AND like . theme ( x _ 3 , x _ 1 )	elips_RNR_in_dist
664	A girl liked and a kid missed a butterfly .	girl ( x _ 0 ) AND butterfly ( x _ 3 ) AND kid ( x _ 2 ) AND like . agent ( x _ 4 , x _ 0 ) AND like . theme ( x _ 4 , x _ 3 ) AND miss . agent ( x _ 5 , x _ 2 ) AND miss . theme ( x _ 5 , x _ 3 )	elips_RNR_in_dist
665	A girl liked and Sofia liked Penelope .	girl ( x _ 0 ) AND like . agent ( x _ 1 , x _ 0 ) AND like . theme ( x _ 1 , Penelope ) AND like . agent ( x _ 2 , Sofia ) AND like . theme ( x _ 2 , Penelope )	elips_RNR_in_dist
666	The girl loved and Olivia liked Wyatt .	* girl ( x _ 0 ) ; love . agent ( x _ 1 , x _ 0 ) AND love . theme ( x _ 1 , Wyatt ) AND like . agent ( x _ 2 , Olivia ) AND like . theme ( x _ 2 , Wyatt )	elips_RNR_in_dist
667	Charlotte liked and Emma adored a manager .	manager ( x _ 1 ) AND like . agent ( x _ 2 , Charlotte ) AND like . theme ( x _ 2 , x _ 1 ) AND adore . agent ( x _ 3 , Emma ) AND adore . theme ( x _ 3 , x _ 1 )	elips_RNR_in_dist
668	The teacher loved and a cat liked Layla .	* teacher ( x _ 0 ) ; cat ( x _ 1 ) AND love . agent ( x _ 2 , x _ 0 ) AND love . theme ( x _ 2 , Layla ) AND like . agent ( x _ 3 , x _ 1 ) AND like . theme ( x _ 3 , Layla )	elips_RNR_in_dist
669	Olivia painted and the boy liked the girl .	* girl ( x _ 2 ) ; * boy ( x _ 1 ) ; paint . agent ( x _ 3 , Olivia ) AND paint . theme ( x _ 3 , x _ 2 ) AND like . agent ( x _ 4 , x _ 1 ) AND like . theme ( x _ 4 , x _ 2 )	elips_RNR_in_dist
670	The boy ate and a deer helped the fly .	* boy ( x _ 0 ) ; * fly ( x _ 3 ) ; deer ( x _ 2 ) AND eat . agent ( x _ 4 , x _ 0 ) AND eat . theme ( x _ 4 , x _ 3 ) AND help . agent ( x _ 5 , x _ 2 ) AND help . theme ( x _ 5 , x _ 3 )	elips_RNR_in_dist
671	A girl respected and Emma stabbed Penelope .	girl ( x _ 0 ) AND respect . agent ( x _ 1 , x _ 0 ) AND respect . theme ( x _ 1 , Penelope ) AND stab . agent ( x _ 2 , Emma ) AND stab . theme ( x _ 2 , Penelope )	elips_RNR_in_dist
672	Samuel liked and William helped the dog .	* dog ( x _ 1 ) ; like . agent ( x _ 2 , Samuel ) AND like . theme ( x _ 2 , x _ 1 ) AND help . agent ( x _ 3 , William ) AND help . theme ( x _ 3 , x _ 1 )	elips_RNR_in_dist
673	A boy ate and the cat liked Penelope .	* cat ( x _ 1 ) ; boy ( x _ 0 ) AND eat . agent ( x _ 2 , x _ 0 ) AND eat . theme ( x _ 2 , Penelope ) AND like . agent ( x _ 3 , x _ 1 ) AND like . theme ( x _ 3 , Penelope )	elips_RNR_in_dist
674	Bella liked and the teacher helped the cat .	* cat ( x _ 2 ) ; * teacher ( x _ 1 ) ; like . agent ( x _ 3 , Bella ) AND like . theme ( x _ 3 , x _ 2 ) AND help . agent ( x _ 4 , x _ 1 ) AND help . theme ( x _ 4 , x _ 2 )	elips_RNR_in_dist
675	Olivia liked and Emma liked the boy .	* boy ( x _ 1 ) ; like . agent ( x _ 2 , Olivia ) AND like . theme ( x _ 2 , x _ 1 ) AND like . agent ( x _ 3 , Emma ) AND like . theme ( x _ 3 , x _ 1 )	elips_RNR_in_dist
676	Noah worshipped and the teacher helped Eleanor .	* teacher ( x _ 0 ) ; worship . agent ( x _ 1 , Noah ) AND worship . theme ( x _ 1 , Eleanor ) AND help . agent ( x _ 2 , x _ 0 ) AND help . theme ( x _ 2 , Eleanor )	elips_RNR_in_dist
677	Isabella respected and the girl liked a cat .	* girl ( x _ 1 ) ; cat ( x _ 2 ) AND respect . agent ( x _ 3 , Isabella ) AND respect . theme ( x _ 3 , x _ 2 ) AND like . agent ( x _ 4 , x _ 1 ) AND like . theme ( x _ 4 , x _ 2 )	elips_RNR_in_dist
678	A mouse pierced and Elijah helped the girl .	* girl ( x _ 2 ) ; mouse ( x _ 0 ) AND pierce . agent ( x _ 3 , x _ 0 ) AND pierce . theme ( x _ 3 , x _ 2 ) AND help . agent ( x _ 4 , Elijah ) AND help . theme ( x _ 4 , x _ 2 )	elips_RNR_in_dist
679	A deer cleaned and the girl helped the donkey .	* donkey ( x _ 3 ) ; * girl ( x _ 2 ) ; deer ( x _ 0 ) AND clean . agent ( x _ 4 , x _ 0 ) AND clean . theme ( x _ 4 , x _ 3 ) AND help . agent ( x _ 5 , x _ 2 ) AND help . theme ( x _ 5 , x _ 3 )	elips_RNR_in_dist
680	Ava liked and a boy pierced Jack .	boy ( x _ 0 ) AND like . agent ( x _ 1 , Ava ) AND like . theme ( x _ 1 , Jack ) AND pierce . agent ( x _ 2 , x _ 0 ) AND pierce . theme ( x _ 2 , Jack )	elips_RNR_in_dist
681	Liam discovered and Emma liked the girl .	* girl ( x _ 1 ) ; discover . agent ( x _ 2 , Liam ) AND discover . theme ( x _ 2 , x _ 1 ) AND like . agent ( x _ 3 , Emma ) AND like . theme ( x _ 3 , x _ 1 )	elips_RNR_in_dist
682	Emma noticed and Liam liked Penelope .	notice . agent ( x _ 0 , Emma ) AND notice . theme ( x _ 0 , Penelope ) AND like . agent ( x _ 1 , Liam ) AND like . theme ( x _ 1 , Penelope )	elips_RNR_in_dist
683	A boy found and Sophia found Penelope .	boy ( x _ 0 ) AND find . agent ( x _ 1 , x _ 0 ) AND find . theme ( x _ 1 , Penelope ) AND find . agent ( x _ 2 , Sophia ) AND find . theme ( x _ 2 , Penelope )	elips_RNR_in_dist
684	Mason touched and Emma liked Dylan .	touch . agent ( x _ 0 , Mason ) AND touch . theme ( x _ 0 , Dylan ) AND like . agent ( x _ 1 , Emma ) AND like . theme ( x _ 1 , Dylan )	elips_RNR_in_dist
685	A girl found and Mateo admired Wyatt .	girl ( x _ 0 ) AND find . agent ( x _ 1 , x _ 0 ) AND find . theme ( x _ 1 , Wyatt ) AND admire . agent ( x _ 2 , Mateo ) AND admire . theme ( x _ 2 , Wyatt )	elips_RNR_in_dist
686	A child liked and Emma liked John .	child ( x _ 0 ) AND like . agent ( x _ 1 , x _ 0 ) AND like . theme ( x _ 1 , John ) AND like . agent ( x _ 2 , Emma ) AND like . theme ( x _ 2 , John )	elips_RNR_in_dist
687	Mila ate and Charlotte appreciated the bunny .	* bunny ( x _ 1 ) ; eat . agent ( x _ 2 , Mila ) AND eat . theme ( x _ 2 , x _ 1 ) AND appreciate . agent ( x _ 3 , Charlotte ) AND appreciate . theme ( x _ 3 , x _ 1 )	elips_RNR_in_dist
688	Noah ate and a girl found Penelope .	girl ( x _ 0 ) AND eat . agent ( x _ 1 , Noah ) AND eat . theme ( x _ 1 , Penelope ) AND find . agent ( x _ 2 , x _ 0 ) AND find . theme ( x _ 2 , Penelope )	elips_RNR_in_dist
689	Liam ate and Noah loved Penelope .	eat . agent ( x _ 0 , Liam ) AND eat . theme ( x _ 0 , Penelope ) AND love . agent ( x _ 1 , Noah ) AND love . theme ( x _ 1 , Penelope )	elips_RNR_in_dist
690	Mila painted and Michael liked the girl .	* girl ( x _ 1 ) ; paint . agent ( x _ 2 , Mila ) AND paint . theme ( x _ 2 , x _ 1 ) AND like . agent ( x _ 3 , Michael ) AND like . theme ( x _ 3 , x _ 1 )	elips_RNR_in_dist
691	Emma admired and Jackson loved Penelope .	admire . agent ( x _ 0 , Emma ) AND admire . theme ( x _ 0 , Penelope ) AND love . agent ( x _ 1 , Jackson ) AND love . theme ( x _ 1 , Penelope )	elips_RNR_in_dist
692	Oliver ate and Chloe liked Wyatt .	eat . agent ( x _ 0 , Oliver ) AND eat . theme ( x _ 0 , Wyatt ) AND like . agent ( x _ 1 , Chloe ) AND like . theme ( x _ 1 , Wyatt )	elips_RNR_in_dist
693	Olivia painted and Oliver found the girl .	* girl ( x _ 1 ) ; paint . agent ( x _ 2 , Olivia ) AND paint . theme ( x _ 2 , x _ 1 ) AND find . agent ( x _ 3 , Oliver ) AND find . theme ( x _ 3 , x _ 1 )	elips_RNR_in_dist
694	A horse cleaned and the monkey tolerated a bee .	* monkey ( x _ 2 ) ; horse ( x _ 0 ) AND bee ( x _ 3 ) AND clean . agent ( x _ 4 , x _ 0 ) AND clean . theme ( x _ 4 , x _ 3 ) AND tolerate . agent ( x _ 5 , x _ 2 ) AND tolerate . theme ( x _ 5 , x _ 3 )	elips_RNR_in_dist
695	The consumer liked and the bird liked the boy .	* consumer ( x _ 0 ) ; * boy ( x _ 3 ) ; * bird ( x _ 2 ) ; like . agent ( x _ 4 , x _ 0 ) AND like . theme ( x _ 4 , x _ 3 ) AND like . agent ( x _ 5 , x _ 2 ) AND like . theme ( x _ 5 , x _ 3 )	elips_RNR_in_dist
696	Olivia called and Emma poked Penelope .	call . agent ( x _ 0 , Olivia ) AND call . theme ( x _ 0 , Penelope ) AND poke . agent ( x _ 1 , Emma ) AND poke . theme ( x _ 1 , Penelope )	elips_RNR_in_dist
697	The girl helped and Grace liked the boy .	* girl ( x _ 0 ) ; * boy ( x _ 2 ) ; help . agent ( x _ 3 , x _ 0 ) AND help . theme ( x _ 3 , x _ 2 ) AND like . agent ( x _ 4 , Grace ) AND like . theme ( x _ 4 , x _ 2 )	elips_RNR_in_dist
698	Aria helped and a girl liked Skylar .	girl ( x _ 0 ) AND help . agent ( x _ 1 , Aria ) AND help . theme ( x _ 1 , Skylar ) AND like . agent ( x _ 2 , x _ 0 ) AND like . theme ( x _ 2 , Skylar )	elips_RNR_in_dist
699	A human ate and Emma liked a child .	human ( x _ 0 ) AND child ( x _ 2 ) AND eat . agent ( x _ 3 , x _ 0 ) AND eat . theme ( x _ 3 , x _ 2 ) AND like . agent ( x _ 4 , Emma ) AND like . theme ( x _ 4 , x _ 2 )	elips_RNR_in_dist
700	A donkey juggled and James helped Brooklyn .	donkey ( x _ 0 ) AND juggle . agent ( x _ 1 , x _ 0 ) AND juggle . theme ( x _ 1 , Brooklyn ) AND help . agent ( x _ 2 , James ) AND help . theme ( x _ 2 , Brooklyn )	elips_RNR_in_dist
701	The boy valued and the girl helped Penelope .	* boy ( x _ 0 ) ; * girl ( x _ 1 ) ; value . agent ( x _ 2 , x _ 0 ) AND value . theme ( x _ 2 , Penelope ) AND help . agent ( x _ 3 , x _ 1 ) AND help . theme ( x _ 3 , Penelope )	elips_RNR_in_dist
702	Isabella ate and Natalie liked Penelope .	eat . agent ( x _ 0 , Isabella ) AND eat . theme ( x _ 0 , Penelope ) AND like . agent ( x _ 1 , Natalie ) AND like . theme ( x _ 1 , Penelope )	elips_RNR_in_dist
703	A bird liked and Aria liked a girl .	bird ( x _ 0 ) AND girl ( x _ 2 ) AND like . agent ( x _ 3 , x _ 0 ) AND like . theme ( x _ 3 , x _ 2 ) AND like . agent ( x _ 4 , Aria ) AND like . theme ( x _ 4 , x _ 2 )	elips_RNR_in_dist
704	Liam cooked and Henry found the girl .	* girl ( x _ 1 ) ; cook . agent ( x _ 2 , Liam ) AND cook . theme ( x _ 2 , x _ 1 ) AND find . agent ( x _ 3 , Henry ) AND find . theme ( x _ 3 , x _ 1 )	elips_RNR_in_dist
705	Emma poked and Emily helped the crocodile .	* crocodile ( x _ 1 ) ; poke . agent ( x _ 2 , Emma ) AND poke . theme ( x _ 2 , x _ 1 ) AND help . agent ( x _ 3 , Emily ) AND help . theme ( x _ 3 , x _ 1 )	elips_RNR_in_dist
706	A cat ate and Emma discovered the lawyer .	* lawyer ( x _ 2 ) ; cat ( x _ 0 ) AND eat . agent ( x _ 3 , x _ 0 ) AND eat . theme ( x _ 3 , x _ 2 ) AND discover . agent ( x _ 4 , Emma ) AND discover . theme ( x _ 4 , x _ 2 )	elips_RNR_in_dist
707	A cat painted and Emma tolerated John .	cat ( x _ 0 ) AND paint . agent ( x _ 1 , x _ 0 ) AND paint . theme ( x _ 1 , John ) AND tolerate . agent ( x _ 2 , Emma ) AND tolerate . theme ( x _ 2 , John )	elips_RNR_in_dist
708	A girl ate and Stella poked Penelope .	girl ( x _ 0 ) AND eat . agent ( x _ 1 , x _ 0 ) AND eat . theme ( x _ 1 , Penelope ) AND poke . agent ( x _ 2 , Stella ) AND poke . theme ( x _ 2 , Penelope )	elips_RNR_in_dist
709	The pig drew and Emma liked Jack .	* pig ( x _ 0 ) ; draw . agent ( x _ 1 , x _ 0 ) AND draw . theme ( x _ 1 , Jack ) AND like . agent ( x _ 2 , Emma ) AND like . theme ( x _ 2 , Jack )	elips_RNR_in_dist
710	The creature poked and Logan liked Penelope .	* creature ( x _ 0 ) ; poke . agent ( x _ 1 , x _ 0 ) AND poke . theme ( x _ 1 , Penelope ) AND like . agent ( x _ 2 , Logan ) AND like . theme ( x _ 2 , Penelope )	elips_RNR_in_dist
711	A president ate and the cat loved Zoey .	* cat ( x _ 1 ) ; president ( x _ 0 ) AND eat . agent ( x _ 2 , x _ 0 ) AND eat . theme ( x _ 2 , Zoey ) AND love . agent ( x _ 3 , x _ 1 ) AND love . theme ( x _ 3 , Zoey )	elips_RNR_in_dist
712	Noah missed and a hero discovered Penelope .	hero ( x _ 0 ) AND miss . agent ( x _ 1 , Noah ) AND miss . theme ( x _ 1 , Penelope ) AND discover . agent ( x _ 2 , x _ 0 ) AND discover . theme ( x _ 2 , Penelope )	elips_RNR_in_dist
713	A boy painted and a cat found Dylan .	boy ( x _ 0 ) AND cat ( x _ 1 ) AND paint . agent ( x _ 2 , x _ 0 ) AND paint . theme ( x _ 2 , Dylan ) AND find . agent ( x _ 3 , x _ 1 ) AND find . theme ( x _ 3 , Dylan )	elips_RNR_in_dist
714	Matthew liked and Eleanor liked Penelope .	like . agent ( x _ 0 , Matthew ) AND like . theme ( x _ 0 , Penelope ) AND like . agent ( x _ 1 , Eleanor ) AND like . theme ( x _ 1 , Penelope )	elips_RNR_in_dist
715	Olivia cleaned and the president valued the dog .	* dog ( x _ 2 ) ; * president ( x _ 1 ) ; clean . agent ( x _ 3 , Olivia ) AND clean . theme ( x _ 3 , x _ 2 ) AND value . agent ( x _ 4 , x _ 1 ) AND value . theme ( x _ 4 , x _ 2 )	elips_RNR_in_dist
716	The girl cooked and Emma adored the giraffe .	* girl ( x _ 0 ) ; * giraffe ( x _ 2 ) ; cook . agent ( x _ 3 , x _ 0 ) AND cook . theme ( x _ 3 , x _ 2 ) AND adore . agent ( x _ 4 , Emma ) AND adore . theme ( x _ 4 , x _ 2 )	elips_RNR_in_dist
717	Liam helped and Emma appreciated the girl .	* girl ( x _ 1 ) ; help . agent ( x _ 2 , Liam ) AND help . theme ( x _ 2 , x _ 1 ) AND appreciate . agent ( x _ 3 , Emma ) AND appreciate . theme ( x _ 3 , x _ 1 )	elips_RNR_in_dist
718	Emma worshipped and a girl helped Caleb .	girl ( x _ 0 ) AND worship . agent ( x _ 1 , Emma ) AND worship . theme ( x _ 1 , Caleb ) AND help . agent ( x _ 2 , x _ 0 ) AND help . theme ( x _ 2 , Caleb )	elips_RNR_in_dist
719	A girl admired and James helped Dylan .	girl ( x _ 0 ) AND admire . agent ( x _ 1 , x _ 0 ) AND admire . theme ( x _ 1 , Dylan ) AND help . agent ( x _ 2 , James ) AND help . theme ( x _ 2 , Dylan )	elips_RNR_in_dist
720	Emma helped and the boy liked Eleanor .	* boy ( x _ 0 ) ; help . agent ( x _ 1 , Emma ) AND help . theme ( x _ 1 , Eleanor ) AND like . agent ( x _ 2 , x _ 0 ) AND like . theme ( x _ 2 , Eleanor )	elips_RNR_in_dist
721	Mason ate and a sheep loved Penelope .	sheep ( x _ 0 ) AND eat . agent ( x _ 1 , Mason ) AND eat . theme ( x _ 1 , Penelope ) AND love . agent ( x _ 2 , x _ 0 ) AND love . theme ( x _ 2 , Penelope )	elips_RNR_in_dist
722	The mouse touched and Lily helped a girl .	* mouse ( x _ 0 ) ; girl ( x _ 2 ) AND touch . agent ( x _ 3 , x _ 0 ) AND touch . theme ( x _ 3 , x _ 2 ) AND help . agent ( x _ 4 , Lily ) AND help . theme ( x _ 4 , x _ 2 )	elips_RNR_in_dist
723	The girl admired and a dog liked Penelope .	* girl ( x _ 0 ) ; dog ( x _ 1 ) AND admire . agent ( x _ 2 , x _ 0 ) AND admire . theme ( x _ 2 , Penelope ) AND like . agent ( x _ 3 , x _ 1 ) AND like . theme ( x _ 3 , Penelope )	elips_RNR_in_dist
724	The cat stabbed and Emma liked Penelope .	* cat ( x _ 0 ) ; stab . agent ( x _ 1 , x _ 0 ) AND stab . theme ( x _ 1 , Penelope ) AND like . agent ( x _ 2 , Emma ) AND like . theme ( x _ 2 , Penelope )	elips_RNR_in_dist
725	The boy cleaned and Lucas liked Luke .	* boy ( x _ 0 ) ; clean . agent ( x _ 1 , x _ 0 ) AND clean . theme ( x _ 1 , Luke ) AND like . agent ( x _ 2 , Lucas ) AND like . theme ( x _ 2 , Luke )	elips_RNR_in_dist
726	Sophia liked and the girl tolerated Penelope .	* girl ( x _ 0 ) ; like . agent ( x _ 1 , Sophia ) AND like . theme ( x _ 1 , Penelope ) AND tolerate . agent ( x _ 2 , x _ 0 ) AND tolerate . theme ( x _ 2 , Penelope )	elips_RNR_in_dist
727	The girl painted and Amelia tossed Layla .	* girl ( x _ 0 ) ; paint . agent ( x _ 1 , x _ 0 ) AND paint . theme ( x _ 1 , Layla ) AND toss . agent ( x _ 2 , Amelia ) AND toss . theme ( x _ 2 , Layla )	elips_RNR_in_dist
728	The girl touched and the cat poked Julian .	* girl ( x _ 0 ) ; * cat ( x _ 1 ) ; touch . agent ( x _ 2 , x _ 0 ) AND touch . theme ( x _ 2 , Julian ) AND poke . agent ( x _ 3 , x _ 1 ) AND poke . theme ( x _ 3 , Julian )	elips_RNR_in_dist
729	Elizabeth liked and Emma missed the girl .	* girl ( x _ 1 ) ; like . agent ( x _ 2 , Elizabeth ) AND like . theme ( x _ 2 , x _ 1 ) AND miss . agent ( x _ 3 , Emma ) AND miss . theme ( x _ 3 , x _ 1 )	elips_RNR_in_dist
730	The scientist tossed and the duke worshipped Penelope .	* scientist ( x _ 0 ) ; * duke ( x _ 1 ) ; toss . agent ( x _ 2 , x _ 0 ) AND toss . theme ( x _ 2 , Penelope ) AND worship . agent ( x _ 3 , x _ 1 ) AND worship . theme ( x _ 3 , Penelope )	elips_RNR_in_dist
731	James dusted and a cat liked Hannah .	cat ( x _ 0 ) AND dust . agent ( x _ 1 , James ) AND dust . theme ( x _ 1 , Hannah ) AND like . agent ( x _ 2 , x _ 0 ) AND like . theme ( x _ 2 , Hannah )	elips_RNR_in_dist
732	Sophia cooked and Emma poked a bird .	bird ( x _ 1 ) AND cook . agent ( x _ 2 , Sophia ) AND cook . theme ( x _ 2 , x _ 1 ) AND poke . agent ( x _ 3 , Emma ) AND poke . theme ( x _ 3 , x _ 1 )	elips_RNR_in_dist
733	A cat ate and Liam liked Wyatt .	cat ( x _ 0 ) AND eat . agent ( x _ 1 , x _ 0 ) AND eat . theme ( x _ 1 , Wyatt ) AND like . agent ( x _ 2 , Liam ) AND like . theme ( x _ 2 , Wyatt )	elips_RNR_in_dist
734	A girl painted and Jackson adored Penelope .	girl ( x _ 0 ) AND paint . agent ( x _ 1 , x _ 0 ) AND paint . theme ( x _ 1 , Penelope ) AND adore . agent ( x _ 2 , Jackson ) AND adore . theme ( x _ 2 , Penelope )	elips_RNR_in_dist
735	A girl poked and Isabella helped Penelope .	girl ( x _ 0 ) AND poke . agent ( x _ 1 , x _ 0 ) AND poke . theme ( x _ 1 , Penelope ) AND help . agent ( x _ 2 , Isabella ) AND help . theme ( x _ 2 , Penelope )	elips_RNR_in_dist
736	A girl ate and Emma admired the boy .	* boy ( x _ 2 ) ; girl ( x _ 0 ) AND eat . agent ( x _ 3 , x _ 0 ) AND eat . theme ( x _ 3 , x _ 2 ) AND admire . agent ( x _ 4 , Emma ) AND admire . theme ( x _ 4 , x _ 2 )	elips_RNR_in_dist
737	Isabella knew and the boy liked Gabriel .	* boy ( x _ 0 ) ; know . agent ( x _ 1 , Isabella ) AND know . theme ( x _ 1 , Gabriel ) AND like . agent ( x _ 2 , x _ 0 ) AND like . theme ( x _ 2 , Gabriel )	elips_RNR_in_dist
738	The tourist ate and Emma liked the customer .	* tourist ( x _ 0 ) ; * customer ( x _ 2 ) ; eat . agent ( x _ 3 , x _ 0 ) AND eat . theme ( x _ 3 , x _ 2 ) AND like . agent ( x _ 4 , Emma ) AND like . theme ( x _ 4 , x _ 2 )	elips_RNR_in_dist
739	The cow loved and Emma tolerated the chicken .	* cow ( x _ 0 ) ; * chicken ( x _ 2 ) ; love . agent ( x _ 3 , x _ 0 ) AND love . theme ( x _ 3 , x _ 2 ) AND tolerate . agent ( x _ 4 , Emma ) AND tolerate . theme ( x _ 4 , x _ 2 )	elips_RNR_in_dist
740	A girl drew and Isabella found the boy .	* boy ( x _ 2 ) ; girl ( x _ 0 ) AND draw . agent ( x _ 3 , x _ 0 ) AND draw . theme ( x _ 3 , x _ 2 ) AND find . agent ( x _ 4 , Isabella ) AND find . theme ( x _ 4 , x _ 2 )	elips_RNR_in_dist
741	The girl dusted and a child liked Leah .	* girl ( x _ 0 ) ; child ( x _ 1 ) AND dust . agent ( x _ 2 , x _ 0 ) AND dust . theme ( x _ 2 , Leah ) AND like . agent ( x _ 3 , x _ 1 ) AND like . theme ( x _ 3 , Leah )	elips_RNR_in_dist
742	Mia respected and a dog loved Penelope .	dog ( x _ 0 ) AND respect . agent ( x _ 1 , Mia ) AND respect . theme ( x _ 1 , Penelope ) AND love . agent ( x _ 2 , x _ 0 ) AND love . theme ( x _ 2 , Penelope )	elips_RNR_in_dist
743	Emma ate and the teacher admired Layla .	* teacher ( x _ 0 ) ; eat . agent ( x _ 1 , Emma ) AND eat . theme ( x _ 1 , Layla ) AND admire . agent ( x _ 2 , x _ 0 ) AND admire . theme ( x _ 2 , Layla )	elips_RNR_in_dist
744	Noah noticed and a chicken helped Penelope .	chicken ( x _ 0 ) AND notice . agent ( x _ 1 , Noah ) AND notice . theme ( x _ 1 , Penelope ) AND help . agent ( x _ 2 , x _ 0 ) AND help . theme ( x _ 2 , Penelope )	elips_RNR_in_dist
745	Lucas examined and the girl discovered a cat .	* girl ( x _ 1 ) ; cat ( x _ 2 ) AND examine . agent ( x _ 3 , Lucas ) AND examine . theme ( x _ 3 , x _ 2 ) AND discover . agent ( x _ 4 , x _ 1 ) AND discover . theme ( x _ 4 , x _ 2 )	elips_RNR_in_dist
746	A boy helped and Emma liked Penelope .	boy ( x _ 0 ) AND help . agent ( x _ 1 , x _ 0 ) AND help . theme ( x _ 1 , Penelope ) AND like . agent ( x _ 2 , Emma ) AND like . theme ( x _ 2 , Penelope )	elips_RNR_in_dist
747	Natalie observed and the wolf liked a boy .	* wolf ( x _ 1 ) ; boy ( x _ 2 ) AND observe . agent ( x _ 3 , Natalie ) AND observe . theme ( x _ 3 , x _ 2 ) AND like . agent ( x _ 4 , x _ 1 ) AND like . theme ( x _ 4 , x _ 2 )	elips_RNR_in_dist
748	Skylar worshipped and Ethan found a child .	child ( x _ 1 ) AND worship . agent ( x _ 2 , Skylar ) AND worship . theme ( x _ 2 , x _ 1 ) AND find . agent ( x _ 3 , Ethan ) AND find . theme ( x _ 3 , x _ 1 )	elips_RNR_in_dist
749	Liam loved and the mouse tolerated the kid .	* kid ( x _ 2 ) ; * mouse ( x _ 1 ) ; love . agent ( x _ 3 , Liam ) AND love . theme ( x _ 3 , x _ 2 ) AND tolerate . agent ( x _ 4 , x _ 1 ) AND tolerate . theme ( x _ 4 , x _ 2 )	elips_RNR_in_dist
750	The mouse ate and the girl liked the customer .	* mouse ( x _ 0 ) ; * customer ( x _ 3 ) ; * girl ( x _ 2 ) ; eat . agent ( x _ 4 , x _ 0 ) AND eat . theme ( x _ 4 , x _ 3 ) AND like . agent ( x _ 5 , x _ 2 ) AND like . theme ( x _ 5 , x _ 3 )	elips_RNR_in_dist
751	Emma cleaned and the girl helped Penelope .	* girl ( x _ 0 ) ; clean . agent ( x _ 1 , Emma ) AND clean . theme ( x _ 1 , Penelope ) AND help . agent ( x _ 2 , x _ 0 ) AND help . theme ( x _ 2 , Penelope )	elips_RNR_in_dist
752	The wolf touched and Emma helped a girl .	* wolf ( x _ 0 ) ; girl ( x _ 2 ) AND touch . agent ( x _ 3 , x _ 0 ) AND touch . theme ( x _ 3 , x _ 2 ) AND help . agent ( x _ 4 , Emma ) AND help . theme ( x _ 4 , x _ 2 )	elips_RNR_in_dist
753	Avery liked and a teacher liked Riley .	teacher ( x _ 0 ) AND like . agent ( x _ 1 , Avery ) AND like . theme ( x _ 1 , Riley ) AND like . agent ( x _ 2 , x _ 0 ) AND like . theme ( x _ 2 , Riley )	elips_RNR_in_dist
754	Olivia sketched and the duck helped the cow .	* cow ( x _ 2 ) ; * duck ( x _ 1 ) ; sketch . agent ( x _ 3 , Olivia ) AND sketch . theme ( x _ 3 , x _ 2 ) AND help . agent ( x _ 4 , x _ 1 ) AND help . theme ( x _ 4 , x _ 2 )	elips_RNR_in_dist
755	A goose stabbed and Hannah loved the girl .	* girl ( x _ 2 ) ; goose ( x _ 0 ) AND stab . agent ( x _ 3 , x _ 0 ) AND stab . theme ( x _ 3 , x _ 2 ) AND love . agent ( x _ 4 , Hannah ) AND love . theme ( x _ 4 , x _ 2 )	elips_RNR_in_dist
756	Hannah saw and the governor found the dog .	* dog ( x _ 2 ) ; * governor ( x _ 1 ) ; see . agent ( x _ 3 , Hannah ) AND see . theme ( x _ 3 , x _ 2 ) AND find . agent ( x _ 4 , x _ 1 ) AND find . theme ( x _ 4 , x _ 2 )	elips_RNR_in_dist
757	Olivia worshipped and the coach liked the boy .	* boy ( x _ 2 ) ; * coach ( x _ 1 ) ; worship . agent ( x _ 3 , Olivia ) AND worship . theme ( x _ 3 , x _ 2 ) AND like . agent ( x _ 4 , x _ 1 ) AND like . theme ( x _ 4 , x _ 2 )	elips_RNR_in_dist
758	A teacher liked and a girl stabbed Penelope .	teacher ( x _ 0 ) AND girl ( x _ 1 ) AND like . agent ( x _ 2 , x _ 0 ) AND like . theme ( x _ 2 , Penelope ) AND stab . agent ( x _ 3 , x _ 1 ) AND stab . theme ( x _ 3 , Penelope )	elips_RNR_in_dist
759	A monkey painted and a girl liked a horse .	monkey ( x _ 0 ) AND horse ( x _ 3 ) AND girl ( x _ 2 ) AND paint . agent ( x _ 4 , x _ 0 ) AND paint . theme ( x _ 4 , x _ 3 ) AND like . agent ( x _ 5 , x _ 2 ) AND like . theme ( x _ 5 , x _ 3 )	elips_RNR_in_dist
760	Emma saw and a visitor pierced a chicken .	chicken ( x _ 2 ) AND visitor ( x _ 1 ) AND see . agent ( x _ 3 , Emma ) AND see . theme ( x _ 3 , x _ 2 ) AND pierce . agent ( x _ 4 , x _ 1 ) AND pierce . theme ( x _ 4 , x _ 2 )	elips_RNR_in_dist
761	A mouse drew and the girl liked Penelope .	* girl ( x _ 1 ) ; mouse ( x _ 0 ) AND draw . agent ( x _ 2 , x _ 0 ) AND draw . theme ( x _ 2 , Penelope ) AND like . agent ( x _ 3 , x _ 1 ) AND like . theme ( x _ 3 , Penelope )	elips_RNR_in_dist
762	Liam liked and Charlotte helped Lily .	like . agent ( x _ 0 , Liam ) AND like . theme ( x _ 0 , Lily ) AND help . agent ( x _ 1 , Charlotte ) AND help . theme ( x _ 1 , Lily )	elips_RNR_in_dist
763	A giraffe ate and Elizabeth liked Penelope .	giraffe ( x _ 0 ) AND eat . agent ( x _ 1 , x _ 0 ) AND eat . theme ( x _ 1 , Penelope ) AND like . agent ( x _ 2 , Elizabeth ) AND like . theme ( x _ 2 , Penelope )	elips_RNR_in_dist
764	Isabella drew and the duck found Gabriel .	* duck ( x _ 0 ) ; draw . agent ( x _ 1 , Isabella ) AND draw . theme ( x _ 1 , Gabriel ) AND find . agent ( x _ 2 , x _ 0 ) AND find . theme ( x _ 2 , Gabriel )	elips_RNR_in_dist
765	Noah ate and a guy missed Penelope .	guy ( x _ 0 ) AND eat . agent ( x _ 1 , Noah ) AND eat . theme ( x _ 1 , Penelope ) AND miss . agent ( x _ 2 , x _ 0 ) AND miss . theme ( x _ 2 , Penelope )	elips_RNR_in_dist
766	Emma ate and a boy adored Jaxon .	boy ( x _ 0 ) AND eat . agent ( x _ 1 , Emma ) AND eat . theme ( x _ 1 , Jaxon ) AND adore . agent ( x _ 2 , x _ 0 ) AND adore . theme ( x _ 2 , Jaxon )	elips_RNR_in_dist
767	The girl admired and James liked the boy .	* girl ( x _ 0 ) ; * boy ( x _ 2 ) ; admire . agent ( x _ 3 , x _ 0 ) AND admire . theme ( x _ 3 , x _ 2 ) AND like . agent ( x _ 4 , James ) AND like . theme ( x _ 4 , x _ 2 )	elips_RNR_in_dist
768	The crocodile ate and the girl liked Zoey .	* crocodile ( x _ 0 ) ; * girl ( x _ 1 ) ; eat . agent ( x _ 2 , x _ 0 ) AND eat . theme ( x _ 2 , Zoey ) AND like . agent ( x _ 3 , x _ 1 ) AND like . theme ( x _ 3 , Zoey )	elips_RNR_in_dist
769	Liam loved and Emma held Jack .	love . agent ( x _ 0 , Liam ) AND love . theme ( x _ 0 , Jack ) AND hold . agent ( x _ 1 , Emma ) AND hold . theme ( x _ 1 , Jack )	elips_RNR_in_dist
770	Sebastian found and Emma missed a baby .	baby ( x _ 1 ) AND find . agent ( x _ 2 , Sebastian ) AND find . theme ( x _ 2 , x _ 1 ) AND miss . agent ( x _ 3 , Emma ) AND miss . theme ( x _ 3 , x _ 1 )	elips_RNR_in_dist
771	The girl packed and Liam loved Audrey .	* girl ( x _ 0 ) ; pack . agent ( x _ 1 , x _ 0 ) AND pack . theme ( x _ 1 , Audrey ) AND love . agent ( x _ 2 , Liam ) AND love . theme ( x _ 2 , Audrey )	elips_RNR_in_dist
772	A boy ate and a cat admired Penelope .	boy ( x _ 0 ) AND cat ( x _ 1 ) AND eat . agent ( x _ 2 , x _ 0 ) AND eat . theme ( x _ 2 , Penelope ) AND admire . agent ( x _ 3 , x _ 1 ) AND admire . theme ( x _ 3 , Penelope )	elips_RNR_in_dist
773	A girl adored and the dog missed Asher .	* dog ( x _ 1 ) ; girl ( x _ 0 ) AND adore . agent ( x _ 2 , x _ 0 ) AND adore . theme ( x _ 2 , Asher ) AND miss . agent ( x _ 3 , x _ 1 ) AND miss . theme ( x _ 3 , Asher )	elips_RNR_in_dist
774	Emma helped and Noah loved the girl .	* girl ( x _ 1 ) ; help . agent ( x _ 2 , Emma ) AND help . theme ( x _ 2 , x _ 1 ) AND love . agent ( x _ 3 , Noah ) AND love . theme ( x _ 3 , x _ 1 )	elips_RNR_in_dist
775	Liam liked and Evelyn found Wyatt .	like . agent ( x _ 0 , Liam ) AND like . theme ( x _ 0 , Wyatt ) AND find . agent ( x _ 1 , Evelyn ) AND find . theme ( x _ 1 , Wyatt )	elips_RNR_in_dist
776	Emma poked and the girl valued Riley .	* girl ( x _ 0 ) ; poke . agent ( x _ 1 , Emma ) AND poke . theme ( x _ 1 , Riley ) AND value . agent ( x _ 2 , x _ 0 ) AND value . theme ( x _ 2 , Riley )	elips_RNR_in_dist
777	Olivia liked and Jayden liked a girl .	girl ( x _ 1 ) AND like . agent ( x _ 2 , Olivia ) AND like . theme ( x _ 2 , x _ 1 ) AND like . agent ( x _ 3 , Jayden ) AND like . theme ( x _ 3 , x _ 1 )	elips_RNR_in_dist
778	Ava poked and Liam helped Penelope .	poke . agent ( x _ 0 , Ava ) AND poke . theme ( x _ 0 , Penelope ) AND help . agent ( x _ 1 , Liam ) AND help . theme ( x _ 1 , Penelope )	elips_RNR_in_dist
779	Liam touched and the dog loved the girl .	* girl ( x _ 2 ) ; * dog ( x _ 1 ) ; touch . agent ( x _ 3 , Liam ) AND touch . theme ( x _ 3 , x _ 2 ) AND love . agent ( x _ 4 , x _ 1 ) AND love . theme ( x _ 4 , x _ 2 )	elips_RNR_in_dist
780	The lion stabbed and Emma liked Gabriel .	* lion ( x _ 0 ) ; stab . agent ( x _ 1 , x _ 0 ) AND stab . theme ( x _ 1 , Gabriel ) AND like . agent ( x _ 2 , Emma ) AND like . theme ( x _ 2 , Gabriel )	elips_RNR_in_dist
781	The lion ate and a boy tossed Nora .	* lion ( x _ 0 ) ; boy ( x _ 1 ) AND eat . agent ( x _ 2 , x _ 0 ) AND eat . theme ( x _ 2 , Nora ) AND toss . agent ( x _ 3 , x _ 1 ) AND toss . theme ( x _ 3 , Nora )	elips_RNR_in_dist
782	A girl liked and the boy found a child .	* boy ( x _ 2 ) ; girl ( x _ 0 ) AND child ( x _ 3 ) AND like . agent ( x _ 4 , x _ 0 ) AND like . theme ( x _ 4 , x _ 3 ) AND find . agent ( x _ 5 , x _ 2 ) AND find . theme ( x _ 5 , x _ 3 )	elips_RNR_in_dist
783	Lily ate and the boy liked Layla .	* boy ( x _ 0 ) ; eat . agent ( x _ 1 , Lily ) AND eat . theme ( x _ 1 , Layla ) AND like . agent ( x _ 2 , x _ 0 ) AND like . theme ( x _ 2 , Layla )	elips_RNR_in_dist
784	The girl liked and Emma found a child .	* girl ( x _ 0 ) ; child ( x _ 2 ) AND like . agent ( x _ 3 , x _ 0 ) AND like . theme ( x _ 3 , x _ 2 ) AND find . agent ( x _ 4 , Emma ) AND find . theme ( x _ 4 , x _ 2 )	elips_RNR_in_dist
785	Emma dusted and the resident found Penelope .	* resident ( x _ 0 ) ; dust . agent ( x _ 1 , Emma ) AND dust . theme ( x _ 1 , Penelope ) AND find . agent ( x _ 2 , x _ 0 ) AND find . theme ( x _ 2 , Penelope )	elips_RNR_in_dist
786	Olivia touched and the girl liked Penelope .	* girl ( x _ 0 ) ; touch . agent ( x _ 1 , Olivia ) AND touch . theme ( x _ 1 , Penelope ) AND like . agent ( x _ 2 , x _ 0 ) AND like . theme ( x _ 2 , Penelope )	elips_RNR_in_dist
787	Emma loved and the baby tossed Stella .	* baby ( x _ 0 ) ; love . agent ( x _ 1 , Emma ) AND love . theme ( x _ 1 , Stella ) AND toss . agent ( x _ 2 , x _ 0 ) AND toss . theme ( x _ 2 , Stella )	elips_RNR_in_dist
788	The teacher ate and James liked Lincoln .	* teacher ( x _ 0 ) ; eat . agent ( x _ 1 , x _ 0 ) AND eat . theme ( x _ 1 , Lincoln ) AND like . agent ( x _ 2 , James ) AND like . theme ( x _ 2 , Lincoln )	elips_RNR_in_dist
789	The girl noticed and the cat liked Jack .	* girl ( x _ 0 ) ; * cat ( x _ 1 ) ; notice . agent ( x _ 2 , x _ 0 ) AND notice . theme ( x _ 2 , Jack ) AND like . agent ( x _ 3 , x _ 1 ) AND like . theme ( x _ 3 , Jack )	elips_RNR_in_dist
790	A girl liked and the cat liked John .	* cat ( x _ 1 ) ; girl ( x _ 0 ) AND like . agent ( x _ 2 , x _ 0 ) AND like . theme ( x _ 2 , John ) AND like . agent ( x _ 3 , x _ 1 ) AND like . theme ( x _ 3 , John )	elips_RNR_in_dist
791	The boy liked and the cat respected Penelope .	* boy ( x _ 0 ) ; * cat ( x _ 1 ) ; like . agent ( x _ 2 , x _ 0 ) AND like . theme ( x _ 2 , Penelope ) AND respect . agent ( x _ 3 , x _ 1 ) AND respect . theme ( x _ 3 , Penelope )	elips_RNR_in_dist
792	Emma ate and the girl held the cat .	* cat ( x _ 2 ) ; * girl ( x _ 1 ) ; eat . agent ( x _ 3 , Emma ) AND eat . theme ( x _ 3 , x _ 2 ) AND hold . agent ( x _ 4 , x _ 1 ) AND hold . theme ( x _ 4 , x _ 2 )	elips_RNR_in_dist
793	Olivia hunted and the mother held Layla .	* mother ( x _ 0 ) ; hunt . agent ( x _ 1 , Olivia ) AND hunt . theme ( x _ 1 , Layla ) AND hold . agent ( x _ 2 , x _ 0 ) AND hold . theme ( x _ 2 , Layla )	elips_RNR_in_dist
794	Emma juggled and Olivia found Audrey .	juggle . agent ( x _ 0 , Emma ) AND juggle . theme ( x _ 0 , Audrey ) AND find . agent ( x _ 1 , Olivia ) AND find . theme ( x _ 1 , Audrey )	elips_RNR_in_dist
795	Alexander liked and Emma admired the monkey .	* monkey ( x _ 1 ) ; like . agent ( x _ 2 , Alexander ) AND like . theme ( x _ 2 , x _ 1 ) AND admire . agent ( x _ 3 , Emma ) AND admire . theme ( x _ 3 , x _ 1 )	elips_RNR_in_dist
796	A chicken ate and a girl held a boy .	chicken ( x _ 0 ) AND boy ( x _ 3 ) AND girl ( x _ 2 ) AND eat . agent ( x _ 4 , x _ 0 ) AND eat . theme ( x _ 4 , x _ 3 ) AND hold . agent ( x _ 5 , x _ 2 ) AND hold . theme ( x _ 5 , x _ 3 )	elips_RNR_in_dist
797	A boy found and Emma tossed a girl .	boy ( x _ 0 ) AND girl ( x _ 2 ) AND find . agent ( x _ 3 , x _ 0 ) AND find . theme ( x _ 3 , x _ 2 ) AND toss . agent ( x _ 4 , Emma ) AND toss . theme ( x _ 4 , x _ 2 )	elips_RNR_in_dist
798	Victoria knew and a butterfly adored Penelope .	butterfly ( x _ 0 ) AND know . agent ( x _ 1 , Victoria ) AND know . theme ( x _ 1 , Penelope ) AND adore . agent ( x _ 2 , x _ 0 ) AND adore . theme ( x _ 2 , Penelope )	elips_RNR_in_dist
799	The monkey ate and Emma loved a boy .	* monkey ( x _ 0 ) ; boy ( x _ 2 ) AND eat . agent ( x _ 3 , x _ 0 ) AND eat . theme ( x _ 3 , x _ 2 ) AND love . agent ( x _ 4 , Emma ) AND love . theme ( x _ 4 , x _ 2 )	elips_RNR_in_dist
0	The buyer nursed William and Emma the lion .	* buyer ( x _ 0 ) ; * lion ( x _ 1 ) ; nurse . agent ( x _ 2 , x _ 0 ) AND nurse . theme ( x _ 2 , William ) AND nurse . agent ( x _ 3 , Emma ) AND nurse . theme ( x _ 3 , x _ 1 )	elips_gapping_in_dist
1	Sofia ate Amelia and the girl the bear .	* girl ( x _ 0 ) ; * bear ( x _ 1 ) ; eat . agent ( x _ 2 , Sofia ) AND eat . theme ( x _ 2 , Amelia ) AND eat . agent ( x _ 3 , x _ 0 ) AND eat . theme ( x _ 3 , x _ 1 )	elips_gapping_in_dist
2	Oliver poked Liam and Isabella a boy .	boy ( x _ 0 ) AND poke . agent ( x _ 1 , Oliver ) AND poke . theme ( x _ 1 , Liam ) AND poke . agent ( x _ 2 , Isabella ) AND poke . theme ( x _ 2 , x _ 0 )	elips_gapping_in_dist
3	Sophia ate Elizabeth and a dog the bunny .	* bunny ( x _ 1 ) ; dog ( x _ 0 ) AND eat . agent ( x _ 2 , Sophia ) AND eat . theme ( x _ 2 , Elizabeth ) AND eat . agent ( x _ 3 , x _ 0 ) AND eat . theme ( x _ 3 , x _ 1 )	elips_gapping_in_dist
4	John juggled Emma and Olivia the girl .	* girl ( x _ 0 ) ; juggle . agent ( x _ 1 , John ) AND juggle . theme ( x _ 1 , Emma ) AND juggle . agent ( x _ 2 , Olivia ) AND juggle . theme ( x _ 2 , x _ 0 )	elips_gapping_in_dist
5	Madison ate the guest and Olivia a boy .	* guest ( x _ 0 ) ; boy ( x _ 1 ) AND eat . agent ( x _ 2 , Madison ) AND eat . theme ( x _ 2 , x _ 0 ) AND eat . agent ( x _ 3 , Olivia ) AND eat . theme ( x _ 3 , x _ 1 )	elips_gapping_in_dist
6	A child found the monkey and the lion Emma .	* monkey ( x _ 1 ) ; * lion ( x _ 2 ) ; child ( x _ 0 ) AND find . agent ( x _ 3 , x _ 0 ) AND find . theme ( x _ 3 , x _ 1 ) AND find . agent ( x _ 4 , x _ 2 ) AND find . theme ( x _ 4 , Emma )	elips_gapping_in_dist
7	Sophia adored a boy and Liam Emma .	boy ( x _ 0 ) AND adore . agent ( x _ 1 , Sophia ) AND adore . theme ( x _ 1 , x _ 0 ) AND adore . agent ( x _ 2 , Liam ) AND adore . theme ( x _ 2 , Emma )	elips_gapping_in_dist
8	Emma ate the girl and James Olivia .	* girl ( x _ 0 ) ; eat . agent ( x _ 1 , Emma ) AND eat . theme ( x _ 1 , x _ 0 ) AND eat . agent ( x _ 2 , James ) AND eat . theme ( x _ 2 , Olivia )	elips_gapping_in_dist
9	A monster juggled Emma and the frog a girl .	* frog ( x _ 1 ) ; monster ( x _ 0 ) AND girl ( x _ 2 ) AND juggle . agent ( x _ 3 , x _ 0 ) AND juggle . theme ( x _ 3 , Emma ) AND juggle . agent ( x _ 4 , x _ 1 ) AND juggle . theme ( x _ 4 , x _ 2 )	elips_gapping_in_dist
10	A princess liked Ava and Savannah a baby .	princess ( x _ 0 ) AND baby ( x _ 1 ) AND like . agent ( x _ 2 , x _ 0 ) AND like . theme ( x _ 2 , Ava ) AND like . agent ( x _ 3 , Savannah ) AND like . theme ( x _ 3 , x _ 1 )	elips_gapping_in_dist
11	Liam missed the baby and a teacher Emma .	* baby ( x _ 0 ) ; teacher ( x _ 1 ) AND miss . agent ( x _ 2 , Liam ) AND miss . theme ( x _ 2 , x _ 0 ) AND miss . agent ( x _ 3 , x _ 1 ) AND miss . theme ( x _ 3 , Emma )	elips_gapping_in_dist
12	Charlotte ate Emma and the chicken James .	* chicken ( x _ 0 ) ; eat . agent ( x _ 1 , Charlotte ) AND eat . theme ( x _ 1 , Emma ) AND eat . agent ( x _ 2 , x _ 0 ) AND eat . theme ( x _ 2 , James )	elips_gapping_in_dist
13	The girl admired Olivia and a giraffe Emma .	* girl ( x _ 0 ) ; giraffe ( x _ 1 ) AND admire . agent ( x _ 2 , x _ 0 ) AND admire . theme ( x _ 2 , Olivia ) AND admire . agent ( x _ 3 , x _ 1 ) AND admire . theme ( x _ 3 , Emma )	elips_gapping_in_dist
14	A kid ate Elizabeth and Luna the lion .	* lion ( x _ 1 ) ; kid ( x _ 0 ) AND eat . agent ( x _ 2 , x _ 0 ) AND eat . theme ( x _ 2 , Elizabeth ) AND eat . agent ( x _ 3 , Luna ) AND eat . theme ( x _ 3 , x _ 1 )	elips_gapping_in_dist
15	The horse liked the doctor and the journalist Oliver .	* horse ( x _ 0 ) ; * doctor ( x _ 1 ) ; * journalist ( x _ 2 ) ; like . agent ( x _ 3 , x _ 0 ) AND like . theme ( x _ 3 , x _ 1 ) AND like . agent ( x _ 4 , x _ 2 ) AND like . theme ( x _ 4 , Oliver )	elips_gapping_in_dist
16	A pig found a penguin and a boy the dog .	* dog ( x _ 3 ) ; pig ( x _ 0 ) AND penguin ( x _ 1 ) AND boy ( x _ 2 ) AND find . agent ( x _ 4 , x _ 0 ) AND find . theme ( x _ 4 , x _ 1 ) AND find . agent ( x _ 5 , x _ 2 ) AND find . theme ( x _ 5 , x _ 3 )	elips_gapping_in_dist
17	Emma painted the baby and Gabriel the girl .	* baby ( x _ 0 ) ; * girl ( x _ 1 ) ; paint . agent ( x _ 2 , Emma ) AND paint . theme ( x _ 2 , x _ 0 ) AND paint . agent ( x _ 3 , Gabriel ) AND paint . theme ( x _ 3 , x _ 1 )	elips_gapping_in_dist
18	Emma found Ava and the girl Noah .	* girl ( x _ 0 ) ; find . agent ( x _ 1 , Emma ) AND find . theme ( x _ 1 , Ava ) AND find . agent ( x _ 2 , x _ 0 ) AND find . theme ( x _ 2 , Noah )	elips_gapping_in_dist
19	The girl poked Mason and a boy Ella .	* girl ( x _ 0 ) ; boy ( x _ 1 ) AND poke . agent ( x _ 2 , x _ 0 ) AND poke . theme ( x _ 2 , Mason ) AND poke . agent ( x _ 3 , x _ 1 ) AND poke . theme ( x _ 3 , Ella )	elips_gapping_in_dist
20	Olivia liked Harper and a girl a boy .	girl ( x _ 0 ) AND boy ( x _ 1 ) AND like . agent ( x _ 2 , Olivia ) AND like . theme ( x _ 2 , Harper ) AND like . agent ( x _ 3 , x _ 0 ) AND like . theme ( x _ 3 , x _ 1 )	elips_gapping_in_dist
21	A duck missed Isaac and the girl Olivia .	* girl ( x _ 1 ) ; duck ( x _ 0 ) AND miss . agent ( x _ 2 , x _ 0 ) AND miss . theme ( x _ 2 , Isaac ) AND miss . agent ( x _ 3 , x _ 1 ) AND miss . theme ( x _ 3 , Olivia )	elips_gapping_in_dist
22	A cat found a lion and Emma Olivia .	cat ( x _ 0 ) AND lion ( x _ 1 ) AND find . agent ( x _ 2 , x _ 0 ) AND find . theme ( x _ 2 , x _ 1 ) AND find . agent ( x _ 3 , Emma ) AND find . theme ( x _ 3 , Olivia )	elips_gapping_in_dist
23	The sailor liked Emma and a cat the baby .	* sailor ( x _ 0 ) ; * baby ( x _ 2 ) ; cat ( x _ 1 ) AND like . agent ( x _ 3 , x _ 0 ) AND like . theme ( x _ 3 , Emma ) AND like . agent ( x _ 4 , x _ 1 ) AND like . theme ( x _ 4 , x _ 2 )	elips_gapping_in_dist
24	The giraffe appreciated Evelyn and the girl Caleb .	* giraffe ( x _ 0 ) ; * girl ( x _ 1 ) ; appreciate . agent ( x _ 2 , x _ 0 ) AND appreciate . theme ( x _ 2 , Evelyn ) AND appreciate . agent ( x _ 3 , x _ 1 ) AND appreciate . theme ( x _ 3 , Caleb )	elips_gapping_in_dist
25	Levi painted Carter and a baby the cat .	* cat ( x _ 1 ) ; baby ( x _ 0 ) AND paint . agent ( x _ 2 , Levi ) AND paint . theme ( x _ 2 , Carter ) AND paint . agent ( x _ 3 , x _ 0 ) AND paint . theme ( x _ 3 , x _ 1 )	elips_gapping_in_dist
26	Emma sketched Ellie and a boy the dog .	* dog ( x _ 1 ) ; boy ( x _ 0 ) AND sketch . agent ( x _ 2 , Emma ) AND sketch . theme ( x _ 2 , Ellie ) AND sketch . agent ( x _ 3 , x _ 0 ) AND sketch . theme ( x _ 3 , x _ 1 )	elips_gapping_in_dist
27	Emma ate a boy and Isabella Olivia .	boy ( x _ 0 ) AND eat . agent ( x _ 1 , Emma ) AND eat . theme ( x _ 1 , x _ 0 ) AND eat . agent ( x _ 2 , Isabella ) AND eat . theme ( x _ 2 , Olivia )	elips_gapping_in_dist
28	A sheep ate the hero and the squirrel Emma .	* hero ( x _ 1 ) ; * squirrel ( x _ 2 ) ; sheep ( x _ 0 ) AND eat . agent ( x _ 3 , x _ 0 ) AND eat . theme ( x _ 3 , x _ 1 ) AND eat . agent ( x _ 4 , x _ 2 ) AND eat . theme ( x _ 4 , Emma )	elips_gapping_in_dist
29	A girl respected Charlotte and Emma Ava .	girl ( x _ 0 ) AND respect . agent ( x _ 1 , x _ 0 ) AND respect . theme ( x _ 1 , Charlotte ) AND respect . agent ( x _ 2 , Emma ) AND respect . theme ( x _ 2 , Ava )	elips_gapping_in_dist
30	The baby nursed Emma and William a girl .	* baby ( x _ 0 ) ; girl ( x _ 1 ) AND nurse . agent ( x _ 2 , x _ 0 ) AND nurse . theme ( x _ 2 , Emma ) AND nurse . agent ( x _ 3 , William ) AND nurse . theme ( x _ 3 , x _ 1 )	elips_gapping_in_dist
31	William cleaned the zebra and Charlotte Emma .	* zebra ( x _ 0 ) ; clean . agent ( x _ 1 , William ) AND clean . theme ( x _ 1 , x _ 0 ) AND clean . agent ( x _ 2 , Charlotte ) AND clean . theme ( x _ 2 , Emma )	elips_gapping_in_dist
32	Lucas liked Sophia and Emma a cat .	cat ( x _ 0 ) AND like . agent ( x _ 1 , Lucas ) AND like . theme ( x _ 1 , Sophia ) AND like . agent ( x _ 2 , Emma ) AND like . theme ( x _ 2 , x _ 0 )	elips_gapping_in_dist
33	A pig liked Logan and Alexander Emma .	pig ( x _ 0 ) AND like . agent ( x _ 1 , x _ 0 ) AND like . theme ( x _ 1 , Logan ) AND like . agent ( x _ 2 , Alexander ) AND like . theme ( x _ 2 , Emma )	elips_gapping_in_dist
34	The baby liked Emma and Olivia William .	* baby ( x _ 0 ) ; like . agent ( x _ 1 , x _ 0 ) AND like . theme ( x _ 1 , Emma ) AND like . agent ( x _ 2 , Olivia ) AND like . theme ( x _ 2 , William )	elips_gapping_in_dist
35	Emma helped the farmer and a girl Scarlett .	* farmer ( x _ 0 ) ; girl ( x _ 1 ) AND help . agent ( x _ 2 , Emma ) AND help . theme ( x _ 2 , x _ 0 ) AND help . agent ( x _ 3 , x _ 1 ) AND help . theme ( x _ 3 , Scarlett )	elips_gapping_in_dist
36	A chicken ate a baby and Emma the cat .	* cat ( x _ 2 ) ; chicken ( x _ 0 ) AND baby ( x _ 1 ) AND eat . agent ( x _ 3 , x _ 0 ) AND eat . theme ( x _ 3 , x _ 1 ) AND eat . agent ( x _ 4 , Emma ) AND eat . theme ( x _ 4 , x _ 2 )	elips_gapping_in_dist
37	The girl found Emily and a penguin a baby .	* girl ( x _ 0 ) ; penguin ( x _ 1 ) AND baby ( x _ 2 ) AND find . agent ( x _ 3 , x _ 0 ) AND find . theme ( x _ 3 , Emily ) AND find . agent ( x _ 4 , x _ 1 ) AND find . theme ( x _ 4 , x _ 2 )	elips_gapping_in_dist
38	A boy nursed Liam and Emma Theodore .	boy ( x _ 0 ) AND nurse . agent ( x _ 1 , x _ 0 ) AND nurse . theme ( x _ 1 , Liam ) AND nurse . agent ( x _ 2 , Emma ) AND nurse . theme ( x _ 2 , Theodore )	elips_gapping_in_dist
39	The student drew the dog and Emma Avery .	* student ( x _ 0 ) ; * dog ( x _ 1 ) ; draw . agent ( x _ 2 , x _ 0 ) AND draw . theme ( x _ 2 , x _ 1 ) AND draw . agent ( x _ 3 , Emma ) AND draw . theme ( x _ 3 , Avery )	elips_gapping_in_dist
40	Penelope poked the boy and Emma a girl .	* boy ( x _ 0 ) ; girl ( x _ 1 ) AND poke . agent ( x _ 2 , Penelope ) AND poke . theme ( x _ 2 , x _ 0 ) AND poke . agent ( x _ 3 , Emma ) AND poke . theme ( x _ 3 , x _ 1 )	elips_gapping_in_dist
41	Liam liked Elijah and Gabriel Noah .	like . agent ( x _ 0 , Liam ) AND like . theme ( x _ 0 , Elijah ) AND like . agent ( x _ 1 , Gabriel ) AND like . theme ( x _ 1 , Noah )	elips_gapping_in_dist
42	Emma cooked the prince and the mouse William .	* prince ( x _ 0 ) ; * mouse ( x _ 1 ) ; cook . agent ( x _ 2 , Emma ) AND cook . theme ( x _ 2 , x _ 0 ) AND cook . agent ( x _ 3 , x _ 1 ) AND cook . theme ( x _ 3 , William )	elips_gapping_in_dist
43	A boy appreciated Sebastian and Liam Emma .	boy ( x _ 0 ) AND appreciate . agent ( x _ 1 , x _ 0 ) AND appreciate . theme ( x _ 1 , Sebastian ) AND appreciate . agent ( x _ 2 , Liam ) AND appreciate . theme ( x _ 2 , Emma )	elips_gapping_in_dist
44	Sofia liked the manager and a girl Emma .	* manager ( x _ 0 ) ; girl ( x _ 1 ) AND like . agent ( x _ 2 , Sofia ) AND like . theme ( x _ 2 , x _ 0 ) AND like . agent ( x _ 3 , x _ 1 ) AND like . theme ( x _ 3 , Emma )	elips_gapping_in_dist
45	Emma ate Ryan and a hen the girl .	* girl ( x _ 1 ) ; hen ( x _ 0 ) AND eat . agent ( x _ 2 , Emma ) AND eat . theme ( x _ 2 , Ryan ) AND eat . agent ( x _ 3 , x _ 0 ) AND eat . theme ( x _ 3 , x _ 1 )	elips_gapping_in_dist
46	A boy found a cow and Liam Lucas .	boy ( x _ 0 ) AND cow ( x _ 1 ) AND find . agent ( x _ 2 , x _ 0 ) AND find . theme ( x _ 2 , x _ 1 ) AND find . agent ( x _ 3 , Liam ) AND find . theme ( x _ 3 , Lucas )	elips_gapping_in_dist
47	Olivia helped Isabella and a mouse Henry .	mouse ( x _ 0 ) AND help . agent ( x _ 1 , Olivia ) AND help . theme ( x _ 1 , Isabella ) AND help . agent ( x _ 2 , x _ 0 ) AND help . theme ( x _ 2 , Henry )	elips_gapping_in_dist
48	A girl cleaned a cat and Benjamin the journalist .	* journalist ( x _ 2 ) ; girl ( x _ 0 ) AND cat ( x _ 1 ) AND clean . agent ( x _ 3 , x _ 0 ) AND clean . theme ( x _ 3 , x _ 1 ) AND clean . agent ( x _ 4 , Benjamin ) AND clean . theme ( x _ 4 , x _ 2 )	elips_gapping_in_dist
49	Emily dusted the baby and a mouse Emma .	* baby ( x _ 0 ) ; mouse ( x _ 1 ) AND dust . agent ( x _ 2 , Emily ) AND dust . theme ( x _ 2 , x _ 0 ) AND dust . agent ( x _ 3 , x _ 1 ) AND dust . theme ( x _ 3 , Emma )	elips_gapping_in_dist
50	The girl ate Emma and the cat a fly .	* girl ( x _ 0 ) ; * cat ( x _ 1 ) ; fly ( x _ 2 ) AND eat . agent ( x _ 3 , x _ 0 ) AND eat . theme ( x _ 3 , Emma ) AND eat . agent ( x _ 4 , x _ 1 ) AND eat . theme ( x _ 4 , x _ 2 )	elips_gapping_in_dist
51	Liam nursed Mia and Emma a girl .	girl ( x _ 0 ) AND nurse . agent ( x _ 1 , Liam ) AND nurse . theme ( x _ 1 , Mia ) AND nurse . agent ( x _ 2 , Emma ) AND nurse . theme ( x _ 2 , x _ 0 )	elips_gapping_in_dist
52	The dog ate the giraffe and a customer Liam .	* dog ( x _ 0 ) ; * giraffe ( x _ 1 ) ; customer ( x _ 2 ) AND eat . agent ( x _ 3 , x _ 0 ) AND eat . theme ( x _ 3 , x _ 1 ) AND eat . agent ( x _ 4 , x _ 2 ) AND eat . theme ( x _ 4 , Liam )	elips_gapping_in_dist
53	A baby ate the producer and a dog a girl .	* producer ( x _ 1 ) ; baby ( x _ 0 ) AND dog ( x _ 2 ) AND girl ( x _ 3 ) AND eat . agent ( x _ 4 , x _ 0 ) AND eat . theme ( x _ 4 , x _ 1 ) AND eat . agent ( x _ 5 , x _ 2 ) AND eat . theme ( x _ 5 , x _ 3 )	elips_gapping_in_dist
54	The host missed the hero and a boy Liam .	* host ( x _ 0 ) ; * hero ( x _ 1 ) ; boy ( x _ 2 ) AND miss . agent ( x _ 3 , x _ 0 ) AND miss . theme ( x _ 3 , x _ 1 ) AND miss . agent ( x _ 4 , x _ 2 ) AND miss . theme ( x _ 4 , Liam )	elips_gapping_in_dist
55	The cat ate a boy and a girl Emma .	* cat ( x _ 0 ) ; boy ( x _ 1 ) AND girl ( x _ 2 ) AND eat . agent ( x _ 3 , x _ 0 ) AND eat . theme ( x _ 3 , x _ 1 ) AND eat . agent ( x _ 4 , x _ 2 ) AND eat . theme ( x _ 4 , Emma )	elips_gapping_in_dist
56	Olivia hunted Isabella and the girl Emma .	* girl ( x _ 0 ) ; hunt . agent ( x _ 1 , Olivia ) AND hunt . theme ( x _ 1 , Isabella ) AND hunt . agent ( x _ 2 , x _ 0 ) AND hunt . theme ( x _ 2 , Emma )	elips_gapping_in_dist
57	The frog hunted the father and William Emma .	* frog ( x _ 0 ) ; * father ( x _ 1 ) ; hunt . agent ( x _ 2 , x _ 0 ) AND hunt . theme ( x _ 2 , x _ 1 ) AND hunt . agent ( x _ 3 , William ) AND hunt . theme ( x _ 3 , Emma )	elips_gapping_in_dist
58	A producer liked Camila and a girl Emma .	producer ( x _ 0 ) AND girl ( x _ 1 ) AND like . agent ( x _ 2 , x _ 0 ) AND like . theme ( x _ 2 , Camila ) AND like . agent ( x _ 3 , x _ 1 ) AND like . theme ( x _ 3 , Emma )	elips_gapping_in_dist
59	A professor missed a hero and a girl Emma .	professor ( x _ 0 ) AND hero ( x _ 1 ) AND girl ( x _ 2 ) AND miss . agent ( x _ 3 , x _ 0 ) AND miss . theme ( x _ 3 , x _ 1 ) AND miss . agent ( x _ 4 , x _ 2 ) AND miss . theme ( x _ 4 , Emma )	elips_gapping_in_dist
60	Liam cooked Matthew and a president Emma .	president ( x _ 0 ) AND cook . agent ( x _ 1 , Liam ) AND cook . theme ( x _ 1 , Matthew ) AND cook . agent ( x _ 2 , x _ 0 ) AND cook . theme ( x _ 2 , Emma )	elips_gapping_in_dist
61	Olivia ate Emma and Scarlett Liam .	eat . agent ( x _ 0 , Olivia ) AND eat . theme ( x _ 0 , Emma ) AND eat . agent ( x _ 1 , Scarlett ) AND eat . theme ( x _ 1 , Liam )	elips_gapping_in_dist
62	Alexander liked the monster and Skylar a bird .	* monster ( x _ 0 ) ; bird ( x _ 1 ) AND like . agent ( x _ 2 , Alexander ) AND like . theme ( x _ 2 , x _ 0 ) AND like . agent ( x _ 3 , Skylar ) AND like . theme ( x _ 3 , x _ 1 )	elips_gapping_in_dist
63	Amelia ate a boy and Liam the monkey .	* monkey ( x _ 1 ) ; boy ( x _ 0 ) AND eat . agent ( x _ 2 , Amelia ) AND eat . theme ( x _ 2 , x _ 0 ) AND eat . agent ( x _ 3 , Liam ) AND eat . theme ( x _ 3 , x _ 1 )	elips_gapping_in_dist
64	William helped a girl and Charlotte the writer .	* writer ( x _ 1 ) ; girl ( x _ 0 ) AND help . agent ( x _ 2 , William ) AND help . theme ( x _ 2 , x _ 0 ) AND help . agent ( x _ 3 , Charlotte ) AND help . theme ( x _ 3 , x _ 1 )	elips_gapping_in_dist
65	The duck painted Noah and Olivia a girl .	* duck ( x _ 0 ) ; girl ( x _ 1 ) AND paint . agent ( x _ 2 , x _ 0 ) AND paint . theme ( x _ 2 , Noah ) AND paint . agent ( x _ 3 , Olivia ) AND paint . theme ( x _ 3 , x _ 1 )	elips_gapping_in_dist
66	Emma hunted the cat and Avery Ava .	* cat ( x _ 0 ) ; hunt . agent ( x _ 1 , Emma ) AND hunt . theme ( x _ 1 , x _ 0 ) AND hunt . agent ( x _ 2 , Avery ) AND hunt . theme ( x _ 2 , Ava )	elips_gapping_in_dist
67	Logan painted Liam and the boy a customer .	* boy ( x _ 0 ) ; customer ( x _ 1 ) AND paint . agent ( x _ 2 , Logan ) AND paint . theme ( x _ 2 , Liam ) AND paint . agent ( x _ 3 , x _ 0 ) AND paint . theme ( x _ 3 , x _ 1 )	elips_gapping_in_dist
68	The coach liked the cat and the girl Evelyn .	* coach ( x _ 0 ) ; * cat ( x _ 1 ) ; * girl ( x _ 2 ) ; like . agent ( x _ 3 , x _ 0 ) AND like . theme ( x _ 3 , x _ 1 ) AND like . agent ( x _ 4 , x _ 2 ) AND like . theme ( x _ 4 , Evelyn )	elips_gapping_in_dist
69	Jackson helped Emma and Liam James .	help . agent ( x _ 0 , Jackson ) AND help . theme ( x _ 0 , Emma ) AND help . agent ( x _ 1 , Liam ) AND help . theme ( x _ 1 , James )	elips_gapping_in_dist
70	Michael found Emma and Aiden a kid .	kid ( x _ 0 ) AND find . agent ( x _ 1 , Michael ) AND find . theme ( x _ 1 , Emma ) AND find . agent ( x _ 2 , Aiden ) AND find . theme ( x _ 2 , x _ 0 )	elips_gapping_in_dist
71	Sofia painted the frog and Olivia the hero .	* frog ( x _ 0 ) ; * hero ( x _ 1 ) ; paint . agent ( x _ 2 , Sofia ) AND paint . theme ( x _ 2 , x _ 0 ) AND paint . agent ( x _ 3 , Olivia ) AND paint . theme ( x _ 3 , x _ 1 )	elips_gapping_in_dist
72	The chicken ate a scientist and the girl a goose .	* chicken ( x _ 0 ) ; * girl ( x _ 2 ) ; scientist ( x _ 1 ) AND goose ( x _ 3 ) AND eat . agent ( x _ 4 , x _ 0 ) AND eat . theme ( x _ 4 , x _ 1 ) AND eat . agent ( x _ 5 , x _ 2 ) AND eat . theme ( x _ 5 , x _ 3 )	elips_gapping_in_dist
73	Emma found Olivia and Evelyn a girl .	girl ( x _ 0 ) AND find . agent ( x _ 1 , Emma ) AND find . theme ( x _ 1 , Olivia ) AND find . agent ( x _ 2 , Evelyn ) AND find . theme ( x _ 2 , x _ 0 )	elips_gapping_in_dist
74	The girl painted the dog and Zoey Avery .	* girl ( x _ 0 ) ; * dog ( x _ 1 ) ; paint . agent ( x _ 2 , x _ 0 ) AND paint . theme ( x _ 2 , x _ 1 ) AND paint . agent ( x _ 3 , Zoey ) AND paint . theme ( x _ 3 , Avery )	elips_gapping_in_dist
75	Charlotte liked a producer and the tiger Liam .	* tiger ( x _ 1 ) ; producer ( x _ 0 ) AND like . agent ( x _ 2 , Charlotte ) AND like . theme ( x _ 2 , x _ 0 ) AND like . agent ( x _ 3 , x _ 1 ) AND like . theme ( x _ 3 , Liam )	elips_gapping_in_dist
76	Liam cleaned a girl and Julian a frog .	girl ( x _ 0 ) AND frog ( x _ 1 ) AND clean . agent ( x _ 2 , Liam ) AND clean . theme ( x _ 2 , x _ 0 ) AND clean . agent ( x _ 3 , Julian ) AND clean . theme ( x _ 3 , x _ 1 )	elips_gapping_in_dist
77	Elijah helped Eleanor and Emma the girl .	* girl ( x _ 0 ) ; help . agent ( x _ 1 , Elijah ) AND help . theme ( x _ 1 , Eleanor ) AND help . agent ( x _ 2 , Emma ) AND help . theme ( x _ 2 , x _ 0 )	elips_gapping_in_dist
78	Mia painted the horse and the tourist Zoey .	* horse ( x _ 0 ) ; * tourist ( x _ 1 ) ; paint . agent ( x _ 2 , Mia ) AND paint . theme ( x _ 2 , x _ 0 ) AND paint . agent ( x _ 3 , x _ 1 ) AND paint . theme ( x _ 3 , Zoey )	elips_gapping_in_dist
79	Olivia ate Emma and a cat the girl .	* girl ( x _ 1 ) ; cat ( x _ 0 ) AND eat . agent ( x _ 2 , Olivia ) AND eat . theme ( x _ 2 , Emma ) AND eat . agent ( x _ 3 , x _ 0 ) AND eat . theme ( x _ 3 , x _ 1 )	elips_gapping_in_dist
80	The dog drew the passenger and Addison Emma .	* dog ( x _ 0 ) ; * passenger ( x _ 1 ) ; draw . agent ( x _ 2 , x _ 0 ) AND draw . theme ( x _ 2 , x _ 1 ) AND draw . agent ( x _ 3 , Addison ) AND draw . theme ( x _ 3 , Emma )	elips_gapping_in_dist
81	The boy liked Skylar and Emma Jayden .	* boy ( x _ 0 ) ; like . agent ( x _ 1 , x _ 0 ) AND like . theme ( x _ 1 , Skylar ) AND like . agent ( x _ 2 , Emma ) AND like . theme ( x _ 2 , Jayden )	elips_gapping_in_dist
82	Ava cleaned Liam and a boy the buyer .	* buyer ( x _ 1 ) ; boy ( x _ 0 ) AND clean . agent ( x _ 2 , Ava ) AND clean . theme ( x _ 2 , Liam ) AND clean . agent ( x _ 3 , x _ 0 ) AND clean . theme ( x _ 3 , x _ 1 )	elips_gapping_in_dist
83	Emma liked the dog and Isabella a lamb .	* dog ( x _ 0 ) ; lamb ( x _ 1 ) AND like . agent ( x _ 2 , Emma ) AND like . theme ( x _ 2 , x _ 0 ) AND like . agent ( x _ 3 , Isabella ) AND like . theme ( x _ 3 , x _ 1 )	elips_gapping_in_dist
84	The princess drew the girl and the fish Emma .	* princess ( x _ 0 ) ; * girl ( x _ 1 ) ; * fish ( x _ 2 ) ; draw . agent ( x _ 3 , x _ 0 ) AND draw . theme ( x _ 3 , x _ 1 ) AND draw . agent ( x _ 4 , x _ 2 ) AND draw . theme ( x _ 4 , Emma )	elips_gapping_in_dist
85	Oliver ate a boy and the girl Emma .	* girl ( x _ 1 ) ; boy ( x _ 0 ) AND eat . agent ( x _ 2 , Oliver ) AND eat . theme ( x _ 2 , x _ 0 ) AND eat . agent ( x _ 3 , x _ 1 ) AND eat . theme ( x _ 3 , Emma )	elips_gapping_in_dist
86	The princess helped a girl and Emma a boy .	* princess ( x _ 0 ) ; girl ( x _ 1 ) AND boy ( x _ 2 ) AND help . agent ( x _ 3 , x _ 0 ) AND help . theme ( x _ 3 , x _ 1 ) AND help . agent ( x _ 4 , Emma ) AND help . theme ( x _ 4 , x _ 2 )	elips_gapping_in_dist
87	The child respected the cat and a father the dog .	* child ( x _ 0 ) ; * cat ( x _ 1 ) ; * dog ( x _ 3 ) ; father ( x _ 2 ) AND respect . agent ( x _ 4 , x _ 0 ) AND respect . theme ( x _ 4 , x _ 1 ) AND respect . agent ( x _ 5 , x _ 2 ) AND respect . theme ( x _ 5 , x _ 3 )	elips_gapping_in_dist
88	A girl cleaned Logan and Chloe the turkey .	* turkey ( x _ 1 ) ; girl ( x _ 0 ) AND clean . agent ( x _ 2 , x _ 0 ) AND clean . theme ( x _ 2 , Logan ) AND clean . agent ( x _ 3 , Chloe ) AND clean . theme ( x _ 3 , x _ 1 )	elips_gapping_in_dist
89	The girl liked the deer and Emma a boy .	* girl ( x _ 0 ) ; * deer ( x _ 1 ) ; boy ( x _ 2 ) AND like . agent ( x _ 3 , x _ 0 ) AND like . theme ( x _ 3 , x _ 1 ) AND like . agent ( x _ 4 , Emma ) AND like . theme ( x _ 4 , x _ 2 )	elips_gapping_in_dist
90	A sheep loved Noah and the girl a duck .	* girl ( x _ 1 ) ; sheep ( x _ 0 ) AND duck ( x _ 2 ) AND love . agent ( x _ 3 , x _ 0 ) AND love . theme ( x _ 3 , Noah ) AND love . agent ( x _ 4 , x _ 1 ) AND love . theme ( x _ 4 , x _ 2 )	elips_gapping_in_dist
91	Emma cooked the child and Liam the girl .	* child ( x _ 0 ) ; * girl ( x _ 1 ) ; cook . agent ( x _ 2 , Emma ) AND cook . theme ( x _ 2 , x _ 0 ) AND cook . agent ( x _ 3 , Liam ) AND cook . theme ( x _ 3 , x _ 1 )	elips_gapping_in_dist
92	Liam cleaned Jack and the girl Emma .	* girl ( x _ 0 ) ; clean . agent ( x _ 1 , Liam ) AND clean . theme ( x _ 1 , Jack ) AND clean . agent ( x _ 2 , x _ 0 ) AND clean . theme ( x _ 2 , Emma )	elips_gapping_in_dist
93	A boy ate a girl and Emma a dog .	boy ( x _ 0 ) AND girl ( x _ 1 ) AND dog ( x _ 2 ) AND eat . agent ( x _ 3 , x _ 0 ) AND eat . theme ( x _ 3 , x _ 1 ) AND eat . agent ( x _ 4 , Emma ) AND eat . theme ( x _ 4 , x _ 2 )	elips_gapping_in_dist
94	Matthew ate the resident and Emma Isabella .	* resident ( x _ 0 ) ; eat . agent ( x _ 1 , Matthew ) AND eat . theme ( x _ 1 , x _ 0 ) AND eat . agent ( x _ 2 , Emma ) AND eat . theme ( x _ 2 , Isabella )	elips_gapping_in_dist
95	The boy appreciated a king and Emma Alexander .	* boy ( x _ 0 ) ; king ( x _ 1 ) AND appreciate . agent ( x _ 2 , x _ 0 ) AND appreciate . theme ( x _ 2 , x _ 1 ) AND appreciate . agent ( x _ 3 , Emma ) AND appreciate . theme ( x _ 3 , Alexander )	elips_gapping_in_dist
96	Sophia liked Matthew and Emma Ava .	like . agent ( x _ 0 , Sophia ) AND like . theme ( x _ 0 , Matthew ) AND like . agent ( x _ 1 , Emma ) AND like . theme ( x _ 1 , Ava )	elips_gapping_in_dist
97	Alexander sketched Liam and William the monster .	* monster ( x _ 0 ) ; sketch . agent ( x _ 1 , Alexander ) AND sketch . theme ( x _ 1 , Liam ) AND sketch . agent ( x _ 2 , William ) AND sketch . theme ( x _ 2 , x _ 0 )	elips_gapping_in_dist
98	Emma sketched a girl and Amelia the scientist .	* scientist ( x _ 1 ) ; girl ( x _ 0 ) AND sketch . agent ( x _ 2 , Emma ) AND sketch . theme ( x _ 2 , x _ 0 ) AND sketch . agent ( x _ 3 , Amelia ) AND sketch . theme ( x _ 3 , x _ 1 )	elips_gapping_in_dist
99	Emma ate Evelyn and Oliver the baby .	* baby ( x _ 0 ) ; eat . agent ( x _ 1 , Emma ) AND eat . theme ( x _ 1 , Evelyn ) AND eat . agent ( x _ 2 , Oliver ) AND eat . theme ( x _ 2 , x _ 0 )	elips_gapping_in_dist
100	Sofia ate the goose and the bird Olivia .	* goose ( x _ 0 ) ; * bird ( x _ 1 ) ; eat . agent ( x _ 2 , Sofia ) AND eat . theme ( x _ 2 , x _ 0 ) AND eat . agent ( x _ 3 , x _ 1 ) AND eat . theme ( x _ 3 , Olivia )	elips_gapping_in_dist
101	A journalist liked a producer and the child the dog .	* child ( x _ 2 ) ; * dog ( x _ 3 ) ; journalist ( x _ 0 ) AND producer ( x _ 1 ) AND like . agent ( x _ 4 , x _ 0 ) AND like . theme ( x _ 4 , x _ 1 ) AND like . agent ( x _ 5 , x _ 2 ) AND like . theme ( x _ 5 , x _ 3 )	elips_gapping_in_dist
102	Emma liked a girl and Mia the cat .	* cat ( x _ 1 ) ; girl ( x _ 0 ) AND like . agent ( x _ 2 , Emma ) AND like . theme ( x _ 2 , x _ 0 ) AND like . agent ( x _ 3 , Mia ) AND like . theme ( x _ 3 , x _ 1 )	elips_gapping_in_dist
103	James found Emma and the boy a friend .	* boy ( x _ 0 ) ; friend ( x _ 1 ) AND find . agent ( x _ 2 , James ) AND find . theme ( x _ 2 , Emma ) AND find . agent ( x _ 3 , x _ 0 ) AND find . theme ( x _ 3 , x _ 1 )	elips_gapping_in_dist
104	A customer ate the cat and the girl a donkey .	* cat ( x _ 1 ) ; * girl ( x _ 2 ) ; customer ( x _ 0 ) AND donkey ( x _ 3 ) AND eat . agent ( x _ 4 , x _ 0 ) AND eat . theme ( x _ 4 , x _ 1 ) AND eat . agent ( x _ 5 , x _ 2 ) AND eat . theme ( x _ 5 , x _ 3 )	elips_gapping_in_dist
105	Hazel cooked the baby and the girl the soldier .	* baby ( x _ 0 ) ; * girl ( x _ 1 ) ; * soldier ( x _ 2 ) ; cook . agent ( x _ 3 , Hazel ) AND cook . theme ( x _ 3 , x _ 0 ) AND cook . agent ( x _ 4 , x _ 1 ) AND cook . theme ( x _ 4 , x _ 2 )	elips_gapping_in_dist
106	Benjamin painted a boy and William the girl .	* girl ( x _ 1 ) ; boy ( x _ 0 ) AND paint . agent ( x _ 2 , Benjamin ) AND paint . theme ( x _ 2 , x _ 0 ) AND paint . agent ( x _ 3 , William ) AND paint . theme ( x _ 3 , x _ 1 )	elips_gapping_in_dist
107	Olivia painted a girl and William a teacher .	girl ( x _ 0 ) AND teacher ( x _ 1 ) AND paint . agent ( x _ 2 , Olivia ) AND paint . theme ( x _ 2 , x _ 0 ) AND paint . agent ( x _ 3 , William ) AND paint . theme ( x _ 3 , x _ 1 )	elips_gapping_in_dist
108	Emma juggled Liam and Oliver Noah .	juggle . agent ( x _ 0 , Emma ) AND juggle . theme ( x _ 0 , Liam ) AND juggle . agent ( x _ 1 , Oliver ) AND juggle . theme ( x _ 1 , Noah )	elips_gapping_in_dist
109	A girl liked Emma and the boy Emily .	* boy ( x _ 1 ) ; girl ( x _ 0 ) AND like . agent ( x _ 2 , x _ 0 ) AND like . theme ( x _ 2 , Emma ) AND like . agent ( x _ 3 , x _ 1 ) AND like . theme ( x _ 3 , Emily )	elips_gapping_in_dist
110	Luke painted a boy and the girl Sebastian .	* girl ( x _ 1 ) ; boy ( x _ 0 ) AND paint . agent ( x _ 2 , Luke ) AND paint . theme ( x _ 2 , x _ 0 ) AND paint . agent ( x _ 3 , x _ 1 ) AND paint . theme ( x _ 3 , Sebastian )	elips_gapping_in_dist
111	The boy found a cat and Joseph Oliver .	* boy ( x _ 0 ) ; cat ( x _ 1 ) AND find . agent ( x _ 2 , x _ 0 ) AND find . theme ( x _ 2 , x _ 1 ) AND find . agent ( x _ 3 , Joseph ) AND find . theme ( x _ 3 , Oliver )	elips_gapping_in_dist
112	A father helped a boy and Gabriel Ella .	father ( x _ 0 ) AND boy ( x _ 1 ) AND help . agent ( x _ 2 , x _ 0 ) AND help . theme ( x _ 2 , x _ 1 ) AND help . agent ( x _ 3 , Gabriel ) AND help . theme ( x _ 3 , Ella )	elips_gapping_in_dist
113	The girl loved a baby and Emma a teacher .	* girl ( x _ 0 ) ; baby ( x _ 1 ) AND teacher ( x _ 2 ) AND love . agent ( x _ 3 , x _ 0 ) AND love . theme ( x _ 3 , x _ 1 ) AND love . agent ( x _ 4 , Emma ) AND love . theme ( x _ 4 , x _ 2 )	elips_gapping_in_dist
114	The cat loved Olivia and Liam the kid .	* cat ( x _ 0 ) ; * kid ( x _ 1 ) ; love . agent ( x _ 2 , x _ 0 ) AND love . theme ( x _ 2 , Olivia ) AND love . agent ( x _ 3 , Liam ) AND love . theme ( x _ 3 , x _ 1 )	elips_gapping_in_dist
115	Noah ate the girl and Emma Andrew .	* girl ( x _ 0 ) ; eat . agent ( x _ 1 , Noah ) AND eat . theme ( x _ 1 , x _ 0 ) AND eat . agent ( x _ 2 , Emma ) AND eat . theme ( x _ 2 , Andrew )	elips_gapping_in_dist
116	Violet painted Isabella and Emily the cat .	* cat ( x _ 0 ) ; paint . agent ( x _ 1 , Violet ) AND paint . theme ( x _ 1 , Isabella ) AND paint . agent ( x _ 2 , Emily ) AND paint . theme ( x _ 2 , x _ 0 )	elips_gapping_in_dist
117	Anthony liked Emma and Jackson the boy .	* boy ( x _ 0 ) ; like . agent ( x _ 1 , Anthony ) AND like . theme ( x _ 1 , Emma ) AND like . agent ( x _ 2 , Jackson ) AND like . theme ( x _ 2 , x _ 0 )	elips_gapping_in_dist
118	The girl sketched a baby and Emma Olivia .	* girl ( x _ 0 ) ; baby ( x _ 1 ) AND sketch . agent ( x _ 2 , x _ 0 ) AND sketch . theme ( x _ 2 , x _ 1 ) AND sketch . agent ( x _ 3 , Emma ) AND sketch . theme ( x _ 3 , Olivia )	elips_gapping_in_dist
119	A cat ate a visitor and Isabella a boy .	cat ( x _ 0 ) AND visitor ( x _ 1 ) AND boy ( x _ 2 ) AND eat . agent ( x _ 3 , x _ 0 ) AND eat . theme ( x _ 3 , x _ 1 ) AND eat . agent ( x _ 4 , Isabella ) AND eat . theme ( x _ 4 , x _ 2 )	elips_gapping_in_dist
120	Emma helped a dog and the girl Hannah .	* girl ( x _ 1 ) ; dog ( x _ 0 ) AND help . agent ( x _ 2 , Emma ) AND help . theme ( x _ 2 , x _ 0 ) AND help . agent ( x _ 3 , x _ 1 ) AND help . theme ( x _ 3 , Hannah )	elips_gapping_in_dist
121	Mia ate Emma and Olivia a baby .	baby ( x _ 0 ) AND eat . agent ( x _ 1 , Mia ) AND eat . theme ( x _ 1 , Emma ) AND eat . agent ( x _ 2 , Olivia ) AND eat . theme ( x _ 2 , x _ 0 )	elips_gapping_in_dist
122	A girl liked Emma and a lion a butterfly .	girl ( x _ 0 ) AND lion ( x _ 1 ) AND butterfly ( x _ 2 ) AND like . agent ( x _ 3 , x _ 0 ) AND like . theme ( x _ 3 , Emma ) AND like . agent ( x _ 4 , x _ 1 ) AND like . theme ( x _ 4 , x _ 2 )	elips_gapping_in_dist
123	The cat hunted Emma and Aiden Jayden .	* cat ( x _ 0 ) ; hunt . agent ( x _ 1 , x _ 0 ) AND hunt . theme ( x _ 1 , Emma ) AND hunt . agent ( x _ 2 , Aiden ) AND hunt . theme ( x _ 2 , Jayden )	elips_gapping_in_dist
124	A girl found Olivia and Emma the child .	* child ( x _ 1 ) ; girl ( x _ 0 ) AND find . agent ( x _ 2 , x _ 0 ) AND find . theme ( x _ 2 , Olivia ) AND find . agent ( x _ 3 , Emma ) AND find . theme ( x _ 3 , x _ 1 )	elips_gapping_in_dist
125	The baby ate the girl and Liam Emma .	* baby ( x _ 0 ) ; * girl ( x _ 1 ) ; eat . agent ( x _ 2 , x _ 0 ) AND eat . theme ( x _ 2 , x _ 1 ) AND eat . agent ( x _ 3 , Liam ) AND eat . theme ( x _ 3 , Emma )	elips_gapping_in_dist
126	The girl cleaned Noah and the goose Emma .	* girl ( x _ 0 ) ; * goose ( x _ 1 ) ; clean . agent ( x _ 2 , x _ 0 ) AND clean . theme ( x _ 2 , Noah ) AND clean . agent ( x _ 3 , x _ 1 ) AND clean . theme ( x _ 3 , Emma )	elips_gapping_in_dist
127	A cat ate Liam and Theodore Emma .	cat ( x _ 0 ) AND eat . agent ( x _ 1 , x _ 0 ) AND eat . theme ( x _ 1 , Liam ) AND eat . agent ( x _ 2 , Theodore ) AND eat . theme ( x _ 2 , Emma )	elips_gapping_in_dist
128	Olivia found Emma and a boy Liam .	boy ( x _ 0 ) AND find . agent ( x _ 1 , Olivia ) AND find . theme ( x _ 1 , Emma ) AND find . agent ( x _ 2 , x _ 0 ) AND find . theme ( x _ 2 , Liam )	elips_gapping_in_dist
129	Ethan liked Emma and a cat a sheep .	cat ( x _ 0 ) AND sheep ( x _ 1 ) AND like . agent ( x _ 2 , Ethan ) AND like . theme ( x _ 2 , Emma ) AND like . agent ( x _ 3 , x _ 0 ) AND like . theme ( x _ 3 , x _ 1 )	elips_gapping_in_dist
130	The baby found Jackson and a dog Emma .	* baby ( x _ 0 ) ; dog ( x _ 1 ) AND find . agent ( x _ 2 , x _ 0 ) AND find . theme ( x _ 2 , Jackson ) AND find . agent ( x _ 3 , x _ 1 ) AND find . theme ( x _ 3 , Emma )	elips_gapping_in_dist
131	The cat cooked the dog and Isaac Jacob .	* cat ( x _ 0 ) ; * dog ( x _ 1 ) ; cook . agent ( x _ 2 , x _ 0 ) AND cook . theme ( x _ 2 , x _ 1 ) AND cook . agent ( x _ 3 , Isaac ) AND cook . theme ( x _ 3 , Jacob )	elips_gapping_in_dist
132	Liam found a poet and Emma Noah .	poet ( x _ 0 ) AND find . agent ( x _ 1 , Liam ) AND find . theme ( x _ 1 , x _ 0 ) AND find . agent ( x _ 2 , Emma ) AND find . theme ( x _ 2 , Noah )	elips_gapping_in_dist
133	William dusted the consumer and the giraffe the girl .	* consumer ( x _ 0 ) ; * giraffe ( x _ 1 ) ; * girl ( x _ 2 ) ; dust . agent ( x _ 3 , William ) AND dust . theme ( x _ 3 , x _ 0 ) AND dust . agent ( x _ 4 , x _ 1 ) AND dust . theme ( x _ 4 , x _ 2 )	elips_gapping_in_dist
134	A host ate the baby and a girl a boy .	* baby ( x _ 1 ) ; host ( x _ 0 ) AND girl ( x _ 2 ) AND boy ( x _ 3 ) AND eat . agent ( x _ 4 , x _ 0 ) AND eat . theme ( x _ 4 , x _ 1 ) AND eat . agent ( x _ 5 , x _ 2 ) AND eat . theme ( x _ 5 , x _ 3 )	elips_gapping_in_dist
135	The child found Theodore and a buyer a girl .	* child ( x _ 0 ) ; buyer ( x _ 1 ) AND girl ( x _ 2 ) AND find . agent ( x _ 3 , x _ 0 ) AND find . theme ( x _ 3 , Theodore ) AND find . agent ( x _ 4 , x _ 1 ) AND find . theme ( x _ 4 , x _ 2 )	elips_gapping_in_dist
136	Madison helped Emma and Gabriel a chicken .	chicken ( x _ 0 ) AND help . agent ( x _ 1 , Madison ) AND help . theme ( x _ 1 , Emma ) AND help . agent ( x _ 2 , Gabriel ) AND help . theme ( x _ 2 , x _ 0 )	elips_gapping_in_dist
137	Noah ate the frog and the girl Emma .	* frog ( x _ 0 ) ; * girl ( x _ 1 ) ; eat . agent ( x _ 2 , Noah ) AND eat . theme ( x _ 2 , x _ 0 ) AND eat . agent ( x _ 3 , x _ 1 ) AND eat . theme ( x _ 3 , Emma )	elips_gapping_in_dist
138	Emma liked a duck and the girl Olivia .	* girl ( x _ 1 ) ; duck ( x _ 0 ) AND like . agent ( x _ 2 , Emma ) AND like . theme ( x _ 2 , x _ 0 ) AND like . agent ( x _ 3 , x _ 1 ) AND like . theme ( x _ 3 , Olivia )	elips_gapping_in_dist
139	Noah ate a girl and Emma a king .	girl ( x _ 0 ) AND king ( x _ 1 ) AND eat . agent ( x _ 2 , Noah ) AND eat . theme ( x _ 2 , x _ 0 ) AND eat . agent ( x _ 3 , Emma ) AND eat . theme ( x _ 3 , x _ 1 )	elips_gapping_in_dist
140	Amelia painted a girl and Sophia the penguin .	* penguin ( x _ 1 ) ; girl ( x _ 0 ) AND paint . agent ( x _ 2 , Amelia ) AND paint . theme ( x _ 2 , x _ 0 ) AND paint . agent ( x _ 3 , Sophia ) AND paint . theme ( x _ 3 , x _ 1 )	elips_gapping_in_dist
141	The champion nursed the girl and Sophia Andrew .	* champion ( x _ 0 ) ; * girl ( x _ 1 ) ; nurse . agent ( x _ 2 , x _ 0 ) AND nurse . theme ( x _ 2 , x _ 1 ) AND nurse . agent ( x _ 3 , Sophia ) AND nurse . theme ( x _ 3 , Andrew )	elips_gapping_in_dist
142	A boy ate Emma and the baby the girl .	* baby ( x _ 1 ) ; * girl ( x _ 2 ) ; boy ( x _ 0 ) AND eat . agent ( x _ 3 , x _ 0 ) AND eat . theme ( x _ 3 , Emma ) AND eat . agent ( x _ 4 , x _ 1 ) AND eat . theme ( x _ 4 , x _ 2 )	elips_gapping_in_dist
143	A girl liked a penguin and Liam Benjamin .	girl ( x _ 0 ) AND penguin ( x _ 1 ) AND like . agent ( x _ 2 , x _ 0 ) AND like . theme ( x _ 2 , x _ 1 ) AND like . agent ( x _ 3 , Liam ) AND like . theme ( x _ 3 , Benjamin )	elips_gapping_in_dist
144	A manager liked a princess and the monster a teacher .	* monster ( x _ 2 ) ; manager ( x _ 0 ) AND princess ( x _ 1 ) AND teacher ( x _ 3 ) AND like . agent ( x _ 4 , x _ 0 ) AND like . theme ( x _ 4 , x _ 1 ) AND like . agent ( x _ 5 , x _ 2 ) AND like . theme ( x _ 5 , x _ 3 )	elips_gapping_in_dist
145	James ate Abigail and a cat Victoria .	cat ( x _ 0 ) AND eat . agent ( x _ 1 , James ) AND eat . theme ( x _ 1 , Abigail ) AND eat . agent ( x _ 2 , x _ 0 ) AND eat . theme ( x _ 2 , Victoria )	elips_gapping_in_dist
146	A cat loved the kitty and Chloe Riley .	* kitty ( x _ 1 ) ; cat ( x _ 0 ) AND love . agent ( x _ 2 , x _ 0 ) AND love . theme ( x _ 2 , x _ 1 ) AND love . agent ( x _ 3 , Chloe ) AND love . theme ( x _ 3 , Riley )	elips_gapping_in_dist
147	The dog adored a chicken and a bird a bear .	* dog ( x _ 0 ) ; chicken ( x _ 1 ) AND bird ( x _ 2 ) AND bear ( x _ 3 ) AND adore . agent ( x _ 4 , x _ 0 ) AND adore . theme ( x _ 4 , x _ 1 ) AND adore . agent ( x _ 5 , x _ 2 ) AND adore . theme ( x _ 5 , x _ 3 )	elips_gapping_in_dist
148	Emma liked Natalie and the girl Liam .	* girl ( x _ 0 ) ; like . agent ( x _ 1 , Emma ) AND like . theme ( x _ 1 , Natalie ) AND like . agent ( x _ 2 , x _ 0 ) AND like . theme ( x _ 2 , Liam )	elips_gapping_in_dist
149	A goose loved William and Emma Olivia .	goose ( x _ 0 ) AND love . agent ( x _ 1 , x _ 0 ) AND love . theme ( x _ 1 , William ) AND love . agent ( x _ 2 , Emma ) AND love . theme ( x _ 2 , Olivia )	elips_gapping_in_dist
150	Matthew helped a chicken and a lion Henry .	chicken ( x _ 0 ) AND lion ( x _ 1 ) AND help . agent ( x _ 2 , Matthew ) AND help . theme ( x _ 2 , x _ 0 ) AND help . agent ( x _ 3 , x _ 1 ) AND help . theme ( x _ 3 , Henry )	elips_gapping_in_dist
151	A bird ate Michael and a girl a boy .	bird ( x _ 0 ) AND girl ( x _ 1 ) AND boy ( x _ 2 ) AND eat . agent ( x _ 3 , x _ 0 ) AND eat . theme ( x _ 3 , Michael ) AND eat . agent ( x _ 4 , x _ 1 ) AND eat . theme ( x _ 4 , x _ 2 )	elips_gapping_in_dist
152	Liam ate Dylan and Joshua Emma .	eat . agent ( x _ 0 , Liam ) AND eat . theme ( x _ 0 , Dylan ) AND eat . agent ( x _ 1 , Joshua ) AND eat . theme ( x _ 1 , Emma )	elips_gapping_in_dist
153	Liam ate a lawyer and Alexander a lion .	lawyer ( x _ 0 ) AND lion ( x _ 1 ) AND eat . agent ( x _ 2 , Liam ) AND eat . theme ( x _ 2 , x _ 0 ) AND eat . agent ( x _ 3 , Alexander ) AND eat . theme ( x _ 3 , x _ 1 )	elips_gapping_in_dist
154	Emma liked the puppy and Aiden Ava .	* puppy ( x _ 0 ) ; like . agent ( x _ 1 , Emma ) AND like . theme ( x _ 1 , x _ 0 ) AND like . agent ( x _ 2 , Aiden ) AND like . theme ( x _ 2 , Ava )	elips_gapping_in_dist
155	Sophia nursed the dog and the boy the girl .	* dog ( x _ 0 ) ; * boy ( x _ 1 ) ; * girl ( x _ 2 ) ; nurse . agent ( x _ 3 , Sophia ) AND nurse . theme ( x _ 3 , x _ 0 ) AND nurse . agent ( x _ 4 , x _ 1 ) AND nurse . theme ( x _ 4 , x _ 2 )	elips_gapping_in_dist
156	A captain liked the girl and Emma Nora .	* girl ( x _ 1 ) ; captain ( x _ 0 ) AND like . agent ( x _ 2 , x _ 0 ) AND like . theme ( x _ 2 , x _ 1 ) AND like . agent ( x _ 3 , Emma ) AND like . theme ( x _ 3 , Nora )	elips_gapping_in_dist
157	Noah painted a girl and the child a bunny .	* child ( x _ 1 ) ; girl ( x _ 0 ) AND bunny ( x _ 2 ) AND paint . agent ( x _ 3 , Noah ) AND paint . theme ( x _ 3 , x _ 0 ) AND paint . agent ( x _ 4 , x _ 1 ) AND paint . theme ( x _ 4 , x _ 2 )	elips_gapping_in_dist
158	Emma dusted the guest and Thomas Liam .	* guest ( x _ 0 ) ; dust . agent ( x _ 1 , Emma ) AND dust . theme ( x _ 1 , x _ 0 ) AND dust . agent ( x _ 2 , Thomas ) AND dust . theme ( x _ 2 , Liam )	elips_gapping_in_dist
159	A cat ate Emma and the student Sophia .	* student ( x _ 1 ) ; cat ( x _ 0 ) AND eat . agent ( x _ 2 , x _ 0 ) AND eat . theme ( x _ 2 , Emma ) AND eat . agent ( x _ 3 , x _ 1 ) AND eat . theme ( x _ 3 , Sophia )	elips_gapping_in_dist
160	A child ate Evelyn and Zoe a girl .	child ( x _ 0 ) AND girl ( x _ 1 ) AND eat . agent ( x _ 2 , x _ 0 ) AND eat . theme ( x _ 2 , Evelyn ) AND eat . agent ( x _ 3 , Zoe ) AND eat . theme ( x _ 3 , x _ 1 )	elips_gapping_in_dist
161	The wolf ate Emma and a priest a director .	* wolf ( x _ 0 ) ; priest ( x _ 1 ) AND director ( x _ 2 ) AND eat . agent ( x _ 3 , x _ 0 ) AND eat . theme ( x _ 3 , Emma ) AND eat . agent ( x _ 4 , x _ 1 ) AND eat . theme ( x _ 4 , x _ 2 )	elips_gapping_in_dist
162	Emma ate a cat and the girl a citizen .	* girl ( x _ 1 ) ; cat ( x _ 0 ) AND citizen ( x _ 2 ) AND eat . agent ( x _ 3 , Emma ) AND eat . theme ( x _ 3 , x _ 0 ) AND eat . agent ( x _ 4 , x _ 1 ) AND eat . theme ( x _ 4 , x _ 2 )	elips_gapping_in_dist
163	Noah painted the monster and James the dog .	* monster ( x _ 0 ) ; * dog ( x _ 1 ) ; paint . agent ( x _ 2 , Noah ) AND paint . theme ( x _ 2 , x _ 0 ) AND paint . agent ( x _ 3 , James ) AND paint . theme ( x _ 3 , x _ 1 )	elips_gapping_in_dist
164	Victoria hunted a hero and a human Emma .	hero ( x _ 0 ) AND human ( x _ 1 ) AND hunt . agent ( x _ 2 , Victoria ) AND hunt . theme ( x _ 2 , x _ 0 ) AND hunt . agent ( x _ 3 , x _ 1 ) AND hunt . theme ( x _ 3 , Emma )	elips_gapping_in_dist
165	The girl missed a kid and a cat Emma .	* girl ( x _ 0 ) ; kid ( x _ 1 ) AND cat ( x _ 2 ) AND miss . agent ( x _ 3 , x _ 0 ) AND miss . theme ( x _ 3 , x _ 1 ) AND miss . agent ( x _ 4 , x _ 2 ) AND miss . theme ( x _ 4 , Emma )	elips_gapping_in_dist
166	Jaxon nursed Emma and the girl Elijah .	* girl ( x _ 0 ) ; nurse . agent ( x _ 1 , Jaxon ) AND nurse . theme ( x _ 1 , Emma ) AND nurse . agent ( x _ 2 , x _ 0 ) AND nurse . theme ( x _ 2 , Elijah )	elips_gapping_in_dist
167	Emma painted a teacher and a bird Stella .	teacher ( x _ 0 ) AND bird ( x _ 1 ) AND paint . agent ( x _ 2 , Emma ) AND paint . theme ( x _ 2 , x _ 0 ) AND paint . agent ( x _ 3 , x _ 1 ) AND paint . theme ( x _ 3 , Stella )	elips_gapping_in_dist
168	The baby adored the girl and Emma Noah .	* baby ( x _ 0 ) ; * girl ( x _ 1 ) ; adore . agent ( x _ 2 , x _ 0 ) AND adore . theme ( x _ 2 , x _ 1 ) AND adore . agent ( x _ 3 , Emma ) AND adore . theme ( x _ 3 , Noah )	elips_gapping_in_dist
169	Liam ate Emma and a girl Henry .	girl ( x _ 0 ) AND eat . agent ( x _ 1 , Liam ) AND eat . theme ( x _ 1 , Emma ) AND eat . agent ( x _ 2 , x _ 0 ) AND eat . theme ( x _ 2 , Henry )	elips_gapping_in_dist
170	A boy juggled Oliver and Emma Liam .	boy ( x _ 0 ) AND juggle . agent ( x _ 1 , x _ 0 ) AND juggle . theme ( x _ 1 , Oliver ) AND juggle . agent ( x _ 2 , Emma ) AND juggle . theme ( x _ 2 , Liam )	elips_gapping_in_dist
171	A creature loved William and Henry Emma .	creature ( x _ 0 ) AND love . agent ( x _ 1 , x _ 0 ) AND love . theme ( x _ 1 , William ) AND love . agent ( x _ 2 , Henry ) AND love . theme ( x _ 2 , Emma )	elips_gapping_in_dist
172	The girl painted the father and the duke Henry .	* girl ( x _ 0 ) ; * father ( x _ 1 ) ; * duke ( x _ 2 ) ; paint . agent ( x _ 3 , x _ 0 ) AND paint . theme ( x _ 3 , x _ 1 ) AND paint . agent ( x _ 4 , x _ 2 ) AND paint . theme ( x _ 4 , Henry )	elips_gapping_in_dist
173	William cooked a girl and James Liam .	girl ( x _ 0 ) AND cook . agent ( x _ 1 , William ) AND cook . theme ( x _ 1 , x _ 0 ) AND cook . agent ( x _ 2 , James ) AND cook . theme ( x _ 2 , Liam )	elips_gapping_in_dist
174	The politician loved Charlotte and Liam a penguin .	* politician ( x _ 0 ) ; penguin ( x _ 1 ) AND love . agent ( x _ 2 , x _ 0 ) AND love . theme ( x _ 2 , Charlotte ) AND love . agent ( x _ 3 , Liam ) AND love . theme ( x _ 3 , x _ 1 )	elips_gapping_in_dist
175	The boy ate the prisoner and James a coach .	* boy ( x _ 0 ) ; * prisoner ( x _ 1 ) ; coach ( x _ 2 ) AND eat . agent ( x _ 3 , x _ 0 ) AND eat . theme ( x _ 3 , x _ 1 ) AND eat . agent ( x _ 4 , James ) AND eat . theme ( x _ 4 , x _ 2 )	elips_gapping_in_dist
176	Sebastian cooked the girl and a cat Emma .	* girl ( x _ 0 ) ; cat ( x _ 1 ) AND cook . agent ( x _ 2 , Sebastian ) AND cook . theme ( x _ 2 , x _ 0 ) AND cook . agent ( x _ 3 , x _ 1 ) AND cook . theme ( x _ 3 , Emma )	elips_gapping_in_dist
177	Claire ate Natalie and the cat a dog .	* cat ( x _ 0 ) ; dog ( x _ 1 ) AND eat . agent ( x _ 2 , Claire ) AND eat . theme ( x _ 2 , Natalie ) AND eat . agent ( x _ 3 , x _ 0 ) AND eat . theme ( x _ 3 , x _ 1 )	elips_gapping_in_dist
178	Emma hunted a scientist and Logan a girl .	scientist ( x _ 0 ) AND girl ( x _ 1 ) AND hunt . agent ( x _ 2 , Emma ) AND hunt . theme ( x _ 2 , x _ 0 ) AND hunt . agent ( x _ 3 , Logan ) AND hunt . theme ( x _ 3 , x _ 1 )	elips_gapping_in_dist
179	Olivia helped Ava and Emma Evelyn .	help . agent ( x _ 0 , Olivia ) AND help . theme ( x _ 0 , Ava ) AND help . agent ( x _ 1 , Emma ) AND help . theme ( x _ 1 , Evelyn )	elips_gapping_in_dist
180	Liam ate the horse and Emma a boy .	* horse ( x _ 0 ) ; boy ( x _ 1 ) AND eat . agent ( x _ 2 , Liam ) AND eat . theme ( x _ 2 , x _ 0 ) AND eat . agent ( x _ 3 , Emma ) AND eat . theme ( x _ 3 , x _ 1 )	elips_gapping_in_dist
181	Isabella sketched the lawyer and Olivia Levi .	* lawyer ( x _ 0 ) ; sketch . agent ( x _ 1 , Isabella ) AND sketch . theme ( x _ 1 , x _ 0 ) AND sketch . agent ( x _ 2 , Olivia ) AND sketch . theme ( x _ 2 , Levi )	elips_gapping_in_dist
182	A girl helped a child and the bee Emma .	* bee ( x _ 2 ) ; girl ( x _ 0 ) AND child ( x _ 1 ) AND help . agent ( x _ 3 , x _ 0 ) AND help . theme ( x _ 3 , x _ 1 ) AND help . agent ( x _ 4 , x _ 2 ) AND help . theme ( x _ 4 , Emma )	elips_gapping_in_dist
183	A buyer ate Liam and a cat Mia .	buyer ( x _ 0 ) AND cat ( x _ 1 ) AND eat . agent ( x _ 2 , x _ 0 ) AND eat . theme ( x _ 2 , Liam ) AND eat . agent ( x _ 3 , x _ 1 ) AND eat . theme ( x _ 3 , Mia )	elips_gapping_in_dist
184	A monkey sketched the frog and Liam Skylar .	* frog ( x _ 1 ) ; monkey ( x _ 0 ) AND sketch . agent ( x _ 2 , x _ 0 ) AND sketch . theme ( x _ 2 , x _ 1 ) AND sketch . agent ( x _ 3 , Liam ) AND sketch . theme ( x _ 3 , Skylar )	elips_gapping_in_dist
185	A cat ate the girl and a boy Emma .	* girl ( x _ 1 ) ; cat ( x _ 0 ) AND boy ( x _ 2 ) AND eat . agent ( x _ 3 , x _ 0 ) AND eat . theme ( x _ 3 , x _ 1 ) AND eat . agent ( x _ 4 , x _ 2 ) AND eat . theme ( x _ 4 , Emma )	elips_gapping_in_dist
186	A child admired a cat and a frog Dylan .	child ( x _ 0 ) AND cat ( x _ 1 ) AND frog ( x _ 2 ) AND admire . agent ( x _ 3 , x _ 0 ) AND admire . theme ( x _ 3 , x _ 1 ) AND admire . agent ( x _ 4 , x _ 2 ) AND admire . theme ( x _ 4 , Dylan )	elips_gapping_in_dist
187	A girl painted Emma and Penelope the teacher .	* teacher ( x _ 1 ) ; girl ( x _ 0 ) AND paint . agent ( x _ 2 , x _ 0 ) AND paint . theme ( x _ 2 , Emma ) AND paint . agent ( x _ 3 , Penelope ) AND paint . theme ( x _ 3 , x _ 1 )	elips_gapping_in_dist
188	A teacher admired the guest and the goose a horse .	* guest ( x _ 1 ) ; * goose ( x _ 2 ) ; teacher ( x _ 0 ) AND horse ( x _ 3 ) AND admire . agent ( x _ 4 , x _ 0 ) AND admire . theme ( x _ 4 , x _ 1 ) AND admire . agent ( x _ 5 , x _ 2 ) AND admire . theme ( x _ 5 , x _ 3 )	elips_gapping_in_dist
189	The girl liked the boy and Emma a manager .	* girl ( x _ 0 ) ; * boy ( x _ 1 ) ; manager ( x _ 2 ) AND like . agent ( x _ 3 , x _ 0 ) AND like . theme ( x _ 3 , x _ 1 ) AND like . agent ( x _ 4 , Emma ) AND like . theme ( x _ 4 , x _ 2 )	elips_gapping_in_dist
190	Leah liked a teacher and Liam the girl .	* girl ( x _ 1 ) ; teacher ( x _ 0 ) AND like . agent ( x _ 2 , Leah ) AND like . theme ( x _ 2 , x _ 0 ) AND like . agent ( x _ 3 , Liam ) AND like . theme ( x _ 3 , x _ 1 )	elips_gapping_in_dist
191	A girl liked the baby and a guest the writer .	* baby ( x _ 1 ) ; * writer ( x _ 3 ) ; girl ( x _ 0 ) AND guest ( x _ 2 ) AND like . agent ( x _ 4 , x _ 0 ) AND like . theme ( x _ 4 , x _ 1 ) AND like . agent ( x _ 5 , x _ 2 ) AND like . theme ( x _ 5 , x _ 3 )	elips_gapping_in_dist
192	Sofia liked a dog and the girl a child .	* girl ( x _ 1 ) ; dog ( x _ 0 ) AND child ( x _ 2 ) AND like . agent ( x _ 3 , Sofia ) AND like . theme ( x _ 3 , x _ 0 ) AND like . agent ( x _ 4 , x _ 1 ) AND like . theme ( x _ 4 , x _ 2 )	elips_gapping_in_dist
193	Harper liked the dog and a boy a zebra .	* dog ( x _ 0 ) ; boy ( x _ 1 ) AND zebra ( x _ 2 ) AND like . agent ( x _ 3 , Harper ) AND like . theme ( x _ 3 , x _ 0 ) AND like . agent ( x _ 4 , x _ 1 ) AND like . theme ( x _ 4 , x _ 2 )	elips_gapping_in_dist
194	The duke cooked Daniel and Emma Jacob .	* duke ( x _ 0 ) ; cook . agent ( x _ 1 , x _ 0 ) AND cook . theme ( x _ 1 , Daniel ) AND cook . agent ( x _ 2 , Emma ) AND cook . theme ( x _ 2 , Jacob )	elips_gapping_in_dist
195	Sebastian found Noah and Lucas Ellie .	find . agent ( x _ 0 , Sebastian ) AND find . theme ( x _ 0 , Noah ) AND find . agent ( x _ 1 , Lucas ) AND find . theme ( x _ 1 , Ellie )	elips_gapping_in_dist
196	A cat appreciated Olivia and a girl Sofia .	cat ( x _ 0 ) AND girl ( x _ 1 ) AND appreciate . agent ( x _ 2 , x _ 0 ) AND appreciate . theme ( x _ 2 , Olivia ) AND appreciate . agent ( x _ 3 , x _ 1 ) AND appreciate . theme ( x _ 3 , Sofia )	elips_gapping_in_dist
197	A girl ate the pupil and Emma Isabella .	* pupil ( x _ 1 ) ; girl ( x _ 0 ) AND eat . agent ( x _ 2 , x _ 0 ) AND eat . theme ( x _ 2 , x _ 1 ) AND eat . agent ( x _ 3 , Emma ) AND eat . theme ( x _ 3 , Isabella )	elips_gapping_in_dist
198	Emma helped Noah and Benjamin a monkey .	monkey ( x _ 0 ) AND help . agent ( x _ 1 , Emma ) AND help . theme ( x _ 1 , Noah ) AND help . agent ( x _ 2 , Benjamin ) AND help . theme ( x _ 2 , x _ 0 )	elips_gapping_in_dist
199	The girl cooked the dog and the boy Ava .	* girl ( x _ 0 ) ; * dog ( x _ 1 ) ; * boy ( x _ 2 ) ; cook . agent ( x _ 3 , x _ 0 ) AND cook . theme ( x _ 3 , x _ 1 ) AND cook . agent ( x _ 4 , x _ 2 ) AND cook . theme ( x _ 4 , Ava )	elips_gapping_in_dist
200	Thomas ate a girl and Emma Liam .	girl ( x _ 0 ) AND eat . agent ( x _ 1 , Thomas ) AND eat . theme ( x _ 1 , x _ 0 ) AND eat . agent ( x _ 2 , Emma ) AND eat . theme ( x _ 2 , Liam )	elips_gapping_in_dist
201	Olivia nursed Mia and Emma the professor .	* professor ( x _ 0 ) ; nurse . agent ( x _ 1 , Olivia ) AND nurse . theme ( x _ 1 , Mia ) AND nurse . agent ( x _ 2 , Emma ) AND nurse . theme ( x _ 2 , x _ 0 )	elips_gapping_in_dist
202	Lucas cooked Isabella and Charlotte Ellie .	cook . agent ( x _ 0 , Lucas ) AND cook . theme ( x _ 0 , Isabella ) AND cook . agent ( x _ 1 , Charlotte ) AND cook . theme ( x _ 1 , Ellie )	elips_gapping_in_dist
203	A teacher drew a captain and a friend Emma .	teacher ( x _ 0 ) AND captain ( x _ 1 ) AND friend ( x _ 2 ) AND draw . agent ( x _ 3 , x _ 0 ) AND draw . theme ( x _ 3 , x _ 1 ) AND draw . agent ( x _ 4 , x _ 2 ) AND draw . theme ( x _ 4 , Emma )	elips_gapping_in_dist
204	Emma helped the girl and a cat a baby .	* girl ( x _ 0 ) ; cat ( x _ 1 ) AND baby ( x _ 2 ) AND help . agent ( x _ 3 , Emma ) AND help . theme ( x _ 3 , x _ 0 ) AND help . agent ( x _ 4 , x _ 1 ) AND help . theme ( x _ 4 , x _ 2 )	elips_gapping_in_dist
205	Emily painted Emma and the child the frog .	* child ( x _ 0 ) ; * frog ( x _ 1 ) ; paint . agent ( x _ 2 , Emily ) AND paint . theme ( x _ 2 , Emma ) AND paint . agent ( x _ 3 , x _ 0 ) AND paint . theme ( x _ 3 , x _ 1 )	elips_gapping_in_dist
206	The girl dusted a passenger and the butterfly Olivia .	* girl ( x _ 0 ) ; * butterfly ( x _ 2 ) ; passenger ( x _ 1 ) AND dust . agent ( x _ 3 , x _ 0 ) AND dust . theme ( x _ 3 , x _ 1 ) AND dust . agent ( x _ 4 , x _ 2 ) AND dust . theme ( x _ 4 , Olivia )	elips_gapping_in_dist
207	The driver ate Levi and Olivia Liam .	* driver ( x _ 0 ) ; eat . agent ( x _ 1 , x _ 0 ) AND eat . theme ( x _ 1 , Levi ) AND eat . agent ( x _ 2 , Olivia ) AND eat . theme ( x _ 2 , Liam )	elips_gapping_in_dist
208	Carter helped a baby and James Liam .	baby ( x _ 0 ) AND help . agent ( x _ 1 , Carter ) AND help . theme ( x _ 1 , x _ 0 ) AND help . agent ( x _ 2 , James ) AND help . theme ( x _ 2 , Liam )	elips_gapping_in_dist
209	A horse respected Emma and Liam the girl .	* girl ( x _ 1 ) ; horse ( x _ 0 ) AND respect . agent ( x _ 2 , x _ 0 ) AND respect . theme ( x _ 2 , Emma ) AND respect . agent ( x _ 3 , Liam ) AND respect . theme ( x _ 3 , x _ 1 )	elips_gapping_in_dist
210	A chicken ate a bee and the dog the baby .	* dog ( x _ 2 ) ; * baby ( x _ 3 ) ; chicken ( x _ 0 ) AND bee ( x _ 1 ) AND eat . agent ( x _ 4 , x _ 0 ) AND eat . theme ( x _ 4 , x _ 1 ) AND eat . agent ( x _ 5 , x _ 2 ) AND eat . theme ( x _ 5 , x _ 3 )	elips_gapping_in_dist
211	Emma ate William and Daniel the frog .	* frog ( x _ 0 ) ; eat . agent ( x _ 1 , Emma ) AND eat . theme ( x _ 1 , William ) AND eat . agent ( x _ 2 , Daniel ) AND eat . theme ( x _ 2 , x _ 0 )	elips_gapping_in_dist
212	A hero cleaned the kid and Olivia the girl .	* kid ( x _ 1 ) ; * girl ( x _ 2 ) ; hero ( x _ 0 ) AND clean . agent ( x _ 3 , x _ 0 ) AND clean . theme ( x _ 3 , x _ 1 ) AND clean . agent ( x _ 4 , Olivia ) AND clean . theme ( x _ 4 , x _ 2 )	elips_gapping_in_dist
213	William helped Liam and the girl Emma .	* girl ( x _ 0 ) ; help . agent ( x _ 1 , William ) AND help . theme ( x _ 1 , Liam ) AND help . agent ( x _ 2 , x _ 0 ) AND help . theme ( x _ 2 , Emma )	elips_gapping_in_dist
214	Olivia ate Ava and a cat the citizen .	* citizen ( x _ 1 ) ; cat ( x _ 0 ) AND eat . agent ( x _ 2 , Olivia ) AND eat . theme ( x _ 2 , Ava ) AND eat . agent ( x _ 3 , x _ 0 ) AND eat . theme ( x _ 3 , x _ 1 )	elips_gapping_in_dist
215	Mateo ate the bunny and Julian the girl .	* bunny ( x _ 0 ) ; * girl ( x _ 1 ) ; eat . agent ( x _ 2 , Mateo ) AND eat . theme ( x _ 2 , x _ 0 ) AND eat . agent ( x _ 3 , Julian ) AND eat . theme ( x _ 3 , x _ 1 )	elips_gapping_in_dist
216	The girl ate the dealer and Emma the boy .	* girl ( x _ 0 ) ; * dealer ( x _ 1 ) ; * boy ( x _ 2 ) ; eat . agent ( x _ 3 , x _ 0 ) AND eat . theme ( x _ 3 , x _ 1 ) AND eat . agent ( x _ 4 , Emma ) AND eat . theme ( x _ 4 , x _ 2 )	elips_gapping_in_dist
217	Liam ate the teacher and Mila the girl .	* teacher ( x _ 0 ) ; * girl ( x _ 1 ) ; eat . agent ( x _ 2 , Liam ) AND eat . theme ( x _ 2 , x _ 0 ) AND eat . agent ( x _ 3 , Mila ) AND eat . theme ( x _ 3 , x _ 1 )	elips_gapping_in_dist
218	The queen liked the boy and the cat a teacher .	* queen ( x _ 0 ) ; * boy ( x _ 1 ) ; * cat ( x _ 2 ) ; teacher ( x _ 3 ) AND like . agent ( x _ 4 , x _ 0 ) AND like . theme ( x _ 4 , x _ 1 ) AND like . agent ( x _ 5 , x _ 2 ) AND like . theme ( x _ 5 , x _ 3 )	elips_gapping_in_dist
219	Jaxon ate the girl and the cat Emma .	* girl ( x _ 0 ) ; * cat ( x _ 1 ) ; eat . agent ( x _ 2 , Jaxon ) AND eat . theme ( x _ 2 , x _ 0 ) AND eat . agent ( x _ 3 , x _ 1 ) AND eat . theme ( x _ 3 , Emma )	elips_gapping_in_dist
220	A giraffe adored a lion and a girl Ethan .	giraffe ( x _ 0 ) AND lion ( x _ 1 ) AND girl ( x _ 2 ) AND adore . agent ( x _ 3 , x _ 0 ) AND adore . theme ( x _ 3 , x _ 1 ) AND adore . agent ( x _ 4 , x _ 2 ) AND adore . theme ( x _ 4 , Ethan )	elips_gapping_in_dist
221	Liam helped Daniel and a monkey Olivia .	monkey ( x _ 0 ) AND help . agent ( x _ 1 , Liam ) AND help . theme ( x _ 1 , Daniel ) AND help . agent ( x _ 2 , x _ 0 ) AND help . theme ( x _ 2 , Olivia )	elips_gapping_in_dist
222	A boy liked the girl and Olivia a cat .	* girl ( x _ 1 ) ; boy ( x _ 0 ) AND cat ( x _ 2 ) AND like . agent ( x _ 3 , x _ 0 ) AND like . theme ( x _ 3 , x _ 1 ) AND like . agent ( x _ 4 , Olivia ) AND like . theme ( x _ 4 , x _ 2 )	elips_gapping_in_dist
223	Emma liked the cat and Daniel Ella .	* cat ( x _ 0 ) ; like . agent ( x _ 1 , Emma ) AND like . theme ( x _ 1 , x _ 0 ) AND like . agent ( x _ 2 , Daniel ) AND like . theme ( x _ 2 , Ella )	elips_gapping_in_dist
224	Bella drew the researcher and Noah a boy .	* researcher ( x _ 0 ) ; boy ( x _ 1 ) AND draw . agent ( x _ 2 , Bella ) AND draw . theme ( x _ 2 , x _ 0 ) AND draw . agent ( x _ 3 , Noah ) AND draw . theme ( x _ 3 , x _ 1 )	elips_gapping_in_dist
225	A girl hunted a mouse and a dog the teacher .	* teacher ( x _ 3 ) ; girl ( x _ 0 ) AND mouse ( x _ 1 ) AND dog ( x _ 2 ) AND hunt . agent ( x _ 4 , x _ 0 ) AND hunt . theme ( x _ 4 , x _ 1 ) AND hunt . agent ( x _ 5 , x _ 2 ) AND hunt . theme ( x _ 5 , x _ 3 )	elips_gapping_in_dist
226	The girl appreciated a boy and a crocodile Olivia .	* girl ( x _ 0 ) ; boy ( x _ 1 ) AND crocodile ( x _ 2 ) AND appreciate . agent ( x _ 3 , x _ 0 ) AND appreciate . theme ( x _ 3 , x _ 1 ) AND appreciate . agent ( x _ 4 , x _ 2 ) AND appreciate . theme ( x _ 4 , Olivia )	elips_gapping_in_dist
227	Ava ate Joshua and a boy the girl .	* girl ( x _ 1 ) ; boy ( x _ 0 ) AND eat . agent ( x _ 2 , Ava ) AND eat . theme ( x _ 2 , Joshua ) AND eat . agent ( x _ 3 , x _ 0 ) AND eat . theme ( x _ 3 , x _ 1 )	elips_gapping_in_dist
228	The girl helped James and Ava Caleb .	* girl ( x _ 0 ) ; help . agent ( x _ 1 , x _ 0 ) AND help . theme ( x _ 1 , James ) AND help . agent ( x _ 2 , Ava ) AND help . theme ( x _ 2 , Caleb )	elips_gapping_in_dist
229	The dog appreciated the boy and the mouse a girl .	* dog ( x _ 0 ) ; * boy ( x _ 1 ) ; * mouse ( x _ 2 ) ; girl ( x _ 3 ) AND appreciate . agent ( x _ 4 , x _ 0 ) AND appreciate . theme ( x _ 4 , x _ 1 ) AND appreciate . agent ( x _ 5 , x _ 2 ) AND appreciate . theme ( x _ 5 , x _ 3 )	elips_gapping_in_dist
230	Sophia poked Liam and the goose William .	* goose ( x _ 0 ) ; poke . agent ( x _ 1 , Sophia ) AND poke . theme ( x _ 1 , Liam ) AND poke . agent ( x _ 2 , x _ 0 ) AND poke . theme ( x _ 2 , William )	elips_gapping_in_dist
231	A girl respected Liam and the dog Emma .	* dog ( x _ 1 ) ; girl ( x _ 0 ) AND respect . agent ( x _ 2 , x _ 0 ) AND respect . theme ( x _ 2 , Liam ) AND respect . agent ( x _ 3 , x _ 1 ) AND respect . theme ( x _ 3 , Emma )	elips_gapping_in_dist
232	The dog drew a duck and a lion the girl .	* dog ( x _ 0 ) ; * girl ( x _ 3 ) ; duck ( x _ 1 ) AND lion ( x _ 2 ) AND draw . agent ( x _ 4 , x _ 0 ) AND draw . theme ( x _ 4 , x _ 1 ) AND draw . agent ( x _ 5 , x _ 2 ) AND draw . theme ( x _ 5 , x _ 3 )	elips_gapping_in_dist
233	Ava ate Olivia and Emma a girl .	girl ( x _ 0 ) AND eat . agent ( x _ 1 , Ava ) AND eat . theme ( x _ 1 , Olivia ) AND eat . agent ( x _ 2 , Emma ) AND eat . theme ( x _ 2 , x _ 0 )	elips_gapping_in_dist
234	The penguin liked Emma and a buyer Aria .	* penguin ( x _ 0 ) ; buyer ( x _ 1 ) AND like . agent ( x _ 2 , x _ 0 ) AND like . theme ( x _ 2 , Emma ) AND like . agent ( x _ 3 , x _ 1 ) AND like . theme ( x _ 3 , Aria )	elips_gapping_in_dist
235	The king sketched the giraffe and Evelyn Ava .	* king ( x _ 0 ) ; * giraffe ( x _ 1 ) ; sketch . agent ( x _ 2 , x _ 0 ) AND sketch . theme ( x _ 2 , x _ 1 ) AND sketch . agent ( x _ 3 , Evelyn ) AND sketch . theme ( x _ 3 , Ava )	elips_gapping_in_dist
236	Olivia found Liam and Oliver Isaac .	find . agent ( x _ 0 , Olivia ) AND find . theme ( x _ 0 , Liam ) AND find . agent ( x _ 1 , Oliver ) AND find . theme ( x _ 1 , Isaac )	elips_gapping_in_dist
237	The child liked a customer and the dog Thomas .	* child ( x _ 0 ) ; * dog ( x _ 2 ) ; customer ( x _ 1 ) AND like . agent ( x _ 3 , x _ 0 ) AND like . theme ( x _ 3 , x _ 1 ) AND like . agent ( x _ 4 , x _ 2 ) AND like . theme ( x _ 4 , Thomas )	elips_gapping_in_dist
238	Emma cleaned the journalist and Lily a giraffe .	* journalist ( x _ 0 ) ; giraffe ( x _ 1 ) AND clean . agent ( x _ 2 , Emma ) AND clean . theme ( x _ 2 , x _ 0 ) AND clean . agent ( x _ 3 , Lily ) AND clean . theme ( x _ 3 , x _ 1 )	elips_gapping_in_dist
239	The bear loved Olivia and a girl the cat .	* bear ( x _ 0 ) ; * cat ( x _ 2 ) ; girl ( x _ 1 ) AND love . agent ( x _ 3 , x _ 0 ) AND love . theme ( x _ 3 , Olivia ) AND love . agent ( x _ 4 , x _ 1 ) AND love . theme ( x _ 4 , x _ 2 )	elips_gapping_in_dist
240	The pony liked a girl and Liam Isabella .	* pony ( x _ 0 ) ; girl ( x _ 1 ) AND like . agent ( x _ 2 , x _ 0 ) AND like . theme ( x _ 2 , x _ 1 ) AND like . agent ( x _ 3 , Liam ) AND like . theme ( x _ 3 , Isabella )	elips_gapping_in_dist
241	James painted Sebastian and a girl a professor .	girl ( x _ 0 ) AND professor ( x _ 1 ) AND paint . agent ( x _ 2 , James ) AND paint . theme ( x _ 2 , Sebastian ) AND paint . agent ( x _ 3 , x _ 0 ) AND paint . theme ( x _ 3 , x _ 1 )	elips_gapping_in_dist
242	A girl painted a monkey and Liam a dog .	girl ( x _ 0 ) AND monkey ( x _ 1 ) AND dog ( x _ 2 ) AND paint . agent ( x _ 3 , x _ 0 ) AND paint . theme ( x _ 3 , x _ 1 ) AND paint . agent ( x _ 4 , Liam ) AND paint . theme ( x _ 4 , x _ 2 )	elips_gapping_in_dist
243	A girl liked Charlotte and Luna Elijah .	girl ( x _ 0 ) AND like . agent ( x _ 1 , x _ 0 ) AND like . theme ( x _ 1 , Charlotte ) AND like . agent ( x _ 2 , Luna ) AND like . theme ( x _ 2 , Elijah )	elips_gapping_in_dist
244	Sophia ate Liam and a lion the girl .	* girl ( x _ 1 ) ; lion ( x _ 0 ) AND eat . agent ( x _ 2 , Sophia ) AND eat . theme ( x _ 2 , Liam ) AND eat . agent ( x _ 3 , x _ 0 ) AND eat . theme ( x _ 3 , x _ 1 )	elips_gapping_in_dist
245	A dog adored a politician and Liam a boy .	dog ( x _ 0 ) AND politician ( x _ 1 ) AND boy ( x _ 2 ) AND adore . agent ( x _ 3 , x _ 0 ) AND adore . theme ( x _ 3 , x _ 1 ) AND adore . agent ( x _ 4 , Liam ) AND adore . theme ( x _ 4 , x _ 2 )	elips_gapping_in_dist
246	Liam adored the bear and the girl a professor .	* bear ( x _ 0 ) ; * girl ( x _ 1 ) ; professor ( x _ 2 ) AND adore . agent ( x _ 3 , Liam ) AND adore . theme ( x _ 3 , x _ 0 ) AND adore . agent ( x _ 4 , x _ 1 ) AND adore . theme ( x _ 4 , x _ 2 )	elips_gapping_in_dist
247	Emma ate the girl and Skylar a king .	* girl ( x _ 0 ) ; king ( x _ 1 ) AND eat . agent ( x _ 2 , Emma ) AND eat . theme ( x _ 2 , x _ 0 ) AND eat . agent ( x _ 3 , Skylar ) AND eat . theme ( x _ 3 , x _ 1 )	elips_gapping_in_dist
248	Jaxon ate the penguin and Audrey Olivia .	* penguin ( x _ 0 ) ; eat . agent ( x _ 1 , Jaxon ) AND eat . theme ( x _ 1 , x _ 0 ) AND eat . agent ( x _ 2 , Audrey ) AND eat . theme ( x _ 2 , Olivia )	elips_gapping_in_dist
249	A girl liked a pupil and the dog the visitor .	* dog ( x _ 2 ) ; * visitor ( x _ 3 ) ; girl ( x _ 0 ) AND pupil ( x _ 1 ) AND like . agent ( x _ 4 , x _ 0 ) AND like . theme ( x _ 4 , x _ 1 ) AND like . agent ( x _ 5 , x _ 2 ) AND like . theme ( x _ 5 , x _ 3 )	elips_gapping_in_dist
250	A guest cleaned Jacob and the giraffe Noah .	* giraffe ( x _ 1 ) ; guest ( x _ 0 ) AND clean . agent ( x _ 2 , x _ 0 ) AND clean . theme ( x _ 2 , Jacob ) AND clean . agent ( x _ 3 , x _ 1 ) AND clean . theme ( x _ 3 , Noah )	elips_gapping_in_dist
251	Emma hunted Ella and Dylan Abigail .	hunt . agent ( x _ 0 , Emma ) AND hunt . theme ( x _ 0 , Ella ) AND hunt . agent ( x _ 1 , Dylan ) AND hunt . theme ( x _ 1 , Abigail )	elips_gapping_in_dist
252	A boy liked Emma and William Amelia .	boy ( x _ 0 ) AND like . agent ( x _ 1 , x _ 0 ) AND like . theme ( x _ 1 , Emma ) AND like . agent ( x _ 2 , William ) AND like . theme ( x _ 2 , Amelia )	elips_gapping_in_dist
253	A girl appreciated the bunny and Penelope Emma .	* bunny ( x _ 1 ) ; girl ( x _ 0 ) AND appreciate . agent ( x _ 2 , x _ 0 ) AND appreciate . theme ( x _ 2 , x _ 1 ) AND appreciate . agent ( x _ 3 , Penelope ) AND appreciate . theme ( x _ 3 , Emma )	elips_gapping_in_dist
254	Noah ate Emma and Violet the boy .	* boy ( x _ 0 ) ; eat . agent ( x _ 1 , Noah ) AND eat . theme ( x _ 1 , Emma ) AND eat . agent ( x _ 2 , Violet ) AND eat . theme ( x _ 2 , x _ 0 )	elips_gapping_in_dist
255	Jayden liked Noah and the girl Emma .	* girl ( x _ 0 ) ; like . agent ( x _ 1 , Jayden ) AND like . theme ( x _ 1 , Noah ) AND like . agent ( x _ 2 , x _ 0 ) AND like . theme ( x _ 2 , Emma )	elips_gapping_in_dist
256	Noah ate the lawyer and the chicken the girl .	* lawyer ( x _ 0 ) ; * chicken ( x _ 1 ) ; * girl ( x _ 2 ) ; eat . agent ( x _ 3 , Noah ) AND eat . theme ( x _ 3 , x _ 0 ) AND eat . agent ( x _ 4 , x _ 1 ) AND eat . theme ( x _ 4 , x _ 2 )	elips_gapping_in_dist
257	The resident found a king and Liam the frog .	* resident ( x _ 0 ) ; * frog ( x _ 2 ) ; king ( x _ 1 ) AND find . agent ( x _ 3 , x _ 0 ) AND find . theme ( x _ 3 , x _ 1 ) AND find . agent ( x _ 4 , Liam ) AND find . theme ( x _ 4 , x _ 2 )	elips_gapping_in_dist
258	Emma missed a bunny and David Ava .	bunny ( x _ 0 ) AND miss . agent ( x _ 1 , Emma ) AND miss . theme ( x _ 1 , x _ 0 ) AND miss . agent ( x _ 2 , David ) AND miss . theme ( x _ 2 , Ava )	elips_gapping_in_dist
259	A teacher liked Emma and the cat Logan .	* cat ( x _ 1 ) ; teacher ( x _ 0 ) AND like . agent ( x _ 2 , x _ 0 ) AND like . theme ( x _ 2 , Emma ) AND like . agent ( x _ 3 , x _ 1 ) AND like . theme ( x _ 3 , Logan )	elips_gapping_in_dist
260	The turkey ate a teacher and Oliver Nathan .	* turkey ( x _ 0 ) ; teacher ( x _ 1 ) AND eat . agent ( x _ 2 , x _ 0 ) AND eat . theme ( x _ 2 , x _ 1 ) AND eat . agent ( x _ 3 , Oliver ) AND eat . theme ( x _ 3 , Nathan )	elips_gapping_in_dist
261	Mia dusted Noah and the cat Isabella .	* cat ( x _ 0 ) ; dust . agent ( x _ 1 , Mia ) AND dust . theme ( x _ 1 , Noah ) AND dust . agent ( x _ 2 , x _ 0 ) AND dust . theme ( x _ 2 , Isabella )	elips_gapping_in_dist
262	Sophia loved Liam and James the mouse .	* mouse ( x _ 0 ) ; love . agent ( x _ 1 , Sophia ) AND love . theme ( x _ 1 , Liam ) AND love . agent ( x _ 2 , James ) AND love . theme ( x _ 2 , x _ 0 )	elips_gapping_in_dist
263	Abigail adored a baby and Ava the boy .	* boy ( x _ 1 ) ; baby ( x _ 0 ) AND adore . agent ( x _ 2 , Abigail ) AND adore . theme ( x _ 2 , x _ 0 ) AND adore . agent ( x _ 3 , Ava ) AND adore . theme ( x _ 3 , x _ 1 )	elips_gapping_in_dist
264	The girl found Olivia and a boy Liam .	* girl ( x _ 0 ) ; boy ( x _ 1 ) AND find . agent ( x _ 2 , x _ 0 ) AND find . theme ( x _ 2 , Olivia ) AND find . agent ( x _ 3 , x _ 1 ) AND find . theme ( x _ 3 , Liam )	elips_gapping_in_dist
265	Carter liked Abigail and a girl Oliver .	girl ( x _ 0 ) AND like . agent ( x _ 1 , Carter ) AND like . theme ( x _ 1 , Abigail ) AND like . agent ( x _ 2 , x _ 0 ) AND like . theme ( x _ 2 , Oliver )	elips_gapping_in_dist
266	Olivia helped the girl and a boy Emma .	* girl ( x _ 0 ) ; boy ( x _ 1 ) AND help . agent ( x _ 2 , Olivia ) AND help . theme ( x _ 2 , x _ 0 ) AND help . agent ( x _ 3 , x _ 1 ) AND help . theme ( x _ 3 , Emma )	elips_gapping_in_dist
267	The cat helped the girl and Noah a boy .	* cat ( x _ 0 ) ; * girl ( x _ 1 ) ; boy ( x _ 2 ) AND help . agent ( x _ 3 , x _ 0 ) AND help . theme ( x _ 3 , x _ 1 ) AND help . agent ( x _ 4 , Noah ) AND help . theme ( x _ 4 , x _ 2 )	elips_gapping_in_dist
268	William drew Olivia and the boy a baby .	* boy ( x _ 0 ) ; baby ( x _ 1 ) AND draw . agent ( x _ 2 , William ) AND draw . theme ( x _ 2 , Olivia ) AND draw . agent ( x _ 3 , x _ 0 ) AND draw . theme ( x _ 3 , x _ 1 )	elips_gapping_in_dist
269	A duck ate Noah and a dog the girl .	* girl ( x _ 2 ) ; duck ( x _ 0 ) AND dog ( x _ 1 ) AND eat . agent ( x _ 3 , x _ 0 ) AND eat . theme ( x _ 3 , Noah ) AND eat . agent ( x _ 4 , x _ 1 ) AND eat . theme ( x _ 4 , x _ 2 )	elips_gapping_in_dist
270	Claire poked Andrew and Emma a boy .	boy ( x _ 0 ) AND poke . agent ( x _ 1 , Claire ) AND poke . theme ( x _ 1 , Andrew ) AND poke . agent ( x _ 2 , Emma ) AND poke . theme ( x _ 2 , x _ 0 )	elips_gapping_in_dist
271	Joshua loved a girl and William Harper .	girl ( x _ 0 ) AND love . agent ( x _ 1 , Joshua ) AND love . theme ( x _ 1 , x _ 0 ) AND love . agent ( x _ 2 , William ) AND love . theme ( x _ 2 , Harper )	elips_gapping_in_dist
272	Olivia juggled Mila and Mason the baby .	* baby ( x _ 0 ) ; juggle . agent ( x _ 1 , Olivia ) AND juggle . theme ( x _ 1 , Mila ) AND juggle . agent ( x _ 2 , Mason ) AND juggle . theme ( x _ 2 , x _ 0 )	elips_gapping_in_dist
273	The lion ate the zebra and James the girl .	* lion ( x _ 0 ) ; * zebra ( x _ 1 ) ; * girl ( x _ 2 ) ; eat . agent ( x _ 3 , x _ 0 ) AND eat . theme ( x _ 3 , x _ 1 ) AND eat . agent ( x _ 4 , James ) AND eat . theme ( x _ 4 , x _ 2 )	elips_gapping_in_dist
274	A buyer ate the moose and Aubrey a hen .	* moose ( x _ 1 ) ; buyer ( x _ 0 ) AND hen ( x _ 2 ) AND eat . agent ( x _ 3 , x _ 0 ) AND eat . theme ( x _ 3 , x _ 1 ) AND eat . agent ( x _ 4 , Aubrey ) AND eat . theme ( x _ 4 , x _ 2 )	elips_gapping_in_dist
275	Emma liked Liam and Olivia a giraffe .	giraffe ( x _ 0 ) AND like . agent ( x _ 1 , Emma ) AND like . theme ( x _ 1 , Liam ) AND like . agent ( x _ 2 , Olivia ) AND like . theme ( x _ 2 , x _ 0 )	elips_gapping_in_dist
276	A bird poked Olivia and the cat the human .	* cat ( x _ 1 ) ; * human ( x _ 2 ) ; bird ( x _ 0 ) AND poke . agent ( x _ 3 , x _ 0 ) AND poke . theme ( x _ 3 , Olivia ) AND poke . agent ( x _ 4 , x _ 1 ) AND poke . theme ( x _ 4 , x _ 2 )	elips_gapping_in_dist
277	Lucas loved the girl and Benjamin the patient .	* girl ( x _ 0 ) ; * patient ( x _ 1 ) ; love . agent ( x _ 2 , Lucas ) AND love . theme ( x _ 2 , x _ 0 ) AND love . agent ( x _ 3 , Benjamin ) AND love . theme ( x _ 3 , x _ 1 )	elips_gapping_in_dist
278	Emma dusted Liam and a cat Grayson .	cat ( x _ 0 ) AND dust . agent ( x _ 1 , Emma ) AND dust . theme ( x _ 1 , Liam ) AND dust . agent ( x _ 2 , x _ 0 ) AND dust . theme ( x _ 2 , Grayson )	elips_gapping_in_dist
279	Lucas nursed the girl and Emma the prince .	* girl ( x _ 0 ) ; * prince ( x _ 1 ) ; nurse . agent ( x _ 2 , Lucas ) AND nurse . theme ( x _ 2 , x _ 0 ) AND nurse . agent ( x _ 3 , Emma ) AND nurse . theme ( x _ 3 , x _ 1 )	elips_gapping_in_dist
280	The boy poked a bunny and Amelia Liam .	* boy ( x _ 0 ) ; bunny ( x _ 1 ) AND poke . agent ( x _ 2 , x _ 0 ) AND poke . theme ( x _ 2 , x _ 1 ) AND poke . agent ( x _ 3 , Amelia ) AND poke . theme ( x _ 3 , Liam )	elips_gapping_in_dist
281	Liam loved Olivia and a monkey a dog .	monkey ( x _ 0 ) AND dog ( x _ 1 ) AND love . agent ( x _ 2 , Liam ) AND love . theme ( x _ 2 , Olivia ) AND love . agent ( x _ 3 , x _ 0 ) AND love . theme ( x _ 3 , x _ 1 )	elips_gapping_in_dist
282	A boy painted the tourist and Caleb Ava .	* tourist ( x _ 1 ) ; boy ( x _ 0 ) AND paint . agent ( x _ 2 , x _ 0 ) AND paint . theme ( x _ 2 , x _ 1 ) AND paint . agent ( x _ 3 , Caleb ) AND paint . theme ( x _ 3 , Ava )	elips_gapping_in_dist
283	Emma dusted a girl and the baby a teacher .	* baby ( x _ 1 ) ; girl ( x _ 0 ) AND teacher ( x _ 2 ) AND dust . agent ( x _ 3 , Emma ) AND dust . theme ( x _ 3 , x _ 0 ) AND dust . agent ( x _ 4 , x _ 1 ) AND dust . theme ( x _ 4 , x _ 2 )	elips_gapping_in_dist
284	A girl cooked a child and the baby Liam .	* baby ( x _ 2 ) ; girl ( x _ 0 ) AND child ( x _ 1 ) AND cook . agent ( x _ 3 , x _ 0 ) AND cook . theme ( x _ 3 , x _ 1 ) AND cook . agent ( x _ 4 , x _ 2 ) AND cook . theme ( x _ 4 , Liam )	elips_gapping_in_dist
285	A girl adored Emma and Noah a lamb .	girl ( x _ 0 ) AND lamb ( x _ 1 ) AND adore . agent ( x _ 2 , x _ 0 ) AND adore . theme ( x _ 2 , Emma ) AND adore . agent ( x _ 3 , Noah ) AND adore . theme ( x _ 3 , x _ 1 )	elips_gapping_in_dist
286	Noah cleaned a puppy and the driver a girl .	* driver ( x _ 1 ) ; puppy ( x _ 0 ) AND girl ( x _ 2 ) AND clean . agent ( x _ 3 , Noah ) AND clean . theme ( x _ 3 , x _ 0 ) AND clean . agent ( x _ 4 , x _ 1 ) AND clean . theme ( x _ 4 , x _ 2 )	elips_gapping_in_dist
287	Mason admired a baby and a girl Emma .	baby ( x _ 0 ) AND girl ( x _ 1 ) AND admire . agent ( x _ 2 , Mason ) AND admire . theme ( x _ 2 , x _ 0 ) AND admire . agent ( x _ 3 , x _ 1 ) AND admire . theme ( x _ 3 , Emma )	elips_gapping_in_dist
288	The boy ate the dog and Emma the chicken .	* boy ( x _ 0 ) ; * dog ( x _ 1 ) ; * chicken ( x _ 2 ) ; eat . agent ( x _ 3 , x _ 0 ) AND eat . theme ( x _ 3 , x _ 1 ) AND eat . agent ( x _ 4 , Emma ) AND eat . theme ( x _ 4 , x _ 2 )	elips_gapping_in_dist
289	Aubrey loved Sophia and a dog a girl .	dog ( x _ 0 ) AND girl ( x _ 1 ) AND love . agent ( x _ 2 , Aubrey ) AND love . theme ( x _ 2 , Sophia ) AND love . agent ( x _ 3 , x _ 0 ) AND love . theme ( x _ 3 , x _ 1 )	elips_gapping_in_dist
290	The child helped the baby and Noah Logan .	* child ( x _ 0 ) ; * baby ( x _ 1 ) ; help . agent ( x _ 2 , x _ 0 ) AND help . theme ( x _ 2 , x _ 1 ) AND help . agent ( x _ 3 , Noah ) AND help . theme ( x _ 3 , Logan )	elips_gapping_in_dist
291	The girl painted Isabella and the kitty Zoey .	* girl ( x _ 0 ) ; * kitty ( x _ 1 ) ; paint . agent ( x _ 2 , x _ 0 ) AND paint . theme ( x _ 2 , Isabella ) AND paint . agent ( x _ 3 , x _ 1 ) AND paint . theme ( x _ 3 , Zoey )	elips_gapping_in_dist
292	Emma helped Addison and a sheep Jacob .	sheep ( x _ 0 ) AND help . agent ( x _ 1 , Emma ) AND help . theme ( x _ 1 , Addison ) AND help . agent ( x _ 2 , x _ 0 ) AND help . theme ( x _ 2 , Jacob )	elips_gapping_in_dist
293	The director cooked the girl and Isaac Wyatt .	* director ( x _ 0 ) ; * girl ( x _ 1 ) ; cook . agent ( x _ 2 , x _ 0 ) AND cook . theme ( x _ 2 , x _ 1 ) AND cook . agent ( x _ 3 , Isaac ) AND cook . theme ( x _ 3 , Wyatt )	elips_gapping_in_dist
294	Emily sketched the patient and a frog Evelyn .	* patient ( x _ 0 ) ; frog ( x _ 1 ) AND sketch . agent ( x _ 2 , Emily ) AND sketch . theme ( x _ 2 , x _ 0 ) AND sketch . agent ( x _ 3 , x _ 1 ) AND sketch . theme ( x _ 3 , Evelyn )	elips_gapping_in_dist
295	Emma dusted a child and Olivia Nora .	child ( x _ 0 ) AND dust . agent ( x _ 1 , Emma ) AND dust . theme ( x _ 1 , x _ 0 ) AND dust . agent ( x _ 2 , Olivia ) AND dust . theme ( x _ 2 , Nora )	elips_gapping_in_dist
296	Olivia loved a bunny and the bird the cat .	* bird ( x _ 1 ) ; * cat ( x _ 2 ) ; bunny ( x _ 0 ) AND love . agent ( x _ 3 , Olivia ) AND love . theme ( x _ 3 , x _ 0 ) AND love . agent ( x _ 4 , x _ 1 ) AND love . theme ( x _ 4 , x _ 2 )	elips_gapping_in_dist
297	Noah helped a dog and Sophia the director .	* director ( x _ 1 ) ; dog ( x _ 0 ) AND help . agent ( x _ 2 , Noah ) AND help . theme ( x _ 2 , x _ 0 ) AND help . agent ( x _ 3 , Sophia ) AND help . theme ( x _ 3 , x _ 1 )	elips_gapping_in_dist
298	A dog cleaned Emma and James a girl .	dog ( x _ 0 ) AND girl ( x _ 1 ) AND clean . agent ( x _ 2 , x _ 0 ) AND clean . theme ( x _ 2 , Emma ) AND clean . agent ( x _ 3 , James ) AND clean . theme ( x _ 3 , x _ 1 )	elips_gapping_in_dist
299	Liam sketched Emma and a lawyer Mason .	lawyer ( x _ 0 ) AND sketch . agent ( x _ 1 , Liam ) AND sketch . theme ( x _ 1 , Emma ) AND sketch . agent ( x _ 2 , x _ 0 ) AND sketch . theme ( x _ 2 , Mason )	elips_gapping_in_dist
300	Jackson helped the duck and the monster a girl .	* duck ( x _ 0 ) ; * monster ( x _ 1 ) ; girl ( x _ 2 ) AND help . agent ( x _ 3 , Jackson ) AND help . theme ( x _ 3 , x _ 0 ) AND help . agent ( x _ 4 , x _ 1 ) AND help . theme ( x _ 4 , x _ 2 )	elips_gapping_in_dist
301	A teacher painted Penelope and the girl a boy .	* girl ( x _ 1 ) ; teacher ( x _ 0 ) AND boy ( x _ 2 ) AND paint . agent ( x _ 3 , x _ 0 ) AND paint . theme ( x _ 3 , Penelope ) AND paint . agent ( x _ 4 , x _ 1 ) AND paint . theme ( x _ 4 , x _ 2 )	elips_gapping_in_dist
302	Elijah sketched a baby and a fly Brooklyn .	baby ( x _ 0 ) AND fly ( x _ 1 ) AND sketch . agent ( x _ 2 , Elijah ) AND sketch . theme ( x _ 2 , x _ 0 ) AND sketch . agent ( x _ 3 , x _ 1 ) AND sketch . theme ( x _ 3 , Brooklyn )	elips_gapping_in_dist
303	A pupil helped the boy and a cat Ava .	* boy ( x _ 1 ) ; pupil ( x _ 0 ) AND cat ( x _ 2 ) AND help . agent ( x _ 3 , x _ 0 ) AND help . theme ( x _ 3 , x _ 1 ) AND help . agent ( x _ 4 , x _ 2 ) AND help . theme ( x _ 4 , Ava )	elips_gapping_in_dist
304	A crocodile liked Olivia and Emma Mila .	crocodile ( x _ 0 ) AND like . agent ( x _ 1 , x _ 0 ) AND like . theme ( x _ 1 , Olivia ) AND like . agent ( x _ 2 , Emma ) AND like . theme ( x _ 2 , Mila )	elips_gapping_in_dist
305	Oliver liked the boy and the girl Emma .	* boy ( x _ 0 ) ; * girl ( x _ 1 ) ; like . agent ( x _ 2 , Oliver ) AND like . theme ( x _ 2 , x _ 0 ) AND like . agent ( x _ 3 , x _ 1 ) AND like . theme ( x _ 3 , Emma )	elips_gapping_in_dist
306	A baby ate a patient and Emma the girl .	* girl ( x _ 2 ) ; baby ( x _ 0 ) AND patient ( x _ 1 ) AND eat . agent ( x _ 3 , x _ 0 ) AND eat . theme ( x _ 3 , x _ 1 ) AND eat . agent ( x _ 4 , Emma ) AND eat . theme ( x _ 4 , x _ 2 )	elips_gapping_in_dist
307	Lily loved the bear and Sophia Liam .	* bear ( x _ 0 ) ; love . agent ( x _ 1 , Lily ) AND love . theme ( x _ 1 , x _ 0 ) AND love . agent ( x _ 2 , Sophia ) AND love . theme ( x _ 2 , Liam )	elips_gapping_in_dist
308	A girl admired Ellie and Liam Oliver .	girl ( x _ 0 ) AND admire . agent ( x _ 1 , x _ 0 ) AND admire . theme ( x _ 1 , Ellie ) AND admire . agent ( x _ 2 , Liam ) AND admire . theme ( x _ 2 , Oliver )	elips_gapping_in_dist
309	The girl painted the bird and a sailor Sophia .	* girl ( x _ 0 ) ; * bird ( x _ 1 ) ; sailor ( x _ 2 ) AND paint . agent ( x _ 3 , x _ 0 ) AND paint . theme ( x _ 3 , x _ 1 ) AND paint . agent ( x _ 4 , x _ 2 ) AND paint . theme ( x _ 4 , Sophia )	elips_gapping_in_dist
310	The customer liked Anthony and Emma Liam .	* customer ( x _ 0 ) ; like . agent ( x _ 1 , x _ 0 ) AND like . theme ( x _ 1 , Anthony ) AND like . agent ( x _ 2 , Emma ) AND like . theme ( x _ 2 , Liam )	elips_gapping_in_dist
311	Caleb ate Liam and Lucas a dog .	dog ( x _ 0 ) AND eat . agent ( x _ 1 , Caleb ) AND eat . theme ( x _ 1 , Liam ) AND eat . agent ( x _ 2 , Lucas ) AND eat . theme ( x _ 2 , x _ 0 )	elips_gapping_in_dist
312	The hero poked Sophia and Abigail Emma .	* hero ( x _ 0 ) ; poke . agent ( x _ 1 , x _ 0 ) AND poke . theme ( x _ 1 , Sophia ) AND poke . agent ( x _ 2 , Abigail ) AND poke . theme ( x _ 2 , Emma )	elips_gapping_in_dist
313	The chicken ate Liam and Emma the child .	* chicken ( x _ 0 ) ; * child ( x _ 1 ) ; eat . agent ( x _ 2 , x _ 0 ) AND eat . theme ( x _ 2 , Liam ) AND eat . agent ( x _ 3 , Emma ) AND eat . theme ( x _ 3 , x _ 1 )	elips_gapping_in_dist
314	A girl liked a mouse and the child Noah .	* child ( x _ 2 ) ; girl ( x _ 0 ) AND mouse ( x _ 1 ) AND like . agent ( x _ 3 , x _ 0 ) AND like . theme ( x _ 3 , x _ 1 ) AND like . agent ( x _ 4 , x _ 2 ) AND like . theme ( x _ 4 , Noah )	elips_gapping_in_dist
315	Oliver admired Emma and Amelia a boy .	boy ( x _ 0 ) AND admire . agent ( x _ 1 , Oliver ) AND admire . theme ( x _ 1 , Emma ) AND admire . agent ( x _ 2 , Amelia ) AND admire . theme ( x _ 2 , x _ 0 )	elips_gapping_in_dist
316	Ava ate Emma and Elizabeth a guest .	guest ( x _ 0 ) AND eat . agent ( x _ 1 , Ava ) AND eat . theme ( x _ 1 , Emma ) AND eat . agent ( x _ 2 , Elizabeth ) AND eat . theme ( x _ 2 , x _ 0 )	elips_gapping_in_dist
317	The scientist liked a girl and Noah Emma .	* scientist ( x _ 0 ) ; girl ( x _ 1 ) AND like . agent ( x _ 2 , x _ 0 ) AND like . theme ( x _ 2 , x _ 1 ) AND like . agent ( x _ 3 , Noah ) AND like . theme ( x _ 3 , Emma )	elips_gapping_in_dist
318	A girl ate Leo and the boy Isabella .	* boy ( x _ 1 ) ; girl ( x _ 0 ) AND eat . agent ( x _ 2 , x _ 0 ) AND eat . theme ( x _ 2 , Leo ) AND eat . agent ( x _ 3 , x _ 1 ) AND eat . theme ( x _ 3 , Isabella )	elips_gapping_in_dist
319	Emma painted Harper and the spokesman William .	* spokesman ( x _ 0 ) ; paint . agent ( x _ 1 , Emma ) AND paint . theme ( x _ 1 , Harper ) AND paint . agent ( x _ 2 , x _ 0 ) AND paint . theme ( x _ 2 , William )	elips_gapping_in_dist
320	Logan found a monkey and a director Olivia .	monkey ( x _ 0 ) AND director ( x _ 1 ) AND find . agent ( x _ 2 , Logan ) AND find . theme ( x _ 2 , x _ 0 ) AND find . agent ( x _ 3 , x _ 1 ) AND find . theme ( x _ 3 , Olivia )	elips_gapping_in_dist
321	The boy ate Emma and Sophia William .	* boy ( x _ 0 ) ; eat . agent ( x _ 1 , x _ 0 ) AND eat . theme ( x _ 1 , Emma ) AND eat . agent ( x _ 2 , Sophia ) AND eat . theme ( x _ 2 , William )	elips_gapping_in_dist
322	A coach drew a chicken and Emma Joseph .	coach ( x _ 0 ) AND chicken ( x _ 1 ) AND draw . agent ( x _ 2 , x _ 0 ) AND draw . theme ( x _ 2 , x _ 1 ) AND draw . agent ( x _ 3 , Emma ) AND draw . theme ( x _ 3 , Joseph )	elips_gapping_in_dist
323	The butterfly drew a monkey and the girl the donkey .	* butterfly ( x _ 0 ) ; * girl ( x _ 2 ) ; * donkey ( x _ 3 ) ; monkey ( x _ 1 ) AND draw . agent ( x _ 4 , x _ 0 ) AND draw . theme ( x _ 4 , x _ 1 ) AND draw . agent ( x _ 5 , x _ 2 ) AND draw . theme ( x _ 5 , x _ 3 )	elips_gapping_in_dist
324	Daniel painted a frog and a servant the cat .	* cat ( x _ 2 ) ; frog ( x _ 0 ) AND servant ( x _ 1 ) AND paint . agent ( x _ 3 , Daniel ) AND paint . theme ( x _ 3 , x _ 0 ) AND paint . agent ( x _ 4 , x _ 1 ) AND paint . theme ( x _ 4 , x _ 2 )	elips_gapping_in_dist
325	The cat dusted a visitor and Elijah Mia .	* cat ( x _ 0 ) ; visitor ( x _ 1 ) AND dust . agent ( x _ 2 , x _ 0 ) AND dust . theme ( x _ 2 , x _ 1 ) AND dust . agent ( x _ 3 , Elijah ) AND dust . theme ( x _ 3 , Mia )	elips_gapping_in_dist
326	Emma liked a boy and Camila Ellie .	boy ( x _ 0 ) AND like . agent ( x _ 1 , Emma ) AND like . theme ( x _ 1 , x _ 0 ) AND like . agent ( x _ 2 , Camila ) AND like . theme ( x _ 2 , Ellie )	elips_gapping_in_dist
327	Lucas painted Isabella and Emma a princess .	princess ( x _ 0 ) AND paint . agent ( x _ 1 , Lucas ) AND paint . theme ( x _ 1 , Isabella ) AND paint . agent ( x _ 2 , Emma ) AND paint . theme ( x _ 2 , x _ 0 )	elips_gapping_in_dist
328	The monster cooked Luke and Noah Emma .	* monster ( x _ 0 ) ; cook . agent ( x _ 1 , x _ 0 ) AND cook . theme ( x _ 1 , Luke ) AND cook . agent ( x _ 2 , Noah ) AND cook . theme ( x _ 2 , Emma )	elips_gapping_in_dist
329	A girl ate Emma and a duck the dog .	* dog ( x _ 2 ) ; girl ( x _ 0 ) AND duck ( x _ 1 ) AND eat . agent ( x _ 3 , x _ 0 ) AND eat . theme ( x _ 3 , Emma ) AND eat . agent ( x _ 4 , x _ 1 ) AND eat . theme ( x _ 4 , x _ 2 )	elips_gapping_in_dist
330	Liam drew Emma and the boy a girl .	* boy ( x _ 0 ) ; girl ( x _ 1 ) AND draw . agent ( x _ 2 , Liam ) AND draw . theme ( x _ 2 , Emma ) AND draw . agent ( x _ 3 , x _ 0 ) AND draw . theme ( x _ 3 , x _ 1 )	elips_gapping_in_dist
331	The frog missed Owen and the boy Claire .	* frog ( x _ 0 ) ; * boy ( x _ 1 ) ; miss . agent ( x _ 2 , x _ 0 ) AND miss . theme ( x _ 2 , Owen ) AND miss . agent ( x _ 3 , x _ 1 ) AND miss . theme ( x _ 3 , Claire )	elips_gapping_in_dist
332	William appreciated James and Isaac David .	appreciate . agent ( x _ 0 , William ) AND appreciate . theme ( x _ 0 , James ) AND appreciate . agent ( x _ 1 , Isaac ) AND appreciate . theme ( x _ 1 , David )	elips_gapping_in_dist
333	The girl painted Noah and Emma a cat .	* girl ( x _ 0 ) ; cat ( x _ 1 ) AND paint . agent ( x _ 2 , x _ 0 ) AND paint . theme ( x _ 2 , Noah ) AND paint . agent ( x _ 3 , Emma ) AND paint . theme ( x _ 3 , x _ 1 )	elips_gapping_in_dist
334	Emma hunted the girl and the tenant the giraffe .	* girl ( x _ 0 ) ; * tenant ( x _ 1 ) ; * giraffe ( x _ 2 ) ; hunt . agent ( x _ 3 , Emma ) AND hunt . theme ( x _ 3 , x _ 0 ) AND hunt . agent ( x _ 4 , x _ 1 ) AND hunt . theme ( x _ 4 , x _ 2 )	elips_gapping_in_dist
335	Emma respected a girl and William Liam .	girl ( x _ 0 ) AND respect . agent ( x _ 1 , Emma ) AND respect . theme ( x _ 1 , x _ 0 ) AND respect . agent ( x _ 2 , William ) AND respect . theme ( x _ 2 , Liam )	elips_gapping_in_dist
336	A girl liked a professor and the customer a boy .	* customer ( x _ 2 ) ; girl ( x _ 0 ) AND professor ( x _ 1 ) AND boy ( x _ 3 ) AND like . agent ( x _ 4 , x _ 0 ) AND like . theme ( x _ 4 , x _ 1 ) AND like . agent ( x _ 5 , x _ 2 ) AND like . theme ( x _ 5 , x _ 3 )	elips_gapping_in_dist
337	Liam sketched Olivia and the boy a girl .	* boy ( x _ 0 ) ; girl ( x _ 1 ) AND sketch . agent ( x _ 2 , Liam ) AND sketch . theme ( x _ 2 , Olivia ) AND sketch . agent ( x _ 3 , x _ 0 ) AND sketch . theme ( x _ 3 , x _ 1 )	elips_gapping_in_dist
338	The girl hunted a president and Liam a cat .	* girl ( x _ 0 ) ; president ( x _ 1 ) AND cat ( x _ 2 ) AND hunt . agent ( x _ 3 , x _ 0 ) AND hunt . theme ( x _ 3 , x _ 1 ) AND hunt . agent ( x _ 4 , Liam ) AND hunt . theme ( x _ 4 , x _ 2 )	elips_gapping_in_dist
339	The tiger painted a girl and the cat a boy .	* tiger ( x _ 0 ) ; * cat ( x _ 2 ) ; girl ( x _ 1 ) AND boy ( x _ 3 ) AND paint . agent ( x _ 4 , x _ 0 ) AND paint . theme ( x _ 4 , x _ 1 ) AND paint . agent ( x _ 5 , x _ 2 ) AND paint . theme ( x _ 5 , x _ 3 )	elips_gapping_in_dist
340	Harper nursed a president and a girl Liam .	president ( x _ 0 ) AND girl ( x _ 1 ) AND nurse . agent ( x _ 2 , Harper ) AND nurse . theme ( x _ 2 , x _ 0 ) AND nurse . agent ( x _ 3 , x _ 1 ) AND nurse . theme ( x _ 3 , Liam )	elips_gapping_in_dist
341	Chloe liked Sophia and Emma Jayden .	like . agent ( x _ 0 , Chloe ) AND like . theme ( x _ 0 , Sophia ) AND like . agent ( x _ 1 , Emma ) AND like . theme ( x _ 1 , Jayden )	elips_gapping_in_dist
342	Aurora ate a teacher and Elijah Ava .	teacher ( x _ 0 ) AND eat . agent ( x _ 1 , Aurora ) AND eat . theme ( x _ 1 , x _ 0 ) AND eat . agent ( x _ 2 , Elijah ) AND eat . theme ( x _ 2 , Ava )	elips_gapping_in_dist
343	The consumer drew Theodore and Grayson Logan .	* consumer ( x _ 0 ) ; draw . agent ( x _ 1 , x _ 0 ) AND draw . theme ( x _ 1 , Theodore ) AND draw . agent ( x _ 2 , Grayson ) AND draw . theme ( x _ 2 , Logan )	elips_gapping_in_dist
344	Olivia adored the baby and Isaac Emma .	* baby ( x _ 0 ) ; adore . agent ( x _ 1 , Olivia ) AND adore . theme ( x _ 1 , x _ 0 ) AND adore . agent ( x _ 2 , Isaac ) AND adore . theme ( x _ 2 , Emma )	elips_gapping_in_dist
345	The girl cooked Emma and the frog Luna .	* girl ( x _ 0 ) ; * frog ( x _ 1 ) ; cook . agent ( x _ 2 , x _ 0 ) AND cook . theme ( x _ 2 , Emma ) AND cook . agent ( x _ 3 , x _ 1 ) AND cook . theme ( x _ 3 , Luna )	elips_gapping_in_dist
346	Emma painted a horse and the girl Noah .	* girl ( x _ 1 ) ; horse ( x _ 0 ) AND paint . agent ( x _ 2 , Emma ) AND paint . theme ( x _ 2 , x _ 0 ) AND paint . agent ( x _ 3 , x _ 1 ) AND paint . theme ( x _ 3 , Noah )	elips_gapping_in_dist
347	Amelia liked the dog and a customer Liam .	* dog ( x _ 0 ) ; customer ( x _ 1 ) AND like . agent ( x _ 2 , Amelia ) AND like . theme ( x _ 2 , x _ 0 ) AND like . agent ( x _ 3 , x _ 1 ) AND like . theme ( x _ 3 , Liam )	elips_gapping_in_dist
348	Olivia helped a baby and Harper a cat .	baby ( x _ 0 ) AND cat ( x _ 1 ) AND help . agent ( x _ 2 , Olivia ) AND help . theme ( x _ 2 , x _ 0 ) AND help . agent ( x _ 3 , Harper ) AND help . theme ( x _ 3 , x _ 1 )	elips_gapping_in_dist
349	Mia ate Matthew and Jaxon the girl .	* girl ( x _ 0 ) ; eat . agent ( x _ 1 , Mia ) AND eat . theme ( x _ 1 , Matthew ) AND eat . agent ( x _ 2 , Jaxon ) AND eat . theme ( x _ 2 , x _ 0 )	elips_gapping_in_dist
350	The cat liked Emily and Emma the girl .	* cat ( x _ 0 ) ; * girl ( x _ 1 ) ; like . agent ( x _ 2 , x _ 0 ) AND like . theme ( x _ 2 , Emily ) AND like . agent ( x _ 3 , Emma ) AND like . theme ( x _ 3 , x _ 1 )	elips_gapping_in_dist
351	Owen dusted Ellie and a girl Noah .	girl ( x _ 0 ) AND dust . agent ( x _ 1 , Owen ) AND dust . theme ( x _ 1 , Ellie ) AND dust . agent ( x _ 2 , x _ 0 ) AND dust . theme ( x _ 2 , Noah )	elips_gapping_in_dist
352	Emma ate Aiden and a girl a pupil .	girl ( x _ 0 ) AND pupil ( x _ 1 ) AND eat . agent ( x _ 2 , Emma ) AND eat . theme ( x _ 2 , Aiden ) AND eat . agent ( x _ 3 , x _ 0 ) AND eat . theme ( x _ 3 , x _ 1 )	elips_gapping_in_dist
353	A girl drew the creature and Avery the donkey .	* creature ( x _ 1 ) ; * donkey ( x _ 2 ) ; girl ( x _ 0 ) AND draw . agent ( x _ 3 , x _ 0 ) AND draw . theme ( x _ 3 , x _ 1 ) AND draw . agent ( x _ 4 , Avery ) AND draw . theme ( x _ 4 , x _ 2 )	elips_gapping_in_dist
354	The monkey found the girl and Emma Charlotte .	* monkey ( x _ 0 ) ; * girl ( x _ 1 ) ; find . agent ( x _ 2 , x _ 0 ) AND find . theme ( x _ 2 , x _ 1 ) AND find . agent ( x _ 3 , Emma ) AND find . theme ( x _ 3 , Charlotte )	elips_gapping_in_dist
355	Benjamin poked Noah and a chief the girl .	* girl ( x _ 1 ) ; chief ( x _ 0 ) AND poke . agent ( x _ 2 , Benjamin ) AND poke . theme ( x _ 2 , Noah ) AND poke . agent ( x _ 3 , x _ 0 ) AND poke . theme ( x _ 3 , x _ 1 )	elips_gapping_in_dist
356	Emma liked the sailor and Noah Ava .	* sailor ( x _ 0 ) ; like . agent ( x _ 1 , Emma ) AND like . theme ( x _ 1 , x _ 0 ) AND like . agent ( x _ 2 , Noah ) AND like . theme ( x _ 2 , Ava )	elips_gapping_in_dist
357	A coach cooked a frog and the cat a girl .	* cat ( x _ 2 ) ; coach ( x _ 0 ) AND frog ( x _ 1 ) AND girl ( x _ 3 ) AND cook . agent ( x _ 4 , x _ 0 ) AND cook . theme ( x _ 4 , x _ 1 ) AND cook . agent ( x _ 5 , x _ 2 ) AND cook . theme ( x _ 5 , x _ 3 )	elips_gapping_in_dist
358	A guy found the boy and Noah the cat .	* boy ( x _ 1 ) ; * cat ( x _ 2 ) ; guy ( x _ 0 ) AND find . agent ( x _ 3 , x _ 0 ) AND find . theme ( x _ 3 , x _ 1 ) AND find . agent ( x _ 4 , Noah ) AND find . theme ( x _ 4 , x _ 2 )	elips_gapping_in_dist
359	A penguin liked a girl and a frog Emma .	penguin ( x _ 0 ) AND girl ( x _ 1 ) AND frog ( x _ 2 ) AND like . agent ( x _ 3 , x _ 0 ) AND like . theme ( x _ 3 , x _ 1 ) AND like . agent ( x _ 4 , x _ 2 ) AND like . theme ( x _ 4 , Emma )	elips_gapping_in_dist
360	Sophia cleaned the boy and a girl Emma .	* boy ( x _ 0 ) ; girl ( x _ 1 ) AND clean . agent ( x _ 2 , Sophia ) AND clean . theme ( x _ 2 , x _ 0 ) AND clean . agent ( x _ 3 , x _ 1 ) AND clean . theme ( x _ 3 , Emma )	elips_gapping_in_dist
361	Camila dusted the dog and Noah a captain .	* dog ( x _ 0 ) ; captain ( x _ 1 ) AND dust . agent ( x _ 2 , Camila ) AND dust . theme ( x _ 2 , x _ 0 ) AND dust . agent ( x _ 3 , Noah ) AND dust . theme ( x _ 3 , x _ 1 )	elips_gapping_in_dist
362	Daniel ate Harper and a tiger Emma .	tiger ( x _ 0 ) AND eat . agent ( x _ 1 , Daniel ) AND eat . theme ( x _ 1 , Harper ) AND eat . agent ( x _ 2 , x _ 0 ) AND eat . theme ( x _ 2 , Emma )	elips_gapping_in_dist
363	Liam dusted the dog and the girl Isabella .	* dog ( x _ 0 ) ; * girl ( x _ 1 ) ; dust . agent ( x _ 2 , Liam ) AND dust . theme ( x _ 2 , x _ 0 ) AND dust . agent ( x _ 3 , x _ 1 ) AND dust . theme ( x _ 3 , Isabella )	elips_gapping_in_dist
364	Olivia sketched Emma and the girl Evelyn .	* girl ( x _ 0 ) ; sketch . agent ( x _ 1 , Olivia ) AND sketch . theme ( x _ 1 , Emma ) AND sketch . agent ( x _ 2 , x _ 0 ) AND sketch . theme ( x _ 2 , Evelyn )	elips_gapping_in_dist
365	Ava nursed Liam and the bear Emma .	* bear ( x _ 0 ) ; nurse . agent ( x _ 1 , Ava ) AND nurse . theme ( x _ 1 , Liam ) AND nurse . agent ( x _ 2 , x _ 0 ) AND nurse . theme ( x _ 2 , Emma )	elips_gapping_in_dist
366	A resident appreciated the girl and the director a lawyer .	* girl ( x _ 1 ) ; * director ( x _ 2 ) ; resident ( x _ 0 ) AND lawyer ( x _ 3 ) AND appreciate . agent ( x _ 4 , x _ 0 ) AND appreciate . theme ( x _ 4 , x _ 1 ) AND appreciate . agent ( x _ 5 , x _ 2 ) AND appreciate . theme ( x _ 5 , x _ 3 )	elips_gapping_in_dist
367	Claire adored the girl and Olivia a dog .	* girl ( x _ 0 ) ; dog ( x _ 1 ) AND adore . agent ( x _ 2 , Claire ) AND adore . theme ( x _ 2 , x _ 0 ) AND adore . agent ( x _ 3 , Olivia ) AND adore . theme ( x _ 3 , x _ 1 )	elips_gapping_in_dist
368	Emma cleaned the lamb and Aria Liam .	* lamb ( x _ 0 ) ; clean . agent ( x _ 1 , Emma ) AND clean . theme ( x _ 1 , x _ 0 ) AND clean . agent ( x _ 2 , Aria ) AND clean . theme ( x _ 2 , Liam )	elips_gapping_in_dist
369	Emma painted Liam and a dog the frog .	* frog ( x _ 1 ) ; dog ( x _ 0 ) AND paint . agent ( x _ 2 , Emma ) AND paint . theme ( x _ 2 , Liam ) AND paint . agent ( x _ 3 , x _ 0 ) AND paint . theme ( x _ 3 , x _ 1 )	elips_gapping_in_dist
370	The patient helped the girl and a goose William .	* patient ( x _ 0 ) ; * girl ( x _ 1 ) ; goose ( x _ 2 ) AND help . agent ( x _ 3 , x _ 0 ) AND help . theme ( x _ 3 , x _ 1 ) AND help . agent ( x _ 4 , x _ 2 ) AND help . theme ( x _ 4 , William )	elips_gapping_in_dist
371	A penguin nursed Oliver and the mouse Anthony .	* mouse ( x _ 1 ) ; penguin ( x _ 0 ) AND nurse . agent ( x _ 2 , x _ 0 ) AND nurse . theme ( x _ 2 , Oliver ) AND nurse . agent ( x _ 3 , x _ 1 ) AND nurse . theme ( x _ 3 , Anthony )	elips_gapping_in_dist
372	Emma loved Abigail and Olivia the boy .	* boy ( x _ 0 ) ; love . agent ( x _ 1 , Emma ) AND love . theme ( x _ 1 , Abigail ) AND love . agent ( x _ 2 , Olivia ) AND love . theme ( x _ 2 , x _ 0 )	elips_gapping_in_dist
373	A girl ate Audrey and Liam the monkey .	* monkey ( x _ 1 ) ; girl ( x _ 0 ) AND eat . agent ( x _ 2 , x _ 0 ) AND eat . theme ( x _ 2 , Audrey ) AND eat . agent ( x _ 3 , Liam ) AND eat . theme ( x _ 3 , x _ 1 )	elips_gapping_in_dist
374	Isabella ate Amelia and Avery Nathan .	eat . agent ( x _ 0 , Isabella ) AND eat . theme ( x _ 0 , Amelia ) AND eat . agent ( x _ 1 , Avery ) AND eat . theme ( x _ 1 , Nathan )	elips_gapping_in_dist
375	A penguin admired Noah and the lion Olivia .	* lion ( x _ 1 ) ; penguin ( x _ 0 ) AND admire . agent ( x _ 2 , x _ 0 ) AND admire . theme ( x _ 2 , Noah ) AND admire . agent ( x _ 3 , x _ 1 ) AND admire . theme ( x _ 3 , Olivia )	elips_gapping_in_dist
376	The butterfly admired Emma and the cat Olivia .	* butterfly ( x _ 0 ) ; * cat ( x _ 1 ) ; admire . agent ( x _ 2 , x _ 0 ) AND admire . theme ( x _ 2 , Emma ) AND admire . agent ( x _ 3 , x _ 1 ) AND admire . theme ( x _ 3 , Olivia )	elips_gapping_in_dist
377	Liam hunted a cat and a girl Emma .	cat ( x _ 0 ) AND girl ( x _ 1 ) AND hunt . agent ( x _ 2 , Liam ) AND hunt . theme ( x _ 2 , x _ 0 ) AND hunt . agent ( x _ 3 , x _ 1 ) AND hunt . theme ( x _ 3 , Emma )	elips_gapping_in_dist
378	Andrew dusted Ava and Michael the doctor .	* doctor ( x _ 0 ) ; dust . agent ( x _ 1 , Andrew ) AND dust . theme ( x _ 1 , Ava ) AND dust . agent ( x _ 2 , Michael ) AND dust . theme ( x _ 2 , x _ 0 )	elips_gapping_in_dist
379	Emma poked Liam and Isabella the visitor .	* visitor ( x _ 0 ) ; poke . agent ( x _ 1 , Emma ) AND poke . theme ( x _ 1 , Liam ) AND poke . agent ( x _ 2 , Isabella ) AND poke . theme ( x _ 2 , x _ 0 )	elips_gapping_in_dist
380	The child liked a boy and Ava Emma .	* child ( x _ 0 ) ; boy ( x _ 1 ) AND like . agent ( x _ 2 , x _ 0 ) AND like . theme ( x _ 2 , x _ 1 ) AND like . agent ( x _ 3 , Ava ) AND like . theme ( x _ 3 , Emma )	elips_gapping_in_dist
381	Ava juggled a girl and the baby a student .	* baby ( x _ 1 ) ; girl ( x _ 0 ) AND student ( x _ 2 ) AND juggle . agent ( x _ 3 , Ava ) AND juggle . theme ( x _ 3 , x _ 0 ) AND juggle . agent ( x _ 4 , x _ 1 ) AND juggle . theme ( x _ 4 , x _ 2 )	elips_gapping_in_dist
382	Leah ate Emma and Noah Liam .	eat . agent ( x _ 0 , Leah ) AND eat . theme ( x _ 0 , Emma ) AND eat . agent ( x _ 1 , Noah ) AND eat . theme ( x _ 1 , Liam )	elips_gapping_in_dist
383	Emma helped a girl and the manager Noah .	* manager ( x _ 1 ) ; girl ( x _ 0 ) AND help . agent ( x _ 2 , Emma ) AND help . theme ( x _ 2 , x _ 0 ) AND help . agent ( x _ 3 , x _ 1 ) AND help . theme ( x _ 3 , Noah )	elips_gapping_in_dist
384	Emily ate Liam and Sophia the dog .	* dog ( x _ 0 ) ; eat . agent ( x _ 1 , Emily ) AND eat . theme ( x _ 1 , Liam ) AND eat . agent ( x _ 2 , Sophia ) AND eat . theme ( x _ 2 , x _ 0 )	elips_gapping_in_dist
385	A boy sketched a girl and Jayden Emma .	boy ( x _ 0 ) AND girl ( x _ 1 ) AND sketch . agent ( x _ 2 , x _ 0 ) AND sketch . theme ( x _ 2 , x _ 1 ) AND sketch . agent ( x _ 3 , Jayden ) AND sketch . theme ( x _ 3 , Emma )	elips_gapping_in_dist
386	Sophia ate John and Carter the girl .	* girl ( x _ 0 ) ; eat . agent ( x _ 1 , Sophia ) AND eat . theme ( x _ 1 , John ) AND eat . agent ( x _ 2 , Carter ) AND eat . theme ( x _ 2 , x _ 0 )	elips_gapping_in_dist
387	Ava drew Alexander and a passenger Avery .	passenger ( x _ 0 ) AND draw . agent ( x _ 1 , Ava ) AND draw . theme ( x _ 1 , Alexander ) AND draw . agent ( x _ 2 , x _ 0 ) AND draw . theme ( x _ 2 , Avery )	elips_gapping_in_dist
388	The consumer ate the creature and a baby a girl .	* consumer ( x _ 0 ) ; * creature ( x _ 1 ) ; baby ( x _ 2 ) AND girl ( x _ 3 ) AND eat . agent ( x _ 4 , x _ 0 ) AND eat . theme ( x _ 4 , x _ 1 ) AND eat . agent ( x _ 5 , x _ 2 ) AND eat . theme ( x _ 5 , x _ 3 )	elips_gapping_in_dist
389	A chicken drew Jack and Emma a girl .	chicken ( x _ 0 ) AND girl ( x _ 1 ) AND draw . agent ( x _ 2 , x _ 0 ) AND draw . theme ( x _ 2 , Jack ) AND draw . agent ( x _ 3 , Emma ) AND draw . theme ( x _ 3 , x _ 1 )	elips_gapping_in_dist
390	The horse drew Noah and Emma Stella .	* horse ( x _ 0 ) ; draw . agent ( x _ 1 , x _ 0 ) AND draw . theme ( x _ 1 , Noah ) AND draw . agent ( x _ 2 , Emma ) AND draw . theme ( x _ 2 , Stella )	elips_gapping_in_dist
391	The chicken poked a baby and Emma a girl .	* chicken ( x _ 0 ) ; baby ( x _ 1 ) AND girl ( x _ 2 ) AND poke . agent ( x _ 3 , x _ 0 ) AND poke . theme ( x _ 3 , x _ 1 ) AND poke . agent ( x _ 4 , Emma ) AND poke . theme ( x _ 4 , x _ 2 )	elips_gapping_in_dist
392	Noah loved the champion and Liam Amelia .	* champion ( x _ 0 ) ; love . agent ( x _ 1 , Noah ) AND love . theme ( x _ 1 , x _ 0 ) AND love . agent ( x _ 2 , Liam ) AND love . theme ( x _ 2 , Amelia )	elips_gapping_in_dist
393	A mouse liked Lucas and Emma a butterfly .	mouse ( x _ 0 ) AND butterfly ( x _ 1 ) AND like . agent ( x _ 2 , x _ 0 ) AND like . theme ( x _ 2 , Lucas ) AND like . agent ( x _ 3 , Emma ) AND like . theme ( x _ 3 , x _ 1 )	elips_gapping_in_dist
394	Jackson cooked Benjamin and the fish a child .	* fish ( x _ 0 ) ; child ( x _ 1 ) AND cook . agent ( x _ 2 , Jackson ) AND cook . theme ( x _ 2 , Benjamin ) AND cook . agent ( x _ 3 , x _ 0 ) AND cook . theme ( x _ 3 , x _ 1 )	elips_gapping_in_dist
395	Emma loved the girl and the prince Harper .	* girl ( x _ 0 ) ; * prince ( x _ 1 ) ; love . agent ( x _ 2 , Emma ) AND love . theme ( x _ 2 , x _ 0 ) AND love . agent ( x _ 3 , x _ 1 ) AND love . theme ( x _ 3 , Harper )	elips_gapping_in_dist
396	The director appreciated Emma and a lion a manager .	* director ( x _ 0 ) ; lion ( x _ 1 ) AND manager ( x _ 2 ) AND appreciate . agent ( x _ 3 , x _ 0 ) AND appreciate . theme ( x _ 3 , Emma ) AND appreciate . agent ( x _ 4 , x _ 1 ) AND appreciate . theme ( x _ 4 , x _ 2 )	elips_gapping_in_dist
397	Benjamin drew the monkey and the frog Michael .	* monkey ( x _ 0 ) ; * frog ( x _ 1 ) ; draw . agent ( x _ 2 , Benjamin ) AND draw . theme ( x _ 2 , x _ 0 ) AND draw . agent ( x _ 3 , x _ 1 ) AND draw . theme ( x _ 3 , Michael )	elips_gapping_in_dist
398	Emma cooked a girl and Ava Elijah .	girl ( x _ 0 ) AND cook . agent ( x _ 1 , Emma ) AND cook . theme ( x _ 1 , x _ 0 ) AND cook . agent ( x _ 2 , Ava ) AND cook . theme ( x _ 2 , Elijah )	elips_gapping_in_dist
399	The princess cleaned a duck and Olivia the pony .	* princess ( x _ 0 ) ; * pony ( x _ 2 ) ; duck ( x _ 1 ) AND clean . agent ( x _ 3 , x _ 0 ) AND clean . theme ( x _ 3 , x _ 1 ) AND clean . agent ( x _ 4 , Olivia ) AND clean . theme ( x _ 4 , x _ 2 )	elips_gapping_in_dist
400	Liam ate the girl and Emma Gabriel .	* girl ( x _ 0 ) ; eat . agent ( x _ 1 , Liam ) AND eat . theme ( x _ 1 , x _ 0 ) AND eat . agent ( x _ 2 , Emma ) AND eat . theme ( x _ 2 , Gabriel )	elips_gapping_in_dist
401	The priest ate a pig and the girl Liam .	* priest ( x _ 0 ) ; * girl ( x _ 2 ) ; pig ( x _ 1 ) AND eat . agent ( x _ 3 , x _ 0 ) AND eat . theme ( x _ 3 , x _ 1 ) AND eat . agent ( x _ 4 , x _ 2 ) AND eat . theme ( x _ 4 , Liam )	elips_gapping_in_dist
402	Mila cleaned Emma and Noah Lucas .	clean . agent ( x _ 0 , Mila ) AND clean . theme ( x _ 0 , Emma ) AND clean . agent ( x _ 1 , Noah ) AND clean . theme ( x _ 1 , Lucas )	elips_gapping_in_dist
403	The child helped Charlotte and Noah Oliver .	* child ( x _ 0 ) ; help . agent ( x _ 1 , x _ 0 ) AND help . theme ( x _ 1 , Charlotte ) AND help . agent ( x _ 2 , Noah ) AND help . theme ( x _ 2 , Oliver )	elips_gapping_in_dist
404	Emma found Amelia and a girl Liam .	girl ( x _ 0 ) AND find . agent ( x _ 1 , Emma ) AND find . theme ( x _ 1 , Amelia ) AND find . agent ( x _ 2 , x _ 0 ) AND find . theme ( x _ 2 , Liam )	elips_gapping_in_dist
405	The girl hunted Emma and a bear the lion .	* girl ( x _ 0 ) ; * lion ( x _ 2 ) ; bear ( x _ 1 ) AND hunt . agent ( x _ 3 , x _ 0 ) AND hunt . theme ( x _ 3 , Emma ) AND hunt . agent ( x _ 4 , x _ 1 ) AND hunt . theme ( x _ 4 , x _ 2 )	elips_gapping_in_dist
406	Emma sketched a boy and Noah Liam .	boy ( x _ 0 ) AND sketch . agent ( x _ 1 , Emma ) AND sketch . theme ( x _ 1 , x _ 0 ) AND sketch . agent ( x _ 2 , Noah ) AND sketch . theme ( x _ 2 , Liam )	elips_gapping_in_dist
407	A boy helped a girl and a baby Victoria .	boy ( x _ 0 ) AND girl ( x _ 1 ) AND baby ( x _ 2 ) AND help . agent ( x _ 3 , x _ 0 ) AND help . theme ( x _ 3 , x _ 1 ) AND help . agent ( x _ 4 , x _ 2 ) AND help . theme ( x _ 4 , Victoria )	elips_gapping_in_dist
408	Liam respected the teacher and a scientist Ava .	* teacher ( x _ 0 ) ; scientist ( x _ 1 ) AND respect . agent ( x _ 2 , Liam ) AND respect . theme ( x _ 2 , x _ 0 ) AND respect . agent ( x _ 3 , x _ 1 ) AND respect . theme ( x _ 3 , Ava )	elips_gapping_in_dist
409	The frog juggled Liam and Samuel a girl .	* frog ( x _ 0 ) ; girl ( x _ 1 ) AND juggle . agent ( x _ 2 , x _ 0 ) AND juggle . theme ( x _ 2 , Liam ) AND juggle . agent ( x _ 3 , Samuel ) AND juggle . theme ( x _ 3 , x _ 1 )	elips_gapping_in_dist
410	A frog liked James and a baby Emma .	frog ( x _ 0 ) AND baby ( x _ 1 ) AND like . agent ( x _ 2 , x _ 0 ) AND like . theme ( x _ 2 , James ) AND like . agent ( x _ 3 , x _ 1 ) AND like . theme ( x _ 3 , Emma )	elips_gapping_in_dist
411	The horse liked Carter and the mouse the customer .	* horse ( x _ 0 ) ; * mouse ( x _ 1 ) ; * customer ( x _ 2 ) ; like . agent ( x _ 3 , x _ 0 ) AND like . theme ( x _ 3 , Carter ) AND like . agent ( x _ 4 , x _ 1 ) AND like . theme ( x _ 4 , x _ 2 )	elips_gapping_in_dist
412	Noah missed a bear and Jacob the butterfly .	* butterfly ( x _ 1 ) ; bear ( x _ 0 ) AND miss . agent ( x _ 2 , Noah ) AND miss . theme ( x _ 2 , x _ 0 ) AND miss . agent ( x _ 3 , Jacob ) AND miss . theme ( x _ 3 , x _ 1 )	elips_gapping_in_dist
413	Emma adored the scientist and William the boy .	* scientist ( x _ 0 ) ; * boy ( x _ 1 ) ; adore . agent ( x _ 2 , Emma ) AND adore . theme ( x _ 2 , x _ 0 ) AND adore . agent ( x _ 3 , William ) AND adore . theme ( x _ 3 , x _ 1 )	elips_gapping_in_dist
414	A duck poked a child and a teacher Olivia .	duck ( x _ 0 ) AND child ( x _ 1 ) AND teacher ( x _ 2 ) AND poke . agent ( x _ 3 , x _ 0 ) AND poke . theme ( x _ 3 , x _ 1 ) AND poke . agent ( x _ 4 , x _ 2 ) AND poke . theme ( x _ 4 , Olivia )	elips_gapping_in_dist
415	The boy respected Noah and the child Emma .	* boy ( x _ 0 ) ; * child ( x _ 1 ) ; respect . agent ( x _ 2 , x _ 0 ) AND respect . theme ( x _ 2 , Noah ) AND respect . agent ( x _ 3 , x _ 1 ) AND respect . theme ( x _ 3 , Emma )	elips_gapping_in_dist
416	The child cooked a girl and Lucas Emma .	* child ( x _ 0 ) ; girl ( x _ 1 ) AND cook . agent ( x _ 2 , x _ 0 ) AND cook . theme ( x _ 2 , x _ 1 ) AND cook . agent ( x _ 3 , Lucas ) AND cook . theme ( x _ 3 , Emma )	elips_gapping_in_dist
417	Nora hunted Emma and Anthony Ava .	hunt . agent ( x _ 0 , Nora ) AND hunt . theme ( x _ 0 , Emma ) AND hunt . agent ( x _ 1 , Anthony ) AND hunt . theme ( x _ 1 , Ava )	elips_gapping_in_dist
418	The guard sketched Emma and a boy Liam .	* guard ( x _ 0 ) ; boy ( x _ 1 ) AND sketch . agent ( x _ 2 , x _ 0 ) AND sketch . theme ( x _ 2 , Emma ) AND sketch . agent ( x _ 3 , x _ 1 ) AND sketch . theme ( x _ 3 , Liam )	elips_gapping_in_dist
419	Liam loved the boy and a cat Olivia .	* boy ( x _ 0 ) ; cat ( x _ 1 ) AND love . agent ( x _ 2 , Liam ) AND love . theme ( x _ 2 , x _ 0 ) AND love . agent ( x _ 3 , x _ 1 ) AND love . theme ( x _ 3 , Olivia )	elips_gapping_in_dist
420	Liam sketched a fly and the teacher a dog .	* teacher ( x _ 1 ) ; fly ( x _ 0 ) AND dog ( x _ 2 ) AND sketch . agent ( x _ 3 , Liam ) AND sketch . theme ( x _ 3 , x _ 0 ) AND sketch . agent ( x _ 4 , x _ 1 ) AND sketch . theme ( x _ 4 , x _ 2 )	elips_gapping_in_dist
421	Noah helped a pig and Emma Liam .	pig ( x _ 0 ) AND help . agent ( x _ 1 , Noah ) AND help . theme ( x _ 1 , x _ 0 ) AND help . agent ( x _ 2 , Emma ) AND help . theme ( x _ 2 , Liam )	elips_gapping_in_dist
422	Emma ate Olivia and Abigail a girl .	girl ( x _ 0 ) AND eat . agent ( x _ 1 , Emma ) AND eat . theme ( x _ 1 , Olivia ) AND eat . agent ( x _ 2 , Abigail ) AND eat . theme ( x _ 2 , x _ 0 )	elips_gapping_in_dist
423	Liam drew Olivia and the spokesman a bee .	* spokesman ( x _ 0 ) ; bee ( x _ 1 ) AND draw . agent ( x _ 2 , Liam ) AND draw . theme ( x _ 2 , Olivia ) AND draw . agent ( x _ 3 , x _ 0 ) AND draw . theme ( x _ 3 , x _ 1 )	elips_gapping_in_dist
424	The mouse helped the boy and Liam Mason .	* mouse ( x _ 0 ) ; * boy ( x _ 1 ) ; help . agent ( x _ 2 , x _ 0 ) AND help . theme ( x _ 2 , x _ 1 ) AND help . agent ( x _ 3 , Liam ) AND help . theme ( x _ 3 , Mason )	elips_gapping_in_dist
425	Noah helped a princess and a chicken Emma .	princess ( x _ 0 ) AND chicken ( x _ 1 ) AND help . agent ( x _ 2 , Noah ) AND help . theme ( x _ 2 , x _ 0 ) AND help . agent ( x _ 3 , x _ 1 ) AND help . theme ( x _ 3 , Emma )	elips_gapping_in_dist
426	A boy adored a girl and William the baby .	* baby ( x _ 2 ) ; boy ( x _ 0 ) AND girl ( x _ 1 ) AND adore . agent ( x _ 3 , x _ 0 ) AND adore . theme ( x _ 3 , x _ 1 ) AND adore . agent ( x _ 4 , William ) AND adore . theme ( x _ 4 , x _ 2 )	elips_gapping_in_dist
427	Samuel ate Emma and a president Avery .	president ( x _ 0 ) AND eat . agent ( x _ 1 , Samuel ) AND eat . theme ( x _ 1 , Emma ) AND eat . agent ( x _ 2 , x _ 0 ) AND eat . theme ( x _ 2 , Avery )	elips_gapping_in_dist
428	Liam appreciated a pig and the priest the frog .	* priest ( x _ 1 ) ; * frog ( x _ 2 ) ; pig ( x _ 0 ) AND appreciate . agent ( x _ 3 , Liam ) AND appreciate . theme ( x _ 3 , x _ 0 ) AND appreciate . agent ( x _ 4 , x _ 1 ) AND appreciate . theme ( x _ 4 , x _ 2 )	elips_gapping_in_dist
429	Amelia helped the girl and Avery Charlotte .	* girl ( x _ 0 ) ; help . agent ( x _ 1 , Amelia ) AND help . theme ( x _ 1 , x _ 0 ) AND help . agent ( x _ 2 , Avery ) AND help . theme ( x _ 2 , Charlotte )	elips_gapping_in_dist
430	Riley appreciated Olivia and Isabella a frog .	frog ( x _ 0 ) AND appreciate . agent ( x _ 1 , Riley ) AND appreciate . theme ( x _ 1 , Olivia ) AND appreciate . agent ( x _ 2 , Isabella ) AND appreciate . theme ( x _ 2 , x _ 0 )	elips_gapping_in_dist
431	Isabella admired the girl and the dog Olivia .	* girl ( x _ 0 ) ; * dog ( x _ 1 ) ; admire . agent ( x _ 2 , Isabella ) AND admire . theme ( x _ 2 , x _ 0 ) AND admire . agent ( x _ 3 , x _ 1 ) AND admire . theme ( x _ 3 , Olivia )	elips_gapping_in_dist
432	Liam liked the boy and the cat Emma .	* boy ( x _ 0 ) ; * cat ( x _ 1 ) ; like . agent ( x _ 2 , Liam ) AND like . theme ( x _ 2 , x _ 0 ) AND like . agent ( x _ 3 , x _ 1 ) AND like . theme ( x _ 3 , Emma )	elips_gapping_in_dist
433	The cat ate a boy and Emma Olivia .	* cat ( x _ 0 ) ; boy ( x _ 1 ) AND eat . agent ( x _ 2 , x _ 0 ) AND eat . theme ( x _ 2 , x _ 1 ) AND eat . agent ( x _ 3 , Emma ) AND eat . theme ( x _ 3 , Olivia )	elips_gapping_in_dist
434	Sophia ate Ella and James the boy .	* boy ( x _ 0 ) ; eat . agent ( x _ 1 , Sophia ) AND eat . theme ( x _ 1 , Ella ) AND eat . agent ( x _ 2 , James ) AND eat . theme ( x _ 2 , x _ 0 )	elips_gapping_in_dist
435	Liam ate the dog and a bird the girl .	* dog ( x _ 0 ) ; * girl ( x _ 2 ) ; bird ( x _ 1 ) AND eat . agent ( x _ 3 , Liam ) AND eat . theme ( x _ 3 , x _ 0 ) AND eat . agent ( x _ 4 , x _ 1 ) AND eat . theme ( x _ 4 , x _ 2 )	elips_gapping_in_dist
436	A boy liked a kid and the crocodile Liam .	* crocodile ( x _ 2 ) ; boy ( x _ 0 ) AND kid ( x _ 1 ) AND like . agent ( x _ 3 , x _ 0 ) AND like . theme ( x _ 3 , x _ 1 ) AND like . agent ( x _ 4 , x _ 2 ) AND like . theme ( x _ 4 , Liam )	elips_gapping_in_dist
437	A kitty helped Liam and the baby Jackson .	* baby ( x _ 1 ) ; kitty ( x _ 0 ) AND help . agent ( x _ 2 , x _ 0 ) AND help . theme ( x _ 2 , Liam ) AND help . agent ( x _ 3 , x _ 1 ) AND help . theme ( x _ 3 , Jackson )	elips_gapping_in_dist
438	Noah cooked Benjamin and Emma a mouse .	mouse ( x _ 0 ) AND cook . agent ( x _ 1 , Noah ) AND cook . theme ( x _ 1 , Benjamin ) AND cook . agent ( x _ 2 , Emma ) AND cook . theme ( x _ 2 , x _ 0 )	elips_gapping_in_dist
439	The manager dusted a cat and William the baby .	* manager ( x _ 0 ) ; * baby ( x _ 2 ) ; cat ( x _ 1 ) AND dust . agent ( x _ 3 , x _ 0 ) AND dust . theme ( x _ 3 , x _ 1 ) AND dust . agent ( x _ 4 , William ) AND dust . theme ( x _ 4 , x _ 2 )	elips_gapping_in_dist
440	The penguin cooked Emma and a cat William .	* penguin ( x _ 0 ) ; cat ( x _ 1 ) AND cook . agent ( x _ 2 , x _ 0 ) AND cook . theme ( x _ 2 , Emma ) AND cook . agent ( x _ 3 , x _ 1 ) AND cook . theme ( x _ 3 , William )	elips_gapping_in_dist
441	James loved Oliver and Emma a cat .	cat ( x _ 0 ) AND love . agent ( x _ 1 , James ) AND love . theme ( x _ 1 , Oliver ) AND love . agent ( x _ 2 , Emma ) AND love . theme ( x _ 2 , x _ 0 )	elips_gapping_in_dist
442	Emma ate Isabella and a child the girl .	* girl ( x _ 1 ) ; child ( x _ 0 ) AND eat . agent ( x _ 2 , Emma ) AND eat . theme ( x _ 2 , Isabella ) AND eat . agent ( x _ 3 , x _ 0 ) AND eat . theme ( x _ 3 , x _ 1 )	elips_gapping_in_dist
443	Emma nursed a cat and Olivia William .	cat ( x _ 0 ) AND nurse . agent ( x _ 1 , Emma ) AND nurse . theme ( x _ 1 , x _ 0 ) AND nurse . agent ( x _ 2 , Olivia ) AND nurse . theme ( x _ 2 , William )	elips_gapping_in_dist
444	Liam liked a girl and the child Emma .	* child ( x _ 1 ) ; girl ( x _ 0 ) AND like . agent ( x _ 2 , Liam ) AND like . theme ( x _ 2 , x _ 0 ) AND like . agent ( x _ 3 , x _ 1 ) AND like . theme ( x _ 3 , Emma )	elips_gapping_in_dist
445	The girl painted Ava and Emma Liam .	* girl ( x _ 0 ) ; paint . agent ( x _ 1 , x _ 0 ) AND paint . theme ( x _ 1 , Ava ) AND paint . agent ( x _ 2 , Emma ) AND paint . theme ( x _ 2 , Liam )	elips_gapping_in_dist
446	A horse liked Thomas and Hazel Emma .	horse ( x _ 0 ) AND like . agent ( x _ 1 , x _ 0 ) AND like . theme ( x _ 1 , Thomas ) AND like . agent ( x _ 2 , Hazel ) AND like . theme ( x _ 2 , Emma )	elips_gapping_in_dist
447	The customer painted a fly and Emma Liam .	* customer ( x _ 0 ) ; fly ( x _ 1 ) AND paint . agent ( x _ 2 , x _ 0 ) AND paint . theme ( x _ 2 , x _ 1 ) AND paint . agent ( x _ 3 , Emma ) AND paint . theme ( x _ 3 , Liam )	elips_gapping_in_dist
448	Emma liked the professor and a boy a mouse .	* professor ( x _ 0 ) ; boy ( x _ 1 ) AND mouse ( x _ 2 ) AND like . agent ( x _ 3 , Emma ) AND like . theme ( x _ 3 , x _ 0 ) AND like . agent ( x _ 4 , x _ 1 ) AND like . theme ( x _ 4 , x _ 2 )	elips_gapping_in_dist
449	A cat cleaned James and Emma the girl .	* girl ( x _ 1 ) ; cat ( x _ 0 ) AND clean . agent ( x _ 2 , x _ 0 ) AND clean . theme ( x _ 2 , James ) AND clean . agent ( x _ 3 , Emma ) AND clean . theme ( x _ 3 , x _ 1 )	elips_gapping_in_dist
450	The girl helped Noah and the driver Emma .	* girl ( x _ 0 ) ; * driver ( x _ 1 ) ; help . agent ( x _ 2 , x _ 0 ) AND help . theme ( x _ 2 , Noah ) AND help . agent ( x _ 3 , x _ 1 ) AND help . theme ( x _ 3 , Emma )	elips_gapping_in_dist
451	The guy helped Emma and Charlotte Elizabeth .	* guy ( x _ 0 ) ; help . agent ( x _ 1 , x _ 0 ) AND help . theme ( x _ 1 , Emma ) AND help . agent ( x _ 2 , Charlotte ) AND help . theme ( x _ 2 , Elizabeth )	elips_gapping_in_dist
452	The girl dusted a prisoner and Sofia Emma .	* girl ( x _ 0 ) ; prisoner ( x _ 1 ) AND dust . agent ( x _ 2 , x _ 0 ) AND dust . theme ( x _ 2 , x _ 1 ) AND dust . agent ( x _ 3 , Sofia ) AND dust . theme ( x _ 3 , Emma )	elips_gapping_in_dist
453	A boy ate Emma and the child Olivia .	* child ( x _ 1 ) ; boy ( x _ 0 ) AND eat . agent ( x _ 2 , x _ 0 ) AND eat . theme ( x _ 2 , Emma ) AND eat . agent ( x _ 3 , x _ 1 ) AND eat . theme ( x _ 3 , Olivia )	elips_gapping_in_dist
454	A boy helped Emma and Noah the fish .	* fish ( x _ 1 ) ; boy ( x _ 0 ) AND help . agent ( x _ 2 , x _ 0 ) AND help . theme ( x _ 2 , Emma ) AND help . agent ( x _ 3 , Noah ) AND help . theme ( x _ 3 , x _ 1 )	elips_gapping_in_dist
455	Emma hunted Mia and the girl Lucas .	* girl ( x _ 0 ) ; hunt . agent ( x _ 1 , Emma ) AND hunt . theme ( x _ 1 , Mia ) AND hunt . agent ( x _ 2 , x _ 0 ) AND hunt . theme ( x _ 2 , Lucas )	elips_gapping_in_dist
456	The farmer ate Emma and Olivia a professor .	* farmer ( x _ 0 ) ; professor ( x _ 1 ) AND eat . agent ( x _ 2 , x _ 0 ) AND eat . theme ( x _ 2 , Emma ) AND eat . agent ( x _ 3 , Olivia ) AND eat . theme ( x _ 3 , x _ 1 )	elips_gapping_in_dist
457	Noah helped a girl and Logan Emma .	girl ( x _ 0 ) AND help . agent ( x _ 1 , Noah ) AND help . theme ( x _ 1 , x _ 0 ) AND help . agent ( x _ 2 , Logan ) AND help . theme ( x _ 2 , Emma )	elips_gapping_in_dist
458	Oliver appreciated Emma and Liam the bird .	* bird ( x _ 0 ) ; appreciate . agent ( x _ 1 , Oliver ) AND appreciate . theme ( x _ 1 , Emma ) AND appreciate . agent ( x _ 2 , Liam ) AND appreciate . theme ( x _ 2 , x _ 0 )	elips_gapping_in_dist
459	The bunny hunted the baby and a mother the monster .	* bunny ( x _ 0 ) ; * baby ( x _ 1 ) ; * monster ( x _ 3 ) ; mother ( x _ 2 ) AND hunt . agent ( x _ 4 , x _ 0 ) AND hunt . theme ( x _ 4 , x _ 1 ) AND hunt . agent ( x _ 5 , x _ 2 ) AND hunt . theme ( x _ 5 , x _ 3 )	elips_gapping_in_dist
460	A zebra painted a dog and Natalie a frog .	zebra ( x _ 0 ) AND dog ( x _ 1 ) AND frog ( x _ 2 ) AND paint . agent ( x _ 3 , x _ 0 ) AND paint . theme ( x _ 3 , x _ 1 ) AND paint . agent ( x _ 4 , Natalie ) AND paint . theme ( x _ 4 , x _ 2 )	elips_gapping_in_dist
461	Emma poked the boy and the mouse Liam .	* boy ( x _ 0 ) ; * mouse ( x _ 1 ) ; poke . agent ( x _ 2 , Emma ) AND poke . theme ( x _ 2 , x _ 0 ) AND poke . agent ( x _ 3 , x _ 1 ) AND poke . theme ( x _ 3 , Liam )	elips_gapping_in_dist
462	Ava liked a hen and Emma Elijah .	hen ( x _ 0 ) AND like . agent ( x _ 1 , Ava ) AND like . theme ( x _ 1 , x _ 0 ) AND like . agent ( x _ 2 , Emma ) AND like . theme ( x _ 2 , Elijah )	elips_gapping_in_dist
463	Emma liked Liam and the frog a dog .	* frog ( x _ 0 ) ; dog ( x _ 1 ) AND like . agent ( x _ 2 , Emma ) AND like . theme ( x _ 2 , Liam ) AND like . agent ( x _ 3 , x _ 0 ) AND like . theme ( x _ 3 , x _ 1 )	elips_gapping_in_dist
464	The dog hunted Liam and a teacher Emma .	* dog ( x _ 0 ) ; teacher ( x _ 1 ) AND hunt . agent ( x _ 2 , x _ 0 ) AND hunt . theme ( x _ 2 , Liam ) AND hunt . agent ( x _ 3 , x _ 1 ) AND hunt . theme ( x _ 3 , Emma )	elips_gapping_in_dist
465	Emma ate a duck and Amelia the girl .	* girl ( x _ 1 ) ; duck ( x _ 0 ) AND eat . agent ( x _ 2 , Emma ) AND eat . theme ( x _ 2 , x _ 0 ) AND eat . agent ( x _ 3 , Amelia ) AND eat . theme ( x _ 3 , x _ 1 )	elips_gapping_in_dist
466	A girl ate Liam and a patient Elijah .	girl ( x _ 0 ) AND patient ( x _ 1 ) AND eat . agent ( x _ 2 , x _ 0 ) AND eat . theme ( x _ 2 , Liam ) AND eat . agent ( x _ 3 , x _ 1 ) AND eat . theme ( x _ 3 , Elijah )	elips_gapping_in_dist
467	A bunny found Harper and Liam the kitty .	* kitty ( x _ 1 ) ; bunny ( x _ 0 ) AND find . agent ( x _ 2 , x _ 0 ) AND find . theme ( x _ 2 , Harper ) AND find . agent ( x _ 3 , Liam ) AND find . theme ( x _ 3 , x _ 1 )	elips_gapping_in_dist
468	Noah ate Charlotte and a girl James .	girl ( x _ 0 ) AND eat . agent ( x _ 1 , Noah ) AND eat . theme ( x _ 1 , Charlotte ) AND eat . agent ( x _ 2 , x _ 0 ) AND eat . theme ( x _ 2 , James )	elips_gapping_in_dist
469	Isabella nursed the cat and the boy Emma .	* cat ( x _ 0 ) ; * boy ( x _ 1 ) ; nurse . agent ( x _ 2 , Isabella ) AND nurse . theme ( x _ 2 , x _ 0 ) AND nurse . agent ( x _ 3 , x _ 1 ) AND nurse . theme ( x _ 3 , Emma )	elips_gapping_in_dist
470	The baby liked Addison and the girl a boy .	* baby ( x _ 0 ) ; * girl ( x _ 1 ) ; boy ( x _ 2 ) AND like . agent ( x _ 3 , x _ 0 ) AND like . theme ( x _ 3 , Addison ) AND like . agent ( x _ 4 , x _ 1 ) AND like . theme ( x _ 4 , x _ 2 )	elips_gapping_in_dist
471	The teacher liked Liam and Olivia David .	* teacher ( x _ 0 ) ; like . agent ( x _ 1 , x _ 0 ) AND like . theme ( x _ 1 , Liam ) AND like . agent ( x _ 2 , Olivia ) AND like . theme ( x _ 2 , David )	elips_gapping_in_dist
472	The boy ate the girl and a butterfly Oliver .	* boy ( x _ 0 ) ; * girl ( x _ 1 ) ; butterfly ( x _ 2 ) AND eat . agent ( x _ 3 , x _ 0 ) AND eat . theme ( x _ 3 , x _ 1 ) AND eat . agent ( x _ 4 , x _ 2 ) AND eat . theme ( x _ 4 , Oliver )	elips_gapping_in_dist
473	The cat drew the girl and Olivia the boy .	* cat ( x _ 0 ) ; * girl ( x _ 1 ) ; * boy ( x _ 2 ) ; draw . agent ( x _ 3 , x _ 0 ) AND draw . theme ( x _ 3 , x _ 1 ) AND draw . agent ( x _ 4 , Olivia ) AND draw . theme ( x _ 4 , x _ 2 )	elips_gapping_in_dist
474	A boy liked a girl and James Emma .	boy ( x _ 0 ) AND girl ( x _ 1 ) AND like . agent ( x _ 2 , x _ 0 ) AND like . theme ( x _ 2 , x _ 1 ) AND like . agent ( x _ 3 , James ) AND like . theme ( x _ 3 , Emma )	elips_gapping_in_dist
475	Emma cooked a deer and a cat a boy .	deer ( x _ 0 ) AND cat ( x _ 1 ) AND boy ( x _ 2 ) AND cook . agent ( x _ 3 , Emma ) AND cook . theme ( x _ 3 , x _ 0 ) AND cook . agent ( x _ 4 , x _ 1 ) AND cook . theme ( x _ 4 , x _ 2 )	elips_gapping_in_dist
476	A deer ate Liam and Mila Jacob .	deer ( x _ 0 ) AND eat . agent ( x _ 1 , x _ 0 ) AND eat . theme ( x _ 1 , Liam ) AND eat . agent ( x _ 2 , Mila ) AND eat . theme ( x _ 2 , Jacob )	elips_gapping_in_dist
477	A lawyer cleaned the girl and Chloe the teacher .	* girl ( x _ 1 ) ; * teacher ( x _ 2 ) ; lawyer ( x _ 0 ) AND clean . agent ( x _ 3 , x _ 0 ) AND clean . theme ( x _ 3 , x _ 1 ) AND clean . agent ( x _ 4 , Chloe ) AND clean . theme ( x _ 4 , x _ 2 )	elips_gapping_in_dist
478	Avery cleaned the princess and Olivia Oliver .	* princess ( x _ 0 ) ; clean . agent ( x _ 1 , Avery ) AND clean . theme ( x _ 1 , x _ 0 ) AND clean . agent ( x _ 2 , Olivia ) AND clean . theme ( x _ 2 , Oliver )	elips_gapping_in_dist
479	The baby cooked Olivia and Nathan Emma .	* baby ( x _ 0 ) ; cook . agent ( x _ 1 , x _ 0 ) AND cook . theme ( x _ 1 , Olivia ) AND cook . agent ( x _ 2 , Nathan ) AND cook . theme ( x _ 2 , Emma )	elips_gapping_in_dist
480	A boy admired Eleanor and a prince Emma .	boy ( x _ 0 ) AND prince ( x _ 1 ) AND admire . agent ( x _ 2 , x _ 0 ) AND admire . theme ( x _ 2 , Eleanor ) AND admire . agent ( x _ 3 , x _ 1 ) AND admire . theme ( x _ 3 , Emma )	elips_gapping_in_dist
481	Andrew missed the girl and Noah Aurora .	* girl ( x _ 0 ) ; miss . agent ( x _ 1 , Andrew ) AND miss . theme ( x _ 1 , x _ 0 ) AND miss . agent ( x _ 2 , Noah ) AND miss . theme ( x _ 2 , Aurora )	elips_gapping_in_dist
482	The lion liked Harper and a girl the doctor .	* lion ( x _ 0 ) ; * doctor ( x _ 2 ) ; girl ( x _ 1 ) AND like . agent ( x _ 3 , x _ 0 ) AND like . theme ( x _ 3 , Harper ) AND like . agent ( x _ 4 , x _ 1 ) AND like . theme ( x _ 4 , x _ 2 )	elips_gapping_in_dist
483	A researcher loved a student and a girl Emma .	researcher ( x _ 0 ) AND student ( x _ 1 ) AND girl ( x _ 2 ) AND love . agent ( x _ 3 , x _ 0 ) AND love . theme ( x _ 3 , x _ 1 ) AND love . agent ( x _ 4 , x _ 2 ) AND love . theme ( x _ 4 , Emma )	elips_gapping_in_dist
484	Noah drew Olivia and Claire the cat .	* cat ( x _ 0 ) ; draw . agent ( x _ 1 , Noah ) AND draw . theme ( x _ 1 , Olivia ) AND draw . agent ( x _ 2 , Claire ) AND draw . theme ( x _ 2 , x _ 0 )	elips_gapping_in_dist
485	A human poked a girl and Liam a mouse .	human ( x _ 0 ) AND girl ( x _ 1 ) AND mouse ( x _ 2 ) AND poke . agent ( x _ 3 , x _ 0 ) AND poke . theme ( x _ 3 , x _ 1 ) AND poke . agent ( x _ 4 , Liam ) AND poke . theme ( x _ 4 , x _ 2 )	elips_gapping_in_dist
486	Emma ate Mila and Ava Liam .	eat . agent ( x _ 0 , Emma ) AND eat . theme ( x _ 0 , Mila ) AND eat . agent ( x _ 1 , Ava ) AND eat . theme ( x _ 1 , Liam )	elips_gapping_in_dist
487	Liam painted the bird and a princess Charlotte .	* bird ( x _ 0 ) ; princess ( x _ 1 ) AND paint . agent ( x _ 2 , Liam ) AND paint . theme ( x _ 2 , x _ 0 ) AND paint . agent ( x _ 3 , x _ 1 ) AND paint . theme ( x _ 3 , Charlotte )	elips_gapping_in_dist
488	The boy found Emma and Penelope the citizen .	* boy ( x _ 0 ) ; * citizen ( x _ 1 ) ; find . agent ( x _ 2 , x _ 0 ) AND find . theme ( x _ 2 , Emma ) AND find . agent ( x _ 3 , Penelope ) AND find . theme ( x _ 3 , x _ 1 )	elips_gapping_in_dist
489	Elijah drew Dylan and Daniel the child .	* child ( x _ 0 ) ; draw . agent ( x _ 1 , Elijah ) AND draw . theme ( x _ 1 , Dylan ) AND draw . agent ( x _ 2 , Daniel ) AND draw . theme ( x _ 2 , x _ 0 )	elips_gapping_in_dist
490	Emma ate the chicken and Amelia Lucas .	* chicken ( x _ 0 ) ; eat . agent ( x _ 1 , Emma ) AND eat . theme ( x _ 1 , x _ 0 ) AND eat . agent ( x _ 2 , Amelia ) AND eat . theme ( x _ 2 , Lucas )	elips_gapping_in_dist
491	Emma loved Liam and a girl Charlotte .	girl ( x _ 0 ) AND love . agent ( x _ 1 , Emma ) AND love . theme ( x _ 1 , Liam ) AND love . agent ( x _ 2 , x _ 0 ) AND love . theme ( x _ 2 , Charlotte )	elips_gapping_in_dist
492	Natalie painted Liam and Olivia William .	paint . agent ( x _ 0 , Natalie ) AND paint . theme ( x _ 0 , Liam ) AND paint . agent ( x _ 1 , Olivia ) AND paint . theme ( x _ 1 , William )	elips_gapping_in_dist
493	The boy painted Emma and the dog the customer .	* boy ( x _ 0 ) ; * dog ( x _ 1 ) ; * customer ( x _ 2 ) ; paint . agent ( x _ 3 , x _ 0 ) AND paint . theme ( x _ 3 , Emma ) AND paint . agent ( x _ 4 , x _ 1 ) AND paint . theme ( x _ 4 , x _ 2 )	elips_gapping_in_dist
494	Mateo adored William and Nora the boy .	* boy ( x _ 0 ) ; adore . agent ( x _ 1 , Mateo ) AND adore . theme ( x _ 1 , William ) AND adore . agent ( x _ 2 , Nora ) AND adore . theme ( x _ 2 , x _ 0 )	elips_gapping_in_dist
495	Emma poked a manager and Hannah a dog .	manager ( x _ 0 ) AND dog ( x _ 1 ) AND poke . agent ( x _ 2 , Emma ) AND poke . theme ( x _ 2 , x _ 0 ) AND poke . agent ( x _ 3 , Hannah ) AND poke . theme ( x _ 3 , x _ 1 )	elips_gapping_in_dist
496	A girl helped a boy and Olivia Emma .	girl ( x _ 0 ) AND boy ( x _ 1 ) AND help . agent ( x _ 2 , x _ 0 ) AND help . theme ( x _ 2 , x _ 1 ) AND help . agent ( x _ 3 , Olivia ) AND help . theme ( x _ 3 , Emma )	elips_gapping_in_dist
497	A child found the baby and Audrey a girl .	* baby ( x _ 1 ) ; child ( x _ 0 ) AND girl ( x _ 2 ) AND find . agent ( x _ 3 , x _ 0 ) AND find . theme ( x _ 3 , x _ 1 ) AND find . agent ( x _ 4 , Audrey ) AND find . theme ( x _ 4 , x _ 2 )	elips_gapping_in_dist
498	The boy painted Grace and Mia the tiger .	* boy ( x _ 0 ) ; * tiger ( x _ 1 ) ; paint . agent ( x _ 2 , x _ 0 ) AND paint . theme ( x _ 2 , Grace ) AND paint . agent ( x _ 3 , Mia ) AND paint . theme ( x _ 3 , x _ 1 )	elips_gapping_in_dist
499	William hunted a student and Noah Emma .	student ( x _ 0 ) AND hunt . agent ( x _ 1 , William ) AND hunt . theme ( x _ 1 , x _ 0 ) AND hunt . agent ( x _ 2 , Noah ) AND hunt . theme ( x _ 2 , Emma )	elips_gapping_in_dist
500	Emma cleaned Ava and the girl Aubrey .	* girl ( x _ 0 ) ; clean . agent ( x _ 1 , Emma ) AND clean . theme ( x _ 1 , Ava ) AND clean . agent ( x _ 2 , x _ 0 ) AND clean . theme ( x _ 2 , Aubrey )	elips_gapping_in_dist
501	The cat cooked Emma and a squirrel William .	* cat ( x _ 0 ) ; squirrel ( x _ 1 ) AND cook . agent ( x _ 2 , x _ 0 ) AND cook . theme ( x _ 2 , Emma ) AND cook . agent ( x _ 3 , x _ 1 ) AND cook . theme ( x _ 3 , William )	elips_gapping_in_dist
502	The girl cleaned a sailor and Emma a judge .	* girl ( x _ 0 ) ; sailor ( x _ 1 ) AND judge ( x _ 2 ) AND clean . agent ( x _ 3 , x _ 0 ) AND clean . theme ( x _ 3 , x _ 1 ) AND clean . agent ( x _ 4 , Emma ) AND clean . theme ( x _ 4 , x _ 2 )	elips_gapping_in_dist
503	A boy respected Jack and Emma Logan .	boy ( x _ 0 ) AND respect . agent ( x _ 1 , x _ 0 ) AND respect . theme ( x _ 1 , Jack ) AND respect . agent ( x _ 2 , Emma ) AND respect . theme ( x _ 2 , Logan )	elips_gapping_in_dist
504	The scientist liked Ava and the girl Emma .	* scientist ( x _ 0 ) ; * girl ( x _ 1 ) ; like . agent ( x _ 2 , x _ 0 ) AND like . theme ( x _ 2 , Ava ) AND like . agent ( x _ 3 , x _ 1 ) AND like . theme ( x _ 3 , Emma )	elips_gapping_in_dist
505	Julian ate a girl and the cat Mason .	* cat ( x _ 1 ) ; girl ( x _ 0 ) AND eat . agent ( x _ 2 , Julian ) AND eat . theme ( x _ 2 , x _ 0 ) AND eat . agent ( x _ 3 , x _ 1 ) AND eat . theme ( x _ 3 , Mason )	elips_gapping_in_dist
506	The child missed William and Benjamin the girl .	* child ( x _ 0 ) ; * girl ( x _ 1 ) ; miss . agent ( x _ 2 , x _ 0 ) AND miss . theme ( x _ 2 , William ) AND miss . agent ( x _ 3 , Benjamin ) AND miss . theme ( x _ 3 , x _ 1 )	elips_gapping_in_dist
507	The cat painted Liam and Isabella Emma .	* cat ( x _ 0 ) ; paint . agent ( x _ 1 , x _ 0 ) AND paint . theme ( x _ 1 , Liam ) AND paint . agent ( x _ 2 , Isabella ) AND paint . theme ( x _ 2 , Emma )	elips_gapping_in_dist
508	A girl ate the cat and Liam a boy .	* cat ( x _ 1 ) ; girl ( x _ 0 ) AND boy ( x _ 2 ) AND eat . agent ( x _ 3 , x _ 0 ) AND eat . theme ( x _ 3 , x _ 1 ) AND eat . agent ( x _ 4 , Liam ) AND eat . theme ( x _ 4 , x _ 2 )	elips_gapping_in_dist
509	A frog hunted Sophia and the girl Olivia .	* girl ( x _ 1 ) ; frog ( x _ 0 ) AND hunt . agent ( x _ 2 , x _ 0 ) AND hunt . theme ( x _ 2 , Sophia ) AND hunt . agent ( x _ 3 , x _ 1 ) AND hunt . theme ( x _ 3 , Olivia )	elips_gapping_in_dist
510	Evelyn ate Penelope and Ryan a student .	student ( x _ 0 ) AND eat . agent ( x _ 1 , Evelyn ) AND eat . theme ( x _ 1 , Penelope ) AND eat . agent ( x _ 2 , Ryan ) AND eat . theme ( x _ 2 , x _ 0 )	elips_gapping_in_dist
511	Liam hunted a boy and a cat a girl .	boy ( x _ 0 ) AND cat ( x _ 1 ) AND girl ( x _ 2 ) AND hunt . agent ( x _ 3 , Liam ) AND hunt . theme ( x _ 3 , x _ 0 ) AND hunt . agent ( x _ 4 , x _ 1 ) AND hunt . theme ( x _ 4 , x _ 2 )	elips_gapping_in_dist
512	A scientist nursed Emma and Natalie Olivia .	scientist ( x _ 0 ) AND nurse . agent ( x _ 1 , x _ 0 ) AND nurse . theme ( x _ 1 , Emma ) AND nurse . agent ( x _ 2 , Natalie ) AND nurse . theme ( x _ 2 , Olivia )	elips_gapping_in_dist
513	Noah ate Emma and Mia Amelia .	eat . agent ( x _ 0 , Noah ) AND eat . theme ( x _ 0 , Emma ) AND eat . agent ( x _ 1 , Mia ) AND eat . theme ( x _ 1 , Amelia )	elips_gapping_in_dist
514	The patient liked the teacher and a duck Sophia .	* patient ( x _ 0 ) ; * teacher ( x _ 1 ) ; duck ( x _ 2 ) AND like . agent ( x _ 3 , x _ 0 ) AND like . theme ( x _ 3 , x _ 1 ) AND like . agent ( x _ 4 , x _ 2 ) AND like . theme ( x _ 4 , Sophia )	elips_gapping_in_dist
515	A manager found a cat and the teacher the citizen .	* teacher ( x _ 2 ) ; * citizen ( x _ 3 ) ; manager ( x _ 0 ) AND cat ( x _ 1 ) AND find . agent ( x _ 4 , x _ 0 ) AND find . theme ( x _ 4 , x _ 1 ) AND find . agent ( x _ 5 , x _ 2 ) AND find . theme ( x _ 5 , x _ 3 )	elips_gapping_in_dist
516	Emma missed Michael and a journalist Liam .	journalist ( x _ 0 ) AND miss . agent ( x _ 1 , Emma ) AND miss . theme ( x _ 1 , Michael ) AND miss . agent ( x _ 2 , x _ 0 ) AND miss . theme ( x _ 2 , Liam )	elips_gapping_in_dist
517	A bee ate Liam and Anthony Charlotte .	bee ( x _ 0 ) AND eat . agent ( x _ 1 , x _ 0 ) AND eat . theme ( x _ 1 , Liam ) AND eat . agent ( x _ 2 , Anthony ) AND eat . theme ( x _ 2 , Charlotte )	elips_gapping_in_dist
518	A pupil liked Liam and Harper Amelia .	pupil ( x _ 0 ) AND like . agent ( x _ 1 , x _ 0 ) AND like . theme ( x _ 1 , Liam ) AND like . agent ( x _ 2 , Harper ) AND like . theme ( x _ 2 , Amelia )	elips_gapping_in_dist
519	Emma found Liam and Emily the girl .	* girl ( x _ 0 ) ; find . agent ( x _ 1 , Emma ) AND find . theme ( x _ 1 , Liam ) AND find . agent ( x _ 2 , Emily ) AND find . theme ( x _ 2 , x _ 0 )	elips_gapping_in_dist
520	Olivia hunted the butterfly and the poet the cat .	* butterfly ( x _ 0 ) ; * poet ( x _ 1 ) ; * cat ( x _ 2 ) ; hunt . agent ( x _ 3 , Olivia ) AND hunt . theme ( x _ 3 , x _ 0 ) AND hunt . agent ( x _ 4 , x _ 1 ) AND hunt . theme ( x _ 4 , x _ 2 )	elips_gapping_in_dist
521	Isabella missed a cow and the lawyer the lion .	* lawyer ( x _ 1 ) ; * lion ( x _ 2 ) ; cow ( x _ 0 ) AND miss . agent ( x _ 3 , Isabella ) AND miss . theme ( x _ 3 , x _ 0 ) AND miss . agent ( x _ 4 , x _ 1 ) AND miss . theme ( x _ 4 , x _ 2 )	elips_gapping_in_dist
522	The bird liked Emma and a boy Harper .	* bird ( x _ 0 ) ; boy ( x _ 1 ) AND like . agent ( x _ 2 , x _ 0 ) AND like . theme ( x _ 2 , Emma ) AND like . agent ( x _ 3 , x _ 1 ) AND like . theme ( x _ 3 , Harper )	elips_gapping_in_dist
523	Nora dusted William and a champion the girl .	* girl ( x _ 1 ) ; champion ( x _ 0 ) AND dust . agent ( x _ 2 , Nora ) AND dust . theme ( x _ 2 , William ) AND dust . agent ( x _ 3 , x _ 0 ) AND dust . theme ( x _ 3 , x _ 1 )	elips_gapping_in_dist
524	The child cooked Liam and the cat James .	* child ( x _ 0 ) ; * cat ( x _ 1 ) ; cook . agent ( x _ 2 , x _ 0 ) AND cook . theme ( x _ 2 , Liam ) AND cook . agent ( x _ 3 , x _ 1 ) AND cook . theme ( x _ 3 , James )	elips_gapping_in_dist
525	A butterfly liked Emma and a priest the baby .	* baby ( x _ 2 ) ; butterfly ( x _ 0 ) AND priest ( x _ 1 ) AND like . agent ( x _ 3 , x _ 0 ) AND like . theme ( x _ 3 , Emma ) AND like . agent ( x _ 4 , x _ 1 ) AND like . theme ( x _ 4 , x _ 2 )	elips_gapping_in_dist
526	Bella adored the girl and Emma William .	* girl ( x _ 0 ) ; adore . agent ( x _ 1 , Bella ) AND adore . theme ( x _ 1 , x _ 0 ) AND adore . agent ( x _ 2 , Emma ) AND adore . theme ( x _ 2 , William )	elips_gapping_in_dist
527	The girl adored a boy and a dog Penelope .	* girl ( x _ 0 ) ; boy ( x _ 1 ) AND dog ( x _ 2 ) AND adore . agent ( x _ 3 , x _ 0 ) AND adore . theme ( x _ 3 , x _ 1 ) AND adore . agent ( x _ 4 , x _ 2 ) AND adore . theme ( x _ 4 , Penelope )	elips_gapping_in_dist
528	Theodore ate the girl and Isabella Emma .	* girl ( x _ 0 ) ; eat . agent ( x _ 1 , Theodore ) AND eat . theme ( x _ 1 , x _ 0 ) AND eat . agent ( x _ 2 , Isabella ) AND eat . theme ( x _ 2 , Emma )	elips_gapping_in_dist
529	A kid helped James and Emma the lion .	* lion ( x _ 1 ) ; kid ( x _ 0 ) AND help . agent ( x _ 2 , x _ 0 ) AND help . theme ( x _ 2 , James ) AND help . agent ( x _ 3 , Emma ) AND help . theme ( x _ 3 , x _ 1 )	elips_gapping_in_dist
530	Asher ate Oliver and Charlotte the girl .	* girl ( x _ 0 ) ; eat . agent ( x _ 1 , Asher ) AND eat . theme ( x _ 1 , Oliver ) AND eat . agent ( x _ 2 , Charlotte ) AND eat . theme ( x _ 2 , x _ 0 )	elips_gapping_in_dist
531	A lion missed a girl and the child Mia .	* child ( x _ 2 ) ; lion ( x _ 0 ) AND girl ( x _ 1 ) AND miss . agent ( x _ 3 , x _ 0 ) AND miss . theme ( x _ 3 , x _ 1 ) AND miss . agent ( x _ 4 , x _ 2 ) AND miss . theme ( x _ 4 , Mia )	elips_gapping_in_dist
532	The boy ate a lamb and Emma a girl .	* boy ( x _ 0 ) ; lamb ( x _ 1 ) AND girl ( x _ 2 ) AND eat . agent ( x _ 3 , x _ 0 ) AND eat . theme ( x _ 3 , x _ 1 ) AND eat . agent ( x _ 4 , Emma ) AND eat . theme ( x _ 4 , x _ 2 )	elips_gapping_in_dist
533	Liam ate a journalist and Evelyn Emma .	journalist ( x _ 0 ) AND eat . agent ( x _ 1 , Liam ) AND eat . theme ( x _ 1 , x _ 0 ) AND eat . agent ( x _ 2 , Evelyn ) AND eat . theme ( x _ 2 , Emma )	elips_gapping_in_dist
534	A hen ate Emma and the spokesman a fish .	* spokesman ( x _ 1 ) ; hen ( x _ 0 ) AND fish ( x _ 2 ) AND eat . agent ( x _ 3 , x _ 0 ) AND eat . theme ( x _ 3 , Emma ) AND eat . agent ( x _ 4 , x _ 1 ) AND eat . theme ( x _ 4 , x _ 2 )	elips_gapping_in_dist
535	Liam liked a poet and Emma the girl .	* girl ( x _ 1 ) ; poet ( x _ 0 ) AND like . agent ( x _ 2 , Liam ) AND like . theme ( x _ 2 , x _ 0 ) AND like . agent ( x _ 3 , Emma ) AND like . theme ( x _ 3 , x _ 1 )	elips_gapping_in_dist
536	A boy painted the queen and the monkey Emma .	* queen ( x _ 1 ) ; * monkey ( x _ 2 ) ; boy ( x _ 0 ) AND paint . agent ( x _ 3 , x _ 0 ) AND paint . theme ( x _ 3 , x _ 1 ) AND paint . agent ( x _ 4 , x _ 2 ) AND paint . theme ( x _ 4 , Emma )	elips_gapping_in_dist
537	The frog liked Emma and a dog Daniel .	* frog ( x _ 0 ) ; dog ( x _ 1 ) AND like . agent ( x _ 2 , x _ 0 ) AND like . theme ( x _ 2 , Emma ) AND like . agent ( x _ 3 , x _ 1 ) AND like . theme ( x _ 3 , Daniel )	elips_gapping_in_dist
538	Ava liked Mila and Liam Emma .	like . agent ( x _ 0 , Ava ) AND like . theme ( x _ 0 , Mila ) AND like . agent ( x _ 1 , Liam ) AND like . theme ( x _ 1 , Emma )	elips_gapping_in_dist
539	Wyatt drew a girl and a boy Emma .	girl ( x _ 0 ) AND boy ( x _ 1 ) AND draw . agent ( x _ 2 , Wyatt ) AND draw . theme ( x _ 2 , x _ 0 ) AND draw . agent ( x _ 3 , x _ 1 ) AND draw . theme ( x _ 3 , Emma )	elips_gapping_in_dist
540	A king liked Liam and a bear the kitty .	* kitty ( x _ 2 ) ; king ( x _ 0 ) AND bear ( x _ 1 ) AND like . agent ( x _ 3 , x _ 0 ) AND like . theme ( x _ 3 , Liam ) AND like . agent ( x _ 4 , x _ 1 ) AND like . theme ( x _ 4 , x _ 2 )	elips_gapping_in_dist
541	The king admired a girl and a butterfly Emma .	* king ( x _ 0 ) ; girl ( x _ 1 ) AND butterfly ( x _ 2 ) AND admire . agent ( x _ 3 , x _ 0 ) AND admire . theme ( x _ 3 , x _ 1 ) AND admire . agent ( x _ 4 , x _ 2 ) AND admire . theme ( x _ 4 , Emma )	elips_gapping_in_dist
542	The boy liked Emma and Ava a baby .	* boy ( x _ 0 ) ; baby ( x _ 1 ) AND like . agent ( x _ 2 , x _ 0 ) AND like . theme ( x _ 2 , Emma ) AND like . agent ( x _ 3 , Ava ) AND like . theme ( x _ 3 , x _ 1 )	elips_gapping_in_dist
543	Emma admired Olivia and the girl Sophia .	* girl ( x _ 0 ) ; admire . agent ( x _ 1 , Emma ) AND admire . theme ( x _ 1 , Olivia ) AND admire . agent ( x _ 2 , x _ 0 ) AND admire . theme ( x _ 2 , Sophia )	elips_gapping_in_dist
544	The girl helped Liam and a president a cat .	* girl ( x _ 0 ) ; president ( x _ 1 ) AND cat ( x _ 2 ) AND help . agent ( x _ 3 , x _ 0 ) AND help . theme ( x _ 3 , Liam ) AND help . agent ( x _ 4 , x _ 1 ) AND help . theme ( x _ 4 , x _ 2 )	elips_gapping_in_dist
545	The pig drew a scientist and David Emma .	* pig ( x _ 0 ) ; scientist ( x _ 1 ) AND draw . agent ( x _ 2 , x _ 0 ) AND draw . theme ( x _ 2 , x _ 1 ) AND draw . agent ( x _ 3 , David ) AND draw . theme ( x _ 3 , Emma )	elips_gapping_in_dist
546	Harper ate the kitty and Emma Noah .	* kitty ( x _ 0 ) ; eat . agent ( x _ 1 , Harper ) AND eat . theme ( x _ 1 , x _ 0 ) AND eat . agent ( x _ 2 , Emma ) AND eat . theme ( x _ 2 , Noah )	elips_gapping_in_dist
547	Emma loved the baby and a frog Carter .	* baby ( x _ 0 ) ; frog ( x _ 1 ) AND love . agent ( x _ 2 , Emma ) AND love . theme ( x _ 2 , x _ 0 ) AND love . agent ( x _ 3 , x _ 1 ) AND love . theme ( x _ 3 , Carter )	elips_gapping_in_dist
548	Chloe helped the cat and Emma Sebastian .	* cat ( x _ 0 ) ; help . agent ( x _ 1 , Chloe ) AND help . theme ( x _ 1 , x _ 0 ) AND help . agent ( x _ 2 , Emma ) AND help . theme ( x _ 2 , Sebastian )	elips_gapping_in_dist
549	Ava liked a girl and William a mouse .	girl ( x _ 0 ) AND mouse ( x _ 1 ) AND like . agent ( x _ 2 , Ava ) AND like . theme ( x _ 2 , x _ 0 ) AND like . agent ( x _ 3 , William ) AND like . theme ( x _ 3 , x _ 1 )	elips_gapping_in_dist
550	A boy dusted the child and Aria Isaac .	* child ( x _ 1 ) ; boy ( x _ 0 ) AND dust . agent ( x _ 2 , x _ 0 ) AND dust . theme ( x _ 2 , x _ 1 ) AND dust . agent ( x _ 3 , Aria ) AND dust . theme ( x _ 3 , Isaac )	elips_gapping_in_dist
551	A governor liked a child and the girl Andrew .	* girl ( x _ 2 ) ; governor ( x _ 0 ) AND child ( x _ 1 ) AND like . agent ( x _ 3 , x _ 0 ) AND like . theme ( x _ 3 , x _ 1 ) AND like . agent ( x _ 4 , x _ 2 ) AND like . theme ( x _ 4 , Andrew )	elips_gapping_in_dist
552	Emma sketched a girl and the queen a kitty .	* queen ( x _ 1 ) ; girl ( x _ 0 ) AND kitty ( x _ 2 ) AND sketch . agent ( x _ 3 , Emma ) AND sketch . theme ( x _ 3 , x _ 0 ) AND sketch . agent ( x _ 4 , x _ 1 ) AND sketch . theme ( x _ 4 , x _ 2 )	elips_gapping_in_dist
553	Olivia hunted a manager and the girl the baby .	* girl ( x _ 1 ) ; * baby ( x _ 2 ) ; manager ( x _ 0 ) AND hunt . agent ( x _ 3 , Olivia ) AND hunt . theme ( x _ 3 , x _ 0 ) AND hunt . agent ( x _ 4 , x _ 1 ) AND hunt . theme ( x _ 4 , x _ 2 )	elips_gapping_in_dist
554	The child liked Claire and Jaxon Emma .	* child ( x _ 0 ) ; like . agent ( x _ 1 , x _ 0 ) AND like . theme ( x _ 1 , Claire ) AND like . agent ( x _ 2 , Jaxon ) AND like . theme ( x _ 2 , Emma )	elips_gapping_in_dist
555	Leah ate the girl and a child the sheep .	* girl ( x _ 0 ) ; * sheep ( x _ 2 ) ; child ( x _ 1 ) AND eat . agent ( x _ 3 , Leah ) AND eat . theme ( x _ 3 , x _ 0 ) AND eat . agent ( x _ 4 , x _ 1 ) AND eat . theme ( x _ 4 , x _ 2 )	elips_gapping_in_dist
556	William ate the cat and a girl a customer .	* cat ( x _ 0 ) ; girl ( x _ 1 ) AND customer ( x _ 2 ) AND eat . agent ( x _ 3 , William ) AND eat . theme ( x _ 3 , x _ 0 ) AND eat . agent ( x _ 4 , x _ 1 ) AND eat . theme ( x _ 4 , x _ 2 )	elips_gapping_in_dist
557	Ava helped Emma and the bee the girl .	* bee ( x _ 0 ) ; * girl ( x _ 1 ) ; help . agent ( x _ 2 , Ava ) AND help . theme ( x _ 2 , Emma ) AND help . agent ( x _ 3 , x _ 0 ) AND help . theme ( x _ 3 , x _ 1 )	elips_gapping_in_dist
558	The bunny found Brooklyn and a dog a chicken .	* bunny ( x _ 0 ) ; dog ( x _ 1 ) AND chicken ( x _ 2 ) AND find . agent ( x _ 3 , x _ 0 ) AND find . theme ( x _ 3 , Brooklyn ) AND find . agent ( x _ 4 , x _ 1 ) AND find . theme ( x _ 4 , x _ 2 )	elips_gapping_in_dist
559	The pig cleaned Lily and Emma a girl .	* pig ( x _ 0 ) ; girl ( x _ 1 ) AND clean . agent ( x _ 2 , x _ 0 ) AND clean . theme ( x _ 2 , Lily ) AND clean . agent ( x _ 3 , Emma ) AND clean . theme ( x _ 3 , x _ 1 )	elips_gapping_in_dist
560	A child helped the horse and Emma a puppy .	* horse ( x _ 1 ) ; child ( x _ 0 ) AND puppy ( x _ 2 ) AND help . agent ( x _ 3 , x _ 0 ) AND help . theme ( x _ 3 , x _ 1 ) AND help . agent ( x _ 4 , Emma ) AND help . theme ( x _ 4 , x _ 2 )	elips_gapping_in_dist
561	William helped a sailor and Benjamin Noah .	sailor ( x _ 0 ) AND help . agent ( x _ 1 , William ) AND help . theme ( x _ 1 , x _ 0 ) AND help . agent ( x _ 2 , Benjamin ) AND help . theme ( x _ 2 , Noah )	elips_gapping_in_dist
562	The dog ate Olivia and the boy Emma .	* dog ( x _ 0 ) ; * boy ( x _ 1 ) ; eat . agent ( x _ 2 , x _ 0 ) AND eat . theme ( x _ 2 , Olivia ) AND eat . agent ( x _ 3 , x _ 1 ) AND eat . theme ( x _ 3 , Emma )	elips_gapping_in_dist
563	Olivia cooked the boy and Mila a girl .	* boy ( x _ 0 ) ; girl ( x _ 1 ) AND cook . agent ( x _ 2 , Olivia ) AND cook . theme ( x _ 2 , x _ 0 ) AND cook . agent ( x _ 3 , Mila ) AND cook . theme ( x _ 3 , x _ 1 )	elips_gapping_in_dist
564	Ava liked the poet and Elijah Isabella .	* poet ( x _ 0 ) ; like . agent ( x _ 1 , Ava ) AND like . theme ( x _ 1 , x _ 0 ) AND like . agent ( x _ 2 , Elijah ) AND like . theme ( x _ 2 , Isabella )	elips_gapping_in_dist
565	Grace drew the cat and Harper the girl .	* cat ( x _ 0 ) ; * girl ( x _ 1 ) ; draw . agent ( x _ 2 , Grace ) AND draw . theme ( x _ 2 , x _ 0 ) AND draw . agent ( x _ 3 , Harper ) AND draw . theme ( x _ 3 , x _ 1 )	elips_gapping_in_dist
566	The girl liked a lion and Emma Matthew .	* girl ( x _ 0 ) ; lion ( x _ 1 ) AND like . agent ( x _ 2 , x _ 0 ) AND like . theme ( x _ 2 , x _ 1 ) AND like . agent ( x _ 3 , Emma ) AND like . theme ( x _ 3 , Matthew )	elips_gapping_in_dist
567	A chief poked a baby and a wolf Olivia .	chief ( x _ 0 ) AND baby ( x _ 1 ) AND wolf ( x _ 2 ) AND poke . agent ( x _ 3 , x _ 0 ) AND poke . theme ( x _ 3 , x _ 1 ) AND poke . agent ( x _ 4 , x _ 2 ) AND poke . theme ( x _ 4 , Olivia )	elips_gapping_in_dist
568	The professor liked a princess and Oliver the horse .	* professor ( x _ 0 ) ; * horse ( x _ 2 ) ; princess ( x _ 1 ) AND like . agent ( x _ 3 , x _ 0 ) AND like . theme ( x _ 3 , x _ 1 ) AND like . agent ( x _ 4 , Oliver ) AND like . theme ( x _ 4 , x _ 2 )	elips_gapping_in_dist
569	Emma cleaned Ava and a dog the pig .	* pig ( x _ 1 ) ; dog ( x _ 0 ) AND clean . agent ( x _ 2 , Emma ) AND clean . theme ( x _ 2 , Ava ) AND clean . agent ( x _ 3 , x _ 0 ) AND clean . theme ( x _ 3 , x _ 1 )	elips_gapping_in_dist
570	The boy helped Emma and the kid a girl .	* boy ( x _ 0 ) ; * kid ( x _ 1 ) ; girl ( x _ 2 ) AND help . agent ( x _ 3 , x _ 0 ) AND help . theme ( x _ 3 , Emma ) AND help . agent ( x _ 4 , x _ 1 ) AND help . theme ( x _ 4 , x _ 2 )	elips_gapping_in_dist
571	A girl liked the pony and Ella Emma .	* pony ( x _ 1 ) ; girl ( x _ 0 ) AND like . agent ( x _ 2 , x _ 0 ) AND like . theme ( x _ 2 , x _ 1 ) AND like . agent ( x _ 3 , Ella ) AND like . theme ( x _ 3 , Emma )	elips_gapping_in_dist
572	A girl drew Emma and Olivia the customer .	* customer ( x _ 1 ) ; girl ( x _ 0 ) AND draw . agent ( x _ 2 , x _ 0 ) AND draw . theme ( x _ 2 , Emma ) AND draw . agent ( x _ 3 , Olivia ) AND draw . theme ( x _ 3 , x _ 1 )	elips_gapping_in_dist
573	The boy liked the girl and Noah a chicken .	* boy ( x _ 0 ) ; * girl ( x _ 1 ) ; chicken ( x _ 2 ) AND like . agent ( x _ 3 , x _ 0 ) AND like . theme ( x _ 3 , x _ 1 ) AND like . agent ( x _ 4 , Noah ) AND like . theme ( x _ 4 , x _ 2 )	elips_gapping_in_dist
574	A tenant ate a cat and a boy a kitty .	tenant ( x _ 0 ) AND cat ( x _ 1 ) AND boy ( x _ 2 ) AND kitty ( x _ 3 ) AND eat . agent ( x _ 4 , x _ 0 ) AND eat . theme ( x _ 4 , x _ 1 ) AND eat . agent ( x _ 5 , x _ 2 ) AND eat . theme ( x _ 5 , x _ 3 )	elips_gapping_in_dist
575	The girl respected Benjamin and a teacher Liam .	* girl ( x _ 0 ) ; teacher ( x _ 1 ) AND respect . agent ( x _ 2 , x _ 0 ) AND respect . theme ( x _ 2 , Benjamin ) AND respect . agent ( x _ 3 , x _ 1 ) AND respect . theme ( x _ 3 , Liam )	elips_gapping_in_dist
576	Emma ate William and the mouse Sophia .	* mouse ( x _ 0 ) ; eat . agent ( x _ 1 , Emma ) AND eat . theme ( x _ 1 , William ) AND eat . agent ( x _ 2 , x _ 0 ) AND eat . theme ( x _ 2 , Sophia )	elips_gapping_in_dist
577	A girl loved Emma and Henry Owen .	girl ( x _ 0 ) AND love . agent ( x _ 1 , x _ 0 ) AND love . theme ( x _ 1 , Emma ) AND love . agent ( x _ 2 , Henry ) AND love . theme ( x _ 2 , Owen )	elips_gapping_in_dist
578	Olivia helped Liam and the girl James .	* girl ( x _ 0 ) ; help . agent ( x _ 1 , Olivia ) AND help . theme ( x _ 1 , Liam ) AND help . agent ( x _ 2 , x _ 0 ) AND help . theme ( x _ 2 , James )	elips_gapping_in_dist
579	The girl found the chicken and a dog a wolf .	* girl ( x _ 0 ) ; * chicken ( x _ 1 ) ; dog ( x _ 2 ) AND wolf ( x _ 3 ) AND find . agent ( x _ 4 , x _ 0 ) AND find . theme ( x _ 4 , x _ 1 ) AND find . agent ( x _ 5 , x _ 2 ) AND find . theme ( x _ 5 , x _ 3 )	elips_gapping_in_dist
580	A writer ate Emma and the girl a boy .	* girl ( x _ 1 ) ; writer ( x _ 0 ) AND boy ( x _ 2 ) AND eat . agent ( x _ 3 , x _ 0 ) AND eat . theme ( x _ 3 , Emma ) AND eat . agent ( x _ 4 , x _ 1 ) AND eat . theme ( x _ 4 , x _ 2 )	elips_gapping_in_dist
581	Noah drew the girl and a frog Harper .	* girl ( x _ 0 ) ; frog ( x _ 1 ) AND draw . agent ( x _ 2 , Noah ) AND draw . theme ( x _ 2 , x _ 0 ) AND draw . agent ( x _ 3 , x _ 1 ) AND draw . theme ( x _ 3 , Harper )	elips_gapping_in_dist
582	Henry ate a girl and Sophia Emma .	girl ( x _ 0 ) AND eat . agent ( x _ 1 , Henry ) AND eat . theme ( x _ 1 , x _ 0 ) AND eat . agent ( x _ 2 , Sophia ) AND eat . theme ( x _ 2 , Emma )	elips_gapping_in_dist
583	Emma adored the sailor and William the cat .	* sailor ( x _ 0 ) ; * cat ( x _ 1 ) ; adore . agent ( x _ 2 , Emma ) AND adore . theme ( x _ 2 , x _ 0 ) AND adore . agent ( x _ 3 , William ) AND adore . theme ( x _ 3 , x _ 1 )	elips_gapping_in_dist
584	The cat ate a boy and the girl Noah .	* cat ( x _ 0 ) ; * girl ( x _ 2 ) ; boy ( x _ 1 ) AND eat . agent ( x _ 3 , x _ 0 ) AND eat . theme ( x _ 3 , x _ 1 ) AND eat . agent ( x _ 4 , x _ 2 ) AND eat . theme ( x _ 4 , Noah )	elips_gapping_in_dist
585	The farmer helped the squirrel and a girl Liam .	* farmer ( x _ 0 ) ; * squirrel ( x _ 1 ) ; girl ( x _ 2 ) AND help . agent ( x _ 3 , x _ 0 ) AND help . theme ( x _ 3 , x _ 1 ) AND help . agent ( x _ 4 , x _ 2 ) AND help . theme ( x _ 4 , Liam )	elips_gapping_in_dist
586	Olivia missed Sophia and Emma a girl .	girl ( x _ 0 ) AND miss . agent ( x _ 1 , Olivia ) AND miss . theme ( x _ 1 , Sophia ) AND miss . agent ( x _ 2 , Emma ) AND miss . theme ( x _ 2 , x _ 0 )	elips_gapping_in_dist
587	A baby liked a chicken and Logan Chloe .	baby ( x _ 0 ) AND chicken ( x _ 1 ) AND like . agent ( x _ 2 , x _ 0 ) AND like . theme ( x _ 2 , x _ 1 ) AND like . agent ( x _ 3 , Logan ) AND like . theme ( x _ 3 , Chloe )	elips_gapping_in_dist
588	The mother cooked a teacher and a sheep a dog .	* mother ( x _ 0 ) ; teacher ( x _ 1 ) AND sheep ( x _ 2 ) AND dog ( x _ 3 ) AND cook . agent ( x _ 4 , x _ 0 ) AND cook . theme ( x _ 4 , x _ 1 ) AND cook . agent ( x _ 5 , x _ 2 ) AND cook . theme ( x _ 5 , x _ 3 )	elips_gapping_in_dist
589	The cat helped a dog and Olivia Isabella .	* cat ( x _ 0 ) ; dog ( x _ 1 ) AND help . agent ( x _ 2 , x _ 0 ) AND help . theme ( x _ 2 , x _ 1 ) AND help . agent ( x _ 3 , Olivia ) AND help . theme ( x _ 3 , Isabella )	elips_gapping_in_dist
590	The student helped a baby and Oliver a girl .	* student ( x _ 0 ) ; baby ( x _ 1 ) AND girl ( x _ 2 ) AND help . agent ( x _ 3 , x _ 0 ) AND help . theme ( x _ 3 , x _ 1 ) AND help . agent ( x _ 4 , Oliver ) AND help . theme ( x _ 4 , x _ 2 )	elips_gapping_in_dist
591	Emma helped Liam and William Abigail .	help . agent ( x _ 0 , Emma ) AND help . theme ( x _ 0 , Liam ) AND help . agent ( x _ 1 , William ) AND help . theme ( x _ 1 , Abigail )	elips_gapping_in_dist
592	Benjamin liked Olivia and the child Julian .	* child ( x _ 0 ) ; like . agent ( x _ 1 , Benjamin ) AND like . theme ( x _ 1 , Olivia ) AND like . agent ( x _ 2 , x _ 0 ) AND like . theme ( x _ 2 , Julian )	elips_gapping_in_dist
593	Noah liked the boy and a bird a girl .	* boy ( x _ 0 ) ; bird ( x _ 1 ) AND girl ( x _ 2 ) AND like . agent ( x _ 3 , Noah ) AND like . theme ( x _ 3 , x _ 0 ) AND like . agent ( x _ 4 , x _ 1 ) AND like . theme ( x _ 4 , x _ 2 )	elips_gapping_in_dist
594	William drew a girl and the penguin a child .	* penguin ( x _ 1 ) ; girl ( x _ 0 ) AND child ( x _ 2 ) AND draw . agent ( x _ 3 , William ) AND draw . theme ( x _ 3 , x _ 0 ) AND draw . agent ( x _ 4 , x _ 1 ) AND draw . theme ( x _ 4 , x _ 2 )	elips_gapping_in_dist
595	Emma adored the girl and the boy Noah .	* girl ( x _ 0 ) ; * boy ( x _ 1 ) ; adore . agent ( x _ 2 , Emma ) AND adore . theme ( x _ 2 , x _ 0 ) AND adore . agent ( x _ 3 , x _ 1 ) AND adore . theme ( x _ 3 , Noah )	elips_gapping_in_dist
596	Emma loved a boy and a dog Liam .	boy ( x _ 0 ) AND dog ( x _ 1 ) AND love . agent ( x _ 2 , Emma ) AND love . theme ( x _ 2 , x _ 0 ) AND love . agent ( x _ 3 , x _ 1 ) AND love . theme ( x _ 3 , Liam )	elips_gapping_in_dist
597	A monkey missed Emma and Eleanor the cat .	* cat ( x _ 1 ) ; monkey ( x _ 0 ) AND miss . agent ( x _ 2 , x _ 0 ) AND miss . theme ( x _ 2 , Emma ) AND miss . agent ( x _ 3 , Eleanor ) AND miss . theme ( x _ 3 , x _ 1 )	elips_gapping_in_dist
598	A baby loved Liam and the girl Joshua .	* girl ( x _ 1 ) ; baby ( x _ 0 ) AND love . agent ( x _ 2 , x _ 0 ) AND love . theme ( x _ 2 , Liam ) AND love . agent ( x _ 3 , x _ 1 ) AND love . theme ( x _ 3 , Joshua )	elips_gapping_in_dist
599	A girl sketched Amelia and Riley Olivia .	girl ( x _ 0 ) AND sketch . agent ( x _ 1 , x _ 0 ) AND sketch . theme ( x _ 1 , Amelia ) AND sketch . agent ( x _ 2 , Riley ) AND sketch . theme ( x _ 2 , Olivia )	elips_gapping_in_dist
600	Harper cleaned Liam and Emma the girl .	* girl ( x _ 0 ) ; clean . agent ( x _ 1 , Harper ) AND clean . theme ( x _ 1 , Liam ) AND clean . agent ( x _ 2 , Emma ) AND clean . theme ( x _ 2 , x _ 0 )	elips_gapping_in_dist
601	A dog ate a duck and a girl the horse .	* horse ( x _ 3 ) ; dog ( x _ 0 ) AND duck ( x _ 1 ) AND girl ( x _ 2 ) AND eat . agent ( x _ 4 , x _ 0 ) AND eat . theme ( x _ 4 , x _ 1 ) AND eat . agent ( x _ 5 , x _ 2 ) AND eat . theme ( x _ 5 , x _ 3 )	elips_gapping_in_dist
602	A girl sketched Liam and a boy Noah .	girl ( x _ 0 ) AND boy ( x _ 1 ) AND sketch . agent ( x _ 2 , x _ 0 ) AND sketch . theme ( x _ 2 , Liam ) AND sketch . agent ( x _ 3 , x _ 1 ) AND sketch . theme ( x _ 3 , Noah )	elips_gapping_in_dist
603	James ate a professor and Charlotte Olivia .	professor ( x _ 0 ) AND eat . agent ( x _ 1 , James ) AND eat . theme ( x _ 1 , x _ 0 ) AND eat . agent ( x _ 2 , Charlotte ) AND eat . theme ( x _ 2 , Olivia )	elips_gapping_in_dist
604	Benjamin cleaned a girl and Emma a boy .	girl ( x _ 0 ) AND boy ( x _ 1 ) AND clean . agent ( x _ 2 , Benjamin ) AND clean . theme ( x _ 2 , x _ 0 ) AND clean . agent ( x _ 3 , Emma ) AND clean . theme ( x _ 3 , x _ 1 )	elips_gapping_in_dist
605	Mia ate Emma and Sophia Evelyn .	eat . agent ( x _ 0 , Mia ) AND eat . theme ( x _ 0 , Emma ) AND eat . agent ( x _ 1 , Sophia ) AND eat . theme ( x _ 1 , Evelyn )	elips_gapping_in_dist
606	Liam liked Olivia and a girl the prisoner .	* prisoner ( x _ 1 ) ; girl ( x _ 0 ) AND like . agent ( x _ 2 , Liam ) AND like . theme ( x _ 2 , Olivia ) AND like . agent ( x _ 3 , x _ 0 ) AND like . theme ( x _ 3 , x _ 1 )	elips_gapping_in_dist
607	A kid cooked a monkey and the boy a captain .	* boy ( x _ 2 ) ; kid ( x _ 0 ) AND monkey ( x _ 1 ) AND captain ( x _ 3 ) AND cook . agent ( x _ 4 , x _ 0 ) AND cook . theme ( x _ 4 , x _ 1 ) AND cook . agent ( x _ 5 , x _ 2 ) AND cook . theme ( x _ 5 , x _ 3 )	elips_gapping_in_dist
608	Ava adored the cat and Emma the boy .	* cat ( x _ 0 ) ; * boy ( x _ 1 ) ; adore . agent ( x _ 2 , Ava ) AND adore . theme ( x _ 2 , x _ 0 ) AND adore . agent ( x _ 3 , Emma ) AND adore . theme ( x _ 3 , x _ 1 )	elips_gapping_in_dist
609	Liam liked the squirrel and the baby Emma .	* squirrel ( x _ 0 ) ; * baby ( x _ 1 ) ; like . agent ( x _ 2 , Liam ) AND like . theme ( x _ 2 , x _ 0 ) AND like . agent ( x _ 3 , x _ 1 ) AND like . theme ( x _ 3 , Emma )	elips_gapping_in_dist
610	The cat adored a teacher and a sheep a girl .	* cat ( x _ 0 ) ; teacher ( x _ 1 ) AND sheep ( x _ 2 ) AND girl ( x _ 3 ) AND adore . agent ( x _ 4 , x _ 0 ) AND adore . theme ( x _ 4 , x _ 1 ) AND adore . agent ( x _ 5 , x _ 2 ) AND adore . theme ( x _ 5 , x _ 3 )	elips_gapping_in_dist
611	Ava juggled Dylan and Olivia a boy .	boy ( x _ 0 ) AND juggle . agent ( x _ 1 , Ava ) AND juggle . theme ( x _ 1 , Dylan ) AND juggle . agent ( x _ 2 , Olivia ) AND juggle . theme ( x _ 2 , x _ 0 )	elips_gapping_in_dist
612	The girl ate the boy and the child Ava .	* girl ( x _ 0 ) ; * boy ( x _ 1 ) ; * child ( x _ 2 ) ; eat . agent ( x _ 3 , x _ 0 ) AND eat . theme ( x _ 3 , x _ 1 ) AND eat . agent ( x _ 4 , x _ 2 ) AND eat . theme ( x _ 4 , Ava )	elips_gapping_in_dist
613	Emma cleaned the butterfly and a penguin a manager .	* butterfly ( x _ 0 ) ; penguin ( x _ 1 ) AND manager ( x _ 2 ) AND clean . agent ( x _ 3 , Emma ) AND clean . theme ( x _ 3 , x _ 0 ) AND clean . agent ( x _ 4 , x _ 1 ) AND clean . theme ( x _ 4 , x _ 2 )	elips_gapping_in_dist
614	A governor respected Noah and the girl Chloe .	* girl ( x _ 1 ) ; governor ( x _ 0 ) AND respect . agent ( x _ 2 , x _ 0 ) AND respect . theme ( x _ 2 , Noah ) AND respect . agent ( x _ 3 , x _ 1 ) AND respect . theme ( x _ 3 , Chloe )	elips_gapping_in_dist
615	The dog helped the girl and a president the cat .	* dog ( x _ 0 ) ; * girl ( x _ 1 ) ; * cat ( x _ 3 ) ; president ( x _ 2 ) AND help . agent ( x _ 4 , x _ 0 ) AND help . theme ( x _ 4 , x _ 1 ) AND help . agent ( x _ 5 , x _ 2 ) AND help . theme ( x _ 5 , x _ 3 )	elips_gapping_in_dist
616	A lion liked a cat and the monster Joseph .	* monster ( x _ 2 ) ; lion ( x _ 0 ) AND cat ( x _ 1 ) AND like . agent ( x _ 3 , x _ 0 ) AND like . theme ( x _ 3 , x _ 1 ) AND like . agent ( x _ 4 , x _ 2 ) AND like . theme ( x _ 4 , Joseph )	elips_gapping_in_dist
617	Ava admired a girl and Andrew Matthew .	girl ( x _ 0 ) AND admire . agent ( x _ 1 , Ava ) AND admire . theme ( x _ 1 , x _ 0 ) AND admire . agent ( x _ 2 , Andrew ) AND admire . theme ( x _ 2 , Matthew )	elips_gapping_in_dist
618	A duck hunted Evelyn and the girl Emma .	* girl ( x _ 1 ) ; duck ( x _ 0 ) AND hunt . agent ( x _ 2 , x _ 0 ) AND hunt . theme ( x _ 2 , Evelyn ) AND hunt . agent ( x _ 3 , x _ 1 ) AND hunt . theme ( x _ 3 , Emma )	elips_gapping_in_dist
619	Olivia liked Emma and Ava a bear .	bear ( x _ 0 ) AND like . agent ( x _ 1 , Olivia ) AND like . theme ( x _ 1 , Emma ) AND like . agent ( x _ 2 , Ava ) AND like . theme ( x _ 2 , x _ 0 )	elips_gapping_in_dist
620	Samuel helped Emma and Joseph the girl .	* girl ( x _ 0 ) ; help . agent ( x _ 1 , Samuel ) AND help . theme ( x _ 1 , Emma ) AND help . agent ( x _ 2 , Joseph ) AND help . theme ( x _ 2 , x _ 0 )	elips_gapping_in_dist
621	Emma painted the lion and a frog Sophia .	* lion ( x _ 0 ) ; frog ( x _ 1 ) AND paint . agent ( x _ 2 , Emma ) AND paint . theme ( x _ 2 , x _ 0 ) AND paint . agent ( x _ 3 , x _ 1 ) AND paint . theme ( x _ 3 , Sophia )	elips_gapping_in_dist
622	Mason painted a teacher and a cat Olivia .	teacher ( x _ 0 ) AND cat ( x _ 1 ) AND paint . agent ( x _ 2 , Mason ) AND paint . theme ( x _ 2 , x _ 0 ) AND paint . agent ( x _ 3 , x _ 1 ) AND paint . theme ( x _ 3 , Olivia )	elips_gapping_in_dist
623	Lillian appreciated a girl and Olivia the dog .	* dog ( x _ 1 ) ; girl ( x _ 0 ) AND appreciate . agent ( x _ 2 , Lillian ) AND appreciate . theme ( x _ 2 , x _ 0 ) AND appreciate . agent ( x _ 3 , Olivia ) AND appreciate . theme ( x _ 3 , x _ 1 )	elips_gapping_in_dist
624	A girl hunted Carter and Olivia a servant .	girl ( x _ 0 ) AND servant ( x _ 1 ) AND hunt . agent ( x _ 2 , x _ 0 ) AND hunt . theme ( x _ 2 , Carter ) AND hunt . agent ( x _ 3 , Olivia ) AND hunt . theme ( x _ 3 , x _ 1 )	elips_gapping_in_dist
625	Liam cooked a cat and Ava a boy .	cat ( x _ 0 ) AND boy ( x _ 1 ) AND cook . agent ( x _ 2 , Liam ) AND cook . theme ( x _ 2 , x _ 0 ) AND cook . agent ( x _ 3 , Ava ) AND cook . theme ( x _ 3 , x _ 1 )	elips_gapping_in_dist
626	Noah admired the boy and Emma a girl .	* boy ( x _ 0 ) ; girl ( x _ 1 ) AND admire . agent ( x _ 2 , Noah ) AND admire . theme ( x _ 2 , x _ 0 ) AND admire . agent ( x _ 3 , Emma ) AND admire . theme ( x _ 3 , x _ 1 )	elips_gapping_in_dist
627	A judge found Emma and Liam a girl .	judge ( x _ 0 ) AND girl ( x _ 1 ) AND find . agent ( x _ 2 , x _ 0 ) AND find . theme ( x _ 2 , Emma ) AND find . agent ( x _ 3 , Liam ) AND find . theme ( x _ 3 , x _ 1 )	elips_gapping_in_dist
628	Liam helped Emma and a child Noah .	child ( x _ 0 ) AND help . agent ( x _ 1 , Liam ) AND help . theme ( x _ 1 , Emma ) AND help . agent ( x _ 2 , x _ 0 ) AND help . theme ( x _ 2 , Noah )	elips_gapping_in_dist
629	Olivia ate a judge and Emma a girl .	judge ( x _ 0 ) AND girl ( x _ 1 ) AND eat . agent ( x _ 2 , Olivia ) AND eat . theme ( x _ 2 , x _ 0 ) AND eat . agent ( x _ 3 , Emma ) AND eat . theme ( x _ 3 , x _ 1 )	elips_gapping_in_dist
630	The mouse poked a boy and Sophia a hero .	* mouse ( x _ 0 ) ; boy ( x _ 1 ) AND hero ( x _ 2 ) AND poke . agent ( x _ 3 , x _ 0 ) AND poke . theme ( x _ 3 , x _ 1 ) AND poke . agent ( x _ 4 , Sophia ) AND poke . theme ( x _ 4 , x _ 2 )	elips_gapping_in_dist
631	A princess ate Emma and James a duck .	princess ( x _ 0 ) AND duck ( x _ 1 ) AND eat . agent ( x _ 2 , x _ 0 ) AND eat . theme ( x _ 2 , Emma ) AND eat . agent ( x _ 3 , James ) AND eat . theme ( x _ 3 , x _ 1 )	elips_gapping_in_dist
632	Amelia helped Jayden and William a scientist .	scientist ( x _ 0 ) AND help . agent ( x _ 1 , Amelia ) AND help . theme ( x _ 1 , Jayden ) AND help . agent ( x _ 2 , William ) AND help . theme ( x _ 2 , x _ 0 )	elips_gapping_in_dist
633	A girl missed Mila and Emma the bird .	* bird ( x _ 1 ) ; girl ( x _ 0 ) AND miss . agent ( x _ 2 , x _ 0 ) AND miss . theme ( x _ 2 , Mila ) AND miss . agent ( x _ 3 , Emma ) AND miss . theme ( x _ 3 , x _ 1 )	elips_gapping_in_dist
634	Jacob loved the girl and Emma the lamb .	* girl ( x _ 0 ) ; * lamb ( x _ 1 ) ; love . agent ( x _ 2 , Jacob ) AND love . theme ( x _ 2 , x _ 0 ) AND love . agent ( x _ 3 , Emma ) AND love . theme ( x _ 3 , x _ 1 )	elips_gapping_in_dist
635	Olivia ate Liam and the cat a customer .	* cat ( x _ 0 ) ; customer ( x _ 1 ) AND eat . agent ( x _ 2 , Olivia ) AND eat . theme ( x _ 2 , Liam ) AND eat . agent ( x _ 3 , x _ 0 ) AND eat . theme ( x _ 3 , x _ 1 )	elips_gapping_in_dist
636	The baby nursed Liam and Amelia Emma .	* baby ( x _ 0 ) ; nurse . agent ( x _ 1 , x _ 0 ) AND nurse . theme ( x _ 1 , Liam ) AND nurse . agent ( x _ 2 , Amelia ) AND nurse . theme ( x _ 2 , Emma )	elips_gapping_in_dist
637	Mila ate Isabella and Daniel a girl .	girl ( x _ 0 ) AND eat . agent ( x _ 1 , Mila ) AND eat . theme ( x _ 1 , Isabella ) AND eat . agent ( x _ 2 , Daniel ) AND eat . theme ( x _ 2 , x _ 0 )	elips_gapping_in_dist
638	Emma liked Noah and a deer Olivia .	deer ( x _ 0 ) AND like . agent ( x _ 1 , Emma ) AND like . theme ( x _ 1 , Noah ) AND like . agent ( x _ 2 , x _ 0 ) AND like . theme ( x _ 2 , Olivia )	elips_gapping_in_dist
639	Zoey painted Elijah and the girl Emma .	* girl ( x _ 0 ) ; paint . agent ( x _ 1 , Zoey ) AND paint . theme ( x _ 1 , Elijah ) AND paint . agent ( x _ 2 , x _ 0 ) AND paint . theme ( x _ 2 , Emma )	elips_gapping_in_dist
640	Benjamin painted Emma and Liam a monkey .	monkey ( x _ 0 ) AND paint . agent ( x _ 1 , Benjamin ) AND paint . theme ( x _ 1 , Emma ) AND paint . agent ( x _ 2 , Liam ) AND paint . theme ( x _ 2 , x _ 0 )	elips_gapping_in_dist
641	Noah hunted Ella and the girl Olivia .	* girl ( x _ 0 ) ; hunt . agent ( x _ 1 , Noah ) AND hunt . theme ( x _ 1 , Ella ) AND hunt . agent ( x _ 2 , x _ 0 ) AND hunt . theme ( x _ 2 , Olivia )	elips_gapping_in_dist
642	Liam liked Emma and Jack Harper .	like . agent ( x _ 0 , Liam ) AND like . theme ( x _ 0 , Emma ) AND like . agent ( x _ 1 , Jack ) AND like . theme ( x _ 1 , Harper )	elips_gapping_in_dist
643	The dog cleaned the patient and the monkey Emma .	* dog ( x _ 0 ) ; * patient ( x _ 1 ) ; * monkey ( x _ 2 ) ; clean . agent ( x _ 3 , x _ 0 ) AND clean . theme ( x _ 3 , x _ 1 ) AND clean . agent ( x _ 4 , x _ 2 ) AND clean . theme ( x _ 4 , Emma )	elips_gapping_in_dist
644	A girl liked Emma and Mia Liam .	girl ( x _ 0 ) AND like . agent ( x _ 1 , x _ 0 ) AND like . theme ( x _ 1 , Emma ) AND like . agent ( x _ 2 , Mia ) AND like . theme ( x _ 2 , Liam )	elips_gapping_in_dist
645	The zebra helped the bird and a girl Elijah .	* zebra ( x _ 0 ) ; * bird ( x _ 1 ) ; girl ( x _ 2 ) AND help . agent ( x _ 3 , x _ 0 ) AND help . theme ( x _ 3 , x _ 1 ) AND help . agent ( x _ 4 , x _ 2 ) AND help . theme ( x _ 4 , Elijah )	elips_gapping_in_dist
646	A bunny ate Emma and Olivia Riley .	bunny ( x _ 0 ) AND eat . agent ( x _ 1 , x _ 0 ) AND eat . theme ( x _ 1 , Emma ) AND eat . agent ( x _ 2 , Olivia ) AND eat . theme ( x _ 2 , Riley )	elips_gapping_in_dist
647	Emma nursed a lion and Audrey Dylan .	lion ( x _ 0 ) AND nurse . agent ( x _ 1 , Emma ) AND nurse . theme ( x _ 1 , x _ 0 ) AND nurse . agent ( x _ 2 , Audrey ) AND nurse . theme ( x _ 2 , Dylan )	elips_gapping_in_dist
648	Logan juggled a girl and the boy a child .	* boy ( x _ 1 ) ; girl ( x _ 0 ) AND child ( x _ 2 ) AND juggle . agent ( x _ 3 , Logan ) AND juggle . theme ( x _ 3 , x _ 0 ) AND juggle . agent ( x _ 4 , x _ 1 ) AND juggle . theme ( x _ 4 , x _ 2 )	elips_gapping_in_dist
649	A girl juggled a dog and Mila a penguin .	girl ( x _ 0 ) AND dog ( x _ 1 ) AND penguin ( x _ 2 ) AND juggle . agent ( x _ 3 , x _ 0 ) AND juggle . theme ( x _ 3 , x _ 1 ) AND juggle . agent ( x _ 4 , Mila ) AND juggle . theme ( x _ 4 , x _ 2 )	elips_gapping_in_dist
650	Emma appreciated the sheep and the scientist a dog .	* sheep ( x _ 0 ) ; * scientist ( x _ 1 ) ; dog ( x _ 2 ) AND appreciate . agent ( x _ 3 , Emma ) AND appreciate . theme ( x _ 3 , x _ 0 ) AND appreciate . agent ( x _ 4 , x _ 1 ) AND appreciate . theme ( x _ 4 , x _ 2 )	elips_gapping_in_dist
651	The chicken helped Liam and the girl Isabella .	* chicken ( x _ 0 ) ; * girl ( x _ 1 ) ; help . agent ( x _ 2 , x _ 0 ) AND help . theme ( x _ 2 , Liam ) AND help . agent ( x _ 3 , x _ 1 ) AND help . theme ( x _ 3 , Isabella )	elips_gapping_in_dist
652	A doctor liked Logan and James a monkey .	doctor ( x _ 0 ) AND monkey ( x _ 1 ) AND like . agent ( x _ 2 , x _ 0 ) AND like . theme ( x _ 2 , Logan ) AND like . agent ( x _ 3 , James ) AND like . theme ( x _ 3 , x _ 1 )	elips_gapping_in_dist
653	A president ate Elijah and a cat the chicken .	* chicken ( x _ 2 ) ; president ( x _ 0 ) AND cat ( x _ 1 ) AND eat . agent ( x _ 3 , x _ 0 ) AND eat . theme ( x _ 3 , Elijah ) AND eat . agent ( x _ 4 , x _ 1 ) AND eat . theme ( x _ 4 , x _ 2 )	elips_gapping_in_dist
654	Emma drew the girl and a child Isabella .	* girl ( x _ 0 ) ; child ( x _ 1 ) AND draw . agent ( x _ 2 , Emma ) AND draw . theme ( x _ 2 , x _ 0 ) AND draw . agent ( x _ 3 , x _ 1 ) AND draw . theme ( x _ 3 , Isabella )	elips_gapping_in_dist
655	Ava juggled a girl and a pig Emma .	girl ( x _ 0 ) AND pig ( x _ 1 ) AND juggle . agent ( x _ 2 , Ava ) AND juggle . theme ( x _ 2 , x _ 0 ) AND juggle . agent ( x _ 3 , x _ 1 ) AND juggle . theme ( x _ 3 , Emma )	elips_gapping_in_dist
656	A cat ate Emma and Liam Olivia .	cat ( x _ 0 ) AND eat . agent ( x _ 1 , x _ 0 ) AND eat . theme ( x _ 1 , Emma ) AND eat . agent ( x _ 2 , Liam ) AND eat . theme ( x _ 2 , Olivia )	elips_gapping_in_dist
657	A girl drew Michael and a boy Olivia .	girl ( x _ 0 ) AND boy ( x _ 1 ) AND draw . agent ( x _ 2 , x _ 0 ) AND draw . theme ( x _ 2 , Michael ) AND draw . agent ( x _ 3 , x _ 1 ) AND draw . theme ( x _ 3 , Olivia )	elips_gapping_in_dist
658	Noah liked a cat and Emma Matthew .	cat ( x _ 0 ) AND like . agent ( x _ 1 , Noah ) AND like . theme ( x _ 1 , x _ 0 ) AND like . agent ( x _ 2 , Emma ) AND like . theme ( x _ 2 , Matthew )	elips_gapping_in_dist
659	Ava found the girl and a patient Isabella .	* girl ( x _ 0 ) ; patient ( x _ 1 ) AND find . agent ( x _ 2 , Ava ) AND find . theme ( x _ 2 , x _ 0 ) AND find . agent ( x _ 3 , x _ 1 ) AND find . theme ( x _ 3 , Isabella )	elips_gapping_in_dist
660	A cat found Madison and Emma Amelia .	cat ( x _ 0 ) AND find . agent ( x _ 1 , x _ 0 ) AND find . theme ( x _ 1 , Madison ) AND find . agent ( x _ 2 , Emma ) AND find . theme ( x _ 2 , Amelia )	elips_gapping_in_dist
661	Emma painted the child and the girl Liam .	* child ( x _ 0 ) ; * girl ( x _ 1 ) ; paint . agent ( x _ 2 , Emma ) AND paint . theme ( x _ 2 , x _ 0 ) AND paint . agent ( x _ 3 , x _ 1 ) AND paint . theme ( x _ 3 , Liam )	elips_gapping_in_dist
662	A consumer liked a child and Olivia the giraffe .	* giraffe ( x _ 2 ) ; consumer ( x _ 0 ) AND child ( x _ 1 ) AND like . agent ( x _ 3 , x _ 0 ) AND like . theme ( x _ 3 , x _ 1 ) AND like . agent ( x _ 4 , Olivia ) AND like . theme ( x _ 4 , x _ 2 )	elips_gapping_in_dist
663	The student ate Emma and Olivia the girl .	* student ( x _ 0 ) ; * girl ( x _ 1 ) ; eat . agent ( x _ 2 , x _ 0 ) AND eat . theme ( x _ 2 , Emma ) AND eat . agent ( x _ 3 , Olivia ) AND eat . theme ( x _ 3 , x _ 1 )	elips_gapping_in_dist
664	A mouse ate a farmer and a fly a boy .	mouse ( x _ 0 ) AND farmer ( x _ 1 ) AND fly ( x _ 2 ) AND boy ( x _ 3 ) AND eat . agent ( x _ 4 , x _ 0 ) AND eat . theme ( x _ 4 , x _ 1 ) AND eat . agent ( x _ 5 , x _ 2 ) AND eat . theme ( x _ 5 , x _ 3 )	elips_gapping_in_dist
665	Ava liked Liam and Isabella Isaac .	like . agent ( x _ 0 , Ava ) AND like . theme ( x _ 0 , Liam ) AND like . agent ( x _ 1 , Isabella ) AND like . theme ( x _ 1 , Isaac )	elips_gapping_in_dist
666	A girl sketched the fish and a director Olivia .	* fish ( x _ 1 ) ; girl ( x _ 0 ) AND director ( x _ 2 ) AND sketch . agent ( x _ 3 , x _ 0 ) AND sketch . theme ( x _ 3 , x _ 1 ) AND sketch . agent ( x _ 4 , x _ 2 ) AND sketch . theme ( x _ 4 , Olivia )	elips_gapping_in_dist
667	The bird cooked the girl and William Olivia .	* bird ( x _ 0 ) ; * girl ( x _ 1 ) ; cook . agent ( x _ 2 , x _ 0 ) AND cook . theme ( x _ 2 , x _ 1 ) AND cook . agent ( x _ 3 , William ) AND cook . theme ( x _ 3 , Olivia )	elips_gapping_in_dist
668	The bear drew Natalie and the champion a girl .	* bear ( x _ 0 ) ; * champion ( x _ 1 ) ; girl ( x _ 2 ) AND draw . agent ( x _ 3 , x _ 0 ) AND draw . theme ( x _ 3 , Natalie ) AND draw . agent ( x _ 4 , x _ 1 ) AND draw . theme ( x _ 4 , x _ 2 )	elips_gapping_in_dist
669	Aria nursed Olivia and the cat the father .	* cat ( x _ 0 ) ; * father ( x _ 1 ) ; nurse . agent ( x _ 2 , Aria ) AND nurse . theme ( x _ 2 , Olivia ) AND nurse . agent ( x _ 3 , x _ 0 ) AND nurse . theme ( x _ 3 , x _ 1 )	elips_gapping_in_dist
670	The girl admired Charlotte and Savannah the fly .	* girl ( x _ 0 ) ; * fly ( x _ 1 ) ; admire . agent ( x _ 2 , x _ 0 ) AND admire . theme ( x _ 2 , Charlotte ) AND admire . agent ( x _ 3 , Savannah ) AND admire . theme ( x _ 3 , x _ 1 )	elips_gapping_in_dist
671	Emma poked Mia and the horse William .	* horse ( x _ 0 ) ; poke . agent ( x _ 1 , Emma ) AND poke . theme ( x _ 1 , Mia ) AND poke . agent ( x _ 2 , x _ 0 ) AND poke . theme ( x _ 2 , William )	elips_gapping_in_dist
672	Olivia cleaned a mouse and Emma a child .	mouse ( x _ 0 ) AND child ( x _ 1 ) AND clean . agent ( x _ 2 , Olivia ) AND clean . theme ( x _ 2 , x _ 0 ) AND clean . agent ( x _ 3 , Emma ) AND clean . theme ( x _ 3 , x _ 1 )	elips_gapping_in_dist
673	The girl drew the teacher and a dog a guest .	* girl ( x _ 0 ) ; * teacher ( x _ 1 ) ; dog ( x _ 2 ) AND guest ( x _ 3 ) AND draw . agent ( x _ 4 , x _ 0 ) AND draw . theme ( x _ 4 , x _ 1 ) AND draw . agent ( x _ 5 , x _ 2 ) AND draw . theme ( x _ 5 , x _ 3 )	elips_gapping_in_dist
674	A professor helped Abigail and the girl James .	* girl ( x _ 1 ) ; professor ( x _ 0 ) AND help . agent ( x _ 2 , x _ 0 ) AND help . theme ( x _ 2 , Abigail ) AND help . agent ( x _ 3 , x _ 1 ) AND help . theme ( x _ 3 , James )	elips_gapping_in_dist
675	The girl liked William and Emma Isabella .	* girl ( x _ 0 ) ; like . agent ( x _ 1 , x _ 0 ) AND like . theme ( x _ 1 , William ) AND like . agent ( x _ 2 , Emma ) AND like . theme ( x _ 2 , Isabella )	elips_gapping_in_dist
676	Gabriel helped a lamb and a boy Joshua .	lamb ( x _ 0 ) AND boy ( x _ 1 ) AND help . agent ( x _ 2 , Gabriel ) AND help . theme ( x _ 2 , x _ 0 ) AND help . agent ( x _ 3 , x _ 1 ) AND help . theme ( x _ 3 , Joshua )	elips_gapping_in_dist
677	A boy ate a chicken and Emma Liam .	boy ( x _ 0 ) AND chicken ( x _ 1 ) AND eat . agent ( x _ 2 , x _ 0 ) AND eat . theme ( x _ 2 , x _ 1 ) AND eat . agent ( x _ 3 , Emma ) AND eat . theme ( x _ 3 , Liam )	elips_gapping_in_dist
678	Emily painted Emma and the girl the lion .	* girl ( x _ 0 ) ; * lion ( x _ 1 ) ; paint . agent ( x _ 2 , Emily ) AND paint . theme ( x _ 2 , Emma ) AND paint . agent ( x _ 3 , x _ 0 ) AND paint . theme ( x _ 3 , x _ 1 )	elips_gapping_in_dist
679	A boy helped a bird and Liam a girl .	boy ( x _ 0 ) AND bird ( x _ 1 ) AND girl ( x _ 2 ) AND help . agent ( x _ 3 , x _ 0 ) AND help . theme ( x _ 3 , x _ 1 ) AND help . agent ( x _ 4 , Liam ) AND help . theme ( x _ 4 , x _ 2 )	elips_gapping_in_dist
680	William liked Emma and Olivia the baby .	* baby ( x _ 0 ) ; like . agent ( x _ 1 , William ) AND like . theme ( x _ 1 , Emma ) AND like . agent ( x _ 2 , Olivia ) AND like . theme ( x _ 2 , x _ 0 )	elips_gapping_in_dist
681	A frog ate Ava and a bee the pony .	* pony ( x _ 2 ) ; frog ( x _ 0 ) AND bee ( x _ 1 ) AND eat . agent ( x _ 3 , x _ 0 ) AND eat . theme ( x _ 3 , Ava ) AND eat . agent ( x _ 4 , x _ 1 ) AND eat . theme ( x _ 4 , x _ 2 )	elips_gapping_in_dist
682	The patient sketched the pig and the horse a lion .	* patient ( x _ 0 ) ; * pig ( x _ 1 ) ; * horse ( x _ 2 ) ; lion ( x _ 3 ) AND sketch . agent ( x _ 4 , x _ 0 ) AND sketch . theme ( x _ 4 , x _ 1 ) AND sketch . agent ( x _ 5 , x _ 2 ) AND sketch . theme ( x _ 5 , x _ 3 )	elips_gapping_in_dist
683	Emma liked James and a tenant a girl .	tenant ( x _ 0 ) AND girl ( x _ 1 ) AND like . agent ( x _ 2 , Emma ) AND like . theme ( x _ 2 , James ) AND like . agent ( x _ 3 , x _ 0 ) AND like . theme ( x _ 3 , x _ 1 )	elips_gapping_in_dist
684	Scarlett liked a boy and a bear the lawyer .	* lawyer ( x _ 2 ) ; boy ( x _ 0 ) AND bear ( x _ 1 ) AND like . agent ( x _ 3 , Scarlett ) AND like . theme ( x _ 3 , x _ 0 ) AND like . agent ( x _ 4 , x _ 1 ) AND like . theme ( x _ 4 , x _ 2 )	elips_gapping_in_dist
685	Emma liked a human and Ava a frog .	human ( x _ 0 ) AND frog ( x _ 1 ) AND like . agent ( x _ 2 , Emma ) AND like . theme ( x _ 2 , x _ 0 ) AND like . agent ( x _ 3 , Ava ) AND like . theme ( x _ 3 , x _ 1 )	elips_gapping_in_dist
686	William helped a girl and a bunny Emma .	girl ( x _ 0 ) AND bunny ( x _ 1 ) AND help . agent ( x _ 2 , William ) AND help . theme ( x _ 2 , x _ 0 ) AND help . agent ( x _ 3 , x _ 1 ) AND help . theme ( x _ 3 , Emma )	elips_gapping_in_dist
687	Benjamin ate Emma and a girl Avery .	girl ( x _ 0 ) AND eat . agent ( x _ 1 , Benjamin ) AND eat . theme ( x _ 1 , Emma ) AND eat . agent ( x _ 2 , x _ 0 ) AND eat . theme ( x _ 2 , Avery )	elips_gapping_in_dist
688	Oliver poked Chloe and Emma a boy .	boy ( x _ 0 ) AND poke . agent ( x _ 1 , Oliver ) AND poke . theme ( x _ 1 , Chloe ) AND poke . agent ( x _ 2 , Emma ) AND poke . theme ( x _ 2 , x _ 0 )	elips_gapping_in_dist
689	Emma poked Mila and the bunny a girl .	* bunny ( x _ 0 ) ; girl ( x _ 1 ) AND poke . agent ( x _ 2 , Emma ) AND poke . theme ( x _ 2 , Mila ) AND poke . agent ( x _ 3 , x _ 0 ) AND poke . theme ( x _ 3 , x _ 1 )	elips_gapping_in_dist
690	Avery liked Benjamin and Asher the frog .	* frog ( x _ 0 ) ; like . agent ( x _ 1 , Avery ) AND like . theme ( x _ 1 , Benjamin ) AND like . agent ( x _ 2 , Asher ) AND like . theme ( x _ 2 , x _ 0 )	elips_gapping_in_dist
691	The girl loved the mouse and the boy the child .	* girl ( x _ 0 ) ; * mouse ( x _ 1 ) ; * boy ( x _ 2 ) ; * child ( x _ 3 ) ; love . agent ( x _ 4 , x _ 0 ) AND love . theme ( x _ 4 , x _ 1 ) AND love . agent ( x _ 5 , x _ 2 ) AND love . theme ( x _ 5 , x _ 3 )	elips_gapping_in_dist
692	The boy helped Liam and Emma Ella .	* boy ( x _ 0 ) ; help . agent ( x _ 1 , x _ 0 ) AND help . theme ( x _ 1 , Liam ) AND help . agent ( x _ 2 , Emma ) AND help . theme ( x _ 2 , Ella )	elips_gapping_in_dist
693	The boy hunted Emma and Ava William .	* boy ( x _ 0 ) ; hunt . agent ( x _ 1 , x _ 0 ) AND hunt . theme ( x _ 1 , Emma ) AND hunt . agent ( x _ 2 , Ava ) AND hunt . theme ( x _ 2 , William )	elips_gapping_in_dist
694	Emma liked Charlotte and the cat the giraffe .	* cat ( x _ 0 ) ; * giraffe ( x _ 1 ) ; like . agent ( x _ 2 , Emma ) AND like . theme ( x _ 2 , Charlotte ) AND like . agent ( x _ 3 , x _ 0 ) AND like . theme ( x _ 3 , x _ 1 )	elips_gapping_in_dist
695	Emma liked a horse and a crocodile the dog .	* dog ( x _ 2 ) ; horse ( x _ 0 ) AND crocodile ( x _ 1 ) AND like . agent ( x _ 3 , Emma ) AND like . theme ( x _ 3 , x _ 0 ) AND like . agent ( x _ 4 , x _ 1 ) AND like . theme ( x _ 4 , x _ 2 )	elips_gapping_in_dist
696	Lucas liked a cat and Noah Emma .	cat ( x _ 0 ) AND like . agent ( x _ 1 , Lucas ) AND like . theme ( x _ 1 , x _ 0 ) AND like . agent ( x _ 2 , Noah ) AND like . theme ( x _ 2 , Emma )	elips_gapping_in_dist
697	The girl helped the boy and Liam Emma .	* girl ( x _ 0 ) ; * boy ( x _ 1 ) ; help . agent ( x _ 2 , x _ 0 ) AND help . theme ( x _ 2 , x _ 1 ) AND help . agent ( x _ 3 , Liam ) AND help . theme ( x _ 3 , Emma )	elips_gapping_in_dist
698	A baby helped a turtle and a cat Emma .	baby ( x _ 0 ) AND turtle ( x _ 1 ) AND cat ( x _ 2 ) AND help . agent ( x _ 3 , x _ 0 ) AND help . theme ( x _ 3 , x _ 1 ) AND help . agent ( x _ 4 , x _ 2 ) AND help . theme ( x _ 4 , Emma )	elips_gapping_in_dist
699	Isabella admired Emma and Daniel Jack .	admire . agent ( x _ 0 , Isabella ) AND admire . theme ( x _ 0 , Emma ) AND admire . agent ( x _ 1 , Daniel ) AND admire . theme ( x _ 1 , Jack )	elips_gapping_in_dist
700	The baby nursed Oliver and William the boy .	* baby ( x _ 0 ) ; * boy ( x _ 1 ) ; nurse . agent ( x _ 2 , x _ 0 ) AND nurse . theme ( x _ 2 , Oliver ) AND nurse . agent ( x _ 3 , William ) AND nurse . theme ( x _ 3 , x _ 1 )	elips_gapping_in_dist
701	A professor respected Olivia and Grayson the mother .	* mother ( x _ 1 ) ; professor ( x _ 0 ) AND respect . agent ( x _ 2 , x _ 0 ) AND respect . theme ( x _ 2 , Olivia ) AND respect . agent ( x _ 3 , Grayson ) AND respect . theme ( x _ 3 , x _ 1 )	elips_gapping_in_dist
702	Emma cleaned a landlord and a donkey the girl .	* girl ( x _ 2 ) ; landlord ( x _ 0 ) AND donkey ( x _ 1 ) AND clean . agent ( x _ 3 , Emma ) AND clean . theme ( x _ 3 , x _ 0 ) AND clean . agent ( x _ 4 , x _ 1 ) AND clean . theme ( x _ 4 , x _ 2 )	elips_gapping_in_dist
703	Emma missed the cat and Aria a dog .	* cat ( x _ 0 ) ; dog ( x _ 1 ) AND miss . agent ( x _ 2 , Emma ) AND miss . theme ( x _ 2 , x _ 0 ) AND miss . agent ( x _ 3 , Aria ) AND miss . theme ( x _ 3 , x _ 1 )	elips_gapping_in_dist
704	Olivia ate a cat and the kitty Mia .	* kitty ( x _ 1 ) ; cat ( x _ 0 ) AND eat . agent ( x _ 2 , Olivia ) AND eat . theme ( x _ 2 , x _ 0 ) AND eat . agent ( x _ 3 , x _ 1 ) AND eat . theme ( x _ 3 , Mia )	elips_gapping_in_dist
705	Emma liked the boy and the girl Abigail .	* boy ( x _ 0 ) ; * girl ( x _ 1 ) ; like . agent ( x _ 2 , Emma ) AND like . theme ( x _ 2 , x _ 0 ) AND like . agent ( x _ 3 , x _ 1 ) AND like . theme ( x _ 3 , Abigail )	elips_gapping_in_dist
706	Elizabeth loved Emma and the girl the customer .	* girl ( x _ 0 ) ; * customer ( x _ 1 ) ; love . agent ( x _ 2 , Elizabeth ) AND love . theme ( x _ 2 , Emma ) AND love . agent ( x _ 3 , x _ 0 ) AND love . theme ( x _ 3 , x _ 1 )	elips_gapping_in_dist
707	A girl drew Olivia and a visitor Sophia .	girl ( x _ 0 ) AND visitor ( x _ 1 ) AND draw . agent ( x _ 2 , x _ 0 ) AND draw . theme ( x _ 2 , Olivia ) AND draw . agent ( x _ 3 , x _ 1 ) AND draw . theme ( x _ 3 , Sophia )	elips_gapping_in_dist
708	Emma liked Benjamin and Ava a girl .	girl ( x _ 0 ) AND like . agent ( x _ 1 , Emma ) AND like . theme ( x _ 1 , Benjamin ) AND like . agent ( x _ 2 , Ava ) AND like . theme ( x _ 2 , x _ 0 )	elips_gapping_in_dist
709	Charlotte helped a cat and a frog Emma .	cat ( x _ 0 ) AND frog ( x _ 1 ) AND help . agent ( x _ 2 , Charlotte ) AND help . theme ( x _ 2 , x _ 0 ) AND help . agent ( x _ 3 , x _ 1 ) AND help . theme ( x _ 3 , Emma )	elips_gapping_in_dist
710	The politician liked the girl and Emma Oliver .	* politician ( x _ 0 ) ; * girl ( x _ 1 ) ; like . agent ( x _ 2 , x _ 0 ) AND like . theme ( x _ 2 , x _ 1 ) AND like . agent ( x _ 3 , Emma ) AND like . theme ( x _ 3 , Oliver )	elips_gapping_in_dist
711	Sofia admired Liam and a girl a squirrel .	girl ( x _ 0 ) AND squirrel ( x _ 1 ) AND admire . agent ( x _ 2 , Sofia ) AND admire . theme ( x _ 2 , Liam ) AND admire . agent ( x _ 3 , x _ 0 ) AND admire . theme ( x _ 3 , x _ 1 )	elips_gapping_in_dist
712	The pig nursed William and the girl the dog .	* pig ( x _ 0 ) ; * girl ( x _ 1 ) ; * dog ( x _ 2 ) ; nurse . agent ( x _ 3 , x _ 0 ) AND nurse . theme ( x _ 3 , William ) AND nurse . agent ( x _ 4 , x _ 1 ) AND nurse . theme ( x _ 4 , x _ 2 )	elips_gapping_in_dist
713	A horse painted Liam and the boy a child .	* boy ( x _ 1 ) ; horse ( x _ 0 ) AND child ( x _ 2 ) AND paint . agent ( x _ 3 , x _ 0 ) AND paint . theme ( x _ 3 , Liam ) AND paint . agent ( x _ 4 , x _ 1 ) AND paint . theme ( x _ 4 , x _ 2 )	elips_gapping_in_dist
714	A bear poked a president and a cat the tiger .	* tiger ( x _ 3 ) ; bear ( x _ 0 ) AND president ( x _ 1 ) AND cat ( x _ 2 ) AND poke . agent ( x _ 4 , x _ 0 ) AND poke . theme ( x _ 4 , x _ 1 ) AND poke . agent ( x _ 5 , x _ 2 ) AND poke . theme ( x _ 5 , x _ 3 )	elips_gapping_in_dist
715	Noah liked Emma and the cat Jack .	* cat ( x _ 0 ) ; like . agent ( x _ 1 , Noah ) AND like . theme ( x _ 1 , Emma ) AND like . agent ( x _ 2 , x _ 0 ) AND like . theme ( x _ 2 , Jack )	elips_gapping_in_dist
716	The dealer loved Lily and Emma the boy .	* dealer ( x _ 0 ) ; * boy ( x _ 1 ) ; love . agent ( x _ 2 , x _ 0 ) AND love . theme ( x _ 2 , Lily ) AND love . agent ( x _ 3 , Emma ) AND love . theme ( x _ 3 , x _ 1 )	elips_gapping_in_dist
717	The girl adored the boy and a child Olivia .	* girl ( x _ 0 ) ; * boy ( x _ 1 ) ; child ( x _ 2 ) AND adore . agent ( x _ 3 , x _ 0 ) AND adore . theme ( x _ 3 , x _ 1 ) AND adore . agent ( x _ 4 , x _ 2 ) AND adore . theme ( x _ 4 , Olivia )	elips_gapping_in_dist
718	The boy liked the sailor and Liam Emma .	* boy ( x _ 0 ) ; * sailor ( x _ 1 ) ; like . agent ( x _ 2 , x _ 0 ) AND like . theme ( x _ 2 , x _ 1 ) AND like . agent ( x _ 3 , Liam ) AND like . theme ( x _ 3 , Emma )	elips_gapping_in_dist
719	Benjamin liked Liam and the girl the child .	* girl ( x _ 0 ) ; * child ( x _ 1 ) ; like . agent ( x _ 2 , Benjamin ) AND like . theme ( x _ 2 , Liam ) AND like . agent ( x _ 3 , x _ 0 ) AND like . theme ( x _ 3 , x _ 1 )	elips_gapping_in_dist
720	James liked Emma and Isabella Olivia .	like . agent ( x _ 0 , James ) AND like . theme ( x _ 0 , Emma ) AND like . agent ( x _ 1 , Isabella ) AND like . theme ( x _ 1 , Olivia )	elips_gapping_in_dist
721	Oliver liked the boy and a girl Noah .	* boy ( x _ 0 ) ; girl ( x _ 1 ) AND like . agent ( x _ 2 , Oliver ) AND like . theme ( x _ 2 , x _ 0 ) AND like . agent ( x _ 3 , x _ 1 ) AND like . theme ( x _ 3 , Noah )	elips_gapping_in_dist
722	Elizabeth painted Matthew and Isabella Liam .	paint . agent ( x _ 0 , Elizabeth ) AND paint . theme ( x _ 0 , Matthew ) AND paint . agent ( x _ 1 , Isabella ) AND paint . theme ( x _ 1 , Liam )	elips_gapping_in_dist
723	The girl found a deer and Olivia Liam .	* girl ( x _ 0 ) ; deer ( x _ 1 ) AND find . agent ( x _ 2 , x _ 0 ) AND find . theme ( x _ 2 , x _ 1 ) AND find . agent ( x _ 3 , Olivia ) AND find . theme ( x _ 3 , Liam )	elips_gapping_in_dist
724	Emma adored Liam and Ava the baby .	* baby ( x _ 0 ) ; adore . agent ( x _ 1 , Emma ) AND adore . theme ( x _ 1 , Liam ) AND adore . agent ( x _ 2 , Ava ) AND adore . theme ( x _ 2 , x _ 0 )	elips_gapping_in_dist
725	The baby missed Emma and Leo a child .	* baby ( x _ 0 ) ; child ( x _ 1 ) AND miss . agent ( x _ 2 , x _ 0 ) AND miss . theme ( x _ 2 , Emma ) AND miss . agent ( x _ 3 , Leo ) AND miss . theme ( x _ 3 , x _ 1 )	elips_gapping_in_dist
726	Emma hunted Olivia and Liam a president .	president ( x _ 0 ) AND hunt . agent ( x _ 1 , Emma ) AND hunt . theme ( x _ 1 , Olivia ) AND hunt . agent ( x _ 2 , Liam ) AND hunt . theme ( x _ 2 , x _ 0 )	elips_gapping_in_dist
727	Liam liked a chicken and Alexander Emma .	chicken ( x _ 0 ) AND like . agent ( x _ 1 , Liam ) AND like . theme ( x _ 1 , x _ 0 ) AND like . agent ( x _ 2 , Alexander ) AND like . theme ( x _ 2 , Emma )	elips_gapping_in_dist
728	Benjamin ate a boy and the girl Emma .	* girl ( x _ 1 ) ; boy ( x _ 0 ) AND eat . agent ( x _ 2 , Benjamin ) AND eat . theme ( x _ 2 , x _ 0 ) AND eat . agent ( x _ 3 , x _ 1 ) AND eat . theme ( x _ 3 , Emma )	elips_gapping_in_dist
729	Leo admired Carter and a cat a mouse .	cat ( x _ 0 ) AND mouse ( x _ 1 ) AND admire . agent ( x _ 2 , Leo ) AND admire . theme ( x _ 2 , Carter ) AND admire . agent ( x _ 3 , x _ 0 ) AND admire . theme ( x _ 3 , x _ 1 )	elips_gapping_in_dist
730	A passenger liked Natalie and a girl a dog .	passenger ( x _ 0 ) AND girl ( x _ 1 ) AND dog ( x _ 2 ) AND like . agent ( x _ 3 , x _ 0 ) AND like . theme ( x _ 3 , Natalie ) AND like . agent ( x _ 4 , x _ 1 ) AND like . theme ( x _ 4 , x _ 2 )	elips_gapping_in_dist
731	The girl missed Emma and Noah the cat .	* girl ( x _ 0 ) ; * cat ( x _ 1 ) ; miss . agent ( x _ 2 , x _ 0 ) AND miss . theme ( x _ 2 , Emma ) AND miss . agent ( x _ 3 , Noah ) AND miss . theme ( x _ 3 , x _ 1 )	elips_gapping_in_dist
732	The boy juggled the baby and Liam the monkey .	* boy ( x _ 0 ) ; * baby ( x _ 1 ) ; * monkey ( x _ 2 ) ; juggle . agent ( x _ 3 , x _ 0 ) AND juggle . theme ( x _ 3 , x _ 1 ) AND juggle . agent ( x _ 4 , Liam ) AND juggle . theme ( x _ 4 , x _ 2 )	elips_gapping_in_dist
733	Emma found a guy and Ava a girl .	guy ( x _ 0 ) AND girl ( x _ 1 ) AND find . agent ( x _ 2 , Emma ) AND find . theme ( x _ 2 , x _ 0 ) AND find . agent ( x _ 3 , Ava ) AND find . theme ( x _ 3 , x _ 1 )	elips_gapping_in_dist
734	James ate the cat and Emma a teacher .	* cat ( x _ 0 ) ; teacher ( x _ 1 ) AND eat . agent ( x _ 2 , James ) AND eat . theme ( x _ 2 , x _ 0 ) AND eat . agent ( x _ 3 , Emma ) AND eat . theme ( x _ 3 , x _ 1 )	elips_gapping_in_dist
735	A writer loved a girl and a baby Luna .	writer ( x _ 0 ) AND girl ( x _ 1 ) AND baby ( x _ 2 ) AND love . agent ( x _ 3 , x _ 0 ) AND love . theme ( x _ 3 , x _ 1 ) AND love . agent ( x _ 4 , x _ 2 ) AND love . theme ( x _ 4 , Luna )	elips_gapping_in_dist
736	Olivia hunted the boy and a girl a teacher .	* boy ( x _ 0 ) ; girl ( x _ 1 ) AND teacher ( x _ 2 ) AND hunt . agent ( x _ 3 , Olivia ) AND hunt . theme ( x _ 3 , x _ 0 ) AND hunt . agent ( x _ 4 , x _ 1 ) AND hunt . theme ( x _ 4 , x _ 2 )	elips_gapping_in_dist
737	The father painted Sophia and Olivia the girl .	* father ( x _ 0 ) ; * girl ( x _ 1 ) ; paint . agent ( x _ 2 , x _ 0 ) AND paint . theme ( x _ 2 , Sophia ) AND paint . agent ( x _ 3 , Olivia ) AND paint . theme ( x _ 3 , x _ 1 )	elips_gapping_in_dist
738	Sophia painted Stella and a human the boy .	* boy ( x _ 1 ) ; human ( x _ 0 ) AND paint . agent ( x _ 2 , Sophia ) AND paint . theme ( x _ 2 , Stella ) AND paint . agent ( x _ 3 , x _ 0 ) AND paint . theme ( x _ 3 , x _ 1 )	elips_gapping_in_dist
739	Ava ate Emma and Sophia Chloe .	eat . agent ( x _ 0 , Ava ) AND eat . theme ( x _ 0 , Emma ) AND eat . agent ( x _ 1 , Sophia ) AND eat . theme ( x _ 1 , Chloe )	elips_gapping_in_dist
740	Ava adored a father and the girl Emma .	* girl ( x _ 1 ) ; father ( x _ 0 ) AND adore . agent ( x _ 2 , Ava ) AND adore . theme ( x _ 2 , x _ 0 ) AND adore . agent ( x _ 3 , x _ 1 ) AND adore . theme ( x _ 3 , Emma )	elips_gapping_in_dist
741	The girl loved Emma and William the chicken .	* girl ( x _ 0 ) ; * chicken ( x _ 1 ) ; love . agent ( x _ 2 , x _ 0 ) AND love . theme ( x _ 2 , Emma ) AND love . agent ( x _ 3 , William ) AND love . theme ( x _ 3 , x _ 1 )	elips_gapping_in_dist
742	Olivia helped Noah and Isabella a baby .	baby ( x _ 0 ) AND help . agent ( x _ 1 , Olivia ) AND help . theme ( x _ 1 , Noah ) AND help . agent ( x _ 2 , Isabella ) AND help . theme ( x _ 2 , x _ 0 )	elips_gapping_in_dist
743	Mason ate a monster and a baby a lamb .	monster ( x _ 0 ) AND baby ( x _ 1 ) AND lamb ( x _ 2 ) AND eat . agent ( x _ 3 , Mason ) AND eat . theme ( x _ 3 , x _ 0 ) AND eat . agent ( x _ 4 , x _ 1 ) AND eat . theme ( x _ 4 , x _ 2 )	elips_gapping_in_dist
744	A girl respected Olivia and a frog a turtle .	girl ( x _ 0 ) AND frog ( x _ 1 ) AND turtle ( x _ 2 ) AND respect . agent ( x _ 3 , x _ 0 ) AND respect . theme ( x _ 3 , Olivia ) AND respect . agent ( x _ 4 , x _ 1 ) AND respect . theme ( x _ 4 , x _ 2 )	elips_gapping_in_dist
745	Oliver ate Harper and Sophia the girl .	* girl ( x _ 0 ) ; eat . agent ( x _ 1 , Oliver ) AND eat . theme ( x _ 1 , Harper ) AND eat . agent ( x _ 2 , Sophia ) AND eat . theme ( x _ 2 , x _ 0 )	elips_gapping_in_dist
746	The giraffe liked Scarlett and Ava a dog .	* giraffe ( x _ 0 ) ; dog ( x _ 1 ) AND like . agent ( x _ 2 , x _ 0 ) AND like . theme ( x _ 2 , Scarlett ) AND like . agent ( x _ 3 , Ava ) AND like . theme ( x _ 3 , x _ 1 )	elips_gapping_in_dist
747	The boy poked the butterfly and the girl Emma .	* boy ( x _ 0 ) ; * butterfly ( x _ 1 ) ; * girl ( x _ 2 ) ; poke . agent ( x _ 3 , x _ 0 ) AND poke . theme ( x _ 3 , x _ 1 ) AND poke . agent ( x _ 4 , x _ 2 ) AND poke . theme ( x _ 4 , Emma )	elips_gapping_in_dist
748	A child dusted the boy and a cow a frog .	* boy ( x _ 1 ) ; child ( x _ 0 ) AND cow ( x _ 2 ) AND frog ( x _ 3 ) AND dust . agent ( x _ 4 , x _ 0 ) AND dust . theme ( x _ 4 , x _ 1 ) AND dust . agent ( x _ 5 , x _ 2 ) AND dust . theme ( x _ 5 , x _ 3 )	elips_gapping_in_dist
749	A cow liked a boy and the dog the cat .	* dog ( x _ 2 ) ; * cat ( x _ 3 ) ; cow ( x _ 0 ) AND boy ( x _ 1 ) AND like . agent ( x _ 4 , x _ 0 ) AND like . theme ( x _ 4 , x _ 1 ) AND like . agent ( x _ 5 , x _ 2 ) AND like . theme ( x _ 5 , x _ 3 )	elips_gapping_in_dist
750	The teacher cooked the guest and David a girl .	* teacher ( x _ 0 ) ; * guest ( x _ 1 ) ; girl ( x _ 2 ) AND cook . agent ( x _ 3 , x _ 0 ) AND cook . theme ( x _ 3 , x _ 1 ) AND cook . agent ( x _ 4 , David ) AND cook . theme ( x _ 4 , x _ 2 )	elips_gapping_in_dist
751	Aiden adored a girl and Mason Liam .	girl ( x _ 0 ) AND adore . agent ( x _ 1 , Aiden ) AND adore . theme ( x _ 1 , x _ 0 ) AND adore . agent ( x _ 2 , Mason ) AND adore . theme ( x _ 2 , Liam )	elips_gapping_in_dist
752	The cat found Olivia and a butterfly a chicken .	* cat ( x _ 0 ) ; butterfly ( x _ 1 ) AND chicken ( x _ 2 ) AND find . agent ( x _ 3 , x _ 0 ) AND find . theme ( x _ 3 , Olivia ) AND find . agent ( x _ 4 , x _ 1 ) AND find . theme ( x _ 4 , x _ 2 )	elips_gapping_in_dist
753	The butterfly loved Olivia and a hero Emma .	* butterfly ( x _ 0 ) ; hero ( x _ 1 ) AND love . agent ( x _ 2 , x _ 0 ) AND love . theme ( x _ 2 , Olivia ) AND love . agent ( x _ 3 , x _ 1 ) AND love . theme ( x _ 3 , Emma )	elips_gapping_in_dist
754	Emma missed the cat and Liam Olivia .	* cat ( x _ 0 ) ; miss . agent ( x _ 1 , Emma ) AND miss . theme ( x _ 1 , x _ 0 ) AND miss . agent ( x _ 2 , Liam ) AND miss . theme ( x _ 2 , Olivia )	elips_gapping_in_dist
755	Liam painted a girl and a bird Emma .	girl ( x _ 0 ) AND bird ( x _ 1 ) AND paint . agent ( x _ 2 , Liam ) AND paint . theme ( x _ 2 , x _ 0 ) AND paint . agent ( x _ 3 , x _ 1 ) AND paint . theme ( x _ 3 , Emma )	elips_gapping_in_dist
756	A bear liked a boy and Emma the girl .	* girl ( x _ 2 ) ; bear ( x _ 0 ) AND boy ( x _ 1 ) AND like . agent ( x _ 3 , x _ 0 ) AND like . theme ( x _ 3 , x _ 1 ) AND like . agent ( x _ 4 , Emma ) AND like . theme ( x _ 4 , x _ 2 )	elips_gapping_in_dist
757	Liam admired William and a girl the cat .	* cat ( x _ 1 ) ; girl ( x _ 0 ) AND admire . agent ( x _ 2 , Liam ) AND admire . theme ( x _ 2 , William ) AND admire . agent ( x _ 3 , x _ 0 ) AND admire . theme ( x _ 3 , x _ 1 )	elips_gapping_in_dist
758	Harper adored a girl and a penguin Sebastian .	girl ( x _ 0 ) AND penguin ( x _ 1 ) AND adore . agent ( x _ 2 , Harper ) AND adore . theme ( x _ 2 , x _ 0 ) AND adore . agent ( x _ 3 , x _ 1 ) AND adore . theme ( x _ 3 , Sebastian )	elips_gapping_in_dist
759	The boy liked the producer and Emma William .	* boy ( x _ 0 ) ; * producer ( x _ 1 ) ; like . agent ( x _ 2 , x _ 0 ) AND like . theme ( x _ 2 , x _ 1 ) AND like . agent ( x _ 3 , Emma ) AND like . theme ( x _ 3 , William )	elips_gapping_in_dist
760	Levi adored Emma and the writer Harper .	* writer ( x _ 0 ) ; adore . agent ( x _ 1 , Levi ) AND adore . theme ( x _ 1 , Emma ) AND adore . agent ( x _ 2 , x _ 0 ) AND adore . theme ( x _ 2 , Harper )	elips_gapping_in_dist
761	Emma liked the girl and Noah a squirrel .	* girl ( x _ 0 ) ; squirrel ( x _ 1 ) AND like . agent ( x _ 2 , Emma ) AND like . theme ( x _ 2 , x _ 0 ) AND like . agent ( x _ 3 , Noah ) AND like . theme ( x _ 3 , x _ 1 )	elips_gapping_in_dist
762	John ate the teacher and the penguin Emma .	* teacher ( x _ 0 ) ; * penguin ( x _ 1 ) ; eat . agent ( x _ 2 , John ) AND eat . theme ( x _ 2 , x _ 0 ) AND eat . agent ( x _ 3 , x _ 1 ) AND eat . theme ( x _ 3 , Emma )	elips_gapping_in_dist
763	Mia juggled the girl and Emma a monkey .	* girl ( x _ 0 ) ; monkey ( x _ 1 ) AND juggle . agent ( x _ 2 , Mia ) AND juggle . theme ( x _ 2 , x _ 0 ) AND juggle . agent ( x _ 3 , Emma ) AND juggle . theme ( x _ 3 , x _ 1 )	elips_gapping_in_dist
764	Abigail missed Sebastian and a cat Jayden .	cat ( x _ 0 ) AND miss . agent ( x _ 1 , Abigail ) AND miss . theme ( x _ 1 , Sebastian ) AND miss . agent ( x _ 2 , x _ 0 ) AND miss . theme ( x _ 2 , Jayden )	elips_gapping_in_dist
765	The cat painted James and Emma Daniel .	* cat ( x _ 0 ) ; paint . agent ( x _ 1 , x _ 0 ) AND paint . theme ( x _ 1 , James ) AND paint . agent ( x _ 2 , Emma ) AND paint . theme ( x _ 2 , Daniel )	elips_gapping_in_dist
766	A chicken helped the poet and Olivia the boy .	* poet ( x _ 1 ) ; * boy ( x _ 2 ) ; chicken ( x _ 0 ) AND help . agent ( x _ 3 , x _ 0 ) AND help . theme ( x _ 3 , x _ 1 ) AND help . agent ( x _ 4 , Olivia ) AND help . theme ( x _ 4 , x _ 2 )	elips_gapping_in_dist
767	The pony hunted Olivia and Noah the boy .	* pony ( x _ 0 ) ; * boy ( x _ 1 ) ; hunt . agent ( x _ 2 , x _ 0 ) AND hunt . theme ( x _ 2 , Olivia ) AND hunt . agent ( x _ 3 , Noah ) AND hunt . theme ( x _ 3 , x _ 1 )	elips_gapping_in_dist
768	Ava cleaned a baby and the soldier a girl .	* soldier ( x _ 1 ) ; baby ( x _ 0 ) AND girl ( x _ 2 ) AND clean . agent ( x _ 3 , Ava ) AND clean . theme ( x _ 3 , x _ 0 ) AND clean . agent ( x _ 4 , x _ 1 ) AND clean . theme ( x _ 4 , x _ 2 )	elips_gapping_in_dist
769	Emma liked a mother and a giraffe William .	mother ( x _ 0 ) AND giraffe ( x _ 1 ) AND like . agent ( x _ 2 , Emma ) AND like . theme ( x _ 2 , x _ 0 ) AND like . agent ( x _ 3 , x _ 1 ) AND like . theme ( x _ 3 , William )	elips_gapping_in_dist
770	The kid liked Olivia and William a girl .	* kid ( x _ 0 ) ; girl ( x _ 1 ) AND like . agent ( x _ 2 , x _ 0 ) AND like . theme ( x _ 2 , Olivia ) AND like . agent ( x _ 3 , William ) AND like . theme ( x _ 3 , x _ 1 )	elips_gapping_in_dist
771	The lion nursed Mia and Oliver Olivia .	* lion ( x _ 0 ) ; nurse . agent ( x _ 1 , x _ 0 ) AND nurse . theme ( x _ 1 , Mia ) AND nurse . agent ( x _ 2 , Oliver ) AND nurse . theme ( x _ 2 , Olivia )	elips_gapping_in_dist
772	Emma liked the child and the chicken Nathan .	* child ( x _ 0 ) ; * chicken ( x _ 1 ) ; like . agent ( x _ 2 , Emma ) AND like . theme ( x _ 2 , x _ 0 ) AND like . agent ( x _ 3 , x _ 1 ) AND like . theme ( x _ 3 , Nathan )	elips_gapping_in_dist
773	The dog hunted a father and Emma the girl .	* dog ( x _ 0 ) ; * girl ( x _ 2 ) ; father ( x _ 1 ) AND hunt . agent ( x _ 3 , x _ 0 ) AND hunt . theme ( x _ 3 , x _ 1 ) AND hunt . agent ( x _ 4 , Emma ) AND hunt . theme ( x _ 4 , x _ 2 )	elips_gapping_in_dist
774	Olivia ate the girl and the monkey the prince .	* girl ( x _ 0 ) ; * monkey ( x _ 1 ) ; * prince ( x _ 2 ) ; eat . agent ( x _ 3 , Olivia ) AND eat . theme ( x _ 3 , x _ 0 ) AND eat . agent ( x _ 4 , x _ 1 ) AND eat . theme ( x _ 4 , x _ 2 )	elips_gapping_in_dist
775	The girl liked a president and Luna a bear .	* girl ( x _ 0 ) ; president ( x _ 1 ) AND bear ( x _ 2 ) AND like . agent ( x _ 3 , x _ 0 ) AND like . theme ( x _ 3 , x _ 1 ) AND like . agent ( x _ 4 , Luna ) AND like . theme ( x _ 4 , x _ 2 )	elips_gapping_in_dist
776	Logan found Sophia and a squirrel a princess .	squirrel ( x _ 0 ) AND princess ( x _ 1 ) AND find . agent ( x _ 2 , Logan ) AND find . theme ( x _ 2 , Sophia ) AND find . agent ( x _ 3 , x _ 0 ) AND find . theme ( x _ 3 , x _ 1 )	elips_gapping_in_dist
777	Jayden found the girl and Benjamin a princess .	* girl ( x _ 0 ) ; princess ( x _ 1 ) AND find . agent ( x _ 2 , Jayden ) AND find . theme ( x _ 2 , x _ 0 ) AND find . agent ( x _ 3 , Benjamin ) AND find . theme ( x _ 3 , x _ 1 )	elips_gapping_in_dist
778	A dog loved the girl and Sophia Noah .	* girl ( x _ 1 ) ; dog ( x _ 0 ) AND love . agent ( x _ 2 , x _ 0 ) AND love . theme ( x _ 2 , x _ 1 ) AND love . agent ( x _ 3 , Sophia ) AND love . theme ( x _ 3 , Noah )	elips_gapping_in_dist
779	A donkey hunted Olivia and Mason Noah .	donkey ( x _ 0 ) AND hunt . agent ( x _ 1 , x _ 0 ) AND hunt . theme ( x _ 1 , Olivia ) AND hunt . agent ( x _ 2 , Mason ) AND hunt . theme ( x _ 2 , Noah )	elips_gapping_in_dist
780	The penguin respected Emma and the boy Nathan .	* penguin ( x _ 0 ) ; * boy ( x _ 1 ) ; respect . agent ( x _ 2 , x _ 0 ) AND respect . theme ( x _ 2 , Emma ) AND respect . agent ( x _ 3 , x _ 1 ) AND respect . theme ( x _ 3 , Nathan )	elips_gapping_in_dist
781	The boy respected Emma and a bird Ella .	* boy ( x _ 0 ) ; bird ( x _ 1 ) AND respect . agent ( x _ 2 , x _ 0 ) AND respect . theme ( x _ 2 , Emma ) AND respect . agent ( x _ 3 , x _ 1 ) AND respect . theme ( x _ 3 , Ella )	elips_gapping_in_dist
782	Ava ate a girl and Noah Emma .	girl ( x _ 0 ) AND eat . agent ( x _ 1 , Ava ) AND eat . theme ( x _ 1 , x _ 0 ) AND eat . agent ( x _ 2 , Noah ) AND eat . theme ( x _ 2 , Emma )	elips_gapping_in_dist
783	Andrew liked Bella and Emma a girl .	girl ( x _ 0 ) AND like . agent ( x _ 1 , Andrew ) AND like . theme ( x _ 1 , Bella ) AND like . agent ( x _ 2 , Emma ) AND like . theme ( x _ 2 , x _ 0 )	elips_gapping_in_dist
784	A girl helped a cat and Camila Isabella .	girl ( x _ 0 ) AND cat ( x _ 1 ) AND help . agent ( x _ 2 , x _ 0 ) AND help . theme ( x _ 2 , x _ 1 ) AND help . agent ( x _ 3 , Camila ) AND help . theme ( x _ 3 , Isabella )	elips_gapping_in_dist
785	Hazel ate a baby and the girl a cat .	* girl ( x _ 1 ) ; baby ( x _ 0 ) AND cat ( x _ 2 ) AND eat . agent ( x _ 3 , Hazel ) AND eat . theme ( x _ 3 , x _ 0 ) AND eat . agent ( x _ 4 , x _ 1 ) AND eat . theme ( x _ 4 , x _ 2 )	elips_gapping_in_dist
786	Liam hunted a bird and Emma a boy .	bird ( x _ 0 ) AND boy ( x _ 1 ) AND hunt . agent ( x _ 2 , Liam ) AND hunt . theme ( x _ 2 , x _ 0 ) AND hunt . agent ( x _ 3 , Emma ) AND hunt . theme ( x _ 3 , x _ 1 )	elips_gapping_in_dist
787	Riley liked Noah and Emma Christopher .	like . agent ( x _ 0 , Riley ) AND like . theme ( x _ 0 , Noah ) AND like . agent ( x _ 1 , Emma ) AND like . theme ( x _ 1 , Christopher )	elips_gapping_in_dist
788	A dog found Emma and the child Liam .	* child ( x _ 1 ) ; dog ( x _ 0 ) AND find . agent ( x _ 2 , x _ 0 ) AND find . theme ( x _ 2 , Emma ) AND find . agent ( x _ 3 , x _ 1 ) AND find . theme ( x _ 3 , Liam )	elips_gapping_in_dist
789	Liam loved the baby and a girl Emma .	* baby ( x _ 0 ) ; girl ( x _ 1 ) AND love . agent ( x _ 2 , Liam ) AND love . theme ( x _ 2 , x _ 0 ) AND love . agent ( x _ 3 , x _ 1 ) AND love . theme ( x _ 3 , Emma )	elips_gapping_in_dist
790	Liam ate Logan and Emma the teacher .	* teacher ( x _ 0 ) ; eat . agent ( x _ 1 , Liam ) AND eat . theme ( x _ 1 , Logan ) AND eat . agent ( x _ 2 , Emma ) AND eat . theme ( x _ 2 , x _ 0 )	elips_gapping_in_dist
791	Samuel drew a tourist and the girl Emma .	* girl ( x _ 1 ) ; tourist ( x _ 0 ) AND draw . agent ( x _ 2 , Samuel ) AND draw . theme ( x _ 2 , x _ 0 ) AND draw . agent ( x _ 3 , x _ 1 ) AND draw . theme ( x _ 3 , Emma )	elips_gapping_in_dist
792	The girl drew Alexander and Liam Nora .	* girl ( x _ 0 ) ; draw . agent ( x _ 1 , x _ 0 ) AND draw . theme ( x _ 1 , Alexander ) AND draw . agent ( x _ 2 , Liam ) AND draw . theme ( x _ 2 , Nora )	elips_gapping_in_dist
793	The boy painted the girl and Ryan Emma .	* boy ( x _ 0 ) ; * girl ( x _ 1 ) ; paint . agent ( x _ 2 , x _ 0 ) AND paint . theme ( x _ 2 , x _ 1 ) AND paint . agent ( x _ 3 , Ryan ) AND paint . theme ( x _ 3 , Emma )	elips_gapping_in_dist
794	A spokesman liked a cat and a boy Olivia .	spokesman ( x _ 0 ) AND cat ( x _ 1 ) AND boy ( x _ 2 ) AND like . agent ( x _ 3 , x _ 0 ) AND like . theme ( x _ 3 , x _ 1 ) AND like . agent ( x _ 4 , x _ 2 ) AND like . theme ( x _ 4 , Olivia )	elips_gapping_in_dist
795	Mateo ate a frog and a boy Liam .	frog ( x _ 0 ) AND boy ( x _ 1 ) AND eat . agent ( x _ 2 , Mateo ) AND eat . theme ( x _ 2 , x _ 0 ) AND eat . agent ( x _ 3 , x _ 1 ) AND eat . theme ( x _ 3 , Liam )	elips_gapping_in_dist
796	James liked Noah and Isabella the boy .	* boy ( x _ 0 ) ; like . agent ( x _ 1 , James ) AND like . theme ( x _ 1 , Noah ) AND like . agent ( x _ 2 , Isabella ) AND like . theme ( x _ 2 , x _ 0 )	elips_gapping_in_dist
797	A cat ate Emily and Noah William .	cat ( x _ 0 ) AND eat . agent ( x _ 1 , x _ 0 ) AND eat . theme ( x _ 1 , Emily ) AND eat . agent ( x _ 2 , Noah ) AND eat . theme ( x _ 2 , William )	elips_gapping_in_dist
798	Ella cleaned Olivia and a child Charlotte .	child ( x _ 0 ) AND clean . agent ( x _ 1 , Ella ) AND clean . theme ( x _ 1 , Olivia ) AND clean . agent ( x _ 2 , x _ 0 ) AND clean . theme ( x _ 2 , Charlotte )	elips_gapping_in_dist
799	Sofia adored Lillian and a monkey Emma .	monkey ( x _ 0 ) AND adore . agent ( x _ 1 , Sofia ) AND adore . theme ( x _ 1 , Lillian ) AND adore . agent ( x _ 2 , x _ 0 ) AND adore . theme ( x _ 2 , Emma )	elips_gapping_in_dist
0	The girl cooked a cake and so did the baby .	* girl ( x _ 0 ) ; * baby ( x _ 2 ) ; cake ( x _ 3 ) AND cook . agent ( x _ 4 , x _ 0 ) AND cook . theme ( x _ 4 , x _ 3 ) AND cook . agent ( x _ 5 , x _ 2 ) AND cook . theme ( x _ 5 , x _ 3 )	elips_VPE_in_dist
1	Oliver hoped that a girl liked a kid and so did a doctor .	girl ( x _ 3 ) AND kid ( x _ 4 ) AND doctor ( x _ 2 ) AND hope . agent ( x _ 5 , Oliver ) AND hope . ccomp ( x _ 5, x _ 6 ) AND like . agent ( x _ 6 , x _ 3 ) AND like . theme ( x _ 6 , x _ 4 ) AND hope . agent ( x _ 7 , x _ 2 ) AND hope . ccomp ( x _ 7, x _ 8 ) AND like . agent ( x _ 8 , x _ 3 ) AND like . theme ( x _ 8 , x _ 4 )	elips_VPE_in_dist
2	Olivia helped Thomas and so did William .	help . agent ( x _ 0 , Olivia ) AND help . theme ( x _ 0 , Thomas ) AND help . agent ( x _ 1 , William ) AND help . theme ( x _ 1 , Thomas )	elips_VPE_in_dist
3	The girl helped a bunny and so did Emma .	* girl ( x _ 0 ) ; bunny ( x _ 2 ) AND help . agent ( x _ 3 , x _ 0 ) AND help . theme ( x _ 3 , x _ 2 ) AND help . agent ( x _ 4 , Emma ) AND help . theme ( x _ 4 , x _ 2 )	elips_VPE_in_dist
4	Ava poked the baby and so did Olivia .	* baby ( x _ 1 ) ; poke . agent ( x _ 2 , Ava ) AND poke . theme ( x _ 2 , x _ 1 ) AND poke . agent ( x _ 3 , Olivia ) AND poke . theme ( x _ 3 , x _ 1 )	elips_VPE_in_dist
5	Emma painted Luke and so did a bear .	bear ( x _ 0 ) AND paint . agent ( x _ 1 , Emma ) AND paint . theme ( x _ 1 , Luke ) AND paint . agent ( x _ 2 , x _ 0 ) AND paint . theme ( x _ 2 , Luke )	elips_VPE_in_dist
6	Liam cleaned Penelope and so did a soldier .	soldier ( x _ 0 ) AND clean . agent ( x _ 1 , Liam ) AND clean . theme ( x _ 1 , Penelope ) AND clean . agent ( x _ 2 , x _ 0 ) AND clean . theme ( x _ 2 , Penelope )	elips_VPE_in_dist
7	Emma meant that the boy helped a doll and so did a butterfly .	* boy ( x _ 3 ) ; doll ( x _ 4 ) AND butterfly ( x _ 2 ) AND mean . agent ( x _ 5 , Emma ) AND mean . ccomp ( x _ 5, x _ 6 ) AND help . agent ( x _ 6 , x _ 3 ) AND help . theme ( x _ 6 , x _ 4 ) AND mean . agent ( x _ 7 , x _ 2 ) AND mean . ccomp ( x _ 7, x _ 8 ) AND help . agent ( x _ 8 , x _ 3 ) AND help . theme ( x _ 8 , x _ 4 )	elips_VPE_in_dist
8	A lion helped the pen and so did a girl .	* pen ( x _ 3 ) ; lion ( x _ 0 ) AND girl ( x _ 2 ) AND help . agent ( x _ 4 , x _ 0 ) AND help . theme ( x _ 4 , x _ 3 ) AND help . agent ( x _ 5 , x _ 2 ) AND help . theme ( x _ 5 , x _ 3 )	elips_VPE_in_dist
9	Ethan painted Hannah and so did Noah .	paint . agent ( x _ 0 , Ethan ) AND paint . theme ( x _ 0 , Hannah ) AND paint . agent ( x _ 1 , Noah ) AND paint . theme ( x _ 1 , Hannah )	elips_VPE_in_dist
10	The girl cooked the donut and so did a mother .	* girl ( x _ 0 ) ; * donut ( x _ 3 ) ; mother ( x _ 2 ) AND cook . agent ( x _ 4 , x _ 0 ) AND cook . theme ( x _ 4 , x _ 3 ) AND cook . agent ( x _ 5 , x _ 2 ) AND cook . theme ( x _ 5 , x _ 3 )	elips_VPE_in_dist
11	The boy said that the bear juggled Penelope and so did Emma .	* boy ( x _ 0 ) ; * bear ( x _ 2 ) ; say . agent ( x _ 3 , x _ 0 ) AND say . ccomp ( x _ 3, x _ 4 ) AND juggle . agent ( x _ 4 , x _ 2 ) AND juggle . theme ( x _ 4 , Penelope ) AND say . agent ( x _ 5 , Emma ) AND say . ccomp ( x _ 5, x _ 6 ) AND juggle . agent ( x _ 6 , x _ 2 ) AND juggle . theme ( x _ 6 , Penelope )	elips_VPE_in_dist
12	Luke cleaned the girl and so did Emma .	* girl ( x _ 1 ) ; clean . agent ( x _ 2 , Luke ) AND clean . theme ( x _ 2 , x _ 1 ) AND clean . agent ( x _ 3 , Emma ) AND clean . theme ( x _ 3 , x _ 1 )	elips_VPE_in_dist
13	Isabella juggled the cake and so did a sailor .	* cake ( x _ 2 ) ; sailor ( x _ 1 ) AND juggle . agent ( x _ 3 , Isabella ) AND juggle . theme ( x _ 3 , x _ 2 ) AND juggle . agent ( x _ 4 , x _ 1 ) AND juggle . theme ( x _ 4 , x _ 2 )	elips_VPE_in_dist
14	Emma liked the box and so did a cat .	* box ( x _ 2 ) ; cat ( x _ 1 ) AND like . agent ( x _ 3 , Emma ) AND like . theme ( x _ 3 , x _ 2 ) AND like . agent ( x _ 4 , x _ 1 ) AND like . theme ( x _ 4 , x _ 2 )	elips_VPE_in_dist
15	Olivia ate the monkey and so did a girl .	* monkey ( x _ 2 ) ; girl ( x _ 1 ) AND eat . agent ( x _ 3 , Olivia ) AND eat . theme ( x _ 3 , x _ 2 ) AND eat . agent ( x _ 4 , x _ 1 ) AND eat . theme ( x _ 4 , x _ 2 )	elips_VPE_in_dist
16	Emma ate the child and so did a boy .	* child ( x _ 2 ) ; boy ( x _ 1 ) AND eat . agent ( x _ 3 , Emma ) AND eat . theme ( x _ 3 , x _ 2 ) AND eat . agent ( x _ 4 , x _ 1 ) AND eat . theme ( x _ 4 , x _ 2 )	elips_VPE_in_dist
17	Emma appreciated Penelope and so did the wolf .	* wolf ( x _ 0 ) ; appreciate . agent ( x _ 1 , Emma ) AND appreciate . theme ( x _ 1 , Penelope ) AND appreciate . agent ( x _ 2 , x _ 0 ) AND appreciate . theme ( x _ 2 , Penelope )	elips_VPE_in_dist
18	A boy missed a balloon and so did the pony .	* pony ( x _ 2 ) ; boy ( x _ 0 ) AND balloon ( x _ 3 ) AND miss . agent ( x _ 4 , x _ 0 ) AND miss . theme ( x _ 4 , x _ 3 ) AND miss . agent ( x _ 5 , x _ 2 ) AND miss . theme ( x _ 5 , x _ 3 )	elips_VPE_in_dist
19	Emma juggled Penelope and so did Isabella .	juggle . agent ( x _ 0 , Emma ) AND juggle . theme ( x _ 0 , Penelope ) AND juggle . agent ( x _ 1 , Isabella ) AND juggle . theme ( x _ 1 , Penelope )	elips_VPE_in_dist
20	Evelyn missed a ball and so did the chicken .	* chicken ( x _ 1 ) ; ball ( x _ 2 ) AND miss . agent ( x _ 3 , Evelyn ) AND miss . theme ( x _ 3 , x _ 2 ) AND miss . agent ( x _ 4 , x _ 1 ) AND miss . theme ( x _ 4 , x _ 2 )	elips_VPE_in_dist
21	Benjamin painted the girl and so did a judge .	* girl ( x _ 2 ) ; judge ( x _ 1 ) AND paint . agent ( x _ 3 , Benjamin ) AND paint . theme ( x _ 3 , x _ 2 ) AND paint . agent ( x _ 4 , x _ 1 ) AND paint . theme ( x _ 4 , x _ 2 )	elips_VPE_in_dist
22	Emma wished that the cat ate the boy and so did the girl .	* cat ( x _ 3 ) ; * boy ( x _ 4 ) ; * girl ( x _ 2 ) ; wish . agent ( x _ 5 , Emma ) AND wish . ccomp ( x _ 5, x _ 6 ) AND eat . agent ( x _ 6 , x _ 3 ) AND eat . theme ( x _ 6 , x _ 4 ) AND wish . agent ( x _ 7 , x _ 2 ) AND wish . ccomp ( x _ 7, x _ 8 ) AND eat . agent ( x _ 8 , x _ 3 ) AND eat . theme ( x _ 8 , x _ 4 )	elips_VPE_in_dist
23	A bird ate a jigsaw and so did Olivia .	bird ( x _ 0 ) AND jigsaw ( x _ 2 ) AND eat . agent ( x _ 3 , x _ 0 ) AND eat . theme ( x _ 3 , x _ 2 ) AND eat . agent ( x _ 4 , Olivia ) AND eat . theme ( x _ 4 , x _ 2 )	elips_VPE_in_dist
24	The penguin found a muffin and so did a dog .	* penguin ( x _ 0 ) ; muffin ( x _ 3 ) AND dog ( x _ 2 ) AND find . agent ( x _ 4 , x _ 0 ) AND find . theme ( x _ 4 , x _ 3 ) AND find . agent ( x _ 5 , x _ 2 ) AND find . theme ( x _ 5 , x _ 3 )	elips_VPE_in_dist
25	Isabella hoped that the girl dusted a cake and so did Elijah .	* girl ( x _ 2 ) ; cake ( x _ 3 ) AND hope . agent ( x _ 4 , Isabella ) AND hope . ccomp ( x _ 4, x _ 5 ) AND dust . agent ( x _ 5 , x _ 2 ) AND dust . theme ( x _ 5 , x _ 3 ) AND hope . agent ( x _ 6 , Elijah ) AND hope . ccomp ( x _ 6, x _ 7 ) AND dust . agent ( x _ 7 , x _ 2 ) AND dust . theme ( x _ 7 , x _ 3 )	elips_VPE_in_dist
26	Elijah noticed that Liam found a cookie and so did the mouse .	* mouse ( x _ 1 ) ; cookie ( x _ 2 ) AND notice . agent ( x _ 3 , Elijah ) AND notice . ccomp ( x _ 3, x _ 4 ) AND find . agent ( x _ 4 , Liam ) AND find . theme ( x _ 4 , x _ 2 ) AND notice . agent ( x _ 5 , x _ 1 ) AND notice . ccomp ( x _ 5, x _ 6 ) AND find . agent ( x _ 6 , Liam ) AND find . theme ( x _ 6 , x _ 2 )	elips_VPE_in_dist
27	Emma nursed a raisin and so did the boy .	* boy ( x _ 1 ) ; raisin ( x _ 2 ) AND nurse . agent ( x _ 3 , Emma ) AND nurse . theme ( x _ 3 , x _ 2 ) AND nurse . agent ( x _ 4 , x _ 1 ) AND nurse . theme ( x _ 4 , x _ 2 )	elips_VPE_in_dist
28	Theodore admired that a girl found a chalk and so did Emma .	girl ( x _ 2 ) AND chalk ( x _ 3 ) AND admire . agent ( x _ 4 , Theodore ) AND admire . ccomp ( x _ 4, x _ 5 ) AND find . agent ( x _ 5 , x _ 2 ) AND find . theme ( x _ 5 , x _ 3 ) AND admire . agent ( x _ 6 , Emma ) AND admire . ccomp ( x _ 6, x _ 7 ) AND find . agent ( x _ 7 , x _ 2 ) AND find . theme ( x _ 7 , x _ 3 )	elips_VPE_in_dist
29	The student cleaned Zoey and so did the horse .	* student ( x _ 0 ) ; * horse ( x _ 1 ) ; clean . agent ( x _ 2 , x _ 0 ) AND clean . theme ( x _ 2 , Zoey ) AND clean . agent ( x _ 3 , x _ 1 ) AND clean . theme ( x _ 3 , Zoey )	elips_VPE_in_dist
30	A squirrel liked Wyatt and so did the girl .	* girl ( x _ 1 ) ; squirrel ( x _ 0 ) AND like . agent ( x _ 2 , x _ 0 ) AND like . theme ( x _ 2 , Wyatt ) AND like . agent ( x _ 3 , x _ 1 ) AND like . theme ( x _ 3 , Wyatt )	elips_VPE_in_dist
31	Emma poked Addison and so did the duck .	* duck ( x _ 0 ) ; poke . agent ( x _ 1 , Emma ) AND poke . theme ( x _ 1 , Addison ) AND poke . agent ( x _ 2 , x _ 0 ) AND poke . theme ( x _ 2 , Addison )	elips_VPE_in_dist
32	A girl cooked Natalie and so did a chicken .	girl ( x _ 0 ) AND chicken ( x _ 1 ) AND cook . agent ( x _ 2 , x _ 0 ) AND cook . theme ( x _ 2 , Natalie ) AND cook . agent ( x _ 3 , x _ 1 ) AND cook . theme ( x _ 3 , Natalie )	elips_VPE_in_dist
33	A girl poked a key and so did Emma .	girl ( x _ 0 ) AND key ( x _ 2 ) AND poke . agent ( x _ 3 , x _ 0 ) AND poke . theme ( x _ 3 , x _ 2 ) AND poke . agent ( x _ 4 , Emma ) AND poke . theme ( x _ 4 , x _ 2 )	elips_VPE_in_dist
34	A boy meant that Noah liked Penelope and so did a girl .	boy ( x _ 0 ) AND girl ( x _ 1 ) AND mean . agent ( x _ 2 , x _ 0 ) AND mean . ccomp ( x _ 2, x _ 3 ) AND like . agent ( x _ 3 , Noah ) AND like . theme ( x _ 3 , Penelope ) AND mean . agent ( x _ 4 , x _ 1 ) AND mean . ccomp ( x _ 4, x _ 5 ) AND like . agent ( x _ 5 , Noah ) AND like . theme ( x _ 5 , Penelope )	elips_VPE_in_dist
35	Michael ate the cookie and so did Chloe .	* cookie ( x _ 1 ) ; eat . agent ( x _ 2 , Michael ) AND eat . theme ( x _ 2 , x _ 1 ) AND eat . agent ( x _ 3 , Chloe ) AND eat . theme ( x _ 3 , x _ 1 )	elips_VPE_in_dist
36	Emma liked a spoon and so did Scarlett .	spoon ( x _ 1 ) AND like . agent ( x _ 2 , Emma ) AND like . theme ( x _ 2 , x _ 1 ) AND like . agent ( x _ 3 , Scarlett ) AND like . theme ( x _ 3 , x _ 1 )	elips_VPE_in_dist
37	A girl painted a child and so did a boy .	girl ( x _ 0 ) AND child ( x _ 3 ) AND boy ( x _ 2 ) AND paint . agent ( x _ 4 , x _ 0 ) AND paint . theme ( x _ 4 , x _ 3 ) AND paint . agent ( x _ 5 , x _ 2 ) AND paint . theme ( x _ 5 , x _ 3 )	elips_VPE_in_dist
38	A guard dreamed that the guy poked a cake and so did the baby .	* guy ( x _ 4 ) ; * baby ( x _ 3 ) ; guard ( x _ 0 ) AND cake ( x _ 5 ) AND dream . agent ( x _ 6 , x _ 0 ) AND dream . ccomp ( x _ 6, x _ 7 ) AND poke . agent ( x _ 7 , x _ 4 ) AND poke . theme ( x _ 7 , x _ 5 ) AND dream . agent ( x _ 8 , x _ 3 ) AND dream . ccomp ( x _ 8, x _ 9 ) AND poke . agent ( x _ 9 , x _ 4 ) AND poke . theme ( x _ 9 , x _ 5 )	elips_VPE_in_dist
39	The crocodile liked the donut and so did Oliver .	* crocodile ( x _ 0 ) ; * donut ( x _ 2 ) ; like . agent ( x _ 3 , x _ 0 ) AND like . theme ( x _ 3 , x _ 2 ) AND like . agent ( x _ 4 , Oliver ) AND like . theme ( x _ 4 , x _ 2 )	elips_VPE_in_dist
40	James loved Penelope and so did Emma .	love . agent ( x _ 0 , James ) AND love . theme ( x _ 0 , Penelope ) AND love . agent ( x _ 1 , Emma ) AND love . theme ( x _ 1 , Penelope )	elips_VPE_in_dist
41	The girl ate a cake and so did Christopher .	* girl ( x _ 0 ) ; cake ( x _ 2 ) AND eat . agent ( x _ 3 , x _ 0 ) AND eat . theme ( x _ 3 , x _ 2 ) AND eat . agent ( x _ 4 , Christopher ) AND eat . theme ( x _ 4 , x _ 2 )	elips_VPE_in_dist
42	Savannah found a box and so did the girl .	* girl ( x _ 1 ) ; box ( x _ 2 ) AND find . agent ( x _ 3 , Savannah ) AND find . theme ( x _ 3 , x _ 2 ) AND find . agent ( x _ 4 , x _ 1 ) AND find . theme ( x _ 4 , x _ 2 )	elips_VPE_in_dist
43	The dog sketched the donut and so did Liam .	* dog ( x _ 0 ) ; * donut ( x _ 2 ) ; sketch . agent ( x _ 3 , x _ 0 ) AND sketch . theme ( x _ 3 , x _ 2 ) AND sketch . agent ( x _ 4 , Liam ) AND sketch . theme ( x _ 4 , x _ 2 )	elips_VPE_in_dist
44	Layla liked that Liam missed a pancake and so did Emma .	pancake ( x _ 1 ) AND like . agent ( x _ 2 , Layla ) AND like . ccomp ( x _ 2, x _ 3 ) AND miss . agent ( x _ 3 , Liam ) AND miss . theme ( x _ 3 , x _ 1 ) AND like . agent ( x _ 4 , Emma ) AND like . ccomp ( x _ 4, x _ 5 ) AND miss . agent ( x _ 5 , Liam ) AND miss . theme ( x _ 5 , x _ 1 )	elips_VPE_in_dist
45	Benjamin liked that Olivia admired a rose and so did the bear .	* bear ( x _ 1 ) ; rose ( x _ 2 ) AND like . agent ( x _ 3 , Benjamin ) AND like . ccomp ( x _ 3, x _ 4 ) AND admire . agent ( x _ 4 , Olivia ) AND admire . theme ( x _ 4 , x _ 2 ) AND like . agent ( x _ 5 , x _ 1 ) AND like . ccomp ( x _ 5, x _ 6 ) AND admire . agent ( x _ 6 , Olivia ) AND admire . theme ( x _ 6 , x _ 2 )	elips_VPE_in_dist
46	The boy liked that Emma hunted Hazel and so did the girl .	* boy ( x _ 0 ) ; * girl ( x _ 1 ) ; like . agent ( x _ 2 , x _ 0 ) AND like . ccomp ( x _ 2, x _ 3 ) AND hunt . agent ( x _ 3 , Emma ) AND hunt . theme ( x _ 3 , Hazel ) AND like . agent ( x _ 4 , x _ 1 ) AND like . ccomp ( x _ 4, x _ 5 ) AND hunt . agent ( x _ 5 , Emma ) AND hunt . theme ( x _ 5 , Hazel )	elips_VPE_in_dist
47	A girl believed that a monster painted a queen and so did Lucas .	girl ( x _ 0 ) AND monster ( x _ 3 ) AND queen ( x _ 4 ) AND believe . agent ( x _ 5 , x _ 0 ) AND believe . ccomp ( x _ 5, x _ 6 ) AND paint . agent ( x _ 6 , x _ 3 ) AND paint . theme ( x _ 6 , x _ 4 ) AND believe . agent ( x _ 7 , Lucas ) AND believe . ccomp ( x _ 7, x _ 8 ) AND paint . agent ( x _ 8 , x _ 3 ) AND paint . theme ( x _ 8 , x _ 4 )	elips_VPE_in_dist
48	Liam liked that the patient cleaned the cake and so did Logan .	* patient ( x _ 2 ) ; * cake ( x _ 3 ) ; like . agent ( x _ 4 , Liam ) AND like . ccomp ( x _ 4, x _ 5 ) AND clean . agent ( x _ 5 , x _ 2 ) AND clean . theme ( x _ 5 , x _ 3 ) AND like . agent ( x _ 6 , Logan ) AND like . ccomp ( x _ 6, x _ 7 ) AND clean . agent ( x _ 7 , x _ 2 ) AND clean . theme ( x _ 7 , x _ 3 )	elips_VPE_in_dist
49	Elijah liked the donut and so did Emma .	* donut ( x _ 1 ) ; like . agent ( x _ 2 , Elijah ) AND like . theme ( x _ 2 , x _ 1 ) AND like . agent ( x _ 3 , Emma ) AND like . theme ( x _ 3 , x _ 1 )	elips_VPE_in_dist
50	A dog liked that Thomas painted Luke and so did Sofia .	dog ( x _ 0 ) AND like . agent ( x _ 1 , x _ 0 ) AND like . ccomp ( x _ 1, x _ 2 ) AND paint . agent ( x _ 2 , Thomas ) AND paint . theme ( x _ 2 , Luke ) AND like . agent ( x _ 3 , Sofia ) AND like . ccomp ( x _ 3, x _ 4 ) AND paint . agent ( x _ 4 , Thomas ) AND paint . theme ( x _ 4 , Luke )	elips_VPE_in_dist
51	Emma confessed that a girl liked Penelope and so did the bear .	* bear ( x _ 1 ) ; girl ( x _ 2 ) AND confess . agent ( x _ 3 , Emma ) AND confess . ccomp ( x _ 3, x _ 4 ) AND like . agent ( x _ 4 , x _ 2 ) AND like . theme ( x _ 4 , Penelope ) AND confess . agent ( x _ 5 , x _ 1 ) AND confess . ccomp ( x _ 5, x _ 6 ) AND like . agent ( x _ 6 , x _ 2 ) AND like . theme ( x _ 6 , Penelope )	elips_VPE_in_dist
52	William liked a bee and so did a girl .	bee ( x _ 2 ) AND girl ( x _ 1 ) AND like . agent ( x _ 3 , William ) AND like . theme ( x _ 3 , x _ 2 ) AND like . agent ( x _ 4 , x _ 1 ) AND like . theme ( x _ 4 , x _ 2 )	elips_VPE_in_dist
53	A cat respected the cake and so did Liam .	* cake ( x _ 2 ) ; cat ( x _ 0 ) AND respect . agent ( x _ 3 , x _ 0 ) AND respect . theme ( x _ 3 , x _ 2 ) AND respect . agent ( x _ 4 , Liam ) AND respect . theme ( x _ 4 , x _ 2 )	elips_VPE_in_dist
54	A girl hoped that Emma dusted the baby and so did the hero .	* baby ( x _ 3 ) ; * hero ( x _ 2 ) ; girl ( x _ 0 ) AND hope . agent ( x _ 4 , x _ 0 ) AND hope . ccomp ( x _ 4, x _ 5 ) AND dust . agent ( x _ 5 , Emma ) AND dust . theme ( x _ 5 , x _ 3 ) AND hope . agent ( x _ 6 , x _ 2 ) AND hope . ccomp ( x _ 6, x _ 7 ) AND dust . agent ( x _ 7 , Emma ) AND dust . theme ( x _ 7 , x _ 3 )	elips_VPE_in_dist
55	The girl loved a bear and so did Lillian .	* girl ( x _ 0 ) ; bear ( x _ 2 ) AND love . agent ( x _ 3 , x _ 0 ) AND love . theme ( x _ 3 , x _ 2 ) AND love . agent ( x _ 4 , Lillian ) AND love . theme ( x _ 4 , x _ 2 )	elips_VPE_in_dist
56	A cat believed that Liam liked the donut and so did Lucas .	* donut ( x _ 2 ) ; cat ( x _ 0 ) AND believe . agent ( x _ 3 , x _ 0 ) AND believe . ccomp ( x _ 3, x _ 4 ) AND like . agent ( x _ 4 , Liam ) AND like . theme ( x _ 4 , x _ 2 ) AND believe . agent ( x _ 5 , Lucas ) AND believe . ccomp ( x _ 5, x _ 6 ) AND like . agent ( x _ 6 , Liam ) AND like . theme ( x _ 6 , x _ 2 )	elips_VPE_in_dist
57	Liam tolerated that the cat missed a glue and so did William .	* cat ( x _ 2 ) ; glue ( x _ 3 ) AND tolerate . agent ( x _ 4 , Liam ) AND tolerate . ccomp ( x _ 4, x _ 5 ) AND miss . agent ( x _ 5 , x _ 2 ) AND miss . theme ( x _ 5 , x _ 3 ) AND tolerate . agent ( x _ 6 , William ) AND tolerate . ccomp ( x _ 6, x _ 7 ) AND miss . agent ( x _ 7 , x _ 2 ) AND miss . theme ( x _ 7 , x _ 3 )	elips_VPE_in_dist
58	Emma found the frog and so did the giraffe .	* frog ( x _ 2 ) ; * giraffe ( x _ 1 ) ; find . agent ( x _ 3 , Emma ) AND find . theme ( x _ 3 , x _ 2 ) AND find . agent ( x _ 4 , x _ 1 ) AND find . theme ( x _ 4 , x _ 2 )	elips_VPE_in_dist
59	Olivia ate Wyatt and so did Sebastian .	eat . agent ( x _ 0 , Olivia ) AND eat . theme ( x _ 0 , Wyatt ) AND eat . agent ( x _ 1 , Sebastian ) AND eat . theme ( x _ 1 , Wyatt )	elips_VPE_in_dist
60	Emma ate a raisin and so did the pig .	* pig ( x _ 1 ) ; raisin ( x _ 2 ) AND eat . agent ( x _ 3 , Emma ) AND eat . theme ( x _ 3 , x _ 2 ) AND eat . agent ( x _ 4 , x _ 1 ) AND eat . theme ( x _ 4 , x _ 2 )	elips_VPE_in_dist
61	The bunny liked the donut and so did Emma .	* bunny ( x _ 0 ) ; * donut ( x _ 2 ) ; like . agent ( x _ 3 , x _ 0 ) AND like . theme ( x _ 3 , x _ 2 ) AND like . agent ( x _ 4 , Emma ) AND like . theme ( x _ 4 , x _ 2 )	elips_VPE_in_dist
62	The girl cleaned a chicken and so did Emma .	* girl ( x _ 0 ) ; chicken ( x _ 2 ) AND clean . agent ( x _ 3 , x _ 0 ) AND clean . theme ( x _ 3 , x _ 2 ) AND clean . agent ( x _ 4 , Emma ) AND clean . theme ( x _ 4 , x _ 2 )	elips_VPE_in_dist
63	The kitty ate Layla and so did a boy .	* kitty ( x _ 0 ) ; boy ( x _ 1 ) AND eat . agent ( x _ 2 , x _ 0 ) AND eat . theme ( x _ 2 , Layla ) AND eat . agent ( x _ 3 , x _ 1 ) AND eat . theme ( x _ 3 , Layla )	elips_VPE_in_dist
64	The baby liked the cake and so did the girl .	* baby ( x _ 0 ) ; * cake ( x _ 3 ) ; * girl ( x _ 2 ) ; like . agent ( x _ 4 , x _ 0 ) AND like . theme ( x _ 4 , x _ 3 ) AND like . agent ( x _ 5 , x _ 2 ) AND like . theme ( x _ 5 , x _ 3 )	elips_VPE_in_dist
65	A dog cooked Wyatt and so did Liam .	dog ( x _ 0 ) AND cook . agent ( x _ 1 , x _ 0 ) AND cook . theme ( x _ 1 , Wyatt ) AND cook . agent ( x _ 2 , Liam ) AND cook . theme ( x _ 2 , Wyatt )	elips_VPE_in_dist
66	Ethan ate the mouse and so did a teacher .	* mouse ( x _ 2 ) ; teacher ( x _ 1 ) AND eat . agent ( x _ 3 , Ethan ) AND eat . theme ( x _ 3 , x _ 2 ) AND eat . agent ( x _ 4 , x _ 1 ) AND eat . theme ( x _ 4 , x _ 2 )	elips_VPE_in_dist
67	The baby loved a mouse and so did Mateo .	* baby ( x _ 0 ) ; mouse ( x _ 2 ) AND love . agent ( x _ 3 , x _ 0 ) AND love . theme ( x _ 3 , x _ 2 ) AND love . agent ( x _ 4 , Mateo ) AND love . theme ( x _ 4 , x _ 2 )	elips_VPE_in_dist
68	Isabella found the donut and so did the baby .	* donut ( x _ 2 ) ; * baby ( x _ 1 ) ; find . agent ( x _ 3 , Isabella ) AND find . theme ( x _ 3 , x _ 2 ) AND find . agent ( x _ 4 , x _ 1 ) AND find . theme ( x _ 4 , x _ 2 )	elips_VPE_in_dist
69	Sofia liked a girl and so did the giraffe .	* giraffe ( x _ 1 ) ; girl ( x _ 2 ) AND like . agent ( x _ 3 , Sofia ) AND like . theme ( x _ 3 , x _ 2 ) AND like . agent ( x _ 4 , x _ 1 ) AND like . theme ( x _ 4 , x _ 2 )	elips_VPE_in_dist
70	Liam liked Penelope and so did Emma .	like . agent ( x _ 0 , Liam ) AND like . theme ( x _ 0 , Penelope ) AND like . agent ( x _ 1 , Emma ) AND like . theme ( x _ 1 , Penelope )	elips_VPE_in_dist
71	Olivia loved a cake and so did Liam .	cake ( x _ 1 ) AND love . agent ( x _ 2 , Olivia ) AND love . theme ( x _ 2 , x _ 1 ) AND love . agent ( x _ 3 , Liam ) AND love . theme ( x _ 3 , x _ 1 )	elips_VPE_in_dist
72	The frog adored the donut and so did Emma .	* frog ( x _ 0 ) ; * donut ( x _ 2 ) ; adore . agent ( x _ 3 , x _ 0 ) AND adore . theme ( x _ 3 , x _ 2 ) AND adore . agent ( x _ 4 , Emma ) AND adore . theme ( x _ 4 , x _ 2 )	elips_VPE_in_dist
73	The child noticed that Mila poked Jayden and so did Liam .	* child ( x _ 0 ) ; notice . agent ( x _ 1 , x _ 0 ) AND notice . ccomp ( x _ 1, x _ 2 ) AND poke . agent ( x _ 2 , Mila ) AND poke . theme ( x _ 2 , Jayden ) AND notice . agent ( x _ 3 , Liam ) AND notice . ccomp ( x _ 3, x _ 4 ) AND poke . agent ( x _ 4 , Mila ) AND poke . theme ( x _ 4 , Jayden )	elips_VPE_in_dist
74	Emma declared that a buyer hunted a cow and so did a dog .	buyer ( x _ 3 ) AND cow ( x _ 4 ) AND dog ( x _ 2 ) AND declare . agent ( x _ 5 , Emma ) AND declare . ccomp ( x _ 5, x _ 6 ) AND hunt . agent ( x _ 6 , x _ 3 ) AND hunt . theme ( x _ 6 , x _ 4 ) AND declare . agent ( x _ 7 , x _ 2 ) AND declare . ccomp ( x _ 7, x _ 8 ) AND hunt . agent ( x _ 8 , x _ 3 ) AND hunt . theme ( x _ 8 , x _ 4 )	elips_VPE_in_dist
75	Emma found the chalk and so did the boy .	* chalk ( x _ 2 ) ; * boy ( x _ 1 ) ; find . agent ( x _ 3 , Emma ) AND find . theme ( x _ 3 , x _ 2 ) AND find . agent ( x _ 4 , x _ 1 ) AND find . theme ( x _ 4 , x _ 2 )	elips_VPE_in_dist
76	Victoria ate Lily and so did the boy .	* boy ( x _ 0 ) ; eat . agent ( x _ 1 , Victoria ) AND eat . theme ( x _ 1 , Lily ) AND eat . agent ( x _ 2 , x _ 0 ) AND eat . theme ( x _ 2 , Lily )	elips_VPE_in_dist
77	A bee drew a melon and so did Sophia .	bee ( x _ 0 ) AND melon ( x _ 2 ) AND draw . agent ( x _ 3 , x _ 0 ) AND draw . theme ( x _ 3 , x _ 2 ) AND draw . agent ( x _ 4 , Sophia ) AND draw . theme ( x _ 4 , x _ 2 )	elips_VPE_in_dist
78	Liam liked a cake and so did Emma .	cake ( x _ 1 ) AND like . agent ( x _ 2 , Liam ) AND like . theme ( x _ 2 , x _ 1 ) AND like . agent ( x _ 3 , Emma ) AND like . theme ( x _ 3 , x _ 1 )	elips_VPE_in_dist
79	Noah cleaned Penelope and so did Emma .	clean . agent ( x _ 0 , Noah ) AND clean . theme ( x _ 0 , Penelope ) AND clean . agent ( x _ 1 , Emma ) AND clean . theme ( x _ 1 , Penelope )	elips_VPE_in_dist
80	A baby appreciated Zoey and so did Logan .	baby ( x _ 0 ) AND appreciate . agent ( x _ 1 , x _ 0 ) AND appreciate . theme ( x _ 1 , Zoey ) AND appreciate . agent ( x _ 2 , Logan ) AND appreciate . theme ( x _ 2 , Zoey )	elips_VPE_in_dist
81	The mouse proved that Liam ate John and so did a patient .	* mouse ( x _ 0 ) ; patient ( x _ 1 ) AND prove . agent ( x _ 2 , x _ 0 ) AND prove . ccomp ( x _ 2, x _ 3 ) AND eat . agent ( x _ 3 , Liam ) AND eat . theme ( x _ 3 , John ) AND prove . agent ( x _ 4 , x _ 1 ) AND prove . ccomp ( x _ 4, x _ 5 ) AND eat . agent ( x _ 5 , Liam ) AND eat . theme ( x _ 5 , John )	elips_VPE_in_dist
82	Emma drew a glue and so did a boy .	glue ( x _ 2 ) AND boy ( x _ 1 ) AND draw . agent ( x _ 3 , Emma ) AND draw . theme ( x _ 3 , x _ 2 ) AND draw . agent ( x _ 4 , x _ 1 ) AND draw . theme ( x _ 4 , x _ 2 )	elips_VPE_in_dist
83	Emma liked a cake and so did the frog .	* frog ( x _ 1 ) ; cake ( x _ 2 ) AND like . agent ( x _ 3 , Emma ) AND like . theme ( x _ 3 , x _ 2 ) AND like . agent ( x _ 4 , x _ 1 ) AND like . theme ( x _ 4 , x _ 2 )	elips_VPE_in_dist
84	A butterfly admired Penelope and so did a writer .	butterfly ( x _ 0 ) AND writer ( x _ 1 ) AND admire . agent ( x _ 2 , x _ 0 ) AND admire . theme ( x _ 2 , Penelope ) AND admire . agent ( x _ 3 , x _ 1 ) AND admire . theme ( x _ 3 , Penelope )	elips_VPE_in_dist
85	A monkey drew the pencil and so did the boy .	* pencil ( x _ 3 ) ; * boy ( x _ 2 ) ; monkey ( x _ 0 ) AND draw . agent ( x _ 4 , x _ 0 ) AND draw . theme ( x _ 4 , x _ 3 ) AND draw . agent ( x _ 5 , x _ 2 ) AND draw . theme ( x _ 5 , x _ 3 )	elips_VPE_in_dist
86	William liked Penelope and so did Emma .	like . agent ( x _ 0 , William ) AND like . theme ( x _ 0 , Penelope ) AND like . agent ( x _ 1 , Emma ) AND like . theme ( x _ 1 , Penelope )	elips_VPE_in_dist
87	A child loved the cake and so did a boy .	* cake ( x _ 3 ) ; child ( x _ 0 ) AND boy ( x _ 2 ) AND love . agent ( x _ 4 , x _ 0 ) AND love . theme ( x _ 4 , x _ 3 ) AND love . agent ( x _ 5 , x _ 2 ) AND love . theme ( x _ 5 , x _ 3 )	elips_VPE_in_dist
88	The girl proved that the cat adored a tiger and so did a dog .	* girl ( x _ 0 ) ; * cat ( x _ 4 ) ; tiger ( x _ 5 ) AND dog ( x _ 3 ) AND prove . agent ( x _ 6 , x _ 0 ) AND prove . ccomp ( x _ 6, x _ 7 ) AND adore . agent ( x _ 7 , x _ 4 ) AND adore . theme ( x _ 7 , x _ 5 ) AND prove . agent ( x _ 8 , x _ 3 ) AND prove . ccomp ( x _ 8, x _ 9 ) AND adore . agent ( x _ 9 , x _ 4 ) AND adore . theme ( x _ 9 , x _ 5 )	elips_VPE_in_dist
89	The student liked a child and so did Liam .	* student ( x _ 0 ) ; child ( x _ 2 ) AND like . agent ( x _ 3 , x _ 0 ) AND like . theme ( x _ 3 , x _ 2 ) AND like . agent ( x _ 4 , Liam ) AND like . theme ( x _ 4 , x _ 2 )	elips_VPE_in_dist
90	The girl respected a bat and so did a professor .	* girl ( x _ 0 ) ; bat ( x _ 3 ) AND professor ( x _ 2 ) AND respect . agent ( x _ 4 , x _ 0 ) AND respect . theme ( x _ 4 , x _ 3 ) AND respect . agent ( x _ 5 , x _ 2 ) AND respect . theme ( x _ 5 , x _ 3 )	elips_VPE_in_dist
91	Noah respected the raisin and so did a girl .	* raisin ( x _ 2 ) ; girl ( x _ 1 ) AND respect . agent ( x _ 3 , Noah ) AND respect . theme ( x _ 3 , x _ 2 ) AND respect . agent ( x _ 4 , x _ 1 ) AND respect . theme ( x _ 4 , x _ 2 )	elips_VPE_in_dist
92	The frog painted the dog and so did Logan .	* frog ( x _ 0 ) ; * dog ( x _ 2 ) ; paint . agent ( x _ 3 , x _ 0 ) AND paint . theme ( x _ 3 , x _ 2 ) AND paint . agent ( x _ 4 , Logan ) AND paint . theme ( x _ 4 , x _ 2 )	elips_VPE_in_dist
93	A dog ate a cookie and so did the farmer .	* farmer ( x _ 2 ) ; dog ( x _ 0 ) AND cookie ( x _ 3 ) AND eat . agent ( x _ 4 , x _ 0 ) AND eat . theme ( x _ 4 , x _ 3 ) AND eat . agent ( x _ 5 , x _ 2 ) AND eat . theme ( x _ 5 , x _ 3 )	elips_VPE_in_dist
94	The frog noticed that a girl dusted the cake and so did the puppy .	* frog ( x _ 0 ) ; * cake ( x _ 5 ) ; * puppy ( x _ 3 ) ; girl ( x _ 4 ) AND notice . agent ( x _ 6 , x _ 0 ) AND notice . ccomp ( x _ 6, x _ 7 ) AND dust . agent ( x _ 7 , x _ 4 ) AND dust . theme ( x _ 7 , x _ 5 ) AND notice . agent ( x _ 8 , x _ 3 ) AND notice . ccomp ( x _ 8, x _ 9 ) AND dust . agent ( x _ 9 , x _ 4 ) AND dust . theme ( x _ 9 , x _ 5 )	elips_VPE_in_dist
95	Emma helped the girl and so did Daniel .	* girl ( x _ 1 ) ; help . agent ( x _ 2 , Emma ) AND help . theme ( x _ 2 , x _ 1 ) AND help . agent ( x _ 3 , Daniel ) AND help . theme ( x _ 3 , x _ 1 )	elips_VPE_in_dist
96	Audrey imagined that Olivia sketched Nathan and so did the frog .	* frog ( x _ 0 ) ; imagine . agent ( x _ 1 , Audrey ) AND imagine . ccomp ( x _ 1, x _ 2 ) AND sketch . agent ( x _ 2 , Olivia ) AND sketch . theme ( x _ 2 , Nathan ) AND imagine . agent ( x _ 3 , x _ 0 ) AND imagine . ccomp ( x _ 3, x _ 4 ) AND sketch . agent ( x _ 4 , Olivia ) AND sketch . theme ( x _ 4 , Nathan )	elips_VPE_in_dist
97	Abigail liked Lillian and so did the giraffe .	* giraffe ( x _ 0 ) ; like . agent ( x _ 1 , Abigail ) AND like . theme ( x _ 1 , Lillian ) AND like . agent ( x _ 2 , x _ 0 ) AND like . theme ( x _ 2 , Lillian )	elips_VPE_in_dist
98	A dog painted a cake and so did Sophia .	dog ( x _ 0 ) AND cake ( x _ 2 ) AND paint . agent ( x _ 3 , x _ 0 ) AND paint . theme ( x _ 3 , x _ 2 ) AND paint . agent ( x _ 4 , Sophia ) AND paint . theme ( x _ 4 , x _ 2 )	elips_VPE_in_dist
99	Claire meant that a baby found a bean and so did the mouse .	* mouse ( x _ 2 ) ; baby ( x _ 3 ) AND bean ( x _ 4 ) AND mean . agent ( x _ 5 , Claire ) AND mean . ccomp ( x _ 5, x _ 6 ) AND find . agent ( x _ 6 , x _ 3 ) AND find . theme ( x _ 6 , x _ 4 ) AND mean . agent ( x _ 7 , x _ 2 ) AND mean . ccomp ( x _ 7, x _ 8 ) AND find . agent ( x _ 8 , x _ 3 ) AND find . theme ( x _ 8 , x _ 4 )	elips_VPE_in_dist
100	Emma dusted the pretzel and so did Zoe .	* pretzel ( x _ 1 ) ; dust . agent ( x _ 2 , Emma ) AND dust . theme ( x _ 2 , x _ 1 ) AND dust . agent ( x _ 3 , Zoe ) AND dust . theme ( x _ 3 , x _ 1 )	elips_VPE_in_dist
101	The dog juggled a frog and so did a boy .	* dog ( x _ 0 ) ; frog ( x _ 3 ) AND boy ( x _ 2 ) AND juggle . agent ( x _ 4 , x _ 0 ) AND juggle . theme ( x _ 4 , x _ 3 ) AND juggle . agent ( x _ 5 , x _ 2 ) AND juggle . theme ( x _ 5 , x _ 3 )	elips_VPE_in_dist
102	David ate the cake and so did Ava .	* cake ( x _ 1 ) ; eat . agent ( x _ 2 , David ) AND eat . theme ( x _ 2 , x _ 1 ) AND eat . agent ( x _ 3 , Ava ) AND eat . theme ( x _ 3 , x _ 1 )	elips_VPE_in_dist
103	James sketched a professor and so did a cat .	professor ( x _ 2 ) AND cat ( x _ 1 ) AND sketch . agent ( x _ 3 , James ) AND sketch . theme ( x _ 3 , x _ 2 ) AND sketch . agent ( x _ 4 , x _ 1 ) AND sketch . theme ( x _ 4 , x _ 2 )	elips_VPE_in_dist
104	A boy ate a melon and so did Emma .	boy ( x _ 0 ) AND melon ( x _ 2 ) AND eat . agent ( x _ 3 , x _ 0 ) AND eat . theme ( x _ 3 , x _ 2 ) AND eat . agent ( x _ 4 , Emma ) AND eat . theme ( x _ 4 , x _ 2 )	elips_VPE_in_dist
105	Noah said that the girl loved a cake and so did the boy .	* girl ( x _ 3 ) ; * boy ( x _ 2 ) ; cake ( x _ 4 ) AND say . agent ( x _ 5 , Noah ) AND say . ccomp ( x _ 5, x _ 6 ) AND love . agent ( x _ 6 , x _ 3 ) AND love . theme ( x _ 6 , x _ 4 ) AND say . agent ( x _ 7 , x _ 2 ) AND say . ccomp ( x _ 7, x _ 8 ) AND love . agent ( x _ 8 , x _ 3 ) AND love . theme ( x _ 8 , x _ 4 )	elips_VPE_in_dist
106	Ella painted a cake and so did a cat .	cake ( x _ 2 ) AND cat ( x _ 1 ) AND paint . agent ( x _ 3 , Ella ) AND paint . theme ( x _ 3 , x _ 2 ) AND paint . agent ( x _ 4 , x _ 1 ) AND paint . theme ( x _ 4 , x _ 2 )	elips_VPE_in_dist
107	The boy ate the cake and so did the bird .	* boy ( x _ 0 ) ; * cake ( x _ 3 ) ; * bird ( x _ 2 ) ; eat . agent ( x _ 4 , x _ 0 ) AND eat . theme ( x _ 4 , x _ 3 ) AND eat . agent ( x _ 5 , x _ 2 ) AND eat . theme ( x _ 5 , x _ 3 )	elips_VPE_in_dist
108	A boy hoped that Elijah adored the can and so did the duck .	* can ( x _ 3 ) ; * duck ( x _ 2 ) ; boy ( x _ 0 ) AND hope . agent ( x _ 4 , x _ 0 ) AND hope . ccomp ( x _ 4, x _ 5 ) AND adore . agent ( x _ 5 , Elijah ) AND adore . theme ( x _ 5 , x _ 3 ) AND hope . agent ( x _ 6 , x _ 2 ) AND hope . ccomp ( x _ 6, x _ 7 ) AND adore . agent ( x _ 7 , Elijah ) AND adore . theme ( x _ 7 , x _ 3 )	elips_VPE_in_dist
109	A driver drew a cookie and so did Emma .	driver ( x _ 0 ) AND cookie ( x _ 2 ) AND draw . agent ( x _ 3 , x _ 0 ) AND draw . theme ( x _ 3 , x _ 2 ) AND draw . agent ( x _ 4 , Emma ) AND draw . theme ( x _ 4 , x _ 2 )	elips_VPE_in_dist
110	Hannah ate a tool and so did Noah .	tool ( x _ 1 ) AND eat . agent ( x _ 2 , Hannah ) AND eat . theme ( x _ 2 , x _ 1 ) AND eat . agent ( x _ 3 , Noah ) AND eat . theme ( x _ 3 , x _ 1 )	elips_VPE_in_dist
111	Emma loved a drink and so did Olivia .	drink ( x _ 1 ) AND love . agent ( x _ 2 , Emma ) AND love . theme ( x _ 2 , x _ 1 ) AND love . agent ( x _ 3 , Olivia ) AND love . theme ( x _ 3 , x _ 1 )	elips_VPE_in_dist
112	Olivia ate a baby and so did Lincoln .	baby ( x _ 1 ) AND eat . agent ( x _ 2 , Olivia ) AND eat . theme ( x _ 2 , x _ 1 ) AND eat . agent ( x _ 3 , Lincoln ) AND eat . theme ( x _ 3 , x _ 1 )	elips_VPE_in_dist
113	A girl respected that Emma respected the ring and so did Avery .	* ring ( x _ 2 ) ; girl ( x _ 0 ) AND respect . agent ( x _ 3 , x _ 0 ) AND respect . ccomp ( x _ 3, x _ 4 ) AND respect . agent ( x _ 4 , Emma ) AND respect . theme ( x _ 4 , x _ 2 ) AND respect . agent ( x _ 5 , Avery ) AND respect . ccomp ( x _ 5, x _ 6 ) AND respect . agent ( x _ 6 , Emma ) AND respect . theme ( x _ 6 , x _ 2 )	elips_VPE_in_dist
114	The cow hoped that the creature appreciated a sandwich and so did Mia .	* cow ( x _ 0 ) ; * creature ( x _ 3 ) ; sandwich ( x _ 4 ) AND hope . agent ( x _ 5 , x _ 0 ) AND hope . ccomp ( x _ 5, x _ 6 ) AND appreciate . agent ( x _ 6 , x _ 3 ) AND appreciate . theme ( x _ 6 , x _ 4 ) AND hope . agent ( x _ 7 , Mia ) AND hope . ccomp ( x _ 7, x _ 8 ) AND appreciate . agent ( x _ 8 , x _ 3 ) AND appreciate . theme ( x _ 8 , x _ 4 )	elips_VPE_in_dist
115	Mia liked the cake and so did Benjamin .	* cake ( x _ 1 ) ; like . agent ( x _ 2 , Mia ) AND like . theme ( x _ 2 , x _ 1 ) AND like . agent ( x _ 3 , Benjamin ) AND like . theme ( x _ 3 , x _ 1 )	elips_VPE_in_dist
116	A bear liked that Charlotte missed Penelope and so did Theodore .	bear ( x _ 0 ) AND like . agent ( x _ 1 , x _ 0 ) AND like . ccomp ( x _ 1, x _ 2 ) AND miss . agent ( x _ 2 , Charlotte ) AND miss . theme ( x _ 2 , Penelope ) AND like . agent ( x _ 3 , Theodore ) AND like . ccomp ( x _ 3, x _ 4 ) AND miss . agent ( x _ 4 , Charlotte ) AND miss . theme ( x _ 4 , Penelope )	elips_VPE_in_dist
117	The teacher liked that the horse ate a cake and so did Riley .	* teacher ( x _ 0 ) ; * horse ( x _ 3 ) ; cake ( x _ 4 ) AND like . agent ( x _ 5 , x _ 0 ) AND like . ccomp ( x _ 5, x _ 6 ) AND eat . agent ( x _ 6 , x _ 3 ) AND eat . theme ( x _ 6 , x _ 4 ) AND like . agent ( x _ 7 , Riley ) AND like . ccomp ( x _ 7, x _ 8 ) AND eat . agent ( x _ 8 , x _ 3 ) AND eat . theme ( x _ 8 , x _ 4 )	elips_VPE_in_dist
118	Abigail painted Penelope and so did the girl .	* girl ( x _ 0 ) ; paint . agent ( x _ 1 , Abigail ) AND paint . theme ( x _ 1 , Penelope ) AND paint . agent ( x _ 2 , x _ 0 ) AND paint . theme ( x _ 2 , Penelope )	elips_VPE_in_dist
119	Sofia respected Penelope and so did a monkey .	monkey ( x _ 0 ) AND respect . agent ( x _ 1 , Sofia ) AND respect . theme ( x _ 1 , Penelope ) AND respect . agent ( x _ 2 , x _ 0 ) AND respect . theme ( x _ 2 , Penelope )	elips_VPE_in_dist
120	The girl nursed a pencil and so did the dog .	* girl ( x _ 0 ) ; * dog ( x _ 2 ) ; pencil ( x _ 3 ) AND nurse . agent ( x _ 4 , x _ 0 ) AND nurse . theme ( x _ 4 , x _ 3 ) AND nurse . agent ( x _ 5 , x _ 2 ) AND nurse . theme ( x _ 5 , x _ 3 )	elips_VPE_in_dist
121	Isabella painted a cake and so did a girl .	cake ( x _ 2 ) AND girl ( x _ 1 ) AND paint . agent ( x _ 3 , Isabella ) AND paint . theme ( x _ 3 , x _ 2 ) AND paint . agent ( x _ 4 , x _ 1 ) AND paint . theme ( x _ 4 , x _ 2 )	elips_VPE_in_dist
122	A boy hoped that a turtle liked a cake and so did Ella .	boy ( x _ 0 ) AND turtle ( x _ 3 ) AND cake ( x _ 4 ) AND hope . agent ( x _ 5 , x _ 0 ) AND hope . ccomp ( x _ 5, x _ 6 ) AND like . agent ( x _ 6 , x _ 3 ) AND like . theme ( x _ 6 , x _ 4 ) AND hope . agent ( x _ 7 , Ella ) AND hope . ccomp ( x _ 7, x _ 8 ) AND like . agent ( x _ 8 , x _ 3 ) AND like . theme ( x _ 8 , x _ 4 )	elips_VPE_in_dist
123	Dylan drew the raisin and so did Emma .	* raisin ( x _ 1 ) ; draw . agent ( x _ 2 , Dylan ) AND draw . theme ( x _ 2 , x _ 1 ) AND draw . agent ( x _ 3 , Emma ) AND draw . theme ( x _ 3 , x _ 1 )	elips_VPE_in_dist
124	The servant ate a block and so did Emma .	* servant ( x _ 0 ) ; block ( x _ 2 ) AND eat . agent ( x _ 3 , x _ 0 ) AND eat . theme ( x _ 3 , x _ 2 ) AND eat . agent ( x _ 4 , Emma ) AND eat . theme ( x _ 4 , x _ 2 )	elips_VPE_in_dist
125	A pig tolerated that the cat loved the strawberry and so did Emma .	* cat ( x _ 3 ) ; * strawberry ( x _ 4 ) ; pig ( x _ 0 ) AND tolerate . agent ( x _ 5 , x _ 0 ) AND tolerate . ccomp ( x _ 5, x _ 6 ) AND love . agent ( x _ 6 , x _ 3 ) AND love . theme ( x _ 6 , x _ 4 ) AND tolerate . agent ( x _ 7 , Emma ) AND tolerate . ccomp ( x _ 7, x _ 8 ) AND love . agent ( x _ 8 , x _ 3 ) AND love . theme ( x _ 8 , x _ 4 )	elips_VPE_in_dist
126	Emma helped the cake and so did Amelia .	* cake ( x _ 1 ) ; help . agent ( x _ 2 , Emma ) AND help . theme ( x _ 2 , x _ 1 ) AND help . agent ( x _ 3 , Amelia ) AND help . theme ( x _ 3 , x _ 1 )	elips_VPE_in_dist
127	James liked a box and so did the giraffe .	* giraffe ( x _ 1 ) ; box ( x _ 2 ) AND like . agent ( x _ 3 , James ) AND like . theme ( x _ 3 , x _ 2 ) AND like . agent ( x _ 4 , x _ 1 ) AND like . theme ( x _ 4 , x _ 2 )	elips_VPE_in_dist
128	The mother liked that the dog painted a boy and so did Emma .	* mother ( x _ 0 ) ; * dog ( x _ 3 ) ; boy ( x _ 4 ) AND like . agent ( x _ 5 , x _ 0 ) AND like . ccomp ( x _ 5, x _ 6 ) AND paint . agent ( x _ 6 , x _ 3 ) AND paint . theme ( x _ 6 , x _ 4 ) AND like . agent ( x _ 7 , Emma ) AND like . ccomp ( x _ 7, x _ 8 ) AND paint . agent ( x _ 8 , x _ 3 ) AND paint . theme ( x _ 8 , x _ 4 )	elips_VPE_in_dist
129	The boy declared that Liam adored a cake and so did Emma .	* boy ( x _ 0 ) ; cake ( x _ 2 ) AND declare . agent ( x _ 3 , x _ 0 ) AND declare . ccomp ( x _ 3, x _ 4 ) AND adore . agent ( x _ 4 , Liam ) AND adore . theme ( x _ 4 , x _ 2 ) AND declare . agent ( x _ 5 , Emma ) AND declare . ccomp ( x _ 5, x _ 6 ) AND adore . agent ( x _ 6 , Liam ) AND adore . theme ( x _ 6 , x _ 2 )	elips_VPE_in_dist
130	Sophia drew the melon and so did Noah .	* melon ( x _ 1 ) ; draw . agent ( x _ 2 , Sophia ) AND draw . theme ( x _ 2 , x _ 1 ) AND draw . agent ( x _ 3 , Noah ) AND draw . theme ( x _ 3 , x _ 1 )	elips_VPE_in_dist
131	The girl admired the cake and so did the monster .	* girl ( x _ 0 ) ; * cake ( x _ 3 ) ; * monster ( x _ 2 ) ; admire . agent ( x _ 4 , x _ 0 ) AND admire . theme ( x _ 4 , x _ 3 ) AND admire . agent ( x _ 5 , x _ 2 ) AND admire . theme ( x _ 5 , x _ 3 )	elips_VPE_in_dist
132	Emma poked a cake and so did the frog .	* frog ( x _ 1 ) ; cake ( x _ 2 ) AND poke . agent ( x _ 3 , Emma ) AND poke . theme ( x _ 3 , x _ 2 ) AND poke . agent ( x _ 4 , x _ 1 ) AND poke . theme ( x _ 4 , x _ 2 )	elips_VPE_in_dist
133	Liam cooked Penelope and so did the cat .	* cat ( x _ 0 ) ; cook . agent ( x _ 1 , Liam ) AND cook . theme ( x _ 1 , Penelope ) AND cook . agent ( x _ 2 , x _ 0 ) AND cook . theme ( x _ 2 , Penelope )	elips_VPE_in_dist
134	A girl cleaned Luke and so did the boy .	* boy ( x _ 1 ) ; girl ( x _ 0 ) AND clean . agent ( x _ 2 , x _ 0 ) AND clean . theme ( x _ 2 , Luke ) AND clean . agent ( x _ 3 , x _ 1 ) AND clean . theme ( x _ 3 , Luke )	elips_VPE_in_dist
135	Charlotte ate the yogurt and so did Emma .	* yogurt ( x _ 1 ) ; eat . agent ( x _ 2 , Charlotte ) AND eat . theme ( x _ 2 , x _ 1 ) AND eat . agent ( x _ 3 , Emma ) AND eat . theme ( x _ 3 , x _ 1 )	elips_VPE_in_dist
136	A girl missed the baby and so did Owen .	* baby ( x _ 2 ) ; girl ( x _ 0 ) AND miss . agent ( x _ 3 , x _ 0 ) AND miss . theme ( x _ 3 , x _ 2 ) AND miss . agent ( x _ 4 , Owen ) AND miss . theme ( x _ 4 , x _ 2 )	elips_VPE_in_dist
137	Emma helped a cake and so did Ethan .	cake ( x _ 1 ) AND help . agent ( x _ 2 , Emma ) AND help . theme ( x _ 2 , x _ 1 ) AND help . agent ( x _ 3 , Ethan ) AND help . theme ( x _ 3 , x _ 1 )	elips_VPE_in_dist
138	Leah cleaned the girl and so did Liam .	* girl ( x _ 1 ) ; clean . agent ( x _ 2 , Leah ) AND clean . theme ( x _ 2 , x _ 1 ) AND clean . agent ( x _ 3 , Liam ) AND clean . theme ( x _ 3 , x _ 1 )	elips_VPE_in_dist
139	Aria drew a block and so did Emma .	block ( x _ 1 ) AND draw . agent ( x _ 2 , Aria ) AND draw . theme ( x _ 2 , x _ 1 ) AND draw . agent ( x _ 3 , Emma ) AND draw . theme ( x _ 3 , x _ 1 )	elips_VPE_in_dist
140	Emma ate Penelope and so did Sophia .	eat . agent ( x _ 0 , Emma ) AND eat . theme ( x _ 0 , Penelope ) AND eat . agent ( x _ 1 , Sophia ) AND eat . theme ( x _ 1 , Penelope )	elips_VPE_in_dist
141	The boy liked that a cat helped a box and so did James .	* boy ( x _ 0 ) ; cat ( x _ 3 ) AND box ( x _ 4 ) AND like . agent ( x _ 5 , x _ 0 ) AND like . ccomp ( x _ 5, x _ 6 ) AND help . agent ( x _ 6 , x _ 3 ) AND help . theme ( x _ 6 , x _ 4 ) AND like . agent ( x _ 7 , James ) AND like . ccomp ( x _ 7, x _ 8 ) AND help . agent ( x _ 8 , x _ 3 ) AND help . theme ( x _ 8 , x _ 4 )	elips_VPE_in_dist
142	The lion loved the doll and so did the cat .	* lion ( x _ 0 ) ; * doll ( x _ 3 ) ; * cat ( x _ 2 ) ; love . agent ( x _ 4 , x _ 0 ) AND love . theme ( x _ 4 , x _ 3 ) AND love . agent ( x _ 5 , x _ 2 ) AND love . theme ( x _ 5 , x _ 3 )	elips_VPE_in_dist
143	A girl liked a hat and so did Jacob .	girl ( x _ 0 ) AND hat ( x _ 2 ) AND like . agent ( x _ 3 , x _ 0 ) AND like . theme ( x _ 3 , x _ 2 ) AND like . agent ( x _ 4 , Jacob ) AND like . theme ( x _ 4 , x _ 2 )	elips_VPE_in_dist
144	A duck respected that Emma helped a bee and so did Noah .	duck ( x _ 0 ) AND bee ( x _ 2 ) AND respect . agent ( x _ 3 , x _ 0 ) AND respect . ccomp ( x _ 3, x _ 4 ) AND help . agent ( x _ 4 , Emma ) AND help . theme ( x _ 4 , x _ 2 ) AND respect . agent ( x _ 5 , Noah ) AND respect . ccomp ( x _ 5, x _ 6 ) AND help . agent ( x _ 6 , Emma ) AND help . theme ( x _ 6 , x _ 2 )	elips_VPE_in_dist
145	Liam missed Penelope and so did the girl .	* girl ( x _ 0 ) ; miss . agent ( x _ 1 , Liam ) AND miss . theme ( x _ 1 , Penelope ) AND miss . agent ( x _ 2 , x _ 0 ) AND miss . theme ( x _ 2 , Penelope )	elips_VPE_in_dist
146	Ava meant that Emma ate a cake and so did a teacher .	cake ( x _ 2 ) AND teacher ( x _ 1 ) AND mean . agent ( x _ 3 , Ava ) AND mean . ccomp ( x _ 3, x _ 4 ) AND eat . agent ( x _ 4 , Emma ) AND eat . theme ( x _ 4 , x _ 2 ) AND mean . agent ( x _ 5 , x _ 1 ) AND mean . ccomp ( x _ 5, x _ 6 ) AND eat . agent ( x _ 6 , Emma ) AND eat . theme ( x _ 6 , x _ 2 )	elips_VPE_in_dist
147	Liam cooked Skylar and so did a father .	father ( x _ 0 ) AND cook . agent ( x _ 1 , Liam ) AND cook . theme ( x _ 1 , Skylar ) AND cook . agent ( x _ 2 , x _ 0 ) AND cook . theme ( x _ 2 , Skylar )	elips_VPE_in_dist
148	William liked a boy and so did Emma .	boy ( x _ 1 ) AND like . agent ( x _ 2 , William ) AND like . theme ( x _ 2 , x _ 1 ) AND like . agent ( x _ 3 , Emma ) AND like . theme ( x _ 3 , x _ 1 )	elips_VPE_in_dist
149	David wished that Olivia liked Penelope and so did Liam .	wish . agent ( x _ 0 , David ) AND wish . ccomp ( x _ 0, x _ 1 ) AND like . agent ( x _ 1 , Olivia ) AND like . theme ( x _ 1 , Penelope ) AND wish . agent ( x _ 2 , Liam ) AND wish . ccomp ( x _ 2, x _ 3 ) AND like . agent ( x _ 3 , Olivia ) AND like . theme ( x _ 3 , Penelope )	elips_VPE_in_dist
150	James thought that Anthony ate the cake and so did Emma .	* cake ( x _ 1 ) ; think . agent ( x _ 2 , James ) AND think . ccomp ( x _ 2, x _ 3 ) AND eat . agent ( x _ 3 , Anthony ) AND eat . theme ( x _ 3 , x _ 1 ) AND think . agent ( x _ 4 , Emma ) AND think . ccomp ( x _ 4, x _ 5 ) AND eat . agent ( x _ 5 , Anthony ) AND eat . theme ( x _ 5 , x _ 1 )	elips_VPE_in_dist
151	The girl cooked a cake and so did Eleanor .	* girl ( x _ 0 ) ; cake ( x _ 2 ) AND cook . agent ( x _ 3 , x _ 0 ) AND cook . theme ( x _ 3 , x _ 2 ) AND cook . agent ( x _ 4 , Eleanor ) AND cook . theme ( x _ 4 , x _ 2 )	elips_VPE_in_dist
152	Emma liked that the girl hunted the boy and so did the dog .	* girl ( x _ 3 ) ; * boy ( x _ 4 ) ; * dog ( x _ 2 ) ; like . agent ( x _ 5 , Emma ) AND like . ccomp ( x _ 5, x _ 6 ) AND hunt . agent ( x _ 6 , x _ 3 ) AND hunt . theme ( x _ 6 , x _ 4 ) AND like . agent ( x _ 7 , x _ 2 ) AND like . ccomp ( x _ 7, x _ 8 ) AND hunt . agent ( x _ 8 , x _ 3 ) AND hunt . theme ( x _ 8 , x _ 4 )	elips_VPE_in_dist
153	Emma supported that Jackson found the cake and so did a girl .	* cake ( x _ 2 ) ; girl ( x _ 1 ) AND support . agent ( x _ 3 , Emma ) AND support . ccomp ( x _ 3, x _ 4 ) AND find . agent ( x _ 4 , Jackson ) AND find . theme ( x _ 4 , x _ 2 ) AND support . agent ( x _ 5 , x _ 1 ) AND support . ccomp ( x _ 5, x _ 6 ) AND find . agent ( x _ 6 , Jackson ) AND find . theme ( x _ 6 , x _ 2 )	elips_VPE_in_dist
154	Lucas ate a sandwich and so did Ava .	sandwich ( x _ 1 ) AND eat . agent ( x _ 2 , Lucas ) AND eat . theme ( x _ 2 , x _ 1 ) AND eat . agent ( x _ 3 , Ava ) AND eat . theme ( x _ 3 , x _ 1 )	elips_VPE_in_dist
155	Emma noticed that Mia helped the cat and so did the girl .	* cat ( x _ 2 ) ; * girl ( x _ 1 ) ; notice . agent ( x _ 3 , Emma ) AND notice . ccomp ( x _ 3, x _ 4 ) AND help . agent ( x _ 4 , Mia ) AND help . theme ( x _ 4 , x _ 2 ) AND notice . agent ( x _ 5 , x _ 1 ) AND notice . ccomp ( x _ 5, x _ 6 ) AND help . agent ( x _ 6 , Mia ) AND help . theme ( x _ 6 , x _ 2 )	elips_VPE_in_dist
156	James hoped that Harper liked the donut and so did the girl .	* donut ( x _ 2 ) ; * girl ( x _ 1 ) ; hope . agent ( x _ 3 , James ) AND hope . ccomp ( x _ 3, x _ 4 ) AND like . agent ( x _ 4 , Harper ) AND like . theme ( x _ 4 , x _ 2 ) AND hope . agent ( x _ 5 , x _ 1 ) AND hope . ccomp ( x _ 5, x _ 6 ) AND like . agent ( x _ 6 , Harper ) AND like . theme ( x _ 6 , x _ 2 )	elips_VPE_in_dist
157	Emma sketched the cake and so did a girl .	* cake ( x _ 2 ) ; girl ( x _ 1 ) AND sketch . agent ( x _ 3 , Emma ) AND sketch . theme ( x _ 3 , x _ 2 ) AND sketch . agent ( x _ 4 , x _ 1 ) AND sketch . theme ( x _ 4 , x _ 2 )	elips_VPE_in_dist
158	Liam ate the ball and so did the queen .	* ball ( x _ 2 ) ; * queen ( x _ 1 ) ; eat . agent ( x _ 3 , Liam ) AND eat . theme ( x _ 3 , x _ 2 ) AND eat . agent ( x _ 4 , x _ 1 ) AND eat . theme ( x _ 4 , x _ 2 )	elips_VPE_in_dist
159	A girl valued that Emma drew a cake and so did Liam .	girl ( x _ 0 ) AND cake ( x _ 2 ) AND value . agent ( x _ 3 , x _ 0 ) AND value . ccomp ( x _ 3, x _ 4 ) AND draw . agent ( x _ 4 , Emma ) AND draw . theme ( x _ 4 , x _ 2 ) AND value . agent ( x _ 5 , Liam ) AND value . ccomp ( x _ 5, x _ 6 ) AND draw . agent ( x _ 6 , Emma ) AND draw . theme ( x _ 6 , x _ 2 )	elips_VPE_in_dist
160	A boy painted Wyatt and so did Bella .	boy ( x _ 0 ) AND paint . agent ( x _ 1 , x _ 0 ) AND paint . theme ( x _ 1 , Wyatt ) AND paint . agent ( x _ 2 , Bella ) AND paint . theme ( x _ 2 , Wyatt )	elips_VPE_in_dist
161	Elizabeth painted a cake and so did Oliver .	cake ( x _ 1 ) AND paint . agent ( x _ 2 , Elizabeth ) AND paint . theme ( x _ 2 , x _ 1 ) AND paint . agent ( x _ 3 , Oliver ) AND paint . theme ( x _ 3 , x _ 1 )	elips_VPE_in_dist
162	The mouse painted Penelope and so did the giraffe .	* mouse ( x _ 0 ) ; * giraffe ( x _ 1 ) ; paint . agent ( x _ 2 , x _ 0 ) AND paint . theme ( x _ 2 , Penelope ) AND paint . agent ( x _ 3 , x _ 1 ) AND paint . theme ( x _ 3 , Penelope )	elips_VPE_in_dist
163	James liked the bear and so did Emma .	* bear ( x _ 1 ) ; like . agent ( x _ 2 , James ) AND like . theme ( x _ 2 , x _ 1 ) AND like . agent ( x _ 3 , Emma ) AND like . theme ( x _ 3 , x _ 1 )	elips_VPE_in_dist
164	A soldier nursed the baby and so did the butterfly .	* baby ( x _ 3 ) ; * butterfly ( x _ 2 ) ; soldier ( x _ 0 ) AND nurse . agent ( x _ 4 , x _ 0 ) AND nurse . theme ( x _ 4 , x _ 3 ) AND nurse . agent ( x _ 5 , x _ 2 ) AND nurse . theme ( x _ 5 , x _ 3 )	elips_VPE_in_dist
165	The frog admired that Logan missed the gumball and so did Lucas .	* frog ( x _ 0 ) ; * gumball ( x _ 2 ) ; admire . agent ( x _ 3 , x _ 0 ) AND admire . ccomp ( x _ 3, x _ 4 ) AND miss . agent ( x _ 4 , Logan ) AND miss . theme ( x _ 4 , x _ 2 ) AND admire . agent ( x _ 5 , Lucas ) AND admire . ccomp ( x _ 5, x _ 6 ) AND miss . agent ( x _ 6 , Logan ) AND miss . theme ( x _ 6 , x _ 2 )	elips_VPE_in_dist
166	A baby admired that Emma painted a girl and so did Noah .	baby ( x _ 0 ) AND girl ( x _ 2 ) AND admire . agent ( x _ 3 , x _ 0 ) AND admire . ccomp ( x _ 3, x _ 4 ) AND paint . agent ( x _ 4 , Emma ) AND paint . theme ( x _ 4 , x _ 2 ) AND admire . agent ( x _ 5 , Noah ) AND admire . ccomp ( x _ 5, x _ 6 ) AND paint . agent ( x _ 6 , Emma ) AND paint . theme ( x _ 6 , x _ 2 )	elips_VPE_in_dist
167	Emma liked that Liam found the cake and so did Aubrey .	* cake ( x _ 1 ) ; like . agent ( x _ 2 , Emma ) AND like . ccomp ( x _ 2, x _ 3 ) AND find . agent ( x _ 3 , Liam ) AND find . theme ( x _ 3 , x _ 1 ) AND like . agent ( x _ 4 , Aubrey ) AND like . ccomp ( x _ 4, x _ 5 ) AND find . agent ( x _ 5 , Liam ) AND find . theme ( x _ 5 , x _ 1 )	elips_VPE_in_dist
168	A doctor ate Luke and so did a girl .	doctor ( x _ 0 ) AND girl ( x _ 1 ) AND eat . agent ( x _ 2 , x _ 0 ) AND eat . theme ( x _ 2 , Luke ) AND eat . agent ( x _ 3 , x _ 1 ) AND eat . theme ( x _ 3 , Luke )	elips_VPE_in_dist
169	A girl respected the penny and so did Mila .	* penny ( x _ 2 ) ; girl ( x _ 0 ) AND respect . agent ( x _ 3 , x _ 0 ) AND respect . theme ( x _ 3 , x _ 2 ) AND respect . agent ( x _ 4 , Mila ) AND respect . theme ( x _ 4 , x _ 2 )	elips_VPE_in_dist
170	The crocodile respected a boy and so did the girl .	* crocodile ( x _ 0 ) ; * girl ( x _ 2 ) ; boy ( x _ 3 ) AND respect . agent ( x _ 4 , x _ 0 ) AND respect . theme ( x _ 4 , x _ 3 ) AND respect . agent ( x _ 5 , x _ 2 ) AND respect . theme ( x _ 5 , x _ 3 )	elips_VPE_in_dist
171	The cat liked that a monster cooked the sandwich and so did a girl .	* cat ( x _ 0 ) ; * sandwich ( x _ 5 ) ; monster ( x _ 4 ) AND girl ( x _ 3 ) AND like . agent ( x _ 6 , x _ 0 ) AND like . ccomp ( x _ 6, x _ 7 ) AND cook . agent ( x _ 7 , x _ 4 ) AND cook . theme ( x _ 7 , x _ 5 ) AND like . agent ( x _ 8 , x _ 3 ) AND like . ccomp ( x _ 8, x _ 9 ) AND cook . agent ( x _ 9 , x _ 4 ) AND cook . theme ( x _ 9 , x _ 5 )	elips_VPE_in_dist
172	Emma liked the box and so did Liam .	* box ( x _ 1 ) ; like . agent ( x _ 2 , Emma ) AND like . theme ( x _ 2 , x _ 1 ) AND like . agent ( x _ 3 , Liam ) AND like . theme ( x _ 3 , x _ 1 )	elips_VPE_in_dist
173	A professor nursed Zoey and so did a boy .	professor ( x _ 0 ) AND boy ( x _ 1 ) AND nurse . agent ( x _ 2 , x _ 0 ) AND nurse . theme ( x _ 2 , Zoey ) AND nurse . agent ( x _ 3 , x _ 1 ) AND nurse . theme ( x _ 3 , Zoey )	elips_VPE_in_dist
174	Emma painted Penelope and so did Liam .	paint . agent ( x _ 0 , Emma ) AND paint . theme ( x _ 0 , Penelope ) AND paint . agent ( x _ 1 , Liam ) AND paint . theme ( x _ 1 , Penelope )	elips_VPE_in_dist
175	A bear painted a doll and so did Hannah .	bear ( x _ 0 ) AND doll ( x _ 2 ) AND paint . agent ( x _ 3 , x _ 0 ) AND paint . theme ( x _ 3 , x _ 2 ) AND paint . agent ( x _ 4 , Hannah ) AND paint . theme ( x _ 4 , x _ 2 )	elips_VPE_in_dist
176	Amelia liked that Olivia missed a balloon and so did Charlotte .	balloon ( x _ 1 ) AND like . agent ( x _ 2 , Amelia ) AND like . ccomp ( x _ 2, x _ 3 ) AND miss . agent ( x _ 3 , Olivia ) AND miss . theme ( x _ 3 , x _ 1 ) AND like . agent ( x _ 4 , Charlotte ) AND like . ccomp ( x _ 4, x _ 5 ) AND miss . agent ( x _ 5 , Olivia ) AND miss . theme ( x _ 5 , x _ 1 )	elips_VPE_in_dist
177	A boy juggled a customer and so did the monkey .	* monkey ( x _ 2 ) ; boy ( x _ 0 ) AND customer ( x _ 3 ) AND juggle . agent ( x _ 4 , x _ 0 ) AND juggle . theme ( x _ 4 , x _ 3 ) AND juggle . agent ( x _ 5 , x _ 2 ) AND juggle . theme ( x _ 5 , x _ 3 )	elips_VPE_in_dist
178	The bear sketched the donut and so did the girl .	* bear ( x _ 0 ) ; * donut ( x _ 3 ) ; * girl ( x _ 2 ) ; sketch . agent ( x _ 4 , x _ 0 ) AND sketch . theme ( x _ 4 , x _ 3 ) AND sketch . agent ( x _ 5 , x _ 2 ) AND sketch . theme ( x _ 5 , x _ 3 )	elips_VPE_in_dist
179	Noah ate the cake and so did a boy .	* cake ( x _ 2 ) ; boy ( x _ 1 ) AND eat . agent ( x _ 3 , Noah ) AND eat . theme ( x _ 3 , x _ 2 ) AND eat . agent ( x _ 4 , x _ 1 ) AND eat . theme ( x _ 4 , x _ 2 )	elips_VPE_in_dist
180	Mia ate a cake and so did Henry .	cake ( x _ 1 ) AND eat . agent ( x _ 2 , Mia ) AND eat . theme ( x _ 2 , x _ 1 ) AND eat . agent ( x _ 3 , Henry ) AND eat . theme ( x _ 3 , x _ 1 )	elips_VPE_in_dist
181	A pupil ate a girl and so did a chicken .	pupil ( x _ 0 ) AND girl ( x _ 3 ) AND chicken ( x _ 2 ) AND eat . agent ( x _ 4 , x _ 0 ) AND eat . theme ( x _ 4 , x _ 3 ) AND eat . agent ( x _ 5 , x _ 2 ) AND eat . theme ( x _ 5 , x _ 3 )	elips_VPE_in_dist
182	Isabella thought that a boy appreciated a raisin and so did Ava .	boy ( x _ 2 ) AND raisin ( x _ 3 ) AND think . agent ( x _ 4 , Isabella ) AND think . ccomp ( x _ 4, x _ 5 ) AND appreciate . agent ( x _ 5 , x _ 2 ) AND appreciate . theme ( x _ 5 , x _ 3 ) AND think . agent ( x _ 6 , Ava ) AND think . ccomp ( x _ 6, x _ 7 ) AND appreciate . agent ( x _ 7 , x _ 2 ) AND appreciate . theme ( x _ 7 , x _ 3 )	elips_VPE_in_dist
183	The teacher helped a monkey and so did Emma .	* teacher ( x _ 0 ) ; monkey ( x _ 2 ) AND help . agent ( x _ 3 , x _ 0 ) AND help . theme ( x _ 3 , x _ 2 ) AND help . agent ( x _ 4 , Emma ) AND help . theme ( x _ 4 , x _ 2 )	elips_VPE_in_dist
184	The frog valued that Emma liked a bear and so did a boy .	* frog ( x _ 0 ) ; bear ( x _ 3 ) AND boy ( x _ 2 ) AND value . agent ( x _ 4 , x _ 0 ) AND value . ccomp ( x _ 4, x _ 5 ) AND like . agent ( x _ 5 , Emma ) AND like . theme ( x _ 5 , x _ 3 ) AND value . agent ( x _ 6 , x _ 2 ) AND value . ccomp ( x _ 6, x _ 7 ) AND like . agent ( x _ 7 , Emma ) AND like . theme ( x _ 7 , x _ 3 )	elips_VPE_in_dist
185	A princess hoped that a sheep found a bowl and so did the horse .	* horse ( x _ 3 ) ; princess ( x _ 0 ) AND sheep ( x _ 4 ) AND bowl ( x _ 5 ) AND hope . agent ( x _ 6 , x _ 0 ) AND hope . ccomp ( x _ 6, x _ 7 ) AND find . agent ( x _ 7 , x _ 4 ) AND find . theme ( x _ 7 , x _ 5 ) AND hope . agent ( x _ 8 , x _ 3 ) AND hope . ccomp ( x _ 8, x _ 9 ) AND find . agent ( x _ 9 , x _ 4 ) AND find . theme ( x _ 9 , x _ 5 )	elips_VPE_in_dist
186	Olivia ate Penelope and so did Noah .	eat . agent ( x _ 0 , Olivia ) AND eat . theme ( x _ 0 , Penelope ) AND eat . agent ( x _ 1 , Noah ) AND eat . theme ( x _ 1 , Penelope )	elips_VPE_in_dist
187	A girl said that the dog sketched the beer and so did Emma .	* dog ( x _ 3 ) ; * beer ( x _ 4 ) ; girl ( x _ 0 ) AND say . agent ( x _ 5 , x _ 0 ) AND say . ccomp ( x _ 5, x _ 6 ) AND sketch . agent ( x _ 6 , x _ 3 ) AND sketch . theme ( x _ 6 , x _ 4 ) AND say . agent ( x _ 7 , Emma ) AND say . ccomp ( x _ 7, x _ 8 ) AND sketch . agent ( x _ 8 , x _ 3 ) AND sketch . theme ( x _ 8 , x _ 4 )	elips_VPE_in_dist
188	Noah meant that Emma cleaned Penelope and so did a boy .	boy ( x _ 0 ) AND mean . agent ( x _ 1 , Noah ) AND mean . ccomp ( x _ 1, x _ 2 ) AND clean . agent ( x _ 2 , Emma ) AND clean . theme ( x _ 2 , Penelope ) AND mean . agent ( x _ 3 , x _ 0 ) AND mean . ccomp ( x _ 3, x _ 4 ) AND clean . agent ( x _ 4 , Emma ) AND clean . theme ( x _ 4 , Penelope )	elips_VPE_in_dist
189	A girl helped the cake and so did Emma .	* cake ( x _ 2 ) ; girl ( x _ 0 ) AND help . agent ( x _ 3 , x _ 0 ) AND help . theme ( x _ 3 , x _ 2 ) AND help . agent ( x _ 4 , Emma ) AND help . theme ( x _ 4 , x _ 2 )	elips_VPE_in_dist
190	Noah dusted the cake and so did a princess .	* cake ( x _ 2 ) ; princess ( x _ 1 ) AND dust . agent ( x _ 3 , Noah ) AND dust . theme ( x _ 3 , x _ 2 ) AND dust . agent ( x _ 4 , x _ 1 ) AND dust . theme ( x _ 4 , x _ 2 )	elips_VPE_in_dist
191	The wolf ate a nail and so did a girl .	* wolf ( x _ 0 ) ; nail ( x _ 3 ) AND girl ( x _ 2 ) AND eat . agent ( x _ 4 , x _ 0 ) AND eat . theme ( x _ 4 , x _ 3 ) AND eat . agent ( x _ 5 , x _ 2 ) AND eat . theme ( x _ 5 , x _ 3 )	elips_VPE_in_dist
192	Mia juggled a cookie and so did Ryan .	cookie ( x _ 1 ) AND juggle . agent ( x _ 2 , Mia ) AND juggle . theme ( x _ 2 , x _ 1 ) AND juggle . agent ( x _ 3 , Ryan ) AND juggle . theme ( x _ 3 , x _ 1 )	elips_VPE_in_dist
193	Emma drew the box and so did a boy .	* box ( x _ 2 ) ; boy ( x _ 1 ) AND draw . agent ( x _ 3 , Emma ) AND draw . theme ( x _ 3 , x _ 2 ) AND draw . agent ( x _ 4 , x _ 1 ) AND draw . theme ( x _ 4 , x _ 2 )	elips_VPE_in_dist
194	Benjamin drew Penelope and so did Emma .	draw . agent ( x _ 0 , Benjamin ) AND draw . theme ( x _ 0 , Penelope ) AND draw . agent ( x _ 1 , Emma ) AND draw . theme ( x _ 1 , Penelope )	elips_VPE_in_dist
195	Logan ate the girl and so did James .	* girl ( x _ 1 ) ; eat . agent ( x _ 2 , Logan ) AND eat . theme ( x _ 2 , x _ 1 ) AND eat . agent ( x _ 3 , James ) AND eat . theme ( x _ 3 , x _ 1 )	elips_VPE_in_dist
196	A girl drew a chair and so did the cat .	* cat ( x _ 2 ) ; girl ( x _ 0 ) AND chair ( x _ 3 ) AND draw . agent ( x _ 4 , x _ 0 ) AND draw . theme ( x _ 4 , x _ 3 ) AND draw . agent ( x _ 5 , x _ 2 ) AND draw . theme ( x _ 5 , x _ 3 )	elips_VPE_in_dist
197	Olivia ate the bat and so did Emma .	* bat ( x _ 1 ) ; eat . agent ( x _ 2 , Olivia ) AND eat . theme ( x _ 2 , x _ 1 ) AND eat . agent ( x _ 3 , Emma ) AND eat . theme ( x _ 3 , x _ 1 )	elips_VPE_in_dist
198	A girl thought that the boy cleaned the child and so did a puppy .	* boy ( x _ 4 ) ; * child ( x _ 5 ) ; girl ( x _ 0 ) AND puppy ( x _ 3 ) AND think . agent ( x _ 6 , x _ 0 ) AND think . ccomp ( x _ 6, x _ 7 ) AND clean . agent ( x _ 7 , x _ 4 ) AND clean . theme ( x _ 7 , x _ 5 ) AND think . agent ( x _ 8 , x _ 3 ) AND think . ccomp ( x _ 8, x _ 9 ) AND clean . agent ( x _ 9 , x _ 4 ) AND clean . theme ( x _ 9 , x _ 5 )	elips_VPE_in_dist
199	Olivia valued that a cat found a cake and so did Liam .	cat ( x _ 2 ) AND cake ( x _ 3 ) AND value . agent ( x _ 4 , Olivia ) AND value . ccomp ( x _ 4, x _ 5 ) AND find . agent ( x _ 5 , x _ 2 ) AND find . theme ( x _ 5 , x _ 3 ) AND value . agent ( x _ 6 , Liam ) AND value . ccomp ( x _ 6, x _ 7 ) AND find . agent ( x _ 7 , x _ 2 ) AND find . theme ( x _ 7 , x _ 3 )	elips_VPE_in_dist
200	Isabella confessed that Emma found the glue and so did a child .	* glue ( x _ 2 ) ; child ( x _ 1 ) AND confess . agent ( x _ 3 , Isabella ) AND confess . ccomp ( x _ 3, x _ 4 ) AND find . agent ( x _ 4 , Emma ) AND find . theme ( x _ 4 , x _ 2 ) AND confess . agent ( x _ 5 , x _ 1 ) AND confess . ccomp ( x _ 5, x _ 6 ) AND find . agent ( x _ 6 , Emma ) AND find . theme ( x _ 6 , x _ 2 )	elips_VPE_in_dist
201	The boy found the girl and so did the child .	* boy ( x _ 0 ) ; * girl ( x _ 3 ) ; * child ( x _ 2 ) ; find . agent ( x _ 4 , x _ 0 ) AND find . theme ( x _ 4 , x _ 3 ) AND find . agent ( x _ 5 , x _ 2 ) AND find . theme ( x _ 5 , x _ 3 )	elips_VPE_in_dist
202	The boy painted a mouse and so did Emma .	* boy ( x _ 0 ) ; mouse ( x _ 2 ) AND paint . agent ( x _ 3 , x _ 0 ) AND paint . theme ( x _ 3 , x _ 2 ) AND paint . agent ( x _ 4 , Emma ) AND paint . theme ( x _ 4 , x _ 2 )	elips_VPE_in_dist
203	Emma liked a cake and so did Olivia .	cake ( x _ 1 ) AND like . agent ( x _ 2 , Emma ) AND like . theme ( x _ 2 , x _ 1 ) AND like . agent ( x _ 3 , Olivia ) AND like . theme ( x _ 3 , x _ 1 )	elips_VPE_in_dist
204	Olivia appreciated a cookie and so did Dylan .	cookie ( x _ 1 ) AND appreciate . agent ( x _ 2 , Olivia ) AND appreciate . theme ( x _ 2 , x _ 1 ) AND appreciate . agent ( x _ 3 , Dylan ) AND appreciate . theme ( x _ 3 , x _ 1 )	elips_VPE_in_dist
205	Benjamin helped Layla and so did Emma .	help . agent ( x _ 0 , Benjamin ) AND help . theme ( x _ 0 , Layla ) AND help . agent ( x _ 1 , Emma ) AND help . theme ( x _ 1 , Layla )	elips_VPE_in_dist
206	The boy ate a balloon and so did Liam .	* boy ( x _ 0 ) ; balloon ( x _ 2 ) AND eat . agent ( x _ 3 , x _ 0 ) AND eat . theme ( x _ 3 , x _ 2 ) AND eat . agent ( x _ 4 , Liam ) AND eat . theme ( x _ 4 , x _ 2 )	elips_VPE_in_dist
207	The teacher hoped that a pupil found a box and so did Liam .	* teacher ( x _ 0 ) ; pupil ( x _ 3 ) AND box ( x _ 4 ) AND hope . agent ( x _ 5 , x _ 0 ) AND hope . ccomp ( x _ 5, x _ 6 ) AND find . agent ( x _ 6 , x _ 3 ) AND find . theme ( x _ 6 , x _ 4 ) AND hope . agent ( x _ 7 , Liam ) AND hope . ccomp ( x _ 7, x _ 8 ) AND find . agent ( x _ 8 , x _ 3 ) AND find . theme ( x _ 8 , x _ 4 )	elips_VPE_in_dist
208	A teacher liked the box and so did Emma .	* box ( x _ 2 ) ; teacher ( x _ 0 ) AND like . agent ( x _ 3 , x _ 0 ) AND like . theme ( x _ 3 , x _ 2 ) AND like . agent ( x _ 4 , Emma ) AND like . theme ( x _ 4 , x _ 2 )	elips_VPE_in_dist
209	Andrew loved a boy and so did Liam .	boy ( x _ 1 ) AND love . agent ( x _ 2 , Andrew ) AND love . theme ( x _ 2 , x _ 1 ) AND love . agent ( x _ 3 , Liam ) AND love . theme ( x _ 3 , x _ 1 )	elips_VPE_in_dist
210	Emma liked a ball and so did a cat .	ball ( x _ 2 ) AND cat ( x _ 1 ) AND like . agent ( x _ 3 , Emma ) AND like . theme ( x _ 3 , x _ 2 ) AND like . agent ( x _ 4 , x _ 1 ) AND like . theme ( x _ 4 , x _ 2 )	elips_VPE_in_dist
211	Liam liked a newspaper and so did the teacher .	* teacher ( x _ 1 ) ; newspaper ( x _ 2 ) AND like . agent ( x _ 3 , Liam ) AND like . theme ( x _ 3 , x _ 2 ) AND like . agent ( x _ 4 , x _ 1 ) AND like . theme ( x _ 4 , x _ 2 )	elips_VPE_in_dist
212	A sheep imagined that Alexander juggled a cake and so did Emma .	sheep ( x _ 0 ) AND cake ( x _ 2 ) AND imagine . agent ( x _ 3 , x _ 0 ) AND imagine . ccomp ( x _ 3, x _ 4 ) AND juggle . agent ( x _ 4 , Alexander ) AND juggle . theme ( x _ 4 , x _ 2 ) AND imagine . agent ( x _ 5 , Emma ) AND imagine . ccomp ( x _ 5, x _ 6 ) AND juggle . agent ( x _ 6 , Alexander ) AND juggle . theme ( x _ 6 , x _ 2 )	elips_VPE_in_dist
213	Olivia juggled Bella and so did the hero .	* hero ( x _ 0 ) ; juggle . agent ( x _ 1 , Olivia ) AND juggle . theme ( x _ 1 , Bella ) AND juggle . agent ( x _ 2 , x _ 0 ) AND juggle . theme ( x _ 2 , Bella )	elips_VPE_in_dist
214	The monkey cooked a cake and so did the girl .	* monkey ( x _ 0 ) ; * girl ( x _ 2 ) ; cake ( x _ 3 ) AND cook . agent ( x _ 4 , x _ 0 ) AND cook . theme ( x _ 4 , x _ 3 ) AND cook . agent ( x _ 5 , x _ 2 ) AND cook . theme ( x _ 5 , x _ 3 )	elips_VPE_in_dist
215	A girl cooked Penelope and so did Emma .	girl ( x _ 0 ) AND cook . agent ( x _ 1 , x _ 0 ) AND cook . theme ( x _ 1 , Penelope ) AND cook . agent ( x _ 2 , Emma ) AND cook . theme ( x _ 2 , Penelope )	elips_VPE_in_dist
216	Emma said that Liam liked Zoey and so did Sophia .	say . agent ( x _ 0 , Emma ) AND say . ccomp ( x _ 0, x _ 1 ) AND like . agent ( x _ 1 , Liam ) AND like . theme ( x _ 1 , Zoey ) AND say . agent ( x _ 2 , Sophia ) AND say . ccomp ( x _ 2, x _ 3 ) AND like . agent ( x _ 3 , Liam ) AND like . theme ( x _ 3 , Zoey )	elips_VPE_in_dist
217	A cat adored Layla and so did Mila .	cat ( x _ 0 ) AND adore . agent ( x _ 1 , x _ 0 ) AND adore . theme ( x _ 1 , Layla ) AND adore . agent ( x _ 2 , Mila ) AND adore . theme ( x _ 2 , Layla )	elips_VPE_in_dist
218	Emma liked that James helped a toothbrush and so did Luke .	toothbrush ( x _ 1 ) AND like . agent ( x _ 2 , Emma ) AND like . ccomp ( x _ 2, x _ 3 ) AND help . agent ( x _ 3 , James ) AND help . theme ( x _ 3 , x _ 1 ) AND like . agent ( x _ 4 , Luke ) AND like . ccomp ( x _ 4, x _ 5 ) AND help . agent ( x _ 5 , James ) AND help . theme ( x _ 5 , x _ 1 )	elips_VPE_in_dist
219	The girl thought that Emma loved Penelope and so did Olivia .	* girl ( x _ 0 ) ; think . agent ( x _ 1 , x _ 0 ) AND think . ccomp ( x _ 1, x _ 2 ) AND love . agent ( x _ 2 , Emma ) AND love . theme ( x _ 2 , Penelope ) AND think . agent ( x _ 3 , Olivia ) AND think . ccomp ( x _ 3, x _ 4 ) AND love . agent ( x _ 4 , Emma ) AND love . theme ( x _ 4 , Penelope )	elips_VPE_in_dist
220	Noah hunted Wyatt and so did the puppy .	* puppy ( x _ 0 ) ; hunt . agent ( x _ 1 , Noah ) AND hunt . theme ( x _ 1 , Wyatt ) AND hunt . agent ( x _ 2 , x _ 0 ) AND hunt . theme ( x _ 2 , Wyatt )	elips_VPE_in_dist
221	A teacher liked that the professor poked a cake and so did the dog .	* professor ( x _ 4 ) ; * dog ( x _ 3 ) ; teacher ( x _ 0 ) AND cake ( x _ 5 ) AND like . agent ( x _ 6 , x _ 0 ) AND like . ccomp ( x _ 6, x _ 7 ) AND poke . agent ( x _ 7 , x _ 4 ) AND poke . theme ( x _ 7 , x _ 5 ) AND like . agent ( x _ 8 , x _ 3 ) AND like . ccomp ( x _ 8, x _ 9 ) AND poke . agent ( x _ 9 , x _ 4 ) AND poke . theme ( x _ 9 , x _ 5 )	elips_VPE_in_dist
222	Emma dusted the drink and so did Ava .	* drink ( x _ 1 ) ; dust . agent ( x _ 2 , Emma ) AND dust . theme ( x _ 2 , x _ 1 ) AND dust . agent ( x _ 3 , Ava ) AND dust . theme ( x _ 3 , x _ 1 )	elips_VPE_in_dist
223	Liam helped a rose and so did Andrew .	rose ( x _ 1 ) AND help . agent ( x _ 2 , Liam ) AND help . theme ( x _ 2 , x _ 1 ) AND help . agent ( x _ 3 , Andrew ) AND help . theme ( x _ 3 , x _ 1 )	elips_VPE_in_dist
224	Liam liked that Emma painted Penelope and so did the girl .	* girl ( x _ 0 ) ; like . agent ( x _ 1 , Liam ) AND like . ccomp ( x _ 1, x _ 2 ) AND paint . agent ( x _ 2 , Emma ) AND paint . theme ( x _ 2 , Penelope ) AND like . agent ( x _ 3 , x _ 0 ) AND like . ccomp ( x _ 3, x _ 4 ) AND paint . agent ( x _ 4 , Emma ) AND paint . theme ( x _ 4 , Penelope )	elips_VPE_in_dist
225	Noah liked Penelope and so did Emma .	like . agent ( x _ 0 , Noah ) AND like . theme ( x _ 0 , Penelope ) AND like . agent ( x _ 1 , Emma ) AND like . theme ( x _ 1 , Penelope )	elips_VPE_in_dist
226	Liam missed Zoey and so did the bear .	* bear ( x _ 0 ) ; miss . agent ( x _ 1 , Liam ) AND miss . theme ( x _ 1 , Zoey ) AND miss . agent ( x _ 2 , x _ 0 ) AND miss . theme ( x _ 2 , Zoey )	elips_VPE_in_dist
227	The frog ate a box and so did a child .	* frog ( x _ 0 ) ; box ( x _ 3 ) AND child ( x _ 2 ) AND eat . agent ( x _ 4 , x _ 0 ) AND eat . theme ( x _ 4 , x _ 3 ) AND eat . agent ( x _ 5 , x _ 2 ) AND eat . theme ( x _ 5 , x _ 3 )	elips_VPE_in_dist
228	The girl hoped that Sophia liked a rose and so did Olivia .	* girl ( x _ 0 ) ; rose ( x _ 2 ) AND hope . agent ( x _ 3 , x _ 0 ) AND hope . ccomp ( x _ 3, x _ 4 ) AND like . agent ( x _ 4 , Sophia ) AND like . theme ( x _ 4 , x _ 2 ) AND hope . agent ( x _ 5 , Olivia ) AND hope . ccomp ( x _ 5, x _ 6 ) AND like . agent ( x _ 6 , Sophia ) AND like . theme ( x _ 6 , x _ 2 )	elips_VPE_in_dist
229	The girl drew a pretzel and so did Aiden .	* girl ( x _ 0 ) ; pretzel ( x _ 2 ) AND draw . agent ( x _ 3 , x _ 0 ) AND draw . theme ( x _ 3 , x _ 2 ) AND draw . agent ( x _ 4 , Aiden ) AND draw . theme ( x _ 4 , x _ 2 )	elips_VPE_in_dist
230	The teacher liked that the girl liked the present and so did William .	* teacher ( x _ 0 ) ; * girl ( x _ 3 ) ; * present ( x _ 4 ) ; like . agent ( x _ 5 , x _ 0 ) AND like . ccomp ( x _ 5, x _ 6 ) AND like . agent ( x _ 6 , x _ 3 ) AND like . theme ( x _ 6 , x _ 4 ) AND like . agent ( x _ 7 , William ) AND like . ccomp ( x _ 7, x _ 8 ) AND like . agent ( x _ 8 , x _ 3 ) AND like . theme ( x _ 8 , x _ 4 )	elips_VPE_in_dist
231	Oliver liked that Liam ate Aubrey and so did a kid .	kid ( x _ 0 ) AND like . agent ( x _ 1 , Oliver ) AND like . ccomp ( x _ 1, x _ 2 ) AND eat . agent ( x _ 2 , Liam ) AND eat . theme ( x _ 2 , Aubrey ) AND like . agent ( x _ 3 , x _ 0 ) AND like . ccomp ( x _ 3, x _ 4 ) AND eat . agent ( x _ 4 , Liam ) AND eat . theme ( x _ 4 , Aubrey )	elips_VPE_in_dist
232	Eleanor found the girl and so did the journalist .	* girl ( x _ 2 ) ; * journalist ( x _ 1 ) ; find . agent ( x _ 3 , Eleanor ) AND find . theme ( x _ 3 , x _ 2 ) AND find . agent ( x _ 4 , x _ 1 ) AND find . theme ( x _ 4 , x _ 2 )	elips_VPE_in_dist
233	Noah hunted Nathan and so did Liam .	hunt . agent ( x _ 0 , Noah ) AND hunt . theme ( x _ 0 , Nathan ) AND hunt . agent ( x _ 1 , Liam ) AND hunt . theme ( x _ 1 , Nathan )	elips_VPE_in_dist
234	The servant liked the cat and so did the champion .	* servant ( x _ 0 ) ; * cat ( x _ 3 ) ; * champion ( x _ 2 ) ; like . agent ( x _ 4 , x _ 0 ) AND like . theme ( x _ 4 , x _ 3 ) AND like . agent ( x _ 5 , x _ 2 ) AND like . theme ( x _ 5 , x _ 3 )	elips_VPE_in_dist
235	Joshua liked a cake and so did a frog .	cake ( x _ 2 ) AND frog ( x _ 1 ) AND like . agent ( x _ 3 , Joshua ) AND like . theme ( x _ 3 , x _ 2 ) AND like . agent ( x _ 4 , x _ 1 ) AND like . theme ( x _ 4 , x _ 2 )	elips_VPE_in_dist
236	Olivia found a cake and so did a boy .	cake ( x _ 2 ) AND boy ( x _ 1 ) AND find . agent ( x _ 3 , Olivia ) AND find . theme ( x _ 3 , x _ 2 ) AND find . agent ( x _ 4 , x _ 1 ) AND find . theme ( x _ 4 , x _ 2 )	elips_VPE_in_dist
237	Violet admired the cake and so did Sophia .	* cake ( x _ 1 ) ; admire . agent ( x _ 2 , Violet ) AND admire . theme ( x _ 2 , x _ 1 ) AND admire . agent ( x _ 3 , Sophia ) AND admire . theme ( x _ 3 , x _ 1 )	elips_VPE_in_dist
238	Leah liked Riley and so did a customer .	customer ( x _ 0 ) AND like . agent ( x _ 1 , Leah ) AND like . theme ( x _ 1 , Riley ) AND like . agent ( x _ 2 , x _ 0 ) AND like . theme ( x _ 2 , Riley )	elips_VPE_in_dist
239	James liked that the girl liked a donut and so did Aiden .	* girl ( x _ 2 ) ; donut ( x _ 3 ) AND like . agent ( x _ 4 , James ) AND like . ccomp ( x _ 4, x _ 5 ) AND like . agent ( x _ 5 , x _ 2 ) AND like . theme ( x _ 5 , x _ 3 ) AND like . agent ( x _ 6 , Aiden ) AND like . ccomp ( x _ 6, x _ 7 ) AND like . agent ( x _ 7 , x _ 2 ) AND like . theme ( x _ 7 , x _ 3 )	elips_VPE_in_dist
240	A girl ate Penelope and so did a bunny .	girl ( x _ 0 ) AND bunny ( x _ 1 ) AND eat . agent ( x _ 2 , x _ 0 ) AND eat . theme ( x _ 2 , Penelope ) AND eat . agent ( x _ 3 , x _ 1 ) AND eat . theme ( x _ 3 , Penelope )	elips_VPE_in_dist
241	A lawyer said that the monster adored the flag and so did the boy .	* monster ( x _ 4 ) ; * flag ( x _ 5 ) ; * boy ( x _ 3 ) ; lawyer ( x _ 0 ) AND say . agent ( x _ 6 , x _ 0 ) AND say . ccomp ( x _ 6, x _ 7 ) AND adore . agent ( x _ 7 , x _ 4 ) AND adore . theme ( x _ 7 , x _ 5 ) AND say . agent ( x _ 8 , x _ 3 ) AND say . ccomp ( x _ 8, x _ 9 ) AND adore . agent ( x _ 9 , x _ 4 ) AND adore . theme ( x _ 9 , x _ 5 )	elips_VPE_in_dist
242	The guard found a molecule and so did Lillian .	* guard ( x _ 0 ) ; molecule ( x _ 2 ) AND find . agent ( x _ 3 , x _ 0 ) AND find . theme ( x _ 3 , x _ 2 ) AND find . agent ( x _ 4 , Lillian ) AND find . theme ( x _ 4 , x _ 2 )	elips_VPE_in_dist
243	Elijah cooked Aurora and so did a boy .	boy ( x _ 0 ) AND cook . agent ( x _ 1 , Elijah ) AND cook . theme ( x _ 1 , Aurora ) AND cook . agent ( x _ 2 , x _ 0 ) AND cook . theme ( x _ 2 , Aurora )	elips_VPE_in_dist
244	Emma admired the boy and so did Liam .	* boy ( x _ 1 ) ; admire . agent ( x _ 2 , Emma ) AND admire . theme ( x _ 2 , x _ 1 ) AND admire . agent ( x _ 3 , Liam ) AND admire . theme ( x _ 3 , x _ 1 )	elips_VPE_in_dist
245	Isabella liked that the driver ate the mother and so did the tiger .	* driver ( x _ 3 ) ; * mother ( x _ 4 ) ; * tiger ( x _ 2 ) ; like . agent ( x _ 5 , Isabella ) AND like . ccomp ( x _ 5, x _ 6 ) AND eat . agent ( x _ 6 , x _ 3 ) AND eat . theme ( x _ 6 , x _ 4 ) AND like . agent ( x _ 7 , x _ 2 ) AND like . ccomp ( x _ 7, x _ 8 ) AND eat . agent ( x _ 8 , x _ 3 ) AND eat . theme ( x _ 8 , x _ 4 )	elips_VPE_in_dist
246	Emma hoped that Liam helped the chicken and so did Isaac .	* chicken ( x _ 1 ) ; hope . agent ( x _ 2 , Emma ) AND hope . ccomp ( x _ 2, x _ 3 ) AND help . agent ( x _ 3 , Liam ) AND help . theme ( x _ 3 , x _ 1 ) AND hope . agent ( x _ 4 , Isaac ) AND hope . ccomp ( x _ 4, x _ 5 ) AND help . agent ( x _ 5 , Liam ) AND help . theme ( x _ 5 , x _ 1 )	elips_VPE_in_dist
247	Olivia drew the cookie and so did Emma .	* cookie ( x _ 1 ) ; draw . agent ( x _ 2 , Olivia ) AND draw . theme ( x _ 2 , x _ 1 ) AND draw . agent ( x _ 3 , Emma ) AND draw . theme ( x _ 3 , x _ 1 )	elips_VPE_in_dist
248	The bunny nursed Bella and so did William .	* bunny ( x _ 0 ) ; nurse . agent ( x _ 1 , x _ 0 ) AND nurse . theme ( x _ 1 , Bella ) AND nurse . agent ( x _ 2 , William ) AND nurse . theme ( x _ 2 , Bella )	elips_VPE_in_dist
249	A teacher liked that a girl cleaned Wyatt and so did Emma .	teacher ( x _ 0 ) AND girl ( x _ 2 ) AND like . agent ( x _ 3 , x _ 0 ) AND like . ccomp ( x _ 3, x _ 4 ) AND clean . agent ( x _ 4 , x _ 2 ) AND clean . theme ( x _ 4 , Wyatt ) AND like . agent ( x _ 5 , Emma ) AND like . ccomp ( x _ 5, x _ 6 ) AND clean . agent ( x _ 6 , x _ 2 ) AND clean . theme ( x _ 6 , Wyatt )	elips_VPE_in_dist
250	A cat cleaned a cookie and so did a boy .	cat ( x _ 0 ) AND cookie ( x _ 3 ) AND boy ( x _ 2 ) AND clean . agent ( x _ 4 , x _ 0 ) AND clean . theme ( x _ 4 , x _ 3 ) AND clean . agent ( x _ 5 , x _ 2 ) AND clean . theme ( x _ 5 , x _ 3 )	elips_VPE_in_dist
251	Madison loved the purse and so did Mia .	* purse ( x _ 1 ) ; love . agent ( x _ 2 , Madison ) AND love . theme ( x _ 2 , x _ 1 ) AND love . agent ( x _ 3 , Mia ) AND love . theme ( x _ 3 , x _ 1 )	elips_VPE_in_dist
252	Noah cleaned a strawberry and so did Olivia .	strawberry ( x _ 1 ) AND clean . agent ( x _ 2 , Noah ) AND clean . theme ( x _ 2 , x _ 1 ) AND clean . agent ( x _ 3 , Olivia ) AND clean . theme ( x _ 3 , x _ 1 )	elips_VPE_in_dist
253	Emma expected that Liam sketched the bell and so did a girl .	* bell ( x _ 2 ) ; girl ( x _ 1 ) AND expect . agent ( x _ 3 , Emma ) AND expect . ccomp ( x _ 3, x _ 4 ) AND sketch . agent ( x _ 4 , Liam ) AND sketch . theme ( x _ 4 , x _ 2 ) AND expect . agent ( x _ 5 , x _ 1 ) AND expect . ccomp ( x _ 5, x _ 6 ) AND sketch . agent ( x _ 6 , Liam ) AND sketch . theme ( x _ 6 , x _ 2 )	elips_VPE_in_dist
254	The cat ate a box and so did the girl .	* cat ( x _ 0 ) ; * girl ( x _ 2 ) ; box ( x _ 3 ) AND eat . agent ( x _ 4 , x _ 0 ) AND eat . theme ( x _ 4 , x _ 3 ) AND eat . agent ( x _ 5 , x _ 2 ) AND eat . theme ( x _ 5 , x _ 3 )	elips_VPE_in_dist
255	The chicken painted Wyatt and so did Isaac .	* chicken ( x _ 0 ) ; paint . agent ( x _ 1 , x _ 0 ) AND paint . theme ( x _ 1 , Wyatt ) AND paint . agent ( x _ 2 , Isaac ) AND paint . theme ( x _ 2 , Wyatt )	elips_VPE_in_dist
256	Emma valued that Liam helped a girl and so did Amelia .	girl ( x _ 1 ) AND value . agent ( x _ 2 , Emma ) AND value . ccomp ( x _ 2, x _ 3 ) AND help . agent ( x _ 3 , Liam ) AND help . theme ( x _ 3 , x _ 1 ) AND value . agent ( x _ 4 , Amelia ) AND value . ccomp ( x _ 4, x _ 5 ) AND help . agent ( x _ 5 , Liam ) AND help . theme ( x _ 5 , x _ 1 )	elips_VPE_in_dist
257	The baby dusted Nora and so did Emma .	* baby ( x _ 0 ) ; dust . agent ( x _ 1 , x _ 0 ) AND dust . theme ( x _ 1 , Nora ) AND dust . agent ( x _ 2 , Emma ) AND dust . theme ( x _ 2 , Nora )	elips_VPE_in_dist
258	Emma ate a toy and so did Olivia .	toy ( x _ 1 ) AND eat . agent ( x _ 2 , Emma ) AND eat . theme ( x _ 2 , x _ 1 ) AND eat . agent ( x _ 3 , Olivia ) AND eat . theme ( x _ 3 , x _ 1 )	elips_VPE_in_dist
259	A tenant helped Riley and so did a girl .	tenant ( x _ 0 ) AND girl ( x _ 1 ) AND help . agent ( x _ 2 , x _ 0 ) AND help . theme ( x _ 2 , Riley ) AND help . agent ( x _ 3 , x _ 1 ) AND help . theme ( x _ 3 , Riley )	elips_VPE_in_dist
260	Charlotte painted the raisin and so did Oliver .	* raisin ( x _ 1 ) ; paint . agent ( x _ 2 , Charlotte ) AND paint . theme ( x _ 2 , x _ 1 ) AND paint . agent ( x _ 3 , Oliver ) AND paint . theme ( x _ 3 , x _ 1 )	elips_VPE_in_dist
261	The girl ate the raisin and so did Emma .	* girl ( x _ 0 ) ; * raisin ( x _ 2 ) ; eat . agent ( x _ 3 , x _ 0 ) AND eat . theme ( x _ 3 , x _ 2 ) AND eat . agent ( x _ 4 , Emma ) AND eat . theme ( x _ 4 , x _ 2 )	elips_VPE_in_dist
262	The baby nursed a cake and so did Liam .	* baby ( x _ 0 ) ; cake ( x _ 2 ) AND nurse . agent ( x _ 3 , x _ 0 ) AND nurse . theme ( x _ 3 , x _ 2 ) AND nurse . agent ( x _ 4 , Liam ) AND nurse . theme ( x _ 4 , x _ 2 )	elips_VPE_in_dist
263	Olivia adored the pickle and so did a boy .	* pickle ( x _ 2 ) ; boy ( x _ 1 ) AND adore . agent ( x _ 3 , Olivia ) AND adore . theme ( x _ 3 , x _ 2 ) AND adore . agent ( x _ 4 , x _ 1 ) AND adore . theme ( x _ 4 , x _ 2 )	elips_VPE_in_dist
264	A baby liked a dog and so did Oliver .	baby ( x _ 0 ) AND dog ( x _ 2 ) AND like . agent ( x _ 3 , x _ 0 ) AND like . theme ( x _ 3 , x _ 2 ) AND like . agent ( x _ 4 , Oliver ) AND like . theme ( x _ 4 , x _ 2 )	elips_VPE_in_dist
265	The boy ate the bucket and so did the girl .	* boy ( x _ 0 ) ; * bucket ( x _ 3 ) ; * girl ( x _ 2 ) ; eat . agent ( x _ 4 , x _ 0 ) AND eat . theme ( x _ 4 , x _ 3 ) AND eat . agent ( x _ 5 , x _ 2 ) AND eat . theme ( x _ 5 , x _ 3 )	elips_VPE_in_dist
266	Aria liked the beer and so did the girl .	* beer ( x _ 2 ) ; * girl ( x _ 1 ) ; like . agent ( x _ 3 , Aria ) AND like . theme ( x _ 3 , x _ 2 ) AND like . agent ( x _ 4 , x _ 1 ) AND like . theme ( x _ 4 , x _ 2 )	elips_VPE_in_dist
267	The baby drew the box and so did the bunny .	* baby ( x _ 0 ) ; * box ( x _ 3 ) ; * bunny ( x _ 2 ) ; draw . agent ( x _ 4 , x _ 0 ) AND draw . theme ( x _ 4 , x _ 3 ) AND draw . agent ( x _ 5 , x _ 2 ) AND draw . theme ( x _ 5 , x _ 3 )	elips_VPE_in_dist
268	A president liked that Wyatt found the cake and so did Emma .	* cake ( x _ 2 ) ; president ( x _ 0 ) AND like . agent ( x _ 3 , x _ 0 ) AND like . ccomp ( x _ 3, x _ 4 ) AND find . agent ( x _ 4 , Wyatt ) AND find . theme ( x _ 4 , x _ 2 ) AND like . agent ( x _ 5 , Emma ) AND like . ccomp ( x _ 5, x _ 6 ) AND find . agent ( x _ 6 , Wyatt ) AND find . theme ( x _ 6 , x _ 2 )	elips_VPE_in_dist
269	Harper liked Jayden and so did a girl .	girl ( x _ 0 ) AND like . agent ( x _ 1 , Harper ) AND like . theme ( x _ 1 , Jayden ) AND like . agent ( x _ 2 , x _ 0 ) AND like . theme ( x _ 2 , Jayden )	elips_VPE_in_dist
270	Emma helped a box and so did a chicken .	box ( x _ 2 ) AND chicken ( x _ 1 ) AND help . agent ( x _ 3 , Emma ) AND help . theme ( x _ 3 , x _ 2 ) AND help . agent ( x _ 4 , x _ 1 ) AND help . theme ( x _ 4 , x _ 2 )	elips_VPE_in_dist
271	A sailor found the cake and so did a baby .	* cake ( x _ 3 ) ; sailor ( x _ 0 ) AND baby ( x _ 2 ) AND find . agent ( x _ 4 , x _ 0 ) AND find . theme ( x _ 4 , x _ 3 ) AND find . agent ( x _ 5 , x _ 2 ) AND find . theme ( x _ 5 , x _ 3 )	elips_VPE_in_dist
272	Emma poked Wyatt and so did a zebra .	zebra ( x _ 0 ) AND poke . agent ( x _ 1 , Emma ) AND poke . theme ( x _ 1 , Wyatt ) AND poke . agent ( x _ 2 , x _ 0 ) AND poke . theme ( x _ 2 , Wyatt )	elips_VPE_in_dist
273	Olivia painted a donut and so did a goose .	donut ( x _ 2 ) AND goose ( x _ 1 ) AND paint . agent ( x _ 3 , Olivia ) AND paint . theme ( x _ 3 , x _ 2 ) AND paint . agent ( x _ 4 , x _ 1 ) AND paint . theme ( x _ 4 , x _ 2 )	elips_VPE_in_dist
274	Emma loved a donut and so did a girl .	donut ( x _ 2 ) AND girl ( x _ 1 ) AND love . agent ( x _ 3 , Emma ) AND love . theme ( x _ 3 , x _ 2 ) AND love . agent ( x _ 4 , x _ 1 ) AND love . theme ( x _ 4 , x _ 2 )	elips_VPE_in_dist
275	Charlotte painted Layla and so did the cat .	* cat ( x _ 0 ) ; paint . agent ( x _ 1 , Charlotte ) AND paint . theme ( x _ 1 , Layla ) AND paint . agent ( x _ 2 , x _ 0 ) AND paint . theme ( x _ 2 , Layla )	elips_VPE_in_dist
276	A bear adored a bean and so did the cow .	* cow ( x _ 2 ) ; bear ( x _ 0 ) AND bean ( x _ 3 ) AND adore . agent ( x _ 4 , x _ 0 ) AND adore . theme ( x _ 4 , x _ 3 ) AND adore . agent ( x _ 5 , x _ 2 ) AND adore . theme ( x _ 5 , x _ 3 )	elips_VPE_in_dist
277	Ava liked that Riley liked a box and so did the chicken .	* chicken ( x _ 1 ) ; box ( x _ 2 ) AND like . agent ( x _ 3 , Ava ) AND like . ccomp ( x _ 3, x _ 4 ) AND like . agent ( x _ 4 , Riley ) AND like . theme ( x _ 4 , x _ 2 ) AND like . agent ( x _ 5 , x _ 1 ) AND like . ccomp ( x _ 5, x _ 6 ) AND like . agent ( x _ 6 , Riley ) AND like . theme ( x _ 6 , x _ 2 )	elips_VPE_in_dist
278	A pupil painted the cake and so did Emma .	* cake ( x _ 2 ) ; pupil ( x _ 0 ) AND paint . agent ( x _ 3 , x _ 0 ) AND paint . theme ( x _ 3 , x _ 2 ) AND paint . agent ( x _ 4 , Emma ) AND paint . theme ( x _ 4 , x _ 2 )	elips_VPE_in_dist
279	The cat painted Dylan and so did a driver .	* cat ( x _ 0 ) ; driver ( x _ 1 ) AND paint . agent ( x _ 2 , x _ 0 ) AND paint . theme ( x _ 2 , Dylan ) AND paint . agent ( x _ 3 , x _ 1 ) AND paint . theme ( x _ 3 , Dylan )	elips_VPE_in_dist
280	Mia helped a customer and so did Emma .	customer ( x _ 1 ) AND help . agent ( x _ 2 , Mia ) AND help . theme ( x _ 2 , x _ 1 ) AND help . agent ( x _ 3 , Emma ) AND help . theme ( x _ 3 , x _ 1 )	elips_VPE_in_dist
281	Ava liked a boy and so did Lucas .	boy ( x _ 1 ) AND like . agent ( x _ 2 , Ava ) AND like . theme ( x _ 2 , x _ 1 ) AND like . agent ( x _ 3 , Lucas ) AND like . theme ( x _ 3 , x _ 1 )	elips_VPE_in_dist
282	A girl ate a customer and so did Scarlett .	girl ( x _ 0 ) AND customer ( x _ 2 ) AND eat . agent ( x _ 3 , x _ 0 ) AND eat . theme ( x _ 3 , x _ 2 ) AND eat . agent ( x _ 4 , Scarlett ) AND eat . theme ( x _ 4 , x _ 2 )	elips_VPE_in_dist
283	The baby liked that Amelia helped the sandwich and so did a girl .	* baby ( x _ 0 ) ; * sandwich ( x _ 3 ) ; girl ( x _ 2 ) AND like . agent ( x _ 4 , x _ 0 ) AND like . ccomp ( x _ 4, x _ 5 ) AND help . agent ( x _ 5 , Amelia ) AND help . theme ( x _ 5 , x _ 3 ) AND like . agent ( x _ 6 , x _ 2 ) AND like . ccomp ( x _ 6, x _ 7 ) AND help . agent ( x _ 7 , Amelia ) AND help . theme ( x _ 7 , x _ 3 )	elips_VPE_in_dist
284	The girl liked that Isabella nursed the cake and so did Carter .	* girl ( x _ 0 ) ; * cake ( x _ 2 ) ; like . agent ( x _ 3 , x _ 0 ) AND like . ccomp ( x _ 3, x _ 4 ) AND nurse . agent ( x _ 4 , Isabella ) AND nurse . theme ( x _ 4 , x _ 2 ) AND like . agent ( x _ 5 , Carter ) AND like . ccomp ( x _ 5, x _ 6 ) AND nurse . agent ( x _ 6 , Isabella ) AND nurse . theme ( x _ 6 , x _ 2 )	elips_VPE_in_dist
285	Liam liked a guitar and so did a girl .	guitar ( x _ 2 ) AND girl ( x _ 1 ) AND like . agent ( x _ 3 , Liam ) AND like . theme ( x _ 3 , x _ 2 ) AND like . agent ( x _ 4 , x _ 1 ) AND like . theme ( x _ 4 , x _ 2 )	elips_VPE_in_dist
286	The cat helped a cup and so did a girl .	* cat ( x _ 0 ) ; cup ( x _ 3 ) AND girl ( x _ 2 ) AND help . agent ( x _ 4 , x _ 0 ) AND help . theme ( x _ 4 , x _ 3 ) AND help . agent ( x _ 5 , x _ 2 ) AND help . theme ( x _ 5 , x _ 3 )	elips_VPE_in_dist
287	A monkey said that William ate Layla and so did the girl .	* girl ( x _ 1 ) ; monkey ( x _ 0 ) AND say . agent ( x _ 2 , x _ 0 ) AND say . ccomp ( x _ 2, x _ 3 ) AND eat . agent ( x _ 3 , William ) AND eat . theme ( x _ 3 , Layla ) AND say . agent ( x _ 4 , x _ 1 ) AND say . ccomp ( x _ 4, x _ 5 ) AND eat . agent ( x _ 5 , William ) AND eat . theme ( x _ 5 , Layla )	elips_VPE_in_dist
288	Isaac dusted the girl and so did Grayson .	* girl ( x _ 1 ) ; dust . agent ( x _ 2 , Isaac ) AND dust . theme ( x _ 2 , x _ 1 ) AND dust . agent ( x _ 3 , Grayson ) AND dust . theme ( x _ 3 , x _ 1 )	elips_VPE_in_dist
289	Emma juggled the cookie and so did Olivia .	* cookie ( x _ 1 ) ; juggle . agent ( x _ 2 , Emma ) AND juggle . theme ( x _ 2 , x _ 1 ) AND juggle . agent ( x _ 3 , Olivia ) AND juggle . theme ( x _ 3 , x _ 1 )	elips_VPE_in_dist
290	Emma nursed a cake and so did the human .	* human ( x _ 1 ) ; cake ( x _ 2 ) AND nurse . agent ( x _ 3 , Emma ) AND nurse . theme ( x _ 3 , x _ 2 ) AND nurse . agent ( x _ 4 , x _ 1 ) AND nurse . theme ( x _ 4 , x _ 2 )	elips_VPE_in_dist
291	A boy appreciated a bird and so did a bunny .	boy ( x _ 0 ) AND bird ( x _ 3 ) AND bunny ( x _ 2 ) AND appreciate . agent ( x _ 4 , x _ 0 ) AND appreciate . theme ( x _ 4 , x _ 3 ) AND appreciate . agent ( x _ 5 , x _ 2 ) AND appreciate . theme ( x _ 5 , x _ 3 )	elips_VPE_in_dist
292	Olivia hunted Lily and so did the girl .	* girl ( x _ 0 ) ; hunt . agent ( x _ 1 , Olivia ) AND hunt . theme ( x _ 1 , Lily ) AND hunt . agent ( x _ 2 , x _ 0 ) AND hunt . theme ( x _ 2 , Lily )	elips_VPE_in_dist
293	The girl confessed that a boy ate the hamburger and so did a driver .	* girl ( x _ 0 ) ; * hamburger ( x _ 5 ) ; boy ( x _ 4 ) AND driver ( x _ 3 ) AND confess . agent ( x _ 6 , x _ 0 ) AND confess . ccomp ( x _ 6, x _ 7 ) AND eat . agent ( x _ 7 , x _ 4 ) AND eat . theme ( x _ 7 , x _ 5 ) AND confess . agent ( x _ 8 , x _ 3 ) AND confess . ccomp ( x _ 8, x _ 9 ) AND eat . agent ( x _ 9 , x _ 4 ) AND eat . theme ( x _ 9 , x _ 5 )	elips_VPE_in_dist
294	The girl proved that Lillian hunted John and so did a cat .	* girl ( x _ 0 ) ; cat ( x _ 1 ) AND prove . agent ( x _ 2 , x _ 0 ) AND prove . ccomp ( x _ 2, x _ 3 ) AND hunt . agent ( x _ 3 , Lillian ) AND hunt . theme ( x _ 3 , John ) AND prove . agent ( x _ 4 , x _ 1 ) AND prove . ccomp ( x _ 4, x _ 5 ) AND hunt . agent ( x _ 5 , Lillian ) AND hunt . theme ( x _ 5 , John )	elips_VPE_in_dist
295	The cat loved a hammer and so did the frog .	* cat ( x _ 0 ) ; * frog ( x _ 2 ) ; hammer ( x _ 3 ) AND love . agent ( x _ 4 , x _ 0 ) AND love . theme ( x _ 4 , x _ 3 ) AND love . agent ( x _ 5 , x _ 2 ) AND love . theme ( x _ 5 , x _ 3 )	elips_VPE_in_dist
296	Mila tolerated that the guy appreciated the cake and so did Liam .	* guy ( x _ 2 ) ; * cake ( x _ 3 ) ; tolerate . agent ( x _ 4 , Mila ) AND tolerate . ccomp ( x _ 4, x _ 5 ) AND appreciate . agent ( x _ 5 , x _ 2 ) AND appreciate . theme ( x _ 5 , x _ 3 ) AND tolerate . agent ( x _ 6 , Liam ) AND tolerate . ccomp ( x _ 6, x _ 7 ) AND appreciate . agent ( x _ 7 , x _ 2 ) AND appreciate . theme ( x _ 7 , x _ 3 )	elips_VPE_in_dist
297	Liam believed that a girl painted a cake and so did Emma .	girl ( x _ 2 ) AND cake ( x _ 3 ) AND believe . agent ( x _ 4 , Liam ) AND believe . ccomp ( x _ 4, x _ 5 ) AND paint . agent ( x _ 5 , x _ 2 ) AND paint . theme ( x _ 5 , x _ 3 ) AND believe . agent ( x _ 6 , Emma ) AND believe . ccomp ( x _ 6, x _ 7 ) AND paint . agent ( x _ 7 , x _ 2 ) AND paint . theme ( x _ 7 , x _ 3 )	elips_VPE_in_dist
298	The girl liked the sandwich and so did the cat .	* girl ( x _ 0 ) ; * sandwich ( x _ 3 ) ; * cat ( x _ 2 ) ; like . agent ( x _ 4 , x _ 0 ) AND like . theme ( x _ 4 , x _ 3 ) AND like . agent ( x _ 5 , x _ 2 ) AND like . theme ( x _ 5 , x _ 3 )	elips_VPE_in_dist
299	The king liked that a horse liked a sweetcorn and so did a girl .	* king ( x _ 0 ) ; horse ( x _ 4 ) AND sweetcorn ( x _ 5 ) AND girl ( x _ 3 ) AND like . agent ( x _ 6 , x _ 0 ) AND like . ccomp ( x _ 6, x _ 7 ) AND like . agent ( x _ 7 , x _ 4 ) AND like . theme ( x _ 7 , x _ 5 ) AND like . agent ( x _ 8 , x _ 3 ) AND like . ccomp ( x _ 8, x _ 9 ) AND like . agent ( x _ 9 , x _ 4 ) AND like . theme ( x _ 9 , x _ 5 )	elips_VPE_in_dist
300	Oliver tolerated that a penguin helped the pen and so did Emma .	* pen ( x _ 3 ) ; penguin ( x _ 2 ) AND tolerate . agent ( x _ 4 , Oliver ) AND tolerate . ccomp ( x _ 4, x _ 5 ) AND help . agent ( x _ 5 , x _ 2 ) AND help . theme ( x _ 5 , x _ 3 ) AND tolerate . agent ( x _ 6 , Emma ) AND tolerate . ccomp ( x _ 6, x _ 7 ) AND help . agent ( x _ 7 , x _ 2 ) AND help . theme ( x _ 7 , x _ 3 )	elips_VPE_in_dist
301	A child cleaned the box and so did a teacher .	* box ( x _ 3 ) ; child ( x _ 0 ) AND teacher ( x _ 2 ) AND clean . agent ( x _ 4 , x _ 0 ) AND clean . theme ( x _ 4 , x _ 3 ) AND clean . agent ( x _ 5 , x _ 2 ) AND clean . theme ( x _ 5 , x _ 3 )	elips_VPE_in_dist
302	Emma liked that a moose sketched the rose and so did the hero .	* rose ( x _ 4 ) ; * hero ( x _ 2 ) ; moose ( x _ 3 ) AND like . agent ( x _ 5 , Emma ) AND like . ccomp ( x _ 5, x _ 6 ) AND sketch . agent ( x _ 6 , x _ 3 ) AND sketch . theme ( x _ 6 , x _ 4 ) AND like . agent ( x _ 7 , x _ 2 ) AND like . ccomp ( x _ 7, x _ 8 ) AND sketch . agent ( x _ 8 , x _ 3 ) AND sketch . theme ( x _ 8 , x _ 4 )	elips_VPE_in_dist
303	The cat imagined that the customer helped the guitar and so did Stella .	* cat ( x _ 0 ) ; * customer ( x _ 3 ) ; * guitar ( x _ 4 ) ; imagine . agent ( x _ 5 , x _ 0 ) AND imagine . ccomp ( x _ 5, x _ 6 ) AND help . agent ( x _ 6 , x _ 3 ) AND help . theme ( x _ 6 , x _ 4 ) AND imagine . agent ( x _ 7 , Stella ) AND imagine . ccomp ( x _ 7, x _ 8 ) AND help . agent ( x _ 8 , x _ 3 ) AND help . theme ( x _ 8 , x _ 4 )	elips_VPE_in_dist
304	Liam dreamed that William hunted Wyatt and so did the boy .	* boy ( x _ 0 ) ; dream . agent ( x _ 1 , Liam ) AND dream . ccomp ( x _ 1, x _ 2 ) AND hunt . agent ( x _ 2 , William ) AND hunt . theme ( x _ 2 , Wyatt ) AND dream . agent ( x _ 3 , x _ 0 ) AND dream . ccomp ( x _ 3, x _ 4 ) AND hunt . agent ( x _ 4 , William ) AND hunt . theme ( x _ 4 , Wyatt )	elips_VPE_in_dist
305	Mason liked a teacher and so did William .	teacher ( x _ 1 ) AND like . agent ( x _ 2 , Mason ) AND like . theme ( x _ 2 , x _ 1 ) AND like . agent ( x _ 3 , William ) AND like . theme ( x _ 3 , x _ 1 )	elips_VPE_in_dist
306	William liked that Jacob ate the present and so did the girl .	* present ( x _ 2 ) ; * girl ( x _ 1 ) ; like . agent ( x _ 3 , William ) AND like . ccomp ( x _ 3, x _ 4 ) AND eat . agent ( x _ 4 , Jacob ) AND eat . theme ( x _ 4 , x _ 2 ) AND like . agent ( x _ 5 , x _ 1 ) AND like . ccomp ( x _ 5, x _ 6 ) AND eat . agent ( x _ 6 , Jacob ) AND eat . theme ( x _ 6 , x _ 2 )	elips_VPE_in_dist
307	A butterfly painted the box and so did a bunny .	* box ( x _ 3 ) ; butterfly ( x _ 0 ) AND bunny ( x _ 2 ) AND paint . agent ( x _ 4 , x _ 0 ) AND paint . theme ( x _ 4 , x _ 3 ) AND paint . agent ( x _ 5 , x _ 2 ) AND paint . theme ( x _ 5 , x _ 3 )	elips_VPE_in_dist
308	A boy liked Dylan and so did Henry .	boy ( x _ 0 ) AND like . agent ( x _ 1 , x _ 0 ) AND like . theme ( x _ 1 , Dylan ) AND like . agent ( x _ 2 , Henry ) AND like . theme ( x _ 2 , Dylan )	elips_VPE_in_dist
309	A monkey hoped that the baby drew Penelope and so did the boy .	* baby ( x _ 3 ) ; * boy ( x _ 2 ) ; monkey ( x _ 0 ) AND hope . agent ( x _ 4 , x _ 0 ) AND hope . ccomp ( x _ 4, x _ 5 ) AND draw . agent ( x _ 5 , x _ 3 ) AND draw . theme ( x _ 5 , Penelope ) AND hope . agent ( x _ 6 , x _ 2 ) AND hope . ccomp ( x _ 6, x _ 7 ) AND draw . agent ( x _ 7 , x _ 3 ) AND draw . theme ( x _ 7 , Penelope )	elips_VPE_in_dist
310	The cow ate the donut and so did Emma .	* cow ( x _ 0 ) ; * donut ( x _ 2 ) ; eat . agent ( x _ 3 , x _ 0 ) AND eat . theme ( x _ 3 , x _ 2 ) AND eat . agent ( x _ 4 , Emma ) AND eat . theme ( x _ 4 , x _ 2 )	elips_VPE_in_dist
311	Violet loved the manager and so did a scientist .	* manager ( x _ 2 ) ; scientist ( x _ 1 ) AND love . agent ( x _ 3 , Violet ) AND love . theme ( x _ 3 , x _ 2 ) AND love . agent ( x _ 4 , x _ 1 ) AND love . theme ( x _ 4 , x _ 2 )	elips_VPE_in_dist
312	The boy loved Caleb and so did Emma .	* boy ( x _ 0 ) ; love . agent ( x _ 1 , x _ 0 ) AND love . theme ( x _ 1 , Caleb ) AND love . agent ( x _ 2 , Emma ) AND love . theme ( x _ 2 , Caleb )	elips_VPE_in_dist
313	Liam believed that Harper liked the child and so did the girl .	* child ( x _ 2 ) ; * girl ( x _ 1 ) ; believe . agent ( x _ 3 , Liam ) AND believe . ccomp ( x _ 3, x _ 4 ) AND like . agent ( x _ 4 , Harper ) AND like . theme ( x _ 4 , x _ 2 ) AND believe . agent ( x _ 5 , x _ 1 ) AND believe . ccomp ( x _ 5, x _ 6 ) AND like . agent ( x _ 6 , Harper ) AND like . theme ( x _ 6 , x _ 2 )	elips_VPE_in_dist
314	Amelia painted the baby and so did Emma .	* baby ( x _ 1 ) ; paint . agent ( x _ 2 , Amelia ) AND paint . theme ( x _ 2 , x _ 1 ) AND paint . agent ( x _ 3 , Emma ) AND paint . theme ( x _ 3 , x _ 1 )	elips_VPE_in_dist
315	Olivia ate the raisin and so did a boy .	* raisin ( x _ 2 ) ; boy ( x _ 1 ) AND eat . agent ( x _ 3 , Olivia ) AND eat . theme ( x _ 3 , x _ 2 ) AND eat . agent ( x _ 4 , x _ 1 ) AND eat . theme ( x _ 4 , x _ 2 )	elips_VPE_in_dist
316	Emma hoped that the child liked a yogurt and so did a giraffe .	* child ( x _ 3 ) ; yogurt ( x _ 4 ) AND giraffe ( x _ 2 ) AND hope . agent ( x _ 5 , Emma ) AND hope . ccomp ( x _ 5, x _ 6 ) AND like . agent ( x _ 6 , x _ 3 ) AND like . theme ( x _ 6 , x _ 4 ) AND hope . agent ( x _ 7 , x _ 2 ) AND hope . ccomp ( x _ 7, x _ 8 ) AND like . agent ( x _ 8 , x _ 3 ) AND like . theme ( x _ 8 , x _ 4 )	elips_VPE_in_dist
317	Lucas sketched a box and so did a chicken .	box ( x _ 2 ) AND chicken ( x _ 1 ) AND sketch . agent ( x _ 3 , Lucas ) AND sketch . theme ( x _ 3 , x _ 2 ) AND sketch . agent ( x _ 4 , x _ 1 ) AND sketch . theme ( x _ 4 , x _ 2 )	elips_VPE_in_dist
318	Ava painted a lion and so did the girl .	* girl ( x _ 1 ) ; lion ( x _ 2 ) AND paint . agent ( x _ 3 , Ava ) AND paint . theme ( x _ 3 , x _ 2 ) AND paint . agent ( x _ 4 , x _ 1 ) AND paint . theme ( x _ 4 , x _ 2 )	elips_VPE_in_dist
319	Sophia found a balloon and so did Henry .	balloon ( x _ 1 ) AND find . agent ( x _ 2 , Sophia ) AND find . theme ( x _ 2 , x _ 1 ) AND find . agent ( x _ 3 , Henry ) AND find . theme ( x _ 3 , x _ 1 )	elips_VPE_in_dist
320	The boy painted a block and so did a baby .	* boy ( x _ 0 ) ; block ( x _ 3 ) AND baby ( x _ 2 ) AND paint . agent ( x _ 4 , x _ 0 ) AND paint . theme ( x _ 4 , x _ 3 ) AND paint . agent ( x _ 5 , x _ 2 ) AND paint . theme ( x _ 5 , x _ 3 )	elips_VPE_in_dist
321	Emma cleaned Wyatt and so did the baby .	* baby ( x _ 0 ) ; clean . agent ( x _ 1 , Emma ) AND clean . theme ( x _ 1 , Wyatt ) AND clean . agent ( x _ 2 , x _ 0 ) AND clean . theme ( x _ 2 , Wyatt )	elips_VPE_in_dist
322	Emma liked that Sophia liked the cake and so did a hero .	* cake ( x _ 2 ) ; hero ( x _ 1 ) AND like . agent ( x _ 3 , Emma ) AND like . ccomp ( x _ 3, x _ 4 ) AND like . agent ( x _ 4 , Sophia ) AND like . theme ( x _ 4 , x _ 2 ) AND like . agent ( x _ 5 , x _ 1 ) AND like . ccomp ( x _ 5, x _ 6 ) AND like . agent ( x _ 6 , Sophia ) AND like . theme ( x _ 6 , x _ 2 )	elips_VPE_in_dist
323	Emma liked that the lamb nursed the block and so did a girl .	* lamb ( x _ 3 ) ; * block ( x _ 4 ) ; girl ( x _ 2 ) AND like . agent ( x _ 5 , Emma ) AND like . ccomp ( x _ 5, x _ 6 ) AND nurse . agent ( x _ 6 , x _ 3 ) AND nurse . theme ( x _ 6 , x _ 4 ) AND like . agent ( x _ 7 , x _ 2 ) AND like . ccomp ( x _ 7, x _ 8 ) AND nurse . agent ( x _ 8 , x _ 3 ) AND nurse . theme ( x _ 8 , x _ 4 )	elips_VPE_in_dist
324	The child liked that the consumer cleaned a banana and so did the cat .	* child ( x _ 0 ) ; * consumer ( x _ 4 ) ; * cat ( x _ 3 ) ; banana ( x _ 5 ) AND like . agent ( x _ 6 , x _ 0 ) AND like . ccomp ( x _ 6, x _ 7 ) AND clean . agent ( x _ 7 , x _ 4 ) AND clean . theme ( x _ 7 , x _ 5 ) AND like . agent ( x _ 8 , x _ 3 ) AND like . ccomp ( x _ 8, x _ 9 ) AND clean . agent ( x _ 9 , x _ 4 ) AND clean . theme ( x _ 9 , x _ 5 )	elips_VPE_in_dist
325	A butterfly ate the goose and so did the child .	* goose ( x _ 3 ) ; * child ( x _ 2 ) ; butterfly ( x _ 0 ) AND eat . agent ( x _ 4 , x _ 0 ) AND eat . theme ( x _ 4 , x _ 3 ) AND eat . agent ( x _ 5 , x _ 2 ) AND eat . theme ( x _ 5 , x _ 3 )	elips_VPE_in_dist
326	William painted the cake and so did the boy .	* cake ( x _ 2 ) ; * boy ( x _ 1 ) ; paint . agent ( x _ 3 , William ) AND paint . theme ( x _ 3 , x _ 2 ) AND paint . agent ( x _ 4 , x _ 1 ) AND paint . theme ( x _ 4 , x _ 2 )	elips_VPE_in_dist
327	Harper adored Penelope and so did Emma .	adore . agent ( x _ 0 , Harper ) AND adore . theme ( x _ 0 , Penelope ) AND adore . agent ( x _ 1 , Emma ) AND adore . theme ( x _ 1 , Penelope )	elips_VPE_in_dist
328	Emma proved that Liam missed the jacket and so did Ellie .	* jacket ( x _ 1 ) ; prove . agent ( x _ 2 , Emma ) AND prove . ccomp ( x _ 2, x _ 3 ) AND miss . agent ( x _ 3 , Liam ) AND miss . theme ( x _ 3 , x _ 1 ) AND prove . agent ( x _ 4 , Ellie ) AND prove . ccomp ( x _ 4, x _ 5 ) AND miss . agent ( x _ 5 , Liam ) AND miss . theme ( x _ 5 , x _ 1 )	elips_VPE_in_dist
329	Liam liked the cake and so did a girl .	* cake ( x _ 2 ) ; girl ( x _ 1 ) AND like . agent ( x _ 3 , Liam ) AND like . theme ( x _ 3 , x _ 2 ) AND like . agent ( x _ 4 , x _ 1 ) AND like . theme ( x _ 4 , x _ 2 )	elips_VPE_in_dist
330	Emma liked the rose and so did Jackson .	* rose ( x _ 1 ) ; like . agent ( x _ 2 , Emma ) AND like . theme ( x _ 2 , x _ 1 ) AND like . agent ( x _ 3 , Jackson ) AND like . theme ( x _ 3 , x _ 1 )	elips_VPE_in_dist
331	A bear ate John and so did a girl .	bear ( x _ 0 ) AND girl ( x _ 1 ) AND eat . agent ( x _ 2 , x _ 0 ) AND eat . theme ( x _ 2 , John ) AND eat . agent ( x _ 3 , x _ 1 ) AND eat . theme ( x _ 3 , John )	elips_VPE_in_dist
332	A girl nursed a pencil and so did a director .	girl ( x _ 0 ) AND pencil ( x _ 3 ) AND director ( x _ 2 ) AND nurse . agent ( x _ 4 , x _ 0 ) AND nurse . theme ( x _ 4 , x _ 3 ) AND nurse . agent ( x _ 5 , x _ 2 ) AND nurse . theme ( x _ 5 , x _ 3 )	elips_VPE_in_dist
333	Olivia drew the strawberry and so did the girl .	* strawberry ( x _ 2 ) ; * girl ( x _ 1 ) ; draw . agent ( x _ 3 , Olivia ) AND draw . theme ( x _ 3 , x _ 2 ) AND draw . agent ( x _ 4 , x _ 1 ) AND draw . theme ( x _ 4 , x _ 2 )	elips_VPE_in_dist
334	Evelyn ate Lily and so did Charlotte .	eat . agent ( x _ 0 , Evelyn ) AND eat . theme ( x _ 0 , Lily ) AND eat . agent ( x _ 1 , Charlotte ) AND eat . theme ( x _ 1 , Lily )	elips_VPE_in_dist
335	The girl tolerated that Olivia loved a cake and so did Ethan .	* girl ( x _ 0 ) ; cake ( x _ 2 ) AND tolerate . agent ( x _ 3 , x _ 0 ) AND tolerate . ccomp ( x _ 3, x _ 4 ) AND love . agent ( x _ 4 , Olivia ) AND love . theme ( x _ 4 , x _ 2 ) AND tolerate . agent ( x _ 5 , Ethan ) AND tolerate . ccomp ( x _ 5, x _ 6 ) AND love . agent ( x _ 6 , Olivia ) AND love . theme ( x _ 6 , x _ 2 )	elips_VPE_in_dist
336	The boy appreciated that Victoria juggled the drink and so did Noah .	* boy ( x _ 0 ) ; * drink ( x _ 2 ) ; appreciate . agent ( x _ 3 , x _ 0 ) AND appreciate . ccomp ( x _ 3, x _ 4 ) AND juggle . agent ( x _ 4 , Victoria ) AND juggle . theme ( x _ 4 , x _ 2 ) AND appreciate . agent ( x _ 5 , Noah ) AND appreciate . ccomp ( x _ 5, x _ 6 ) AND juggle . agent ( x _ 6 , Victoria ) AND juggle . theme ( x _ 6 , x _ 2 )	elips_VPE_in_dist
337	Skylar liked a cloud and so did Emma .	cloud ( x _ 1 ) AND like . agent ( x _ 2 , Skylar ) AND like . theme ( x _ 2 , x _ 1 ) AND like . agent ( x _ 3 , Emma ) AND like . theme ( x _ 3 , x _ 1 )	elips_VPE_in_dist
338	Noah painted a cake and so did the child .	* child ( x _ 1 ) ; cake ( x _ 2 ) AND paint . agent ( x _ 3 , Noah ) AND paint . theme ( x _ 3 , x _ 2 ) AND paint . agent ( x _ 4 , x _ 1 ) AND paint . theme ( x _ 4 , x _ 2 )	elips_VPE_in_dist
339	William liked the box and so did a resident .	* box ( x _ 2 ) ; resident ( x _ 1 ) AND like . agent ( x _ 3 , William ) AND like . theme ( x _ 3 , x _ 2 ) AND like . agent ( x _ 4 , x _ 1 ) AND like . theme ( x _ 4 , x _ 2 )	elips_VPE_in_dist
340	The bee liked a boy and so did Scarlett .	* bee ( x _ 0 ) ; boy ( x _ 2 ) AND like . agent ( x _ 3 , x _ 0 ) AND like . theme ( x _ 3 , x _ 2 ) AND like . agent ( x _ 4 , Scarlett ) AND like . theme ( x _ 4 , x _ 2 )	elips_VPE_in_dist
341	A girl sketched the mouse and so did Emma .	* mouse ( x _ 2 ) ; girl ( x _ 0 ) AND sketch . agent ( x _ 3 , x _ 0 ) AND sketch . theme ( x _ 3 , x _ 2 ) AND sketch . agent ( x _ 4 , Emma ) AND sketch . theme ( x _ 4 , x _ 2 )	elips_VPE_in_dist
342	A father liked Leah and so did Emma .	father ( x _ 0 ) AND like . agent ( x _ 1 , x _ 0 ) AND like . theme ( x _ 1 , Leah ) AND like . agent ( x _ 2 , Emma ) AND like . theme ( x _ 2 , Leah )	elips_VPE_in_dist
343	The chief cleaned a girl and so did Amelia .	* chief ( x _ 0 ) ; girl ( x _ 2 ) AND clean . agent ( x _ 3 , x _ 0 ) AND clean . theme ( x _ 3 , x _ 2 ) AND clean . agent ( x _ 4 , Amelia ) AND clean . theme ( x _ 4 , x _ 2 )	elips_VPE_in_dist
344	Oliver hoped that Olivia liked a cake and so did a horse .	cake ( x _ 2 ) AND horse ( x _ 1 ) AND hope . agent ( x _ 3 , Oliver ) AND hope . ccomp ( x _ 3, x _ 4 ) AND like . agent ( x _ 4 , Olivia ) AND like . theme ( x _ 4 , x _ 2 ) AND hope . agent ( x _ 5 , x _ 1 ) AND hope . ccomp ( x _ 5, x _ 6 ) AND like . agent ( x _ 6 , Olivia ) AND like . theme ( x _ 6 , x _ 2 )	elips_VPE_in_dist
345	Noah found Penelope and so did a dog .	dog ( x _ 0 ) AND find . agent ( x _ 1 , Noah ) AND find . theme ( x _ 1 , Penelope ) AND find . agent ( x _ 2 , x _ 0 ) AND find . theme ( x _ 2 , Penelope )	elips_VPE_in_dist
346	Liam respected a girl and so did Emma .	girl ( x _ 1 ) AND respect . agent ( x _ 2 , Liam ) AND respect . theme ( x _ 2 , x _ 1 ) AND respect . agent ( x _ 3 , Emma ) AND respect . theme ( x _ 3 , x _ 1 )	elips_VPE_in_dist
347	Emma hunted the doll and so did a boy .	* doll ( x _ 2 ) ; boy ( x _ 1 ) AND hunt . agent ( x _ 3 , Emma ) AND hunt . theme ( x _ 3 , x _ 2 ) AND hunt . agent ( x _ 4 , x _ 1 ) AND hunt . theme ( x _ 4 , x _ 2 )	elips_VPE_in_dist
348	The frog ate Christopher and so did Emma .	* frog ( x _ 0 ) ; eat . agent ( x _ 1 , x _ 0 ) AND eat . theme ( x _ 1 , Christopher ) AND eat . agent ( x _ 2 , Emma ) AND eat . theme ( x _ 2 , Christopher )	elips_VPE_in_dist
349	Emma loved the strawberry and so did Olivia .	* strawberry ( x _ 1 ) ; love . agent ( x _ 2 , Emma ) AND love . theme ( x _ 2 , x _ 1 ) AND love . agent ( x _ 3 , Olivia ) AND love . theme ( x _ 3 , x _ 1 )	elips_VPE_in_dist
350	A monster liked that a boy liked the dog and so did Aubrey .	* dog ( x _ 4 ) ; monster ( x _ 0 ) AND boy ( x _ 3 ) AND like . agent ( x _ 5 , x _ 0 ) AND like . ccomp ( x _ 5, x _ 6 ) AND like . agent ( x _ 6 , x _ 3 ) AND like . theme ( x _ 6 , x _ 4 ) AND like . agent ( x _ 7 , Aubrey ) AND like . ccomp ( x _ 7, x _ 8 ) AND like . agent ( x _ 8 , x _ 3 ) AND like . theme ( x _ 8 , x _ 4 )	elips_VPE_in_dist
351	Emma liked Gabriel and so did the puppy .	* puppy ( x _ 0 ) ; like . agent ( x _ 1 , Emma ) AND like . theme ( x _ 1 , Gabriel ) AND like . agent ( x _ 2 , x _ 0 ) AND like . theme ( x _ 2 , Gabriel )	elips_VPE_in_dist
352	A consumer liked that a child liked a cake and so did Isabella .	consumer ( x _ 0 ) AND child ( x _ 3 ) AND cake ( x _ 4 ) AND like . agent ( x _ 5 , x _ 0 ) AND like . ccomp ( x _ 5, x _ 6 ) AND like . agent ( x _ 6 , x _ 3 ) AND like . theme ( x _ 6 , x _ 4 ) AND like . agent ( x _ 7 , Isabella ) AND like . ccomp ( x _ 7, x _ 8 ) AND like . agent ( x _ 8 , x _ 3 ) AND like . theme ( x _ 8 , x _ 4 )	elips_VPE_in_dist
353	Noah painted a block and so did the girl .	* girl ( x _ 1 ) ; block ( x _ 2 ) AND paint . agent ( x _ 3 , Noah ) AND paint . theme ( x _ 3 , x _ 2 ) AND paint . agent ( x _ 4 , x _ 1 ) AND paint . theme ( x _ 4 , x _ 2 )	elips_VPE_in_dist
354	Benjamin respected that the girl cleaned a mouse and so did Isabella .	* girl ( x _ 2 ) ; mouse ( x _ 3 ) AND respect . agent ( x _ 4 , Benjamin ) AND respect . ccomp ( x _ 4, x _ 5 ) AND clean . agent ( x _ 5 , x _ 2 ) AND clean . theme ( x _ 5 , x _ 3 ) AND respect . agent ( x _ 6 , Isabella ) AND respect . ccomp ( x _ 6, x _ 7 ) AND clean . agent ( x _ 7 , x _ 2 ) AND clean . theme ( x _ 7 , x _ 3 )	elips_VPE_in_dist
355	A bird liked that Benjamin helped the cake and so did Mia .	* cake ( x _ 2 ) ; bird ( x _ 0 ) AND like . agent ( x _ 3 , x _ 0 ) AND like . ccomp ( x _ 3, x _ 4 ) AND help . agent ( x _ 4 , Benjamin ) AND help . theme ( x _ 4 , x _ 2 ) AND like . agent ( x _ 5 , Mia ) AND like . ccomp ( x _ 5, x _ 6 ) AND help . agent ( x _ 6 , Benjamin ) AND help . theme ( x _ 6 , x _ 2 )	elips_VPE_in_dist
356	The boy liked a drink and so did a girl .	* boy ( x _ 0 ) ; drink ( x _ 3 ) AND girl ( x _ 2 ) AND like . agent ( x _ 4 , x _ 0 ) AND like . theme ( x _ 4 , x _ 3 ) AND like . agent ( x _ 5 , x _ 2 ) AND like . theme ( x _ 5 , x _ 3 )	elips_VPE_in_dist
357	A bird helped a box and so did a baby .	bird ( x _ 0 ) AND box ( x _ 3 ) AND baby ( x _ 2 ) AND help . agent ( x _ 4 , x _ 0 ) AND help . theme ( x _ 4 , x _ 3 ) AND help . agent ( x _ 5 , x _ 2 ) AND help . theme ( x _ 5 , x _ 3 )	elips_VPE_in_dist
358	A duck ate a cake and so did Liam .	duck ( x _ 0 ) AND cake ( x _ 2 ) AND eat . agent ( x _ 3 , x _ 0 ) AND eat . theme ( x _ 3 , x _ 2 ) AND eat . agent ( x _ 4 , Liam ) AND eat . theme ( x _ 4 , x _ 2 )	elips_VPE_in_dist
359	A scientist liked Penelope and so did a crocodile .	scientist ( x _ 0 ) AND crocodile ( x _ 1 ) AND like . agent ( x _ 2 , x _ 0 ) AND like . theme ( x _ 2 , Penelope ) AND like . agent ( x _ 3 , x _ 1 ) AND like . theme ( x _ 3 , Penelope )	elips_VPE_in_dist
360	A girl adored a cake and so did Oliver .	girl ( x _ 0 ) AND cake ( x _ 2 ) AND adore . agent ( x _ 3 , x _ 0 ) AND adore . theme ( x _ 3 , x _ 2 ) AND adore . agent ( x _ 4 , Oliver ) AND adore . theme ( x _ 4 , x _ 2 )	elips_VPE_in_dist
361	A girl cleaned a banana and so did Liam .	girl ( x _ 0 ) AND banana ( x _ 2 ) AND clean . agent ( x _ 3 , x _ 0 ) AND clean . theme ( x _ 3 , x _ 2 ) AND clean . agent ( x _ 4 , Liam ) AND clean . theme ( x _ 4 , x _ 2 )	elips_VPE_in_dist
362	Evelyn sketched a cat and so did a bunny .	cat ( x _ 2 ) AND bunny ( x _ 1 ) AND sketch . agent ( x _ 3 , Evelyn ) AND sketch . theme ( x _ 3 , x _ 2 ) AND sketch . agent ( x _ 4 , x _ 1 ) AND sketch . theme ( x _ 4 , x _ 2 )	elips_VPE_in_dist
363	The girl found Lily and so did the cat .	* girl ( x _ 0 ) ; * cat ( x _ 1 ) ; find . agent ( x _ 2 , x _ 0 ) AND find . theme ( x _ 2 , Lily ) AND find . agent ( x _ 3 , x _ 1 ) AND find . theme ( x _ 3 , Lily )	elips_VPE_in_dist
364	Isabella thought that the girl ate the box and so did Sebastian .	* girl ( x _ 2 ) ; * box ( x _ 3 ) ; think . agent ( x _ 4 , Isabella ) AND think . ccomp ( x _ 4, x _ 5 ) AND eat . agent ( x _ 5 , x _ 2 ) AND eat . theme ( x _ 5 , x _ 3 ) AND think . agent ( x _ 6 , Sebastian ) AND think . ccomp ( x _ 6, x _ 7 ) AND eat . agent ( x _ 7 , x _ 2 ) AND eat . theme ( x _ 7 , x _ 3 )	elips_VPE_in_dist
365	The pony ate a cake and so did a doctor .	* pony ( x _ 0 ) ; cake ( x _ 3 ) AND doctor ( x _ 2 ) AND eat . agent ( x _ 4 , x _ 0 ) AND eat . theme ( x _ 4 , x _ 3 ) AND eat . agent ( x _ 5 , x _ 2 ) AND eat . theme ( x _ 5 , x _ 3 )	elips_VPE_in_dist
366	The cat nursed a director and so did the girl .	* cat ( x _ 0 ) ; * girl ( x _ 2 ) ; director ( x _ 3 ) AND nurse . agent ( x _ 4 , x _ 0 ) AND nurse . theme ( x _ 4 , x _ 3 ) AND nurse . agent ( x _ 5 , x _ 2 ) AND nurse . theme ( x _ 5 , x _ 3 )	elips_VPE_in_dist
367	Emma said that Liam cooked a cake and so did Ava .	cake ( x _ 1 ) AND say . agent ( x _ 2 , Emma ) AND say . ccomp ( x _ 2, x _ 3 ) AND cook . agent ( x _ 3 , Liam ) AND cook . theme ( x _ 3 , x _ 1 ) AND say . agent ( x _ 4 , Ava ) AND say . ccomp ( x _ 4, x _ 5 ) AND cook . agent ( x _ 5 , Liam ) AND cook . theme ( x _ 5 , x _ 1 )	elips_VPE_in_dist
368	Harper respected the girl and so did the boy .	* girl ( x _ 2 ) ; * boy ( x _ 1 ) ; respect . agent ( x _ 3 , Harper ) AND respect . theme ( x _ 3 , x _ 2 ) AND respect . agent ( x _ 4 , x _ 1 ) AND respect . theme ( x _ 4 , x _ 2 )	elips_VPE_in_dist
369	Olivia proved that a coach sketched Mateo and so did Abigail .	coach ( x _ 1 ) AND prove . agent ( x _ 2 , Olivia ) AND prove . ccomp ( x _ 2, x _ 3 ) AND sketch . agent ( x _ 3 , x _ 1 ) AND sketch . theme ( x _ 3 , Mateo ) AND prove . agent ( x _ 4 , Abigail ) AND prove . ccomp ( x _ 4, x _ 5 ) AND sketch . agent ( x _ 5 , x _ 1 ) AND sketch . theme ( x _ 5 , Mateo )	elips_VPE_in_dist
370	A girl painted Christopher and so did the boy .	* boy ( x _ 1 ) ; girl ( x _ 0 ) AND paint . agent ( x _ 2 , x _ 0 ) AND paint . theme ( x _ 2 , Christopher ) AND paint . agent ( x _ 3 , x _ 1 ) AND paint . theme ( x _ 3 , Christopher )	elips_VPE_in_dist
371	Emma ate a dog and so did a cat .	dog ( x _ 2 ) AND cat ( x _ 1 ) AND eat . agent ( x _ 3 , Emma ) AND eat . theme ( x _ 3 , x _ 2 ) AND eat . agent ( x _ 4 , x _ 1 ) AND eat . theme ( x _ 4 , x _ 2 )	elips_VPE_in_dist
372	Joseph thought that James ate the donut and so did Violet .	* donut ( x _ 1 ) ; think . agent ( x _ 2 , Joseph ) AND think . ccomp ( x _ 2, x _ 3 ) AND eat . agent ( x _ 3 , James ) AND eat . theme ( x _ 3 , x _ 1 ) AND think . agent ( x _ 4 , Violet ) AND think . ccomp ( x _ 4, x _ 5 ) AND eat . agent ( x _ 5 , James ) AND eat . theme ( x _ 5 , x _ 1 )	elips_VPE_in_dist
373	Emma nursed a cookie and so did Alexander .	cookie ( x _ 1 ) AND nurse . agent ( x _ 2 , Emma ) AND nurse . theme ( x _ 2 , x _ 1 ) AND nurse . agent ( x _ 3 , Alexander ) AND nurse . theme ( x _ 3 , x _ 1 )	elips_VPE_in_dist
374	Sophia thought that Emma painted a girl and so did the guest .	* guest ( x _ 1 ) ; girl ( x _ 2 ) AND think . agent ( x _ 3 , Sophia ) AND think . ccomp ( x _ 3, x _ 4 ) AND paint . agent ( x _ 4 , Emma ) AND paint . theme ( x _ 4 , x _ 2 ) AND think . agent ( x _ 5 , x _ 1 ) AND think . ccomp ( x _ 5, x _ 6 ) AND paint . agent ( x _ 6 , Emma ) AND paint . theme ( x _ 6 , x _ 2 )	elips_VPE_in_dist
375	Emma imagined that a king respected Andrew and so did William .	king ( x _ 1 ) AND imagine . agent ( x _ 2 , Emma ) AND imagine . ccomp ( x _ 2, x _ 3 ) AND respect . agent ( x _ 3 , x _ 1 ) AND respect . theme ( x _ 3 , Andrew ) AND imagine . agent ( x _ 4 , William ) AND imagine . ccomp ( x _ 4, x _ 5 ) AND respect . agent ( x _ 5 , x _ 1 ) AND respect . theme ( x _ 5 , Andrew )	elips_VPE_in_dist
376	Emma thought that Julian helped the ball and so did Olivia .	* ball ( x _ 1 ) ; think . agent ( x _ 2 , Emma ) AND think . ccomp ( x _ 2, x _ 3 ) AND help . agent ( x _ 3 , Julian ) AND help . theme ( x _ 3 , x _ 1 ) AND think . agent ( x _ 4 , Olivia ) AND think . ccomp ( x _ 4, x _ 5 ) AND help . agent ( x _ 5 , Julian ) AND help . theme ( x _ 5 , x _ 1 )	elips_VPE_in_dist
377	The dog helped the cake and so did the writer .	* dog ( x _ 0 ) ; * cake ( x _ 3 ) ; * writer ( x _ 2 ) ; help . agent ( x _ 4 , x _ 0 ) AND help . theme ( x _ 4 , x _ 3 ) AND help . agent ( x _ 5 , x _ 2 ) AND help . theme ( x _ 5 , x _ 3 )	elips_VPE_in_dist
378	The girl hoped that Mason ate Layla and so did David .	* girl ( x _ 0 ) ; hope . agent ( x _ 1 , x _ 0 ) AND hope . ccomp ( x _ 1, x _ 2 ) AND eat . agent ( x _ 2 , Mason ) AND eat . theme ( x _ 2 , Layla ) AND hope . agent ( x _ 3 , David ) AND hope . ccomp ( x _ 3, x _ 4 ) AND eat . agent ( x _ 4 , Mason ) AND eat . theme ( x _ 4 , Layla )	elips_VPE_in_dist
379	Emma hoped that the girl liked the lawyer and so did the boy .	* girl ( x _ 3 ) ; * lawyer ( x _ 4 ) ; * boy ( x _ 2 ) ; hope . agent ( x _ 5 , Emma ) AND hope . ccomp ( x _ 5, x _ 6 ) AND like . agent ( x _ 6 , x _ 3 ) AND like . theme ( x _ 6 , x _ 4 ) AND hope . agent ( x _ 7 , x _ 2 ) AND hope . ccomp ( x _ 7, x _ 8 ) AND like . agent ( x _ 8 , x _ 3 ) AND like . theme ( x _ 8 , x _ 4 )	elips_VPE_in_dist
380	Benjamin liked that a girl liked a cookie and so did Emma .	girl ( x _ 2 ) AND cookie ( x _ 3 ) AND like . agent ( x _ 4 , Benjamin ) AND like . ccomp ( x _ 4, x _ 5 ) AND like . agent ( x _ 5 , x _ 2 ) AND like . theme ( x _ 5 , x _ 3 ) AND like . agent ( x _ 6 , Emma ) AND like . ccomp ( x _ 6, x _ 7 ) AND like . agent ( x _ 7 , x _ 2 ) AND like . theme ( x _ 7 , x _ 3 )	elips_VPE_in_dist
381	A boy painted a cookie and so did the prisoner .	* prisoner ( x _ 2 ) ; boy ( x _ 0 ) AND cookie ( x _ 3 ) AND paint . agent ( x _ 4 , x _ 0 ) AND paint . theme ( x _ 4 , x _ 3 ) AND paint . agent ( x _ 5 , x _ 2 ) AND paint . theme ( x _ 5 , x _ 3 )	elips_VPE_in_dist
382	The cow ate the boy and so did a dog .	* cow ( x _ 0 ) ; * boy ( x _ 3 ) ; dog ( x _ 2 ) AND eat . agent ( x _ 4 , x _ 0 ) AND eat . theme ( x _ 4 , x _ 3 ) AND eat . agent ( x _ 5 , x _ 2 ) AND eat . theme ( x _ 5 , x _ 3 )	elips_VPE_in_dist
383	Olivia liked that the goose helped Penelope and so did a giraffe .	* goose ( x _ 2 ) ; giraffe ( x _ 1 ) AND like . agent ( x _ 3 , Olivia ) AND like . ccomp ( x _ 3, x _ 4 ) AND help . agent ( x _ 4 , x _ 2 ) AND help . theme ( x _ 4 , Penelope ) AND like . agent ( x _ 5 , x _ 1 ) AND like . ccomp ( x _ 5, x _ 6 ) AND help . agent ( x _ 6 , x _ 2 ) AND help . theme ( x _ 6 , Penelope )	elips_VPE_in_dist
384	A soldier respected a ball and so did Olivia .	soldier ( x _ 0 ) AND ball ( x _ 2 ) AND respect . agent ( x _ 3 , x _ 0 ) AND respect . theme ( x _ 3 , x _ 2 ) AND respect . agent ( x _ 4 , Olivia ) AND respect . theme ( x _ 4 , x _ 2 )	elips_VPE_in_dist
385	Mia proved that Emma dusted the drink and so did Isabella .	* drink ( x _ 1 ) ; prove . agent ( x _ 2 , Mia ) AND prove . ccomp ( x _ 2, x _ 3 ) AND dust . agent ( x _ 3 , Emma ) AND dust . theme ( x _ 3 , x _ 1 ) AND prove . agent ( x _ 4 , Isabella ) AND prove . ccomp ( x _ 4, x _ 5 ) AND dust . agent ( x _ 5 , Emma ) AND dust . theme ( x _ 5 , x _ 1 )	elips_VPE_in_dist
386	Jaxon found a box and so did the girl .	* girl ( x _ 1 ) ; box ( x _ 2 ) AND find . agent ( x _ 3 , Jaxon ) AND find . theme ( x _ 3 , x _ 2 ) AND find . agent ( x _ 4 , x _ 1 ) AND find . theme ( x _ 4 , x _ 2 )	elips_VPE_in_dist
387	Emma dusted the girl and so did a giraffe .	* girl ( x _ 2 ) ; giraffe ( x _ 1 ) AND dust . agent ( x _ 3 , Emma ) AND dust . theme ( x _ 3 , x _ 2 ) AND dust . agent ( x _ 4 , x _ 1 ) AND dust . theme ( x _ 4 , x _ 2 )	elips_VPE_in_dist
388	Emma sketched Lillian and so did a bee .	bee ( x _ 0 ) AND sketch . agent ( x _ 1 , Emma ) AND sketch . theme ( x _ 1 , Lillian ) AND sketch . agent ( x _ 2 , x _ 0 ) AND sketch . theme ( x _ 2 , Lillian )	elips_VPE_in_dist
389	Grace ate the raisin and so did Noah .	* raisin ( x _ 1 ) ; eat . agent ( x _ 2 , Grace ) AND eat . theme ( x _ 2 , x _ 1 ) AND eat . agent ( x _ 3 , Noah ) AND eat . theme ( x _ 3 , x _ 1 )	elips_VPE_in_dist
390	Emma found the girl and so did the boy .	* girl ( x _ 2 ) ; * boy ( x _ 1 ) ; find . agent ( x _ 3 , Emma ) AND find . theme ( x _ 3 , x _ 2 ) AND find . agent ( x _ 4 , x _ 1 ) AND find . theme ( x _ 4 , x _ 2 )	elips_VPE_in_dist
391	The girl poked Penelope and so did Emma .	* girl ( x _ 0 ) ; poke . agent ( x _ 1 , x _ 0 ) AND poke . theme ( x _ 1 , Penelope ) AND poke . agent ( x _ 2 , Emma ) AND poke . theme ( x _ 2 , Penelope )	elips_VPE_in_dist
392	Evelyn painted the cloud and so did Liam .	* cloud ( x _ 1 ) ; paint . agent ( x _ 2 , Evelyn ) AND paint . theme ( x _ 2 , x _ 1 ) AND paint . agent ( x _ 3 , Liam ) AND paint . theme ( x _ 3 , x _ 1 )	elips_VPE_in_dist
393	The boy appreciated a rose and so did Emma .	* boy ( x _ 0 ) ; rose ( x _ 2 ) AND appreciate . agent ( x _ 3 , x _ 0 ) AND appreciate . theme ( x _ 3 , x _ 2 ) AND appreciate . agent ( x _ 4 , Emma ) AND appreciate . theme ( x _ 4 , x _ 2 )	elips_VPE_in_dist
394	Liam painted the girl and so did Noah .	* girl ( x _ 1 ) ; paint . agent ( x _ 2 , Liam ) AND paint . theme ( x _ 2 , x _ 1 ) AND paint . agent ( x _ 3 , Noah ) AND paint . theme ( x _ 3 , x _ 1 )	elips_VPE_in_dist
395	The mouse supported that a baby helped a cake and so did the girl .	* mouse ( x _ 0 ) ; * girl ( x _ 3 ) ; baby ( x _ 4 ) AND cake ( x _ 5 ) AND support . agent ( x _ 6 , x _ 0 ) AND support . ccomp ( x _ 6, x _ 7 ) AND help . agent ( x _ 7 , x _ 4 ) AND help . theme ( x _ 7 , x _ 5 ) AND support . agent ( x _ 8 , x _ 3 ) AND support . ccomp ( x _ 8, x _ 9 ) AND help . agent ( x _ 9 , x _ 4 ) AND help . theme ( x _ 9 , x _ 5 )	elips_VPE_in_dist
396	Emma hunted the towel and so did the chief .	* towel ( x _ 2 ) ; * chief ( x _ 1 ) ; hunt . agent ( x _ 3 , Emma ) AND hunt . theme ( x _ 3 , x _ 2 ) AND hunt . agent ( x _ 4 , x _ 1 ) AND hunt . theme ( x _ 4 , x _ 2 )	elips_VPE_in_dist
397	A girl drew a pizza and so did Liam .	girl ( x _ 0 ) AND pizza ( x _ 2 ) AND draw . agent ( x _ 3 , x _ 0 ) AND draw . theme ( x _ 3 , x _ 2 ) AND draw . agent ( x _ 4 , Liam ) AND draw . theme ( x _ 4 , x _ 2 )	elips_VPE_in_dist
398	Emma drew the liver and so did Mila .	* liver ( x _ 1 ) ; draw . agent ( x _ 2 , Emma ) AND draw . theme ( x _ 2 , x _ 1 ) AND draw . agent ( x _ 3 , Mila ) AND draw . theme ( x _ 3 , x _ 1 )	elips_VPE_in_dist
399	A boy helped Penelope and so did Noah .	boy ( x _ 0 ) AND help . agent ( x _ 1 , x _ 0 ) AND help . theme ( x _ 1 , Penelope ) AND help . agent ( x _ 2 , Noah ) AND help . theme ( x _ 2 , Penelope )	elips_VPE_in_dist
400	Mia meant that a passenger nursed a donut and so did William .	passenger ( x _ 2 ) AND donut ( x _ 3 ) AND mean . agent ( x _ 4 , Mia ) AND mean . ccomp ( x _ 4, x _ 5 ) AND nurse . agent ( x _ 5 , x _ 2 ) AND nurse . theme ( x _ 5 , x _ 3 ) AND mean . agent ( x _ 6 , William ) AND mean . ccomp ( x _ 6, x _ 7 ) AND nurse . agent ( x _ 7 , x _ 2 ) AND nurse . theme ( x _ 7 , x _ 3 )	elips_VPE_in_dist
401	Anthony confessed that the girl admired a seed and so did Evelyn .	* girl ( x _ 2 ) ; seed ( x _ 3 ) AND confess . agent ( x _ 4 , Anthony ) AND confess . ccomp ( x _ 4, x _ 5 ) AND admire . agent ( x _ 5 , x _ 2 ) AND admire . theme ( x _ 5 , x _ 3 ) AND confess . agent ( x _ 6 , Evelyn ) AND confess . ccomp ( x _ 6, x _ 7 ) AND admire . agent ( x _ 7 , x _ 2 ) AND admire . theme ( x _ 7 , x _ 3 )	elips_VPE_in_dist
402	Ava painted a cat and so did the baby .	* baby ( x _ 1 ) ; cat ( x _ 2 ) AND paint . agent ( x _ 3 , Ava ) AND paint . theme ( x _ 3 , x _ 2 ) AND paint . agent ( x _ 4 , x _ 1 ) AND paint . theme ( x _ 4 , x _ 2 )	elips_VPE_in_dist
403	A girl ate a cake and so did a cat .	girl ( x _ 0 ) AND cake ( x _ 3 ) AND cat ( x _ 2 ) AND eat . agent ( x _ 4 , x _ 0 ) AND eat . theme ( x _ 4 , x _ 3 ) AND eat . agent ( x _ 5 , x _ 2 ) AND eat . theme ( x _ 5 , x _ 3 )	elips_VPE_in_dist
404	James said that a prisoner ate the girl and so did the boy .	* girl ( x _ 4 ) ; * boy ( x _ 2 ) ; prisoner ( x _ 3 ) AND say . agent ( x _ 5 , James ) AND say . ccomp ( x _ 5, x _ 6 ) AND eat . agent ( x _ 6 , x _ 3 ) AND eat . theme ( x _ 6 , x _ 4 ) AND say . agent ( x _ 7 , x _ 2 ) AND say . ccomp ( x _ 7, x _ 8 ) AND eat . agent ( x _ 8 , x _ 3 ) AND eat . theme ( x _ 8 , x _ 4 )	elips_VPE_in_dist
405	A teacher adored Penelope and so did a horse .	teacher ( x _ 0 ) AND horse ( x _ 1 ) AND adore . agent ( x _ 2 , x _ 0 ) AND adore . theme ( x _ 2 , Penelope ) AND adore . agent ( x _ 3 , x _ 1 ) AND adore . theme ( x _ 3 , Penelope )	elips_VPE_in_dist
406	A child valued that a frog painted a raisin and so did a boy .	child ( x _ 0 ) AND frog ( x _ 4 ) AND raisin ( x _ 5 ) AND boy ( x _ 3 ) AND value . agent ( x _ 6 , x _ 0 ) AND value . ccomp ( x _ 6, x _ 7 ) AND paint . agent ( x _ 7 , x _ 4 ) AND paint . theme ( x _ 7 , x _ 5 ) AND value . agent ( x _ 8 , x _ 3 ) AND value . ccomp ( x _ 8, x _ 9 ) AND paint . agent ( x _ 9 , x _ 4 ) AND paint . theme ( x _ 9 , x _ 5 )	elips_VPE_in_dist
407	A boy ate the shoe and so did Liam .	* shoe ( x _ 2 ) ; boy ( x _ 0 ) AND eat . agent ( x _ 3 , x _ 0 ) AND eat . theme ( x _ 3 , x _ 2 ) AND eat . agent ( x _ 4 , Liam ) AND eat . theme ( x _ 4 , x _ 2 )	elips_VPE_in_dist
408	A bear said that Liam admired Zoey and so did Amelia .	bear ( x _ 0 ) AND say . agent ( x _ 1 , x _ 0 ) AND say . ccomp ( x _ 1, x _ 2 ) AND admire . agent ( x _ 2 , Liam ) AND admire . theme ( x _ 2 , Zoey ) AND say . agent ( x _ 3 , Amelia ) AND say . ccomp ( x _ 3, x _ 4 ) AND admire . agent ( x _ 4 , Liam ) AND admire . theme ( x _ 4 , Zoey )	elips_VPE_in_dist
409	Emma cleaned the ring and so did Liam .	* ring ( x _ 1 ) ; clean . agent ( x _ 2 , Emma ) AND clean . theme ( x _ 2 , x _ 1 ) AND clean . agent ( x _ 3 , Liam ) AND clean . theme ( x _ 3 , x _ 1 )	elips_VPE_in_dist
410	Emma nursed a cow and so did a girl .	cow ( x _ 2 ) AND girl ( x _ 1 ) AND nurse . agent ( x _ 3 , Emma ) AND nurse . theme ( x _ 3 , x _ 2 ) AND nurse . agent ( x _ 4 , x _ 1 ) AND nurse . theme ( x _ 4 , x _ 2 )	elips_VPE_in_dist
411	The mouse proved that Emma found the donut and so did the cat .	* mouse ( x _ 0 ) ; * donut ( x _ 3 ) ; * cat ( x _ 2 ) ; prove . agent ( x _ 4 , x _ 0 ) AND prove . ccomp ( x _ 4, x _ 5 ) AND find . agent ( x _ 5 , Emma ) AND find . theme ( x _ 5 , x _ 3 ) AND prove . agent ( x _ 6 , x _ 2 ) AND prove . ccomp ( x _ 6, x _ 7 ) AND find . agent ( x _ 7 , Emma ) AND find . theme ( x _ 7 , x _ 3 )	elips_VPE_in_dist
412	The bear hoped that the giraffe liked Layla and so did Liam .	* bear ( x _ 0 ) ; * giraffe ( x _ 2 ) ; hope . agent ( x _ 3 , x _ 0 ) AND hope . ccomp ( x _ 3, x _ 4 ) AND like . agent ( x _ 4 , x _ 2 ) AND like . theme ( x _ 4 , Layla ) AND hope . agent ( x _ 5 , Liam ) AND hope . ccomp ( x _ 5, x _ 6 ) AND like . agent ( x _ 6 , x _ 2 ) AND like . theme ( x _ 6 , Layla )	elips_VPE_in_dist
413	Charlotte adored a cake and so did Liam .	cake ( x _ 1 ) AND adore . agent ( x _ 2 , Charlotte ) AND adore . theme ( x _ 2 , x _ 1 ) AND adore . agent ( x _ 3 , Liam ) AND adore . theme ( x _ 3 , x _ 1 )	elips_VPE_in_dist
414	A girl said that Alexander sketched the cake and so did Abigail .	* cake ( x _ 2 ) ; girl ( x _ 0 ) AND say . agent ( x _ 3 , x _ 0 ) AND say . ccomp ( x _ 3, x _ 4 ) AND sketch . agent ( x _ 4 , Alexander ) AND sketch . theme ( x _ 4 , x _ 2 ) AND say . agent ( x _ 5 , Abigail ) AND say . ccomp ( x _ 5, x _ 6 ) AND sketch . agent ( x _ 6 , Alexander ) AND sketch . theme ( x _ 6 , x _ 2 )	elips_VPE_in_dist
415	The boy ate a dog and so did the cat .	* boy ( x _ 0 ) ; * cat ( x _ 2 ) ; dog ( x _ 3 ) AND eat . agent ( x _ 4 , x _ 0 ) AND eat . theme ( x _ 4 , x _ 3 ) AND eat . agent ( x _ 5 , x _ 2 ) AND eat . theme ( x _ 5 , x _ 3 )	elips_VPE_in_dist
416	A duck sketched a cake and so did the girl .	* girl ( x _ 2 ) ; duck ( x _ 0 ) AND cake ( x _ 3 ) AND sketch . agent ( x _ 4 , x _ 0 ) AND sketch . theme ( x _ 4 , x _ 3 ) AND sketch . agent ( x _ 5 , x _ 2 ) AND sketch . theme ( x _ 5 , x _ 3 )	elips_VPE_in_dist
417	The sailor tolerated that Lillian hunted the baby and so did Emma .	* sailor ( x _ 0 ) ; * baby ( x _ 2 ) ; tolerate . agent ( x _ 3 , x _ 0 ) AND tolerate . ccomp ( x _ 3, x _ 4 ) AND hunt . agent ( x _ 4 , Lillian ) AND hunt . theme ( x _ 4 , x _ 2 ) AND tolerate . agent ( x _ 5 , Emma ) AND tolerate . ccomp ( x _ 5, x _ 6 ) AND hunt . agent ( x _ 6 , Lillian ) AND hunt . theme ( x _ 6 , x _ 2 )	elips_VPE_in_dist
418	Noah ate the cake and so did a girl .	* cake ( x _ 2 ) ; girl ( x _ 1 ) AND eat . agent ( x _ 3 , Noah ) AND eat . theme ( x _ 3 , x _ 2 ) AND eat . agent ( x _ 4 , x _ 1 ) AND eat . theme ( x _ 4 , x _ 2 )	elips_VPE_in_dist
419	Liam appreciated Wyatt and so did a sailor .	sailor ( x _ 0 ) AND appreciate . agent ( x _ 1 , Liam ) AND appreciate . theme ( x _ 1 , Wyatt ) AND appreciate . agent ( x _ 2 , x _ 0 ) AND appreciate . theme ( x _ 2 , Wyatt )	elips_VPE_in_dist
420	The girl admired the cake and so did the giraffe .	* girl ( x _ 0 ) ; * cake ( x _ 3 ) ; * giraffe ( x _ 2 ) ; admire . agent ( x _ 4 , x _ 0 ) AND admire . theme ( x _ 4 , x _ 3 ) AND admire . agent ( x _ 5 , x _ 2 ) AND admire . theme ( x _ 5 , x _ 3 )	elips_VPE_in_dist
421	Emma painted the bucket and so did the girl .	* bucket ( x _ 2 ) ; * girl ( x _ 1 ) ; paint . agent ( x _ 3 , Emma ) AND paint . theme ( x _ 3 , x _ 2 ) AND paint . agent ( x _ 4 , x _ 1 ) AND paint . theme ( x _ 4 , x _ 2 )	elips_VPE_in_dist
422	A giraffe dreamed that a guard drew a cake and so did Noah .	giraffe ( x _ 0 ) AND guard ( x _ 3 ) AND cake ( x _ 4 ) AND dream . agent ( x _ 5 , x _ 0 ) AND dream . ccomp ( x _ 5, x _ 6 ) AND draw . agent ( x _ 6 , x _ 3 ) AND draw . theme ( x _ 6 , x _ 4 ) AND dream . agent ( x _ 7 , Noah ) AND dream . ccomp ( x _ 7, x _ 8 ) AND draw . agent ( x _ 8 , x _ 3 ) AND draw . theme ( x _ 8 , x _ 4 )	elips_VPE_in_dist
423	The baby adored the donut and so did Emma .	* baby ( x _ 0 ) ; * donut ( x _ 2 ) ; adore . agent ( x _ 3 , x _ 0 ) AND adore . theme ( x _ 3 , x _ 2 ) AND adore . agent ( x _ 4 , Emma ) AND adore . theme ( x _ 4 , x _ 2 )	elips_VPE_in_dist
424	Hannah helped a cat and so did the girl .	* girl ( x _ 1 ) ; cat ( x _ 2 ) AND help . agent ( x _ 3 , Hannah ) AND help . theme ( x _ 3 , x _ 2 ) AND help . agent ( x _ 4 , x _ 1 ) AND help . theme ( x _ 4 , x _ 2 )	elips_VPE_in_dist
425	Emma found the dog and so did Aiden .	* dog ( x _ 1 ) ; find . agent ( x _ 2 , Emma ) AND find . theme ( x _ 2 , x _ 1 ) AND find . agent ( x _ 3 , Aiden ) AND find . theme ( x _ 3 , x _ 1 )	elips_VPE_in_dist
426	The cow hoped that Mia helped Penelope and so did a professor .	* cow ( x _ 0 ) ; professor ( x _ 1 ) AND hope . agent ( x _ 2 , x _ 0 ) AND hope . ccomp ( x _ 2, x _ 3 ) AND help . agent ( x _ 3 , Mia ) AND help . theme ( x _ 3 , Penelope ) AND hope . agent ( x _ 4 , x _ 1 ) AND hope . ccomp ( x _ 4, x _ 5 ) AND help . agent ( x _ 5 , Mia ) AND help . theme ( x _ 5 , Penelope )	elips_VPE_in_dist
427	Mia dreamed that Noah liked Penelope and so did the butterfly .	* butterfly ( x _ 0 ) ; dream . agent ( x _ 1 , Mia ) AND dream . ccomp ( x _ 1, x _ 2 ) AND like . agent ( x _ 2 , Noah ) AND like . theme ( x _ 2 , Penelope ) AND dream . agent ( x _ 3 , x _ 0 ) AND dream . ccomp ( x _ 3, x _ 4 ) AND like . agent ( x _ 4 , Noah ) AND like . theme ( x _ 4 , Penelope )	elips_VPE_in_dist
428	Emma ate the drink and so did Liam .	* drink ( x _ 1 ) ; eat . agent ( x _ 2 , Emma ) AND eat . theme ( x _ 2 , x _ 1 ) AND eat . agent ( x _ 3 , Liam ) AND eat . theme ( x _ 3 , x _ 1 )	elips_VPE_in_dist
429	Emma appreciated a donut and so did a girl .	donut ( x _ 2 ) AND girl ( x _ 1 ) AND appreciate . agent ( x _ 3 , Emma ) AND appreciate . theme ( x _ 3 , x _ 2 ) AND appreciate . agent ( x _ 4 , x _ 1 ) AND appreciate . theme ( x _ 4 , x _ 2 )	elips_VPE_in_dist
430	A dog loved John and so did the child .	* child ( x _ 1 ) ; dog ( x _ 0 ) AND love . agent ( x _ 2 , x _ 0 ) AND love . theme ( x _ 2 , John ) AND love . agent ( x _ 3 , x _ 1 ) AND love . theme ( x _ 3 , John )	elips_VPE_in_dist
431	James painted Wyatt and so did Emma .	paint . agent ( x _ 0 , James ) AND paint . theme ( x _ 0 , Wyatt ) AND paint . agent ( x _ 1 , Emma ) AND paint . theme ( x _ 1 , Wyatt )	elips_VPE_in_dist
432	The president liked Penelope and so did a girl .	* president ( x _ 0 ) ; girl ( x _ 1 ) AND like . agent ( x _ 2 , x _ 0 ) AND like . theme ( x _ 2 , Penelope ) AND like . agent ( x _ 3 , x _ 1 ) AND like . theme ( x _ 3 , Penelope )	elips_VPE_in_dist
433	Emma liked the cake and so did a goose .	* cake ( x _ 2 ) ; goose ( x _ 1 ) AND like . agent ( x _ 3 , Emma ) AND like . theme ( x _ 3 , x _ 2 ) AND like . agent ( x _ 4 , x _ 1 ) AND like . theme ( x _ 4 , x _ 2 )	elips_VPE_in_dist
434	The dog poked the melon and so did Olivia .	* dog ( x _ 0 ) ; * melon ( x _ 2 ) ; poke . agent ( x _ 3 , x _ 0 ) AND poke . theme ( x _ 3 , x _ 2 ) AND poke . agent ( x _ 4 , Olivia ) AND poke . theme ( x _ 4 , x _ 2 )	elips_VPE_in_dist
435	Avery found the melon and so did Jacob .	* melon ( x _ 1 ) ; find . agent ( x _ 2 , Avery ) AND find . theme ( x _ 2 , x _ 1 ) AND find . agent ( x _ 3 , Jacob ) AND find . theme ( x _ 3 , x _ 1 )	elips_VPE_in_dist
436	A boy found the cake and so did Emma .	* cake ( x _ 2 ) ; boy ( x _ 0 ) AND find . agent ( x _ 3 , x _ 0 ) AND find . theme ( x _ 3 , x _ 2 ) AND find . agent ( x _ 4 , Emma ) AND find . theme ( x _ 4 , x _ 2 )	elips_VPE_in_dist
437	Mia missed a donut and so did the butterfly .	* butterfly ( x _ 1 ) ; donut ( x _ 2 ) AND miss . agent ( x _ 3 , Mia ) AND miss . theme ( x _ 3 , x _ 2 ) AND miss . agent ( x _ 4 , x _ 1 ) AND miss . theme ( x _ 4 , x _ 2 )	elips_VPE_in_dist
438	Oliver ate Penelope and so did Sofia .	eat . agent ( x _ 0 , Oliver ) AND eat . theme ( x _ 0 , Penelope ) AND eat . agent ( x _ 1 , Sofia ) AND eat . theme ( x _ 1 , Penelope )	elips_VPE_in_dist
439	Liam liked the girl and so did Lucas .	* girl ( x _ 1 ) ; like . agent ( x _ 2 , Liam ) AND like . theme ( x _ 2 , x _ 1 ) AND like . agent ( x _ 3 , Lucas ) AND like . theme ( x _ 3 , x _ 1 )	elips_VPE_in_dist
440	A girl respected the jigsaw and so did Liam .	* jigsaw ( x _ 2 ) ; girl ( x _ 0 ) AND respect . agent ( x _ 3 , x _ 0 ) AND respect . theme ( x _ 3 , x _ 2 ) AND respect . agent ( x _ 4 , Liam ) AND respect . theme ( x _ 4 , x _ 2 )	elips_VPE_in_dist
441	The dog found the baby and so did Liam .	* dog ( x _ 0 ) ; * baby ( x _ 2 ) ; find . agent ( x _ 3 , x _ 0 ) AND find . theme ( x _ 3 , x _ 2 ) AND find . agent ( x _ 4 , Liam ) AND find . theme ( x _ 4 , x _ 2 )	elips_VPE_in_dist
442	The consumer painted a scientist and so did Jackson .	* consumer ( x _ 0 ) ; scientist ( x _ 2 ) AND paint . agent ( x _ 3 , x _ 0 ) AND paint . theme ( x _ 3 , x _ 2 ) AND paint . agent ( x _ 4 , Jackson ) AND paint . theme ( x _ 4 , x _ 2 )	elips_VPE_in_dist
443	Wyatt admired Penelope and so did the cat .	* cat ( x _ 0 ) ; admire . agent ( x _ 1 , Wyatt ) AND admire . theme ( x _ 1 , Penelope ) AND admire . agent ( x _ 2 , x _ 0 ) AND admire . theme ( x _ 2 , Penelope )	elips_VPE_in_dist
444	Liam ate the raisin and so did a monkey .	* raisin ( x _ 2 ) ; monkey ( x _ 1 ) AND eat . agent ( x _ 3 , Liam ) AND eat . theme ( x _ 3 , x _ 2 ) AND eat . agent ( x _ 4 , x _ 1 ) AND eat . theme ( x _ 4 , x _ 2 )	elips_VPE_in_dist
445	A boy valued that Olivia juggled Layla and so did Emma .	boy ( x _ 0 ) AND value . agent ( x _ 1 , x _ 0 ) AND value . ccomp ( x _ 1, x _ 2 ) AND juggle . agent ( x _ 2 , Olivia ) AND juggle . theme ( x _ 2 , Layla ) AND value . agent ( x _ 3 , Emma ) AND value . ccomp ( x _ 3, x _ 4 ) AND juggle . agent ( x _ 4 , Olivia ) AND juggle . theme ( x _ 4 , Layla )	elips_VPE_in_dist
446	A boy liked Jayden and so did the girl .	* girl ( x _ 1 ) ; boy ( x _ 0 ) AND like . agent ( x _ 2 , x _ 0 ) AND like . theme ( x _ 2 , Jayden ) AND like . agent ( x _ 3 , x _ 1 ) AND like . theme ( x _ 3 , Jayden )	elips_VPE_in_dist
447	Jackson ate the cookie and so did Emma .	* cookie ( x _ 1 ) ; eat . agent ( x _ 2 , Jackson ) AND eat . theme ( x _ 2 , x _ 1 ) AND eat . agent ( x _ 3 , Emma ) AND eat . theme ( x _ 3 , x _ 1 )	elips_VPE_in_dist
448	Violet ate a cat and so did the girl .	* girl ( x _ 1 ) ; cat ( x _ 2 ) AND eat . agent ( x _ 3 , Violet ) AND eat . theme ( x _ 3 , x _ 2 ) AND eat . agent ( x _ 4 , x _ 1 ) AND eat . theme ( x _ 4 , x _ 2 )	elips_VPE_in_dist
449	A girl noticed that the dog found Dylan and so did a pony .	* dog ( x _ 3 ) ; girl ( x _ 0 ) AND pony ( x _ 2 ) AND notice . agent ( x _ 4 , x _ 0 ) AND notice . ccomp ( x _ 4, x _ 5 ) AND find . agent ( x _ 5 , x _ 3 ) AND find . theme ( x _ 5 , Dylan ) AND notice . agent ( x _ 6 , x _ 2 ) AND notice . ccomp ( x _ 6, x _ 7 ) AND find . agent ( x _ 7 , x _ 3 ) AND find . theme ( x _ 7 , Dylan )	elips_VPE_in_dist
450	A hen adored the cat and so did the lion .	* cat ( x _ 3 ) ; * lion ( x _ 2 ) ; hen ( x _ 0 ) AND adore . agent ( x _ 4 , x _ 0 ) AND adore . theme ( x _ 4 , x _ 3 ) AND adore . agent ( x _ 5 , x _ 2 ) AND adore . theme ( x _ 5 , x _ 3 )	elips_VPE_in_dist
451	Emma ate the donut and so did Liam .	* donut ( x _ 1 ) ; eat . agent ( x _ 2 , Emma ) AND eat . theme ( x _ 2 , x _ 1 ) AND eat . agent ( x _ 3 , Liam ) AND eat . theme ( x _ 3 , x _ 1 )	elips_VPE_in_dist
452	The customer said that Charlotte adored the clock and so did the boy .	* customer ( x _ 0 ) ; * clock ( x _ 3 ) ; * boy ( x _ 2 ) ; say . agent ( x _ 4 , x _ 0 ) AND say . ccomp ( x _ 4, x _ 5 ) AND adore . agent ( x _ 5 , Charlotte ) AND adore . theme ( x _ 5 , x _ 3 ) AND say . agent ( x _ 6 , x _ 2 ) AND say . ccomp ( x _ 6, x _ 7 ) AND adore . agent ( x _ 7 , Charlotte ) AND adore . theme ( x _ 7 , x _ 3 )	elips_VPE_in_dist
453	Logan cleaned a cake and so did a boy .	cake ( x _ 2 ) AND boy ( x _ 1 ) AND clean . agent ( x _ 3 , Logan ) AND clean . theme ( x _ 3 , x _ 2 ) AND clean . agent ( x _ 4 , x _ 1 ) AND clean . theme ( x _ 4 , x _ 2 )	elips_VPE_in_dist
454	Liam admired the girl and so did a boy .	* girl ( x _ 2 ) ; boy ( x _ 1 ) AND admire . agent ( x _ 3 , Liam ) AND admire . theme ( x _ 3 , x _ 2 ) AND admire . agent ( x _ 4 , x _ 1 ) AND admire . theme ( x _ 4 , x _ 2 )	elips_VPE_in_dist
455	Emma juggled Wyatt and so did Liam .	juggle . agent ( x _ 0 , Emma ) AND juggle . theme ( x _ 0 , Wyatt ) AND juggle . agent ( x _ 1 , Liam ) AND juggle . theme ( x _ 1 , Wyatt )	elips_VPE_in_dist
456	Emma respected that John hunted the cake and so did a boy .	* cake ( x _ 2 ) ; boy ( x _ 1 ) AND respect . agent ( x _ 3 , Emma ) AND respect . ccomp ( x _ 3, x _ 4 ) AND hunt . agent ( x _ 4 , John ) AND hunt . theme ( x _ 4 , x _ 2 ) AND respect . agent ( x _ 5 , x _ 1 ) AND respect . ccomp ( x _ 5, x _ 6 ) AND hunt . agent ( x _ 6 , John ) AND hunt . theme ( x _ 6 , x _ 2 )	elips_VPE_in_dist
457	A cat juggled a donut and so did the giraffe .	* giraffe ( x _ 2 ) ; cat ( x _ 0 ) AND donut ( x _ 3 ) AND juggle . agent ( x _ 4 , x _ 0 ) AND juggle . theme ( x _ 4 , x _ 3 ) AND juggle . agent ( x _ 5 , x _ 2 ) AND juggle . theme ( x _ 5 , x _ 3 )	elips_VPE_in_dist
458	Emma missed a child and so did Olivia .	child ( x _ 1 ) AND miss . agent ( x _ 2 , Emma ) AND miss . theme ( x _ 2 , x _ 1 ) AND miss . agent ( x _ 3 , Olivia ) AND miss . theme ( x _ 3 , x _ 1 )	elips_VPE_in_dist
459	The cat helped the manager and so did the sailor .	* cat ( x _ 0 ) ; * manager ( x _ 3 ) ; * sailor ( x _ 2 ) ; help . agent ( x _ 4 , x _ 0 ) AND help . theme ( x _ 4 , x _ 3 ) AND help . agent ( x _ 5 , x _ 2 ) AND help . theme ( x _ 5 , x _ 3 )	elips_VPE_in_dist
460	The turtle liked a cake and so did Isabella .	* turtle ( x _ 0 ) ; cake ( x _ 2 ) AND like . agent ( x _ 3 , x _ 0 ) AND like . theme ( x _ 3 , x _ 2 ) AND like . agent ( x _ 4 , Isabella ) AND like . theme ( x _ 4 , x _ 2 )	elips_VPE_in_dist
461	The girl liked that Emma liked a dog and so did Layla .	* girl ( x _ 0 ) ; dog ( x _ 2 ) AND like . agent ( x _ 3 , x _ 0 ) AND like . ccomp ( x _ 3, x _ 4 ) AND like . agent ( x _ 4 , Emma ) AND like . theme ( x _ 4 , x _ 2 ) AND like . agent ( x _ 5 , Layla ) AND like . ccomp ( x _ 5, x _ 6 ) AND like . agent ( x _ 6 , Emma ) AND like . theme ( x _ 6 , x _ 2 )	elips_VPE_in_dist
462	The cat liked Penelope and so did the girl .	* cat ( x _ 0 ) ; * girl ( x _ 1 ) ; like . agent ( x _ 2 , x _ 0 ) AND like . theme ( x _ 2 , Penelope ) AND like . agent ( x _ 3 , x _ 1 ) AND like . theme ( x _ 3 , Penelope )	elips_VPE_in_dist
463	The chief liked that Emma drew Luke and so did the boy .	* chief ( x _ 0 ) ; * boy ( x _ 1 ) ; like . agent ( x _ 2 , x _ 0 ) AND like . ccomp ( x _ 2, x _ 3 ) AND draw . agent ( x _ 3 , Emma ) AND draw . theme ( x _ 3 , Luke ) AND like . agent ( x _ 4 , x _ 1 ) AND like . ccomp ( x _ 4, x _ 5 ) AND draw . agent ( x _ 5 , Emma ) AND draw . theme ( x _ 5 , Luke )	elips_VPE_in_dist
464	A kid missed the girl and so did Camila .	* girl ( x _ 2 ) ; kid ( x _ 0 ) AND miss . agent ( x _ 3 , x _ 0 ) AND miss . theme ( x _ 3 , x _ 2 ) AND miss . agent ( x _ 4 , Camila ) AND miss . theme ( x _ 4 , x _ 2 )	elips_VPE_in_dist
465	Emma appreciated Penelope and so did Oliver .	appreciate . agent ( x _ 0 , Emma ) AND appreciate . theme ( x _ 0 , Penelope ) AND appreciate . agent ( x _ 1 , Oliver ) AND appreciate . theme ( x _ 1 , Penelope )	elips_VPE_in_dist
466	Emma poked a box and so did Mia .	box ( x _ 1 ) AND poke . agent ( x _ 2 , Emma ) AND poke . theme ( x _ 2 , x _ 1 ) AND poke . agent ( x _ 3 , Mia ) AND poke . theme ( x _ 3 , x _ 1 )	elips_VPE_in_dist
467	Emma hunted the cake and so did a cat .	* cake ( x _ 2 ) ; cat ( x _ 1 ) AND hunt . agent ( x _ 3 , Emma ) AND hunt . theme ( x _ 3 , x _ 2 ) AND hunt . agent ( x _ 4 , x _ 1 ) AND hunt . theme ( x _ 4 , x _ 2 )	elips_VPE_in_dist
468	Olivia cooked the donut and so did Emma .	* donut ( x _ 1 ) ; cook . agent ( x _ 2 , Olivia ) AND cook . theme ( x _ 2 , x _ 1 ) AND cook . agent ( x _ 3 , Emma ) AND cook . theme ( x _ 3 , x _ 1 )	elips_VPE_in_dist
469	Emma adored the ball and so did Liam .	* ball ( x _ 1 ) ; adore . agent ( x _ 2 , Emma ) AND adore . theme ( x _ 2 , x _ 1 ) AND adore . agent ( x _ 3 , Liam ) AND adore . theme ( x _ 3 , x _ 1 )	elips_VPE_in_dist
470	Natalie helped a girl and so did Harper .	girl ( x _ 1 ) AND help . agent ( x _ 2 , Natalie ) AND help . theme ( x _ 2 , x _ 1 ) AND help . agent ( x _ 3 , Harper ) AND help . theme ( x _ 3 , x _ 1 )	elips_VPE_in_dist
471	Luke liked a ball and so did Sophia .	ball ( x _ 1 ) AND like . agent ( x _ 2 , Luke ) AND like . theme ( x _ 2 , x _ 1 ) AND like . agent ( x _ 3 , Sophia ) AND like . theme ( x _ 3 , x _ 1 )	elips_VPE_in_dist
472	The girl ate Bella and so did a politician .	* girl ( x _ 0 ) ; politician ( x _ 1 ) AND eat . agent ( x _ 2 , x _ 0 ) AND eat . theme ( x _ 2 , Bella ) AND eat . agent ( x _ 3 , x _ 1 ) AND eat . theme ( x _ 3 , Bella )	elips_VPE_in_dist
473	Zoe nursed the cake and so did the dog .	* cake ( x _ 2 ) ; * dog ( x _ 1 ) ; nurse . agent ( x _ 3 , Zoe ) AND nurse . theme ( x _ 3 , x _ 2 ) AND nurse . agent ( x _ 4 , x _ 1 ) AND nurse . theme ( x _ 4 , x _ 2 )	elips_VPE_in_dist
474	The girl adored the boy and so did Olivia .	* girl ( x _ 0 ) ; * boy ( x _ 2 ) ; adore . agent ( x _ 3 , x _ 0 ) AND adore . theme ( x _ 3 , x _ 2 ) AND adore . agent ( x _ 4 , Olivia ) AND adore . theme ( x _ 4 , x _ 2 )	elips_VPE_in_dist
475	A researcher noticed that the boy ate the cake and so did Noah .	* boy ( x _ 3 ) ; * cake ( x _ 4 ) ; researcher ( x _ 0 ) AND notice . agent ( x _ 5 , x _ 0 ) AND notice . ccomp ( x _ 5, x _ 6 ) AND eat . agent ( x _ 6 , x _ 3 ) AND eat . theme ( x _ 6 , x _ 4 ) AND notice . agent ( x _ 7 , Noah ) AND notice . ccomp ( x _ 7, x _ 8 ) AND eat . agent ( x _ 8 , x _ 3 ) AND eat . theme ( x _ 8 , x _ 4 )	elips_VPE_in_dist
476	A baby ate the raisin and so did the cat .	* raisin ( x _ 3 ) ; * cat ( x _ 2 ) ; baby ( x _ 0 ) AND eat . agent ( x _ 4 , x _ 0 ) AND eat . theme ( x _ 4 , x _ 3 ) AND eat . agent ( x _ 5 , x _ 2 ) AND eat . theme ( x _ 5 , x _ 3 )	elips_VPE_in_dist
477	Sophia respected that the child sketched Penelope and so did Emma .	* child ( x _ 1 ) ; respect . agent ( x _ 2 , Sophia ) AND respect . ccomp ( x _ 2, x _ 3 ) AND sketch . agent ( x _ 3 , x _ 1 ) AND sketch . theme ( x _ 3 , Penelope ) AND respect . agent ( x _ 4 , Emma ) AND respect . ccomp ( x _ 4, x _ 5 ) AND sketch . agent ( x _ 5 , x _ 1 ) AND sketch . theme ( x _ 5 , Penelope )	elips_VPE_in_dist
478	The girl painted John and so did Olivia .	* girl ( x _ 0 ) ; paint . agent ( x _ 1 , x _ 0 ) AND paint . theme ( x _ 1 , John ) AND paint . agent ( x _ 2 , Olivia ) AND paint . theme ( x _ 2 , John )	elips_VPE_in_dist
479	The teacher helped a director and so did the girl .	* teacher ( x _ 0 ) ; * girl ( x _ 2 ) ; director ( x _ 3 ) AND help . agent ( x _ 4 , x _ 0 ) AND help . theme ( x _ 4 , x _ 3 ) AND help . agent ( x _ 5 , x _ 2 ) AND help . theme ( x _ 5 , x _ 3 )	elips_VPE_in_dist
480	Evelyn poked the penguin and so did a boy .	* penguin ( x _ 2 ) ; boy ( x _ 1 ) AND poke . agent ( x _ 3 , Evelyn ) AND poke . theme ( x _ 3 , x _ 2 ) AND poke . agent ( x _ 4 , x _ 1 ) AND poke . theme ( x _ 4 , x _ 2 )	elips_VPE_in_dist
481	Emma helped Eleanor and so did Liam .	help . agent ( x _ 0 , Emma ) AND help . theme ( x _ 0 , Eleanor ) AND help . agent ( x _ 1 , Liam ) AND help . theme ( x _ 1 , Eleanor )	elips_VPE_in_dist
482	Emma helped the wine and so did the baby .	* wine ( x _ 2 ) ; * baby ( x _ 1 ) ; help . agent ( x _ 3 , Emma ) AND help . theme ( x _ 3 , x _ 2 ) AND help . agent ( x _ 4 , x _ 1 ) AND help . theme ( x _ 4 , x _ 2 )	elips_VPE_in_dist
483	The visitor appreciated that Asher liked Penelope and so did Isabella .	* visitor ( x _ 0 ) ; appreciate . agent ( x _ 1 , x _ 0 ) AND appreciate . ccomp ( x _ 1, x _ 2 ) AND like . agent ( x _ 2 , Asher ) AND like . theme ( x _ 2 , Penelope ) AND appreciate . agent ( x _ 3 , Isabella ) AND appreciate . ccomp ( x _ 3, x _ 4 ) AND like . agent ( x _ 4 , Asher ) AND like . theme ( x _ 4 , Penelope )	elips_VPE_in_dist
484	The baby liked Leo and so did a girl .	* baby ( x _ 0 ) ; girl ( x _ 1 ) AND like . agent ( x _ 2 , x _ 0 ) AND like . theme ( x _ 2 , Leo ) AND like . agent ( x _ 3 , x _ 1 ) AND like . theme ( x _ 3 , Leo )	elips_VPE_in_dist
485	The girl adored the cake and so did Emma .	* girl ( x _ 0 ) ; * cake ( x _ 2 ) ; adore . agent ( x _ 3 , x _ 0 ) AND adore . theme ( x _ 3 , x _ 2 ) AND adore . agent ( x _ 4 , Emma ) AND adore . theme ( x _ 4 , x _ 2 )	elips_VPE_in_dist
486	The bear ate Penelope and so did Mia .	* bear ( x _ 0 ) ; eat . agent ( x _ 1 , x _ 0 ) AND eat . theme ( x _ 1 , Penelope ) AND eat . agent ( x _ 2 , Mia ) AND eat . theme ( x _ 2 , Penelope )	elips_VPE_in_dist
487	Emma ate a ring and so did Olivia .	ring ( x _ 1 ) AND eat . agent ( x _ 2 , Emma ) AND eat . theme ( x _ 2 , x _ 1 ) AND eat . agent ( x _ 3 , Olivia ) AND eat . theme ( x _ 3 , x _ 1 )	elips_VPE_in_dist
488	Aiden admired that Ava liked a teacher and so did Emma .	teacher ( x _ 1 ) AND admire . agent ( x _ 2 , Aiden ) AND admire . ccomp ( x _ 2, x _ 3 ) AND like . agent ( x _ 3 , Ava ) AND like . theme ( x _ 3 , x _ 1 ) AND admire . agent ( x _ 4 , Emma ) AND admire . ccomp ( x _ 4, x _ 5 ) AND like . agent ( x _ 5 , Ava ) AND like . theme ( x _ 5 , x _ 1 )	elips_VPE_in_dist
489	Liam sketched the brick and so did the cat .	* brick ( x _ 2 ) ; * cat ( x _ 1 ) ; sketch . agent ( x _ 3 , Liam ) AND sketch . theme ( x _ 3 , x _ 2 ) AND sketch . agent ( x _ 4 , x _ 1 ) AND sketch . theme ( x _ 4 , x _ 2 )	elips_VPE_in_dist
490	Ava meant that Emma cleaned the dog and so did John .	* dog ( x _ 1 ) ; mean . agent ( x _ 2 , Ava ) AND mean . ccomp ( x _ 2, x _ 3 ) AND clean . agent ( x _ 3 , Emma ) AND clean . theme ( x _ 3 , x _ 1 ) AND mean . agent ( x _ 4 , John ) AND mean . ccomp ( x _ 4, x _ 5 ) AND clean . agent ( x _ 5 , Emma ) AND clean . theme ( x _ 5 , x _ 1 )	elips_VPE_in_dist
491	A child cooked the cake and so did a baby .	* cake ( x _ 3 ) ; child ( x _ 0 ) AND baby ( x _ 2 ) AND cook . agent ( x _ 4 , x _ 0 ) AND cook . theme ( x _ 4 , x _ 3 ) AND cook . agent ( x _ 5 , x _ 2 ) AND cook . theme ( x _ 5 , x _ 3 )	elips_VPE_in_dist
492	A boy ate a girl and so did Noah .	boy ( x _ 0 ) AND girl ( x _ 2 ) AND eat . agent ( x _ 3 , x _ 0 ) AND eat . theme ( x _ 3 , x _ 2 ) AND eat . agent ( x _ 4 , Noah ) AND eat . theme ( x _ 4 , x _ 2 )	elips_VPE_in_dist
493	Liam drew the clock and so did a girl .	* clock ( x _ 2 ) ; girl ( x _ 1 ) AND draw . agent ( x _ 3 , Liam ) AND draw . theme ( x _ 3 , x _ 2 ) AND draw . agent ( x _ 4 , x _ 1 ) AND draw . theme ( x _ 4 , x _ 2 )	elips_VPE_in_dist
494	James liked Penelope and so did a frog .	frog ( x _ 0 ) AND like . agent ( x _ 1 , James ) AND like . theme ( x _ 1 , Penelope ) AND like . agent ( x _ 2 , x _ 0 ) AND like . theme ( x _ 2 , Penelope )	elips_VPE_in_dist
495	Emma ate a bear and so did the girl .	* girl ( x _ 1 ) ; bear ( x _ 2 ) AND eat . agent ( x _ 3 , Emma ) AND eat . theme ( x _ 3 , x _ 2 ) AND eat . agent ( x _ 4 , x _ 1 ) AND eat . theme ( x _ 4 , x _ 2 )	elips_VPE_in_dist
496	Liam loved Natalie and so did Emma .	love . agent ( x _ 0 , Liam ) AND love . theme ( x _ 0 , Natalie ) AND love . agent ( x _ 1 , Emma ) AND love . theme ( x _ 1 , Natalie )	elips_VPE_in_dist
497	The cat hoped that Hannah appreciated the crown and so did Julian .	* cat ( x _ 0 ) ; * crown ( x _ 2 ) ; hope . agent ( x _ 3 , x _ 0 ) AND hope . ccomp ( x _ 3, x _ 4 ) AND appreciate . agent ( x _ 4 , Hannah ) AND appreciate . theme ( x _ 4 , x _ 2 ) AND hope . agent ( x _ 5 , Julian ) AND hope . ccomp ( x _ 5, x _ 6 ) AND appreciate . agent ( x _ 6 , Hannah ) AND appreciate . theme ( x _ 6 , x _ 2 )	elips_VPE_in_dist
498	Emma sketched the director and so did David .	* director ( x _ 1 ) ; sketch . agent ( x _ 2 , Emma ) AND sketch . theme ( x _ 2 , x _ 1 ) AND sketch . agent ( x _ 3 , David ) AND sketch . theme ( x _ 3 , x _ 1 )	elips_VPE_in_dist
499	Liam found the cake and so did the girl .	* cake ( x _ 2 ) ; * girl ( x _ 1 ) ; find . agent ( x _ 3 , Liam ) AND find . theme ( x _ 3 , x _ 2 ) AND find . agent ( x _ 4 , x _ 1 ) AND find . theme ( x _ 4 , x _ 2 )	elips_VPE_in_dist
500	Olivia painted a cookie and so did a horse .	cookie ( x _ 2 ) AND horse ( x _ 1 ) AND paint . agent ( x _ 3 , Olivia ) AND paint . theme ( x _ 3 , x _ 2 ) AND paint . agent ( x _ 4 , x _ 1 ) AND paint . theme ( x _ 4 , x _ 2 )	elips_VPE_in_dist
501	James cleaned a girl and so did Mia .	girl ( x _ 1 ) AND clean . agent ( x _ 2 , James ) AND clean . theme ( x _ 2 , x _ 1 ) AND clean . agent ( x _ 3 , Mia ) AND clean . theme ( x _ 3 , x _ 1 )	elips_VPE_in_dist
502	Evelyn helped Levi and so did James .	help . agent ( x _ 0 , Evelyn ) AND help . theme ( x _ 0 , Levi ) AND help . agent ( x _ 1 , James ) AND help . theme ( x _ 1 , Levi )	elips_VPE_in_dist
503	Emma sketched the boy and so did a girl .	* boy ( x _ 2 ) ; girl ( x _ 1 ) AND sketch . agent ( x _ 3 , Emma ) AND sketch . theme ( x _ 3 , x _ 2 ) AND sketch . agent ( x _ 4 , x _ 1 ) AND sketch . theme ( x _ 4 , x _ 2 )	elips_VPE_in_dist
504	Emma ate the cake and so did Olivia .	* cake ( x _ 1 ) ; eat . agent ( x _ 2 , Emma ) AND eat . theme ( x _ 2 , x _ 1 ) AND eat . agent ( x _ 3 , Olivia ) AND eat . theme ( x _ 3 , x _ 1 )	elips_VPE_in_dist
505	The girl found the bag and so did Emma .	* girl ( x _ 0 ) ; * bag ( x _ 2 ) ; find . agent ( x _ 3 , x _ 0 ) AND find . theme ( x _ 3 , x _ 2 ) AND find . agent ( x _ 4 , Emma ) AND find . theme ( x _ 4 , x _ 2 )	elips_VPE_in_dist
506	A customer ate the book and so did Joseph .	* book ( x _ 2 ) ; customer ( x _ 0 ) AND eat . agent ( x _ 3 , x _ 0 ) AND eat . theme ( x _ 3 , x _ 2 ) AND eat . agent ( x _ 4 , Joseph ) AND eat . theme ( x _ 4 , x _ 2 )	elips_VPE_in_dist
507	The frog liked a cake and so did a girl .	* frog ( x _ 0 ) ; cake ( x _ 3 ) AND girl ( x _ 2 ) AND like . agent ( x _ 4 , x _ 0 ) AND like . theme ( x _ 4 , x _ 3 ) AND like . agent ( x _ 5 , x _ 2 ) AND like . theme ( x _ 5 , x _ 3 )	elips_VPE_in_dist
508	The boy said that the girl cooked a mirror and so did a professor .	* boy ( x _ 0 ) ; * girl ( x _ 4 ) ; mirror ( x _ 5 ) AND professor ( x _ 3 ) AND say . agent ( x _ 6 , x _ 0 ) AND say . ccomp ( x _ 6, x _ 7 ) AND cook . agent ( x _ 7 , x _ 4 ) AND cook . theme ( x _ 7 , x _ 5 ) AND say . agent ( x _ 8 , x _ 3 ) AND say . ccomp ( x _ 8, x _ 9 ) AND cook . agent ( x _ 9 , x _ 4 ) AND cook . theme ( x _ 9 , x _ 5 )	elips_VPE_in_dist
509	The girl poked a donut and so did the baby .	* girl ( x _ 0 ) ; * baby ( x _ 2 ) ; donut ( x _ 3 ) AND poke . agent ( x _ 4 , x _ 0 ) AND poke . theme ( x _ 4 , x _ 3 ) AND poke . agent ( x _ 5 , x _ 2 ) AND poke . theme ( x _ 5 , x _ 3 )	elips_VPE_in_dist
510	A baby hoped that Daniel ate Dylan and so did Emma .	baby ( x _ 0 ) AND hope . agent ( x _ 1 , x _ 0 ) AND hope . ccomp ( x _ 1, x _ 2 ) AND eat . agent ( x _ 2 , Daniel ) AND eat . theme ( x _ 2 , Dylan ) AND hope . agent ( x _ 3 , Emma ) AND hope . ccomp ( x _ 3, x _ 4 ) AND eat . agent ( x _ 4 , Daniel ) AND eat . theme ( x _ 4 , Dylan )	elips_VPE_in_dist
511	Hannah ate a deer and so did Noah .	deer ( x _ 1 ) AND eat . agent ( x _ 2 , Hannah ) AND eat . theme ( x _ 2 , x _ 1 ) AND eat . agent ( x _ 3 , Noah ) AND eat . theme ( x _ 3 , x _ 1 )	elips_VPE_in_dist
512	Olivia liked the cookie and so did William .	* cookie ( x _ 1 ) ; like . agent ( x _ 2 , Olivia ) AND like . theme ( x _ 2 , x _ 1 ) AND like . agent ( x _ 3 , William ) AND like . theme ( x _ 3 , x _ 1 )	elips_VPE_in_dist
513	The researcher liked the girl and so did the zebra .	* researcher ( x _ 0 ) ; * girl ( x _ 3 ) ; * zebra ( x _ 2 ) ; like . agent ( x _ 4 , x _ 0 ) AND like . theme ( x _ 4 , x _ 3 ) AND like . agent ( x _ 5 , x _ 2 ) AND like . theme ( x _ 5 , x _ 3 )	elips_VPE_in_dist
514	A dog said that Charlotte liked a chalk and so did Liam .	dog ( x _ 0 ) AND chalk ( x _ 2 ) AND say . agent ( x _ 3 , x _ 0 ) AND say . ccomp ( x _ 3, x _ 4 ) AND like . agent ( x _ 4 , Charlotte ) AND like . theme ( x _ 4 , x _ 2 ) AND say . agent ( x _ 5 , Liam ) AND say . ccomp ( x _ 5, x _ 6 ) AND like . agent ( x _ 6 , Charlotte ) AND like . theme ( x _ 6 , x _ 2 )	elips_VPE_in_dist
515	Emma liked that Camila ate the cake and so did Isabella .	* cake ( x _ 1 ) ; like . agent ( x _ 2 , Emma ) AND like . ccomp ( x _ 2, x _ 3 ) AND eat . agent ( x _ 3 , Camila ) AND eat . theme ( x _ 3 , x _ 1 ) AND like . agent ( x _ 4 , Isabella ) AND like . ccomp ( x _ 4, x _ 5 ) AND eat . agent ( x _ 5 , Camila ) AND eat . theme ( x _ 5 , x _ 1 )	elips_VPE_in_dist
516	Victoria noticed that Levi ate Leo and so did Oliver .	notice . agent ( x _ 0 , Victoria ) AND notice . ccomp ( x _ 0, x _ 1 ) AND eat . agent ( x _ 1 , Levi ) AND eat . theme ( x _ 1 , Leo ) AND notice . agent ( x _ 2 , Oliver ) AND notice . ccomp ( x _ 2, x _ 3 ) AND eat . agent ( x _ 3 , Levi ) AND eat . theme ( x _ 3 , Leo )	elips_VPE_in_dist
517	A cat poked the baby and so did Olivia .	* baby ( x _ 2 ) ; cat ( x _ 0 ) AND poke . agent ( x _ 3 , x _ 0 ) AND poke . theme ( x _ 3 , x _ 2 ) AND poke . agent ( x _ 4 , Olivia ) AND poke . theme ( x _ 4 , x _ 2 )	elips_VPE_in_dist
518	The girl cleaned the rose and so did a boy .	* girl ( x _ 0 ) ; * rose ( x _ 3 ) ; boy ( x _ 2 ) AND clean . agent ( x _ 4 , x _ 0 ) AND clean . theme ( x _ 4 , x _ 3 ) AND clean . agent ( x _ 5 , x _ 2 ) AND clean . theme ( x _ 5 , x _ 3 )	elips_VPE_in_dist
519	Ava liked that a student painted the block and so did Liam .	* block ( x _ 3 ) ; student ( x _ 2 ) AND like . agent ( x _ 4 , Ava ) AND like . ccomp ( x _ 4, x _ 5 ) AND paint . agent ( x _ 5 , x _ 2 ) AND paint . theme ( x _ 5 , x _ 3 ) AND like . agent ( x _ 6 , Liam ) AND like . ccomp ( x _ 6, x _ 7 ) AND paint . agent ( x _ 7 , x _ 2 ) AND paint . theme ( x _ 7 , x _ 3 )	elips_VPE_in_dist
520	Samuel juggled the cookie and so did the girl .	* cookie ( x _ 2 ) ; * girl ( x _ 1 ) ; juggle . agent ( x _ 3 , Samuel ) AND juggle . theme ( x _ 3 , x _ 2 ) AND juggle . agent ( x _ 4 , x _ 1 ) AND juggle . theme ( x _ 4 , x _ 2 )	elips_VPE_in_dist
521	Samuel tolerated that Ava hunted a cake and so did a teacher .	cake ( x _ 2 ) AND teacher ( x _ 1 ) AND tolerate . agent ( x _ 3 , Samuel ) AND tolerate . ccomp ( x _ 3, x _ 4 ) AND hunt . agent ( x _ 4 , Ava ) AND hunt . theme ( x _ 4 , x _ 2 ) AND tolerate . agent ( x _ 5 , x _ 1 ) AND tolerate . ccomp ( x _ 5, x _ 6 ) AND hunt . agent ( x _ 6 , Ava ) AND hunt . theme ( x _ 6 , x _ 2 )	elips_VPE_in_dist
522	Ava found the jigsaw and so did a sailor .	* jigsaw ( x _ 2 ) ; sailor ( x _ 1 ) AND find . agent ( x _ 3 , Ava ) AND find . theme ( x _ 3 , x _ 2 ) AND find . agent ( x _ 4 , x _ 1 ) AND find . theme ( x _ 4 , x _ 2 )	elips_VPE_in_dist
523	Benjamin liked Penelope and so did the dog .	* dog ( x _ 0 ) ; like . agent ( x _ 1 , Benjamin ) AND like . theme ( x _ 1 , Penelope ) AND like . agent ( x _ 2 , x _ 0 ) AND like . theme ( x _ 2 , Penelope )	elips_VPE_in_dist
524	Sebastian hunted Riley and so did Noah .	hunt . agent ( x _ 0 , Sebastian ) AND hunt . theme ( x _ 0 , Riley ) AND hunt . agent ( x _ 1 , Noah ) AND hunt . theme ( x _ 1 , Riley )	elips_VPE_in_dist
525	The captain ate the donut and so did Harper .	* captain ( x _ 0 ) ; * donut ( x _ 2 ) ; eat . agent ( x _ 3 , x _ 0 ) AND eat . theme ( x _ 3 , x _ 2 ) AND eat . agent ( x _ 4 , Harper ) AND eat . theme ( x _ 4 , x _ 2 )	elips_VPE_in_dist
526	The friend liked a cake and so did Ava .	* friend ( x _ 0 ) ; cake ( x _ 2 ) AND like . agent ( x _ 3 , x _ 0 ) AND like . theme ( x _ 3 , x _ 2 ) AND like . agent ( x _ 4 , Ava ) AND like . theme ( x _ 4 , x _ 2 )	elips_VPE_in_dist
527	A girl ate Wyatt and so did the boy .	* boy ( x _ 1 ) ; girl ( x _ 0 ) AND eat . agent ( x _ 2 , x _ 0 ) AND eat . theme ( x _ 2 , Wyatt ) AND eat . agent ( x _ 3 , x _ 1 ) AND eat . theme ( x _ 3 , Wyatt )	elips_VPE_in_dist
528	Charlotte ate Wyatt and so did the child .	* child ( x _ 0 ) ; eat . agent ( x _ 1 , Charlotte ) AND eat . theme ( x _ 1 , Wyatt ) AND eat . agent ( x _ 2 , x _ 0 ) AND eat . theme ( x _ 2 , Wyatt )	elips_VPE_in_dist
529	The boy liked Jack and so did Liam .	* boy ( x _ 0 ) ; like . agent ( x _ 1 , x _ 0 ) AND like . theme ( x _ 1 , Jack ) AND like . agent ( x _ 2 , Liam ) AND like . theme ( x _ 2 , Jack )	elips_VPE_in_dist
530	Emma found a cake and so did a bird .	cake ( x _ 2 ) AND bird ( x _ 1 ) AND find . agent ( x _ 3 , Emma ) AND find . theme ( x _ 3 , x _ 2 ) AND find . agent ( x _ 4 , x _ 1 ) AND find . theme ( x _ 4 , x _ 2 )	elips_VPE_in_dist
531	Isabella painted a melon and so did Mason .	melon ( x _ 1 ) AND paint . agent ( x _ 2 , Isabella ) AND paint . theme ( x _ 2 , x _ 1 ) AND paint . agent ( x _ 3 , Mason ) AND paint . theme ( x _ 3 , x _ 1 )	elips_VPE_in_dist
532	The consumer nursed a boy and so did a father .	* consumer ( x _ 0 ) ; boy ( x _ 3 ) AND father ( x _ 2 ) AND nurse . agent ( x _ 4 , x _ 0 ) AND nurse . theme ( x _ 4 , x _ 3 ) AND nurse . agent ( x _ 5 , x _ 2 ) AND nurse . theme ( x _ 5 , x _ 3 )	elips_VPE_in_dist
533	Emma liked a cake and so did a boy .	cake ( x _ 2 ) AND boy ( x _ 1 ) AND like . agent ( x _ 3 , Emma ) AND like . theme ( x _ 3 , x _ 2 ) AND like . agent ( x _ 4 , x _ 1 ) AND like . theme ( x _ 4 , x _ 2 )	elips_VPE_in_dist
534	The guard believed that Olivia ate a cake and so did Ethan .	* guard ( x _ 0 ) ; cake ( x _ 2 ) AND believe . agent ( x _ 3 , x _ 0 ) AND believe . ccomp ( x _ 3, x _ 4 ) AND eat . agent ( x _ 4 , Olivia ) AND eat . theme ( x _ 4 , x _ 2 ) AND believe . agent ( x _ 5 , Ethan ) AND believe . ccomp ( x _ 5, x _ 6 ) AND eat . agent ( x _ 6 , Olivia ) AND eat . theme ( x _ 6 , x _ 2 )	elips_VPE_in_dist
535	The dog missed a cake and so did a boy .	* dog ( x _ 0 ) ; cake ( x _ 3 ) AND boy ( x _ 2 ) AND miss . agent ( x _ 4 , x _ 0 ) AND miss . theme ( x _ 4 , x _ 3 ) AND miss . agent ( x _ 5 , x _ 2 ) AND miss . theme ( x _ 5 , x _ 3 )	elips_VPE_in_dist
536	Grayson respected the donut and so did a duck .	* donut ( x _ 2 ) ; duck ( x _ 1 ) AND respect . agent ( x _ 3 , Grayson ) AND respect . theme ( x _ 3 , x _ 2 ) AND respect . agent ( x _ 4 , x _ 1 ) AND respect . theme ( x _ 4 , x _ 2 )	elips_VPE_in_dist
537	Liam liked that Emma ate a donut and so did the visitor .	* visitor ( x _ 1 ) ; donut ( x _ 2 ) AND like . agent ( x _ 3 , Liam ) AND like . ccomp ( x _ 3, x _ 4 ) AND eat . agent ( x _ 4 , Emma ) AND eat . theme ( x _ 4 , x _ 2 ) AND like . agent ( x _ 5 , x _ 1 ) AND like . ccomp ( x _ 5, x _ 6 ) AND eat . agent ( x _ 6 , Emma ) AND eat . theme ( x _ 6 , x _ 2 )	elips_VPE_in_dist
538	Grace appreciated Penelope and so did Emma .	appreciate . agent ( x _ 0 , Grace ) AND appreciate . theme ( x _ 0 , Penelope ) AND appreciate . agent ( x _ 1 , Emma ) AND appreciate . theme ( x _ 1 , Penelope )	elips_VPE_in_dist
539	Emma tolerated that Isabella drew John and so did a girl .	girl ( x _ 0 ) AND tolerate . agent ( x _ 1 , Emma ) AND tolerate . ccomp ( x _ 1, x _ 2 ) AND draw . agent ( x _ 2 , Isabella ) AND draw . theme ( x _ 2 , John ) AND tolerate . agent ( x _ 3 , x _ 0 ) AND tolerate . ccomp ( x _ 3, x _ 4 ) AND draw . agent ( x _ 4 , Isabella ) AND draw . theme ( x _ 4 , John )	elips_VPE_in_dist
540	Harper said that Emma liked a drink and so did the giraffe .	* giraffe ( x _ 1 ) ; drink ( x _ 2 ) AND say . agent ( x _ 3 , Harper ) AND say . ccomp ( x _ 3, x _ 4 ) AND like . agent ( x _ 4 , Emma ) AND like . theme ( x _ 4 , x _ 2 ) AND say . agent ( x _ 5 , x _ 1 ) AND say . ccomp ( x _ 5, x _ 6 ) AND like . agent ( x _ 6 , Emma ) AND like . theme ( x _ 6 , x _ 2 )	elips_VPE_in_dist
541	The girl helped a donut and so did Ava .	* girl ( x _ 0 ) ; donut ( x _ 2 ) AND help . agent ( x _ 3 , x _ 0 ) AND help . theme ( x _ 3 , x _ 2 ) AND help . agent ( x _ 4 , Ava ) AND help . theme ( x _ 4 , x _ 2 )	elips_VPE_in_dist
542	Emily helped Grayson and so did Liam .	help . agent ( x _ 0 , Emily ) AND help . theme ( x _ 0 , Grayson ) AND help . agent ( x _ 1 , Liam ) AND help . theme ( x _ 1 , Grayson )	elips_VPE_in_dist
543	Lucas found a brain and so did Emma .	brain ( x _ 1 ) AND find . agent ( x _ 2 , Lucas ) AND find . theme ( x _ 2 , x _ 1 ) AND find . agent ( x _ 3 , Emma ) AND find . theme ( x _ 3 , x _ 1 )	elips_VPE_in_dist
544	The captain ate Ryan and so did Sophia .	* captain ( x _ 0 ) ; eat . agent ( x _ 1 , x _ 0 ) AND eat . theme ( x _ 1 , Ryan ) AND eat . agent ( x _ 2 , Sophia ) AND eat . theme ( x _ 2 , Ryan )	elips_VPE_in_dist
545	Hazel declared that Charlotte helped the mandarin and so did Emma .	* mandarin ( x _ 1 ) ; declare . agent ( x _ 2 , Hazel ) AND declare . ccomp ( x _ 2, x _ 3 ) AND help . agent ( x _ 3 , Charlotte ) AND help . theme ( x _ 3 , x _ 1 ) AND declare . agent ( x _ 4 , Emma ) AND declare . ccomp ( x _ 4, x _ 5 ) AND help . agent ( x _ 5 , Charlotte ) AND help . theme ( x _ 5 , x _ 1 )	elips_VPE_in_dist
546	The boy liked a horse and so did the president .	* boy ( x _ 0 ) ; * president ( x _ 2 ) ; horse ( x _ 3 ) AND like . agent ( x _ 4 , x _ 0 ) AND like . theme ( x _ 4 , x _ 3 ) AND like . agent ( x _ 5 , x _ 2 ) AND like . theme ( x _ 5 , x _ 3 )	elips_VPE_in_dist
547	A consumer painted a donut and so did Ava .	consumer ( x _ 0 ) AND donut ( x _ 2 ) AND paint . agent ( x _ 3 , x _ 0 ) AND paint . theme ( x _ 3 , x _ 2 ) AND paint . agent ( x _ 4 , Ava ) AND paint . theme ( x _ 4 , x _ 2 )	elips_VPE_in_dist
548	The wolf liked that a boy ate a lion and so did Savannah .	* wolf ( x _ 0 ) ; boy ( x _ 3 ) AND lion ( x _ 4 ) AND like . agent ( x _ 5 , x _ 0 ) AND like . ccomp ( x _ 5, x _ 6 ) AND eat . agent ( x _ 6 , x _ 3 ) AND eat . theme ( x _ 6 , x _ 4 ) AND like . agent ( x _ 7 , Savannah ) AND like . ccomp ( x _ 7, x _ 8 ) AND eat . agent ( x _ 8 , x _ 3 ) AND eat . theme ( x _ 8 , x _ 4 )	elips_VPE_in_dist
549	The girl liked that the child drew the box and so did Charlotte .	* girl ( x _ 0 ) ; * child ( x _ 3 ) ; * box ( x _ 4 ) ; like . agent ( x _ 5 , x _ 0 ) AND like . ccomp ( x _ 5, x _ 6 ) AND draw . agent ( x _ 6 , x _ 3 ) AND draw . theme ( x _ 6 , x _ 4 ) AND like . agent ( x _ 7 , Charlotte ) AND like . ccomp ( x _ 7, x _ 8 ) AND draw . agent ( x _ 8 , x _ 3 ) AND draw . theme ( x _ 8 , x _ 4 )	elips_VPE_in_dist
550	Andrew poked Wyatt and so did a dog .	dog ( x _ 0 ) AND poke . agent ( x _ 1 , Andrew ) AND poke . theme ( x _ 1 , Wyatt ) AND poke . agent ( x _ 2 , x _ 0 ) AND poke . theme ( x _ 2 , Wyatt )	elips_VPE_in_dist
551	Emma drew Andrew and so did a baby .	baby ( x _ 0 ) AND draw . agent ( x _ 1 , Emma ) AND draw . theme ( x _ 1 , Andrew ) AND draw . agent ( x _ 2 , x _ 0 ) AND draw . theme ( x _ 2 , Andrew )	elips_VPE_in_dist
552	A teacher liked that the president liked Penelope and so did Emma .	* president ( x _ 2 ) ; teacher ( x _ 0 ) AND like . agent ( x _ 3 , x _ 0 ) AND like . ccomp ( x _ 3, x _ 4 ) AND like . agent ( x _ 4 , x _ 2 ) AND like . theme ( x _ 4 , Penelope ) AND like . agent ( x _ 5 , Emma ) AND like . ccomp ( x _ 5, x _ 6 ) AND like . agent ( x _ 6 , x _ 2 ) AND like . theme ( x _ 6 , Penelope )	elips_VPE_in_dist
553	Mateo painted Stella and so did Benjamin .	paint . agent ( x _ 0 , Mateo ) AND paint . theme ( x _ 0 , Stella ) AND paint . agent ( x _ 1 , Benjamin ) AND paint . theme ( x _ 1 , Stella )	elips_VPE_in_dist
554	Liam confessed that Michael ate the spoon and so did the cat .	* spoon ( x _ 2 ) ; * cat ( x _ 1 ) ; confess . agent ( x _ 3 , Liam ) AND confess . ccomp ( x _ 3, x _ 4 ) AND eat . agent ( x _ 4 , Michael ) AND eat . theme ( x _ 4 , x _ 2 ) AND confess . agent ( x _ 5 , x _ 1 ) AND confess . ccomp ( x _ 5, x _ 6 ) AND eat . agent ( x _ 6 , Michael ) AND eat . theme ( x _ 6 , x _ 2 )	elips_VPE_in_dist
555	Emma wished that Noah sketched the beer and so did a mother .	* beer ( x _ 2 ) ; mother ( x _ 1 ) AND wish . agent ( x _ 3 , Emma ) AND wish . ccomp ( x _ 3, x _ 4 ) AND sketch . agent ( x _ 4 , Noah ) AND sketch . theme ( x _ 4 , x _ 2 ) AND wish . agent ( x _ 5 , x _ 1 ) AND wish . ccomp ( x _ 5, x _ 6 ) AND sketch . agent ( x _ 6 , Noah ) AND sketch . theme ( x _ 6 , x _ 2 )	elips_VPE_in_dist
556	Alexander liked that a soldier liked Penelope and so did Emma .	soldier ( x _ 1 ) AND like . agent ( x _ 2 , Alexander ) AND like . ccomp ( x _ 2, x _ 3 ) AND like . agent ( x _ 3 , x _ 1 ) AND like . theme ( x _ 3 , Penelope ) AND like . agent ( x _ 4 , Emma ) AND like . ccomp ( x _ 4, x _ 5 ) AND like . agent ( x _ 5 , x _ 1 ) AND like . theme ( x _ 5 , Penelope )	elips_VPE_in_dist
557	The guy painted the frog and so did a girl .	* guy ( x _ 0 ) ; * frog ( x _ 3 ) ; girl ( x _ 2 ) AND paint . agent ( x _ 4 , x _ 0 ) AND paint . theme ( x _ 4 , x _ 3 ) AND paint . agent ( x _ 5 , x _ 2 ) AND paint . theme ( x _ 5 , x _ 3 )	elips_VPE_in_dist
558	The boy dusted a dog and so did Mason .	* boy ( x _ 0 ) ; dog ( x _ 2 ) AND dust . agent ( x _ 3 , x _ 0 ) AND dust . theme ( x _ 3 , x _ 2 ) AND dust . agent ( x _ 4 , Mason ) AND dust . theme ( x _ 4 , x _ 2 )	elips_VPE_in_dist
559	Emily ate the lion and so did a girl .	* lion ( x _ 2 ) ; girl ( x _ 1 ) AND eat . agent ( x _ 3 , Emily ) AND eat . theme ( x _ 3 , x _ 2 ) AND eat . agent ( x _ 4 , x _ 1 ) AND eat . theme ( x _ 4 , x _ 2 )	elips_VPE_in_dist
560	Emma said that a mouse liked Penelope and so did a dog .	mouse ( x _ 2 ) AND dog ( x _ 1 ) AND say . agent ( x _ 3 , Emma ) AND say . ccomp ( x _ 3, x _ 4 ) AND like . agent ( x _ 4 , x _ 2 ) AND like . theme ( x _ 4 , Penelope ) AND say . agent ( x _ 5 , x _ 1 ) AND say . ccomp ( x _ 5, x _ 6 ) AND like . agent ( x _ 6 , x _ 2 ) AND like . theme ( x _ 6 , Penelope )	elips_VPE_in_dist
561	A dog drew a purse and so did the bee .	* bee ( x _ 2 ) ; dog ( x _ 0 ) AND purse ( x _ 3 ) AND draw . agent ( x _ 4 , x _ 0 ) AND draw . theme ( x _ 4 , x _ 3 ) AND draw . agent ( x _ 5 , x _ 2 ) AND draw . theme ( x _ 5 , x _ 3 )	elips_VPE_in_dist
562	Ethan said that a bear ate Andrew and so did Emma .	bear ( x _ 1 ) AND say . agent ( x _ 2 , Ethan ) AND say . ccomp ( x _ 2, x _ 3 ) AND eat . agent ( x _ 3 , x _ 1 ) AND eat . theme ( x _ 3 , Andrew ) AND say . agent ( x _ 4 , Emma ) AND say . ccomp ( x _ 4, x _ 5 ) AND eat . agent ( x _ 5 , x _ 1 ) AND eat . theme ( x _ 5 , Andrew )	elips_VPE_in_dist
563	Emma nursed a girl and so did Evelyn .	girl ( x _ 1 ) AND nurse . agent ( x _ 2 , Emma ) AND nurse . theme ( x _ 2 , x _ 1 ) AND nurse . agent ( x _ 3 , Evelyn ) AND nurse . theme ( x _ 3 , x _ 1 )	elips_VPE_in_dist
564	Theodore respected that the girl painted a flag and so did Emma .	* girl ( x _ 2 ) ; flag ( x _ 3 ) AND respect . agent ( x _ 4 , Theodore ) AND respect . ccomp ( x _ 4, x _ 5 ) AND paint . agent ( x _ 5 , x _ 2 ) AND paint . theme ( x _ 5 , x _ 3 ) AND respect . agent ( x _ 6 , Emma ) AND respect . ccomp ( x _ 6, x _ 7 ) AND paint . agent ( x _ 7 , x _ 2 ) AND paint . theme ( x _ 7 , x _ 3 )	elips_VPE_in_dist
565	Emma liked that a girl loved the baby and so did Benjamin .	* baby ( x _ 3 ) ; girl ( x _ 2 ) AND like . agent ( x _ 4 , Emma ) AND like . ccomp ( x _ 4, x _ 5 ) AND love . agent ( x _ 5 , x _ 2 ) AND love . theme ( x _ 5 , x _ 3 ) AND like . agent ( x _ 6 , Benjamin ) AND like . ccomp ( x _ 6, x _ 7 ) AND love . agent ( x _ 7 , x _ 2 ) AND love . theme ( x _ 7 , x _ 3 )	elips_VPE_in_dist
566	A goose noticed that Emma juggled Wyatt and so did Liam .	goose ( x _ 0 ) AND notice . agent ( x _ 1 , x _ 0 ) AND notice . ccomp ( x _ 1, x _ 2 ) AND juggle . agent ( x _ 2 , Emma ) AND juggle . theme ( x _ 2 , Wyatt ) AND notice . agent ( x _ 3 , Liam ) AND notice . ccomp ( x _ 3, x _ 4 ) AND juggle . agent ( x _ 4 , Emma ) AND juggle . theme ( x _ 4 , Wyatt )	elips_VPE_in_dist
567	A boy liked that Mia cooked Jack and so did the girl .	* girl ( x _ 1 ) ; boy ( x _ 0 ) AND like . agent ( x _ 2 , x _ 0 ) AND like . ccomp ( x _ 2, x _ 3 ) AND cook . agent ( x _ 3 , Mia ) AND cook . theme ( x _ 3 , Jack ) AND like . agent ( x _ 4 , x _ 1 ) AND like . ccomp ( x _ 4, x _ 5 ) AND cook . agent ( x _ 5 , Mia ) AND cook . theme ( x _ 5 , Jack )	elips_VPE_in_dist
568	Olivia respected Layla and so did a girl .	girl ( x _ 0 ) AND respect . agent ( x _ 1 , Olivia ) AND respect . theme ( x _ 1 , Layla ) AND respect . agent ( x _ 2 , x _ 0 ) AND respect . theme ( x _ 2 , Layla )	elips_VPE_in_dist
569	The researcher helped a cake and so did Alexander .	* researcher ( x _ 0 ) ; cake ( x _ 2 ) AND help . agent ( x _ 3 , x _ 0 ) AND help . theme ( x _ 3 , x _ 2 ) AND help . agent ( x _ 4 , Alexander ) AND help . theme ( x _ 4 , x _ 2 )	elips_VPE_in_dist
570	Lucas hoped that a father liked the cake and so did Julian .	* cake ( x _ 3 ) ; father ( x _ 2 ) AND hope . agent ( x _ 4 , Lucas ) AND hope . ccomp ( x _ 4, x _ 5 ) AND like . agent ( x _ 5 , x _ 2 ) AND like . theme ( x _ 5 , x _ 3 ) AND hope . agent ( x _ 6 , Julian ) AND hope . ccomp ( x _ 6, x _ 7 ) AND like . agent ( x _ 7 , x _ 2 ) AND like . theme ( x _ 7 , x _ 3 )	elips_VPE_in_dist
571	Olivia supported that the baby liked the clock and so did the donkey .	* baby ( x _ 3 ) ; * clock ( x _ 4 ) ; * donkey ( x _ 2 ) ; support . agent ( x _ 5 , Olivia ) AND support . ccomp ( x _ 5, x _ 6 ) AND like . agent ( x _ 6 , x _ 3 ) AND like . theme ( x _ 6 , x _ 4 ) AND support . agent ( x _ 7 , x _ 2 ) AND support . ccomp ( x _ 7, x _ 8 ) AND like . agent ( x _ 8 , x _ 3 ) AND like . theme ( x _ 8 , x _ 4 )	elips_VPE_in_dist
572	William hoped that the girl appreciated a radio and so did Liam .	* girl ( x _ 2 ) ; radio ( x _ 3 ) AND hope . agent ( x _ 4 , William ) AND hope . ccomp ( x _ 4, x _ 5 ) AND appreciate . agent ( x _ 5 , x _ 2 ) AND appreciate . theme ( x _ 5 , x _ 3 ) AND hope . agent ( x _ 6 , Liam ) AND hope . ccomp ( x _ 6, x _ 7 ) AND appreciate . agent ( x _ 7 , x _ 2 ) AND appreciate . theme ( x _ 7 , x _ 3 )	elips_VPE_in_dist
573	The girl liked a cake and so did Liam .	* girl ( x _ 0 ) ; cake ( x _ 2 ) AND like . agent ( x _ 3 , x _ 0 ) AND like . theme ( x _ 3 , x _ 2 ) AND like . agent ( x _ 4 , Liam ) AND like . theme ( x _ 4 , x _ 2 )	elips_VPE_in_dist
574	The boy declared that a fish helped a chair and so did Emma .	* boy ( x _ 0 ) ; fish ( x _ 3 ) AND chair ( x _ 4 ) AND declare . agent ( x _ 5 , x _ 0 ) AND declare . ccomp ( x _ 5, x _ 6 ) AND help . agent ( x _ 6 , x _ 3 ) AND help . theme ( x _ 6 , x _ 4 ) AND declare . agent ( x _ 7 , Emma ) AND declare . ccomp ( x _ 7, x _ 8 ) AND help . agent ( x _ 8 , x _ 3 ) AND help . theme ( x _ 8 , x _ 4 )	elips_VPE_in_dist
575	Olivia cleaned the dog and so did a girl .	* dog ( x _ 2 ) ; girl ( x _ 1 ) AND clean . agent ( x _ 3 , Olivia ) AND clean . theme ( x _ 3 , x _ 2 ) AND clean . agent ( x _ 4 , x _ 1 ) AND clean . theme ( x _ 4 , x _ 2 )	elips_VPE_in_dist
576	The bee believed that the butterfly ate a toy and so did Liam .	* bee ( x _ 0 ) ; * butterfly ( x _ 3 ) ; toy ( x _ 4 ) AND believe . agent ( x _ 5 , x _ 0 ) AND believe . ccomp ( x _ 5, x _ 6 ) AND eat . agent ( x _ 6 , x _ 3 ) AND eat . theme ( x _ 6 , x _ 4 ) AND believe . agent ( x _ 7 , Liam ) AND believe . ccomp ( x _ 7, x _ 8 ) AND eat . agent ( x _ 8 , x _ 3 ) AND eat . theme ( x _ 8 , x _ 4 )	elips_VPE_in_dist
577	The boy liked that Olivia poked a cookie and so did the girl .	* boy ( x _ 0 ) ; * girl ( x _ 2 ) ; cookie ( x _ 3 ) AND like . agent ( x _ 4 , x _ 0 ) AND like . ccomp ( x _ 4, x _ 5 ) AND poke . agent ( x _ 5 , Olivia ) AND poke . theme ( x _ 5 , x _ 3 ) AND like . agent ( x _ 6 , x _ 2 ) AND like . ccomp ( x _ 6, x _ 7 ) AND poke . agent ( x _ 7 , Olivia ) AND poke . theme ( x _ 7 , x _ 3 )	elips_VPE_in_dist
578	Isabella liked Levi and so did a girl .	girl ( x _ 0 ) AND like . agent ( x _ 1 , Isabella ) AND like . theme ( x _ 1 , Levi ) AND like . agent ( x _ 2 , x _ 0 ) AND like . theme ( x _ 2 , Levi )	elips_VPE_in_dist
579	Abigail missed a cake and so did Isabella .	cake ( x _ 1 ) AND miss . agent ( x _ 2 , Abigail ) AND miss . theme ( x _ 2 , x _ 1 ) AND miss . agent ( x _ 3 , Isabella ) AND miss . theme ( x _ 3 , x _ 1 )	elips_VPE_in_dist
580	Ava liked that the cat painted a towel and so did Emma .	* cat ( x _ 2 ) ; towel ( x _ 3 ) AND like . agent ( x _ 4 , Ava ) AND like . ccomp ( x _ 4, x _ 5 ) AND paint . agent ( x _ 5 , x _ 2 ) AND paint . theme ( x _ 5 , x _ 3 ) AND like . agent ( x _ 6 , Emma ) AND like . ccomp ( x _ 6, x _ 7 ) AND paint . agent ( x _ 7 , x _ 2 ) AND paint . theme ( x _ 7 , x _ 3 )	elips_VPE_in_dist
581	A boy thought that Bella painted a donut and so did the girl .	* girl ( x _ 2 ) ; boy ( x _ 0 ) AND donut ( x _ 3 ) AND think . agent ( x _ 4 , x _ 0 ) AND think . ccomp ( x _ 4, x _ 5 ) AND paint . agent ( x _ 5 , Bella ) AND paint . theme ( x _ 5 , x _ 3 ) AND think . agent ( x _ 6 , x _ 2 ) AND think . ccomp ( x _ 6, x _ 7 ) AND paint . agent ( x _ 7 , Bella ) AND paint . theme ( x _ 7 , x _ 3 )	elips_VPE_in_dist
582	Madison thought that Isabella ate a girl and so did a boy .	girl ( x _ 2 ) AND boy ( x _ 1 ) AND think . agent ( x _ 3 , Madison ) AND think . ccomp ( x _ 3, x _ 4 ) AND eat . agent ( x _ 4 , Isabella ) AND eat . theme ( x _ 4 , x _ 2 ) AND think . agent ( x _ 5 , x _ 1 ) AND think . ccomp ( x _ 5, x _ 6 ) AND eat . agent ( x _ 6 , Isabella ) AND eat . theme ( x _ 6 , x _ 2 )	elips_VPE_in_dist
583	Jackson helped the pumpkin and so did a queen .	* pumpkin ( x _ 2 ) ; queen ( x _ 1 ) AND help . agent ( x _ 3 , Jackson ) AND help . theme ( x _ 3 , x _ 2 ) AND help . agent ( x _ 4 , x _ 1 ) AND help . theme ( x _ 4 , x _ 2 )	elips_VPE_in_dist
584	A girl dusted Layla and so did Sofia .	girl ( x _ 0 ) AND dust . agent ( x _ 1 , x _ 0 ) AND dust . theme ( x _ 1 , Layla ) AND dust . agent ( x _ 2 , Sofia ) AND dust . theme ( x _ 2 , Layla )	elips_VPE_in_dist
585	The girl liked the rose and so did Liam .	* girl ( x _ 0 ) ; * rose ( x _ 2 ) ; like . agent ( x _ 3 , x _ 0 ) AND like . theme ( x _ 3 , x _ 2 ) AND like . agent ( x _ 4 , Liam ) AND like . theme ( x _ 4 , x _ 2 )	elips_VPE_in_dist
586	The dog noticed that Mia painted Penelope and so did a girl .	* dog ( x _ 0 ) ; girl ( x _ 1 ) AND notice . agent ( x _ 2 , x _ 0 ) AND notice . ccomp ( x _ 2, x _ 3 ) AND paint . agent ( x _ 3 , Mia ) AND paint . theme ( x _ 3 , Penelope ) AND notice . agent ( x _ 4 , x _ 1 ) AND notice . ccomp ( x _ 4, x _ 5 ) AND paint . agent ( x _ 5 , Mia ) AND paint . theme ( x _ 5 , Penelope )	elips_VPE_in_dist
587	Nora said that a cat respected a rose and so did Sofia .	cat ( x _ 2 ) AND rose ( x _ 3 ) AND say . agent ( x _ 4 , Nora ) AND say . ccomp ( x _ 4, x _ 5 ) AND respect . agent ( x _ 5 , x _ 2 ) AND respect . theme ( x _ 5 , x _ 3 ) AND say . agent ( x _ 6 , Sofia ) AND say . ccomp ( x _ 6, x _ 7 ) AND respect . agent ( x _ 7 , x _ 2 ) AND respect . theme ( x _ 7 , x _ 3 )	elips_VPE_in_dist
588	Emma loved John and so did the girl .	* girl ( x _ 0 ) ; love . agent ( x _ 1 , Emma ) AND love . theme ( x _ 1 , John ) AND love . agent ( x _ 2 , x _ 0 ) AND love . theme ( x _ 2 , John )	elips_VPE_in_dist
589	The girl poked a cake and so did Liam .	* girl ( x _ 0 ) ; cake ( x _ 2 ) AND poke . agent ( x _ 3 , x _ 0 ) AND poke . theme ( x _ 3 , x _ 2 ) AND poke . agent ( x _ 4 , Liam ) AND poke . theme ( x _ 4 , x _ 2 )	elips_VPE_in_dist
590	A buyer ate a bird and so did Ava .	buyer ( x _ 0 ) AND bird ( x _ 2 ) AND eat . agent ( x _ 3 , x _ 0 ) AND eat . theme ( x _ 3 , x _ 2 ) AND eat . agent ( x _ 4 , Ava ) AND eat . theme ( x _ 4 , x _ 2 )	elips_VPE_in_dist
591	A dog liked that the boy poked a monkey and so did Mason .	* boy ( x _ 3 ) ; dog ( x _ 0 ) AND monkey ( x _ 4 ) AND like . agent ( x _ 5 , x _ 0 ) AND like . ccomp ( x _ 5, x _ 6 ) AND poke . agent ( x _ 6 , x _ 3 ) AND poke . theme ( x _ 6 , x _ 4 ) AND like . agent ( x _ 7 , Mason ) AND like . ccomp ( x _ 7, x _ 8 ) AND poke . agent ( x _ 8 , x _ 3 ) AND poke . theme ( x _ 8 , x _ 4 )	elips_VPE_in_dist
592	The boy ate a mouse and so did the cat .	* boy ( x _ 0 ) ; * cat ( x _ 2 ) ; mouse ( x _ 3 ) AND eat . agent ( x _ 4 , x _ 0 ) AND eat . theme ( x _ 4 , x _ 3 ) AND eat . agent ( x _ 5 , x _ 2 ) AND eat . theme ( x _ 5 , x _ 3 )	elips_VPE_in_dist
593	A professor cooked Penelope and so did the fly .	* fly ( x _ 1 ) ; professor ( x _ 0 ) AND cook . agent ( x _ 2 , x _ 0 ) AND cook . theme ( x _ 2 , Penelope ) AND cook . agent ( x _ 3 , x _ 1 ) AND cook . theme ( x _ 3 , Penelope )	elips_VPE_in_dist
594	A zebra liked that Zoey liked Wyatt and so did Amelia .	zebra ( x _ 0 ) AND like . agent ( x _ 1 , x _ 0 ) AND like . ccomp ( x _ 1, x _ 2 ) AND like . agent ( x _ 2 , Zoey ) AND like . theme ( x _ 2 , Wyatt ) AND like . agent ( x _ 3 , Amelia ) AND like . ccomp ( x _ 3, x _ 4 ) AND like . agent ( x _ 4 , Zoey ) AND like . theme ( x _ 4 , Wyatt )	elips_VPE_in_dist
595	Emma said that the bird ate a cake and so did Isabella .	* bird ( x _ 2 ) ; cake ( x _ 3 ) AND say . agent ( x _ 4 , Emma ) AND say . ccomp ( x _ 4, x _ 5 ) AND eat . agent ( x _ 5 , x _ 2 ) AND eat . theme ( x _ 5 , x _ 3 ) AND say . agent ( x _ 6 , Isabella ) AND say . ccomp ( x _ 6, x _ 7 ) AND eat . agent ( x _ 7 , x _ 2 ) AND eat . theme ( x _ 7 , x _ 3 )	elips_VPE_in_dist
596	A chicken painted a drink and so did the boy .	* boy ( x _ 2 ) ; chicken ( x _ 0 ) AND drink ( x _ 3 ) AND paint . agent ( x _ 4 , x _ 0 ) AND paint . theme ( x _ 4 , x _ 3 ) AND paint . agent ( x _ 5 , x _ 2 ) AND paint . theme ( x _ 5 , x _ 3 )	elips_VPE_in_dist
597	Ava liked a cup and so did the bear .	* bear ( x _ 1 ) ; cup ( x _ 2 ) AND like . agent ( x _ 3 , Ava ) AND like . theme ( x _ 3 , x _ 2 ) AND like . agent ( x _ 4 , x _ 1 ) AND like . theme ( x _ 4 , x _ 2 )	elips_VPE_in_dist
598	Olivia liked a cake and so did a puppy .	cake ( x _ 2 ) AND puppy ( x _ 1 ) AND like . agent ( x _ 3 , Olivia ) AND like . theme ( x _ 3 , x _ 2 ) AND like . agent ( x _ 4 , x _ 1 ) AND like . theme ( x _ 4 , x _ 2 )	elips_VPE_in_dist
599	Mia liked Wyatt and so did Liam .	like . agent ( x _ 0 , Mia ) AND like . theme ( x _ 0 , Wyatt ) AND like . agent ( x _ 1 , Liam ) AND like . theme ( x _ 1 , Wyatt )	elips_VPE_in_dist
600	Liam appreciated the cookie and so did the girl .	* cookie ( x _ 2 ) ; * girl ( x _ 1 ) ; appreciate . agent ( x _ 3 , Liam ) AND appreciate . theme ( x _ 3 , x _ 2 ) AND appreciate . agent ( x _ 4 , x _ 1 ) AND appreciate . theme ( x _ 4 , x _ 2 )	elips_VPE_in_dist
601	Liam wished that a mouse ate a girl and so did Mia .	mouse ( x _ 2 ) AND girl ( x _ 3 ) AND wish . agent ( x _ 4 , Liam ) AND wish . ccomp ( x _ 4, x _ 5 ) AND eat . agent ( x _ 5 , x _ 2 ) AND eat . theme ( x _ 5 , x _ 3 ) AND wish . agent ( x _ 6 , Mia ) AND wish . ccomp ( x _ 6, x _ 7 ) AND eat . agent ( x _ 7 , x _ 2 ) AND eat . theme ( x _ 7 , x _ 3 )	elips_VPE_in_dist
602	A girl ate a bottle and so did Emma .	girl ( x _ 0 ) AND bottle ( x _ 2 ) AND eat . agent ( x _ 3 , x _ 0 ) AND eat . theme ( x _ 3 , x _ 2 ) AND eat . agent ( x _ 4 , Emma ) AND eat . theme ( x _ 4 , x _ 2 )	elips_VPE_in_dist
603	Zoe drew the boy and so did a judge .	* boy ( x _ 2 ) ; judge ( x _ 1 ) AND draw . agent ( x _ 3 , Zoe ) AND draw . theme ( x _ 3 , x _ 2 ) AND draw . agent ( x _ 4 , x _ 1 ) AND draw . theme ( x _ 4 , x _ 2 )	elips_VPE_in_dist
604	The king liked that Emma helped the girl and so did the dog .	* king ( x _ 0 ) ; * girl ( x _ 3 ) ; * dog ( x _ 2 ) ; like . agent ( x _ 4 , x _ 0 ) AND like . ccomp ( x _ 4, x _ 5 ) AND help . agent ( x _ 5 , Emma ) AND help . theme ( x _ 5 , x _ 3 ) AND like . agent ( x _ 6 , x _ 2 ) AND like . ccomp ( x _ 6, x _ 7 ) AND help . agent ( x _ 7 , Emma ) AND help . theme ( x _ 7 , x _ 3 )	elips_VPE_in_dist
605	The turtle liked a potato and so did Emma .	* turtle ( x _ 0 ) ; potato ( x _ 2 ) AND like . agent ( x _ 3 , x _ 0 ) AND like . theme ( x _ 3 , x _ 2 ) AND like . agent ( x _ 4 , Emma ) AND like . theme ( x _ 4 , x _ 2 )	elips_VPE_in_dist
606	The girl painted a box and so did Emma .	* girl ( x _ 0 ) ; box ( x _ 2 ) AND paint . agent ( x _ 3 , x _ 0 ) AND paint . theme ( x _ 3 , x _ 2 ) AND paint . agent ( x _ 4 , Emma ) AND paint . theme ( x _ 4 , x _ 2 )	elips_VPE_in_dist
607	Emma appreciated that a girl adored a raisin and so did Olivia .	girl ( x _ 2 ) AND raisin ( x _ 3 ) AND appreciate . agent ( x _ 4 , Emma ) AND appreciate . ccomp ( x _ 4, x _ 5 ) AND adore . agent ( x _ 5 , x _ 2 ) AND adore . theme ( x _ 5 , x _ 3 ) AND appreciate . agent ( x _ 6 , Olivia ) AND appreciate . ccomp ( x _ 6, x _ 7 ) AND adore . agent ( x _ 7 , x _ 2 ) AND adore . theme ( x _ 7 , x _ 3 )	elips_VPE_in_dist
608	Luna juggled Layla and so did a child .	child ( x _ 0 ) AND juggle . agent ( x _ 1 , Luna ) AND juggle . theme ( x _ 1 , Layla ) AND juggle . agent ( x _ 2 , x _ 0 ) AND juggle . theme ( x _ 2 , Layla )	elips_VPE_in_dist
609	Emma liked the girl and so did a lawyer .	* girl ( x _ 2 ) ; lawyer ( x _ 1 ) AND like . agent ( x _ 3 , Emma ) AND like . theme ( x _ 3 , x _ 2 ) AND like . agent ( x _ 4 , x _ 1 ) AND like . theme ( x _ 4 , x _ 2 )	elips_VPE_in_dist
610	Benjamin cooked the sandwich and so did Ethan .	* sandwich ( x _ 1 ) ; cook . agent ( x _ 2 , Benjamin ) AND cook . theme ( x _ 2 , x _ 1 ) AND cook . agent ( x _ 3 , Ethan ) AND cook . theme ( x _ 3 , x _ 1 )	elips_VPE_in_dist
611	Emma liked Layla and so did Jacob .	like . agent ( x _ 0 , Emma ) AND like . theme ( x _ 0 , Layla ) AND like . agent ( x _ 1 , Jacob ) AND like . theme ( x _ 1 , Layla )	elips_VPE_in_dist
612	A bear admired a nail and so did Nora .	bear ( x _ 0 ) AND nail ( x _ 2 ) AND admire . agent ( x _ 3 , x _ 0 ) AND admire . theme ( x _ 3 , x _ 2 ) AND admire . agent ( x _ 4 , Nora ) AND admire . theme ( x _ 4 , x _ 2 )	elips_VPE_in_dist
613	A monkey liked that Liam liked Wyatt and so did a girl .	monkey ( x _ 0 ) AND girl ( x _ 1 ) AND like . agent ( x _ 2 , x _ 0 ) AND like . ccomp ( x _ 2, x _ 3 ) AND like . agent ( x _ 3 , Liam ) AND like . theme ( x _ 3 , Wyatt ) AND like . agent ( x _ 4 , x _ 1 ) AND like . ccomp ( x _ 4, x _ 5 ) AND like . agent ( x _ 5 , Liam ) AND like . theme ( x _ 5 , Wyatt )	elips_VPE_in_dist
614	Liam liked that Emma cooked a drink and so did Evelyn .	drink ( x _ 1 ) AND like . agent ( x _ 2 , Liam ) AND like . ccomp ( x _ 2, x _ 3 ) AND cook . agent ( x _ 3 , Emma ) AND cook . theme ( x _ 3 , x _ 1 ) AND like . agent ( x _ 4 , Evelyn ) AND like . ccomp ( x _ 4, x _ 5 ) AND cook . agent ( x _ 5 , Emma ) AND cook . theme ( x _ 5 , x _ 1 )	elips_VPE_in_dist
615	The cat liked Wyatt and so did the girl .	* cat ( x _ 0 ) ; * girl ( x _ 1 ) ; like . agent ( x _ 2 , x _ 0 ) AND like . theme ( x _ 2 , Wyatt ) AND like . agent ( x _ 3 , x _ 1 ) AND like . theme ( x _ 3 , Wyatt )	elips_VPE_in_dist
616	The cat ate a duck and so did Emma .	* cat ( x _ 0 ) ; duck ( x _ 2 ) AND eat . agent ( x _ 3 , x _ 0 ) AND eat . theme ( x _ 3 , x _ 2 ) AND eat . agent ( x _ 4 , Emma ) AND eat . theme ( x _ 4 , x _ 2 )	elips_VPE_in_dist
617	The host respected that a boy loved a girl and so did the giraffe .	* host ( x _ 0 ) ; * giraffe ( x _ 3 ) ; boy ( x _ 4 ) AND girl ( x _ 5 ) AND respect . agent ( x _ 6 , x _ 0 ) AND respect . ccomp ( x _ 6, x _ 7 ) AND love . agent ( x _ 7 , x _ 4 ) AND love . theme ( x _ 7 , x _ 5 ) AND respect . agent ( x _ 8 , x _ 3 ) AND respect . ccomp ( x _ 8, x _ 9 ) AND love . agent ( x _ 9 , x _ 4 ) AND love . theme ( x _ 9 , x _ 5 )	elips_VPE_in_dist
618	Emma confessed that the monster ate a cake and so did the bear .	* monster ( x _ 3 ) ; * bear ( x _ 2 ) ; cake ( x _ 4 ) AND confess . agent ( x _ 5 , Emma ) AND confess . ccomp ( x _ 5, x _ 6 ) AND eat . agent ( x _ 6 , x _ 3 ) AND eat . theme ( x _ 6 , x _ 4 ) AND confess . agent ( x _ 7 , x _ 2 ) AND confess . ccomp ( x _ 7, x _ 8 ) AND eat . agent ( x _ 8 , x _ 3 ) AND eat . theme ( x _ 8 , x _ 4 )	elips_VPE_in_dist
619	Elizabeth cleaned the raisin and so did a girl .	* raisin ( x _ 2 ) ; girl ( x _ 1 ) AND clean . agent ( x _ 3 , Elizabeth ) AND clean . theme ( x _ 3 , x _ 2 ) AND clean . agent ( x _ 4 , x _ 1 ) AND clean . theme ( x _ 4 , x _ 2 )	elips_VPE_in_dist
620	A guest ate Penelope and so did the frog .	* frog ( x _ 1 ) ; guest ( x _ 0 ) AND eat . agent ( x _ 2 , x _ 0 ) AND eat . theme ( x _ 2 , Penelope ) AND eat . agent ( x _ 3 , x _ 1 ) AND eat . theme ( x _ 3 , Penelope )	elips_VPE_in_dist
621	The girl liked that James loved Penelope and so did Mia .	* girl ( x _ 0 ) ; like . agent ( x _ 1 , x _ 0 ) AND like . ccomp ( x _ 1, x _ 2 ) AND love . agent ( x _ 2 , James ) AND love . theme ( x _ 2 , Penelope ) AND like . agent ( x _ 3 , Mia ) AND like . ccomp ( x _ 3, x _ 4 ) AND love . agent ( x _ 4 , James ) AND love . theme ( x _ 4 , Penelope )	elips_VPE_in_dist
622	Abigail liked Penelope and so did Emma .	like . agent ( x _ 0 , Abigail ) AND like . theme ( x _ 0 , Penelope ) AND like . agent ( x _ 1 , Emma ) AND like . theme ( x _ 1 , Penelope )	elips_VPE_in_dist
623	A hen ate the girl and so did a boy .	* girl ( x _ 3 ) ; hen ( x _ 0 ) AND boy ( x _ 2 ) AND eat . agent ( x _ 4 , x _ 0 ) AND eat . theme ( x _ 4 , x _ 3 ) AND eat . agent ( x _ 5 , x _ 2 ) AND eat . theme ( x _ 5 , x _ 3 )	elips_VPE_in_dist
624	Oliver poked the strawberry and so did the girl .	* strawberry ( x _ 2 ) ; * girl ( x _ 1 ) ; poke . agent ( x _ 3 , Oliver ) AND poke . theme ( x _ 3 , x _ 2 ) AND poke . agent ( x _ 4 , x _ 1 ) AND poke . theme ( x _ 4 , x _ 2 )	elips_VPE_in_dist
625	James ate the cake and so did a girl .	* cake ( x _ 2 ) ; girl ( x _ 1 ) AND eat . agent ( x _ 3 , James ) AND eat . theme ( x _ 3 , x _ 2 ) AND eat . agent ( x _ 4 , x _ 1 ) AND eat . theme ( x _ 4 , x _ 2 )	elips_VPE_in_dist
626	A girl missed the sandwich and so did a pony .	* sandwich ( x _ 3 ) ; girl ( x _ 0 ) AND pony ( x _ 2 ) AND miss . agent ( x _ 4 , x _ 0 ) AND miss . theme ( x _ 4 , x _ 3 ) AND miss . agent ( x _ 5 , x _ 2 ) AND miss . theme ( x _ 5 , x _ 3 )	elips_VPE_in_dist
627	A guest hoped that the teacher juggled Isaac and so did Noah .	* teacher ( x _ 2 ) ; guest ( x _ 0 ) AND hope . agent ( x _ 3 , x _ 0 ) AND hope . ccomp ( x _ 3, x _ 4 ) AND juggle . agent ( x _ 4 , x _ 2 ) AND juggle . theme ( x _ 4 , Isaac ) AND hope . agent ( x _ 5 , Noah ) AND hope . ccomp ( x _ 5, x _ 6 ) AND juggle . agent ( x _ 6 , x _ 2 ) AND juggle . theme ( x _ 6 , Isaac )	elips_VPE_in_dist
628	The monkey liked the cat and so did the girl .	* monkey ( x _ 0 ) ; * cat ( x _ 3 ) ; * girl ( x _ 2 ) ; like . agent ( x _ 4 , x _ 0 ) AND like . theme ( x _ 4 , x _ 3 ) AND like . agent ( x _ 5 , x _ 2 ) AND like . theme ( x _ 5 , x _ 3 )	elips_VPE_in_dist
629	Daniel drew the cake and so did the girl .	* cake ( x _ 2 ) ; * girl ( x _ 1 ) ; draw . agent ( x _ 3 , Daniel ) AND draw . theme ( x _ 3 , x _ 2 ) AND draw . agent ( x _ 4 , x _ 1 ) AND draw . theme ( x _ 4 , x _ 2 )	elips_VPE_in_dist
630	A monkey noticed that Emma sketched the donut and so did a coach .	* donut ( x _ 3 ) ; monkey ( x _ 0 ) AND coach ( x _ 2 ) AND notice . agent ( x _ 4 , x _ 0 ) AND notice . ccomp ( x _ 4, x _ 5 ) AND sketch . agent ( x _ 5 , Emma ) AND sketch . theme ( x _ 5 , x _ 3 ) AND notice . agent ( x _ 6 , x _ 2 ) AND notice . ccomp ( x _ 6, x _ 7 ) AND sketch . agent ( x _ 7 , Emma ) AND sketch . theme ( x _ 7 , x _ 3 )	elips_VPE_in_dist
631	Ava juggled Wyatt and so did a girl .	girl ( x _ 0 ) AND juggle . agent ( x _ 1 , Ava ) AND juggle . theme ( x _ 1 , Wyatt ) AND juggle . agent ( x _ 2 , x _ 0 ) AND juggle . theme ( x _ 2 , Wyatt )	elips_VPE_in_dist
632	Ava admired Natalie and so did the squirrel .	* squirrel ( x _ 0 ) ; admire . agent ( x _ 1 , Ava ) AND admire . theme ( x _ 1 , Natalie ) AND admire . agent ( x _ 2 , x _ 0 ) AND admire . theme ( x _ 2 , Natalie )	elips_VPE_in_dist
633	A student juggled the dog and so did the girl .	* dog ( x _ 3 ) ; * girl ( x _ 2 ) ; student ( x _ 0 ) AND juggle . agent ( x _ 4 , x _ 0 ) AND juggle . theme ( x _ 4 , x _ 3 ) AND juggle . agent ( x _ 5 , x _ 2 ) AND juggle . theme ( x _ 5 , x _ 3 )	elips_VPE_in_dist
634	Eleanor found the glue and so did William .	* glue ( x _ 1 ) ; find . agent ( x _ 2 , Eleanor ) AND find . theme ( x _ 2 , x _ 1 ) AND find . agent ( x _ 3 , William ) AND find . theme ( x _ 3 , x _ 1 )	elips_VPE_in_dist
635	The boy liked a rose and so did a hero .	* boy ( x _ 0 ) ; rose ( x _ 3 ) AND hero ( x _ 2 ) AND like . agent ( x _ 4 , x _ 0 ) AND like . theme ( x _ 4 , x _ 3 ) AND like . agent ( x _ 5 , x _ 2 ) AND like . theme ( x _ 5 , x _ 3 )	elips_VPE_in_dist
636	A cat dreamed that a bunny ate a glue and so did a hen .	cat ( x _ 0 ) AND bunny ( x _ 4 ) AND glue ( x _ 5 ) AND hen ( x _ 3 ) AND dream . agent ( x _ 6 , x _ 0 ) AND dream . ccomp ( x _ 6, x _ 7 ) AND eat . agent ( x _ 7 , x _ 4 ) AND eat . theme ( x _ 7 , x _ 5 ) AND dream . agent ( x _ 8 , x _ 3 ) AND dream . ccomp ( x _ 8, x _ 9 ) AND eat . agent ( x _ 9 , x _ 4 ) AND eat . theme ( x _ 9 , x _ 5 )	elips_VPE_in_dist
637	Emma cleaned Layla and so did Thomas .	clean . agent ( x _ 0 , Emma ) AND clean . theme ( x _ 0 , Layla ) AND clean . agent ( x _ 1 , Thomas ) AND clean . theme ( x _ 1 , Layla )	elips_VPE_in_dist
638	The cat liked a donut and so did Lucas .	* cat ( x _ 0 ) ; donut ( x _ 2 ) AND like . agent ( x _ 3 , x _ 0 ) AND like . theme ( x _ 3 , x _ 2 ) AND like . agent ( x _ 4 , Lucas ) AND like . theme ( x _ 4 , x _ 2 )	elips_VPE_in_dist
639	Aria ate the boy and so did the citizen .	* boy ( x _ 2 ) ; * citizen ( x _ 1 ) ; eat . agent ( x _ 3 , Aria ) AND eat . theme ( x _ 3 , x _ 2 ) AND eat . agent ( x _ 4 , x _ 1 ) AND eat . theme ( x _ 4 , x _ 2 )	elips_VPE_in_dist
640	The lion liked a cake and so did the boy .	* lion ( x _ 0 ) ; * boy ( x _ 2 ) ; cake ( x _ 3 ) AND like . agent ( x _ 4 , x _ 0 ) AND like . theme ( x _ 4 , x _ 3 ) AND like . agent ( x _ 5 , x _ 2 ) AND like . theme ( x _ 5 , x _ 3 )	elips_VPE_in_dist
641	Evelyn liked a cake and so did Sophia .	cake ( x _ 1 ) AND like . agent ( x _ 2 , Evelyn ) AND like . theme ( x _ 2 , x _ 1 ) AND like . agent ( x _ 3 , Sophia ) AND like . theme ( x _ 3 , x _ 1 )	elips_VPE_in_dist
642	Emma tolerated that a girl liked a rose and so did William .	girl ( x _ 2 ) AND rose ( x _ 3 ) AND tolerate . agent ( x _ 4 , Emma ) AND tolerate . ccomp ( x _ 4, x _ 5 ) AND like . agent ( x _ 5 , x _ 2 ) AND like . theme ( x _ 5 , x _ 3 ) AND tolerate . agent ( x _ 6 , William ) AND tolerate . ccomp ( x _ 6, x _ 7 ) AND like . agent ( x _ 7 , x _ 2 ) AND like . theme ( x _ 7 , x _ 3 )	elips_VPE_in_dist
643	Liam cooked Layla and so did Dylan .	cook . agent ( x _ 0 , Liam ) AND cook . theme ( x _ 0 , Layla ) AND cook . agent ( x _ 1 , Dylan ) AND cook . theme ( x _ 1 , Layla )	elips_VPE_in_dist
644	The frog admired the box and so did the boy .	* frog ( x _ 0 ) ; * box ( x _ 3 ) ; * boy ( x _ 2 ) ; admire . agent ( x _ 4 , x _ 0 ) AND admire . theme ( x _ 4 , x _ 3 ) AND admire . agent ( x _ 5 , x _ 2 ) AND admire . theme ( x _ 5 , x _ 3 )	elips_VPE_in_dist
645	Olivia admired a chicken and so did the girl .	* girl ( x _ 1 ) ; chicken ( x _ 2 ) AND admire . agent ( x _ 3 , Olivia ) AND admire . theme ( x _ 3 , x _ 2 ) AND admire . agent ( x _ 4 , x _ 1 ) AND admire . theme ( x _ 4 , x _ 2 )	elips_VPE_in_dist
646	Wyatt said that the pony liked a cat and so did the frog .	* pony ( x _ 3 ) ; * frog ( x _ 2 ) ; cat ( x _ 4 ) AND say . agent ( x _ 5 , Wyatt ) AND say . ccomp ( x _ 5, x _ 6 ) AND like . agent ( x _ 6 , x _ 3 ) AND like . theme ( x _ 6 , x _ 4 ) AND say . agent ( x _ 7 , x _ 2 ) AND say . ccomp ( x _ 7, x _ 8 ) AND like . agent ( x _ 8 , x _ 3 ) AND like . theme ( x _ 8 , x _ 4 )	elips_VPE_in_dist
647	The girl liked Layla and so did Liam .	* girl ( x _ 0 ) ; like . agent ( x _ 1 , x _ 0 ) AND like . theme ( x _ 1 , Layla ) AND like . agent ( x _ 2 , Liam ) AND like . theme ( x _ 2 , Layla )	elips_VPE_in_dist
648	The scientist found a donut and so did the girl .	* scientist ( x _ 0 ) ; * girl ( x _ 2 ) ; donut ( x _ 3 ) AND find . agent ( x _ 4 , x _ 0 ) AND find . theme ( x _ 4 , x _ 3 ) AND find . agent ( x _ 5 , x _ 2 ) AND find . theme ( x _ 5 , x _ 3 )	elips_VPE_in_dist
649	Emma hunted the boy and so did Olivia .	* boy ( x _ 1 ) ; hunt . agent ( x _ 2 , Emma ) AND hunt . theme ( x _ 2 , x _ 1 ) AND hunt . agent ( x _ 3 , Olivia ) AND hunt . theme ( x _ 3 , x _ 1 )	elips_VPE_in_dist
650	James declared that Liam drew a cake and so did the girl .	* girl ( x _ 1 ) ; cake ( x _ 2 ) AND declare . agent ( x _ 3 , James ) AND declare . ccomp ( x _ 3, x _ 4 ) AND draw . agent ( x _ 4 , Liam ) AND draw . theme ( x _ 4 , x _ 2 ) AND declare . agent ( x _ 5 , x _ 1 ) AND declare . ccomp ( x _ 5, x _ 6 ) AND draw . agent ( x _ 6 , Liam ) AND draw . theme ( x _ 6 , x _ 2 )	elips_VPE_in_dist
651	The boy loved a child and so did the guest .	* boy ( x _ 0 ) ; * guest ( x _ 2 ) ; child ( x _ 3 ) AND love . agent ( x _ 4 , x _ 0 ) AND love . theme ( x _ 4 , x _ 3 ) AND love . agent ( x _ 5 , x _ 2 ) AND love . theme ( x _ 5 , x _ 3 )	elips_VPE_in_dist
652	A lion sketched a cake and so did the monkey .	* monkey ( x _ 2 ) ; lion ( x _ 0 ) AND cake ( x _ 3 ) AND sketch . agent ( x _ 4 , x _ 0 ) AND sketch . theme ( x _ 4 , x _ 3 ) AND sketch . agent ( x _ 5 , x _ 2 ) AND sketch . theme ( x _ 5 , x _ 3 )	elips_VPE_in_dist
653	Olivia sketched a cat and so did the boy .	* boy ( x _ 1 ) ; cat ( x _ 2 ) AND sketch . agent ( x _ 3 , Olivia ) AND sketch . theme ( x _ 3 , x _ 2 ) AND sketch . agent ( x _ 4 , x _ 1 ) AND sketch . theme ( x _ 4 , x _ 2 )	elips_VPE_in_dist
654	A baby adored a cake and so did Benjamin .	baby ( x _ 0 ) AND cake ( x _ 2 ) AND adore . agent ( x _ 3 , x _ 0 ) AND adore . theme ( x _ 3 , x _ 2 ) AND adore . agent ( x _ 4 , Benjamin ) AND adore . theme ( x _ 4 , x _ 2 )	elips_VPE_in_dist
655	Emma missed a cat and so did a lion .	cat ( x _ 2 ) AND lion ( x _ 1 ) AND miss . agent ( x _ 3 , Emma ) AND miss . theme ( x _ 3 , x _ 2 ) AND miss . agent ( x _ 4 , x _ 1 ) AND miss . theme ( x _ 4 , x _ 2 )	elips_VPE_in_dist
656	The journalist helped a donut and so did Noah .	* journalist ( x _ 0 ) ; donut ( x _ 2 ) AND help . agent ( x _ 3 , x _ 0 ) AND help . theme ( x _ 3 , x _ 2 ) AND help . agent ( x _ 4 , Noah ) AND help . theme ( x _ 4 , x _ 2 )	elips_VPE_in_dist
657	Emma liked that Amelia liked Lily and so did a baby .	baby ( x _ 0 ) AND like . agent ( x _ 1 , Emma ) AND like . ccomp ( x _ 1, x _ 2 ) AND like . agent ( x _ 2 , Amelia ) AND like . theme ( x _ 2 , Lily ) AND like . agent ( x _ 3 , x _ 0 ) AND like . ccomp ( x _ 3, x _ 4 ) AND like . agent ( x _ 4 , Amelia ) AND like . theme ( x _ 4 , Lily )	elips_VPE_in_dist
658	The girl liked the donut and so did Emma .	* girl ( x _ 0 ) ; * donut ( x _ 2 ) ; like . agent ( x _ 3 , x _ 0 ) AND like . theme ( x _ 3 , x _ 2 ) AND like . agent ( x _ 4 , Emma ) AND like . theme ( x _ 4 , x _ 2 )	elips_VPE_in_dist
659	Liam valued that the girl painted Layla and so did Emma .	* girl ( x _ 1 ) ; value . agent ( x _ 2 , Liam ) AND value . ccomp ( x _ 2, x _ 3 ) AND paint . agent ( x _ 3 , x _ 1 ) AND paint . theme ( x _ 3 , Layla ) AND value . agent ( x _ 4 , Emma ) AND value . ccomp ( x _ 4, x _ 5 ) AND paint . agent ( x _ 5 , x _ 1 ) AND paint . theme ( x _ 5 , Layla )	elips_VPE_in_dist
660	Olivia poked a cake and so did Emma .	cake ( x _ 1 ) AND poke . agent ( x _ 2 , Olivia ) AND poke . theme ( x _ 2 , x _ 1 ) AND poke . agent ( x _ 3 , Emma ) AND poke . theme ( x _ 3 , x _ 1 )	elips_VPE_in_dist
661	Olivia painted the monkey and so did the boy .	* monkey ( x _ 2 ) ; * boy ( x _ 1 ) ; paint . agent ( x _ 3 , Olivia ) AND paint . theme ( x _ 3 , x _ 2 ) AND paint . agent ( x _ 4 , x _ 1 ) AND paint . theme ( x _ 4 , x _ 2 )	elips_VPE_in_dist
662	The lawyer appreciated Penelope and so did a bear .	* lawyer ( x _ 0 ) ; bear ( x _ 1 ) AND appreciate . agent ( x _ 2 , x _ 0 ) AND appreciate . theme ( x _ 2 , Penelope ) AND appreciate . agent ( x _ 3 , x _ 1 ) AND appreciate . theme ( x _ 3 , Penelope )	elips_VPE_in_dist
663	A donkey drew a penny and so did Emma .	donkey ( x _ 0 ) AND penny ( x _ 2 ) AND draw . agent ( x _ 3 , x _ 0 ) AND draw . theme ( x _ 3 , x _ 2 ) AND draw . agent ( x _ 4 , Emma ) AND draw . theme ( x _ 4 , x _ 2 )	elips_VPE_in_dist
664	Madison sketched a cake and so did Owen .	cake ( x _ 1 ) AND sketch . agent ( x _ 2 , Madison ) AND sketch . theme ( x _ 2 , x _ 1 ) AND sketch . agent ( x _ 3 , Owen ) AND sketch . theme ( x _ 3 , x _ 1 )	elips_VPE_in_dist
665	A bear adored the donut and so did a girl .	* donut ( x _ 3 ) ; bear ( x _ 0 ) AND girl ( x _ 2 ) AND adore . agent ( x _ 4 , x _ 0 ) AND adore . theme ( x _ 4 , x _ 3 ) AND adore . agent ( x _ 5 , x _ 2 ) AND adore . theme ( x _ 5 , x _ 3 )	elips_VPE_in_dist
666	A boy believed that William ate a cake and so did a girl .	boy ( x _ 0 ) AND cake ( x _ 3 ) AND girl ( x _ 2 ) AND believe . agent ( x _ 4 , x _ 0 ) AND believe . ccomp ( x _ 4, x _ 5 ) AND eat . agent ( x _ 5 , William ) AND eat . theme ( x _ 5 , x _ 3 ) AND believe . agent ( x _ 6 , x _ 2 ) AND believe . ccomp ( x _ 6, x _ 7 ) AND eat . agent ( x _ 7 , William ) AND eat . theme ( x _ 7 , x _ 3 )	elips_VPE_in_dist
667	A boy painted the cake and so did Liam .	* cake ( x _ 2 ) ; boy ( x _ 0 ) AND paint . agent ( x _ 3 , x _ 0 ) AND paint . theme ( x _ 3 , x _ 2 ) AND paint . agent ( x _ 4 , Liam ) AND paint . theme ( x _ 4 , x _ 2 )	elips_VPE_in_dist
668	The governor juggled a donut and so did a cat .	* governor ( x _ 0 ) ; donut ( x _ 3 ) AND cat ( x _ 2 ) AND juggle . agent ( x _ 4 , x _ 0 ) AND juggle . theme ( x _ 4 , x _ 3 ) AND juggle . agent ( x _ 5 , x _ 2 ) AND juggle . theme ( x _ 5 , x _ 3 )	elips_VPE_in_dist
669	The girl ate Layla and so did the boy .	* girl ( x _ 0 ) ; * boy ( x _ 1 ) ; eat . agent ( x _ 2 , x _ 0 ) AND eat . theme ( x _ 2 , Layla ) AND eat . agent ( x _ 3 , x _ 1 ) AND eat . theme ( x _ 3 , Layla )	elips_VPE_in_dist
670	The child noticed that the queen ate a cookie and so did Emma .	* child ( x _ 0 ) ; * queen ( x _ 3 ) ; cookie ( x _ 4 ) AND notice . agent ( x _ 5 , x _ 0 ) AND notice . ccomp ( x _ 5, x _ 6 ) AND eat . agent ( x _ 6 , x _ 3 ) AND eat . theme ( x _ 6 , x _ 4 ) AND notice . agent ( x _ 7 , Emma ) AND notice . ccomp ( x _ 7, x _ 8 ) AND eat . agent ( x _ 8 , x _ 3 ) AND eat . theme ( x _ 8 , x _ 4 )	elips_VPE_in_dist
671	A squirrel declared that Ava liked a cake and so did the girl .	* girl ( x _ 2 ) ; squirrel ( x _ 0 ) AND cake ( x _ 3 ) AND declare . agent ( x _ 4 , x _ 0 ) AND declare . ccomp ( x _ 4, x _ 5 ) AND like . agent ( x _ 5 , Ava ) AND like . theme ( x _ 5 , x _ 3 ) AND declare . agent ( x _ 6 , x _ 2 ) AND declare . ccomp ( x _ 6, x _ 7 ) AND like . agent ( x _ 7 , Ava ) AND like . theme ( x _ 7 , x _ 3 )	elips_VPE_in_dist
672	The cat liked that Jacob liked a cake and so did Liam .	* cat ( x _ 0 ) ; cake ( x _ 2 ) AND like . agent ( x _ 3 , x _ 0 ) AND like . ccomp ( x _ 3, x _ 4 ) AND like . agent ( x _ 4 , Jacob ) AND like . theme ( x _ 4 , x _ 2 ) AND like . agent ( x _ 5 , Liam ) AND like . ccomp ( x _ 5, x _ 6 ) AND like . agent ( x _ 6 , Jacob ) AND like . theme ( x _ 6 , x _ 2 )	elips_VPE_in_dist
673	Benjamin helped the block and so did Charlotte .	* block ( x _ 1 ) ; help . agent ( x _ 2 , Benjamin ) AND help . theme ( x _ 2 , x _ 1 ) AND help . agent ( x _ 3 , Charlotte ) AND help . theme ( x _ 3 , x _ 1 )	elips_VPE_in_dist
674	Emma helped the box and so did a boy .	* box ( x _ 2 ) ; boy ( x _ 1 ) AND help . agent ( x _ 3 , Emma ) AND help . theme ( x _ 3 , x _ 2 ) AND help . agent ( x _ 4 , x _ 1 ) AND help . theme ( x _ 4 , x _ 2 )	elips_VPE_in_dist
675	The boy declared that a frog liked the cookie and so did Charlotte .	* boy ( x _ 0 ) ; * cookie ( x _ 4 ) ; frog ( x _ 3 ) AND declare . agent ( x _ 5 , x _ 0 ) AND declare . ccomp ( x _ 5, x _ 6 ) AND like . agent ( x _ 6 , x _ 3 ) AND like . theme ( x _ 6 , x _ 4 ) AND declare . agent ( x _ 7 , Charlotte ) AND declare . ccomp ( x _ 7, x _ 8 ) AND like . agent ( x _ 8 , x _ 3 ) AND like . theme ( x _ 8 , x _ 4 )	elips_VPE_in_dist
676	A lion liked that Jaxon liked Layla and so did a monster .	lion ( x _ 0 ) AND monster ( x _ 1 ) AND like . agent ( x _ 2 , x _ 0 ) AND like . ccomp ( x _ 2, x _ 3 ) AND like . agent ( x _ 3 , Jaxon ) AND like . theme ( x _ 3 , Layla ) AND like . agent ( x _ 4 , x _ 1 ) AND like . ccomp ( x _ 4, x _ 5 ) AND like . agent ( x _ 5 , Jaxon ) AND like . theme ( x _ 5 , Layla )	elips_VPE_in_dist
677	The cow ate Savannah and so did Liam .	* cow ( x _ 0 ) ; eat . agent ( x _ 1 , x _ 0 ) AND eat . theme ( x _ 1 , Savannah ) AND eat . agent ( x _ 2 , Liam ) AND eat . theme ( x _ 2 , Savannah )	elips_VPE_in_dist
678	The cat drew Grayson and so did Michael .	* cat ( x _ 0 ) ; draw . agent ( x _ 1 , x _ 0 ) AND draw . theme ( x _ 1 , Grayson ) AND draw . agent ( x _ 2 , Michael ) AND draw . theme ( x _ 2 , Grayson )	elips_VPE_in_dist
679	Oliver liked that Henry sketched the cookie and so did a duck .	* cookie ( x _ 2 ) ; duck ( x _ 1 ) AND like . agent ( x _ 3 , Oliver ) AND like . ccomp ( x _ 3, x _ 4 ) AND sketch . agent ( x _ 4 , Henry ) AND sketch . theme ( x _ 4 , x _ 2 ) AND like . agent ( x _ 5 , x _ 1 ) AND like . ccomp ( x _ 5, x _ 6 ) AND sketch . agent ( x _ 6 , Henry ) AND sketch . theme ( x _ 6 , x _ 2 )	elips_VPE_in_dist
680	Olivia proved that Isabella liked a boy and so did Liam .	boy ( x _ 1 ) AND prove . agent ( x _ 2 , Olivia ) AND prove . ccomp ( x _ 2, x _ 3 ) AND like . agent ( x _ 3 , Isabella ) AND like . theme ( x _ 3 , x _ 1 ) AND prove . agent ( x _ 4 , Liam ) AND prove . ccomp ( x _ 4, x _ 5 ) AND like . agent ( x _ 5 , Isabella ) AND like . theme ( x _ 5 , x _ 1 )	elips_VPE_in_dist
681	The girl liked the donut and so did a lawyer .	* girl ( x _ 0 ) ; * donut ( x _ 3 ) ; lawyer ( x _ 2 ) AND like . agent ( x _ 4 , x _ 0 ) AND like . theme ( x _ 4 , x _ 3 ) AND like . agent ( x _ 5 , x _ 2 ) AND like . theme ( x _ 5 , x _ 3 )	elips_VPE_in_dist
682	Emma painted the girl and so did Luna .	* girl ( x _ 1 ) ; paint . agent ( x _ 2 , Emma ) AND paint . theme ( x _ 2 , x _ 1 ) AND paint . agent ( x _ 3 , Luna ) AND paint . theme ( x _ 3 , x _ 1 )	elips_VPE_in_dist
683	Aria hunted a customer and so did Grace .	customer ( x _ 1 ) AND hunt . agent ( x _ 2 , Aria ) AND hunt . theme ( x _ 2 , x _ 1 ) AND hunt . agent ( x _ 3 , Grace ) AND hunt . theme ( x _ 3 , x _ 1 )	elips_VPE_in_dist
684	A frog liked that the girl juggled a cake and so did the boy .	* girl ( x _ 4 ) ; * boy ( x _ 3 ) ; frog ( x _ 0 ) AND cake ( x _ 5 ) AND like . agent ( x _ 6 , x _ 0 ) AND like . ccomp ( x _ 6, x _ 7 ) AND juggle . agent ( x _ 7 , x _ 4 ) AND juggle . theme ( x _ 7 , x _ 5 ) AND like . agent ( x _ 8 , x _ 3 ) AND like . ccomp ( x _ 8, x _ 9 ) AND juggle . agent ( x _ 9 , x _ 4 ) AND juggle . theme ( x _ 9 , x _ 5 )	elips_VPE_in_dist
685	Abigail hoped that Carter adored Ryan and so did a scientist .	scientist ( x _ 0 ) AND hope . agent ( x _ 1 , Abigail ) AND hope . ccomp ( x _ 1, x _ 2 ) AND adore . agent ( x _ 2 , Carter ) AND adore . theme ( x _ 2 , Ryan ) AND hope . agent ( x _ 3 , x _ 0 ) AND hope . ccomp ( x _ 3, x _ 4 ) AND adore . agent ( x _ 4 , Carter ) AND adore . theme ( x _ 4 , Ryan )	elips_VPE_in_dist
686	Emma liked Luke and so did a child .	child ( x _ 0 ) AND like . agent ( x _ 1 , Emma ) AND like . theme ( x _ 1 , Luke ) AND like . agent ( x _ 2 , x _ 0 ) AND like . theme ( x _ 2 , Luke )	elips_VPE_in_dist
687	Emma liked the jigsaw and so did a cat .	* jigsaw ( x _ 2 ) ; cat ( x _ 1 ) AND like . agent ( x _ 3 , Emma ) AND like . theme ( x _ 3 , x _ 2 ) AND like . agent ( x _ 4 , x _ 1 ) AND like . theme ( x _ 4 , x _ 2 )	elips_VPE_in_dist
688	The baby hunted the glue and so did Claire .	* baby ( x _ 0 ) ; * glue ( x _ 2 ) ; hunt . agent ( x _ 3 , x _ 0 ) AND hunt . theme ( x _ 3 , x _ 2 ) AND hunt . agent ( x _ 4 , Claire ) AND hunt . theme ( x _ 4 , x _ 2 )	elips_VPE_in_dist
689	William painted the dog and so did Oliver .	* dog ( x _ 1 ) ; paint . agent ( x _ 2 , William ) AND paint . theme ( x _ 2 , x _ 1 ) AND paint . agent ( x _ 3 , Oliver ) AND paint . theme ( x _ 3 , x _ 1 )	elips_VPE_in_dist
690	The cat helped the sandwich and so did Emma .	* cat ( x _ 0 ) ; * sandwich ( x _ 2 ) ; help . agent ( x _ 3 , x _ 0 ) AND help . theme ( x _ 3 , x _ 2 ) AND help . agent ( x _ 4 , Emma ) AND help . theme ( x _ 4 , x _ 2 )	elips_VPE_in_dist
691	Abigail hoped that Mateo liked a cake and so did the boy .	* boy ( x _ 1 ) ; cake ( x _ 2 ) AND hope . agent ( x _ 3 , Abigail ) AND hope . ccomp ( x _ 3, x _ 4 ) AND like . agent ( x _ 4 , Mateo ) AND like . theme ( x _ 4 , x _ 2 ) AND hope . agent ( x _ 5 , x _ 1 ) AND hope . ccomp ( x _ 5, x _ 6 ) AND like . agent ( x _ 6 , Mateo ) AND like . theme ( x _ 6 , x _ 2 )	elips_VPE_in_dist
692	A girl proved that Benjamin ate a donut and so did the dog .	* dog ( x _ 2 ) ; girl ( x _ 0 ) AND donut ( x _ 3 ) AND prove . agent ( x _ 4 , x _ 0 ) AND prove . ccomp ( x _ 4, x _ 5 ) AND eat . agent ( x _ 5 , Benjamin ) AND eat . theme ( x _ 5 , x _ 3 ) AND prove . agent ( x _ 6 , x _ 2 ) AND prove . ccomp ( x _ 6, x _ 7 ) AND eat . agent ( x _ 7 , Benjamin ) AND eat . theme ( x _ 7 , x _ 3 )	elips_VPE_in_dist
693	A girl meant that the boy cleaned the sweetcorn and so did a teacher .	* boy ( x _ 4 ) ; * sweetcorn ( x _ 5 ) ; girl ( x _ 0 ) AND teacher ( x _ 3 ) AND mean . agent ( x _ 6 , x _ 0 ) AND mean . ccomp ( x _ 6, x _ 7 ) AND clean . agent ( x _ 7 , x _ 4 ) AND clean . theme ( x _ 7 , x _ 5 ) AND mean . agent ( x _ 8 , x _ 3 ) AND mean . ccomp ( x _ 8, x _ 9 ) AND clean . agent ( x _ 9 , x _ 4 ) AND clean . theme ( x _ 9 , x _ 5 )	elips_VPE_in_dist
694	Isabella admired the raisin and so did the girl .	* raisin ( x _ 2 ) ; * girl ( x _ 1 ) ; admire . agent ( x _ 3 , Isabella ) AND admire . theme ( x _ 3 , x _ 2 ) AND admire . agent ( x _ 4 , x _ 1 ) AND admire . theme ( x _ 4 , x _ 2 )	elips_VPE_in_dist
695	Scarlett confessed that a citizen painted a cake and so did a frog .	citizen ( x _ 3 ) AND cake ( x _ 4 ) AND frog ( x _ 2 ) AND confess . agent ( x _ 5 , Scarlett ) AND confess . ccomp ( x _ 5, x _ 6 ) AND paint . agent ( x _ 6 , x _ 3 ) AND paint . theme ( x _ 6 , x _ 4 ) AND confess . agent ( x _ 7 , x _ 2 ) AND confess . ccomp ( x _ 7, x _ 8 ) AND paint . agent ( x _ 8 , x _ 3 ) AND paint . theme ( x _ 8 , x _ 4 )	elips_VPE_in_dist
696	A prisoner painted a raisin and so did Emma .	prisoner ( x _ 0 ) AND raisin ( x _ 2 ) AND paint . agent ( x _ 3 , x _ 0 ) AND paint . theme ( x _ 3 , x _ 2 ) AND paint . agent ( x _ 4 , Emma ) AND paint . theme ( x _ 4 , x _ 2 )	elips_VPE_in_dist
697	Noah cooked the rose and so did a girl .	* rose ( x _ 2 ) ; girl ( x _ 1 ) AND cook . agent ( x _ 3 , Noah ) AND cook . theme ( x _ 3 , x _ 2 ) AND cook . agent ( x _ 4 , x _ 1 ) AND cook . theme ( x _ 4 , x _ 2 )	elips_VPE_in_dist
698	Olivia liked that the lawyer painted Layla and so did Emma .	* lawyer ( x _ 1 ) ; like . agent ( x _ 2 , Olivia ) AND like . ccomp ( x _ 2, x _ 3 ) AND paint . agent ( x _ 3 , x _ 1 ) AND paint . theme ( x _ 3 , Layla ) AND like . agent ( x _ 4 , Emma ) AND like . ccomp ( x _ 4, x _ 5 ) AND paint . agent ( x _ 5 , x _ 1 ) AND paint . theme ( x _ 5 , Layla )	elips_VPE_in_dist
699	William ate Penelope and so did the child .	* child ( x _ 0 ) ; eat . agent ( x _ 1 , William ) AND eat . theme ( x _ 1 , Penelope ) AND eat . agent ( x _ 2 , x _ 0 ) AND eat . theme ( x _ 2 , Penelope )	elips_VPE_in_dist
700	Mia juggled the strawberry and so did the girl .	* strawberry ( x _ 2 ) ; * girl ( x _ 1 ) ; juggle . agent ( x _ 3 , Mia ) AND juggle . theme ( x _ 3 , x _ 2 ) AND juggle . agent ( x _ 4 , x _ 1 ) AND juggle . theme ( x _ 4 , x _ 2 )	elips_VPE_in_dist
701	Mason hoped that the giraffe respected the boy and so did the cat .	* giraffe ( x _ 3 ) ; * boy ( x _ 4 ) ; * cat ( x _ 2 ) ; hope . agent ( x _ 5 , Mason ) AND hope . ccomp ( x _ 5, x _ 6 ) AND respect . agent ( x _ 6 , x _ 3 ) AND respect . theme ( x _ 6 , x _ 4 ) AND hope . agent ( x _ 7 , x _ 2 ) AND hope . ccomp ( x _ 7, x _ 8 ) AND respect . agent ( x _ 8 , x _ 3 ) AND respect . theme ( x _ 8 , x _ 4 )	elips_VPE_in_dist
702	Abigail cooked Riley and so did Charlotte .	cook . agent ( x _ 0 , Abigail ) AND cook . theme ( x _ 0 , Riley ) AND cook . agent ( x _ 1 , Charlotte ) AND cook . theme ( x _ 1 , Riley )	elips_VPE_in_dist
703	Emma found the banana and so did Olivia .	* banana ( x _ 1 ) ; find . agent ( x _ 2 , Emma ) AND find . theme ( x _ 2 , x _ 1 ) AND find . agent ( x _ 3 , Olivia ) AND find . theme ( x _ 3 , x _ 1 )	elips_VPE_in_dist
704	The cat admired a cake and so did Emma .	* cat ( x _ 0 ) ; cake ( x _ 2 ) AND admire . agent ( x _ 3 , x _ 0 ) AND admire . theme ( x _ 3 , x _ 2 ) AND admire . agent ( x _ 4 , Emma ) AND admire . theme ( x _ 4 , x _ 2 )	elips_VPE_in_dist
705	Liam ate a cake and so did Emma .	cake ( x _ 1 ) AND eat . agent ( x _ 2 , Liam ) AND eat . theme ( x _ 2 , x _ 1 ) AND eat . agent ( x _ 3 , Emma ) AND eat . theme ( x _ 3 , x _ 1 )	elips_VPE_in_dist
706	A dog liked that Olivia helped the bowl and so did a pony .	* bowl ( x _ 3 ) ; dog ( x _ 0 ) AND pony ( x _ 2 ) AND like . agent ( x _ 4 , x _ 0 ) AND like . ccomp ( x _ 4, x _ 5 ) AND help . agent ( x _ 5 , Olivia ) AND help . theme ( x _ 5 , x _ 3 ) AND like . agent ( x _ 6 , x _ 2 ) AND like . ccomp ( x _ 6, x _ 7 ) AND help . agent ( x _ 7 , Olivia ) AND help . theme ( x _ 7 , x _ 3 )	elips_VPE_in_dist
707	Emma said that a boy found the cake and so did a girl .	* cake ( x _ 4 ) ; boy ( x _ 3 ) AND girl ( x _ 2 ) AND say . agent ( x _ 5 , Emma ) AND say . ccomp ( x _ 5, x _ 6 ) AND find . agent ( x _ 6 , x _ 3 ) AND find . theme ( x _ 6 , x _ 4 ) AND say . agent ( x _ 7 , x _ 2 ) AND say . ccomp ( x _ 7, x _ 8 ) AND find . agent ( x _ 8 , x _ 3 ) AND find . theme ( x _ 8 , x _ 4 )	elips_VPE_in_dist
708	Mason adored Penelope and so did the girl .	* girl ( x _ 0 ) ; adore . agent ( x _ 1 , Mason ) AND adore . theme ( x _ 1 , Penelope ) AND adore . agent ( x _ 2 , x _ 0 ) AND adore . theme ( x _ 2 , Penelope )	elips_VPE_in_dist
709	Grace said that Noah adored the cake and so did Liam .	* cake ( x _ 1 ) ; say . agent ( x _ 2 , Grace ) AND say . ccomp ( x _ 2, x _ 3 ) AND adore . agent ( x _ 3 , Noah ) AND adore . theme ( x _ 3 , x _ 1 ) AND say . agent ( x _ 4 , Liam ) AND say . ccomp ( x _ 4, x _ 5 ) AND adore . agent ( x _ 5 , Noah ) AND adore . theme ( x _ 5 , x _ 1 )	elips_VPE_in_dist
710	A goose noticed that Olivia dusted Penelope and so did Emma .	goose ( x _ 0 ) AND notice . agent ( x _ 1 , x _ 0 ) AND notice . ccomp ( x _ 1, x _ 2 ) AND dust . agent ( x _ 2 , Olivia ) AND dust . theme ( x _ 2 , Penelope ) AND notice . agent ( x _ 3 , Emma ) AND notice . ccomp ( x _ 3, x _ 4 ) AND dust . agent ( x _ 4 , Olivia ) AND dust . theme ( x _ 4 , Penelope )	elips_VPE_in_dist
711	Olivia liked a goose and so did the visitor .	* visitor ( x _ 1 ) ; goose ( x _ 2 ) AND like . agent ( x _ 3 , Olivia ) AND like . theme ( x _ 3 , x _ 2 ) AND like . agent ( x _ 4 , x _ 1 ) AND like . theme ( x _ 4 , x _ 2 )	elips_VPE_in_dist
712	The customer liked a cat and so did the girl .	* customer ( x _ 0 ) ; * girl ( x _ 2 ) ; cat ( x _ 3 ) AND like . agent ( x _ 4 , x _ 0 ) AND like . theme ( x _ 4 , x _ 3 ) AND like . agent ( x _ 5 , x _ 2 ) AND like . theme ( x _ 5 , x _ 3 )	elips_VPE_in_dist
713	Elijah liked that the boy painted a lollipop and so did Liam .	* boy ( x _ 2 ) ; lollipop ( x _ 3 ) AND like . agent ( x _ 4 , Elijah ) AND like . ccomp ( x _ 4, x _ 5 ) AND paint . agent ( x _ 5 , x _ 2 ) AND paint . theme ( x _ 5 , x _ 3 ) AND like . agent ( x _ 6 , Liam ) AND like . ccomp ( x _ 6, x _ 7 ) AND paint . agent ( x _ 7 , x _ 2 ) AND paint . theme ( x _ 7 , x _ 3 )	elips_VPE_in_dist
714	Liam ate Nathan and so did a boy .	boy ( x _ 0 ) AND eat . agent ( x _ 1 , Liam ) AND eat . theme ( x _ 1 , Nathan ) AND eat . agent ( x _ 2 , x _ 0 ) AND eat . theme ( x _ 2 , Nathan )	elips_VPE_in_dist
715	The girl liked that a duck ate a dog and so did Abigail .	* girl ( x _ 0 ) ; duck ( x _ 3 ) AND dog ( x _ 4 ) AND like . agent ( x _ 5 , x _ 0 ) AND like . ccomp ( x _ 5, x _ 6 ) AND eat . agent ( x _ 6 , x _ 3 ) AND eat . theme ( x _ 6 , x _ 4 ) AND like . agent ( x _ 7 , Abigail ) AND like . ccomp ( x _ 7, x _ 8 ) AND eat . agent ( x _ 8 , x _ 3 ) AND eat . theme ( x _ 8 , x _ 4 )	elips_VPE_in_dist
716	Benjamin appreciated Lily and so did Emma .	appreciate . agent ( x _ 0 , Benjamin ) AND appreciate . theme ( x _ 0 , Lily ) AND appreciate . agent ( x _ 1 , Emma ) AND appreciate . theme ( x _ 1 , Lily )	elips_VPE_in_dist
717	James painted a cake and so did a girl .	cake ( x _ 2 ) AND girl ( x _ 1 ) AND paint . agent ( x _ 3 , James ) AND paint . theme ( x _ 3 , x _ 2 ) AND paint . agent ( x _ 4 , x _ 1 ) AND paint . theme ( x _ 4 , x _ 2 )	elips_VPE_in_dist
718	Victoria loved John and so did Benjamin .	love . agent ( x _ 0 , Victoria ) AND love . theme ( x _ 0 , John ) AND love . agent ( x _ 1 , Benjamin ) AND love . theme ( x _ 1 , John )	elips_VPE_in_dist
719	A king painted a pickle and so did Liam .	king ( x _ 0 ) AND pickle ( x _ 2 ) AND paint . agent ( x _ 3 , x _ 0 ) AND paint . theme ( x _ 3 , x _ 2 ) AND paint . agent ( x _ 4 , Liam ) AND paint . theme ( x _ 4 , x _ 2 )	elips_VPE_in_dist
720	A cat appreciated the cookie and so did a teacher .	* cookie ( x _ 3 ) ; cat ( x _ 0 ) AND teacher ( x _ 2 ) AND appreciate . agent ( x _ 4 , x _ 0 ) AND appreciate . theme ( x _ 4 , x _ 3 ) AND appreciate . agent ( x _ 5 , x _ 2 ) AND appreciate . theme ( x _ 5 , x _ 3 )	elips_VPE_in_dist
721	The baby ate the crocodile and so did the poet .	* baby ( x _ 0 ) ; * crocodile ( x _ 3 ) ; * poet ( x _ 2 ) ; eat . agent ( x _ 4 , x _ 0 ) AND eat . theme ( x _ 4 , x _ 3 ) AND eat . agent ( x _ 5 , x _ 2 ) AND eat . theme ( x _ 5 , x _ 3 )	elips_VPE_in_dist
722	The spokesman liked Skylar and so did Emma .	* spokesman ( x _ 0 ) ; like . agent ( x _ 1 , x _ 0 ) AND like . theme ( x _ 1 , Skylar ) AND like . agent ( x _ 2 , Emma ) AND like . theme ( x _ 2 , Skylar )	elips_VPE_in_dist
723	Ava painted the cookie and so did Emma .	* cookie ( x _ 1 ) ; paint . agent ( x _ 2 , Ava ) AND paint . theme ( x _ 2 , x _ 1 ) AND paint . agent ( x _ 3 , Emma ) AND paint . theme ( x _ 3 , x _ 1 )	elips_VPE_in_dist
724	The student drew the muffin and so did a boy .	* student ( x _ 0 ) ; * muffin ( x _ 3 ) ; boy ( x _ 2 ) AND draw . agent ( x _ 4 , x _ 0 ) AND draw . theme ( x _ 4 , x _ 3 ) AND draw . agent ( x _ 5 , x _ 2 ) AND draw . theme ( x _ 5 , x _ 3 )	elips_VPE_in_dist
725	Elijah liked that the cow ate the raisin and so did Emma .	* cow ( x _ 2 ) ; * raisin ( x _ 3 ) ; like . agent ( x _ 4 , Elijah ) AND like . ccomp ( x _ 4, x _ 5 ) AND eat . agent ( x _ 5 , x _ 2 ) AND eat . theme ( x _ 5 , x _ 3 ) AND like . agent ( x _ 6 , Emma ) AND like . ccomp ( x _ 6, x _ 7 ) AND eat . agent ( x _ 7 , x _ 2 ) AND eat . theme ( x _ 7 , x _ 3 )	elips_VPE_in_dist
726	Ava liked that Olivia poked Brooklyn and so did Noah .	like . agent ( x _ 0 , Ava ) AND like . ccomp ( x _ 0, x _ 1 ) AND poke . agent ( x _ 1 , Olivia ) AND poke . theme ( x _ 1 , Brooklyn ) AND like . agent ( x _ 2 , Noah ) AND like . ccomp ( x _ 2, x _ 3 ) AND poke . agent ( x _ 3 , Olivia ) AND poke . theme ( x _ 3 , Brooklyn )	elips_VPE_in_dist
727	Emma said that Zoe liked a cake and so did Olivia .	cake ( x _ 1 ) AND say . agent ( x _ 2 , Emma ) AND say . ccomp ( x _ 2, x _ 3 ) AND like . agent ( x _ 3 , Zoe ) AND like . theme ( x _ 3 , x _ 1 ) AND say . agent ( x _ 4 , Olivia ) AND say . ccomp ( x _ 4, x _ 5 ) AND like . agent ( x _ 5 , Zoe ) AND like . theme ( x _ 5 , x _ 1 )	elips_VPE_in_dist
728	Emma appreciated that the cat helped Bella and so did a fly .	* cat ( x _ 2 ) ; fly ( x _ 1 ) AND appreciate . agent ( x _ 3 , Emma ) AND appreciate . ccomp ( x _ 3, x _ 4 ) AND help . agent ( x _ 4 , x _ 2 ) AND help . theme ( x _ 4 , Bella ) AND appreciate . agent ( x _ 5 , x _ 1 ) AND appreciate . ccomp ( x _ 5, x _ 6 ) AND help . agent ( x _ 6 , x _ 2 ) AND help . theme ( x _ 6 , Bella )	elips_VPE_in_dist
729	Carter loved the radio and so did Liam .	* radio ( x _ 1 ) ; love . agent ( x _ 2 , Carter ) AND love . theme ( x _ 2 , x _ 1 ) AND love . agent ( x _ 3 , Liam ) AND love . theme ( x _ 3 , x _ 1 )	elips_VPE_in_dist
730	Isaac drew Caleb and so did Liam .	draw . agent ( x _ 0 , Isaac ) AND draw . theme ( x _ 0 , Caleb ) AND draw . agent ( x _ 1 , Liam ) AND draw . theme ( x _ 1 , Caleb )	elips_VPE_in_dist
731	Violet ate the gumball and so did the host .	* gumball ( x _ 2 ) ; * host ( x _ 1 ) ; eat . agent ( x _ 3 , Violet ) AND eat . theme ( x _ 3 , x _ 2 ) AND eat . agent ( x _ 4 , x _ 1 ) AND eat . theme ( x _ 4 , x _ 2 )	elips_VPE_in_dist
732	A pony cleaned the cake and so did the mother .	* cake ( x _ 3 ) ; * mother ( x _ 2 ) ; pony ( x _ 0 ) AND clean . agent ( x _ 4 , x _ 0 ) AND clean . theme ( x _ 4 , x _ 3 ) AND clean . agent ( x _ 5 , x _ 2 ) AND clean . theme ( x _ 5 , x _ 3 )	elips_VPE_in_dist
733	A cat ate a cake and so did Emma .	cat ( x _ 0 ) AND cake ( x _ 2 ) AND eat . agent ( x _ 3 , x _ 0 ) AND eat . theme ( x _ 3 , x _ 2 ) AND eat . agent ( x _ 4 , Emma ) AND eat . theme ( x _ 4 , x _ 2 )	elips_VPE_in_dist
734	Noah juggled a mirror and so did the teacher .	* teacher ( x _ 1 ) ; mirror ( x _ 2 ) AND juggle . agent ( x _ 3 , Noah ) AND juggle . theme ( x _ 3 , x _ 2 ) AND juggle . agent ( x _ 4 , x _ 1 ) AND juggle . theme ( x _ 4 , x _ 2 )	elips_VPE_in_dist
735	David cooked Zoey and so did the cat .	* cat ( x _ 0 ) ; cook . agent ( x _ 1 , David ) AND cook . theme ( x _ 1 , Zoey ) AND cook . agent ( x _ 2 , x _ 0 ) AND cook . theme ( x _ 2 , Zoey )	elips_VPE_in_dist
736	Emma liked that Noah cooked the box and so did Elijah .	* box ( x _ 1 ) ; like . agent ( x _ 2 , Emma ) AND like . ccomp ( x _ 2, x _ 3 ) AND cook . agent ( x _ 3 , Noah ) AND cook . theme ( x _ 3 , x _ 1 ) AND like . agent ( x _ 4 , Elijah ) AND like . ccomp ( x _ 4, x _ 5 ) AND cook . agent ( x _ 5 , Noah ) AND cook . theme ( x _ 5 , x _ 1 )	elips_VPE_in_dist
737	The monkey hoped that the dog ate Julian and so did a donkey .	* monkey ( x _ 0 ) ; * dog ( x _ 3 ) ; donkey ( x _ 2 ) AND hope . agent ( x _ 4 , x _ 0 ) AND hope . ccomp ( x _ 4, x _ 5 ) AND eat . agent ( x _ 5 , x _ 3 ) AND eat . theme ( x _ 5 , Julian ) AND hope . agent ( x _ 6 , x _ 2 ) AND hope . ccomp ( x _ 6, x _ 7 ) AND eat . agent ( x _ 7 , x _ 3 ) AND eat . theme ( x _ 7 , Julian )	elips_VPE_in_dist
738	The lion respected that Carter liked John and so did the monkey .	* lion ( x _ 0 ) ; * monkey ( x _ 1 ) ; respect . agent ( x _ 2 , x _ 0 ) AND respect . ccomp ( x _ 2, x _ 3 ) AND like . agent ( x _ 3 , Carter ) AND like . theme ( x _ 3 , John ) AND respect . agent ( x _ 4 , x _ 1 ) AND respect . ccomp ( x _ 4, x _ 5 ) AND like . agent ( x _ 5 , Carter ) AND like . theme ( x _ 5 , John )	elips_VPE_in_dist
739	Liam nursed Penelope and so did Olivia .	nurse . agent ( x _ 0 , Liam ) AND nurse . theme ( x _ 0 , Penelope ) AND nurse . agent ( x _ 1 , Olivia ) AND nurse . theme ( x _ 1 , Penelope )	elips_VPE_in_dist
740	Emma liked the cake and so did William .	* cake ( x _ 1 ) ; like . agent ( x _ 2 , Emma ) AND like . theme ( x _ 2 , x _ 1 ) AND like . agent ( x _ 3 , William ) AND like . theme ( x _ 3 , x _ 1 )	elips_VPE_in_dist
741	Emma hoped that the girl loved a boy and so did David .	* girl ( x _ 2 ) ; boy ( x _ 3 ) AND hope . agent ( x _ 4 , Emma ) AND hope . ccomp ( x _ 4, x _ 5 ) AND love . agent ( x _ 5 , x _ 2 ) AND love . theme ( x _ 5 , x _ 3 ) AND hope . agent ( x _ 6 , David ) AND hope . ccomp ( x _ 6, x _ 7 ) AND love . agent ( x _ 7 , x _ 2 ) AND love . theme ( x _ 7 , x _ 3 )	elips_VPE_in_dist
742	The girl liked that Jackson loved Wyatt and so did Olivia .	* girl ( x _ 0 ) ; like . agent ( x _ 1 , x _ 0 ) AND like . ccomp ( x _ 1, x _ 2 ) AND love . agent ( x _ 2 , Jackson ) AND love . theme ( x _ 2 , Wyatt ) AND like . agent ( x _ 3 , Olivia ) AND like . ccomp ( x _ 3, x _ 4 ) AND love . agent ( x _ 4 , Jackson ) AND love . theme ( x _ 4 , Wyatt )	elips_VPE_in_dist
743	Liam proved that William nursed the cake and so did a doctor .	* cake ( x _ 2 ) ; doctor ( x _ 1 ) AND prove . agent ( x _ 3 , Liam ) AND prove . ccomp ( x _ 3, x _ 4 ) AND nurse . agent ( x _ 4 , William ) AND nurse . theme ( x _ 4 , x _ 2 ) AND prove . agent ( x _ 5 , x _ 1 ) AND prove . ccomp ( x _ 5, x _ 6 ) AND nurse . agent ( x _ 6 , William ) AND nurse . theme ( x _ 6 , x _ 2 )	elips_VPE_in_dist
744	Liam liked that the wolf ate Jack and so did the bear .	* wolf ( x _ 2 ) ; * bear ( x _ 1 ) ; like . agent ( x _ 3 , Liam ) AND like . ccomp ( x _ 3, x _ 4 ) AND eat . agent ( x _ 4 , x _ 2 ) AND eat . theme ( x _ 4 , Jack ) AND like . agent ( x _ 5 , x _ 1 ) AND like . ccomp ( x _ 5, x _ 6 ) AND eat . agent ( x _ 6 , x _ 2 ) AND eat . theme ( x _ 6 , Jack )	elips_VPE_in_dist
745	Liam painted Jayden and so did Benjamin .	paint . agent ( x _ 0 , Liam ) AND paint . theme ( x _ 0 , Jayden ) AND paint . agent ( x _ 1 , Benjamin ) AND paint . theme ( x _ 1 , Jayden )	elips_VPE_in_dist
746	The scientist liked the cake and so did Emma .	* scientist ( x _ 0 ) ; * cake ( x _ 2 ) ; like . agent ( x _ 3 , x _ 0 ) AND like . theme ( x _ 3 , x _ 2 ) AND like . agent ( x _ 4 , Emma ) AND like . theme ( x _ 4 , x _ 2 )	elips_VPE_in_dist
747	A baby dusted Penelope and so did Noah .	baby ( x _ 0 ) AND dust . agent ( x _ 1 , x _ 0 ) AND dust . theme ( x _ 1 , Penelope ) AND dust . agent ( x _ 2 , Noah ) AND dust . theme ( x _ 2 , Penelope )	elips_VPE_in_dist
748	Lucas hoped that Charlotte ate Penelope and so did David .	hope . agent ( x _ 0 , Lucas ) AND hope . ccomp ( x _ 0, x _ 1 ) AND eat . agent ( x _ 1 , Charlotte ) AND eat . theme ( x _ 1 , Penelope ) AND hope . agent ( x _ 2 , David ) AND hope . ccomp ( x _ 2, x _ 3 ) AND eat . agent ( x _ 3 , Charlotte ) AND eat . theme ( x _ 3 , Penelope )	elips_VPE_in_dist
749	Jack painted a baby and so did Emma .	baby ( x _ 1 ) AND paint . agent ( x _ 2 , Jack ) AND paint . theme ( x _ 2 , x _ 1 ) AND paint . agent ( x _ 3 , Emma ) AND paint . theme ( x _ 3 , x _ 1 )	elips_VPE_in_dist
750	Liam dusted the drink and so did Emma .	* drink ( x _ 1 ) ; dust . agent ( x _ 2 , Liam ) AND dust . theme ( x _ 2 , x _ 1 ) AND dust . agent ( x _ 3 , Emma ) AND dust . theme ( x _ 3 , x _ 1 )	elips_VPE_in_dist
751	The baby confessed that Liam painted a donut and so did Logan .	* baby ( x _ 0 ) ; donut ( x _ 2 ) AND confess . agent ( x _ 3 , x _ 0 ) AND confess . ccomp ( x _ 3, x _ 4 ) AND paint . agent ( x _ 4 , Liam ) AND paint . theme ( x _ 4 , x _ 2 ) AND confess . agent ( x _ 5 , Logan ) AND confess . ccomp ( x _ 5, x _ 6 ) AND paint . agent ( x _ 6 , Liam ) AND paint . theme ( x _ 6 , x _ 2 )	elips_VPE_in_dist
752	Emma ate Penelope and so did Christopher .	eat . agent ( x _ 0 , Emma ) AND eat . theme ( x _ 0 , Penelope ) AND eat . agent ( x _ 1 , Christopher ) AND eat . theme ( x _ 1 , Penelope )	elips_VPE_in_dist
753	Isabella helped Penelope and so did Emma .	help . agent ( x _ 0 , Isabella ) AND help . theme ( x _ 0 , Penelope ) AND help . agent ( x _ 1 , Emma ) AND help . theme ( x _ 1 , Penelope )	elips_VPE_in_dist
754	Natalie ate the biscuit and so did Olivia .	* biscuit ( x _ 1 ) ; eat . agent ( x _ 2 , Natalie ) AND eat . theme ( x _ 2 , x _ 1 ) AND eat . agent ( x _ 3 , Olivia ) AND eat . theme ( x _ 3 , x _ 1 )	elips_VPE_in_dist
755	A captain juggled the boy and so did the girl .	* boy ( x _ 3 ) ; * girl ( x _ 2 ) ; captain ( x _ 0 ) AND juggle . agent ( x _ 4 , x _ 0 ) AND juggle . theme ( x _ 4 , x _ 3 ) AND juggle . agent ( x _ 5 , x _ 2 ) AND juggle . theme ( x _ 5 , x _ 3 )	elips_VPE_in_dist
756	The child drew Jack and so did a mouse .	* child ( x _ 0 ) ; mouse ( x _ 1 ) AND draw . agent ( x _ 2 , x _ 0 ) AND draw . theme ( x _ 2 , Jack ) AND draw . agent ( x _ 3 , x _ 1 ) AND draw . theme ( x _ 3 , Jack )	elips_VPE_in_dist
757	The frog helped a cake and so did a girl .	* frog ( x _ 0 ) ; cake ( x _ 3 ) AND girl ( x _ 2 ) AND help . agent ( x _ 4 , x _ 0 ) AND help . theme ( x _ 4 , x _ 3 ) AND help . agent ( x _ 5 , x _ 2 ) AND help . theme ( x _ 5 , x _ 3 )	elips_VPE_in_dist
758	Oliver painted the cow and so did Emma .	* cow ( x _ 1 ) ; paint . agent ( x _ 2 , Oliver ) AND paint . theme ( x _ 2 , x _ 1 ) AND paint . agent ( x _ 3 , Emma ) AND paint . theme ( x _ 3 , x _ 1 )	elips_VPE_in_dist
759	Noah ate Penelope and so did Liam .	eat . agent ( x _ 0 , Noah ) AND eat . theme ( x _ 0 , Penelope ) AND eat . agent ( x _ 1 , Liam ) AND eat . theme ( x _ 1 , Penelope )	elips_VPE_in_dist
760	A boy ate the chalk and so did the frog .	* chalk ( x _ 3 ) ; * frog ( x _ 2 ) ; boy ( x _ 0 ) AND eat . agent ( x _ 4 , x _ 0 ) AND eat . theme ( x _ 4 , x _ 3 ) AND eat . agent ( x _ 5 , x _ 2 ) AND eat . theme ( x _ 5 , x _ 3 )	elips_VPE_in_dist
761	Emma liked that Mia ate the brain and so did Olivia .	* brain ( x _ 1 ) ; like . agent ( x _ 2 , Emma ) AND like . ccomp ( x _ 2, x _ 3 ) AND eat . agent ( x _ 3 , Mia ) AND eat . theme ( x _ 3 , x _ 1 ) AND like . agent ( x _ 4 , Olivia ) AND like . ccomp ( x _ 4, x _ 5 ) AND eat . agent ( x _ 5 , Mia ) AND eat . theme ( x _ 5 , x _ 1 )	elips_VPE_in_dist
762	Emma painted a cake and so did the girl .	* girl ( x _ 1 ) ; cake ( x _ 2 ) AND paint . agent ( x _ 3 , Emma ) AND paint . theme ( x _ 3 , x _ 2 ) AND paint . agent ( x _ 4 , x _ 1 ) AND paint . theme ( x _ 4 , x _ 2 )	elips_VPE_in_dist
763	A girl noticed that William sketched Wyatt and so did a duke .	girl ( x _ 0 ) AND duke ( x _ 1 ) AND notice . agent ( x _ 2 , x _ 0 ) AND notice . ccomp ( x _ 2, x _ 3 ) AND sketch . agent ( x _ 3 , William ) AND sketch . theme ( x _ 3 , Wyatt ) AND notice . agent ( x _ 4 , x _ 1 ) AND notice . ccomp ( x _ 4, x _ 5 ) AND sketch . agent ( x _ 5 , William ) AND sketch . theme ( x _ 5 , Wyatt )	elips_VPE_in_dist
764	Liam proved that the girl liked Layla and so did the boy .	* girl ( x _ 2 ) ; * boy ( x _ 1 ) ; prove . agent ( x _ 3 , Liam ) AND prove . ccomp ( x _ 3, x _ 4 ) AND like . agent ( x _ 4 , x _ 2 ) AND like . theme ( x _ 4 , Layla ) AND prove . agent ( x _ 5 , x _ 1 ) AND prove . ccomp ( x _ 5, x _ 6 ) AND like . agent ( x _ 6 , x _ 2 ) AND like . theme ( x _ 6 , Layla )	elips_VPE_in_dist
765	A professor confessed that Olivia sketched Penelope and so did a girl .	professor ( x _ 0 ) AND girl ( x _ 1 ) AND confess . agent ( x _ 2 , x _ 0 ) AND confess . ccomp ( x _ 2, x _ 3 ) AND sketch . agent ( x _ 3 , Olivia ) AND sketch . theme ( x _ 3 , Penelope ) AND confess . agent ( x _ 4 , x _ 1 ) AND confess . ccomp ( x _ 4, x _ 5 ) AND sketch . agent ( x _ 5 , Olivia ) AND sketch . theme ( x _ 5 , Penelope )	elips_VPE_in_dist
766	A girl hoped that the teacher found a boy and so did Emma .	* teacher ( x _ 3 ) ; girl ( x _ 0 ) AND boy ( x _ 4 ) AND hope . agent ( x _ 5 , x _ 0 ) AND hope . ccomp ( x _ 5, x _ 6 ) AND find . agent ( x _ 6 , x _ 3 ) AND find . theme ( x _ 6 , x _ 4 ) AND hope . agent ( x _ 7 , Emma ) AND hope . ccomp ( x _ 7, x _ 8 ) AND find . agent ( x _ 8 , x _ 3 ) AND find . theme ( x _ 8 , x _ 4 )	elips_VPE_in_dist
767	Emma liked that the baby ate the boy and so did Sophia .	* baby ( x _ 2 ) ; * boy ( x _ 3 ) ; like . agent ( x _ 4 , Emma ) AND like . ccomp ( x _ 4, x _ 5 ) AND eat . agent ( x _ 5 , x _ 2 ) AND eat . theme ( x _ 5 , x _ 3 ) AND like . agent ( x _ 6 , Sophia ) AND like . ccomp ( x _ 6, x _ 7 ) AND eat . agent ( x _ 7 , x _ 2 ) AND eat . theme ( x _ 7 , x _ 3 )	elips_VPE_in_dist
768	Nora hunted the donut and so did the girl .	* donut ( x _ 2 ) ; * girl ( x _ 1 ) ; hunt . agent ( x _ 3 , Nora ) AND hunt . theme ( x _ 3 , x _ 2 ) AND hunt . agent ( x _ 4 , x _ 1 ) AND hunt . theme ( x _ 4 , x _ 2 )	elips_VPE_in_dist
769	The girl liked Penelope and so did the frog .	* girl ( x _ 0 ) ; * frog ( x _ 1 ) ; like . agent ( x _ 2 , x _ 0 ) AND like . theme ( x _ 2 , Penelope ) AND like . agent ( x _ 3 , x _ 1 ) AND like . theme ( x _ 3 , Penelope )	elips_VPE_in_dist
770	The bird hunted a glue and so did Amelia .	* bird ( x _ 0 ) ; glue ( x _ 2 ) AND hunt . agent ( x _ 3 , x _ 0 ) AND hunt . theme ( x _ 3 , x _ 2 ) AND hunt . agent ( x _ 4 , Amelia ) AND hunt . theme ( x _ 4 , x _ 2 )	elips_VPE_in_dist
771	William valued that Olivia liked Layla and so did Emma .	value . agent ( x _ 0 , William ) AND value . ccomp ( x _ 0, x _ 1 ) AND like . agent ( x _ 1 , Olivia ) AND like . theme ( x _ 1 , Layla ) AND value . agent ( x _ 2 , Emma ) AND value . ccomp ( x _ 2, x _ 3 ) AND like . agent ( x _ 3 , Olivia ) AND like . theme ( x _ 3 , Layla )	elips_VPE_in_dist
772	Olivia liked that Mia helped Layla and so did Emma .	like . agent ( x _ 0 , Olivia ) AND like . ccomp ( x _ 0, x _ 1 ) AND help . agent ( x _ 1 , Mia ) AND help . theme ( x _ 1 , Layla ) AND like . agent ( x _ 2 , Emma ) AND like . ccomp ( x _ 2, x _ 3 ) AND help . agent ( x _ 3 , Mia ) AND help . theme ( x _ 3 , Layla )	elips_VPE_in_dist
773	The bird loved Penelope and so did the boy .	* bird ( x _ 0 ) ; * boy ( x _ 1 ) ; love . agent ( x _ 2 , x _ 0 ) AND love . theme ( x _ 2 , Penelope ) AND love . agent ( x _ 3 , x _ 1 ) AND love . theme ( x _ 3 , Penelope )	elips_VPE_in_dist
774	The teacher tolerated that the bird helped a cake and so did the professor .	* teacher ( x _ 0 ) ; * bird ( x _ 4 ) ; * professor ( x _ 3 ) ; cake ( x _ 5 ) AND tolerate . agent ( x _ 6 , x _ 0 ) AND tolerate . ccomp ( x _ 6, x _ 7 ) AND help . agent ( x _ 7 , x _ 4 ) AND help . theme ( x _ 7 , x _ 5 ) AND tolerate . agent ( x _ 8 , x _ 3 ) AND tolerate . ccomp ( x _ 8, x _ 9 ) AND help . agent ( x _ 9 , x _ 4 ) AND help . theme ( x _ 9 , x _ 5 )	elips_VPE_in_dist
775	A girl hoped that Olivia cleaned the donut and so did the bird .	* donut ( x _ 3 ) ; * bird ( x _ 2 ) ; girl ( x _ 0 ) AND hope . agent ( x _ 4 , x _ 0 ) AND hope . ccomp ( x _ 4, x _ 5 ) AND clean . agent ( x _ 5 , Olivia ) AND clean . theme ( x _ 5 , x _ 3 ) AND hope . agent ( x _ 6 , x _ 2 ) AND hope . ccomp ( x _ 6, x _ 7 ) AND clean . agent ( x _ 7 , Olivia ) AND clean . theme ( x _ 7 , x _ 3 )	elips_VPE_in_dist
776	Liam helped the boy and so did Emma .	* boy ( x _ 1 ) ; help . agent ( x _ 2 , Liam ) AND help . theme ( x _ 2 , x _ 1 ) AND help . agent ( x _ 3 , Emma ) AND help . theme ( x _ 3 , x _ 1 )	elips_VPE_in_dist
777	Emma confessed that the boy admired John and so did the chicken .	* boy ( x _ 2 ) ; * chicken ( x _ 1 ) ; confess . agent ( x _ 3 , Emma ) AND confess . ccomp ( x _ 3, x _ 4 ) AND admire . agent ( x _ 4 , x _ 2 ) AND admire . theme ( x _ 4 , John ) AND confess . agent ( x _ 5 , x _ 1 ) AND confess . ccomp ( x _ 5, x _ 6 ) AND admire . agent ( x _ 6 , x _ 2 ) AND admire . theme ( x _ 6 , John )	elips_VPE_in_dist
778	The girl liked the nail and so did Michael .	* girl ( x _ 0 ) ; * nail ( x _ 2 ) ; like . agent ( x _ 3 , x _ 0 ) AND like . theme ( x _ 3 , x _ 2 ) AND like . agent ( x _ 4 , Michael ) AND like . theme ( x _ 4 , x _ 2 )	elips_VPE_in_dist
779	The butterfly nursed the cookie and so did Emma .	* butterfly ( x _ 0 ) ; * cookie ( x _ 2 ) ; nurse . agent ( x _ 3 , x _ 0 ) AND nurse . theme ( x _ 3 , x _ 2 ) AND nurse . agent ( x _ 4 , Emma ) AND nurse . theme ( x _ 4 , x _ 2 )	elips_VPE_in_dist
780	A girl hoped that the horse found Penelope and so did a cat .	* horse ( x _ 3 ) ; girl ( x _ 0 ) AND cat ( x _ 2 ) AND hope . agent ( x _ 4 , x _ 0 ) AND hope . ccomp ( x _ 4, x _ 5 ) AND find . agent ( x _ 5 , x _ 3 ) AND find . theme ( x _ 5 , Penelope ) AND hope . agent ( x _ 6 , x _ 2 ) AND hope . ccomp ( x _ 6, x _ 7 ) AND find . agent ( x _ 7 , x _ 3 ) AND find . theme ( x _ 7 , Penelope )	elips_VPE_in_dist
781	A cat said that Luna hunted the girl and so did Emma .	* girl ( x _ 2 ) ; cat ( x _ 0 ) AND say . agent ( x _ 3 , x _ 0 ) AND say . ccomp ( x _ 3, x _ 4 ) AND hunt . agent ( x _ 4 , Luna ) AND hunt . theme ( x _ 4 , x _ 2 ) AND say . agent ( x _ 5 , Emma ) AND say . ccomp ( x _ 5, x _ 6 ) AND hunt . agent ( x _ 6 , Luna ) AND hunt . theme ( x _ 6 , x _ 2 )	elips_VPE_in_dist
782	Liam hoped that the deer dusted a boy and so did William .	* deer ( x _ 2 ) ; boy ( x _ 3 ) AND hope . agent ( x _ 4 , Liam ) AND hope . ccomp ( x _ 4, x _ 5 ) AND dust . agent ( x _ 5 , x _ 2 ) AND dust . theme ( x _ 5 , x _ 3 ) AND hope . agent ( x _ 6 , William ) AND hope . ccomp ( x _ 6, x _ 7 ) AND dust . agent ( x _ 7 , x _ 2 ) AND dust . theme ( x _ 7 , x _ 3 )	elips_VPE_in_dist
783	A landlord found the father and so did the girl .	* father ( x _ 3 ) ; * girl ( x _ 2 ) ; landlord ( x _ 0 ) AND find . agent ( x _ 4 , x _ 0 ) AND find . theme ( x _ 4 , x _ 3 ) AND find . agent ( x _ 5 , x _ 2 ) AND find . theme ( x _ 5 , x _ 3 )	elips_VPE_in_dist
784	The girl loved the book and so did Elizabeth .	* girl ( x _ 0 ) ; * book ( x _ 2 ) ; love . agent ( x _ 3 , x _ 0 ) AND love . theme ( x _ 3 , x _ 2 ) AND love . agent ( x _ 4 , Elizabeth ) AND love . theme ( x _ 4 , x _ 2 )	elips_VPE_in_dist
785	A mouse liked that the king found the boy and so did the girl .	* king ( x _ 4 ) ; * boy ( x _ 5 ) ; * girl ( x _ 3 ) ; mouse ( x _ 0 ) AND like . agent ( x _ 6 , x _ 0 ) AND like . ccomp ( x _ 6, x _ 7 ) AND find . agent ( x _ 7 , x _ 4 ) AND find . theme ( x _ 7 , x _ 5 ) AND like . agent ( x _ 8 , x _ 3 ) AND like . ccomp ( x _ 8, x _ 9 ) AND find . agent ( x _ 9 , x _ 4 ) AND find . theme ( x _ 9 , x _ 5 )	elips_VPE_in_dist
786	A boy cooked Penelope and so did the poet .	* poet ( x _ 1 ) ; boy ( x _ 0 ) AND cook . agent ( x _ 2 , x _ 0 ) AND cook . theme ( x _ 2 , Penelope ) AND cook . agent ( x _ 3 , x _ 1 ) AND cook . theme ( x _ 3 , Penelope )	elips_VPE_in_dist
787	A girl believed that a goose liked Penelope and so did the director .	* director ( x _ 2 ) ; girl ( x _ 0 ) AND goose ( x _ 3 ) AND believe . agent ( x _ 4 , x _ 0 ) AND believe . ccomp ( x _ 4, x _ 5 ) AND like . agent ( x _ 5 , x _ 3 ) AND like . theme ( x _ 5 , Penelope ) AND believe . agent ( x _ 6 , x _ 2 ) AND believe . ccomp ( x _ 6, x _ 7 ) AND like . agent ( x _ 7 , x _ 3 ) AND like . theme ( x _ 7 , Penelope )	elips_VPE_in_dist
788	Emma respected the spoon and so did a scientist .	* spoon ( x _ 2 ) ; scientist ( x _ 1 ) AND respect . agent ( x _ 3 , Emma ) AND respect . theme ( x _ 3 , x _ 2 ) AND respect . agent ( x _ 4 , x _ 1 ) AND respect . theme ( x _ 4 , x _ 2 )	elips_VPE_in_dist
789	A boy helped the monkey and so did Liam .	* monkey ( x _ 2 ) ; boy ( x _ 0 ) AND help . agent ( x _ 3 , x _ 0 ) AND help . theme ( x _ 3 , x _ 2 ) AND help . agent ( x _ 4 , Liam ) AND help . theme ( x _ 4 , x _ 2 )	elips_VPE_in_dist
790	The chicken painted Nora and so did Aurora .	* chicken ( x _ 0 ) ; paint . agent ( x _ 1 , x _ 0 ) AND paint . theme ( x _ 1 , Nora ) AND paint . agent ( x _ 2 , Aurora ) AND paint . theme ( x _ 2 , Nora )	elips_VPE_in_dist
791	The boy ate a cake and so did a cat .	* boy ( x _ 0 ) ; cake ( x _ 3 ) AND cat ( x _ 2 ) AND eat . agent ( x _ 4 , x _ 0 ) AND eat . theme ( x _ 4 , x _ 3 ) AND eat . agent ( x _ 5 , x _ 2 ) AND eat . theme ( x _ 5 , x _ 3 )	elips_VPE_in_dist
792	Emma liked the game and so did the chicken .	* game ( x _ 2 ) ; * chicken ( x _ 1 ) ; like . agent ( x _ 3 , Emma ) AND like . theme ( x _ 3 , x _ 2 ) AND like . agent ( x _ 4 , x _ 1 ) AND like . theme ( x _ 4 , x _ 2 )	elips_VPE_in_dist
793	Zoey admired a monkey and so did a girl .	monkey ( x _ 2 ) AND girl ( x _ 1 ) AND admire . agent ( x _ 3 , Zoey ) AND admire . theme ( x _ 3 , x _ 2 ) AND admire . agent ( x _ 4 , x _ 1 ) AND admire . theme ( x _ 4 , x _ 2 )	elips_VPE_in_dist
794	A girl appreciated that Emma juggled the baby and so did Benjamin .	* baby ( x _ 2 ) ; girl ( x _ 0 ) AND appreciate . agent ( x _ 3 , x _ 0 ) AND appreciate . ccomp ( x _ 3, x _ 4 ) AND juggle . agent ( x _ 4 , Emma ) AND juggle . theme ( x _ 4 , x _ 2 ) AND appreciate . agent ( x _ 5 , Benjamin ) AND appreciate . ccomp ( x _ 5, x _ 6 ) AND juggle . agent ( x _ 6 , Emma ) AND juggle . theme ( x _ 6 , x _ 2 )	elips_VPE_in_dist
795	The dog hoped that Charlotte appreciated Addison and so did Emma .	* dog ( x _ 0 ) ; hope . agent ( x _ 1 , x _ 0 ) AND hope . ccomp ( x _ 1, x _ 2 ) AND appreciate . agent ( x _ 2 , Charlotte ) AND appreciate . theme ( x _ 2 , Addison ) AND hope . agent ( x _ 3 , Emma ) AND hope . ccomp ( x _ 3, x _ 4 ) AND appreciate . agent ( x _ 4 , Charlotte ) AND appreciate . theme ( x _ 4 , Addison )	elips_VPE_in_dist
796	Ella ate the donut and so did Isabella .	* donut ( x _ 1 ) ; eat . agent ( x _ 2 , Ella ) AND eat . theme ( x _ 2 , x _ 1 ) AND eat . agent ( x _ 3 , Isabella ) AND eat . theme ( x _ 3 , x _ 1 )	elips_VPE_in_dist
797	A girl nursed Andrew and so did the frog .	* frog ( x _ 1 ) ; girl ( x _ 0 ) AND nurse . agent ( x _ 2 , x _ 0 ) AND nurse . theme ( x _ 2 , Andrew ) AND nurse . agent ( x _ 3 , x _ 1 ) AND nurse . theme ( x _ 3 , Andrew )	elips_VPE_in_dist
798	Olivia said that Camila found a cookie and so did the passenger .	* passenger ( x _ 1 ) ; cookie ( x _ 2 ) AND say . agent ( x _ 3 , Olivia ) AND say . ccomp ( x _ 3, x _ 4 ) AND find . agent ( x _ 4 , Camila ) AND find . theme ( x _ 4 , x _ 2 ) AND say . agent ( x _ 5 , x _ 1 ) AND say . ccomp ( x _ 5, x _ 6 ) AND find . agent ( x _ 6 , Camila ) AND find . theme ( x _ 6 , x _ 2 )	elips_VPE_in_dist
799	The baby helped the donut and so did Sophia .	* baby ( x _ 0 ) ; * donut ( x _ 2 ) ; help . agent ( x _ 3 , x _ 0 ) AND help . theme ( x _ 3 , x _ 2 ) AND help . agent ( x _ 4 , Sophia ) AND help . theme ( x _ 4 , x _ 2 )	elips_VPE_in_dist
