A girl cleaned Luke and so did the boy .	* boy ( x _ 1 ) ; girl ( x _ 0 ) AND clean . agent ( x _ 2 , x _ 0 ) AND clean . theme ( x _ 2 , Luke ) AND clean . agent ( x _ 3 , x _ 1 ) AND clean . theme ( x _ 3 , Luke )	elips_VPE_in_dist
The girl liked that a duck ate a dog and so did Abigail .	* girl ( x _ 0 ) ; duck ( x _ 3 ) AND dog ( x _ 4 ) AND like . agent ( x _ 5 , x _ 0 ) AND like . ccomp ( x _ 5, x _ 6 ) AND eat . agent ( x _ 6 , x _ 3 ) AND eat . theme ( x _ 6 , x _ 4 ) AND like . agent ( x _ 7 , Abigail ) AND like . ccomp ( x _ 7, x _ 8 ) AND eat . agent ( x _ 8 , x _ 3 ) AND eat . theme ( x _ 8 , x _ 4 )	elips_VPE_in_dist
Isabella hoped that the girl dusted a cake and so did Elijah .	* girl ( x _ 2 ) ; cake ( x _ 3 ) AND hope . agent ( x _ 4 , Isabella ) AND hope . ccomp ( x _ 4, x _ 5 ) AND dust . agent ( x _ 5 , x _ 2 ) AND dust . theme ( x _ 5 , x _ 3 ) AND hope . agent ( x _ 6 , Elijah ) AND hope . ccomp ( x _ 6, x _ 7 ) AND dust . agent ( x _ 7 , x _ 2 ) AND dust . theme ( x _ 7 , x _ 3 )	elips_VPE_in_dist
James loved Penelope and so did Emma .	love . agent ( x _ 0 , James ) AND love . theme ( x _ 0 , Penelope ) AND love . agent ( x _ 1 , Emma ) AND love . theme ( x _ 1 , Penelope )	elips_VPE_in_dist
Eleanor found the glue and so did William .	* glue ( x _ 1 ) ; find . agent ( x _ 2 , Eleanor ) AND find . theme ( x _ 2 , x _ 1 ) AND find . agent ( x _ 3 , William ) AND find . theme ( x _ 3 , x _ 1 )	elips_VPE_in_dist
Olivia ate Wyatt and so did Sebastian .	eat . agent ( x _ 0 , Olivia ) AND eat . theme ( x _ 0 , Wyatt ) AND eat . agent ( x _ 1 , Sebastian ) AND eat . theme ( x _ 1 , Wyatt )	elips_VPE_in_dist
Emma painted Penelope and so did Liam .	paint . agent ( x _ 0 , Emma ) AND paint . theme ( x _ 0 , Penelope ) AND paint . agent ( x _ 1 , Liam ) AND paint . theme ( x _ 1 , Penelope )	elips_VPE_in_dist
A dog painted a cake and so did Sophia .	dog ( x _ 0 ) AND cake ( x _ 2 ) AND paint . agent ( x _ 3 , x _ 0 ) AND paint . theme ( x _ 3 , x _ 2 ) AND paint . agent ( x _ 4 , Sophia ) AND paint . theme ( x _ 4 , x _ 2 )	elips_VPE_in_dist
The visitor appreciated that Asher liked Penelope and so did Isabella .	* visitor ( x _ 0 ) ; appreciate . agent ( x _ 1 , x _ 0 ) AND appreciate . ccomp ( x _ 1, x _ 2 ) AND like . agent ( x _ 2 , Asher ) AND like . theme ( x _ 2 , Penelope ) AND appreciate . agent ( x _ 3 , Isabella ) AND appreciate . ccomp ( x _ 3, x _ 4 ) AND like . agent ( x _ 4 , Asher ) AND like . theme ( x _ 4 , Penelope )	elips_VPE_in_dist
Emma found the chalk and so did the boy .	* chalk ( x _ 2 ) ; * boy ( x _ 1 ) ; find . agent ( x _ 3 , Emma ) AND find . theme ( x _ 3 , x _ 2 ) AND find . agent ( x _ 4 , x _ 1 ) AND find . theme ( x _ 4 , x _ 2 )	elips_VPE_in_dist
A zebra painted a donut and so did Liam .	zebra ( x _ 0 ) AND donut ( x _ 2 ) AND paint . agent ( x _ 3 , x _ 0 ) AND paint . theme ( x _ 3 , x _ 2 ) AND paint . agent ( x _ 4 , Liam ) AND paint . theme ( x _ 4 , x _ 2 )	elips_VPE_in_dist
A girl ate a customer and so did Scarlett .	girl ( x _ 0 ) AND customer ( x _ 2 ) AND eat . agent ( x _ 3 , x _ 0 ) AND eat . theme ( x _ 3 , x _ 2 ) AND eat . agent ( x _ 4 , Scarlett ) AND eat . theme ( x _ 4 , x _ 2 )	elips_VPE_in_dist
Joshua liked a cake and so did a frog .	cake ( x _ 2 ) AND frog ( x _ 1 ) AND like . agent ( x _ 3 , Joshua ) AND like . theme ( x _ 3 , x _ 2 ) AND like . agent ( x _ 4 , x _ 1 ) AND like . theme ( x _ 4 , x _ 2 )	elips_VPE_in_dist
Noah juggled a mirror and so did the teacher .	* teacher ( x _ 1 ) ; mirror ( x _ 2 ) AND juggle . agent ( x _ 3 , Noah ) AND juggle . theme ( x _ 3 , x _ 2 ) AND juggle . agent ( x _ 4 , x _ 1 ) AND juggle . theme ( x _ 4 , x _ 2 )	elips_VPE_in_dist
The cat drew Grayson and so did Michael .	* cat ( x _ 0 ) ; draw . agent ( x _ 1 , x _ 0 ) AND draw . theme ( x _ 1 , Grayson ) AND draw . agent ( x _ 2 , Michael ) AND draw . theme ( x _ 2 , Grayson )	elips_VPE_in_dist
Liam believed that Harper liked the child and so did the girl .	* child ( x _ 2 ) ; * girl ( x _ 1 ) ; believe . agent ( x _ 3 , Liam ) AND believe . ccomp ( x _ 3, x _ 4 ) AND like . agent ( x _ 4 , Harper ) AND like . theme ( x _ 4 , x _ 2 ) AND believe . agent ( x _ 5 , x _ 1 ) AND believe . ccomp ( x _ 5, x _ 6 ) AND like . agent ( x _ 6 , Harper ) AND like . theme ( x _ 6 , x _ 2 )	elips_VPE_in_dist
Hannah helped a cat and so did the girl .	* girl ( x _ 1 ) ; cat ( x _ 2 ) AND help . agent ( x _ 3 , Hannah ) AND help . theme ( x _ 3 , x _ 2 ) AND help . agent ( x _ 4 , x _ 1 ) AND help . theme ( x _ 4 , x _ 2 )	elips_VPE_in_dist
Mia meant that a passenger nursed a donut and so did William .	passenger ( x _ 2 ) AND donut ( x _ 3 ) AND mean . agent ( x _ 4 , Mia ) AND mean . ccomp ( x _ 4, x _ 5 ) AND nurse . agent ( x _ 5 , x _ 2 ) AND nurse . theme ( x _ 5 , x _ 3 ) AND mean . agent ( x _ 6 , William ) AND mean . ccomp ( x _ 6, x _ 7 ) AND nurse . agent ( x _ 7 , x _ 2 ) AND nurse . theme ( x _ 7 , x _ 3 )	elips_VPE_in_dist
Noah hunted Wyatt and so did the puppy .	* puppy ( x _ 0 ) ; hunt . agent ( x _ 1 , Noah ) AND hunt . theme ( x _ 1 , Wyatt ) AND hunt . agent ( x _ 2 , x _ 0 ) AND hunt . theme ( x _ 2 , Wyatt )	elips_VPE_in_dist
A boy painted a cookie and so did the prisoner .	* prisoner ( x _ 2 ) ; boy ( x _ 0 ) AND cookie ( x _ 3 ) AND paint . agent ( x _ 4 , x _ 0 ) AND paint . theme ( x _ 4 , x _ 3 ) AND paint . agent ( x _ 5 , x _ 2 ) AND paint . theme ( x _ 5 , x _ 3 )	elips_VPE_in_dist
Emma liked the game and so did the chicken .	* game ( x _ 2 ) ; * chicken ( x _ 1 ) ; like . agent ( x _ 3 , Emma ) AND like . theme ( x _ 3 , x _ 2 ) AND like . agent ( x _ 4 , x _ 1 ) AND like . theme ( x _ 4 , x _ 2 )	elips_VPE_in_dist
A professor confessed that Olivia sketched Penelope and so did a girl .	professor ( x _ 0 ) AND girl ( x _ 1 ) AND confess . agent ( x _ 2 , x _ 0 ) AND confess . ccomp ( x _ 2, x _ 3 ) AND sketch . agent ( x _ 3 , Olivia ) AND sketch . theme ( x _ 3 , Penelope ) AND confess . agent ( x _ 4 , x _ 1 ) AND confess . ccomp ( x _ 4, x _ 5 ) AND sketch . agent ( x _ 5 , Olivia ) AND sketch . theme ( x _ 5 , Penelope )	elips_VPE_in_dist
Sophia found a balloon and so did Henry .	balloon ( x _ 1 ) AND find . agent ( x _ 2 , Sophia ) AND find . theme ( x _ 2 , x _ 1 ) AND find . agent ( x _ 3 , Henry ) AND find . theme ( x _ 3 , x _ 1 )	elips_VPE_in_dist
Emma liked that a baby painted the cake and so did Ava .	* cake ( x _ 3 ) ; baby ( x _ 2 ) AND like . agent ( x _ 4 , Emma ) AND like . ccomp ( x _ 4, x _ 5 ) AND paint . agent ( x _ 5 , x _ 2 ) AND paint . theme ( x _ 5 , x _ 3 ) AND like . agent ( x _ 6 , Ava ) AND like . ccomp ( x _ 6, x _ 7 ) AND paint . agent ( x _ 7 , x _ 2 ) AND paint . theme ( x _ 7 , x _ 3 )	elips_VPE_in_dist
Isabella confessed that Emma found the glue and so did a child .	* glue ( x _ 2 ) ; child ( x _ 1 ) AND confess . agent ( x _ 3 , Isabella ) AND confess . ccomp ( x _ 3, x _ 4 ) AND find . agent ( x _ 4 , Emma ) AND find . theme ( x _ 4 , x _ 2 ) AND confess . agent ( x _ 5 , x _ 1 ) AND confess . ccomp ( x _ 5, x _ 6 ) AND find . agent ( x _ 6 , Emma ) AND find . theme ( x _ 6 , x _ 2 )	elips_VPE_in_dist
A girl believed that the cat dusted the crayon and so did the dog .	* cat ( x _ 4 ) ; * crayon ( x _ 5 ) ; * dog ( x _ 3 ) ; girl ( x _ 0 ) AND believe . agent ( x _ 6 , x _ 0 ) AND believe . ccomp ( x _ 6, x _ 7 ) AND dust . agent ( x _ 7 , x _ 4 ) AND dust . theme ( x _ 7 , x _ 5 ) AND believe . agent ( x _ 8 , x _ 3 ) AND believe . ccomp ( x _ 8, x _ 9 ) AND dust . agent ( x _ 9 , x _ 4 ) AND dust . theme ( x _ 9 , x _ 5 )	elips_VPE_in_dist
A boy found the cake and so did Emma .	* cake ( x _ 2 ) ; boy ( x _ 0 ) AND find . agent ( x _ 3 , x _ 0 ) AND find . theme ( x _ 3 , x _ 2 ) AND find . agent ( x _ 4 , Emma ) AND find . theme ( x _ 4 , x _ 2 )	elips_VPE_in_dist
Emma missed a cat and so did a lion .	cat ( x _ 2 ) AND lion ( x _ 1 ) AND miss . agent ( x _ 3 , Emma ) AND miss . theme ( x _ 3 , x _ 2 ) AND miss . agent ( x _ 4 , x _ 1 ) AND miss . theme ( x _ 4 , x _ 2 )	elips_VPE_in_dist
The frog admired that Logan missed the gumball and so did Lucas .	* frog ( x _ 0 ) ; * gumball ( x _ 2 ) ; admire . agent ( x _ 3 , x _ 0 ) AND admire . ccomp ( x _ 3, x _ 4 ) AND miss . agent ( x _ 4 , Logan ) AND miss . theme ( x _ 4 , x _ 2 ) AND admire . agent ( x _ 5 , Lucas ) AND admire . ccomp ( x _ 5, x _ 6 ) AND miss . agent ( x _ 6 , Logan ) AND miss . theme ( x _ 6 , x _ 2 )	elips_VPE_in_dist
The girl cooked a cake and so did the baby .	* girl ( x _ 0 ) ; * baby ( x _ 2 ) ; cake ( x _ 3 ) AND cook . agent ( x _ 4 , x _ 0 ) AND cook . theme ( x _ 4 , x _ 3 ) AND cook . agent ( x _ 5 , x _ 2 ) AND cook . theme ( x _ 5 , x _ 3 )	elips_VPE_in_dist
Emma poked the donut and so did the monkey .	* donut ( x _ 2 ) ; * monkey ( x _ 1 ) ; poke . agent ( x _ 3 , Emma ) AND poke . theme ( x _ 3 , x _ 2 ) AND poke . agent ( x _ 4 , x _ 1 ) AND poke . theme ( x _ 4 , x _ 2 )	elips_VPE_in_dist
Michael ate the cookie and so did Chloe .	* cookie ( x _ 1 ) ; eat . agent ( x _ 2 , Michael ) AND eat . theme ( x _ 2 , x _ 1 ) AND eat . agent ( x _ 3 , Chloe ) AND eat . theme ( x _ 3 , x _ 1 )	elips_VPE_in_dist
James declared that Liam drew a cake and so did the girl .	* girl ( x _ 1 ) ; cake ( x _ 2 ) AND declare . agent ( x _ 3 , James ) AND declare . ccomp ( x _ 3, x _ 4 ) AND draw . agent ( x _ 4 , Liam ) AND draw . theme ( x _ 4 , x _ 2 ) AND declare . agent ( x _ 5 , x _ 1 ) AND declare . ccomp ( x _ 5, x _ 6 ) AND draw . agent ( x _ 6 , Liam ) AND draw . theme ( x _ 6 , x _ 2 )	elips_VPE_in_dist
A boy meant that Noah liked Penelope and so did a girl .	boy ( x _ 0 ) AND girl ( x _ 1 ) AND mean . agent ( x _ 2 , x _ 0 ) AND mean . ccomp ( x _ 2, x _ 3 ) AND like . agent ( x _ 3 , Noah ) AND like . theme ( x _ 3 , Penelope ) AND mean . agent ( x _ 4 , x _ 1 ) AND mean . ccomp ( x _ 4, x _ 5 ) AND like . agent ( x _ 5 , Noah ) AND like . theme ( x _ 5 , Penelope )	elips_VPE_in_dist
The baby ate the crocodile and so did the poet .	* baby ( x _ 0 ) ; * crocodile ( x _ 3 ) ; * poet ( x _ 2 ) ; eat . agent ( x _ 4 , x _ 0 ) AND eat . theme ( x _ 4 , x _ 3 ) AND eat . agent ( x _ 5 , x _ 2 ) AND eat . theme ( x _ 5 , x _ 3 )	elips_VPE_in_dist
Emma liked the girl and so did a lawyer .	* girl ( x _ 2 ) ; lawyer ( x _ 1 ) AND like . agent ( x _ 3 , Emma ) AND like . theme ( x _ 3 , x _ 2 ) AND like . agent ( x _ 4 , x _ 1 ) AND like . theme ( x _ 4 , x _ 2 )	elips_VPE_in_dist
The girl adored the cake and so did Emma .	* girl ( x _ 0 ) ; * cake ( x _ 2 ) ; adore . agent ( x _ 3 , x _ 0 ) AND adore . theme ( x _ 3 , x _ 2 ) AND adore . agent ( x _ 4 , Emma ) AND adore . theme ( x _ 4 , x _ 2 )	elips_VPE_in_dist
The consumer painted a scientist and so did Jackson .	* consumer ( x _ 0 ) ; scientist ( x _ 2 ) AND paint . agent ( x _ 3 , x _ 0 ) AND paint . theme ( x _ 3 , x _ 2 ) AND paint . agent ( x _ 4 , Jackson ) AND paint . theme ( x _ 4 , x _ 2 )	elips_VPE_in_dist
Emma sketched Lillian and so did a bee .	bee ( x _ 0 ) AND sketch . agent ( x _ 1 , Emma ) AND sketch . theme ( x _ 1 , Lillian ) AND sketch . agent ( x _ 2 , x _ 0 ) AND sketch . theme ( x _ 2 , Lillian )	elips_VPE_in_dist
A girl juggled Penelope and so did Skylar .	girl ( x _ 0 ) AND juggle . agent ( x _ 1 , x _ 0 ) AND juggle . theme ( x _ 1 , Penelope ) AND juggle . agent ( x _ 2 , Skylar ) AND juggle . theme ( x _ 2 , Penelope )	elips_VPE_in_dist
Olivia proved that Isabella liked a boy and so did Liam .	boy ( x _ 1 ) AND prove . agent ( x _ 2 , Olivia ) AND prove . ccomp ( x _ 2, x _ 3 ) AND like . agent ( x _ 3 , Isabella ) AND like . theme ( x _ 3 , x _ 1 ) AND prove . agent ( x _ 4 , Liam ) AND prove . ccomp ( x _ 4, x _ 5 ) AND like . agent ( x _ 5 , Isabella ) AND like . theme ( x _ 5 , x _ 1 )	elips_VPE_in_dist
The wolf ate a nail and so did a girl .	* wolf ( x _ 0 ) ; nail ( x _ 3 ) AND girl ( x _ 2 ) AND eat . agent ( x _ 4 , x _ 0 ) AND eat . theme ( x _ 4 , x _ 3 ) AND eat . agent ( x _ 5 , x _ 2 ) AND eat . theme ( x _ 5 , x _ 3 )	elips_VPE_in_dist
The cat helped a cup and so did a girl .	* cat ( x _ 0 ) ; cup ( x _ 3 ) AND girl ( x _ 2 ) AND help . agent ( x _ 4 , x _ 0 ) AND help . theme ( x _ 4 , x _ 3 ) AND help . agent ( x _ 5 , x _ 2 ) AND help . theme ( x _ 5 , x _ 3 )	elips_VPE_in_dist
Liam liked a guitar and so did a girl .	guitar ( x _ 2 ) AND girl ( x _ 1 ) AND like . agent ( x _ 3 , Liam ) AND like . theme ( x _ 3 , x _ 2 ) AND like . agent ( x _ 4 , x _ 1 ) AND like . theme ( x _ 4 , x _ 2 )	elips_VPE_in_dist
A girl helped a donut and so did Olivia .	girl ( x _ 0 ) AND donut ( x _ 2 ) AND help . agent ( x _ 3 , x _ 0 ) AND help . theme ( x _ 3 , x _ 2 ) AND help . agent ( x _ 4 , Olivia ) AND help . theme ( x _ 4 , x _ 2 )	elips_VPE_in_dist
Liam appreciated Wyatt and so did a sailor .	sailor ( x _ 0 ) AND appreciate . agent ( x _ 1 , Liam ) AND appreciate . theme ( x _ 1 , Wyatt ) AND appreciate . agent ( x _ 2 , x _ 0 ) AND appreciate . theme ( x _ 2 , Wyatt )	elips_VPE_in_dist
A duck ate a cake and so did Liam .	duck ( x _ 0 ) AND cake ( x _ 2 ) AND eat . agent ( x _ 3 , x _ 0 ) AND eat . theme ( x _ 3 , x _ 2 ) AND eat . agent ( x _ 4 , Liam ) AND eat . theme ( x _ 4 , x _ 2 )	elips_VPE_in_dist
Emma hunted the boy and so did Olivia .	* boy ( x _ 1 ) ; hunt . agent ( x _ 2 , Emma ) AND hunt . theme ( x _ 2 , x _ 1 ) AND hunt . agent ( x _ 3 , Olivia ) AND hunt . theme ( x _ 3 , x _ 1 )	elips_VPE_in_dist
The cow hoped that Mia helped Penelope and so did a professor .	* cow ( x _ 0 ) ; professor ( x _ 1 ) AND hope . agent ( x _ 2 , x _ 0 ) AND hope . ccomp ( x _ 2, x _ 3 ) AND help . agent ( x _ 3 , Mia ) AND help . theme ( x _ 3 , Penelope ) AND hope . agent ( x _ 4 , x _ 1 ) AND hope . ccomp ( x _ 4, x _ 5 ) AND help . agent ( x _ 5 , Mia ) AND help . theme ( x _ 5 , Penelope )	elips_VPE_in_dist
A bird ate a jigsaw and so did Olivia .	bird ( x _ 0 ) AND jigsaw ( x _ 2 ) AND eat . agent ( x _ 3 , x _ 0 ) AND eat . theme ( x _ 3 , x _ 2 ) AND eat . agent ( x _ 4 , Olivia ) AND eat . theme ( x _ 4 , x _ 2 )	elips_VPE_in_dist
Emma nursed a cookie and so did Alexander .	cookie ( x _ 1 ) AND nurse . agent ( x _ 2 , Emma ) AND nurse . theme ( x _ 2 , x _ 1 ) AND nurse . agent ( x _ 3 , Alexander ) AND nurse . theme ( x _ 3 , x _ 1 )	elips_VPE_in_dist
A teacher liked the box and so did Emma .	* box ( x _ 2 ) ; teacher ( x _ 0 ) AND like . agent ( x _ 3 , x _ 0 ) AND like . theme ( x _ 3 , x _ 2 ) AND like . agent ( x _ 4 , Emma ) AND like . theme ( x _ 4 , x _ 2 )	elips_VPE_in_dist
Emma liked the jigsaw and so did a cat .	* jigsaw ( x _ 2 ) ; cat ( x _ 1 ) AND like . agent ( x _ 3 , Emma ) AND like . theme ( x _ 3 , x _ 2 ) AND like . agent ( x _ 4 , x _ 1 ) AND like . theme ( x _ 4 , x _ 2 )	elips_VPE_in_dist
A researcher noticed that the boy ate the cake and so did Noah .	* boy ( x _ 3 ) ; * cake ( x _ 4 ) ; researcher ( x _ 0 ) AND notice . agent ( x _ 5 , x _ 0 ) AND notice . ccomp ( x _ 5, x _ 6 ) AND eat . agent ( x _ 6 , x _ 3 ) AND eat . theme ( x _ 6 , x _ 4 ) AND notice . agent ( x _ 7 , Noah ) AND notice . ccomp ( x _ 7, x _ 8 ) AND eat . agent ( x _ 8 , x _ 3 ) AND eat . theme ( x _ 8 , x _ 4 )	elips_VPE_in_dist
Emma expected that the baby liked a teacher and so did a captain .	* baby ( x _ 3 ) ; teacher ( x _ 4 ) AND captain ( x _ 2 ) AND expect . agent ( x _ 5 , Emma ) AND expect . ccomp ( x _ 5, x _ 6 ) AND like . agent ( x _ 6 , x _ 3 ) AND like . theme ( x _ 6 , x _ 4 ) AND expect . agent ( x _ 7 , x _ 2 ) AND expect . ccomp ( x _ 7, x _ 8 ) AND like . agent ( x _ 8 , x _ 3 ) AND like . theme ( x _ 8 , x _ 4 )	elips_VPE_in_dist
The baby ate the sailor and so did the girl .	* baby ( x _ 0 ) ; * sailor ( x _ 3 ) ; * girl ( x _ 2 ) ; eat . agent ( x _ 4 , x _ 0 ) AND eat . theme ( x _ 4 , x _ 3 ) AND eat . agent ( x _ 5 , x _ 2 ) AND eat . theme ( x _ 5 , x _ 3 )	elips_VPE_in_dist
Logan ate the girl and so did James .	* girl ( x _ 1 ) ; eat . agent ( x _ 2 , Logan ) AND eat . theme ( x _ 2 , x _ 1 ) AND eat . agent ( x _ 3 , James ) AND eat . theme ( x _ 3 , x _ 1 )	elips_VPE_in_dist
Noah painted a block and so did the girl .	* girl ( x _ 1 ) ; block ( x _ 2 ) AND paint . agent ( x _ 3 , Noah ) AND paint . theme ( x _ 3 , x _ 2 ) AND paint . agent ( x _ 4 , x _ 1 ) AND paint . theme ( x _ 4 , x _ 2 )	elips_VPE_in_dist
Noah ate Penelope and so did Liam .	eat . agent ( x _ 0 , Noah ) AND eat . theme ( x _ 0 , Penelope ) AND eat . agent ( x _ 1 , Liam ) AND eat . theme ( x _ 1 , Penelope )	elips_VPE_in_dist
The girl ate the gumball and so did a goose .	* girl ( x _ 0 ) ; * gumball ( x _ 3 ) ; goose ( x _ 2 ) AND eat . agent ( x _ 4 , x _ 0 ) AND eat . theme ( x _ 4 , x _ 3 ) AND eat . agent ( x _ 5 , x _ 2 ) AND eat . theme ( x _ 5 , x _ 3 )	elips_VPE_in_dist
Ava admired the cake and so did John .	* cake ( x _ 1 ) ; admire . agent ( x _ 2 , Ava ) AND admire . theme ( x _ 2 , x _ 1 ) AND admire . agent ( x _ 3 , John ) AND admire . theme ( x _ 3 , x _ 1 )	elips_VPE_in_dist
The frog ate a box and so did a child .	* frog ( x _ 0 ) ; box ( x _ 3 ) AND child ( x _ 2 ) AND eat . agent ( x _ 4 , x _ 0 ) AND eat . theme ( x _ 4 , x _ 3 ) AND eat . agent ( x _ 5 , x _ 2 ) AND eat . theme ( x _ 5 , x _ 3 )	elips_VPE_in_dist
The governor juggled a donut and so did a cat .	* governor ( x _ 0 ) ; donut ( x _ 3 ) AND cat ( x _ 2 ) AND juggle . agent ( x _ 4 , x _ 0 ) AND juggle . theme ( x _ 4 , x _ 3 ) AND juggle . agent ( x _ 5 , x _ 2 ) AND juggle . theme ( x _ 5 , x _ 3 )	elips_VPE_in_dist
A girl drew a child and so did the priest .	* priest ( x _ 2 ) ; girl ( x _ 0 ) AND child ( x _ 3 ) AND draw . agent ( x _ 4 , x _ 0 ) AND draw . theme ( x _ 4 , x _ 3 ) AND draw . agent ( x _ 5 , x _ 2 ) AND draw . theme ( x _ 5 , x _ 3 )	elips_VPE_in_dist
A lion liked that Jaxon liked Layla and so did a monster .	lion ( x _ 0 ) AND monster ( x _ 1 ) AND like . agent ( x _ 2 , x _ 0 ) AND like . ccomp ( x _ 2, x _ 3 ) AND like . agent ( x _ 3 , Jaxon ) AND like . theme ( x _ 3 , Layla ) AND like . agent ( x _ 4 , x _ 1 ) AND like . ccomp ( x _ 4, x _ 5 ) AND like . agent ( x _ 5 , Jaxon ) AND like . theme ( x _ 5 , Layla )	elips_VPE_in_dist
The girl cooked the donut and so did a mother .	* girl ( x _ 0 ) ; * donut ( x _ 3 ) ; mother ( x _ 2 ) AND cook . agent ( x _ 4 , x _ 0 ) AND cook . theme ( x _ 4 , x _ 3 ) AND cook . agent ( x _ 5 , x _ 2 ) AND cook . theme ( x _ 5 , x _ 3 )	elips_VPE_in_dist
Elizabeth liked a pillow and so did Noah .	pillow ( x _ 1 ) AND like . agent ( x _ 2 , Elizabeth ) AND like . theme ( x _ 2 , x _ 1 ) AND like . agent ( x _ 3 , Noah ) AND like . theme ( x _ 3 , x _ 1 )	elips_VPE_in_dist
A dog hoped that Elijah painted John and so did a girl .	dog ( x _ 0 ) AND girl ( x _ 1 ) AND hope . agent ( x _ 2 , x _ 0 ) AND hope . ccomp ( x _ 2, x _ 3 ) AND paint . agent ( x _ 3 , Elijah ) AND paint . theme ( x _ 3 , John ) AND hope . agent ( x _ 4 , x _ 1 ) AND hope . ccomp ( x _ 4, x _ 5 ) AND paint . agent ( x _ 5 , Elijah ) AND paint . theme ( x _ 5 , John )	elips_VPE_in_dist
A bear ate John and so did a girl .	bear ( x _ 0 ) AND girl ( x _ 1 ) AND eat . agent ( x _ 2 , x _ 0 ) AND eat . theme ( x _ 2 , John ) AND eat . agent ( x _ 3 , x _ 1 ) AND eat . theme ( x _ 3 , John )	elips_VPE_in_dist
Emma supported that Jackson found the cake and so did a girl .	* cake ( x _ 2 ) ; girl ( x _ 1 ) AND support . agent ( x _ 3 , Emma ) AND support . ccomp ( x _ 3, x _ 4 ) AND find . agent ( x _ 4 , Jackson ) AND find . theme ( x _ 4 , x _ 2 ) AND support . agent ( x _ 5 , x _ 1 ) AND support . ccomp ( x _ 5, x _ 6 ) AND find . agent ( x _ 6 , Jackson ) AND find . theme ( x _ 6 , x _ 2 )	elips_VPE_in_dist
Elijah drew Nora and so did a girl .	girl ( x _ 0 ) AND draw . agent ( x _ 1 , Elijah ) AND draw . theme ( x _ 1 , Nora ) AND draw . agent ( x _ 2 , x _ 0 ) AND draw . theme ( x _ 2 , Nora )	elips_VPE_in_dist
A girl appreciated that Emma juggled the baby and so did Benjamin .	* baby ( x _ 2 ) ; girl ( x _ 0 ) AND appreciate . agent ( x _ 3 , x _ 0 ) AND appreciate . ccomp ( x _ 3, x _ 4 ) AND juggle . agent ( x _ 4 , Emma ) AND juggle . theme ( x _ 4 , x _ 2 ) AND appreciate . agent ( x _ 5 , Benjamin ) AND appreciate . ccomp ( x _ 5, x _ 6 ) AND juggle . agent ( x _ 6 , Emma ) AND juggle . theme ( x _ 6 , x _ 2 )	elips_VPE_in_dist
Emma sketched the cake and so did the cat .	* cake ( x _ 2 ) ; * cat ( x _ 1 ) ; sketch . agent ( x _ 3 , Emma ) AND sketch . theme ( x _ 3 , x _ 2 ) AND sketch . agent ( x _ 4 , x _ 1 ) AND sketch . theme ( x _ 4 , x _ 2 )	elips_VPE_in_dist
A boy juggled a customer and so did the monkey .	* monkey ( x _ 2 ) ; boy ( x _ 0 ) AND customer ( x _ 3 ) AND juggle . agent ( x _ 4 , x _ 0 ) AND juggle . theme ( x _ 4 , x _ 3 ) AND juggle . agent ( x _ 5 , x _ 2 ) AND juggle . theme ( x _ 5 , x _ 3 )	elips_VPE_in_dist
Charlotte painted the raisin and so did Oliver .	* raisin ( x _ 1 ) ; paint . agent ( x _ 2 , Charlotte ) AND paint . theme ( x _ 2 , x _ 1 ) AND paint . agent ( x _ 3 , Oliver ) AND paint . theme ( x _ 3 , x _ 1 )	elips_VPE_in_dist
Skylar liked a cloud and so did Emma .	cloud ( x _ 1 ) AND like . agent ( x _ 2 , Skylar ) AND like . theme ( x _ 2 , x _ 1 ) AND like . agent ( x _ 3 , Emma ) AND like . theme ( x _ 3 , x _ 1 )	elips_VPE_in_dist
The baby cleaned a mirror and so did a girl .	* baby ( x _ 0 ) ; mirror ( x _ 3 ) AND girl ( x _ 2 ) AND clean . agent ( x _ 4 , x _ 0 ) AND clean . theme ( x _ 4 , x _ 3 ) AND clean . agent ( x _ 5 , x _ 2 ) AND clean . theme ( x _ 5 , x _ 3 )	elips_VPE_in_dist
A girl believed that a monster painted a queen and so did Lucas .	girl ( x _ 0 ) AND monster ( x _ 3 ) AND queen ( x _ 4 ) AND believe . agent ( x _ 5 , x _ 0 ) AND believe . ccomp ( x _ 5, x _ 6 ) AND paint . agent ( x _ 6 , x _ 3 ) AND paint . theme ( x _ 6 , x _ 4 ) AND believe . agent ( x _ 7 , Lucas ) AND believe . ccomp ( x _ 7, x _ 8 ) AND paint . agent ( x _ 8 , x _ 3 ) AND paint . theme ( x _ 8 , x _ 4 )	elips_VPE_in_dist
A bear helped the cake and so did the girl .	* cake ( x _ 3 ) ; * girl ( x _ 2 ) ; bear ( x _ 0 ) AND help . agent ( x _ 4 , x _ 0 ) AND help . theme ( x _ 4 , x _ 3 ) AND help . agent ( x _ 5 , x _ 2 ) AND help . theme ( x _ 5 , x _ 3 )	elips_VPE_in_dist
The girl nursed a pencil and so did the dog .	* girl ( x _ 0 ) ; * dog ( x _ 2 ) ; pencil ( x _ 3 ) AND nurse . agent ( x _ 4 , x _ 0 ) AND nurse . theme ( x _ 4 , x _ 3 ) AND nurse . agent ( x _ 5 , x _ 2 ) AND nurse . theme ( x _ 5 , x _ 3 )	elips_VPE_in_dist
A king painted a pickle and so did Liam .	king ( x _ 0 ) AND pickle ( x _ 2 ) AND paint . agent ( x _ 3 , x _ 0 ) AND paint . theme ( x _ 3 , x _ 2 ) AND paint . agent ( x _ 4 , Liam ) AND paint . theme ( x _ 4 , x _ 2 )	elips_VPE_in_dist
Liam liked a cake and so did Emma .	cake ( x _ 1 ) AND like . agent ( x _ 2 , Liam ) AND like . theme ( x _ 2 , x _ 1 ) AND like . agent ( x _ 3 , Emma ) AND like . theme ( x _ 3 , x _ 1 )	elips_VPE_in_dist
A dog liked that Thomas painted Luke and so did Sofia .	dog ( x _ 0 ) AND like . agent ( x _ 1 , x _ 0 ) AND like . ccomp ( x _ 1, x _ 2 ) AND paint . agent ( x _ 2 , Thomas ) AND paint . theme ( x _ 2 , Luke ) AND like . agent ( x _ 3 , Sofia ) AND like . ccomp ( x _ 3, x _ 4 ) AND paint . agent ( x _ 4 , Thomas ) AND paint . theme ( x _ 4 , Luke )	elips_VPE_in_dist
Liam missed Zoey and so did the bear .	* bear ( x _ 0 ) ; miss . agent ( x _ 1 , Liam ) AND miss . theme ( x _ 1 , Zoey ) AND miss . agent ( x _ 2 , x _ 0 ) AND miss . theme ( x _ 2 , Zoey )	elips_VPE_in_dist
Liam liked that the patient cleaned the cake and so did Logan .	* patient ( x _ 2 ) ; * cake ( x _ 3 ) ; like . agent ( x _ 4 , Liam ) AND like . ccomp ( x _ 4, x _ 5 ) AND clean . agent ( x _ 5 , x _ 2 ) AND clean . theme ( x _ 5 , x _ 3 ) AND like . agent ( x _ 6 , Logan ) AND like . ccomp ( x _ 6, x _ 7 ) AND clean . agent ( x _ 7 , x _ 2 ) AND clean . theme ( x _ 7 , x _ 3 )	elips_VPE_in_dist
The king liked that Emma helped the girl and so did the dog .	* king ( x _ 0 ) ; * girl ( x _ 3 ) ; * dog ( x _ 2 ) ; like . agent ( x _ 4 , x _ 0 ) AND like . ccomp ( x _ 4, x _ 5 ) AND help . agent ( x _ 5 , Emma ) AND help . theme ( x _ 5 , x _ 3 ) AND like . agent ( x _ 6 , x _ 2 ) AND like . ccomp ( x _ 6, x _ 7 ) AND help . agent ( x _ 7 , Emma ) AND help . theme ( x _ 7 , x _ 3 )	elips_VPE_in_dist
Julian adored Isaac and so did Emma .	adore . agent ( x _ 0 , Julian ) AND adore . theme ( x _ 0 , Isaac ) AND adore . agent ( x _ 1 , Emma ) AND adore . theme ( x _ 1 , Isaac )	elips_VPE_in_dist
A mouse liked that the king found the boy and so did the girl .	* king ( x _ 4 ) ; * boy ( x _ 5 ) ; * girl ( x _ 3 ) ; mouse ( x _ 0 ) AND like . agent ( x _ 6 , x _ 0 ) AND like . ccomp ( x _ 6, x _ 7 ) AND find . agent ( x _ 7 , x _ 4 ) AND find . theme ( x _ 7 , x _ 5 ) AND like . agent ( x _ 8 , x _ 3 ) AND like . ccomp ( x _ 8, x _ 9 ) AND find . agent ( x _ 9 , x _ 4 ) AND find . theme ( x _ 9 , x _ 5 )	elips_VPE_in_dist
The princess dreamed that Emma dusted a cake and so did the cat .	* princess ( x _ 0 ) ; * cat ( x _ 2 ) ; cake ( x _ 3 ) AND dream . agent ( x _ 4 , x _ 0 ) AND dream . ccomp ( x _ 4, x _ 5 ) AND dust . agent ( x _ 5 , Emma ) AND dust . theme ( x _ 5 , x _ 3 ) AND dream . agent ( x _ 6 , x _ 2 ) AND dream . ccomp ( x _ 6, x _ 7 ) AND dust . agent ( x _ 7 , Emma ) AND dust . theme ( x _ 7 , x _ 3 )	elips_VPE_in_dist
Olivia painted a donut and so did a goose .	donut ( x _ 2 ) AND goose ( x _ 1 ) AND paint . agent ( x _ 3 , Olivia ) AND paint . theme ( x _ 3 , x _ 2 ) AND paint . agent ( x _ 4 , x _ 1 ) AND paint . theme ( x _ 4 , x _ 2 )	elips_VPE_in_dist
William liked a boy and so did Emma .	boy ( x _ 1 ) AND like . agent ( x _ 2 , William ) AND like . theme ( x _ 2 , x _ 1 ) AND like . agent ( x _ 3 , Emma ) AND like . theme ( x _ 3 , x _ 1 )	elips_VPE_in_dist
Emma said that Zoe liked a cake and so did Olivia .	cake ( x _ 1 ) AND say . agent ( x _ 2 , Emma ) AND say . ccomp ( x _ 2, x _ 3 ) AND like . agent ( x _ 3 , Zoe ) AND like . theme ( x _ 3 , x _ 1 ) AND say . agent ( x _ 4 , Olivia ) AND say . ccomp ( x _ 4, x _ 5 ) AND like . agent ( x _ 5 , Zoe ) AND like . theme ( x _ 5 , x _ 1 )	elips_VPE_in_dist
A sailor found the cake and so did a baby .	* cake ( x _ 3 ) ; sailor ( x _ 0 ) AND baby ( x _ 2 ) AND find . agent ( x _ 4 , x _ 0 ) AND find . theme ( x _ 4 , x _ 3 ) AND find . agent ( x _ 5 , x _ 2 ) AND find . theme ( x _ 5 , x _ 3 )	elips_VPE_in_dist
Liam liked the cake and so did a girl .	* cake ( x _ 2 ) ; girl ( x _ 1 ) AND like . agent ( x _ 3 , Liam ) AND like . theme ( x _ 3 , x _ 2 ) AND like . agent ( x _ 4 , x _ 1 ) AND like . theme ( x _ 4 , x _ 2 )	elips_VPE_in_dist
Ava liked a boy and so did Lucas .	boy ( x _ 1 ) AND like . agent ( x _ 2 , Ava ) AND like . theme ( x _ 2 , x _ 1 ) AND like . agent ( x _ 3 , Lucas ) AND like . theme ( x _ 3 , x _ 1 )	elips_VPE_in_dist
Emma confessed that the monster ate a cake and so did the bear .	* monster ( x _ 3 ) ; * bear ( x _ 2 ) ; cake ( x _ 4 ) AND confess . agent ( x _ 5 , Emma ) AND confess . ccomp ( x _ 5, x _ 6 ) AND eat . agent ( x _ 6 , x _ 3 ) AND eat . theme ( x _ 6 , x _ 4 ) AND confess . agent ( x _ 7 , x _ 2 ) AND confess . ccomp ( x _ 7, x _ 8 ) AND eat . agent ( x _ 8 , x _ 3 ) AND eat . theme ( x _ 8 , x _ 4 )	elips_VPE_in_dist
The governor cleaned Wyatt and so did a passenger .	* governor ( x _ 0 ) ; passenger ( x _ 1 ) AND clean . agent ( x _ 2 , x _ 0 ) AND clean . theme ( x _ 2 , Wyatt ) AND clean . agent ( x _ 3 , x _ 1 ) AND clean . theme ( x _ 3 , Wyatt )	elips_VPE_in_dist
The girl cleaned a chicken and so did Emma .	* girl ( x _ 0 ) ; chicken ( x _ 2 ) AND clean . agent ( x _ 3 , x _ 0 ) AND clean . theme ( x _ 3 , x _ 2 ) AND clean . agent ( x _ 4 , Emma ) AND clean . theme ( x _ 4 , x _ 2 )	elips_VPE_in_dist
Liam cooked Layla and so did Dylan .	cook . agent ( x _ 0 , Liam ) AND cook . theme ( x _ 0 , Layla ) AND cook . agent ( x _ 1 , Dylan ) AND cook . theme ( x _ 1 , Layla )	elips_VPE_in_dist
A landlord found the father and so did the girl .	* father ( x _ 3 ) ; * girl ( x _ 2 ) ; landlord ( x _ 0 ) AND find . agent ( x _ 4 , x _ 0 ) AND find . theme ( x _ 4 , x _ 3 ) AND find . agent ( x _ 5 , x _ 2 ) AND find . theme ( x _ 5 , x _ 3 )	elips_VPE_in_dist
The girl confessed that a boy ate the hamburger and so did a driver .	* girl ( x _ 0 ) ; * hamburger ( x _ 5 ) ; boy ( x _ 4 ) AND driver ( x _ 3 ) AND confess . agent ( x _ 6 , x _ 0 ) AND confess . ccomp ( x _ 6, x _ 7 ) AND eat . agent ( x _ 7 , x _ 4 ) AND eat . theme ( x _ 7 , x _ 5 ) AND confess . agent ( x _ 8 , x _ 3 ) AND confess . ccomp ( x _ 8, x _ 9 ) AND eat . agent ( x _ 9 , x _ 4 ) AND eat . theme ( x _ 9 , x _ 5 )	elips_VPE_in_dist
A dog liked that the fly dusted the sandwich and so did the girl .	* fly ( x _ 4 ) ; * sandwich ( x _ 5 ) ; * girl ( x _ 3 ) ; dog ( x _ 0 ) AND like . agent ( x _ 6 , x _ 0 ) AND like . ccomp ( x _ 6, x _ 7 ) AND dust . agent ( x _ 7 , x _ 4 ) AND dust . theme ( x _ 7 , x _ 5 ) AND like . agent ( x _ 8 , x _ 3 ) AND like . ccomp ( x _ 8, x _ 9 ) AND dust . agent ( x _ 9 , x _ 4 ) AND dust . theme ( x _ 9 , x _ 5 )	elips_VPE_in_dist
The baby helped the donut and so did Sophia .	* baby ( x _ 0 ) ; * donut ( x _ 2 ) ; help . agent ( x _ 3 , x _ 0 ) AND help . theme ( x _ 3 , x _ 2 ) AND help . agent ( x _ 4 , Sophia ) AND help . theme ( x _ 4 , x _ 2 )	elips_VPE_in_dist
Emma hunted the cake and so did a cat .	* cake ( x _ 2 ) ; cat ( x _ 1 ) AND hunt . agent ( x _ 3 , Emma ) AND hunt . theme ( x _ 3 , x _ 2 ) AND hunt . agent ( x _ 4 , x _ 1 ) AND hunt . theme ( x _ 4 , x _ 2 )	elips_VPE_in_dist
The boy ate the bucket and so did the girl .	* boy ( x _ 0 ) ; * bucket ( x _ 3 ) ; * girl ( x _ 2 ) ; eat . agent ( x _ 4 , x _ 0 ) AND eat . theme ( x _ 4 , x _ 3 ) AND eat . agent ( x _ 5 , x _ 2 ) AND eat . theme ( x _ 5 , x _ 3 )	elips_VPE_in_dist
The customer liked a cat and so did the girl .	* customer ( x _ 0 ) ; * girl ( x _ 2 ) ; cat ( x _ 3 ) AND like . agent ( x _ 4 , x _ 0 ) AND like . theme ( x _ 4 , x _ 3 ) AND like . agent ( x _ 5 , x _ 2 ) AND like . theme ( x _ 5 , x _ 3 )	elips_VPE_in_dist
The dog hoped that Charlotte appreciated Addison and so did Emma .	* dog ( x _ 0 ) ; hope . agent ( x _ 1 , x _ 0 ) AND hope . ccomp ( x _ 1, x _ 2 ) AND appreciate . agent ( x _ 2 , Charlotte ) AND appreciate . theme ( x _ 2 , Addison ) AND hope . agent ( x _ 3 , Emma ) AND hope . ccomp ( x _ 3, x _ 4 ) AND appreciate . agent ( x _ 4 , Charlotte ) AND appreciate . theme ( x _ 4 , Addison )	elips_VPE_in_dist
Liam hoped that Ella loved a cake and so did a professor .	cake ( x _ 2 ) AND professor ( x _ 1 ) AND hope . agent ( x _ 3 , Liam ) AND hope . ccomp ( x _ 3, x _ 4 ) AND love . agent ( x _ 4 , Ella ) AND love . theme ( x _ 4 , x _ 2 ) AND hope . agent ( x _ 5 , x _ 1 ) AND hope . ccomp ( x _ 5, x _ 6 ) AND love . agent ( x _ 6 , Ella ) AND love . theme ( x _ 6 , x _ 2 )	elips_VPE_in_dist
Emma drew the box and so did a boy .	* box ( x _ 2 ) ; boy ( x _ 1 ) AND draw . agent ( x _ 3 , Emma ) AND draw . theme ( x _ 3 , x _ 2 ) AND draw . agent ( x _ 4 , x _ 1 ) AND draw . theme ( x _ 4 , x _ 2 )	elips_VPE_in_dist
Benjamin liked that Olivia admired a rose and so did the bear .	* bear ( x _ 1 ) ; rose ( x _ 2 ) AND like . agent ( x _ 3 , Benjamin ) AND like . ccomp ( x _ 3, x _ 4 ) AND admire . agent ( x _ 4 , Olivia ) AND admire . theme ( x _ 4 , x _ 2 ) AND like . agent ( x _ 5 , x _ 1 ) AND like . ccomp ( x _ 5, x _ 6 ) AND admire . agent ( x _ 6 , Olivia ) AND admire . theme ( x _ 6 , x _ 2 )	elips_VPE_in_dist
The father painted a dog and so did Isabella .	* father ( x _ 0 ) ; dog ( x _ 2 ) AND paint . agent ( x _ 3 , x _ 0 ) AND paint . theme ( x _ 3 , x _ 2 ) AND paint . agent ( x _ 4 , Isabella ) AND paint . theme ( x _ 4 , x _ 2 )	elips_VPE_in_dist
A kid missed the girl and so did Camila .	* girl ( x _ 2 ) ; kid ( x _ 0 ) AND miss . agent ( x _ 3 , x _ 0 ) AND miss . theme ( x _ 3 , x _ 2 ) AND miss . agent ( x _ 4 , Camila ) AND miss . theme ( x _ 4 , x _ 2 )	elips_VPE_in_dist
Emma said that a mouse liked Penelope and so did a dog .	mouse ( x _ 2 ) AND dog ( x _ 1 ) AND say . agent ( x _ 3 , Emma ) AND say . ccomp ( x _ 3, x _ 4 ) AND like . agent ( x _ 4 , x _ 2 ) AND like . theme ( x _ 4 , Penelope ) AND say . agent ( x _ 5 , x _ 1 ) AND say . ccomp ( x _ 5, x _ 6 ) AND like . agent ( x _ 6 , x _ 2 ) AND like . theme ( x _ 6 , Penelope )	elips_VPE_in_dist
The girl ate the raisin and so did Emma .	* girl ( x _ 0 ) ; * raisin ( x _ 2 ) ; eat . agent ( x _ 3 , x _ 0 ) AND eat . theme ( x _ 3 , x _ 2 ) AND eat . agent ( x _ 4 , Emma ) AND eat . theme ( x _ 4 , x _ 2 )	elips_VPE_in_dist
Aria liked the beer and so did the girl .	* beer ( x _ 2 ) ; * girl ( x _ 1 ) ; like . agent ( x _ 3 , Aria ) AND like . theme ( x _ 3 , x _ 2 ) AND like . agent ( x _ 4 , x _ 1 ) AND like . theme ( x _ 4 , x _ 2 )	elips_VPE_in_dist
A boy ate the shoe and so did Liam .	* shoe ( x _ 2 ) ; boy ( x _ 0 ) AND eat . agent ( x _ 3 , x _ 0 ) AND eat . theme ( x _ 3 , x _ 2 ) AND eat . agent ( x _ 4 , Liam ) AND eat . theme ( x _ 4 , x _ 2 )	elips_VPE_in_dist
A monster liked that a boy liked the dog and so did Aubrey .	* dog ( x _ 4 ) ; monster ( x _ 0 ) AND boy ( x _ 3 ) AND like . agent ( x _ 5 , x _ 0 ) AND like . ccomp ( x _ 5, x _ 6 ) AND like . agent ( x _ 6 , x _ 3 ) AND like . theme ( x _ 6 , x _ 4 ) AND like . agent ( x _ 7 , Aubrey ) AND like . ccomp ( x _ 7, x _ 8 ) AND like . agent ( x _ 8 , x _ 3 ) AND like . theme ( x _ 8 , x _ 4 )	elips_VPE_in_dist
Oliver hoped that Olivia liked a cake and so did a horse .	cake ( x _ 2 ) AND horse ( x _ 1 ) AND hope . agent ( x _ 3 , Oliver ) AND hope . ccomp ( x _ 3, x _ 4 ) AND like . agent ( x _ 4 , Olivia ) AND like . theme ( x _ 4 , x _ 2 ) AND hope . agent ( x _ 5 , x _ 1 ) AND hope . ccomp ( x _ 5, x _ 6 ) AND like . agent ( x _ 6 , Olivia ) AND like . theme ( x _ 6 , x _ 2 )	elips_VPE_in_dist
Olivia loved a cake and so did Liam .	cake ( x _ 1 ) AND love . agent ( x _ 2 , Olivia ) AND love . theme ( x _ 2 , x _ 1 ) AND love . agent ( x _ 3 , Liam ) AND love . theme ( x _ 3 , x _ 1 )	elips_VPE_in_dist
The girl adored the boy and so did Olivia .	* girl ( x _ 0 ) ; * boy ( x _ 2 ) ; adore . agent ( x _ 3 , x _ 0 ) AND adore . theme ( x _ 3 , x _ 2 ) AND adore . agent ( x _ 4 , Olivia ) AND adore . theme ( x _ 4 , x _ 2 )	elips_VPE_in_dist
Emma helped a girl and so did Daniel .	girl ( x _ 1 ) AND help . agent ( x _ 2 , Emma ) AND help . theme ( x _ 2 , x _ 1 ) AND help . agent ( x _ 3 , Daniel ) AND help . theme ( x _ 3 , x _ 1 )	elips_VPE_in_dist
The chicken painted Nora and so did Aurora .	* chicken ( x _ 0 ) ; paint . agent ( x _ 1 , x _ 0 ) AND paint . theme ( x _ 1 , Nora ) AND paint . agent ( x _ 2 , Aurora ) AND paint . theme ( x _ 2 , Nora )	elips_VPE_in_dist
The friend liked a cake and so did Ava .	* friend ( x _ 0 ) ; cake ( x _ 2 ) AND like . agent ( x _ 3 , x _ 0 ) AND like . theme ( x _ 3 , x _ 2 ) AND like . agent ( x _ 4 , Ava ) AND like . theme ( x _ 4 , x _ 2 )	elips_VPE_in_dist
Victoria noticed that Levi ate Leo and so did Oliver .	notice . agent ( x _ 0 , Victoria ) AND notice . ccomp ( x _ 0, x _ 1 ) AND eat . agent ( x _ 1 , Levi ) AND eat . theme ( x _ 1 , Leo ) AND notice . agent ( x _ 2 , Oliver ) AND notice . ccomp ( x _ 2, x _ 3 ) AND eat . agent ( x _ 3 , Levi ) AND eat . theme ( x _ 3 , Leo )	elips_VPE_in_dist
Emma ate a dog and so did a cat .	dog ( x _ 2 ) AND cat ( x _ 1 ) AND eat . agent ( x _ 3 , Emma ) AND eat . theme ( x _ 3 , x _ 2 ) AND eat . agent ( x _ 4 , x _ 1 ) AND eat . theme ( x _ 4 , x _ 2 )	elips_VPE_in_dist
A girl liked a hat and so did Jacob .	girl ( x _ 0 ) AND hat ( x _ 2 ) AND like . agent ( x _ 3 , x _ 0 ) AND like . theme ( x _ 3 , x _ 2 ) AND like . agent ( x _ 4 , Jacob ) AND like . theme ( x _ 4 , x _ 2 )	elips_VPE_in_dist
Emma loved the strawberry and so did Olivia .	* strawberry ( x _ 1 ) ; love . agent ( x _ 2 , Emma ) AND love . theme ( x _ 2 , x _ 1 ) AND love . agent ( x _ 3 , Olivia ) AND love . theme ( x _ 3 , x _ 1 )	elips_VPE_in_dist
Anthony confessed that the girl admired a seed and so did Evelyn .	* girl ( x _ 2 ) ; seed ( x _ 3 ) AND confess . agent ( x _ 4 , Anthony ) AND confess . ccomp ( x _ 4, x _ 5 ) AND admire . agent ( x _ 5 , x _ 2 ) AND admire . theme ( x _ 5 , x _ 3 ) AND confess . agent ( x _ 6 , Evelyn ) AND confess . ccomp ( x _ 6, x _ 7 ) AND admire . agent ( x _ 7 , x _ 2 ) AND admire . theme ( x _ 7 , x _ 3 )	elips_VPE_in_dist
A squirrel declared that Ava liked a cake and so did the girl .	* girl ( x _ 2 ) ; squirrel ( x _ 0 ) AND cake ( x _ 3 ) AND declare . agent ( x _ 4 , x _ 0 ) AND declare . ccomp ( x _ 4, x _ 5 ) AND like . agent ( x _ 5 , Ava ) AND like . theme ( x _ 5 , x _ 3 ) AND declare . agent ( x _ 6 , x _ 2 ) AND declare . ccomp ( x _ 6, x _ 7 ) AND like . agent ( x _ 7 , Ava ) AND like . theme ( x _ 7 , x _ 3 )	elips_VPE_in_dist
Liam liked that Emma ate a donut and so did the visitor .	* visitor ( x _ 1 ) ; donut ( x _ 2 ) AND like . agent ( x _ 3 , Liam ) AND like . ccomp ( x _ 3, x _ 4 ) AND eat . agent ( x _ 4 , Emma ) AND eat . theme ( x _ 4 , x _ 2 ) AND like . agent ( x _ 5 , x _ 1 ) AND like . ccomp ( x _ 5, x _ 6 ) AND eat . agent ( x _ 6 , Emma ) AND eat . theme ( x _ 6 , x _ 2 )	elips_VPE_in_dist
A girl hoped that the horse found Penelope and so did a cat .	* horse ( x _ 3 ) ; girl ( x _ 0 ) AND cat ( x _ 2 ) AND hope . agent ( x _ 4 , x _ 0 ) AND hope . ccomp ( x _ 4, x _ 5 ) AND find . agent ( x _ 5 , x _ 3 ) AND find . theme ( x _ 5 , Penelope ) AND hope . agent ( x _ 6 , x _ 2 ) AND hope . ccomp ( x _ 6, x _ 7 ) AND find . agent ( x _ 7 , x _ 3 ) AND find . theme ( x _ 7 , Penelope )	elips_VPE_in_dist
Emma noticed that Mia helped the cat and so did the girl .	* cat ( x _ 2 ) ; * girl ( x _ 1 ) ; notice . agent ( x _ 3 , Emma ) AND notice . ccomp ( x _ 3, x _ 4 ) AND help . agent ( x _ 4 , Mia ) AND help . theme ( x _ 4 , x _ 2 ) AND notice . agent ( x _ 5 , x _ 1 ) AND notice . ccomp ( x _ 5, x _ 6 ) AND help . agent ( x _ 6 , Mia ) AND help . theme ( x _ 6 , x _ 2 )	elips_VPE_in_dist
A girl said that the dog sketched the beer and so did Emma .	* dog ( x _ 3 ) ; * beer ( x _ 4 ) ; girl ( x _ 0 ) AND say . agent ( x _ 5 , x _ 0 ) AND say . ccomp ( x _ 5, x _ 6 ) AND sketch . agent ( x _ 6 , x _ 3 ) AND sketch . theme ( x _ 6 , x _ 4 ) AND say . agent ( x _ 7 , Emma ) AND say . ccomp ( x _ 7, x _ 8 ) AND sketch . agent ( x _ 8 , x _ 3 ) AND sketch . theme ( x _ 8 , x _ 4 )	elips_VPE_in_dist
The boy declared that Liam adored a cake and so did Emma .	* boy ( x _ 0 ) ; cake ( x _ 2 ) AND declare . agent ( x _ 3 , x _ 0 ) AND declare . ccomp ( x _ 3, x _ 4 ) AND adore . agent ( x _ 4 , Liam ) AND adore . theme ( x _ 4 , x _ 2 ) AND declare . agent ( x _ 5 , Emma ) AND declare . ccomp ( x _ 5, x _ 6 ) AND adore . agent ( x _ 6 , Liam ) AND adore . theme ( x _ 6 , x _ 2 )	elips_VPE_in_dist
A baby adored a cake and so did Benjamin .	baby ( x _ 0 ) AND cake ( x _ 2 ) AND adore . agent ( x _ 3 , x _ 0 ) AND adore . theme ( x _ 3 , x _ 2 ) AND adore . agent ( x _ 4 , Benjamin ) AND adore . theme ( x _ 4 , x _ 2 )	elips_VPE_in_dist
The mouse painted Penelope and so did the giraffe .	* mouse ( x _ 0 ) ; * giraffe ( x _ 1 ) ; paint . agent ( x _ 2 , x _ 0 ) AND paint . theme ( x _ 2 , Penelope ) AND paint . agent ( x _ 3 , x _ 1 ) AND paint . theme ( x _ 3 , Penelope )	elips_VPE_in_dist
Olivia believed that Emma helped the manager and so did a bunny .	* manager ( x _ 2 ) ; bunny ( x _ 1 ) AND believe . agent ( x _ 3 , Olivia ) AND believe . ccomp ( x _ 3, x _ 4 ) AND help . agent ( x _ 4 , Emma ) AND help . theme ( x _ 4 , x _ 2 ) AND believe . agent ( x _ 5 , x _ 1 ) AND believe . ccomp ( x _ 5, x _ 6 ) AND help . agent ( x _ 6 , Emma ) AND help . theme ( x _ 6 , x _ 2 )	elips_VPE_in_dist
The king liked Penelope and so did Benjamin .	* king ( x _ 0 ) ; like . agent ( x _ 1 , x _ 0 ) AND like . theme ( x _ 1 , Penelope ) AND like . agent ( x _ 2 , Benjamin ) AND like . theme ( x _ 2 , Penelope )	elips_VPE_in_dist
A boy painted the cake and so did Liam .	* cake ( x _ 2 ) ; boy ( x _ 0 ) AND paint . agent ( x _ 3 , x _ 0 ) AND paint . theme ( x _ 3 , x _ 2 ) AND paint . agent ( x _ 4 , Liam ) AND paint . theme ( x _ 4 , x _ 2 )	elips_VPE_in_dist
The chicken hoped that a sailor hunted a flag and so did a hero .	* chicken ( x _ 0 ) ; sailor ( x _ 4 ) AND flag ( x _ 5 ) AND hero ( x _ 3 ) AND hope . agent ( x _ 6 , x _ 0 ) AND hope . ccomp ( x _ 6, x _ 7 ) AND hunt . agent ( x _ 7 , x _ 4 ) AND hunt . theme ( x _ 7 , x _ 5 ) AND hope . agent ( x _ 8 , x _ 3 ) AND hope . ccomp ( x _ 8, x _ 9 ) AND hunt . agent ( x _ 9 , x _ 4 ) AND hunt . theme ( x _ 9 , x _ 5 )	elips_VPE_in_dist
Emma liked the box and so did Liam .	* box ( x _ 1 ) ; like . agent ( x _ 2 , Emma ) AND like . theme ( x _ 2 , x _ 1 ) AND like . agent ( x _ 3 , Liam ) AND like . theme ( x _ 3 , x _ 1 )	elips_VPE_in_dist
The boy said that the bear juggled Penelope and so did Emma .	* boy ( x _ 0 ) ; * bear ( x _ 2 ) ; say . agent ( x _ 3 , x _ 0 ) AND say . ccomp ( x _ 3, x _ 4 ) AND juggle . agent ( x _ 4 , x _ 2 ) AND juggle . theme ( x _ 4 , Penelope ) AND say . agent ( x _ 5 , Emma ) AND say . ccomp ( x _ 5, x _ 6 ) AND juggle . agent ( x _ 6 , x _ 2 ) AND juggle . theme ( x _ 6 , Penelope )	elips_VPE_in_dist
Emma thought that Julian helped the ball and so did Olivia .	* ball ( x _ 1 ) ; think . agent ( x _ 2 , Emma ) AND think . ccomp ( x _ 2, x _ 3 ) AND help . agent ( x _ 3 , Julian ) AND help . theme ( x _ 3 , x _ 1 ) AND think . agent ( x _ 4 , Olivia ) AND think . ccomp ( x _ 4, x _ 5 ) AND help . agent ( x _ 5 , Julian ) AND help . theme ( x _ 5 , x _ 1 )	elips_VPE_in_dist
Ava liked that a student painted the block and so did Liam .	* block ( x _ 3 ) ; student ( x _ 2 ) AND like . agent ( x _ 4 , Ava ) AND like . ccomp ( x _ 4, x _ 5 ) AND paint . agent ( x _ 5 , x _ 2 ) AND paint . theme ( x _ 5 , x _ 3 ) AND like . agent ( x _ 6 , Liam ) AND like . ccomp ( x _ 6, x _ 7 ) AND paint . agent ( x _ 7 , x _ 2 ) AND paint . theme ( x _ 7 , x _ 3 )	elips_VPE_in_dist
A girl valued that Emma drew a cake and so did Liam .	girl ( x _ 0 ) AND cake ( x _ 2 ) AND value . agent ( x _ 3 , x _ 0 ) AND value . ccomp ( x _ 3, x _ 4 ) AND draw . agent ( x _ 4 , Emma ) AND draw . theme ( x _ 4 , x _ 2 ) AND value . agent ( x _ 5 , Liam ) AND value . ccomp ( x _ 5, x _ 6 ) AND draw . agent ( x _ 6 , Emma ) AND draw . theme ( x _ 6 , x _ 2 )	elips_VPE_in_dist
A pupil ate a girl and so did a chicken .	pupil ( x _ 0 ) AND girl ( x _ 3 ) AND chicken ( x _ 2 ) AND eat . agent ( x _ 4 , x _ 0 ) AND eat . theme ( x _ 4 , x _ 3 ) AND eat . agent ( x _ 5 , x _ 2 ) AND eat . theme ( x _ 5 , x _ 3 )	elips_VPE_in_dist
The frog liked a cake and so did a girl .	* frog ( x _ 0 ) ; cake ( x _ 3 ) AND girl ( x _ 2 ) AND like . agent ( x _ 4 , x _ 0 ) AND like . theme ( x _ 4 , x _ 3 ) AND like . agent ( x _ 5 , x _ 2 ) AND like . theme ( x _ 5 , x _ 3 )	elips_VPE_in_dist
A customer ate the book and so did Joseph .	* book ( x _ 2 ) ; customer ( x _ 0 ) AND eat . agent ( x _ 3 , x _ 0 ) AND eat . theme ( x _ 3 , x _ 2 ) AND eat . agent ( x _ 4 , Joseph ) AND eat . theme ( x _ 4 , x _ 2 )	elips_VPE_in_dist
Isabella painted a cake and so did a girl .	cake ( x _ 2 ) AND girl ( x _ 1 ) AND paint . agent ( x _ 3 , Isabella ) AND paint . theme ( x _ 3 , x _ 2 ) AND paint . agent ( x _ 4 , x _ 1 ) AND paint . theme ( x _ 4 , x _ 2 )	elips_VPE_in_dist
A girl painted Christopher and so did the boy .	* boy ( x _ 1 ) ; girl ( x _ 0 ) AND paint . agent ( x _ 2 , x _ 0 ) AND paint . theme ( x _ 2 , Christopher ) AND paint . agent ( x _ 3 , x _ 1 ) AND paint . theme ( x _ 3 , Christopher )	elips_VPE_in_dist
Liam found the cake and so did the girl .	* cake ( x _ 2 ) ; * girl ( x _ 1 ) ; find . agent ( x _ 3 , Liam ) AND find . theme ( x _ 3 , x _ 2 ) AND find . agent ( x _ 4 , x _ 1 ) AND find . theme ( x _ 4 , x _ 2 )	elips_VPE_in_dist
A baby ate the raisin and so did the cat .	* raisin ( x _ 3 ) ; * cat ( x _ 2 ) ; baby ( x _ 0 ) AND eat . agent ( x _ 4 , x _ 0 ) AND eat . theme ( x _ 4 , x _ 3 ) AND eat . agent ( x _ 5 , x _ 2 ) AND eat . theme ( x _ 5 , x _ 3 )	elips_VPE_in_dist
The turtle liked a cake and so did Isabella .	* turtle ( x _ 0 ) ; cake ( x _ 2 ) AND like . agent ( x _ 3 , x _ 0 ) AND like . theme ( x _ 3 , x _ 2 ) AND like . agent ( x _ 4 , Isabella ) AND like . theme ( x _ 4 , x _ 2 )	elips_VPE_in_dist
The boy appreciated that Victoria juggled the drink and so did Noah .	* boy ( x _ 0 ) ; * drink ( x _ 2 ) ; appreciate . agent ( x _ 3 , x _ 0 ) AND appreciate . ccomp ( x _ 3, x _ 4 ) AND juggle . agent ( x _ 4 , Victoria ) AND juggle . theme ( x _ 4 , x _ 2 ) AND appreciate . agent ( x _ 5 , Noah ) AND appreciate . ccomp ( x _ 5, x _ 6 ) AND juggle . agent ( x _ 6 , Victoria ) AND juggle . theme ( x _ 6 , x _ 2 )	elips_VPE_in_dist
The mouse supported that a baby helped a cake and so did the girl .	* mouse ( x _ 0 ) ; * girl ( x _ 3 ) ; baby ( x _ 4 ) AND cake ( x _ 5 ) AND support . agent ( x _ 6 , x _ 0 ) AND support . ccomp ( x _ 6, x _ 7 ) AND help . agent ( x _ 7 , x _ 4 ) AND help . theme ( x _ 7 , x _ 5 ) AND support . agent ( x _ 8 , x _ 3 ) AND support . ccomp ( x _ 8, x _ 9 ) AND help . agent ( x _ 9 , x _ 4 ) AND help . theme ( x _ 9 , x _ 5 )	elips_VPE_in_dist
Claire meant that a baby found a bean and so did the mouse .	* mouse ( x _ 2 ) ; baby ( x _ 3 ) AND bean ( x _ 4 ) AND mean . agent ( x _ 5 , Claire ) AND mean . ccomp ( x _ 5, x _ 6 ) AND find . agent ( x _ 6 , x _ 3 ) AND find . theme ( x _ 6 , x _ 4 ) AND mean . agent ( x _ 7 , x _ 2 ) AND mean . ccomp ( x _ 7, x _ 8 ) AND find . agent ( x _ 8 , x _ 3 ) AND find . theme ( x _ 8 , x _ 4 )	elips_VPE_in_dist
Oliver liked that Henry sketched the cookie and so did a duck .	* cookie ( x _ 2 ) ; duck ( x _ 1 ) AND like . agent ( x _ 3 , Oliver ) AND like . ccomp ( x _ 3, x _ 4 ) AND sketch . agent ( x _ 4 , Henry ) AND sketch . theme ( x _ 4 , x _ 2 ) AND like . agent ( x _ 5 , x _ 1 ) AND like . ccomp ( x _ 5, x _ 6 ) AND sketch . agent ( x _ 6 , Henry ) AND sketch . theme ( x _ 6 , x _ 2 )	elips_VPE_in_dist
Emma painted the bucket and so did the girl .	* bucket ( x _ 2 ) ; * girl ( x _ 1 ) ; paint . agent ( x _ 3 , Emma ) AND paint . theme ( x _ 3 , x _ 2 ) AND paint . agent ( x _ 4 , x _ 1 ) AND paint . theme ( x _ 4 , x _ 2 )	elips_VPE_in_dist
Logan poked a balloon and so did the cow .	* cow ( x _ 1 ) ; balloon ( x _ 2 ) AND poke . agent ( x _ 3 , Logan ) AND poke . theme ( x _ 3 , x _ 2 ) AND poke . agent ( x _ 4 , x _ 1 ) AND poke . theme ( x _ 4 , x _ 2 )	elips_VPE_in_dist
Emma appreciated that a girl adored a raisin and so did Olivia .	girl ( x _ 2 ) AND raisin ( x _ 3 ) AND appreciate . agent ( x _ 4 , Emma ) AND appreciate . ccomp ( x _ 4, x _ 5 ) AND adore . agent ( x _ 5 , x _ 2 ) AND adore . theme ( x _ 5 , x _ 3 ) AND appreciate . agent ( x _ 6 , Olivia ) AND appreciate . ccomp ( x _ 6, x _ 7 ) AND adore . agent ( x _ 7 , x _ 2 ) AND adore . theme ( x _ 7 , x _ 3 )	elips_VPE_in_dist
Nora hunted the donut and so did the girl .	* donut ( x _ 2 ) ; * girl ( x _ 1 ) ; hunt . agent ( x _ 3 , Nora ) AND hunt . theme ( x _ 3 , x _ 2 ) AND hunt . agent ( x _ 4 , x _ 1 ) AND hunt . theme ( x _ 4 , x _ 2 )	elips_VPE_in_dist
The cat admired a cake and so did Emma .	* cat ( x _ 0 ) ; cake ( x _ 2 ) AND admire . agent ( x _ 3 , x _ 0 ) AND admire . theme ( x _ 3 , x _ 2 ) AND admire . agent ( x _ 4 , Emma ) AND admire . theme ( x _ 4 , x _ 2 )	elips_VPE_in_dist
Emma missed a child and so did Olivia .	child ( x _ 1 ) AND miss . agent ( x _ 2 , Emma ) AND miss . theme ( x _ 2 , x _ 1 ) AND miss . agent ( x _ 3 , Olivia ) AND miss . theme ( x _ 3 , x _ 1 )	elips_VPE_in_dist
Emma expected that Liam sketched the bell and so did a girl .	* bell ( x _ 2 ) ; girl ( x _ 1 ) AND expect . agent ( x _ 3 , Emma ) AND expect . ccomp ( x _ 3, x _ 4 ) AND sketch . agent ( x _ 4 , Liam ) AND sketch . theme ( x _ 4 , x _ 2 ) AND expect . agent ( x _ 5 , x _ 1 ) AND expect . ccomp ( x _ 5, x _ 6 ) AND sketch . agent ( x _ 6 , Liam ) AND sketch . theme ( x _ 6 , x _ 2 )	elips_VPE_in_dist
A soldier nursed the baby and so did the butterfly .	* baby ( x _ 3 ) ; * butterfly ( x _ 2 ) ; soldier ( x _ 0 ) AND nurse . agent ( x _ 4 , x _ 0 ) AND nurse . theme ( x _ 4 , x _ 3 ) AND nurse . agent ( x _ 5 , x _ 2 ) AND nurse . theme ( x _ 5 , x _ 3 )	elips_VPE_in_dist
Liam cleaned Penelope and so did a soldier .	soldier ( x _ 0 ) AND clean . agent ( x _ 1 , Liam ) AND clean . theme ( x _ 1 , Penelope ) AND clean . agent ( x _ 2 , x _ 0 ) AND clean . theme ( x _ 2 , Penelope )	elips_VPE_in_dist
Liam nursed Penelope and so did Olivia .	nurse . agent ( x _ 0 , Liam ) AND nurse . theme ( x _ 0 , Penelope ) AND nurse . agent ( x _ 1 , Olivia ) AND nurse . theme ( x _ 1 , Penelope )	elips_VPE_in_dist
Isaac dusted the girl and so did Grayson .	* girl ( x _ 1 ) ; dust . agent ( x _ 2 , Isaac ) AND dust . theme ( x _ 2 , x _ 1 ) AND dust . agent ( x _ 3 , Grayson ) AND dust . theme ( x _ 3 , x _ 1 )	elips_VPE_in_dist
Liam cleaned a rose and so did the boy .	* boy ( x _ 1 ) ; rose ( x _ 2 ) AND clean . agent ( x _ 3 , Liam ) AND clean . theme ( x _ 3 , x _ 2 ) AND clean . agent ( x _ 4 , x _ 1 ) AND clean . theme ( x _ 4 , x _ 2 )	elips_VPE_in_dist
The crocodile respected a boy and so did the girl .	* crocodile ( x _ 0 ) ; * girl ( x _ 2 ) ; boy ( x _ 3 ) AND respect . agent ( x _ 4 , x _ 0 ) AND respect . theme ( x _ 4 , x _ 3 ) AND respect . agent ( x _ 5 , x _ 2 ) AND respect . theme ( x _ 5 , x _ 3 )	elips_VPE_in_dist
Emma liked Layla and so did Jacob .	like . agent ( x _ 0 , Emma ) AND like . theme ( x _ 0 , Layla ) AND like . agent ( x _ 1 , Jacob ) AND like . theme ( x _ 1 , Layla )	elips_VPE_in_dist
The baby adored the donut and so did Emma .	* baby ( x _ 0 ) ; * donut ( x _ 2 ) ; adore . agent ( x _ 3 , x _ 0 ) AND adore . theme ( x _ 3 , x _ 2 ) AND adore . agent ( x _ 4 , Emma ) AND adore . theme ( x _ 4 , x _ 2 )	elips_VPE_in_dist
The lion loved the doll and so did the cat .	* lion ( x _ 0 ) ; * doll ( x _ 3 ) ; * cat ( x _ 2 ) ; love . agent ( x _ 4 , x _ 0 ) AND love . theme ( x _ 4 , x _ 3 ) AND love . agent ( x _ 5 , x _ 2 ) AND love . theme ( x _ 5 , x _ 3 )	elips_VPE_in_dist
A professor nursed Zoey and so did a boy .	professor ( x _ 0 ) AND boy ( x _ 1 ) AND nurse . agent ( x _ 2 , x _ 0 ) AND nurse . theme ( x _ 2 , Zoey ) AND nurse . agent ( x _ 3 , x _ 1 ) AND nurse . theme ( x _ 3 , Zoey )	elips_VPE_in_dist
The teacher nursed a bat and so did Christopher .	* teacher ( x _ 0 ) ; bat ( x _ 2 ) AND nurse . agent ( x _ 3 , x _ 0 ) AND nurse . theme ( x _ 3 , x _ 2 ) AND nurse . agent ( x _ 4 , Christopher ) AND nurse . theme ( x _ 4 , x _ 2 )	elips_VPE_in_dist
Grace ate the raisin and so did Noah .	* raisin ( x _ 1 ) ; eat . agent ( x _ 2 , Grace ) AND eat . theme ( x _ 2 , x _ 1 ) AND eat . agent ( x _ 3 , Noah ) AND eat . theme ( x _ 3 , x _ 1 )	elips_VPE_in_dist
Olivia drew the cookie and so did Emma .	* cookie ( x _ 1 ) ; draw . agent ( x _ 2 , Olivia ) AND draw . theme ( x _ 2 , x _ 1 ) AND draw . agent ( x _ 3 , Emma ) AND draw . theme ( x _ 3 , x _ 1 )	elips_VPE_in_dist
A child cleaned the box and so did a teacher .	* box ( x _ 3 ) ; child ( x _ 0 ) AND teacher ( x _ 2 ) AND clean . agent ( x _ 4 , x _ 0 ) AND clean . theme ( x _ 4 , x _ 3 ) AND clean . agent ( x _ 5 , x _ 2 ) AND clean . theme ( x _ 5 , x _ 3 )	elips_VPE_in_dist
The cat loved a hammer and so did the frog .	* cat ( x _ 0 ) ; * frog ( x _ 2 ) ; hammer ( x _ 3 ) AND love . agent ( x _ 4 , x _ 0 ) AND love . theme ( x _ 4 , x _ 3 ) AND love . agent ( x _ 5 , x _ 2 ) AND love . theme ( x _ 5 , x _ 3 )	elips_VPE_in_dist
Lucas sketched a box and so did a chicken .	box ( x _ 2 ) AND chicken ( x _ 1 ) AND sketch . agent ( x _ 3 , Lucas ) AND sketch . theme ( x _ 3 , x _ 2 ) AND sketch . agent ( x _ 4 , x _ 1 ) AND sketch . theme ( x _ 4 , x _ 2 )	elips_VPE_in_dist
Emma nursed a cow and so did a girl .	cow ( x _ 2 ) AND girl ( x _ 1 ) AND nurse . agent ( x _ 3 , Emma ) AND nurse . theme ( x _ 3 , x _ 2 ) AND nurse . agent ( x _ 4 , x _ 1 ) AND nurse . theme ( x _ 4 , x _ 2 )	elips_VPE_in_dist
James thought that Anthony ate the cake and so did Emma .	* cake ( x _ 1 ) ; think . agent ( x _ 2 , James ) AND think . ccomp ( x _ 2, x _ 3 ) AND eat . agent ( x _ 3 , Anthony ) AND eat . theme ( x _ 3 , x _ 1 ) AND think . agent ( x _ 4 , Emma ) AND think . ccomp ( x _ 4, x _ 5 ) AND eat . agent ( x _ 5 , Anthony ) AND eat . theme ( x _ 5 , x _ 1 )	elips_VPE_in_dist
Olivia found a cake and so did a boy .	cake ( x _ 2 ) AND boy ( x _ 1 ) AND find . agent ( x _ 3 , Olivia ) AND find . theme ( x _ 3 , x _ 2 ) AND find . agent ( x _ 4 , x _ 1 ) AND find . theme ( x _ 4 , x _ 2 )	elips_VPE_in_dist
A girl ate Wyatt and so did the boy .	* boy ( x _ 1 ) ; girl ( x _ 0 ) AND eat . agent ( x _ 2 , x _ 0 ) AND eat . theme ( x _ 2 , Wyatt ) AND eat . agent ( x _ 3 , x _ 1 ) AND eat . theme ( x _ 3 , Wyatt )	elips_VPE_in_dist
A girl poked a box and so did Liam .	girl ( x _ 0 ) AND box ( x _ 2 ) AND poke . agent ( x _ 3 , x _ 0 ) AND poke . theme ( x _ 3 , x _ 2 ) AND poke . agent ( x _ 4 , Liam ) AND poke . theme ( x _ 4 , x _ 2 )	elips_VPE_in_dist
Noah dusted the cake and so did a princess .	* cake ( x _ 2 ) ; princess ( x _ 1 ) AND dust . agent ( x _ 3 , Noah ) AND dust . theme ( x _ 3 , x _ 2 ) AND dust . agent ( x _ 4 , x _ 1 ) AND dust . theme ( x _ 4 , x _ 2 )	elips_VPE_in_dist
Emma liked that Camila ate the cake and so did Isabella .	* cake ( x _ 1 ) ; like . agent ( x _ 2 , Emma ) AND like . ccomp ( x _ 2, x _ 3 ) AND eat . agent ( x _ 3 , Camila ) AND eat . theme ( x _ 3 , x _ 1 ) AND like . agent ( x _ 4 , Isabella ) AND like . ccomp ( x _ 4, x _ 5 ) AND eat . agent ( x _ 5 , Camila ) AND eat . theme ( x _ 5 , x _ 1 )	elips_VPE_in_dist
Aria hunted a customer and so did Grace .	customer ( x _ 1 ) AND hunt . agent ( x _ 2 , Aria ) AND hunt . theme ( x _ 2 , x _ 1 ) AND hunt . agent ( x _ 3 , Grace ) AND hunt . theme ( x _ 3 , x _ 1 )	elips_VPE_in_dist
The bee liked a boy and so did Scarlett .	* bee ( x _ 0 ) ; boy ( x _ 2 ) AND like . agent ( x _ 3 , x _ 0 ) AND like . theme ( x _ 3 , x _ 2 ) AND like . agent ( x _ 4 , Scarlett ) AND like . theme ( x _ 4 , x _ 2 )	elips_VPE_in_dist
Isabella helped Penelope and so did Emma .	help . agent ( x _ 0 , Isabella ) AND help . theme ( x _ 0 , Penelope ) AND help . agent ( x _ 1 , Emma ) AND help . theme ( x _ 1 , Penelope )	elips_VPE_in_dist
A child valued that a frog painted a raisin and so did a boy .	child ( x _ 0 ) AND frog ( x _ 4 ) AND raisin ( x _ 5 ) AND boy ( x _ 3 ) AND value . agent ( x _ 6 , x _ 0 ) AND value . ccomp ( x _ 6, x _ 7 ) AND paint . agent ( x _ 7 , x _ 4 ) AND paint . theme ( x _ 7 , x _ 5 ) AND value . agent ( x _ 8 , x _ 3 ) AND value . ccomp ( x _ 8, x _ 9 ) AND paint . agent ( x _ 9 , x _ 4 ) AND paint . theme ( x _ 9 , x _ 5 )	elips_VPE_in_dist
William valued that Olivia liked Layla and so did Emma .	value . agent ( x _ 0 , William ) AND value . ccomp ( x _ 0, x _ 1 ) AND like . agent ( x _ 1 , Olivia ) AND like . theme ( x _ 1 , Layla ) AND value . agent ( x _ 2 , Emma ) AND value . ccomp ( x _ 2, x _ 3 ) AND like . agent ( x _ 3 , Olivia ) AND like . theme ( x _ 3 , Layla )	elips_VPE_in_dist
A guard dreamed that the guy poked a cake and so did the baby .	* guy ( x _ 4 ) ; * baby ( x _ 3 ) ; guard ( x _ 0 ) AND cake ( x _ 5 ) AND dream . agent ( x _ 6 , x _ 0 ) AND dream . ccomp ( x _ 6, x _ 7 ) AND poke . agent ( x _ 7 , x _ 4 ) AND poke . theme ( x _ 7 , x _ 5 ) AND dream . agent ( x _ 8 , x _ 3 ) AND dream . ccomp ( x _ 8, x _ 9 ) AND poke . agent ( x _ 9 , x _ 4 ) AND poke . theme ( x _ 9 , x _ 5 )	elips_VPE_in_dist
Emma liked that Liam found the cake and so did Aubrey .	* cake ( x _ 1 ) ; like . agent ( x _ 2 , Emma ) AND like . ccomp ( x _ 2, x _ 3 ) AND find . agent ( x _ 3 , Liam ) AND find . theme ( x _ 3 , x _ 1 ) AND like . agent ( x _ 4 , Aubrey ) AND like . ccomp ( x _ 4, x _ 5 ) AND find . agent ( x _ 5 , Liam ) AND find . theme ( x _ 5 , x _ 1 )	elips_VPE_in_dist
A hen adored the cat and so did the lion .	* cat ( x _ 3 ) ; * lion ( x _ 2 ) ; hen ( x _ 0 ) AND adore . agent ( x _ 4 , x _ 0 ) AND adore . theme ( x _ 4 , x _ 3 ) AND adore . agent ( x _ 5 , x _ 2 ) AND adore . theme ( x _ 5 , x _ 3 )	elips_VPE_in_dist
A girl adored a cake and so did Oliver .	girl ( x _ 0 ) AND cake ( x _ 2 ) AND adore . agent ( x _ 3 , x _ 0 ) AND adore . theme ( x _ 3 , x _ 2 ) AND adore . agent ( x _ 4 , Oliver ) AND adore . theme ( x _ 4 , x _ 2 )	elips_VPE_in_dist
Victoria ate Lily and so did the boy .	* boy ( x _ 0 ) ; eat . agent ( x _ 1 , Victoria ) AND eat . theme ( x _ 1 , Lily ) AND eat . agent ( x _ 2 , x _ 0 ) AND eat . theme ( x _ 2 , Lily )	elips_VPE_in_dist
Samuel tolerated that Ava hunted a cake and so did a teacher .	cake ( x _ 2 ) AND teacher ( x _ 1 ) AND tolerate . agent ( x _ 3 , Samuel ) AND tolerate . ccomp ( x _ 3, x _ 4 ) AND hunt . agent ( x _ 4 , Ava ) AND hunt . theme ( x _ 4 , x _ 2 ) AND tolerate . agent ( x _ 5 , x _ 1 ) AND tolerate . ccomp ( x _ 5, x _ 6 ) AND hunt . agent ( x _ 6 , Ava ) AND hunt . theme ( x _ 6 , x _ 2 )	elips_VPE_in_dist
The girl juggled Luke and so did Sofia .	* girl ( x _ 0 ) ; juggle . agent ( x _ 1 , x _ 0 ) AND juggle . theme ( x _ 1 , Luke ) AND juggle . agent ( x _ 2 , Sofia ) AND juggle . theme ( x _ 2 , Luke )	elips_VPE_in_dist
Mia cleaned a donut and so did Noah .	donut ( x _ 1 ) AND clean . agent ( x _ 2 , Mia ) AND clean . theme ( x _ 2 , x _ 1 ) AND clean . agent ( x _ 3 , Noah ) AND clean . theme ( x _ 3 , x _ 1 )	elips_VPE_in_dist
Olivia sketched a cat and so did the boy .	* boy ( x _ 1 ) ; cat ( x _ 2 ) AND sketch . agent ( x _ 3 , Olivia ) AND sketch . theme ( x _ 3 , x _ 2 ) AND sketch . agent ( x _ 4 , x _ 1 ) AND sketch . theme ( x _ 4 , x _ 2 )	elips_VPE_in_dist
Emma found the banana and so did Olivia .	* banana ( x _ 1 ) ; find . agent ( x _ 2 , Emma ) AND find . theme ( x _ 2 , x _ 1 ) AND find . agent ( x _ 3 , Olivia ) AND find . theme ( x _ 3 , x _ 1 )	elips_VPE_in_dist
Charlotte ate Wyatt and so did the child .	* child ( x _ 0 ) ; eat . agent ( x _ 1 , Charlotte ) AND eat . theme ( x _ 1 , Wyatt ) AND eat . agent ( x _ 2 , x _ 0 ) AND eat . theme ( x _ 2 , Wyatt )	elips_VPE_in_dist
Harper adored Penelope and so did Emma .	adore . agent ( x _ 0 , Harper ) AND adore . theme ( x _ 0 , Penelope ) AND adore . agent ( x _ 1 , Emma ) AND adore . theme ( x _ 1 , Penelope )	elips_VPE_in_dist
The girl ate a cake and so did Christopher .	* girl ( x _ 0 ) ; cake ( x _ 2 ) AND eat . agent ( x _ 3 , x _ 0 ) AND eat . theme ( x _ 3 , x _ 2 ) AND eat . agent ( x _ 4 , Christopher ) AND eat . theme ( x _ 4 , x _ 2 )	elips_VPE_in_dist
A cat appreciated the cookie and so did a teacher .	* cookie ( x _ 3 ) ; cat ( x _ 0 ) AND teacher ( x _ 2 ) AND appreciate . agent ( x _ 4 , x _ 0 ) AND appreciate . theme ( x _ 4 , x _ 3 ) AND appreciate . agent ( x _ 5 , x _ 2 ) AND appreciate . theme ( x _ 5 , x _ 3 )	elips_VPE_in_dist
A guest hoped that the teacher juggled Isaac and so did Noah .	* teacher ( x _ 2 ) ; guest ( x _ 0 ) AND hope . agent ( x _ 3 , x _ 0 ) AND hope . ccomp ( x _ 3, x _ 4 ) AND juggle . agent ( x _ 4 , x _ 2 ) AND juggle . theme ( x _ 4 , Isaac ) AND hope . agent ( x _ 5 , Noah ) AND hope . ccomp ( x _ 5, x _ 6 ) AND juggle . agent ( x _ 6 , x _ 2 ) AND juggle . theme ( x _ 6 , Isaac )	elips_VPE_in_dist
The teacher helped a director and so did the girl .	* teacher ( x _ 0 ) ; * girl ( x _ 2 ) ; director ( x _ 3 ) AND help . agent ( x _ 4 , x _ 0 ) AND help . theme ( x _ 4 , x _ 3 ) AND help . agent ( x _ 5 , x _ 2 ) AND help . theme ( x _ 5 , x _ 3 )	elips_VPE_in_dist
The squirrel liked a girl and so did the citizen .	* squirrel ( x _ 0 ) ; * citizen ( x _ 2 ) ; girl ( x _ 3 ) AND like . agent ( x _ 4 , x _ 0 ) AND like . theme ( x _ 4 , x _ 3 ) AND like . agent ( x _ 5 , x _ 2 ) AND like . theme ( x _ 5 , x _ 3 )	elips_VPE_in_dist
Evelyn dusted a spoon and so did the boy .	* boy ( x _ 1 ) ; spoon ( x _ 2 ) AND dust . agent ( x _ 3 , Evelyn ) AND dust . theme ( x _ 3 , x _ 2 ) AND dust . agent ( x _ 4 , x _ 1 ) AND dust . theme ( x _ 4 , x _ 2 )	elips_VPE_in_dist
The girl helped Zoey and so did Olivia .	* girl ( x _ 0 ) ; help . agent ( x _ 1 , x _ 0 ) AND help . theme ( x _ 1 , Zoey ) AND help . agent ( x _ 2 , Olivia ) AND help . theme ( x _ 2 , Zoey )	elips_VPE_in_dist
A butterfly admired Penelope and so did a writer .	butterfly ( x _ 0 ) AND writer ( x _ 1 ) AND admire . agent ( x _ 2 , x _ 0 ) AND admire . theme ( x _ 2 , Penelope ) AND admire . agent ( x _ 3 , x _ 1 ) AND admire . theme ( x _ 3 , Penelope )	elips_VPE_in_dist
Sofia respected Penelope and so did a monkey .	monkey ( x _ 0 ) AND respect . agent ( x _ 1 , Sofia ) AND respect . theme ( x _ 1 , Penelope ) AND respect . agent ( x _ 2 , x _ 0 ) AND respect . theme ( x _ 2 , Penelope )	elips_VPE_in_dist
A girl sketched a cake and so did Olivia .	girl ( x _ 0 ) AND cake ( x _ 2 ) AND sketch . agent ( x _ 3 , x _ 0 ) AND sketch . theme ( x _ 3 , x _ 2 ) AND sketch . agent ( x _ 4 , Olivia ) AND sketch . theme ( x _ 4 , x _ 2 )	elips_VPE_in_dist
Emma respected the spoon and so did a scientist .	* spoon ( x _ 2 ) ; scientist ( x _ 1 ) AND respect . agent ( x _ 3 , Emma ) AND respect . theme ( x _ 3 , x _ 2 ) AND respect . agent ( x _ 4 , x _ 1 ) AND respect . theme ( x _ 4 , x _ 2 )	elips_VPE_in_dist
The girl cooked Wyatt and so did William .	* girl ( x _ 0 ) ; cook . agent ( x _ 1 , x _ 0 ) AND cook . theme ( x _ 1 , Wyatt ) AND cook . agent ( x _ 2 , William ) AND cook . theme ( x _ 2 , Wyatt )	elips_VPE_in_dist
Abigail hoped that Carter adored Ryan and so did a scientist .	scientist ( x _ 0 ) AND hope . agent ( x _ 1 , Abigail ) AND hope . ccomp ( x _ 1, x _ 2 ) AND adore . agent ( x _ 2 , Carter ) AND adore . theme ( x _ 2 , Ryan ) AND hope . agent ( x _ 3 , x _ 0 ) AND hope . ccomp ( x _ 3, x _ 4 ) AND adore . agent ( x _ 4 , Carter ) AND adore . theme ( x _ 4 , Ryan )	elips_VPE_in_dist
A student juggled the dog and so did the girl .	* dog ( x _ 3 ) ; * girl ( x _ 2 ) ; student ( x _ 0 ) AND juggle . agent ( x _ 4 , x _ 0 ) AND juggle . theme ( x _ 4 , x _ 3 ) AND juggle . agent ( x _ 5 , x _ 2 ) AND juggle . theme ( x _ 5 , x _ 3 )	elips_VPE_in_dist
A boy admired a donut and so did the monkey .	* monkey ( x _ 2 ) ; boy ( x _ 0 ) AND donut ( x _ 3 ) AND admire . agent ( x _ 4 , x _ 0 ) AND admire . theme ( x _ 4 , x _ 3 ) AND admire . agent ( x _ 5 , x _ 2 ) AND admire . theme ( x _ 5 , x _ 3 )	elips_VPE_in_dist
The captain ate Ryan and so did Sophia .	* captain ( x _ 0 ) ; eat . agent ( x _ 1 , x _ 0 ) AND eat . theme ( x _ 1 , Ryan ) AND eat . agent ( x _ 2 , Sophia ) AND eat . theme ( x _ 2 , Ryan )	elips_VPE_in_dist
The frog valued that Emma liked a bear and so did a boy .	* frog ( x _ 0 ) ; bear ( x _ 3 ) AND boy ( x _ 2 ) AND value . agent ( x _ 4 , x _ 0 ) AND value . ccomp ( x _ 4, x _ 5 ) AND like . agent ( x _ 5 , Emma ) AND like . theme ( x _ 5 , x _ 3 ) AND value . agent ( x _ 6 , x _ 2 ) AND value . ccomp ( x _ 6, x _ 7 ) AND like . agent ( x _ 7 , Emma ) AND like . theme ( x _ 7 , x _ 3 )	elips_VPE_in_dist
Emma painted Penelope and so did the girl .	* girl ( x _ 0 ) ; paint . agent ( x _ 1 , Emma ) AND paint . theme ( x _ 1 , Penelope ) AND paint . agent ( x _ 2 , x _ 0 ) AND paint . theme ( x _ 2 , Penelope )	elips_VPE_in_dist
Emma hoped that the child liked a yogurt and so did a giraffe .	* child ( x _ 3 ) ; yogurt ( x _ 4 ) AND giraffe ( x _ 2 ) AND hope . agent ( x _ 5 , Emma ) AND hope . ccomp ( x _ 5, x _ 6 ) AND like . agent ( x _ 6 , x _ 3 ) AND like . theme ( x _ 6 , x _ 4 ) AND hope . agent ( x _ 7 , x _ 2 ) AND hope . ccomp ( x _ 7, x _ 8 ) AND like . agent ( x _ 8 , x _ 3 ) AND like . theme ( x _ 8 , x _ 4 )	elips_VPE_in_dist
A girl ate Penelope and so did a bunny .	girl ( x _ 0 ) AND bunny ( x _ 1 ) AND eat . agent ( x _ 2 , x _ 0 ) AND eat . theme ( x _ 2 , Penelope ) AND eat . agent ( x _ 3 , x _ 1 ) AND eat . theme ( x _ 3 , Penelope )	elips_VPE_in_dist
The girl liked the rose and so did Liam .	* girl ( x _ 0 ) ; * rose ( x _ 2 ) ; like . agent ( x _ 3 , x _ 0 ) AND like . theme ( x _ 3 , x _ 2 ) AND like . agent ( x _ 4 , Liam ) AND like . theme ( x _ 4 , x _ 2 )	elips_VPE_in_dist
Avery found the melon and so did Jacob .	* melon ( x _ 1 ) ; find . agent ( x _ 2 , Avery ) AND find . theme ( x _ 2 , x _ 1 ) AND find . agent ( x _ 3 , Jacob ) AND find . theme ( x _ 3 , x _ 1 )	elips_VPE_in_dist
Emma appreciated Penelope and so did Oliver .	appreciate . agent ( x _ 0 , Emma ) AND appreciate . theme ( x _ 0 , Penelope ) AND appreciate . agent ( x _ 1 , Oliver ) AND appreciate . theme ( x _ 1 , Penelope )	elips_VPE_in_dist
The girl proved that the cat adored a tiger and so did a dog .	* girl ( x _ 0 ) ; * cat ( x _ 4 ) ; tiger ( x _ 5 ) AND dog ( x _ 3 ) AND prove . agent ( x _ 6 , x _ 0 ) AND prove . ccomp ( x _ 6, x _ 7 ) AND adore . agent ( x _ 7 , x _ 4 ) AND adore . theme ( x _ 7 , x _ 5 ) AND prove . agent ( x _ 8 , x _ 3 ) AND prove . ccomp ( x _ 8, x _ 9 ) AND adore . agent ( x _ 9 , x _ 4 ) AND adore . theme ( x _ 9 , x _ 5 )	elips_VPE_in_dist
A bear liked that Charlotte missed Penelope and so did Theodore .	bear ( x _ 0 ) AND like . agent ( x _ 1 , x _ 0 ) AND like . ccomp ( x _ 1, x _ 2 ) AND miss . agent ( x _ 2 , Charlotte ) AND miss . theme ( x _ 2 , Penelope ) AND like . agent ( x _ 3 , Theodore ) AND like . ccomp ( x _ 3, x _ 4 ) AND miss . agent ( x _ 4 , Charlotte ) AND miss . theme ( x _ 4 , Penelope )	elips_VPE_in_dist
The dog found the baby and so did Liam .	* dog ( x _ 0 ) ; * baby ( x _ 2 ) ; find . agent ( x _ 3 , x _ 0 ) AND find . theme ( x _ 3 , x _ 2 ) AND find . agent ( x _ 4 , Liam ) AND find . theme ( x _ 4 , x _ 2 )	elips_VPE_in_dist
Emma liked that Amelia liked Lily and so did a baby .	baby ( x _ 0 ) AND like . agent ( x _ 1 , Emma ) AND like . ccomp ( x _ 1, x _ 2 ) AND like . agent ( x _ 2 , Amelia ) AND like . theme ( x _ 2 , Lily ) AND like . agent ( x _ 3 , x _ 0 ) AND like . ccomp ( x _ 3, x _ 4 ) AND like . agent ( x _ 4 , Amelia ) AND like . theme ( x _ 4 , Lily )	elips_VPE_in_dist
Emma liked a spoon and so did Scarlett .	spoon ( x _ 1 ) AND like . agent ( x _ 2 , Emma ) AND like . theme ( x _ 2 , x _ 1 ) AND like . agent ( x _ 3 , Scarlett ) AND like . theme ( x _ 3 , x _ 1 )	elips_VPE_in_dist
Ethan said that a bear ate Andrew and so did Emma .	bear ( x _ 1 ) AND say . agent ( x _ 2 , Ethan ) AND say . ccomp ( x _ 2, x _ 3 ) AND eat . agent ( x _ 3 , x _ 1 ) AND eat . theme ( x _ 3 , Andrew ) AND say . agent ( x _ 4 , Emma ) AND say . ccomp ( x _ 4, x _ 5 ) AND eat . agent ( x _ 5 , x _ 1 ) AND eat . theme ( x _ 5 , Andrew )	elips_VPE_in_dist
The researcher helped a cake and so did Alexander .	* researcher ( x _ 0 ) ; cake ( x _ 2 ) AND help . agent ( x _ 3 , x _ 0 ) AND help . theme ( x _ 3 , x _ 2 ) AND help . agent ( x _ 4 , Alexander ) AND help . theme ( x _ 4 , x _ 2 )	elips_VPE_in_dist
The teacher helped a monkey and so did Emma .	* teacher ( x _ 0 ) ; monkey ( x _ 2 ) AND help . agent ( x _ 3 , x _ 0 ) AND help . theme ( x _ 3 , x _ 2 ) AND help . agent ( x _ 4 , Emma ) AND help . theme ( x _ 4 , x _ 2 )	elips_VPE_in_dist
Leo found a donut and so did Olivia .	donut ( x _ 1 ) AND find . agent ( x _ 2 , Leo ) AND find . theme ( x _ 2 , x _ 1 ) AND find . agent ( x _ 3 , Olivia ) AND find . theme ( x _ 3 , x _ 1 )	elips_VPE_in_dist
A father liked Leah and so did Emma .	father ( x _ 0 ) AND like . agent ( x _ 1 , x _ 0 ) AND like . theme ( x _ 1 , Leah ) AND like . agent ( x _ 2 , Emma ) AND like . theme ( x _ 2 , Leah )	elips_VPE_in_dist
Emma cooked a pizza and so did Mia .	pizza ( x _ 1 ) AND cook . agent ( x _ 2 , Emma ) AND cook . theme ( x _ 2 , x _ 1 ) AND cook . agent ( x _ 3 , Mia ) AND cook . theme ( x _ 3 , x _ 1 )	elips_VPE_in_dist
Mia ate a cake and so did Henry .	cake ( x _ 1 ) AND eat . agent ( x _ 2 , Mia ) AND eat . theme ( x _ 2 , x _ 1 ) AND eat . agent ( x _ 3 , Henry ) AND eat . theme ( x _ 3 , x _ 1 )	elips_VPE_in_dist
Emma drew a glue and so did a boy .	glue ( x _ 2 ) AND boy ( x _ 1 ) AND draw . agent ( x _ 3 , Emma ) AND draw . theme ( x _ 3 , x _ 2 ) AND draw . agent ( x _ 4 , x _ 1 ) AND draw . theme ( x _ 4 , x _ 2 )	elips_VPE_in_dist
A guest ate Penelope and so did the frog .	* frog ( x _ 1 ) ; guest ( x _ 0 ) AND eat . agent ( x _ 2 , x _ 0 ) AND eat . theme ( x _ 2 , Penelope ) AND eat . agent ( x _ 3 , x _ 1 ) AND eat . theme ( x _ 3 , Penelope )	elips_VPE_in_dist
A cat ate a cake and so did Emma .	cat ( x _ 0 ) AND cake ( x _ 2 ) AND eat . agent ( x _ 3 , x _ 0 ) AND eat . theme ( x _ 3 , x _ 2 ) AND eat . agent ( x _ 4 , Emma ) AND eat . theme ( x _ 4 , x _ 2 )	elips_VPE_in_dist
The turtle liked a potato and so did Emma .	* turtle ( x _ 0 ) ; potato ( x _ 2 ) AND like . agent ( x _ 3 , x _ 0 ) AND like . theme ( x _ 3 , x _ 2 ) AND like . agent ( x _ 4 , Emma ) AND like . theme ( x _ 4 , x _ 2 )	elips_VPE_in_dist
Lucas hoped that Charlotte ate Penelope and so did David .	hope . agent ( x _ 0 , Lucas ) AND hope . ccomp ( x _ 0, x _ 1 ) AND eat . agent ( x _ 1 , Charlotte ) AND eat . theme ( x _ 1 , Penelope ) AND hope . agent ( x _ 2 , David ) AND hope . ccomp ( x _ 2, x _ 3 ) AND eat . agent ( x _ 3 , Charlotte ) AND eat . theme ( x _ 3 , Penelope )	elips_VPE_in_dist
Noah liked the dog and so did Emma .	* dog ( x _ 1 ) ; like . agent ( x _ 2 , Noah ) AND like . theme ( x _ 2 , x _ 1 ) AND like . agent ( x _ 3 , Emma ) AND like . theme ( x _ 3 , x _ 1 )	elips_VPE_in_dist
Emma found the girl and so did the boy .	* girl ( x _ 2 ) ; * boy ( x _ 1 ) ; find . agent ( x _ 3 , Emma ) AND find . theme ( x _ 3 , x _ 2 ) AND find . agent ( x _ 4 , x _ 1 ) AND find . theme ( x _ 4 , x _ 2 )	elips_VPE_in_dist
Emma found a cake and so did a bird .	cake ( x _ 2 ) AND bird ( x _ 1 ) AND find . agent ( x _ 3 , Emma ) AND find . theme ( x _ 3 , x _ 2 ) AND find . agent ( x _ 4 , x _ 1 ) AND find . theme ( x _ 4 , x _ 2 )	elips_VPE_in_dist
Noah nursed the cookie and so did Olivia .	* cookie ( x _ 1 ) ; nurse . agent ( x _ 2 , Noah ) AND nurse . theme ( x _ 2 , x _ 1 ) AND nurse . agent ( x _ 3 , Olivia ) AND nurse . theme ( x _ 3 , x _ 1 )	elips_VPE_in_dist
The cat ate a box and so did the girl .	* cat ( x _ 0 ) ; * girl ( x _ 2 ) ; box ( x _ 3 ) AND eat . agent ( x _ 4 , x _ 0 ) AND eat . theme ( x _ 4 , x _ 3 ) AND eat . agent ( x _ 5 , x _ 2 ) AND eat . theme ( x _ 5 , x _ 3 )	elips_VPE_in_dist
Emma appreciated Penelope and so did the wolf .	* wolf ( x _ 0 ) ; appreciate . agent ( x _ 1 , Emma ) AND appreciate . theme ( x _ 1 , Penelope ) AND appreciate . agent ( x _ 2 , x _ 0 ) AND appreciate . theme ( x _ 2 , Penelope )	elips_VPE_in_dist
The child noticed that Mila poked Jayden and so did Liam .	* child ( x _ 0 ) ; notice . agent ( x _ 1 , x _ 0 ) AND notice . ccomp ( x _ 1, x _ 2 ) AND poke . agent ( x _ 2 , Mila ) AND poke . theme ( x _ 2 , Jayden ) AND notice . agent ( x _ 3 , Liam ) AND notice . ccomp ( x _ 3, x _ 4 ) AND poke . agent ( x _ 4 , Mila ) AND poke . theme ( x _ 4 , Jayden )	elips_VPE_in_dist
Scarlett confessed that a citizen painted a cake and so did a frog .	citizen ( x _ 3 ) AND cake ( x _ 4 ) AND frog ( x _ 2 ) AND confess . agent ( x _ 5 , Scarlett ) AND confess . ccomp ( x _ 5, x _ 6 ) AND paint . agent ( x _ 6 , x _ 3 ) AND paint . theme ( x _ 6 , x _ 4 ) AND confess . agent ( x _ 7 , x _ 2 ) AND confess . ccomp ( x _ 7, x _ 8 ) AND paint . agent ( x _ 8 , x _ 3 ) AND paint . theme ( x _ 8 , x _ 4 )	elips_VPE_in_dist
Liam proved that the girl liked Layla and so did the boy .	* girl ( x _ 2 ) ; * boy ( x _ 1 ) ; prove . agent ( x _ 3 , Liam ) AND prove . ccomp ( x _ 3, x _ 4 ) AND like . agent ( x _ 4 , x _ 2 ) AND like . theme ( x _ 4 , Layla ) AND prove . agent ( x _ 5 , x _ 1 ) AND prove . ccomp ( x _ 5, x _ 6 ) AND like . agent ( x _ 6 , x _ 2 ) AND like . theme ( x _ 6 , Layla )	elips_VPE_in_dist
Aiden admired that Ava liked a teacher and so did Emma .	teacher ( x _ 1 ) AND admire . agent ( x _ 2 , Aiden ) AND admire . ccomp ( x _ 2, x _ 3 ) AND like . agent ( x _ 3 , Ava ) AND like . theme ( x _ 3 , x _ 1 ) AND admire . agent ( x _ 4 , Emma ) AND admire . ccomp ( x _ 4, x _ 5 ) AND like . agent ( x _ 5 , Ava ) AND like . theme ( x _ 5 , x _ 1 )	elips_VPE_in_dist
Emma liked that Abigail appreciated a donut and so did the girl .	* girl ( x _ 1 ) ; donut ( x _ 2 ) AND like . agent ( x _ 3 , Emma ) AND like . ccomp ( x _ 3, x _ 4 ) AND appreciate . agent ( x _ 4 , Abigail ) AND appreciate . theme ( x _ 4 , x _ 2 ) AND like . agent ( x _ 5 , x _ 1 ) AND like . ccomp ( x _ 5, x _ 6 ) AND appreciate . agent ( x _ 6 , Abigail ) AND appreciate . theme ( x _ 6 , x _ 2 )	elips_VPE_in_dist
A girl ate a cake and so did a cat .	girl ( x _ 0 ) AND cake ( x _ 3 ) AND cat ( x _ 2 ) AND eat . agent ( x _ 4 , x _ 0 ) AND eat . theme ( x _ 4 , x _ 3 ) AND eat . agent ( x _ 5 , x _ 2 ) AND eat . theme ( x _ 5 , x _ 3 )	elips_VPE_in_dist
Oliver wished that a professor loved a boy and so did the girl .	* girl ( x _ 2 ) ; professor ( x _ 3 ) AND boy ( x _ 4 ) AND wish . agent ( x _ 5 , Oliver ) AND wish . ccomp ( x _ 5, x _ 6 ) AND love . agent ( x _ 6 , x _ 3 ) AND love . theme ( x _ 6 , x _ 4 ) AND wish . agent ( x _ 7 , x _ 2 ) AND wish . ccomp ( x _ 7, x _ 8 ) AND love . agent ( x _ 8 , x _ 3 ) AND love . theme ( x _ 8 , x _ 4 )	elips_VPE_in_dist
The cow ate the donut and so did Emma .	* cow ( x _ 0 ) ; * donut ( x _ 2 ) ; eat . agent ( x _ 3 , x _ 0 ) AND eat . theme ( x _ 3 , x _ 2 ) AND eat . agent ( x _ 4 , Emma ) AND eat . theme ( x _ 4 , x _ 2 )	elips_VPE_in_dist
Isabella liked Levi and so did a girl .	girl ( x _ 0 ) AND like . agent ( x _ 1 , Isabella ) AND like . theme ( x _ 1 , Levi ) AND like . agent ( x _ 2 , x _ 0 ) AND like . theme ( x _ 2 , Levi )	elips_VPE_in_dist
The girl dusted Eleanor and so did the dog .	* girl ( x _ 0 ) ; * dog ( x _ 1 ) ; dust . agent ( x _ 2 , x _ 0 ) AND dust . theme ( x _ 2 , Eleanor ) AND dust . agent ( x _ 3 , x _ 1 ) AND dust . theme ( x _ 3 , Eleanor )	elips_VPE_in_dist
Oliver meant that Noah ate the raisin and so did the hen .	* raisin ( x _ 2 ) ; * hen ( x _ 1 ) ; mean . agent ( x _ 3 , Oliver ) AND mean . ccomp ( x _ 3, x _ 4 ) AND eat . agent ( x _ 4 , Noah ) AND eat . theme ( x _ 4 , x _ 2 ) AND mean . agent ( x _ 5 , x _ 1 ) AND mean . ccomp ( x _ 5, x _ 6 ) AND eat . agent ( x _ 6 , Noah ) AND eat . theme ( x _ 6 , x _ 2 )	elips_VPE_in_dist
A girl hunted a rose and so did Elijah .	girl ( x _ 0 ) AND rose ( x _ 2 ) AND hunt . agent ( x _ 3 , x _ 0 ) AND hunt . theme ( x _ 3 , x _ 2 ) AND hunt . agent ( x _ 4 , Elijah ) AND hunt . theme ( x _ 4 , x _ 2 )	elips_VPE_in_dist
Emma ate a bear and so did the girl .	* girl ( x _ 1 ) ; bear ( x _ 2 ) AND eat . agent ( x _ 3 , Emma ) AND eat . theme ( x _ 3 , x _ 2 ) AND eat . agent ( x _ 4 , x _ 1 ) AND eat . theme ( x _ 4 , x _ 2 )	elips_VPE_in_dist
Isabella thought that the girl ate the box and so did Sebastian .	* girl ( x _ 2 ) ; * box ( x _ 3 ) ; think . agent ( x _ 4 , Isabella ) AND think . ccomp ( x _ 4, x _ 5 ) AND eat . agent ( x _ 5 , x _ 2 ) AND eat . theme ( x _ 5 , x _ 3 ) AND think . agent ( x _ 6 , Sebastian ) AND think . ccomp ( x _ 6, x _ 7 ) AND eat . agent ( x _ 7 , x _ 2 ) AND eat . theme ( x _ 7 , x _ 3 )	elips_VPE_in_dist
Olivia juggled Bella and so did the hero .	* hero ( x _ 0 ) ; juggle . agent ( x _ 1 , Olivia ) AND juggle . theme ( x _ 1 , Bella ) AND juggle . agent ( x _ 2 , x _ 0 ) AND juggle . theme ( x _ 2 , Bella )	elips_VPE_in_dist
Jayden drew a boy and so did Emma .	boy ( x _ 1 ) AND draw . agent ( x _ 2 , Jayden ) AND draw . theme ( x _ 2 , x _ 1 ) AND draw . agent ( x _ 3 , Emma ) AND draw . theme ( x _ 3 , x _ 1 )	elips_VPE_in_dist
The kitty ate Layla and so did a boy .	* kitty ( x _ 0 ) ; boy ( x _ 1 ) AND eat . agent ( x _ 2 , x _ 0 ) AND eat . theme ( x _ 2 , Layla ) AND eat . agent ( x _ 3 , x _ 1 ) AND eat . theme ( x _ 3 , Layla )	elips_VPE_in_dist
Alexander liked that a soldier liked Penelope and so did Emma .	soldier ( x _ 1 ) AND like . agent ( x _ 2 , Alexander ) AND like . ccomp ( x _ 2, x _ 3 ) AND like . agent ( x _ 3 , x _ 1 ) AND like . theme ( x _ 3 , Penelope ) AND like . agent ( x _ 4 , Emma ) AND like . ccomp ( x _ 4, x _ 5 ) AND like . agent ( x _ 5 , x _ 1 ) AND like . theme ( x _ 5 , Penelope )	elips_VPE_in_dist
A bird helped a box and so did a baby .	bird ( x _ 0 ) AND box ( x _ 3 ) AND baby ( x _ 2 ) AND help . agent ( x _ 4 , x _ 0 ) AND help . theme ( x _ 4 , x _ 3 ) AND help . agent ( x _ 5 , x _ 2 ) AND help . theme ( x _ 5 , x _ 3 )	elips_VPE_in_dist
Abigail cooked Riley and so did Charlotte .	cook . agent ( x _ 0 , Abigail ) AND cook . theme ( x _ 0 , Riley ) AND cook . agent ( x _ 1 , Charlotte ) AND cook . theme ( x _ 1 , Riley )	elips_VPE_in_dist
Ella ate the donut and so did Isabella .	* donut ( x _ 1 ) ; eat . agent ( x _ 2 , Ella ) AND eat . theme ( x _ 2 , x _ 1 ) AND eat . agent ( x _ 3 , Isabella ) AND eat . theme ( x _ 3 , x _ 1 )	elips_VPE_in_dist
A girl sketched the mouse and so did Emma .	* mouse ( x _ 2 ) ; girl ( x _ 0 ) AND sketch . agent ( x _ 3 , x _ 0 ) AND sketch . theme ( x _ 3 , x _ 2 ) AND sketch . agent ( x _ 4 , Emma ) AND sketch . theme ( x _ 4 , x _ 2 )	elips_VPE_in_dist
The girl drew a pretzel and so did Aiden .	* girl ( x _ 0 ) ; pretzel ( x _ 2 ) AND draw . agent ( x _ 3 , x _ 0 ) AND draw . theme ( x _ 3 , x _ 2 ) AND draw . agent ( x _ 4 , Aiden ) AND draw . theme ( x _ 4 , x _ 2 )	elips_VPE_in_dist
The lion respected that Carter liked John and so did the monkey .	* lion ( x _ 0 ) ; * monkey ( x _ 1 ) ; respect . agent ( x _ 2 , x _ 0 ) AND respect . ccomp ( x _ 2, x _ 3 ) AND like . agent ( x _ 3 , Carter ) AND like . theme ( x _ 3 , John ) AND respect . agent ( x _ 4 , x _ 1 ) AND respect . ccomp ( x _ 4, x _ 5 ) AND like . agent ( x _ 5 , Carter ) AND like . theme ( x _ 5 , John )	elips_VPE_in_dist
The girl cooked a cake and so did Eleanor .	* girl ( x _ 0 ) ; cake ( x _ 2 ) AND cook . agent ( x _ 3 , x _ 0 ) AND cook . theme ( x _ 3 , x _ 2 ) AND cook . agent ( x _ 4 , Eleanor ) AND cook . theme ( x _ 4 , x _ 2 )	elips_VPE_in_dist
Emma wished that the boy ate Penelope and so did a girl .	* boy ( x _ 2 ) ; girl ( x _ 1 ) AND wish . agent ( x _ 3 , Emma ) AND wish . ccomp ( x _ 3, x _ 4 ) AND eat . agent ( x _ 4 , x _ 2 ) AND eat . theme ( x _ 4 , Penelope ) AND wish . agent ( x _ 5 , x _ 1 ) AND wish . ccomp ( x _ 5, x _ 6 ) AND eat . agent ( x _ 6 , x _ 2 ) AND eat . theme ( x _ 6 , Penelope )	elips_VPE_in_dist
The girl liked Penelope and so did the frog .	* girl ( x _ 0 ) ; * frog ( x _ 1 ) ; like . agent ( x _ 2 , x _ 0 ) AND like . theme ( x _ 2 , Penelope ) AND like . agent ( x _ 3 , x _ 1 ) AND like . theme ( x _ 3 , Penelope )	elips_VPE_in_dist
Emma confessed that a horse ate Layla and so did a tiger .	horse ( x _ 2 ) AND tiger ( x _ 1 ) AND confess . agent ( x _ 3 , Emma ) AND confess . ccomp ( x _ 3, x _ 4 ) AND eat . agent ( x _ 4 , x _ 2 ) AND eat . theme ( x _ 4 , Layla ) AND confess . agent ( x _ 5 , x _ 1 ) AND confess . ccomp ( x _ 5, x _ 6 ) AND eat . agent ( x _ 6 , x _ 2 ) AND eat . theme ( x _ 6 , Layla )	elips_VPE_in_dist
The servant liked the cat and so did the champion .	* servant ( x _ 0 ) ; * cat ( x _ 3 ) ; * champion ( x _ 2 ) ; like . agent ( x _ 4 , x _ 0 ) AND like . theme ( x _ 4 , x _ 3 ) AND like . agent ( x _ 5 , x _ 2 ) AND like . theme ( x _ 5 , x _ 3 )	elips_VPE_in_dist
Benjamin liked Penelope and so did the dog .	* dog ( x _ 0 ) ; like . agent ( x _ 1 , Benjamin ) AND like . theme ( x _ 1 , Penelope ) AND like . agent ( x _ 2 , x _ 0 ) AND like . theme ( x _ 2 , Penelope )	elips_VPE_in_dist
The boy liked the cat and so did Emma .	* boy ( x _ 0 ) ; * cat ( x _ 2 ) ; like . agent ( x _ 3 , x _ 0 ) AND like . theme ( x _ 3 , x _ 2 ) AND like . agent ( x _ 4 , Emma ) AND like . theme ( x _ 4 , x _ 2 )	elips_VPE_in_dist
Scarlett painted the crayon and so did a cat .	* crayon ( x _ 2 ) ; cat ( x _ 1 ) AND paint . agent ( x _ 3 , Scarlett ) AND paint . theme ( x _ 3 , x _ 2 ) AND paint . agent ( x _ 4 , x _ 1 ) AND paint . theme ( x _ 4 , x _ 2 )	elips_VPE_in_dist
Madison thought that Isabella ate a girl and so did a boy .	girl ( x _ 2 ) AND boy ( x _ 1 ) AND think . agent ( x _ 3 , Madison ) AND think . ccomp ( x _ 3, x _ 4 ) AND eat . agent ( x _ 4 , Isabella ) AND eat . theme ( x _ 4 , x _ 2 ) AND think . agent ( x _ 5 , x _ 1 ) AND think . ccomp ( x _ 5, x _ 6 ) AND eat . agent ( x _ 6 , Isabella ) AND eat . theme ( x _ 6 , x _ 2 )	elips_VPE_in_dist
The president liked Penelope and so did a girl .	* president ( x _ 0 ) ; girl ( x _ 1 ) AND like . agent ( x _ 2 , x _ 0 ) AND like . theme ( x _ 2 , Penelope ) AND like . agent ( x _ 3 , x _ 1 ) AND like . theme ( x _ 3 , Penelope )	elips_VPE_in_dist
Olivia drew the strawberry and so did the girl .	* strawberry ( x _ 2 ) ; * girl ( x _ 1 ) ; draw . agent ( x _ 3 , Olivia ) AND draw . theme ( x _ 3 , x _ 2 ) AND draw . agent ( x _ 4 , x _ 1 ) AND draw . theme ( x _ 4 , x _ 2 )	elips_VPE_in_dist
The teacher liked that the girl liked the present and so did William .	* teacher ( x _ 0 ) ; * girl ( x _ 3 ) ; * present ( x _ 4 ) ; like . agent ( x _ 5 , x _ 0 ) AND like . ccomp ( x _ 5, x _ 6 ) AND like . agent ( x _ 6 , x _ 3 ) AND like . theme ( x _ 6 , x _ 4 ) AND like . agent ( x _ 7 , William ) AND like . ccomp ( x _ 7, x _ 8 ) AND like . agent ( x _ 8 , x _ 3 ) AND like . theme ( x _ 8 , x _ 4 )	elips_VPE_in_dist
Elijah liked the donut and so did Emma .	* donut ( x _ 1 ) ; like . agent ( x _ 2 , Elijah ) AND like . theme ( x _ 2 , x _ 1 ) AND like . agent ( x _ 3 , Emma ) AND like . theme ( x _ 3 , x _ 1 )	elips_VPE_in_dist
Emma hunted the towel and so did the chief .	* towel ( x _ 2 ) ; * chief ( x _ 1 ) ; hunt . agent ( x _ 3 , Emma ) AND hunt . theme ( x _ 3 , x _ 2 ) AND hunt . agent ( x _ 4 , x _ 1 ) AND hunt . theme ( x _ 4 , x _ 2 )	elips_VPE_in_dist
Olivia painted the monkey and so did the boy .	* monkey ( x _ 2 ) ; * boy ( x _ 1 ) ; paint . agent ( x _ 3 , Olivia ) AND paint . theme ( x _ 3 , x _ 2 ) AND paint . agent ( x _ 4 , x _ 1 ) AND paint . theme ( x _ 4 , x _ 2 )	elips_VPE_in_dist
A teacher helped a cat and so did a girl .	teacher ( x _ 0 ) AND cat ( x _ 3 ) AND girl ( x _ 2 ) AND help . agent ( x _ 4 , x _ 0 ) AND help . theme ( x _ 4 , x _ 3 ) AND help . agent ( x _ 5 , x _ 2 ) AND help . theme ( x _ 5 , x _ 3 )	elips_VPE_in_dist
Emma liked a cake and so did the frog .	* frog ( x _ 1 ) ; cake ( x _ 2 ) AND like . agent ( x _ 3 , Emma ) AND like . theme ( x _ 3 , x _ 2 ) AND like . agent ( x _ 4 , x _ 1 ) AND like . theme ( x _ 4 , x _ 2 )	elips_VPE_in_dist
Lucas ate a sandwich and so did Ava .	sandwich ( x _ 1 ) AND eat . agent ( x _ 2 , Lucas ) AND eat . theme ( x _ 2 , x _ 1 ) AND eat . agent ( x _ 3 , Ava ) AND eat . theme ( x _ 3 , x _ 1 )	elips_VPE_in_dist
Oliver poked a bear and so did a baby .	bear ( x _ 2 ) AND baby ( x _ 1 ) AND poke . agent ( x _ 3 , Oliver ) AND poke . theme ( x _ 3 , x _ 2 ) AND poke . agent ( x _ 4 , x _ 1 ) AND poke . theme ( x _ 4 , x _ 2 )	elips_VPE_in_dist
Sebastian hunted Riley and so did Noah .	hunt . agent ( x _ 0 , Sebastian ) AND hunt . theme ( x _ 0 , Riley ) AND hunt . agent ( x _ 1 , Noah ) AND hunt . theme ( x _ 1 , Riley )	elips_VPE_in_dist
James believed that Evelyn respected Penelope and so did a dog .	dog ( x _ 0 ) AND believe . agent ( x _ 1 , James ) AND believe . ccomp ( x _ 1, x _ 2 ) AND respect . agent ( x _ 2 , Evelyn ) AND respect . theme ( x _ 2 , Penelope ) AND believe . agent ( x _ 3 , x _ 0 ) AND believe . ccomp ( x _ 3, x _ 4 ) AND respect . agent ( x _ 4 , Evelyn ) AND respect . theme ( x _ 4 , Penelope )	elips_VPE_in_dist
A girl meant that the boy cleaned the sweetcorn and so did a teacher .	* boy ( x _ 4 ) ; * sweetcorn ( x _ 5 ) ; girl ( x _ 0 ) AND teacher ( x _ 3 ) AND mean . agent ( x _ 6 , x _ 0 ) AND mean . ccomp ( x _ 6, x _ 7 ) AND clean . agent ( x _ 7 , x _ 4 ) AND clean . theme ( x _ 7 , x _ 5 ) AND mean . agent ( x _ 8 , x _ 3 ) AND mean . ccomp ( x _ 8, x _ 9 ) AND clean . agent ( x _ 9 , x _ 4 ) AND clean . theme ( x _ 9 , x _ 5 )	elips_VPE_in_dist
A teacher liked that Oliver drew a strawberry and so did the girl .	* girl ( x _ 2 ) ; teacher ( x _ 0 ) AND strawberry ( x _ 3 ) AND like . agent ( x _ 4 , x _ 0 ) AND like . ccomp ( x _ 4, x _ 5 ) AND draw . agent ( x _ 5 , Oliver ) AND draw . theme ( x _ 5 , x _ 3 ) AND like . agent ( x _ 6 , x _ 2 ) AND like . ccomp ( x _ 6, x _ 7 ) AND draw . agent ( x _ 7 , Oliver ) AND draw . theme ( x _ 7 , x _ 3 )	elips_VPE_in_dist
The cat hoped that Hannah appreciated the crown and so did Julian .	* cat ( x _ 0 ) ; * crown ( x _ 2 ) ; hope . agent ( x _ 3 , x _ 0 ) AND hope . ccomp ( x _ 3, x _ 4 ) AND appreciate . agent ( x _ 4 , Hannah ) AND appreciate . theme ( x _ 4 , x _ 2 ) AND hope . agent ( x _ 5 , Julian ) AND hope . ccomp ( x _ 5, x _ 6 ) AND appreciate . agent ( x _ 6 , Hannah ) AND appreciate . theme ( x _ 6 , x _ 2 )	elips_VPE_in_dist
Amelia dusted a bat and so did Liam .	bat ( x _ 1 ) AND dust . agent ( x _ 2 , Amelia ) AND dust . theme ( x _ 2 , x _ 1 ) AND dust . agent ( x _ 3 , Liam ) AND dust . theme ( x _ 3 , x _ 1 )	elips_VPE_in_dist
The dog adored the girl and so did the monkey .	* dog ( x _ 0 ) ; * girl ( x _ 3 ) ; * monkey ( x _ 2 ) ; adore . agent ( x _ 4 , x _ 0 ) AND adore . theme ( x _ 4 , x _ 3 ) AND adore . agent ( x _ 5 , x _ 2 ) AND adore . theme ( x _ 5 , x _ 3 )	elips_VPE_in_dist
James hoped that Harper liked the donut and so did the girl .	* donut ( x _ 2 ) ; * girl ( x _ 1 ) ; hope . agent ( x _ 3 , James ) AND hope . ccomp ( x _ 3, x _ 4 ) AND like . agent ( x _ 4 , Harper ) AND like . theme ( x _ 4 , x _ 2 ) AND hope . agent ( x _ 5 , x _ 1 ) AND hope . ccomp ( x _ 5, x _ 6 ) AND like . agent ( x _ 6 , Harper ) AND like . theme ( x _ 6 , x _ 2 )	elips_VPE_in_dist
The mouse proved that Emma found the donut and so did the cat .	* mouse ( x _ 0 ) ; * donut ( x _ 3 ) ; * cat ( x _ 2 ) ; prove . agent ( x _ 4 , x _ 0 ) AND prove . ccomp ( x _ 4, x _ 5 ) AND find . agent ( x _ 5 , Emma ) AND find . theme ( x _ 5 , x _ 3 ) AND prove . agent ( x _ 6 , x _ 2 ) AND prove . ccomp ( x _ 6, x _ 7 ) AND find . agent ( x _ 7 , Emma ) AND find . theme ( x _ 7 , x _ 3 )	elips_VPE_in_dist
A boy hoped that a turtle liked a cake and so did Ella .	boy ( x _ 0 ) AND turtle ( x _ 3 ) AND cake ( x _ 4 ) AND hope . agent ( x _ 5 , x _ 0 ) AND hope . ccomp ( x _ 5, x _ 6 ) AND like . agent ( x _ 6 , x _ 3 ) AND like . theme ( x _ 6 , x _ 4 ) AND hope . agent ( x _ 7 , Ella ) AND hope . ccomp ( x _ 7, x _ 8 ) AND like . agent ( x _ 8 , x _ 3 ) AND like . theme ( x _ 8 , x _ 4 )	elips_VPE_in_dist
Liam sketched the brick and so did the cat .	* brick ( x _ 2 ) ; * cat ( x _ 1 ) ; sketch . agent ( x _ 3 , Liam ) AND sketch . theme ( x _ 3 , x _ 2 ) AND sketch . agent ( x _ 4 , x _ 1 ) AND sketch . theme ( x _ 4 , x _ 2 )	elips_VPE_in_dist
Emma said that Liam cooked a cake and so did Ava .	cake ( x _ 1 ) AND say . agent ( x _ 2 , Emma ) AND say . ccomp ( x _ 2, x _ 3 ) AND cook . agent ( x _ 3 , Liam ) AND cook . theme ( x _ 3 , x _ 1 ) AND say . agent ( x _ 4 , Ava ) AND say . ccomp ( x _ 4, x _ 5 ) AND cook . agent ( x _ 5 , Liam ) AND cook . theme ( x _ 5 , x _ 1 )	elips_VPE_in_dist
Evelyn missed a ball and so did the chicken .	* chicken ( x _ 1 ) ; ball ( x _ 2 ) AND miss . agent ( x _ 3 , Evelyn ) AND miss . theme ( x _ 3 , x _ 2 ) AND miss . agent ( x _ 4 , x _ 1 ) AND miss . theme ( x _ 4 , x _ 2 )	elips_VPE_in_dist
Layla liked that Liam missed a pancake and so did Emma .	pancake ( x _ 1 ) AND like . agent ( x _ 2 , Layla ) AND like . ccomp ( x _ 2, x _ 3 ) AND miss . agent ( x _ 3 , Liam ) AND miss . theme ( x _ 3 , x _ 1 ) AND like . agent ( x _ 4 , Emma ) AND like . ccomp ( x _ 4, x _ 5 ) AND miss . agent ( x _ 5 , Liam ) AND miss . theme ( x _ 5 , x _ 1 )	elips_VPE_in_dist
Harper missed the wolf and so did the frog .	* wolf ( x _ 2 ) ; * frog ( x _ 1 ) ; miss . agent ( x _ 3 , Harper ) AND miss . theme ( x _ 3 , x _ 2 ) AND miss . agent ( x _ 4 , x _ 1 ) AND miss . theme ( x _ 4 , x _ 2 )	elips_VPE_in_dist
The girl liked the nail and so did Michael .	* girl ( x _ 0 ) ; * nail ( x _ 2 ) ; like . agent ( x _ 3 , x _ 0 ) AND like . theme ( x _ 3 , x _ 2 ) AND like . agent ( x _ 4 , Michael ) AND like . theme ( x _ 4 , x _ 2 )	elips_VPE_in_dist
A girl admired a melon and so did the boy .	* boy ( x _ 2 ) ; girl ( x _ 0 ) AND melon ( x _ 3 ) AND admire . agent ( x _ 4 , x _ 0 ) AND admire . theme ( x _ 4 , x _ 3 ) AND admire . agent ( x _ 5 , x _ 2 ) AND admire . theme ( x _ 5 , x _ 3 )	elips_VPE_in_dist
Aubrey thought that Isabella adored the child and so did Liam .	* child ( x _ 1 ) ; think . agent ( x _ 2 , Aubrey ) AND think . ccomp ( x _ 2, x _ 3 ) AND adore . agent ( x _ 3 , Isabella ) AND adore . theme ( x _ 3 , x _ 1 ) AND think . agent ( x _ 4 , Liam ) AND think . ccomp ( x _ 4, x _ 5 ) AND adore . agent ( x _ 5 , Isabella ) AND adore . theme ( x _ 5 , x _ 1 )	elips_VPE_in_dist
The girl admired the cake and so did the monster .	* girl ( x _ 0 ) ; * cake ( x _ 3 ) ; * monster ( x _ 2 ) ; admire . agent ( x _ 4 , x _ 0 ) AND admire . theme ( x _ 4 , x _ 3 ) AND admire . agent ( x _ 5 , x _ 2 ) AND admire . theme ( x _ 5 , x _ 3 )	elips_VPE_in_dist
Samuel liked that Liam liked Jack and so did Alexander .	like . agent ( x _ 0 , Samuel ) AND like . ccomp ( x _ 0, x _ 1 ) AND like . agent ( x _ 1 , Liam ) AND like . theme ( x _ 1 , Jack ) AND like . agent ( x _ 2 , Alexander ) AND like . ccomp ( x _ 2, x _ 3 ) AND like . agent ( x _ 3 , Liam ) AND like . theme ( x _ 3 , Jack )	elips_VPE_in_dist
A girl hoped that the teacher found a boy and so did Emma .	* teacher ( x _ 3 ) ; girl ( x _ 0 ) AND boy ( x _ 4 ) AND hope . agent ( x _ 5 , x _ 0 ) AND hope . ccomp ( x _ 5, x _ 6 ) AND find . agent ( x _ 6 , x _ 3 ) AND find . theme ( x _ 6 , x _ 4 ) AND hope . agent ( x _ 7 , Emma ) AND hope . ccomp ( x _ 7, x _ 8 ) AND find . agent ( x _ 8 , x _ 3 ) AND find . theme ( x _ 8 , x _ 4 )	elips_VPE_in_dist
The girl drew Grayson and so did the frog .	* girl ( x _ 0 ) ; * frog ( x _ 1 ) ; draw . agent ( x _ 2 , x _ 0 ) AND draw . theme ( x _ 2 , Grayson ) AND draw . agent ( x _ 3 , x _ 1 ) AND draw . theme ( x _ 3 , Grayson )	elips_VPE_in_dist
David cooked Zoey and so did the cat .	* cat ( x _ 0 ) ; cook . agent ( x _ 1 , David ) AND cook . theme ( x _ 1 , Zoey ) AND cook . agent ( x _ 2 , x _ 0 ) AND cook . theme ( x _ 2 , Zoey )	elips_VPE_in_dist
Charlotte ate the yogurt and so did Emma .	* yogurt ( x _ 1 ) ; eat . agent ( x _ 2 , Charlotte ) AND eat . theme ( x _ 2 , x _ 1 ) AND eat . agent ( x _ 3 , Emma ) AND eat . theme ( x _ 3 , x _ 1 )	elips_VPE_in_dist
William hoped that the girl appreciated a radio and so did Liam .	* girl ( x _ 2 ) ; radio ( x _ 3 ) AND hope . agent ( x _ 4 , William ) AND hope . ccomp ( x _ 4, x _ 5 ) AND appreciate . agent ( x _ 5 , x _ 2 ) AND appreciate . theme ( x _ 5 , x _ 3 ) AND hope . agent ( x _ 6 , Liam ) AND hope . ccomp ( x _ 6, x _ 7 ) AND appreciate . agent ( x _ 7 , x _ 2 ) AND appreciate . theme ( x _ 7 , x _ 3 )	elips_VPE_in_dist
Emma ate a cookie and so did Lincoln .	cookie ( x _ 1 ) AND eat . agent ( x _ 2 , Emma ) AND eat . theme ( x _ 2 , x _ 1 ) AND eat . agent ( x _ 3 , Lincoln ) AND eat . theme ( x _ 3 , x _ 1 )	elips_VPE_in_dist
Ava hunted Jack and so did Emma .	hunt . agent ( x _ 0 , Ava ) AND hunt . theme ( x _ 0 , Jack ) AND hunt . agent ( x _ 1 , Emma ) AND hunt . theme ( x _ 1 , Jack )	elips_VPE_in_dist
Benjamin liked that a girl liked a cookie and so did Emma .	girl ( x _ 2 ) AND cookie ( x _ 3 ) AND like . agent ( x _ 4 , Benjamin ) AND like . ccomp ( x _ 4, x _ 5 ) AND like . agent ( x _ 5 , x _ 2 ) AND like . theme ( x _ 5 , x _ 3 ) AND like . agent ( x _ 6 , Emma ) AND like . ccomp ( x _ 6, x _ 7 ) AND like . agent ( x _ 7 , x _ 2 ) AND like . theme ( x _ 7 , x _ 3 )	elips_VPE_in_dist
A baby hoped that the boy ate a rose and so did Emma .	* boy ( x _ 3 ) ; baby ( x _ 0 ) AND rose ( x _ 4 ) AND hope . agent ( x _ 5 , x _ 0 ) AND hope . ccomp ( x _ 5, x _ 6 ) AND eat . agent ( x _ 6 , x _ 3 ) AND eat . theme ( x _ 6 , x _ 4 ) AND hope . agent ( x _ 7 , Emma ) AND hope . ccomp ( x _ 7, x _ 8 ) AND eat . agent ( x _ 8 , x _ 3 ) AND eat . theme ( x _ 8 , x _ 4 )	elips_VPE_in_dist
Ava painted a cat and so did the baby .	* baby ( x _ 1 ) ; cat ( x _ 2 ) AND paint . agent ( x _ 3 , Ava ) AND paint . theme ( x _ 3 , x _ 2 ) AND paint . agent ( x _ 4 , x _ 1 ) AND paint . theme ( x _ 4 , x _ 2 )	elips_VPE_in_dist
The girl loved a bear and so did Lillian .	* girl ( x _ 0 ) ; bear ( x _ 2 ) AND love . agent ( x _ 3 , x _ 0 ) AND love . theme ( x _ 3 , x _ 2 ) AND love . agent ( x _ 4 , Lillian ) AND love . theme ( x _ 4 , x _ 2 )	elips_VPE_in_dist
Amelia painted the baby and so did Emma .	* baby ( x _ 1 ) ; paint . agent ( x _ 2 , Amelia ) AND paint . theme ( x _ 2 , x _ 1 ) AND paint . agent ( x _ 3 , Emma ) AND paint . theme ( x _ 3 , x _ 1 )	elips_VPE_in_dist
A dog said that Charlotte liked a chalk and so did Liam .	dog ( x _ 0 ) AND chalk ( x _ 2 ) AND say . agent ( x _ 3 , x _ 0 ) AND say . ccomp ( x _ 3, x _ 4 ) AND like . agent ( x _ 4 , Charlotte ) AND like . theme ( x _ 4 , x _ 2 ) AND say . agent ( x _ 5 , Liam ) AND say . ccomp ( x _ 5, x _ 6 ) AND like . agent ( x _ 6 , Charlotte ) AND like . theme ( x _ 6 , x _ 2 )	elips_VPE_in_dist
Liam ate the ball and so did the queen .	* ball ( x _ 2 ) ; * queen ( x _ 1 ) ; eat . agent ( x _ 3 , Liam ) AND eat . theme ( x _ 3 , x _ 2 ) AND eat . agent ( x _ 4 , x _ 1 ) AND eat . theme ( x _ 4 , x _ 2 )	elips_VPE_in_dist
Jack liked a cake and so did a student .	cake ( x _ 2 ) AND student ( x _ 1 ) AND like . agent ( x _ 3 , Jack ) AND like . theme ( x _ 3 , x _ 2 ) AND like . agent ( x _ 4 , x _ 1 ) AND like . theme ( x _ 4 , x _ 2 )	elips_VPE_in_dist
The giraffe helped the bunny and so did Emma .	* giraffe ( x _ 0 ) ; * bunny ( x _ 2 ) ; help . agent ( x _ 3 , x _ 0 ) AND help . theme ( x _ 3 , x _ 2 ) AND help . agent ( x _ 4 , Emma ) AND help . theme ( x _ 4 , x _ 2 )	elips_VPE_in_dist
A monkey said that William ate Layla and so did the girl .	* girl ( x _ 1 ) ; monkey ( x _ 0 ) AND say . agent ( x _ 2 , x _ 0 ) AND say . ccomp ( x _ 2, x _ 3 ) AND eat . agent ( x _ 3 , William ) AND eat . theme ( x _ 3 , Layla ) AND say . agent ( x _ 4 , x _ 1 ) AND say . ccomp ( x _ 4, x _ 5 ) AND eat . agent ( x _ 5 , William ) AND eat . theme ( x _ 5 , Layla )	elips_VPE_in_dist
A girl believed that a goose liked Penelope and so did the director .	* director ( x _ 2 ) ; girl ( x _ 0 ) AND goose ( x _ 3 ) AND believe . agent ( x _ 4 , x _ 0 ) AND believe . ccomp ( x _ 4, x _ 5 ) AND like . agent ( x _ 5 , x _ 3 ) AND like . theme ( x _ 5 , Penelope ) AND believe . agent ( x _ 6 , x _ 2 ) AND believe . ccomp ( x _ 6, x _ 7 ) AND like . agent ( x _ 7 , x _ 3 ) AND like . theme ( x _ 7 , Penelope )	elips_VPE_in_dist
Olivia ate the monkey and so did a girl .	* monkey ( x _ 2 ) ; girl ( x _ 1 ) AND eat . agent ( x _ 3 , Olivia ) AND eat . theme ( x _ 3 , x _ 2 ) AND eat . agent ( x _ 4 , x _ 1 ) AND eat . theme ( x _ 4 , x _ 2 )	elips_VPE_in_dist
Liam liked that a boy painted the hammer and so did the girl .	* hammer ( x _ 4 ) ; * girl ( x _ 2 ) ; boy ( x _ 3 ) AND like . agent ( x _ 5 , Liam ) AND like . ccomp ( x _ 5, x _ 6 ) AND paint . agent ( x _ 6 , x _ 3 ) AND paint . theme ( x _ 6 , x _ 4 ) AND like . agent ( x _ 7 , x _ 2 ) AND like . ccomp ( x _ 7, x _ 8 ) AND paint . agent ( x _ 8 , x _ 3 ) AND paint . theme ( x _ 8 , x _ 4 )	elips_VPE_in_dist
The crocodile liked the donut and so did Oliver .	* crocodile ( x _ 0 ) ; * donut ( x _ 2 ) ; like . agent ( x _ 3 , x _ 0 ) AND like . theme ( x _ 3 , x _ 2 ) AND like . agent ( x _ 4 , Oliver ) AND like . theme ( x _ 4 , x _ 2 )	elips_VPE_in_dist
Ella painted a cake and so did a cat .	cake ( x _ 2 ) AND cat ( x _ 1 ) AND paint . agent ( x _ 3 , Ella ) AND paint . theme ( x _ 3 , x _ 2 ) AND paint . agent ( x _ 4 , x _ 1 ) AND paint . theme ( x _ 4 , x _ 2 )	elips_VPE_in_dist
The boy loved Caleb and so did Emma .	* boy ( x _ 0 ) ; love . agent ( x _ 1 , x _ 0 ) AND love . theme ( x _ 1 , Caleb ) AND love . agent ( x _ 2 , Emma ) AND love . theme ( x _ 2 , Caleb )	elips_VPE_in_dist
Emma loved a donut and so did a girl .	donut ( x _ 2 ) AND girl ( x _ 1 ) AND love . agent ( x _ 3 , Emma ) AND love . theme ( x _ 3 , x _ 2 ) AND love . agent ( x _ 4 , x _ 1 ) AND love . theme ( x _ 4 , x _ 2 )	elips_VPE_in_dist
William painted the dog and so did Oliver .	* dog ( x _ 1 ) ; paint . agent ( x _ 2 , William ) AND paint . theme ( x _ 2 , x _ 1 ) AND paint . agent ( x _ 3 , Oliver ) AND paint . theme ( x _ 3 , x _ 1 )	elips_VPE_in_dist
The teacher hoped that a pupil found a box and so did Liam .	* teacher ( x _ 0 ) ; pupil ( x _ 3 ) AND box ( x _ 4 ) AND hope . agent ( x _ 5 , x _ 0 ) AND hope . ccomp ( x _ 5, x _ 6 ) AND find . agent ( x _ 6 , x _ 3 ) AND find . theme ( x _ 6 , x _ 4 ) AND hope . agent ( x _ 7 , Liam ) AND hope . ccomp ( x _ 7, x _ 8 ) AND find . agent ( x _ 8 , x _ 3 ) AND find . theme ( x _ 8 , x _ 4 )	elips_VPE_in_dist
Emma appreciated that the cat helped Bella and so did a fly .	* cat ( x _ 2 ) ; fly ( x _ 1 ) AND appreciate . agent ( x _ 3 , Emma ) AND appreciate . ccomp ( x _ 3, x _ 4 ) AND help . agent ( x _ 4 , x _ 2 ) AND help . theme ( x _ 4 , Bella ) AND appreciate . agent ( x _ 5 , x _ 1 ) AND appreciate . ccomp ( x _ 5, x _ 6 ) AND help . agent ( x _ 6 , x _ 2 ) AND help . theme ( x _ 6 , Bella )	elips_VPE_in_dist
Emma liked that the lamb nursed the block and so did a girl .	* lamb ( x _ 3 ) ; * block ( x _ 4 ) ; girl ( x _ 2 ) AND like . agent ( x _ 5 , Emma ) AND like . ccomp ( x _ 5, x _ 6 ) AND nurse . agent ( x _ 6 , x _ 3 ) AND nurse . theme ( x _ 6 , x _ 4 ) AND like . agent ( x _ 7 , x _ 2 ) AND like . ccomp ( x _ 7, x _ 8 ) AND nurse . agent ( x _ 8 , x _ 3 ) AND nurse . theme ( x _ 8 , x _ 4 )	elips_VPE_in_dist
Harper respected the girl and so did the boy .	* girl ( x _ 2 ) ; * boy ( x _ 1 ) ; respect . agent ( x _ 3 , Harper ) AND respect . theme ( x _ 3 , x _ 2 ) AND respect . agent ( x _ 4 , x _ 1 ) AND respect . theme ( x _ 4 , x _ 2 )	elips_VPE_in_dist
Emma helped the cake and so did Amelia .	* cake ( x _ 1 ) ; help . agent ( x _ 2 , Emma ) AND help . theme ( x _ 2 , x _ 1 ) AND help . agent ( x _ 3 , Amelia ) AND help . theme ( x _ 3 , x _ 1 )	elips_VPE_in_dist
Liam helped the boy and so did Emma .	* boy ( x _ 1 ) ; help . agent ( x _ 2 , Liam ) AND help . theme ( x _ 2 , x _ 1 ) AND help . agent ( x _ 3 , Emma ) AND help . theme ( x _ 3 , x _ 1 )	elips_VPE_in_dist
A squirrel liked Wyatt and so did the girl .	* girl ( x _ 1 ) ; squirrel ( x _ 0 ) AND like . agent ( x _ 2 , x _ 0 ) AND like . theme ( x _ 2 , Wyatt ) AND like . agent ( x _ 3 , x _ 1 ) AND like . theme ( x _ 3 , Wyatt )	elips_VPE_in_dist
Violet ate the gumball and so did the host .	* gumball ( x _ 2 ) ; * host ( x _ 1 ) ; eat . agent ( x _ 3 , Violet ) AND eat . theme ( x _ 3 , x _ 2 ) AND eat . agent ( x _ 4 , x _ 1 ) AND eat . theme ( x _ 4 , x _ 2 )	elips_VPE_in_dist
A baby loved Jayden and so did Abigail .	baby ( x _ 0 ) AND love . agent ( x _ 1 , x _ 0 ) AND love . theme ( x _ 1 , Jayden ) AND love . agent ( x _ 2 , Abigail ) AND love . theme ( x _ 2 , Jayden )	elips_VPE_in_dist
The girl poked a cake and so did Liam .	* girl ( x _ 0 ) ; cake ( x _ 2 ) AND poke . agent ( x _ 3 , x _ 0 ) AND poke . theme ( x _ 3 , x _ 2 ) AND poke . agent ( x _ 4 , Liam ) AND poke . theme ( x _ 4 , x _ 2 )	elips_VPE_in_dist
Olivia liked the cookie and so did William .	* cookie ( x _ 1 ) ; like . agent ( x _ 2 , Olivia ) AND like . theme ( x _ 2 , x _ 1 ) AND like . agent ( x _ 3 , William ) AND like . theme ( x _ 3 , x _ 1 )	elips_VPE_in_dist
A scientist liked Penelope and so did a crocodile .	scientist ( x _ 0 ) AND crocodile ( x _ 1 ) AND like . agent ( x _ 2 , x _ 0 ) AND like . theme ( x _ 2 , Penelope ) AND like . agent ( x _ 3 , x _ 1 ) AND like . theme ( x _ 3 , Penelope )	elips_VPE_in_dist
Emma nursed a raisin and so did the boy .	* boy ( x _ 1 ) ; raisin ( x _ 2 ) AND nurse . agent ( x _ 3 , Emma ) AND nurse . theme ( x _ 3 , x _ 2 ) AND nurse . agent ( x _ 4 , x _ 1 ) AND nurse . theme ( x _ 4 , x _ 2 )	elips_VPE_in_dist
Thomas hoped that a girl appreciated a dog and so did Audrey .	girl ( x _ 2 ) AND dog ( x _ 3 ) AND hope . agent ( x _ 4 , Thomas ) AND hope . ccomp ( x _ 4, x _ 5 ) AND appreciate . agent ( x _ 5 , x _ 2 ) AND appreciate . theme ( x _ 5 , x _ 3 ) AND hope . agent ( x _ 6 , Audrey ) AND hope . ccomp ( x _ 6, x _ 7 ) AND appreciate . agent ( x _ 7 , x _ 2 ) AND appreciate . theme ( x _ 7 , x _ 3 )	elips_VPE_in_dist
The teacher liked that the horse ate a cake and so did Riley .	* teacher ( x _ 0 ) ; * horse ( x _ 3 ) ; cake ( x _ 4 ) AND like . agent ( x _ 5 , x _ 0 ) AND like . ccomp ( x _ 5, x _ 6 ) AND eat . agent ( x _ 6 , x _ 3 ) AND eat . theme ( x _ 6 , x _ 4 ) AND like . agent ( x _ 7 , Riley ) AND like . ccomp ( x _ 7, x _ 8 ) AND eat . agent ( x _ 8 , x _ 3 ) AND eat . theme ( x _ 8 , x _ 4 )	elips_VPE_in_dist
Sophia thought that Emma painted a girl and so did the guest .	* guest ( x _ 1 ) ; girl ( x _ 2 ) AND think . agent ( x _ 3 , Sophia ) AND think . ccomp ( x _ 3, x _ 4 ) AND paint . agent ( x _ 4 , Emma ) AND paint . theme ( x _ 4 , x _ 2 ) AND think . agent ( x _ 5 , x _ 1 ) AND think . ccomp ( x _ 5, x _ 6 ) AND paint . agent ( x _ 6 , Emma ) AND paint . theme ( x _ 6 , x _ 2 )	elips_VPE_in_dist
Eleanor found the girl and so did the journalist .	* girl ( x _ 2 ) ; * journalist ( x _ 1 ) ; find . agent ( x _ 3 , Eleanor ) AND find . theme ( x _ 3 , x _ 2 ) AND find . agent ( x _ 4 , x _ 1 ) AND find . theme ( x _ 4 , x _ 2 )	elips_VPE_in_dist
The bunny liked that the cat juggled the bee and so did William .	* bunny ( x _ 0 ) ; * cat ( x _ 3 ) ; * bee ( x _ 4 ) ; like . agent ( x _ 5 , x _ 0 ) AND like . ccomp ( x _ 5, x _ 6 ) AND juggle . agent ( x _ 6 , x _ 3 ) AND juggle . theme ( x _ 6 , x _ 4 ) AND like . agent ( x _ 7 , William ) AND like . ccomp ( x _ 7, x _ 8 ) AND juggle . agent ( x _ 8 , x _ 3 ) AND juggle . theme ( x _ 8 , x _ 4 )	elips_VPE_in_dist
The boy painted a block and so did a baby .	* boy ( x _ 0 ) ; block ( x _ 3 ) AND baby ( x _ 2 ) AND paint . agent ( x _ 4 , x _ 0 ) AND paint . theme ( x _ 4 , x _ 3 ) AND paint . agent ( x _ 5 , x _ 2 ) AND paint . theme ( x _ 5 , x _ 3 )	elips_VPE_in_dist
The baby liked the cake and so did the girl .	* baby ( x _ 0 ) ; * cake ( x _ 3 ) ; * girl ( x _ 2 ) ; like . agent ( x _ 4 , x _ 0 ) AND like . theme ( x _ 4 , x _ 3 ) AND like . agent ( x _ 5 , x _ 2 ) AND like . theme ( x _ 5 , x _ 3 )	elips_VPE_in_dist
The boy liked that Olivia poked a cookie and so did the girl .	* boy ( x _ 0 ) ; * girl ( x _ 2 ) ; cookie ( x _ 3 ) AND like . agent ( x _ 4 , x _ 0 ) AND like . ccomp ( x _ 4, x _ 5 ) AND poke . agent ( x _ 5 , Olivia ) AND poke . theme ( x _ 5 , x _ 3 ) AND like . agent ( x _ 6 , x _ 2 ) AND like . ccomp ( x _ 6, x _ 7 ) AND poke . agent ( x _ 7 , Olivia ) AND poke . theme ( x _ 7 , x _ 3 )	elips_VPE_in_dist
William liked Penelope and so did Emma .	like . agent ( x _ 0 , William ) AND like . theme ( x _ 0 , Penelope ) AND like . agent ( x _ 1 , Emma ) AND like . theme ( x _ 1 , Penelope )	elips_VPE_in_dist
Oliver liked that Liam ate Aubrey and so did a kid .	kid ( x _ 0 ) AND like . agent ( x _ 1 , Oliver ) AND like . ccomp ( x _ 1, x _ 2 ) AND eat . agent ( x _ 2 , Liam ) AND eat . theme ( x _ 2 , Aubrey ) AND like . agent ( x _ 3 , x _ 0 ) AND like . ccomp ( x _ 3, x _ 4 ) AND eat . agent ( x _ 4 , Liam ) AND eat . theme ( x _ 4 , Aubrey )	elips_VPE_in_dist
The boy juggled Penelope and so did Mia .	* boy ( x _ 0 ) ; juggle . agent ( x _ 1 , x _ 0 ) AND juggle . theme ( x _ 1 , Penelope ) AND juggle . agent ( x _ 2 , Mia ) AND juggle . theme ( x _ 2 , Penelope )	elips_VPE_in_dist
The frog noticed that a girl dusted the cake and so did the puppy .	* frog ( x _ 0 ) ; * cake ( x _ 5 ) ; * puppy ( x _ 3 ) ; girl ( x _ 4 ) AND notice . agent ( x _ 6 , x _ 0 ) AND notice . ccomp ( x _ 6, x _ 7 ) AND dust . agent ( x _ 7 , x _ 4 ) AND dust . theme ( x _ 7 , x _ 5 ) AND notice . agent ( x _ 8 , x _ 3 ) AND notice . ccomp ( x _ 8, x _ 9 ) AND dust . agent ( x _ 9 , x _ 4 ) AND dust . theme ( x _ 9 , x _ 5 )	elips_VPE_in_dist
The queen hoped that Emma liked a jigsaw and so did Ava .	* queen ( x _ 0 ) ; jigsaw ( x _ 2 ) AND hope . agent ( x _ 3 , x _ 0 ) AND hope . ccomp ( x _ 3, x _ 4 ) AND like . agent ( x _ 4 , Emma ) AND like . theme ( x _ 4 , x _ 2 ) AND hope . agent ( x _ 5 , Ava ) AND hope . ccomp ( x _ 5, x _ 6 ) AND like . agent ( x _ 6 , Emma ) AND like . theme ( x _ 6 , x _ 2 )	elips_VPE_in_dist
A girl respected the jigsaw and so did Liam .	* jigsaw ( x _ 2 ) ; girl ( x _ 0 ) AND respect . agent ( x _ 3 , x _ 0 ) AND respect . theme ( x _ 3 , x _ 2 ) AND respect . agent ( x _ 4 , Liam ) AND respect . theme ( x _ 4 , x _ 2 )	elips_VPE_in_dist
A girl juggled the drink and so did a mouse .	* drink ( x _ 3 ) ; girl ( x _ 0 ) AND mouse ( x _ 2 ) AND juggle . agent ( x _ 4 , x _ 0 ) AND juggle . theme ( x _ 4 , x _ 3 ) AND juggle . agent ( x _ 5 , x _ 2 ) AND juggle . theme ( x _ 5 , x _ 3 )	elips_VPE_in_dist
Ava liked that Olivia poked Brooklyn and so did Noah .	like . agent ( x _ 0 , Ava ) AND like . ccomp ( x _ 0, x _ 1 ) AND poke . agent ( x _ 1 , Olivia ) AND poke . theme ( x _ 1 , Brooklyn ) AND like . agent ( x _ 2 , Noah ) AND like . ccomp ( x _ 2, x _ 3 ) AND poke . agent ( x _ 3 , Olivia ) AND poke . theme ( x _ 3 , Brooklyn )	elips_VPE_in_dist
Noah liked Penelope and so did Emma .	like . agent ( x _ 0 , Noah ) AND like . theme ( x _ 0 , Penelope ) AND like . agent ( x _ 1 , Emma ) AND like . theme ( x _ 1 , Penelope )	elips_VPE_in_dist
Violet admired the cake and so did Sophia .	* cake ( x _ 1 ) ; admire . agent ( x _ 2 , Violet ) AND admire . theme ( x _ 2 , x _ 1 ) AND admire . agent ( x _ 3 , Sophia ) AND admire . theme ( x _ 3 , x _ 1 )	elips_VPE_in_dist
The boy liked a drink and so did a girl .	* boy ( x _ 0 ) ; drink ( x _ 3 ) AND girl ( x _ 2 ) AND like . agent ( x _ 4 , x _ 0 ) AND like . theme ( x _ 4 , x _ 3 ) AND like . agent ( x _ 5 , x _ 2 ) AND like . theme ( x _ 5 , x _ 3 )	elips_VPE_in_dist
Liam liked that a dog found a cake and so did Logan .	dog ( x _ 2 ) AND cake ( x _ 3 ) AND like . agent ( x _ 4 , Liam ) AND like . ccomp ( x _ 4, x _ 5 ) AND find . agent ( x _ 5 , x _ 2 ) AND find . theme ( x _ 5 , x _ 3 ) AND like . agent ( x _ 6 , Logan ) AND like . ccomp ( x _ 6, x _ 7 ) AND find . agent ( x _ 7 , x _ 2 ) AND find . theme ( x _ 7 , x _ 3 )	elips_VPE_in_dist
Isabella tolerated that a professor found Theodore and so did the penguin .	* penguin ( x _ 1 ) ; professor ( x _ 2 ) AND tolerate . agent ( x _ 3 , Isabella ) AND tolerate . ccomp ( x _ 3, x _ 4 ) AND find . agent ( x _ 4 , x _ 2 ) AND find . theme ( x _ 4 , Theodore ) AND tolerate . agent ( x _ 5 , x _ 1 ) AND tolerate . ccomp ( x _ 5, x _ 6 ) AND find . agent ( x _ 6 , x _ 2 ) AND find . theme ( x _ 6 , Theodore )	elips_VPE_in_dist
The girl loved the book and so did Elizabeth .	* girl ( x _ 0 ) ; * book ( x _ 2 ) ; love . agent ( x _ 3 , x _ 0 ) AND love . theme ( x _ 3 , x _ 2 ) AND love . agent ( x _ 4 , Elizabeth ) AND love . theme ( x _ 4 , x _ 2 )	elips_VPE_in_dist
A goose noticed that Emma juggled Wyatt and so did Liam .	goose ( x _ 0 ) AND notice . agent ( x _ 1 , x _ 0 ) AND notice . ccomp ( x _ 1, x _ 2 ) AND juggle . agent ( x _ 2 , Emma ) AND juggle . theme ( x _ 2 , Wyatt ) AND notice . agent ( x _ 3 , Liam ) AND notice . ccomp ( x _ 3, x _ 4 ) AND juggle . agent ( x _ 4 , Emma ) AND juggle . theme ( x _ 4 , Wyatt )	elips_VPE_in_dist
Liam ate the raisin and so did a monkey .	* raisin ( x _ 2 ) ; monkey ( x _ 1 ) AND eat . agent ( x _ 3 , Liam ) AND eat . theme ( x _ 3 , x _ 2 ) AND eat . agent ( x _ 4 , x _ 1 ) AND eat . theme ( x _ 4 , x _ 2 )	elips_VPE_in_dist
Emma ate a toy and so did Olivia .	toy ( x _ 1 ) AND eat . agent ( x _ 2 , Emma ) AND eat . theme ( x _ 2 , x _ 1 ) AND eat . agent ( x _ 3 , Olivia ) AND eat . theme ( x _ 3 , x _ 1 )	elips_VPE_in_dist
Jackson helped the pumpkin and so did a queen .	* pumpkin ( x _ 2 ) ; queen ( x _ 1 ) AND help . agent ( x _ 3 , Jackson ) AND help . theme ( x _ 3 , x _ 2 ) AND help . agent ( x _ 4 , x _ 1 ) AND help . theme ( x _ 4 , x _ 2 )	elips_VPE_in_dist
David confessed that Aria ate the boy and so did the coach .	* boy ( x _ 2 ) ; * coach ( x _ 1 ) ; confess . agent ( x _ 3 , David ) AND confess . ccomp ( x _ 3, x _ 4 ) AND eat . agent ( x _ 4 , Aria ) AND eat . theme ( x _ 4 , x _ 2 ) AND confess . agent ( x _ 5 , x _ 1 ) AND confess . ccomp ( x _ 5, x _ 6 ) AND eat . agent ( x _ 6 , Aria ) AND eat . theme ( x _ 6 , x _ 2 )	elips_VPE_in_dist
Olivia poked a cake and so did Emma .	cake ( x _ 1 ) AND poke . agent ( x _ 2 , Olivia ) AND poke . theme ( x _ 2 , x _ 1 ) AND poke . agent ( x _ 3 , Emma ) AND poke . theme ( x _ 3 , x _ 1 )	elips_VPE_in_dist
Emma painted the girl and so did Luna .	* girl ( x _ 1 ) ; paint . agent ( x _ 2 , Emma ) AND paint . theme ( x _ 2 , x _ 1 ) AND paint . agent ( x _ 3 , Luna ) AND paint . theme ( x _ 3 , x _ 1 )	elips_VPE_in_dist
The baby loved a mouse and so did Mateo .	* baby ( x _ 0 ) ; mouse ( x _ 2 ) AND love . agent ( x _ 3 , x _ 0 ) AND love . theme ( x _ 3 , x _ 2 ) AND love . agent ( x _ 4 , Mateo ) AND love . theme ( x _ 4 , x _ 2 )	elips_VPE_in_dist
Sofia liked a girl and so did the giraffe .	* giraffe ( x _ 1 ) ; girl ( x _ 2 ) AND like . agent ( x _ 3 , Sofia ) AND like . theme ( x _ 3 , x _ 2 ) AND like . agent ( x _ 4 , x _ 1 ) AND like . theme ( x _ 4 , x _ 2 )	elips_VPE_in_dist
The dog dusted a boy and so did the girl .	* dog ( x _ 0 ) ; * girl ( x _ 2 ) ; boy ( x _ 3 ) AND dust . agent ( x _ 4 , x _ 0 ) AND dust . theme ( x _ 4 , x _ 3 ) AND dust . agent ( x _ 5 , x _ 2 ) AND dust . theme ( x _ 5 , x _ 3 )	elips_VPE_in_dist
A butterfly painted the box and so did a bunny .	* box ( x _ 3 ) ; butterfly ( x _ 0 ) AND bunny ( x _ 2 ) AND paint . agent ( x _ 4 , x _ 0 ) AND paint . theme ( x _ 4 , x _ 3 ) AND paint . agent ( x _ 5 , x _ 2 ) AND paint . theme ( x _ 5 , x _ 3 )	elips_VPE_in_dist
A girl dusted Layla and so did Sofia .	girl ( x _ 0 ) AND dust . agent ( x _ 1 , x _ 0 ) AND dust . theme ( x _ 1 , Layla ) AND dust . agent ( x _ 2 , Sofia ) AND dust . theme ( x _ 2 , Layla )	elips_VPE_in_dist
Olivia liked that Mia helped Layla and so did Emma .	like . agent ( x _ 0 , Olivia ) AND like . ccomp ( x _ 0, x _ 1 ) AND help . agent ( x _ 1 , Mia ) AND help . theme ( x _ 1 , Layla ) AND like . agent ( x _ 2 , Emma ) AND like . ccomp ( x _ 2, x _ 3 ) AND help . agent ( x _ 3 , Mia ) AND help . theme ( x _ 3 , Layla )	elips_VPE_in_dist
Mateo painted Stella and so did Benjamin .	paint . agent ( x _ 0 , Mateo ) AND paint . theme ( x _ 0 , Stella ) AND paint . agent ( x _ 1 , Benjamin ) AND paint . theme ( x _ 1 , Stella )	elips_VPE_in_dist
The monkey hoped that the dog ate Julian and so did a donkey .	* monkey ( x _ 0 ) ; * dog ( x _ 3 ) ; donkey ( x _ 2 ) AND hope . agent ( x _ 4 , x _ 0 ) AND hope . ccomp ( x _ 4, x _ 5 ) AND eat . agent ( x _ 5 , x _ 3 ) AND eat . theme ( x _ 5 , Julian ) AND hope . agent ( x _ 6 , x _ 2 ) AND hope . ccomp ( x _ 6, x _ 7 ) AND eat . agent ( x _ 7 , x _ 3 ) AND eat . theme ( x _ 7 , Julian )	elips_VPE_in_dist
A doctor ate Luke and so did a girl .	doctor ( x _ 0 ) AND girl ( x _ 1 ) AND eat . agent ( x _ 2 , x _ 0 ) AND eat . theme ( x _ 2 , Luke ) AND eat . agent ( x _ 3 , x _ 1 ) AND eat . theme ( x _ 3 , Luke )	elips_VPE_in_dist
Liam ate Nathan and so did a boy .	boy ( x _ 0 ) AND eat . agent ( x _ 1 , Liam ) AND eat . theme ( x _ 1 , Nathan ) AND eat . agent ( x _ 2 , x _ 0 ) AND eat . theme ( x _ 2 , Nathan )	elips_VPE_in_dist
A baby liked a dog and so did Oliver .	baby ( x _ 0 ) AND dog ( x _ 2 ) AND like . agent ( x _ 3 , x _ 0 ) AND like . theme ( x _ 3 , x _ 2 ) AND like . agent ( x _ 4 , Oliver ) AND like . theme ( x _ 4 , x _ 2 )	elips_VPE_in_dist
Madison sketched a cake and so did Owen .	cake ( x _ 1 ) AND sketch . agent ( x _ 2 , Madison ) AND sketch . theme ( x _ 2 , x _ 1 ) AND sketch . agent ( x _ 3 , Owen ) AND sketch . theme ( x _ 3 , x _ 1 )	elips_VPE_in_dist
The monkey liked the cat and so did the girl .	* monkey ( x _ 0 ) ; * cat ( x _ 3 ) ; * girl ( x _ 2 ) ; like . agent ( x _ 4 , x _ 0 ) AND like . theme ( x _ 4 , x _ 3 ) AND like . agent ( x _ 5 , x _ 2 ) AND like . theme ( x _ 5 , x _ 3 )	elips_VPE_in_dist
Noah cleaned a strawberry and so did Olivia .	strawberry ( x _ 1 ) AND clean . agent ( x _ 2 , Noah ) AND clean . theme ( x _ 2 , x _ 1 ) AND clean . agent ( x _ 3 , Olivia ) AND clean . theme ( x _ 3 , x _ 1 )	elips_VPE_in_dist
A duck respected that Emma helped a bee and so did Noah .	duck ( x _ 0 ) AND bee ( x _ 2 ) AND respect . agent ( x _ 3 , x _ 0 ) AND respect . ccomp ( x _ 3, x _ 4 ) AND help . agent ( x _ 4 , Emma ) AND help . theme ( x _ 4 , x _ 2 ) AND respect . agent ( x _ 5 , Noah ) AND respect . ccomp ( x _ 5, x _ 6 ) AND help . agent ( x _ 6 , Emma ) AND help . theme ( x _ 6 , x _ 2 )	elips_VPE_in_dist
Emma liked that a moose sketched the rose and so did the hero .	* rose ( x _ 4 ) ; * hero ( x _ 2 ) ; moose ( x _ 3 ) AND like . agent ( x _ 5 , Emma ) AND like . ccomp ( x _ 5, x _ 6 ) AND sketch . agent ( x _ 6 , x _ 3 ) AND sketch . theme ( x _ 6 , x _ 4 ) AND like . agent ( x _ 7 , x _ 2 ) AND like . ccomp ( x _ 7, x _ 8 ) AND sketch . agent ( x _ 8 , x _ 3 ) AND sketch . theme ( x _ 8 , x _ 4 )	elips_VPE_in_dist
The baby liked that Amelia helped the sandwich and so did a girl .	* baby ( x _ 0 ) ; * sandwich ( x _ 3 ) ; girl ( x _ 2 ) AND like . agent ( x _ 4 , x _ 0 ) AND like . ccomp ( x _ 4, x _ 5 ) AND help . agent ( x _ 5 , Amelia ) AND help . theme ( x _ 5 , x _ 3 ) AND like . agent ( x _ 6 , x _ 2 ) AND like . ccomp ( x _ 6, x _ 7 ) AND help . agent ( x _ 7 , Amelia ) AND help . theme ( x _ 7 , x _ 3 )	elips_VPE_in_dist
A monkey noticed that Emma sketched the donut and so did a coach .	* donut ( x _ 3 ) ; monkey ( x _ 0 ) AND coach ( x _ 2 ) AND notice . agent ( x _ 4 , x _ 0 ) AND notice . ccomp ( x _ 4, x _ 5 ) AND sketch . agent ( x _ 5 , Emma ) AND sketch . theme ( x _ 5 , x _ 3 ) AND notice . agent ( x _ 6 , x _ 2 ) AND notice . ccomp ( x _ 6, x _ 7 ) AND sketch . agent ( x _ 7 , Emma ) AND sketch . theme ( x _ 7 , x _ 3 )	elips_VPE_in_dist
A girl hoped that Emma dusted the baby and so did the hero .	* baby ( x _ 3 ) ; * hero ( x _ 2 ) ; girl ( x _ 0 ) AND hope . agent ( x _ 4 , x _ 0 ) AND hope . ccomp ( x _ 4, x _ 5 ) AND dust . agent ( x _ 5 , Emma ) AND dust . theme ( x _ 5 , x _ 3 ) AND hope . agent ( x _ 6 , x _ 2 ) AND hope . ccomp ( x _ 6, x _ 7 ) AND dust . agent ( x _ 7 , Emma ) AND dust . theme ( x _ 7 , x _ 3 )	elips_VPE_in_dist
The girl hoped that Mason ate Layla and so did David .	* girl ( x _ 0 ) ; hope . agent ( x _ 1 , x _ 0 ) AND hope . ccomp ( x _ 1, x _ 2 ) AND eat . agent ( x _ 2 , Mason ) AND eat . theme ( x _ 2 , Layla ) AND hope . agent ( x _ 3 , David ) AND hope . ccomp ( x _ 3, x _ 4 ) AND eat . agent ( x _ 4 , Mason ) AND eat . theme ( x _ 4 , Layla )	elips_VPE_in_dist
The captain ate the donut and so did Harper .	* captain ( x _ 0 ) ; * donut ( x _ 2 ) ; eat . agent ( x _ 3 , x _ 0 ) AND eat . theme ( x _ 3 , x _ 2 ) AND eat . agent ( x _ 4 , Harper ) AND eat . theme ( x _ 4 , x _ 2 )	elips_VPE_in_dist
Emma said that a boy found the cake and so did a girl .	* cake ( x _ 4 ) ; boy ( x _ 3 ) AND girl ( x _ 2 ) AND say . agent ( x _ 5 , Emma ) AND say . ccomp ( x _ 5, x _ 6 ) AND find . agent ( x _ 6 , x _ 3 ) AND find . theme ( x _ 6 , x _ 4 ) AND say . agent ( x _ 7 , x _ 2 ) AND say . ccomp ( x _ 7, x _ 8 ) AND find . agent ( x _ 8 , x _ 3 ) AND find . theme ( x _ 8 , x _ 4 )	elips_VPE_in_dist
Emma tolerated that Isabella drew John and so did a girl .	girl ( x _ 0 ) AND tolerate . agent ( x _ 1 , Emma ) AND tolerate . ccomp ( x _ 1, x _ 2 ) AND draw . agent ( x _ 2 , Isabella ) AND draw . theme ( x _ 2 , John ) AND tolerate . agent ( x _ 3 , x _ 0 ) AND tolerate . ccomp ( x _ 3, x _ 4 ) AND draw . agent ( x _ 4 , Isabella ) AND draw . theme ( x _ 4 , John )	elips_VPE_in_dist
Sophia respected that the child sketched Penelope and so did Emma .	* child ( x _ 1 ) ; respect . agent ( x _ 2 , Sophia ) AND respect . ccomp ( x _ 2, x _ 3 ) AND sketch . agent ( x _ 3 , x _ 1 ) AND sketch . theme ( x _ 3 , Penelope ) AND respect . agent ( x _ 4 , Emma ) AND respect . ccomp ( x _ 4, x _ 5 ) AND sketch . agent ( x _ 5 , x _ 1 ) AND sketch . theme ( x _ 5 , Penelope )	elips_VPE_in_dist
The boy liked that a cat helped a box and so did James .	* boy ( x _ 0 ) ; cat ( x _ 3 ) AND box ( x _ 4 ) AND like . agent ( x _ 5 , x _ 0 ) AND like . ccomp ( x _ 5, x _ 6 ) AND help . agent ( x _ 6 , x _ 3 ) AND help . theme ( x _ 6 , x _ 4 ) AND like . agent ( x _ 7 , James ) AND like . ccomp ( x _ 7, x _ 8 ) AND help . agent ( x _ 8 , x _ 3 ) AND help . theme ( x _ 8 , x _ 4 )	elips_VPE_in_dist
A girl drew a chair and so did the cat .	* cat ( x _ 2 ) ; girl ( x _ 0 ) AND chair ( x _ 3 ) AND draw . agent ( x _ 4 , x _ 0 ) AND draw . theme ( x _ 4 , x _ 3 ) AND draw . agent ( x _ 5 , x _ 2 ) AND draw . theme ( x _ 5 , x _ 3 )	elips_VPE_in_dist
The girl liked Layla and so did Liam .	* girl ( x _ 0 ) ; like . agent ( x _ 1 , x _ 0 ) AND like . theme ( x _ 1 , Layla ) AND like . agent ( x _ 2 , Liam ) AND like . theme ( x _ 2 , Layla )	elips_VPE_in_dist
Mia proved that Emma dusted the drink and so did Isabella .	* drink ( x _ 1 ) ; prove . agent ( x _ 2 , Mia ) AND prove . ccomp ( x _ 2, x _ 3 ) AND dust . agent ( x _ 3 , Emma ) AND dust . theme ( x _ 3 , x _ 1 ) AND prove . agent ( x _ 4 , Isabella ) AND prove . ccomp ( x _ 4, x _ 5 ) AND dust . agent ( x _ 5 , Emma ) AND dust . theme ( x _ 5 , x _ 1 )	elips_VPE_in_dist
A baby said that Liam painted the gumball and so did the girl .	* gumball ( x _ 3 ) ; * girl ( x _ 2 ) ; baby ( x _ 0 ) AND say . agent ( x _ 4 , x _ 0 ) AND say . ccomp ( x _ 4, x _ 5 ) AND paint . agent ( x _ 5 , Liam ) AND paint . theme ( x _ 5 , x _ 3 ) AND say . agent ( x _ 6 , x _ 2 ) AND say . ccomp ( x _ 6, x _ 7 ) AND paint . agent ( x _ 7 , Liam ) AND paint . theme ( x _ 7 , x _ 3 )	elips_VPE_in_dist
Emma helped a box and so did a chicken .	box ( x _ 2 ) AND chicken ( x _ 1 ) AND help . agent ( x _ 3 , Emma ) AND help . theme ( x _ 3 , x _ 2 ) AND help . agent ( x _ 4 , x _ 1 ) AND help . theme ( x _ 4 , x _ 2 )	elips_VPE_in_dist
The boy declared that a fish helped a chair and so did Emma .	* boy ( x _ 0 ) ; fish ( x _ 3 ) AND chair ( x _ 4 ) AND declare . agent ( x _ 5 , x _ 0 ) AND declare . ccomp ( x _ 5, x _ 6 ) AND help . agent ( x _ 6 , x _ 3 ) AND help . theme ( x _ 6 , x _ 4 ) AND declare . agent ( x _ 7 , Emma ) AND declare . ccomp ( x _ 7, x _ 8 ) AND help . agent ( x _ 8 , x _ 3 ) AND help . theme ( x _ 8 , x _ 4 )	elips_VPE_in_dist
Liam helped a rose and so did Emma .	rose ( x _ 1 ) AND help . agent ( x _ 2 , Liam ) AND help . theme ( x _ 2 , x _ 1 ) AND help . agent ( x _ 3 , Emma ) AND help . theme ( x _ 3 , x _ 1 )	elips_VPE_in_dist
A tenant helped Riley and so did a girl .	tenant ( x _ 0 ) AND girl ( x _ 1 ) AND help . agent ( x _ 2 , x _ 0 ) AND help . theme ( x _ 2 , Riley ) AND help . agent ( x _ 3 , x _ 1 ) AND help . theme ( x _ 3 , Riley )	elips_VPE_in_dist
The teacher tolerated that the bird helped a cake and so did the professor .	* teacher ( x _ 0 ) ; * bird ( x _ 4 ) ; * professor ( x _ 3 ) ; cake ( x _ 5 ) AND tolerate . agent ( x _ 6 , x _ 0 ) AND tolerate . ccomp ( x _ 6, x _ 7 ) AND help . agent ( x _ 7 , x _ 4 ) AND help . theme ( x _ 7 , x _ 5 ) AND tolerate . agent ( x _ 8 , x _ 3 ) AND tolerate . ccomp ( x _ 8, x _ 9 ) AND help . agent ( x _ 9 , x _ 4 ) AND help . theme ( x _ 9 , x _ 5 )	elips_VPE_in_dist
Emma sketched the director and so did David .	* director ( x _ 1 ) ; sketch . agent ( x _ 2 , Emma ) AND sketch . theme ( x _ 2 , x _ 1 ) AND sketch . agent ( x _ 3 , David ) AND sketch . theme ( x _ 3 , x _ 1 )	elips_VPE_in_dist
Isabella painted a melon and so did Mason .	melon ( x _ 1 ) AND paint . agent ( x _ 2 , Isabella ) AND paint . theme ( x _ 2 , x _ 1 ) AND paint . agent ( x _ 3 , Mason ) AND paint . theme ( x _ 3 , x _ 1 )	elips_VPE_in_dist
Liam believed that a girl painted a cake and so did Emma .	girl ( x _ 2 ) AND cake ( x _ 3 ) AND believe . agent ( x _ 4 , Liam ) AND believe . ccomp ( x _ 4, x _ 5 ) AND paint . agent ( x _ 5 , x _ 2 ) AND paint . theme ( x _ 5 , x _ 3 ) AND believe . agent ( x _ 6 , Emma ) AND believe . ccomp ( x _ 6, x _ 7 ) AND paint . agent ( x _ 7 , x _ 2 ) AND paint . theme ( x _ 7 , x _ 3 )	elips_VPE_in_dist
The baby drew the box and so did the bunny .	* baby ( x _ 0 ) ; * box ( x _ 3 ) ; * bunny ( x _ 2 ) ; draw . agent ( x _ 4 , x _ 0 ) AND draw . theme ( x _ 4 , x _ 3 ) AND draw . agent ( x _ 5 , x _ 2 ) AND draw . theme ( x _ 5 , x _ 3 )	elips_VPE_in_dist
The lawyer appreciated Penelope and so did a bear .	* lawyer ( x _ 0 ) ; bear ( x _ 1 ) AND appreciate . agent ( x _ 2 , x _ 0 ) AND appreciate . theme ( x _ 2 , Penelope ) AND appreciate . agent ( x _ 3 , x _ 1 ) AND appreciate . theme ( x _ 3 , Penelope )	elips_VPE_in_dist
Emma adored the ball and so did Liam .	* ball ( x _ 1 ) ; adore . agent ( x _ 2 , Emma ) AND adore . theme ( x _ 2 , x _ 1 ) AND adore . agent ( x _ 3 , Liam ) AND adore . theme ( x _ 3 , x _ 1 )	elips_VPE_in_dist
Liam missed Penelope and so did the girl .	* girl ( x _ 0 ) ; miss . agent ( x _ 1 , Liam ) AND miss . theme ( x _ 1 , Penelope ) AND miss . agent ( x _ 2 , x _ 0 ) AND miss . theme ( x _ 2 , Penelope )	elips_VPE_in_dist
Olivia cooked the donut and so did Emma .	* donut ( x _ 1 ) ; cook . agent ( x _ 2 , Olivia ) AND cook . theme ( x _ 2 , x _ 1 ) AND cook . agent ( x _ 3 , Emma ) AND cook . theme ( x _ 3 , x _ 1 )	elips_VPE_in_dist
James sketched a professor and so did a cat .	professor ( x _ 2 ) AND cat ( x _ 1 ) AND sketch . agent ( x _ 3 , James ) AND sketch . theme ( x _ 3 , x _ 2 ) AND sketch . agent ( x _ 4 , x _ 1 ) AND sketch . theme ( x _ 4 , x _ 2 )	elips_VPE_in_dist
A boy painted Wyatt and so did Bella .	boy ( x _ 0 ) AND paint . agent ( x _ 1 , x _ 0 ) AND paint . theme ( x _ 1 , Wyatt ) AND paint . agent ( x _ 2 , Bella ) AND paint . theme ( x _ 2 , Wyatt )	elips_VPE_in_dist
Emma sketched the cake and so did a girl .	* cake ( x _ 2 ) ; girl ( x _ 1 ) AND sketch . agent ( x _ 3 , Emma ) AND sketch . theme ( x _ 3 , x _ 2 ) AND sketch . agent ( x _ 4 , x _ 1 ) AND sketch . theme ( x _ 4 , x _ 2 )	elips_VPE_in_dist
Olivia hoped that Anthony cleaned the game and so did Noah .	* game ( x _ 1 ) ; hope . agent ( x _ 2 , Olivia ) AND hope . ccomp ( x _ 2, x _ 3 ) AND clean . agent ( x _ 3 , Anthony ) AND clean . theme ( x _ 3 , x _ 1 ) AND hope . agent ( x _ 4 , Noah ) AND hope . ccomp ( x _ 4, x _ 5 ) AND clean . agent ( x _ 5 , Anthony ) AND clean . theme ( x _ 5 , x _ 1 )	elips_VPE_in_dist
The girl proved that Lillian hunted John and so did a cat .	* girl ( x _ 0 ) ; cat ( x _ 1 ) AND prove . agent ( x _ 2 , x _ 0 ) AND prove . ccomp ( x _ 2, x _ 3 ) AND hunt . agent ( x _ 3 , Lillian ) AND hunt . theme ( x _ 3 , John ) AND prove . agent ( x _ 4 , x _ 1 ) AND prove . ccomp ( x _ 4, x _ 5 ) AND hunt . agent ( x _ 5 , Lillian ) AND hunt . theme ( x _ 5 , John )	elips_VPE_in_dist
The student drew the muffin and so did a boy .	* student ( x _ 0 ) ; * muffin ( x _ 3 ) ; boy ( x _ 2 ) AND draw . agent ( x _ 4 , x _ 0 ) AND draw . theme ( x _ 4 , x _ 3 ) AND draw . agent ( x _ 5 , x _ 2 ) AND draw . theme ( x _ 5 , x _ 3 )	elips_VPE_in_dist
Abigail liked Lillian and so did the giraffe .	* giraffe ( x _ 0 ) ; like . agent ( x _ 1 , Abigail ) AND like . theme ( x _ 1 , Lillian ) AND like . agent ( x _ 2 , x _ 0 ) AND like . theme ( x _ 2 , Lillian )	elips_VPE_in_dist
The boy found the father and so did William .	* boy ( x _ 0 ) ; * father ( x _ 2 ) ; find . agent ( x _ 3 , x _ 0 ) AND find . theme ( x _ 3 , x _ 2 ) AND find . agent ( x _ 4 , William ) AND find . theme ( x _ 4 , x _ 2 )	elips_VPE_in_dist
The boy liked that Emma hunted Hazel and so did the girl .	* boy ( x _ 0 ) ; * girl ( x _ 1 ) ; like . agent ( x _ 2 , x _ 0 ) AND like . ccomp ( x _ 2, x _ 3 ) AND hunt . agent ( x _ 3 , Emma ) AND hunt . theme ( x _ 3 , Hazel ) AND like . agent ( x _ 4 , x _ 1 ) AND like . ccomp ( x _ 4, x _ 5 ) AND hunt . agent ( x _ 5 , Emma ) AND hunt . theme ( x _ 5 , Hazel )	elips_VPE_in_dist
The child liked that the consumer cleaned a banana and so did the cat .	* child ( x _ 0 ) ; * consumer ( x _ 4 ) ; * cat ( x _ 3 ) ; banana ( x _ 5 ) AND like . agent ( x _ 6 , x _ 0 ) AND like . ccomp ( x _ 6, x _ 7 ) AND clean . agent ( x _ 7 , x _ 4 ) AND clean . theme ( x _ 7 , x _ 5 ) AND like . agent ( x _ 8 , x _ 3 ) AND like . ccomp ( x _ 8, x _ 9 ) AND clean . agent ( x _ 9 , x _ 4 ) AND clean . theme ( x _ 9 , x _ 5 )	elips_VPE_in_dist
The boy liked the cake and so did a girl .	* boy ( x _ 0 ) ; * cake ( x _ 3 ) ; girl ( x _ 2 ) AND like . agent ( x _ 4 , x _ 0 ) AND like . theme ( x _ 4 , x _ 3 ) AND like . agent ( x _ 5 , x _ 2 ) AND like . theme ( x _ 5 , x _ 3 )	elips_VPE_in_dist
Liam liked that Emma painted Penelope and so did the girl .	* girl ( x _ 0 ) ; like . agent ( x _ 1 , Liam ) AND like . ccomp ( x _ 1, x _ 2 ) AND paint . agent ( x _ 2 , Emma ) AND paint . theme ( x _ 2 , Penelope ) AND like . agent ( x _ 3 , x _ 0 ) AND like . ccomp ( x _ 3, x _ 4 ) AND paint . agent ( x _ 4 , Emma ) AND paint . theme ( x _ 4 , Penelope )	elips_VPE_in_dist
The girl tolerated that Olivia loved a cake and so did Ethan .	* girl ( x _ 0 ) ; cake ( x _ 2 ) AND tolerate . agent ( x _ 3 , x _ 0 ) AND tolerate . ccomp ( x _ 3, x _ 4 ) AND love . agent ( x _ 4 , Olivia ) AND love . theme ( x _ 4 , x _ 2 ) AND tolerate . agent ( x _ 5 , Ethan ) AND tolerate . ccomp ( x _ 5, x _ 6 ) AND love . agent ( x _ 6 , Olivia ) AND love . theme ( x _ 6 , x _ 2 )	elips_VPE_in_dist
Olivia said that Camila found a cookie and so did the passenger .	* passenger ( x _ 1 ) ; cookie ( x _ 2 ) AND say . agent ( x _ 3 , Olivia ) AND say . ccomp ( x _ 3, x _ 4 ) AND find . agent ( x _ 4 , Camila ) AND find . theme ( x _ 4 , x _ 2 ) AND say . agent ( x _ 5 , x _ 1 ) AND say . ccomp ( x _ 5, x _ 6 ) AND find . agent ( x _ 6 , Camila ) AND find . theme ( x _ 6 , x _ 2 )	elips_VPE_in_dist
Isabella poked a cake and so did a customer .	cake ( x _ 2 ) AND customer ( x _ 1 ) AND poke . agent ( x _ 3 , Isabella ) AND poke . theme ( x _ 3 , x _ 2 ) AND poke . agent ( x _ 4 , x _ 1 ) AND poke . theme ( x _ 4 , x _ 2 )	elips_VPE_in_dist
Oliver ate Penelope and so did Sofia .	eat . agent ( x _ 0 , Oliver ) AND eat . theme ( x _ 0 , Penelope ) AND eat . agent ( x _ 1 , Sofia ) AND eat . theme ( x _ 1 , Penelope )	elips_VPE_in_dist
The boy liked Jack and so did Liam .	* boy ( x _ 0 ) ; like . agent ( x _ 1 , x _ 0 ) AND like . theme ( x _ 1 , Jack ) AND like . agent ( x _ 2 , Liam ) AND like . theme ( x _ 2 , Jack )	elips_VPE_in_dist
Alexander hoped that the girl admired the cookie and so did Emma .	* girl ( x _ 2 ) ; * cookie ( x _ 3 ) ; hope . agent ( x _ 4 , Alexander ) AND hope . ccomp ( x _ 4, x _ 5 ) AND admire . agent ( x _ 5 , x _ 2 ) AND admire . theme ( x _ 5 , x _ 3 ) AND hope . agent ( x _ 6 , Emma ) AND hope . ccomp ( x _ 6, x _ 7 ) AND admire . agent ( x _ 7 , x _ 2 ) AND admire . theme ( x _ 7 , x _ 3 )	elips_VPE_in_dist
The dog juggled a frog and so did a boy .	* dog ( x _ 0 ) ; frog ( x _ 3 ) AND boy ( x _ 2 ) AND juggle . agent ( x _ 4 , x _ 0 ) AND juggle . theme ( x _ 4 , x _ 3 ) AND juggle . agent ( x _ 5 , x _ 2 ) AND juggle . theme ( x _ 5 , x _ 3 )	elips_VPE_in_dist
The boy dusted a dog and so did Mason .	* boy ( x _ 0 ) ; dog ( x _ 2 ) AND dust . agent ( x _ 3 , x _ 0 ) AND dust . theme ( x _ 3 , x _ 2 ) AND dust . agent ( x _ 4 , Mason ) AND dust . theme ( x _ 4 , x _ 2 )	elips_VPE_in_dist
Olivia ate the bat and so did Emma .	* bat ( x _ 1 ) ; eat . agent ( x _ 2 , Olivia ) AND eat . theme ( x _ 2 , x _ 1 ) AND eat . agent ( x _ 3 , Emma ) AND eat . theme ( x _ 3 , x _ 1 )	elips_VPE_in_dist
The pony ate a cake and so did a doctor .	* pony ( x _ 0 ) ; cake ( x _ 3 ) AND doctor ( x _ 2 ) AND eat . agent ( x _ 4 , x _ 0 ) AND eat . theme ( x _ 4 , x _ 3 ) AND eat . agent ( x _ 5 , x _ 2 ) AND eat . theme ( x _ 5 , x _ 3 )	elips_VPE_in_dist
Mila tolerated that the guy appreciated the cake and so did Liam .	* guy ( x _ 2 ) ; * cake ( x _ 3 ) ; tolerate . agent ( x _ 4 , Mila ) AND tolerate . ccomp ( x _ 4, x _ 5 ) AND appreciate . agent ( x _ 5 , x _ 2 ) AND appreciate . theme ( x _ 5 , x _ 3 ) AND tolerate . agent ( x _ 6 , Liam ) AND tolerate . ccomp ( x _ 6, x _ 7 ) AND appreciate . agent ( x _ 7 , x _ 2 ) AND appreciate . theme ( x _ 7 , x _ 3 )	elips_VPE_in_dist
Isabella said that Emma found the cat and so did James .	* cat ( x _ 1 ) ; say . agent ( x _ 2 , Isabella ) AND say . ccomp ( x _ 2, x _ 3 ) AND find . agent ( x _ 3 , Emma ) AND find . theme ( x _ 3 , x _ 1 ) AND say . agent ( x _ 4 , James ) AND say . ccomp ( x _ 4, x _ 5 ) AND find . agent ( x _ 5 , Emma ) AND find . theme ( x _ 5 , x _ 1 )	elips_VPE_in_dist
William liked the box and so did a resident .	* box ( x _ 2 ) ; resident ( x _ 1 ) AND like . agent ( x _ 3 , William ) AND like . theme ( x _ 3 , x _ 2 ) AND like . agent ( x _ 4 , x _ 1 ) AND like . theme ( x _ 4 , x _ 2 )	elips_VPE_in_dist
The girl thought that Emma loved Penelope and so did Olivia .	* girl ( x _ 0 ) ; think . agent ( x _ 1 , x _ 0 ) AND think . ccomp ( x _ 1, x _ 2 ) AND love . agent ( x _ 2 , Emma ) AND love . theme ( x _ 2 , Penelope ) AND think . agent ( x _ 3 , Olivia ) AND think . ccomp ( x _ 3, x _ 4 ) AND love . agent ( x _ 4 , Emma ) AND love . theme ( x _ 4 , Penelope )	elips_VPE_in_dist
The cow hoped that the creature appreciated a sandwich and so did Mia .	* cow ( x _ 0 ) ; * creature ( x _ 3 ) ; sandwich ( x _ 4 ) AND hope . agent ( x _ 5 , x _ 0 ) AND hope . ccomp ( x _ 5, x _ 6 ) AND appreciate . agent ( x _ 6 , x _ 3 ) AND appreciate . theme ( x _ 6 , x _ 4 ) AND hope . agent ( x _ 7 , Mia ) AND hope . ccomp ( x _ 7, x _ 8 ) AND appreciate . agent ( x _ 8 , x _ 3 ) AND appreciate . theme ( x _ 8 , x _ 4 )	elips_VPE_in_dist
A child loved the cake and so did a boy .	* cake ( x _ 3 ) ; child ( x _ 0 ) AND boy ( x _ 2 ) AND love . agent ( x _ 4 , x _ 0 ) AND love . theme ( x _ 4 , x _ 3 ) AND love . agent ( x _ 5 , x _ 2 ) AND love . theme ( x _ 5 , x _ 3 )	elips_VPE_in_dist
James liked the bear and so did Emma .	* bear ( x _ 1 ) ; like . agent ( x _ 2 , James ) AND like . theme ( x _ 2 , x _ 1 ) AND like . agent ( x _ 3 , Emma ) AND like . theme ( x _ 3 , x _ 1 )	elips_VPE_in_dist
A giraffe liked that Emma admired Penelope and so did William .	giraffe ( x _ 0 ) AND like . agent ( x _ 1 , x _ 0 ) AND like . ccomp ( x _ 1, x _ 2 ) AND admire . agent ( x _ 2 , Emma ) AND admire . theme ( x _ 2 , Penelope ) AND like . agent ( x _ 3 , William ) AND like . ccomp ( x _ 3, x _ 4 ) AND admire . agent ( x _ 4 , Emma ) AND admire . theme ( x _ 4 , Penelope )	elips_VPE_in_dist
The bear ate Penelope and so did Mia .	* bear ( x _ 0 ) ; eat . agent ( x _ 1 , x _ 0 ) AND eat . theme ( x _ 1 , Penelope ) AND eat . agent ( x _ 2 , Mia ) AND eat . theme ( x _ 2 , Penelope )	elips_VPE_in_dist
Mia liked the cake and so did Benjamin .	* cake ( x _ 1 ) ; like . agent ( x _ 2 , Mia ) AND like . theme ( x _ 2 , x _ 1 ) AND like . agent ( x _ 3 , Benjamin ) AND like . theme ( x _ 3 , x _ 1 )	elips_VPE_in_dist
Elijah liked that the cow ate the raisin and so did Emma .	* cow ( x _ 2 ) ; * raisin ( x _ 3 ) ; like . agent ( x _ 4 , Elijah ) AND like . ccomp ( x _ 4, x _ 5 ) AND eat . agent ( x _ 5 , x _ 2 ) AND eat . theme ( x _ 5 , x _ 3 ) AND like . agent ( x _ 6 , Emma ) AND like . ccomp ( x _ 6, x _ 7 ) AND eat . agent ( x _ 7 , x _ 2 ) AND eat . theme ( x _ 7 , x _ 3 )	elips_VPE_in_dist
Olivia liked that the lawyer painted Layla and so did Emma .	* lawyer ( x _ 1 ) ; like . agent ( x _ 2 , Olivia ) AND like . ccomp ( x _ 2, x _ 3 ) AND paint . agent ( x _ 3 , x _ 1 ) AND paint . theme ( x _ 3 , Layla ) AND like . agent ( x _ 4 , Emma ) AND like . ccomp ( x _ 4, x _ 5 ) AND paint . agent ( x _ 5 , x _ 1 ) AND paint . theme ( x _ 5 , Layla )	elips_VPE_in_dist
Noah hunted Nathan and so did Liam .	hunt . agent ( x _ 0 , Noah ) AND hunt . theme ( x _ 0 , Nathan ) AND hunt . agent ( x _ 1 , Liam ) AND hunt . theme ( x _ 1 , Nathan )	elips_VPE_in_dist
Harper liked Jayden and so did a girl .	girl ( x _ 0 ) AND like . agent ( x _ 1 , Harper ) AND like . theme ( x _ 1 , Jayden ) AND like . agent ( x _ 2 , x _ 0 ) AND like . theme ( x _ 2 , Jayden )	elips_VPE_in_dist
A boy cooked Penelope and so did the poet .	* poet ( x _ 1 ) ; boy ( x _ 0 ) AND cook . agent ( x _ 2 , x _ 0 ) AND cook . theme ( x _ 2 , Penelope ) AND cook . agent ( x _ 3 , x _ 1 ) AND cook . theme ( x _ 3 , Penelope )	elips_VPE_in_dist
Emma liked that the baby ate the boy and so did Sophia .	* baby ( x _ 2 ) ; * boy ( x _ 3 ) ; like . agent ( x _ 4 , Emma ) AND like . ccomp ( x _ 4, x _ 5 ) AND eat . agent ( x _ 5 , x _ 2 ) AND eat . theme ( x _ 5 , x _ 3 ) AND like . agent ( x _ 6 , Sophia ) AND like . ccomp ( x _ 6, x _ 7 ) AND eat . agent ( x _ 7 , x _ 2 ) AND eat . theme ( x _ 7 , x _ 3 )	elips_VPE_in_dist
Oliver poked the strawberry and so did the girl .	* strawberry ( x _ 2 ) ; * girl ( x _ 1 ) ; poke . agent ( x _ 3 , Oliver ) AND poke . theme ( x _ 3 , x _ 2 ) AND poke . agent ( x _ 4 , x _ 1 ) AND poke . theme ( x _ 4 , x _ 2 )	elips_VPE_in_dist
Noah cooked the rose and so did a girl .	* rose ( x _ 2 ) ; girl ( x _ 1 ) AND cook . agent ( x _ 3 , Noah ) AND cook . theme ( x _ 3 , x _ 2 ) AND cook . agent ( x _ 4 , x _ 1 ) AND cook . theme ( x _ 4 , x _ 2 )	elips_VPE_in_dist
Noah confessed that a girl ate the cat and so did Jackson .	* cat ( x _ 3 ) ; girl ( x _ 2 ) AND confess . agent ( x _ 4 , Noah ) AND confess . ccomp ( x _ 4, x _ 5 ) AND eat . agent ( x _ 5 , x _ 2 ) AND eat . theme ( x _ 5 , x _ 3 ) AND confess . agent ( x _ 6 , Jackson ) AND confess . ccomp ( x _ 6, x _ 7 ) AND eat . agent ( x _ 7 , x _ 2 ) AND eat . theme ( x _ 7 , x _ 3 )	elips_VPE_in_dist
The researcher liked the girl and so did the zebra .	* researcher ( x _ 0 ) ; * girl ( x _ 3 ) ; * zebra ( x _ 2 ) ; like . agent ( x _ 4 , x _ 0 ) AND like . theme ( x _ 4 , x _ 3 ) AND like . agent ( x _ 5 , x _ 2 ) AND like . theme ( x _ 5 , x _ 3 )	elips_VPE_in_dist
A dog ate a cookie and so did the farmer .	* farmer ( x _ 2 ) ; dog ( x _ 0 ) AND cookie ( x _ 3 ) AND eat . agent ( x _ 4 , x _ 0 ) AND eat . theme ( x _ 4 , x _ 3 ) AND eat . agent ( x _ 5 , x _ 2 ) AND eat . theme ( x _ 5 , x _ 3 )	elips_VPE_in_dist
The bunny liked the donut and so did Emma .	* bunny ( x _ 0 ) ; * donut ( x _ 2 ) ; like . agent ( x _ 3 , x _ 0 ) AND like . theme ( x _ 3 , x _ 2 ) AND like . agent ( x _ 4 , Emma ) AND like . theme ( x _ 4 , x _ 2 )	elips_VPE_in_dist
A boy helped the monkey and so did Liam .	* monkey ( x _ 2 ) ; boy ( x _ 0 ) AND help . agent ( x _ 3 , x _ 0 ) AND help . theme ( x _ 3 , x _ 2 ) AND help . agent ( x _ 4 , Liam ) AND help . theme ( x _ 4 , x _ 2 )	elips_VPE_in_dist
The boy found the girl and so did the child .	* boy ( x _ 0 ) ; * girl ( x _ 3 ) ; * child ( x _ 2 ) ; find . agent ( x _ 4 , x _ 0 ) AND find . theme ( x _ 4 , x _ 3 ) AND find . agent ( x _ 5 , x _ 2 ) AND find . theme ( x _ 5 , x _ 3 )	elips_VPE_in_dist
Emma helped the girl and so did Daniel .	* girl ( x _ 1 ) ; help . agent ( x _ 2 , Emma ) AND help . theme ( x _ 2 , x _ 1 ) AND help . agent ( x _ 3 , Daniel ) AND help . theme ( x _ 3 , x _ 1 )	elips_VPE_in_dist
A boy valued that Olivia juggled Layla and so did Emma .	boy ( x _ 0 ) AND value . agent ( x _ 1 , x _ 0 ) AND value . ccomp ( x _ 1, x _ 2 ) AND juggle . agent ( x _ 2 , Olivia ) AND juggle . theme ( x _ 2 , Layla ) AND value . agent ( x _ 3 , Emma ) AND value . ccomp ( x _ 3, x _ 4 ) AND juggle . agent ( x _ 4 , Olivia ) AND juggle . theme ( x _ 4 , Layla )	elips_VPE_in_dist
The dog helped the cake and so did the writer .	* dog ( x _ 0 ) ; * cake ( x _ 3 ) ; * writer ( x _ 2 ) ; help . agent ( x _ 4 , x _ 0 ) AND help . theme ( x _ 4 , x _ 3 ) AND help . agent ( x _ 5 , x _ 2 ) AND help . theme ( x _ 5 , x _ 3 )	elips_VPE_in_dist
The girl ate Layla and so did the boy .	* girl ( x _ 0 ) ; * boy ( x _ 1 ) ; eat . agent ( x _ 2 , x _ 0 ) AND eat . theme ( x _ 2 , Layla ) AND eat . agent ( x _ 3 , x _ 1 ) AND eat . theme ( x _ 3 , Layla )	elips_VPE_in_dist
Emma loved John and so did the girl .	* girl ( x _ 0 ) ; love . agent ( x _ 1 , Emma ) AND love . theme ( x _ 1 , John ) AND love . agent ( x _ 2 , x _ 0 ) AND love . theme ( x _ 2 , John )	elips_VPE_in_dist
Emma liked Gabriel and so did the puppy .	* puppy ( x _ 0 ) ; like . agent ( x _ 1 , Emma ) AND like . theme ( x _ 1 , Gabriel ) AND like . agent ( x _ 2 , x _ 0 ) AND like . theme ( x _ 2 , Gabriel )	elips_VPE_in_dist
A boy ate the chalk and so did the frog .	* chalk ( x _ 3 ) ; * frog ( x _ 2 ) ; boy ( x _ 0 ) AND eat . agent ( x _ 4 , x _ 0 ) AND eat . theme ( x _ 4 , x _ 3 ) AND eat . agent ( x _ 5 , x _ 2 ) AND eat . theme ( x _ 5 , x _ 3 )	elips_VPE_in_dist
The child drew Jack and so did a mouse .	* child ( x _ 0 ) ; mouse ( x _ 1 ) AND draw . agent ( x _ 2 , x _ 0 ) AND draw . theme ( x _ 2 , Jack ) AND draw . agent ( x _ 3 , x _ 1 ) AND draw . theme ( x _ 3 , Jack )	elips_VPE_in_dist
Grace said that Noah adored the cake and so did Liam .	* cake ( x _ 1 ) ; say . agent ( x _ 2 , Grace ) AND say . ccomp ( x _ 2, x _ 3 ) AND adore . agent ( x _ 3 , Noah ) AND adore . theme ( x _ 3 , x _ 1 ) AND say . agent ( x _ 4 , Liam ) AND say . ccomp ( x _ 4, x _ 5 ) AND adore . agent ( x _ 5 , Noah ) AND adore . theme ( x _ 5 , x _ 1 )	elips_VPE_in_dist
Emma ate Penelope and so did Sophia .	eat . agent ( x _ 0 , Emma ) AND eat . theme ( x _ 0 , Penelope ) AND eat . agent ( x _ 1 , Sophia ) AND eat . theme ( x _ 1 , Penelope )	elips_VPE_in_dist
Amelia liked that Olivia missed a balloon and so did Charlotte .	balloon ( x _ 1 ) AND like . agent ( x _ 2 , Amelia ) AND like . ccomp ( x _ 2, x _ 3 ) AND miss . agent ( x _ 3 , Olivia ) AND miss . theme ( x _ 3 , x _ 1 ) AND like . agent ( x _ 4 , Charlotte ) AND like . ccomp ( x _ 4, x _ 5 ) AND miss . agent ( x _ 5 , Olivia ) AND miss . theme ( x _ 5 , x _ 1 )	elips_VPE_in_dist
Emma found a monster and so did Leah .	monster ( x _ 1 ) AND find . agent ( x _ 2 , Emma ) AND find . theme ( x _ 2 , x _ 1 ) AND find . agent ( x _ 3 , Leah ) AND find . theme ( x _ 3 , x _ 1 )	elips_VPE_in_dist
James painted Wyatt and so did Emma .	paint . agent ( x _ 0 , James ) AND paint . theme ( x _ 0 , Wyatt ) AND paint . agent ( x _ 1 , Emma ) AND paint . theme ( x _ 1 , Wyatt )	elips_VPE_in_dist
A girl cooked Natalie and so did a chicken .	girl ( x _ 0 ) AND chicken ( x _ 1 ) AND cook . agent ( x _ 2 , x _ 0 ) AND cook . theme ( x _ 2 , Natalie ) AND cook . agent ( x _ 3 , x _ 1 ) AND cook . theme ( x _ 3 , Natalie )	elips_VPE_in_dist
David ate the cake and so did Ava .	* cake ( x _ 1 ) ; eat . agent ( x _ 2 , David ) AND eat . theme ( x _ 2 , x _ 1 ) AND eat . agent ( x _ 3 , Ava ) AND eat . theme ( x _ 3 , x _ 1 )	elips_VPE_in_dist
Emma dusted the drink and so did Ava .	* drink ( x _ 1 ) ; dust . agent ( x _ 2 , Emma ) AND dust . theme ( x _ 2 , x _ 1 ) AND dust . agent ( x _ 3 , Ava ) AND dust . theme ( x _ 3 , x _ 1 )	elips_VPE_in_dist
Liam liked that the wolf ate Jack and so did the bear .	* wolf ( x _ 2 ) ; * bear ( x _ 1 ) ; like . agent ( x _ 3 , Liam ) AND like . ccomp ( x _ 3, x _ 4 ) AND eat . agent ( x _ 4 , x _ 2 ) AND eat . theme ( x _ 4 , Jack ) AND like . agent ( x _ 5 , x _ 1 ) AND like . ccomp ( x _ 5, x _ 6 ) AND eat . agent ( x _ 6 , x _ 2 ) AND eat . theme ( x _ 6 , Jack )	elips_VPE_in_dist
James liked a box and so did the giraffe .	* giraffe ( x _ 1 ) ; box ( x _ 2 ) AND like . agent ( x _ 3 , James ) AND like . theme ( x _ 3 , x _ 2 ) AND like . agent ( x _ 4 , x _ 1 ) AND like . theme ( x _ 4 , x _ 2 )	elips_VPE_in_dist
The customer helped the raisin and so did the girl .	* customer ( x _ 0 ) ; * raisin ( x _ 3 ) ; * girl ( x _ 2 ) ; help . agent ( x _ 4 , x _ 0 ) AND help . theme ( x _ 4 , x _ 3 ) AND help . agent ( x _ 5 , x _ 2 ) AND help . theme ( x _ 5 , x _ 3 )	elips_VPE_in_dist
The chief cleaned a girl and so did Amelia .	* chief ( x _ 0 ) ; girl ( x _ 2 ) AND clean . agent ( x _ 3 , x _ 0 ) AND clean . theme ( x _ 3 , x _ 2 ) AND clean . agent ( x _ 4 , Amelia ) AND clean . theme ( x _ 4 , x _ 2 )	elips_VPE_in_dist
The girl found the bag and so did Emma .	* girl ( x _ 0 ) ; * bag ( x _ 2 ) ; find . agent ( x _ 3 , x _ 0 ) AND find . theme ( x _ 3 , x _ 2 ) AND find . agent ( x _ 4 , Emma ) AND find . theme ( x _ 4 , x _ 2 )	elips_VPE_in_dist
The girl liked the donut and so did Emma .	* girl ( x _ 0 ) ; * donut ( x _ 2 ) ; like . agent ( x _ 3 , x _ 0 ) AND like . theme ( x _ 3 , x _ 2 ) AND like . agent ( x _ 4 , Emma ) AND like . theme ( x _ 4 , x _ 2 )	elips_VPE_in_dist
Liam liked Penelope and so did Emma .	like . agent ( x _ 0 , Liam ) AND like . theme ( x _ 0 , Penelope ) AND like . agent ( x _ 1 , Emma ) AND like . theme ( x _ 1 , Penelope )	elips_VPE_in_dist
A girl hoped that Olivia cleaned the donut and so did the bird .	* donut ( x _ 3 ) ; * bird ( x _ 2 ) ; girl ( x _ 0 ) AND hope . agent ( x _ 4 , x _ 0 ) AND hope . ccomp ( x _ 4, x _ 5 ) AND clean . agent ( x _ 5 , Olivia ) AND clean . theme ( x _ 5 , x _ 3 ) AND hope . agent ( x _ 6 , x _ 2 ) AND hope . ccomp ( x _ 6, x _ 7 ) AND clean . agent ( x _ 7 , Olivia ) AND clean . theme ( x _ 7 , x _ 3 )	elips_VPE_in_dist
The girl liked the donut and so did a lawyer .	* girl ( x _ 0 ) ; * donut ( x _ 3 ) ; lawyer ( x _ 2 ) AND like . agent ( x _ 4 , x _ 0 ) AND like . theme ( x _ 4 , x _ 3 ) AND like . agent ( x _ 5 , x _ 2 ) AND like . theme ( x _ 5 , x _ 3 )	elips_VPE_in_dist
Olivia liked a cookie and so did Liam .	cookie ( x _ 1 ) AND like . agent ( x _ 2 , Olivia ) AND like . theme ( x _ 2 , x _ 1 ) AND like . agent ( x _ 3 , Liam ) AND like . theme ( x _ 3 , x _ 1 )	elips_VPE_in_dist
The cat ate a girl and so did Liam .	* cat ( x _ 0 ) ; girl ( x _ 2 ) AND eat . agent ( x _ 3 , x _ 0 ) AND eat . theme ( x _ 3 , x _ 2 ) AND eat . agent ( x _ 4 , Liam ) AND eat . theme ( x _ 4 , x _ 2 )	elips_VPE_in_dist
A lion helped the pen and so did a girl .	* pen ( x _ 3 ) ; lion ( x _ 0 ) AND girl ( x _ 2 ) AND help . agent ( x _ 4 , x _ 0 ) AND help . theme ( x _ 4 , x _ 3 ) AND help . agent ( x _ 5 , x _ 2 ) AND help . theme ( x _ 5 , x _ 3 )	elips_VPE_in_dist
Emily ate the lion and so did a girl .	* lion ( x _ 2 ) ; girl ( x _ 1 ) AND eat . agent ( x _ 3 , Emily ) AND eat . theme ( x _ 3 , x _ 2 ) AND eat . agent ( x _ 4 , x _ 1 ) AND eat . theme ( x _ 4 , x _ 2 )	elips_VPE_in_dist
Emma juggled the cookie and so did Olivia .	* cookie ( x _ 1 ) ; juggle . agent ( x _ 2 , Emma ) AND juggle . theme ( x _ 2 , x _ 1 ) AND juggle . agent ( x _ 3 , Olivia ) AND juggle . theme ( x _ 3 , x _ 1 )	elips_VPE_in_dist
A boy believed that William ate a cake and so did a girl .	boy ( x _ 0 ) AND cake ( x _ 3 ) AND girl ( x _ 2 ) AND believe . agent ( x _ 4 , x _ 0 ) AND believe . ccomp ( x _ 4, x _ 5 ) AND eat . agent ( x _ 5 , William ) AND eat . theme ( x _ 5 , x _ 3 ) AND believe . agent ( x _ 6 , x _ 2 ) AND believe . ccomp ( x _ 6, x _ 7 ) AND eat . agent ( x _ 7 , William ) AND eat . theme ( x _ 7 , x _ 3 )	elips_VPE_in_dist
A dog ate a girl and so did Noah .	dog ( x _ 0 ) AND girl ( x _ 2 ) AND eat . agent ( x _ 3 , x _ 0 ) AND eat . theme ( x _ 3 , x _ 2 ) AND eat . agent ( x _ 4 , Noah ) AND eat . theme ( x _ 4 , x _ 2 )	elips_VPE_in_dist
Olivia ate Penelope and so did Noah .	eat . agent ( x _ 0 , Olivia ) AND eat . theme ( x _ 0 , Penelope ) AND eat . agent ( x _ 1 , Noah ) AND eat . theme ( x _ 1 , Penelope )	elips_VPE_in_dist
The frog painted the dog and so did Logan .	* frog ( x _ 0 ) ; * dog ( x _ 2 ) ; paint . agent ( x _ 3 , x _ 0 ) AND paint . theme ( x _ 3 , x _ 2 ) AND paint . agent ( x _ 4 , Logan ) AND paint . theme ( x _ 4 , x _ 2 )	elips_VPE_in_dist
The scientist found a donut and so did the girl .	* scientist ( x _ 0 ) ; * girl ( x _ 2 ) ; donut ( x _ 3 ) AND find . agent ( x _ 4 , x _ 0 ) AND find . theme ( x _ 4 , x _ 3 ) AND find . agent ( x _ 5 , x _ 2 ) AND find . theme ( x _ 5 , x _ 3 )	elips_VPE_in_dist
Logan cleaned a cake and so did a boy .	cake ( x _ 2 ) AND boy ( x _ 1 ) AND clean . agent ( x _ 3 , Logan ) AND clean . theme ( x _ 3 , x _ 2 ) AND clean . agent ( x _ 4 , x _ 1 ) AND clean . theme ( x _ 4 , x _ 2 )	elips_VPE_in_dist
The scientist liked the cake and so did Emma .	* scientist ( x _ 0 ) ; * cake ( x _ 2 ) ; like . agent ( x _ 3 , x _ 0 ) AND like . theme ( x _ 3 , x _ 2 ) AND like . agent ( x _ 4 , Emma ) AND like . theme ( x _ 4 , x _ 2 )	elips_VPE_in_dist
A buyer ate a bird and so did Ava .	buyer ( x _ 0 ) AND bird ( x _ 2 ) AND eat . agent ( x _ 3 , x _ 0 ) AND eat . theme ( x _ 3 , x _ 2 ) AND eat . agent ( x _ 4 , Ava ) AND eat . theme ( x _ 4 , x _ 2 )	elips_VPE_in_dist
A pig tolerated that the cat loved the strawberry and so did Emma .	* cat ( x _ 3 ) ; * strawberry ( x _ 4 ) ; pig ( x _ 0 ) AND tolerate . agent ( x _ 5 , x _ 0 ) AND tolerate . ccomp ( x _ 5, x _ 6 ) AND love . agent ( x _ 6 , x _ 3 ) AND love . theme ( x _ 6 , x _ 4 ) AND tolerate . agent ( x _ 7 , Emma ) AND tolerate . ccomp ( x _ 7, x _ 8 ) AND love . agent ( x _ 8 , x _ 3 ) AND love . theme ( x _ 8 , x _ 4 )	elips_VPE_in_dist
Andrew loved a boy and so did Liam .	boy ( x _ 1 ) AND love . agent ( x _ 2 , Andrew ) AND love . theme ( x _ 2 , x _ 1 ) AND love . agent ( x _ 3 , Liam ) AND love . theme ( x _ 3 , x _ 1 )	elips_VPE_in_dist
Ava painted the cookie and so did Emma .	* cookie ( x _ 1 ) ; paint . agent ( x _ 2 , Ava ) AND paint . theme ( x _ 2 , x _ 1 ) AND paint . agent ( x _ 3 , Emma ) AND paint . theme ( x _ 3 , x _ 1 )	elips_VPE_in_dist
Emma wished that Noah sketched the beer and so did a mother .	* beer ( x _ 2 ) ; mother ( x _ 1 ) AND wish . agent ( x _ 3 , Emma ) AND wish . ccomp ( x _ 3, x _ 4 ) AND sketch . agent ( x _ 4 , Noah ) AND sketch . theme ( x _ 4 , x _ 2 ) AND wish . agent ( x _ 5 , x _ 1 ) AND wish . ccomp ( x _ 5, x _ 6 ) AND sketch . agent ( x _ 6 , Noah ) AND sketch . theme ( x _ 6 , x _ 2 )	elips_VPE_in_dist
Oliver painted the cow and so did Emma .	* cow ( x _ 1 ) ; paint . agent ( x _ 2 , Oliver ) AND paint . theme ( x _ 2 , x _ 1 ) AND paint . agent ( x _ 3 , Emma ) AND paint . theme ( x _ 3 , x _ 1 )	elips_VPE_in_dist
Emma found the dog and so did Aiden .	* dog ( x _ 1 ) ; find . agent ( x _ 2 , Emma ) AND find . theme ( x _ 2 , x _ 1 ) AND find . agent ( x _ 3 , Aiden ) AND find . theme ( x _ 3 , x _ 1 )	elips_VPE_in_dist
Liam respected a girl and so did Emma .	girl ( x _ 1 ) AND respect . agent ( x _ 2 , Liam ) AND respect . theme ( x _ 2 , x _ 1 ) AND respect . agent ( x _ 3 , Emma ) AND respect . theme ( x _ 3 , x _ 1 )	elips_VPE_in_dist
The giraffe confessed that Noah appreciated John and so did the cat .	* giraffe ( x _ 0 ) ; * cat ( x _ 1 ) ; confess . agent ( x _ 2 , x _ 0 ) AND confess . ccomp ( x _ 2, x _ 3 ) AND appreciate . agent ( x _ 3 , Noah ) AND appreciate . theme ( x _ 3 , John ) AND confess . agent ( x _ 4 , x _ 1 ) AND confess . ccomp ( x _ 4, x _ 5 ) AND appreciate . agent ( x _ 5 , Noah ) AND appreciate . theme ( x _ 5 , John )	elips_VPE_in_dist
Savannah found a box and so did the girl .	* girl ( x _ 1 ) ; box ( x _ 2 ) AND find . agent ( x _ 3 , Savannah ) AND find . theme ( x _ 3 , x _ 2 ) AND find . agent ( x _ 4 , x _ 1 ) AND find . theme ( x _ 4 , x _ 2 )	elips_VPE_in_dist
Emma appreciated a donut and so did a girl .	donut ( x _ 2 ) AND girl ( x _ 1 ) AND appreciate . agent ( x _ 3 , Emma ) AND appreciate . theme ( x _ 3 , x _ 2 ) AND appreciate . agent ( x _ 4 , x _ 1 ) AND appreciate . theme ( x _ 4 , x _ 2 )	elips_VPE_in_dist
Emma liked a ball and so did a cat .	ball ( x _ 2 ) AND cat ( x _ 1 ) AND like . agent ( x _ 3 , Emma ) AND like . theme ( x _ 3 , x _ 2 ) AND like . agent ( x _ 4 , x _ 1 ) AND like . theme ( x _ 4 , x _ 2 )	elips_VPE_in_dist
The sailor tolerated that Lillian hunted the baby and so did Emma .	* sailor ( x _ 0 ) ; * baby ( x _ 2 ) ; tolerate . agent ( x _ 3 , x _ 0 ) AND tolerate . ccomp ( x _ 3, x _ 4 ) AND hunt . agent ( x _ 4 , Lillian ) AND hunt . theme ( x _ 4 , x _ 2 ) AND tolerate . agent ( x _ 5 , Emma ) AND tolerate . ccomp ( x _ 5, x _ 6 ) AND hunt . agent ( x _ 6 , Lillian ) AND hunt . theme ( x _ 6 , x _ 2 )	elips_VPE_in_dist
Emma liked that James helped a toothbrush and so did Luke .	toothbrush ( x _ 1 ) AND like . agent ( x _ 2 , Emma ) AND like . ccomp ( x _ 2, x _ 3 ) AND help . agent ( x _ 3 , James ) AND help . theme ( x _ 3 , x _ 1 ) AND like . agent ( x _ 4 , Luke ) AND like . ccomp ( x _ 4, x _ 5 ) AND help . agent ( x _ 5 , James ) AND help . theme ( x _ 5 , x _ 1 )	elips_VPE_in_dist
A cat believed that Liam liked the donut and so did Lucas .	* donut ( x _ 2 ) ; cat ( x _ 0 ) AND believe . agent ( x _ 3 , x _ 0 ) AND believe . ccomp ( x _ 3, x _ 4 ) AND like . agent ( x _ 4 , Liam ) AND like . theme ( x _ 4 , x _ 2 ) AND believe . agent ( x _ 5 , Lucas ) AND believe . ccomp ( x _ 5, x _ 6 ) AND like . agent ( x _ 6 , Liam ) AND like . theme ( x _ 6 , x _ 2 )	elips_VPE_in_dist
Benjamin helped the block and so did Charlotte .	* block ( x _ 1 ) ; help . agent ( x _ 2 , Benjamin ) AND help . theme ( x _ 2 , x _ 1 ) AND help . agent ( x _ 3 , Charlotte ) AND help . theme ( x _ 3 , x _ 1 )	elips_VPE_in_dist
The girl adored the box and so did Emma .	* girl ( x _ 0 ) ; * box ( x _ 2 ) ; adore . agent ( x _ 3 , x _ 0 ) AND adore . theme ( x _ 3 , x _ 2 ) AND adore . agent ( x _ 4 , Emma ) AND adore . theme ( x _ 4 , x _ 2 )	elips_VPE_in_dist
Liam cleaned a cookie and so did a girl .	cookie ( x _ 2 ) AND girl ( x _ 1 ) AND clean . agent ( x _ 3 , Liam ) AND clean . theme ( x _ 3 , x _ 2 ) AND clean . agent ( x _ 4 , x _ 1 ) AND clean . theme ( x _ 4 , x _ 2 )	elips_VPE_in_dist
Emma declared that a buyer hunted a cow and so did a dog .	buyer ( x _ 3 ) AND cow ( x _ 4 ) AND dog ( x _ 2 ) AND declare . agent ( x _ 5 , Emma ) AND declare . ccomp ( x _ 5, x _ 6 ) AND hunt . agent ( x _ 6 , x _ 3 ) AND hunt . theme ( x _ 6 , x _ 4 ) AND declare . agent ( x _ 7 , x _ 2 ) AND declare . ccomp ( x _ 7, x _ 8 ) AND hunt . agent ( x _ 8 , x _ 3 ) AND hunt . theme ( x _ 8 , x _ 4 )	elips_VPE_in_dist
Luna juggled Layla and so did a child .	child ( x _ 0 ) AND juggle . agent ( x _ 1 , Luna ) AND juggle . theme ( x _ 1 , Layla ) AND juggle . agent ( x _ 2 , x _ 0 ) AND juggle . theme ( x _ 2 , Layla )	elips_VPE_in_dist
A president liked that Wyatt found the cake and so did Emma .	* cake ( x _ 2 ) ; president ( x _ 0 ) AND like . agent ( x _ 3 , x _ 0 ) AND like . ccomp ( x _ 3, x _ 4 ) AND find . agent ( x _ 4 , Wyatt ) AND find . theme ( x _ 4 , x _ 2 ) AND like . agent ( x _ 5 , Emma ) AND like . ccomp ( x _ 5, x _ 6 ) AND find . agent ( x _ 6 , Wyatt ) AND find . theme ( x _ 6 , x _ 2 )	elips_VPE_in_dist
Emma ate a cake and so did Liam .	cake ( x _ 1 ) AND eat . agent ( x _ 2 , Emma ) AND eat . theme ( x _ 2 , x _ 1 ) AND eat . agent ( x _ 3 , Liam ) AND eat . theme ( x _ 3 , x _ 1 )	elips_VPE_in_dist
A father ate a bear and so did Emma .	father ( x _ 0 ) AND bear ( x _ 2 ) AND eat . agent ( x _ 3 , x _ 0 ) AND eat . theme ( x _ 3 , x _ 2 ) AND eat . agent ( x _ 4 , Emma ) AND eat . theme ( x _ 4 , x _ 2 )	elips_VPE_in_dist
Logan drew the pizza and so did the landlord .	* pizza ( x _ 2 ) ; * landlord ( x _ 1 ) ; draw . agent ( x _ 3 , Logan ) AND draw . theme ( x _ 3 , x _ 2 ) AND draw . agent ( x _ 4 , x _ 1 ) AND draw . theme ( x _ 4 , x _ 2 )	elips_VPE_in_dist
The horse cooked a cake and so did Olivia .	* horse ( x _ 0 ) ; cake ( x _ 2 ) AND cook . agent ( x _ 3 , x _ 0 ) AND cook . theme ( x _ 3 , x _ 2 ) AND cook . agent ( x _ 4 , Olivia ) AND cook . theme ( x _ 4 , x _ 2 )	elips_VPE_in_dist
Emma loved a drink and so did Olivia .	drink ( x _ 1 ) AND love . agent ( x _ 2 , Emma ) AND love . theme ( x _ 2 , x _ 1 ) AND love . agent ( x _ 3 , Olivia ) AND love . theme ( x _ 3 , x _ 1 )	elips_VPE_in_dist
Emma liked a cake and so did Olivia .	cake ( x _ 1 ) AND like . agent ( x _ 2 , Emma ) AND like . theme ( x _ 2 , x _ 1 ) AND like . agent ( x _ 3 , Olivia ) AND like . theme ( x _ 3 , x _ 1 )	elips_VPE_in_dist
Aria drew a block and so did Emma .	block ( x _ 1 ) AND draw . agent ( x _ 2 , Aria ) AND draw . theme ( x _ 2 , x _ 1 ) AND draw . agent ( x _ 3 , Emma ) AND draw . theme ( x _ 3 , x _ 1 )	elips_VPE_in_dist
The girl liked that Isabella nursed the cake and so did Carter .	* girl ( x _ 0 ) ; * cake ( x _ 2 ) ; like . agent ( x _ 3 , x _ 0 ) AND like . ccomp ( x _ 3, x _ 4 ) AND nurse . agent ( x _ 4 , Isabella ) AND nurse . theme ( x _ 4 , x _ 2 ) AND like . agent ( x _ 5 , Carter ) AND like . ccomp ( x _ 5, x _ 6 ) AND nurse . agent ( x _ 6 , Isabella ) AND nurse . theme ( x _ 6 , x _ 2 )	elips_VPE_in_dist
The giraffe ate a cake and so did Emma .	* giraffe ( x _ 0 ) ; cake ( x _ 2 ) AND eat . agent ( x _ 3 , x _ 0 ) AND eat . theme ( x _ 3 , x _ 2 ) AND eat . agent ( x _ 4 , Emma ) AND eat . theme ( x _ 4 , x _ 2 )	elips_VPE_in_dist
Oliver hoped that a girl liked a kid and so did a doctor .	girl ( x _ 3 ) AND kid ( x _ 4 ) AND doctor ( x _ 2 ) AND hope . agent ( x _ 5 , Oliver ) AND hope . ccomp ( x _ 5, x _ 6 ) AND like . agent ( x _ 6 , x _ 3 ) AND like . theme ( x _ 6 , x _ 4 ) AND hope . agent ( x _ 7 , x _ 2 ) AND hope . ccomp ( x _ 7, x _ 8 ) AND like . agent ( x _ 8 , x _ 3 ) AND like . theme ( x _ 8 , x _ 4 )	elips_VPE_in_dist
The student cleaned Zoey and so did the horse .	* student ( x _ 0 ) ; * horse ( x _ 1 ) ; clean . agent ( x _ 2 , x _ 0 ) AND clean . theme ( x _ 2 , Zoey ) AND clean . agent ( x _ 3 , x _ 1 ) AND clean . theme ( x _ 3 , Zoey )	elips_VPE_in_dist
Jaxon found a box and so did the girl .	* girl ( x _ 1 ) ; box ( x _ 2 ) AND find . agent ( x _ 3 , Jaxon ) AND find . theme ( x _ 3 , x _ 2 ) AND find . agent ( x _ 4 , x _ 1 ) AND find . theme ( x _ 4 , x _ 2 )	elips_VPE_in_dist
Violet loved the manager and so did a scientist .	* manager ( x _ 2 ) ; scientist ( x _ 1 ) AND love . agent ( x _ 3 , Violet ) AND love . theme ( x _ 3 , x _ 2 ) AND love . agent ( x _ 4 , x _ 1 ) AND love . theme ( x _ 4 , x _ 2 )	elips_VPE_in_dist
The boy painted a mouse and so did Emma .	* boy ( x _ 0 ) ; mouse ( x _ 2 ) AND paint . agent ( x _ 3 , x _ 0 ) AND paint . theme ( x _ 3 , x _ 2 ) AND paint . agent ( x _ 4 , Emma ) AND paint . theme ( x _ 4 , x _ 2 )	elips_VPE_in_dist
Benjamin cooked the sandwich and so did Ethan .	* sandwich ( x _ 1 ) ; cook . agent ( x _ 2 , Benjamin ) AND cook . theme ( x _ 2 , x _ 1 ) AND cook . agent ( x _ 3 , Ethan ) AND cook . theme ( x _ 3 , x _ 1 )	elips_VPE_in_dist
Emma dusted the pretzel and so did Zoe .	* pretzel ( x _ 1 ) ; dust . agent ( x _ 2 , Emma ) AND dust . theme ( x _ 2 , x _ 1 ) AND dust . agent ( x _ 3 , Zoe ) AND dust . theme ( x _ 3 , x _ 1 )	elips_VPE_in_dist
Liam liked that Mia ate the donut and so did Aiden .	* donut ( x _ 1 ) ; like . agent ( x _ 2 , Liam ) AND like . ccomp ( x _ 2, x _ 3 ) AND eat . agent ( x _ 3 , Mia ) AND eat . theme ( x _ 3 , x _ 1 ) AND like . agent ( x _ 4 , Aiden ) AND like . ccomp ( x _ 4, x _ 5 ) AND eat . agent ( x _ 5 , Mia ) AND eat . theme ( x _ 5 , x _ 1 )	elips_VPE_in_dist
James helped Lillian and so did a girl .	girl ( x _ 0 ) AND help . agent ( x _ 1 , James ) AND help . theme ( x _ 1 , Lillian ) AND help . agent ( x _ 2 , x _ 0 ) AND help . theme ( x _ 2 , Lillian )	elips_VPE_in_dist
Elijah noticed that Liam found a cookie and so did the mouse .	* mouse ( x _ 1 ) ; cookie ( x _ 2 ) AND notice . agent ( x _ 3 , Elijah ) AND notice . ccomp ( x _ 3, x _ 4 ) AND find . agent ( x _ 4 , Liam ) AND find . theme ( x _ 4 , x _ 2 ) AND notice . agent ( x _ 5 , x _ 1 ) AND notice . ccomp ( x _ 5, x _ 6 ) AND find . agent ( x _ 6 , Liam ) AND find . theme ( x _ 6 , x _ 2 )	elips_VPE_in_dist
Emma admired the boy and so did Liam .	* boy ( x _ 1 ) ; admire . agent ( x _ 2 , Emma ) AND admire . theme ( x _ 2 , x _ 1 ) AND admire . agent ( x _ 3 , Liam ) AND admire . theme ( x _ 3 , x _ 1 )	elips_VPE_in_dist
The lion liked a cake and so did the boy .	* lion ( x _ 0 ) ; * boy ( x _ 2 ) ; cake ( x _ 3 ) AND like . agent ( x _ 4 , x _ 0 ) AND like . theme ( x _ 4 , x _ 3 ) AND like . agent ( x _ 5 , x _ 2 ) AND like . theme ( x _ 5 , x _ 3 )	elips_VPE_in_dist
Emma helped a cake and so did Ethan .	cake ( x _ 1 ) AND help . agent ( x _ 2 , Emma ) AND help . theme ( x _ 2 , x _ 1 ) AND help . agent ( x _ 3 , Ethan ) AND help . theme ( x _ 3 , x _ 1 )	elips_VPE_in_dist
A manager painted a boy and so did Liam .	manager ( x _ 0 ) AND boy ( x _ 2 ) AND paint . agent ( x _ 3 , x _ 0 ) AND paint . theme ( x _ 3 , x _ 2 ) AND paint . agent ( x _ 4 , Liam ) AND paint . theme ( x _ 4 , x _ 2 )	elips_VPE_in_dist
A boy painted a can and so did the girl .	* girl ( x _ 2 ) ; boy ( x _ 0 ) AND can ( x _ 3 ) AND paint . agent ( x _ 4 , x _ 0 ) AND paint . theme ( x _ 4 , x _ 3 ) AND paint . agent ( x _ 5 , x _ 2 ) AND paint . theme ( x _ 5 , x _ 3 )	elips_VPE_in_dist
Emma sketched the boy and so did a girl .	* boy ( x _ 2 ) ; girl ( x _ 1 ) AND sketch . agent ( x _ 3 , Emma ) AND sketch . theme ( x _ 3 , x _ 2 ) AND sketch . agent ( x _ 4 , x _ 1 ) AND sketch . theme ( x _ 4 , x _ 2 )	elips_VPE_in_dist
A butterfly ate the goose and so did the child .	* goose ( x _ 3 ) ; * child ( x _ 2 ) ; butterfly ( x _ 0 ) AND eat . agent ( x _ 4 , x _ 0 ) AND eat . theme ( x _ 4 , x _ 3 ) AND eat . agent ( x _ 5 , x _ 2 ) AND eat . theme ( x _ 5 , x _ 3 )	elips_VPE_in_dist
Ava meant that Emma ate a cake and so did a teacher .	cake ( x _ 2 ) AND teacher ( x _ 1 ) AND mean . agent ( x _ 3 , Ava ) AND mean . ccomp ( x _ 3, x _ 4 ) AND eat . agent ( x _ 4 , Emma ) AND eat . theme ( x _ 4 , x _ 2 ) AND mean . agent ( x _ 5 , x _ 1 ) AND mean . ccomp ( x _ 5, x _ 6 ) AND eat . agent ( x _ 6 , Emma ) AND eat . theme ( x _ 6 , x _ 2 )	elips_VPE_in_dist
James ate the cake and so did a girl .	* cake ( x _ 2 ) ; girl ( x _ 1 ) AND eat . agent ( x _ 3 , James ) AND eat . theme ( x _ 3 , x _ 2 ) AND eat . agent ( x _ 4 , x _ 1 ) AND eat . theme ( x _ 4 , x _ 2 )	elips_VPE_in_dist
James loved the baby and so did the boy .	* baby ( x _ 2 ) ; * boy ( x _ 1 ) ; love . agent ( x _ 3 , James ) AND love . theme ( x _ 3 , x _ 2 ) AND love . agent ( x _ 4 , x _ 1 ) AND love . theme ( x _ 4 , x _ 2 )	elips_VPE_in_dist
Liam ate a cake and so did Emma .	cake ( x _ 1 ) AND eat . agent ( x _ 2 , Liam ) AND eat . theme ( x _ 2 , x _ 1 ) AND eat . agent ( x _ 3 , Emma ) AND eat . theme ( x _ 3 , x _ 1 )	elips_VPE_in_dist
Liam appreciated the cookie and so did the girl .	* cookie ( x _ 2 ) ; * girl ( x _ 1 ) ; appreciate . agent ( x _ 3 , Liam ) AND appreciate . theme ( x _ 3 , x _ 2 ) AND appreciate . agent ( x _ 4 , x _ 1 ) AND appreciate . theme ( x _ 4 , x _ 2 )	elips_VPE_in_dist
The girl helped a bunny and so did Emma .	* girl ( x _ 0 ) ; bunny ( x _ 2 ) AND help . agent ( x _ 3 , x _ 0 ) AND help . theme ( x _ 3 , x _ 2 ) AND help . agent ( x _ 4 , Emma ) AND help . theme ( x _ 4 , x _ 2 )	elips_VPE_in_dist
Emma liked the rose and so did Jackson .	* rose ( x _ 1 ) ; like . agent ( x _ 2 , Emma ) AND like . theme ( x _ 2 , x _ 1 ) AND like . agent ( x _ 3 , Jackson ) AND like . theme ( x _ 3 , x _ 1 )	elips_VPE_in_dist
The professor liked Penelope and so did the dog .	* professor ( x _ 0 ) ; * dog ( x _ 1 ) ; like . agent ( x _ 2 , x _ 0 ) AND like . theme ( x _ 2 , Penelope ) AND like . agent ( x _ 3 , x _ 1 ) AND like . theme ( x _ 3 , Penelope )	elips_VPE_in_dist
Emma liked that Mia ate the brain and so did Olivia .	* brain ( x _ 1 ) ; like . agent ( x _ 2 , Emma ) AND like . ccomp ( x _ 2, x _ 3 ) AND eat . agent ( x _ 3 , Mia ) AND eat . theme ( x _ 3 , x _ 1 ) AND like . agent ( x _ 4 , Olivia ) AND like . ccomp ( x _ 4, x _ 5 ) AND eat . agent ( x _ 5 , Mia ) AND eat . theme ( x _ 5 , x _ 1 )	elips_VPE_in_dist
Victoria loved John and so did Benjamin .	love . agent ( x _ 0 , Victoria ) AND love . theme ( x _ 0 , John ) AND love . agent ( x _ 1 , Benjamin ) AND love . theme ( x _ 1 , John )	elips_VPE_in_dist
The baby confessed that Liam painted a donut and so did Logan .	* baby ( x _ 0 ) ; donut ( x _ 2 ) AND confess . agent ( x _ 3 , x _ 0 ) AND confess . ccomp ( x _ 3, x _ 4 ) AND paint . agent ( x _ 4 , Liam ) AND paint . theme ( x _ 4 , x _ 2 ) AND confess . agent ( x _ 5 , Logan ) AND confess . ccomp ( x _ 5, x _ 6 ) AND paint . agent ( x _ 6 , Liam ) AND paint . theme ( x _ 6 , x _ 2 )	elips_VPE_in_dist
Elizabeth cleaned the raisin and so did a girl .	* raisin ( x _ 2 ) ; girl ( x _ 1 ) AND clean . agent ( x _ 3 , Elizabeth ) AND clean . theme ( x _ 3 , x _ 2 ) AND clean . agent ( x _ 4 , x _ 1 ) AND clean . theme ( x _ 4 , x _ 2 )	elips_VPE_in_dist
Isaac drew Caleb and so did Liam .	draw . agent ( x _ 0 , Isaac ) AND draw . theme ( x _ 0 , Caleb ) AND draw . agent ( x _ 1 , Liam ) AND draw . theme ( x _ 1 , Caleb )	elips_VPE_in_dist
Elijah liked that the boy painted a lollipop and so did Liam .	* boy ( x _ 2 ) ; lollipop ( x _ 3 ) AND like . agent ( x _ 4 , Elijah ) AND like . ccomp ( x _ 4, x _ 5 ) AND paint . agent ( x _ 5 , x _ 2 ) AND paint . theme ( x _ 5 , x _ 3 ) AND like . agent ( x _ 6 , Liam ) AND like . ccomp ( x _ 6, x _ 7 ) AND paint . agent ( x _ 7 , x _ 2 ) AND paint . theme ( x _ 7 , x _ 3 )	elips_VPE_in_dist
Jack painted a baby and so did Emma .	baby ( x _ 1 ) AND paint . agent ( x _ 2 , Jack ) AND paint . theme ( x _ 2 , x _ 1 ) AND paint . agent ( x _ 3 , Emma ) AND paint . theme ( x _ 3 , x _ 1 )	elips_VPE_in_dist
A driver drew a cookie and so did Emma .	driver ( x _ 0 ) AND cookie ( x _ 2 ) AND draw . agent ( x _ 3 , x _ 0 ) AND draw . theme ( x _ 3 , x _ 2 ) AND draw . agent ( x _ 4 , Emma ) AND draw . theme ( x _ 4 , x _ 2 )	elips_VPE_in_dist
Liam helped a rose and so did Andrew .	rose ( x _ 1 ) AND help . agent ( x _ 2 , Liam ) AND help . theme ( x _ 2 , x _ 1 ) AND help . agent ( x _ 3 , Andrew ) AND help . theme ( x _ 3 , x _ 1 )	elips_VPE_in_dist
Emma drew the liver and so did Mila .	* liver ( x _ 1 ) ; draw . agent ( x _ 2 , Emma ) AND draw . theme ( x _ 2 , x _ 1 ) AND draw . agent ( x _ 3 , Mila ) AND draw . theme ( x _ 3 , x _ 1 )	elips_VPE_in_dist
Liam helped the boy and so did a girl .	* boy ( x _ 2 ) ; girl ( x _ 1 ) AND help . agent ( x _ 3 , Liam ) AND help . theme ( x _ 3 , x _ 2 ) AND help . agent ( x _ 4 , x _ 1 ) AND help . theme ( x _ 4 , x _ 2 )	elips_VPE_in_dist
A child cooked the cake and so did a baby .	* cake ( x _ 3 ) ; child ( x _ 0 ) AND baby ( x _ 2 ) AND cook . agent ( x _ 4 , x _ 0 ) AND cook . theme ( x _ 4 , x _ 3 ) AND cook . agent ( x _ 5 , x _ 2 ) AND cook . theme ( x _ 5 , x _ 3 )	elips_VPE_in_dist
A lawyer said that the monster adored the flag and so did the boy .	* monster ( x _ 4 ) ; * flag ( x _ 5 ) ; * boy ( x _ 3 ) ; lawyer ( x _ 0 ) AND say . agent ( x _ 6 , x _ 0 ) AND say . ccomp ( x _ 6, x _ 7 ) AND adore . agent ( x _ 7 , x _ 4 ) AND adore . theme ( x _ 7 , x _ 5 ) AND say . agent ( x _ 8 , x _ 3 ) AND say . ccomp ( x _ 8, x _ 9 ) AND adore . agent ( x _ 9 , x _ 4 ) AND adore . theme ( x _ 9 , x _ 5 )	elips_VPE_in_dist
Wyatt said that the pony liked a cat and so did the frog .	* pony ( x _ 3 ) ; * frog ( x _ 2 ) ; cat ( x _ 4 ) AND say . agent ( x _ 5 , Wyatt ) AND say . ccomp ( x _ 5, x _ 6 ) AND like . agent ( x _ 6 , x _ 3 ) AND like . theme ( x _ 6 , x _ 4 ) AND say . agent ( x _ 7 , x _ 2 ) AND say . ccomp ( x _ 7, x _ 8 ) AND like . agent ( x _ 8 , x _ 3 ) AND like . theme ( x _ 8 , x _ 4 )	elips_VPE_in_dist
Abigail liked Penelope and so did Emma .	like . agent ( x _ 0 , Abigail ) AND like . theme ( x _ 0 , Penelope ) AND like . agent ( x _ 1 , Emma ) AND like . theme ( x _ 1 , Penelope )	elips_VPE_in_dist
A girl poked a key and so did Emma .	girl ( x _ 0 ) AND key ( x _ 2 ) AND poke . agent ( x _ 3 , x _ 0 ) AND poke . theme ( x _ 3 , x _ 2 ) AND poke . agent ( x _ 4 , Emma ) AND poke . theme ( x _ 4 , x _ 2 )	elips_VPE_in_dist
The boy ate the cake and so did the bird .	* boy ( x _ 0 ) ; * cake ( x _ 3 ) ; * bird ( x _ 2 ) ; eat . agent ( x _ 4 , x _ 0 ) AND eat . theme ( x _ 4 , x _ 3 ) AND eat . agent ( x _ 5 , x _ 2 ) AND eat . theme ( x _ 5 , x _ 3 )	elips_VPE_in_dist
A girl ate a bottle and so did Emma .	girl ( x _ 0 ) AND bottle ( x _ 2 ) AND eat . agent ( x _ 3 , x _ 0 ) AND eat . theme ( x _ 3 , x _ 2 ) AND eat . agent ( x _ 4 , Emma ) AND eat . theme ( x _ 4 , x _ 2 )	elips_VPE_in_dist
Christopher ate a student and so did Eleanor .	student ( x _ 1 ) AND eat . agent ( x _ 2 , Christopher ) AND eat . theme ( x _ 2 , x _ 1 ) AND eat . agent ( x _ 3 , Eleanor ) AND eat . theme ( x _ 3 , x _ 1 )	elips_VPE_in_dist
Emma respected that John hunted the cake and so did a boy .	* cake ( x _ 2 ) ; boy ( x _ 1 ) AND respect . agent ( x _ 3 , Emma ) AND respect . ccomp ( x _ 3, x _ 4 ) AND hunt . agent ( x _ 4 , John ) AND hunt . theme ( x _ 4 , x _ 2 ) AND respect . agent ( x _ 5 , x _ 1 ) AND respect . ccomp ( x _ 5, x _ 6 ) AND hunt . agent ( x _ 6 , John ) AND hunt . theme ( x _ 6 , x _ 2 )	elips_VPE_in_dist
Elizabeth painted a cake and so did Oliver .	cake ( x _ 1 ) AND paint . agent ( x _ 2 , Elizabeth ) AND paint . theme ( x _ 2 , x _ 1 ) AND paint . agent ( x _ 3 , Oliver ) AND paint . theme ( x _ 3 , x _ 1 )	elips_VPE_in_dist
Olivia ate a baby and so did Lincoln .	baby ( x _ 1 ) AND eat . agent ( x _ 2 , Olivia ) AND eat . theme ( x _ 2 , x _ 1 ) AND eat . agent ( x _ 3 , Lincoln ) AND eat . theme ( x _ 3 , x _ 1 )	elips_VPE_in_dist
Isabella liked that the driver ate the mother and so did the tiger .	* driver ( x _ 3 ) ; * mother ( x _ 4 ) ; * tiger ( x _ 2 ) ; like . agent ( x _ 5 , Isabella ) AND like . ccomp ( x _ 5, x _ 6 ) AND eat . agent ( x _ 6 , x _ 3 ) AND eat . theme ( x _ 6 , x _ 4 ) AND like . agent ( x _ 7 , x _ 2 ) AND like . ccomp ( x _ 7, x _ 8 ) AND eat . agent ( x _ 8 , x _ 3 ) AND eat . theme ( x _ 8 , x _ 4 )	elips_VPE_in_dist
The cat liked the raisin and so did the frog .	* cat ( x _ 0 ) ; * raisin ( x _ 3 ) ; * frog ( x _ 2 ) ; like . agent ( x _ 4 , x _ 0 ) AND like . theme ( x _ 4 , x _ 3 ) AND like . agent ( x _ 5 , x _ 2 ) AND like . theme ( x _ 5 , x _ 3 )	elips_VPE_in_dist
The doctor appreciated the girl and so did Liam .	* doctor ( x _ 0 ) ; * girl ( x _ 2 ) ; appreciate . agent ( x _ 3 , x _ 0 ) AND appreciate . theme ( x _ 3 , x _ 2 ) AND appreciate . agent ( x _ 4 , Liam ) AND appreciate . theme ( x _ 4 , x _ 2 )	elips_VPE_in_dist
A cat cleaned a cookie and so did a boy .	cat ( x _ 0 ) AND cookie ( x _ 3 ) AND boy ( x _ 2 ) AND clean . agent ( x _ 4 , x _ 0 ) AND clean . theme ( x _ 4 , x _ 3 ) AND clean . agent ( x _ 5 , x _ 2 ) AND clean . theme ( x _ 5 , x _ 3 )	elips_VPE_in_dist
Luke liked a ball and so did Sophia .	ball ( x _ 1 ) AND like . agent ( x _ 2 , Luke ) AND like . theme ( x _ 2 , x _ 1 ) AND like . agent ( x _ 3 , Sophia ) AND like . theme ( x _ 3 , x _ 1 )	elips_VPE_in_dist
A baby appreciated Zoey and so did Logan .	baby ( x _ 0 ) AND appreciate . agent ( x _ 1 , x _ 0 ) AND appreciate . theme ( x _ 1 , Zoey ) AND appreciate . agent ( x _ 2 , Logan ) AND appreciate . theme ( x _ 2 , Zoey )	elips_VPE_in_dist
Benjamin drew Penelope and so did Emma .	draw . agent ( x _ 0 , Benjamin ) AND draw . theme ( x _ 0 , Penelope ) AND draw . agent ( x _ 1 , Emma ) AND draw . theme ( x _ 1 , Penelope )	elips_VPE_in_dist
A tenant hoped that Liam liked the cake and so did Emma .	* cake ( x _ 2 ) ; tenant ( x _ 0 ) AND hope . agent ( x _ 3 , x _ 0 ) AND hope . ccomp ( x _ 3, x _ 4 ) AND like . agent ( x _ 4 , Liam ) AND like . theme ( x _ 4 , x _ 2 ) AND hope . agent ( x _ 5 , Emma ) AND hope . ccomp ( x _ 5, x _ 6 ) AND like . agent ( x _ 6 , Liam ) AND like . theme ( x _ 6 , x _ 2 )	elips_VPE_in_dist
Emma imagined that Sebastian painted Penelope and so did a prince .	prince ( x _ 0 ) AND imagine . agent ( x _ 1 , Emma ) AND imagine . ccomp ( x _ 1, x _ 2 ) AND paint . agent ( x _ 2 , Sebastian ) AND paint . theme ( x _ 2 , Penelope ) AND imagine . agent ( x _ 3 , x _ 0 ) AND imagine . ccomp ( x _ 3, x _ 4 ) AND paint . agent ( x _ 4 , Sebastian ) AND paint . theme ( x _ 4 , Penelope )	elips_VPE_in_dist
The frog ate Christopher and so did Emma .	* frog ( x _ 0 ) ; eat . agent ( x _ 1 , x _ 0 ) AND eat . theme ( x _ 1 , Christopher ) AND eat . agent ( x _ 2 , Emma ) AND eat . theme ( x _ 2 , Christopher )	elips_VPE_in_dist
A bear adored the donut and so did a girl .	* donut ( x _ 3 ) ; bear ( x _ 0 ) AND girl ( x _ 2 ) AND adore . agent ( x _ 4 , x _ 0 ) AND adore . theme ( x _ 4 , x _ 3 ) AND adore . agent ( x _ 5 , x _ 2 ) AND adore . theme ( x _ 5 , x _ 3 )	elips_VPE_in_dist
The cat painted Dylan and so did a driver .	* cat ( x _ 0 ) ; driver ( x _ 1 ) AND paint . agent ( x _ 2 , x _ 0 ) AND paint . theme ( x _ 2 , Dylan ) AND paint . agent ( x _ 3 , x _ 1 ) AND paint . theme ( x _ 3 , Dylan )	elips_VPE_in_dist
Hannah ate a tool and so did Noah .	tool ( x _ 1 ) AND eat . agent ( x _ 2 , Hannah ) AND eat . theme ( x _ 2 , x _ 1 ) AND eat . agent ( x _ 3 , Noah ) AND eat . theme ( x _ 3 , x _ 1 )	elips_VPE_in_dist
William liked that the zebra nursed the cake and so did Olivia .	* zebra ( x _ 2 ) ; * cake ( x _ 3 ) ; like . agent ( x _ 4 , William ) AND like . ccomp ( x _ 4, x _ 5 ) AND nurse . agent ( x _ 5 , x _ 2 ) AND nurse . theme ( x _ 5 , x _ 3 ) AND like . agent ( x _ 6 , Olivia ) AND like . ccomp ( x _ 6, x _ 7 ) AND nurse . agent ( x _ 7 , x _ 2 ) AND nurse . theme ( x _ 7 , x _ 3 )	elips_VPE_in_dist
Emma painted Luke and so did a bear .	bear ( x _ 0 ) AND paint . agent ( x _ 1 , Emma ) AND paint . theme ( x _ 1 , Luke ) AND paint . agent ( x _ 2 , x _ 0 ) AND paint . theme ( x _ 2 , Luke )	elips_VPE_in_dist
A boy appreciated a bird and so did a bunny .	boy ( x _ 0 ) AND bird ( x _ 3 ) AND bunny ( x _ 2 ) AND appreciate . agent ( x _ 4 , x _ 0 ) AND appreciate . theme ( x _ 4 , x _ 3 ) AND appreciate . agent ( x _ 5 , x _ 2 ) AND appreciate . theme ( x _ 5 , x _ 3 )	elips_VPE_in_dist
The baby nursed a cake and so did Liam .	* baby ( x _ 0 ) ; cake ( x _ 2 ) AND nurse . agent ( x _ 3 , x _ 0 ) AND nurse . theme ( x _ 3 , x _ 2 ) AND nurse . agent ( x _ 4 , Liam ) AND nurse . theme ( x _ 4 , x _ 2 )	elips_VPE_in_dist
Liam ate the donut and so did Levi .	* donut ( x _ 1 ) ; eat . agent ( x _ 2 , Liam ) AND eat . theme ( x _ 2 , x _ 1 ) AND eat . agent ( x _ 3 , Levi ) AND eat . theme ( x _ 3 , x _ 1 )	elips_VPE_in_dist
Emma liked that Noah cooked the box and so did Elijah .	* box ( x _ 1 ) ; like . agent ( x _ 2 , Emma ) AND like . ccomp ( x _ 2, x _ 3 ) AND cook . agent ( x _ 3 , Noah ) AND cook . theme ( x _ 3 , x _ 1 ) AND like . agent ( x _ 4 , Elijah ) AND like . ccomp ( x _ 4, x _ 5 ) AND cook . agent ( x _ 5 , Noah ) AND cook . theme ( x _ 5 , x _ 1 )	elips_VPE_in_dist
The doctor liked the cake and so did Liam .	* doctor ( x _ 0 ) ; * cake ( x _ 2 ) ; like . agent ( x _ 3 , x _ 0 ) AND like . theme ( x _ 3 , x _ 2 ) AND like . agent ( x _ 4 , Liam ) AND like . theme ( x _ 4 , x _ 2 )	elips_VPE_in_dist
A girl drew a pizza and so did Liam .	girl ( x _ 0 ) AND pizza ( x _ 2 ) AND draw . agent ( x _ 3 , x _ 0 ) AND draw . theme ( x _ 3 , x _ 2 ) AND draw . agent ( x _ 4 , Liam ) AND draw . theme ( x _ 4 , x _ 2 )	elips_VPE_in_dist
A bee drew a melon and so did Sophia .	bee ( x _ 0 ) AND melon ( x _ 2 ) AND draw . agent ( x _ 3 , x _ 0 ) AND draw . theme ( x _ 3 , x _ 2 ) AND draw . agent ( x _ 4 , Sophia ) AND draw . theme ( x _ 4 , x _ 2 )	elips_VPE_in_dist
Liam nursed the drink and so did a girl .	* drink ( x _ 2 ) ; girl ( x _ 1 ) AND nurse . agent ( x _ 3 , Liam ) AND nurse . theme ( x _ 3 , x _ 2 ) AND nurse . agent ( x _ 4 , x _ 1 ) AND nurse . theme ( x _ 4 , x _ 2 )	elips_VPE_in_dist
A pupil painted the cake and so did Emma .	* cake ( x _ 2 ) ; pupil ( x _ 0 ) AND paint . agent ( x _ 3 , x _ 0 ) AND paint . theme ( x _ 3 , x _ 2 ) AND paint . agent ( x _ 4 , Emma ) AND paint . theme ( x _ 4 , x _ 2 )	elips_VPE_in_dist
Emma cleaned the ring and so did Liam .	* ring ( x _ 1 ) ; clean . agent ( x _ 2 , Emma ) AND clean . theme ( x _ 2 , x _ 1 ) AND clean . agent ( x _ 3 , Liam ) AND clean . theme ( x _ 3 , x _ 1 )	elips_VPE_in_dist
Theodore respected that the girl painted a flag and so did Emma .	* girl ( x _ 2 ) ; flag ( x _ 3 ) AND respect . agent ( x _ 4 , Theodore ) AND respect . ccomp ( x _ 4, x _ 5 ) AND paint . agent ( x _ 5 , x _ 2 ) AND paint . theme ( x _ 5 , x _ 3 ) AND respect . agent ( x _ 6 , Emma ) AND respect . ccomp ( x _ 6, x _ 7 ) AND paint . agent ( x _ 7 , x _ 2 ) AND paint . theme ( x _ 7 , x _ 3 )	elips_VPE_in_dist
The girl cleaned the rose and so did a boy .	* girl ( x _ 0 ) ; * rose ( x _ 3 ) ; boy ( x _ 2 ) AND clean . agent ( x _ 4 , x _ 0 ) AND clean . theme ( x _ 4 , x _ 3 ) AND clean . agent ( x _ 5 , x _ 2 ) AND clean . theme ( x _ 5 , x _ 3 )	elips_VPE_in_dist
Ava found the jigsaw and so did a sailor .	* jigsaw ( x _ 2 ) ; sailor ( x _ 1 ) AND find . agent ( x _ 3 , Ava ) AND find . theme ( x _ 3 , x _ 2 ) AND find . agent ( x _ 4 , x _ 1 ) AND find . theme ( x _ 4 , x _ 2 )	elips_VPE_in_dist
Liam loved Natalie and so did Emma .	love . agent ( x _ 0 , Liam ) AND love . theme ( x _ 0 , Natalie ) AND love . agent ( x _ 1 , Emma ) AND love . theme ( x _ 1 , Natalie )	elips_VPE_in_dist
Mia helped a customer and so did Emma .	customer ( x _ 1 ) AND help . agent ( x _ 2 , Mia ) AND help . theme ( x _ 2 , x _ 1 ) AND help . agent ( x _ 3 , Emma ) AND help . theme ( x _ 3 , x _ 1 )	elips_VPE_in_dist
The cat liked a donut and so did Lucas .	* cat ( x _ 0 ) ; donut ( x _ 2 ) AND like . agent ( x _ 3 , x _ 0 ) AND like . theme ( x _ 3 , x _ 2 ) AND like . agent ( x _ 4 , Lucas ) AND like . theme ( x _ 4 , x _ 2 )	elips_VPE_in_dist
Alexander noticed that Oliver liked a block and so did Emma .	block ( x _ 1 ) AND notice . agent ( x _ 2 , Alexander ) AND notice . ccomp ( x _ 2, x _ 3 ) AND like . agent ( x _ 3 , Oliver ) AND like . theme ( x _ 3 , x _ 1 ) AND notice . agent ( x _ 4 , Emma ) AND notice . ccomp ( x _ 4, x _ 5 ) AND like . agent ( x _ 5 , Oliver ) AND like . theme ( x _ 5 , x _ 1 )	elips_VPE_in_dist
The boy ate a cake and so did a cat .	* boy ( x _ 0 ) ; cake ( x _ 3 ) AND cat ( x _ 2 ) AND eat . agent ( x _ 4 , x _ 0 ) AND eat . theme ( x _ 4 , x _ 3 ) AND eat . agent ( x _ 5 , x _ 2 ) AND eat . theme ( x _ 5 , x _ 3 )	elips_VPE_in_dist
James liked that the girl liked a donut and so did Aiden .	* girl ( x _ 2 ) ; donut ( x _ 3 ) AND like . agent ( x _ 4 , James ) AND like . ccomp ( x _ 4, x _ 5 ) AND like . agent ( x _ 5 , x _ 2 ) AND like . theme ( x _ 5 , x _ 3 ) AND like . agent ( x _ 6 , Aiden ) AND like . ccomp ( x _ 6, x _ 7 ) AND like . agent ( x _ 7 , x _ 2 ) AND like . theme ( x _ 7 , x _ 3 )	elips_VPE_in_dist
A bear said that Liam admired Zoey and so did Amelia .	bear ( x _ 0 ) AND say . agent ( x _ 1 , x _ 0 ) AND say . ccomp ( x _ 1, x _ 2 ) AND admire . agent ( x _ 2 , Liam ) AND admire . theme ( x _ 2 , Zoey ) AND say . agent ( x _ 3 , Amelia ) AND say . ccomp ( x _ 3, x _ 4 ) AND admire . agent ( x _ 4 , Liam ) AND admire . theme ( x _ 4 , Zoey )	elips_VPE_in_dist
The girl liked a cake and so did the cat .	* girl ( x _ 0 ) ; * cat ( x _ 2 ) ; cake ( x _ 3 ) AND like . agent ( x _ 4 , x _ 0 ) AND like . theme ( x _ 4 , x _ 3 ) AND like . agent ( x _ 5 , x _ 2 ) AND like . theme ( x _ 5 , x _ 3 )	elips_VPE_in_dist
Olivia appreciated a cookie and so did Dylan .	cookie ( x _ 1 ) AND appreciate . agent ( x _ 2 , Olivia ) AND appreciate . theme ( x _ 2 , x _ 1 ) AND appreciate . agent ( x _ 3 , Dylan ) AND appreciate . theme ( x _ 3 , x _ 1 )	elips_VPE_in_dist
Emma said that the bird ate a cake and so did Isabella .	* bird ( x _ 2 ) ; cake ( x _ 3 ) AND say . agent ( x _ 4 , Emma ) AND say . ccomp ( x _ 4, x _ 5 ) AND eat . agent ( x _ 5 , x _ 2 ) AND eat . theme ( x _ 5 , x _ 3 ) AND say . agent ( x _ 6 , Isabella ) AND say . ccomp ( x _ 6, x _ 7 ) AND eat . agent ( x _ 7 , x _ 2 ) AND eat . theme ( x _ 7 , x _ 3 )	elips_VPE_in_dist
Emma dusted the girl and so did a giraffe .	* girl ( x _ 2 ) ; giraffe ( x _ 1 ) AND dust . agent ( x _ 3 , Emma ) AND dust . theme ( x _ 3 , x _ 2 ) AND dust . agent ( x _ 4 , x _ 1 ) AND dust . theme ( x _ 4 , x _ 2 )	elips_VPE_in_dist
Lillian liked a raisin and so did Harper .	raisin ( x _ 1 ) AND like . agent ( x _ 2 , Lillian ) AND like . theme ( x _ 2 , x _ 1 ) AND like . agent ( x _ 3 , Harper ) AND like . theme ( x _ 3 , x _ 1 )	elips_VPE_in_dist
A girl nursed a pencil and so did a director .	girl ( x _ 0 ) AND pencil ( x _ 3 ) AND director ( x _ 2 ) AND nurse . agent ( x _ 4 , x _ 0 ) AND nurse . theme ( x _ 4 , x _ 3 ) AND nurse . agent ( x _ 5 , x _ 2 ) AND nurse . theme ( x _ 5 , x _ 3 )	elips_VPE_in_dist
A boy ate a girl and so did Noah .	boy ( x _ 0 ) AND girl ( x _ 2 ) AND eat . agent ( x _ 3 , x _ 0 ) AND eat . theme ( x _ 3 , x _ 2 ) AND eat . agent ( x _ 4 , Noah ) AND eat . theme ( x _ 4 , x _ 2 )	elips_VPE_in_dist
Andrew poked Wyatt and so did a dog .	dog ( x _ 0 ) AND poke . agent ( x _ 1 , Andrew ) AND poke . theme ( x _ 1 , Wyatt ) AND poke . agent ( x _ 2 , x _ 0 ) AND poke . theme ( x _ 2 , Wyatt )	elips_VPE_in_dist
Emma hoped that the girl liked the lawyer and so did the boy .	* girl ( x _ 3 ) ; * lawyer ( x _ 4 ) ; * boy ( x _ 2 ) ; hope . agent ( x _ 5 , Emma ) AND hope . ccomp ( x _ 5, x _ 6 ) AND like . agent ( x _ 6 , x _ 3 ) AND like . theme ( x _ 6 , x _ 4 ) AND hope . agent ( x _ 7 , x _ 2 ) AND hope . ccomp ( x _ 7, x _ 8 ) AND like . agent ( x _ 8 , x _ 3 ) AND like . theme ( x _ 8 , x _ 4 )	elips_VPE_in_dist
Emma liked Anthony and so did Lucas .	like . agent ( x _ 0 , Emma ) AND like . theme ( x _ 0 , Anthony ) AND like . agent ( x _ 1 , Lucas ) AND like . theme ( x _ 1 , Anthony )	elips_VPE_in_dist
Ava liked that the cat painted a towel and so did Emma .	* cat ( x _ 2 ) ; towel ( x _ 3 ) AND like . agent ( x _ 4 , Ava ) AND like . ccomp ( x _ 4, x _ 5 ) AND paint . agent ( x _ 5 , x _ 2 ) AND paint . theme ( x _ 5 , x _ 3 ) AND like . agent ( x _ 6 , Emma ) AND like . ccomp ( x _ 6, x _ 7 ) AND paint . agent ( x _ 7 , x _ 2 ) AND paint . theme ( x _ 7 , x _ 3 )	elips_VPE_in_dist
Dylan drew the raisin and so did Emma .	* raisin ( x _ 1 ) ; draw . agent ( x _ 2 , Dylan ) AND draw . theme ( x _ 2 , x _ 1 ) AND draw . agent ( x _ 3 , Emma ) AND draw . theme ( x _ 3 , x _ 1 )	elips_VPE_in_dist
Liam cooked Penelope and so did the cat .	* cat ( x _ 0 ) ; cook . agent ( x _ 1 , Liam ) AND cook . theme ( x _ 1 , Penelope ) AND cook . agent ( x _ 2 , x _ 0 ) AND cook . theme ( x _ 2 , Penelope )	elips_VPE_in_dist
Emma proved that Liam missed the jacket and so did Ellie .	* jacket ( x _ 1 ) ; prove . agent ( x _ 2 , Emma ) AND prove . ccomp ( x _ 2, x _ 3 ) AND miss . agent ( x _ 3 , Liam ) AND miss . theme ( x _ 3 , x _ 1 ) AND prove . agent ( x _ 4 , Ellie ) AND prove . ccomp ( x _ 4, x _ 5 ) AND miss . agent ( x _ 5 , Liam ) AND miss . theme ( x _ 5 , x _ 1 )	elips_VPE_in_dist
Isabella found the donut and so did the baby .	* donut ( x _ 2 ) ; * baby ( x _ 1 ) ; find . agent ( x _ 3 , Isabella ) AND find . theme ( x _ 3 , x _ 2 ) AND find . agent ( x _ 4 , x _ 1 ) AND find . theme ( x _ 4 , x _ 2 )	elips_VPE_in_dist
A boy thought that Bella painted a donut and so did the girl .	* girl ( x _ 2 ) ; boy ( x _ 0 ) AND donut ( x _ 3 ) AND think . agent ( x _ 4 , x _ 0 ) AND think . ccomp ( x _ 4, x _ 5 ) AND paint . agent ( x _ 5 , Bella ) AND paint . theme ( x _ 5 , x _ 3 ) AND think . agent ( x _ 6 , x _ 2 ) AND think . ccomp ( x _ 6, x _ 7 ) AND paint . agent ( x _ 7 , Bella ) AND paint . theme ( x _ 7 , x _ 3 )	elips_VPE_in_dist
Emma hoped that Liam helped the chicken and so did Isaac .	* chicken ( x _ 1 ) ; hope . agent ( x _ 2 , Emma ) AND hope . ccomp ( x _ 2, x _ 3 ) AND help . agent ( x _ 3 , Liam ) AND help . theme ( x _ 3 , x _ 1 ) AND hope . agent ( x _ 4 , Isaac ) AND hope . ccomp ( x _ 4, x _ 5 ) AND help . agent ( x _ 5 , Liam ) AND help . theme ( x _ 5 , x _ 1 )	elips_VPE_in_dist
The chicken painted Wyatt and so did Isaac .	* chicken ( x _ 0 ) ; paint . agent ( x _ 1 , x _ 0 ) AND paint . theme ( x _ 1 , Wyatt ) AND paint . agent ( x _ 2 , Isaac ) AND paint . theme ( x _ 2 , Wyatt )	elips_VPE_in_dist
Olivia drew a sandwich and so did a girl .	sandwich ( x _ 2 ) AND girl ( x _ 1 ) AND draw . agent ( x _ 3 , Olivia ) AND draw . theme ( x _ 3 , x _ 2 ) AND draw . agent ( x _ 4 , x _ 1 ) AND draw . theme ( x _ 4 , x _ 2 )	elips_VPE_in_dist
The girl cleaned a butterfly and so did the cat .	* girl ( x _ 0 ) ; * cat ( x _ 2 ) ; butterfly ( x _ 3 ) AND clean . agent ( x _ 4 , x _ 0 ) AND clean . theme ( x _ 4 , x _ 3 ) AND clean . agent ( x _ 5 , x _ 2 ) AND clean . theme ( x _ 5 , x _ 3 )	elips_VPE_in_dist
Grace appreciated Penelope and so did Emma .	appreciate . agent ( x _ 0 , Grace ) AND appreciate . theme ( x _ 0 , Penelope ) AND appreciate . agent ( x _ 1 , Emma ) AND appreciate . theme ( x _ 1 , Penelope )	elips_VPE_in_dist
The girl hoped that Sophia liked a rose and so did Olivia .	* girl ( x _ 0 ) ; rose ( x _ 2 ) AND hope . agent ( x _ 3 , x _ 0 ) AND hope . ccomp ( x _ 3, x _ 4 ) AND like . agent ( x _ 4 , Sophia ) AND like . theme ( x _ 4 , x _ 2 ) AND hope . agent ( x _ 5 , Olivia ) AND hope . ccomp ( x _ 5, x _ 6 ) AND like . agent ( x _ 6 , Sophia ) AND like . theme ( x _ 6 , x _ 2 )	elips_VPE_in_dist
A dog liked that the boy poked a monkey and so did Mason .	* boy ( x _ 3 ) ; dog ( x _ 0 ) AND monkey ( x _ 4 ) AND like . agent ( x _ 5 , x _ 0 ) AND like . ccomp ( x _ 5, x _ 6 ) AND poke . agent ( x _ 6 , x _ 3 ) AND poke . theme ( x _ 6 , x _ 4 ) AND like . agent ( x _ 7 , Mason ) AND like . ccomp ( x _ 7, x _ 8 ) AND poke . agent ( x _ 8 , x _ 3 ) AND poke . theme ( x _ 8 , x _ 4 )	elips_VPE_in_dist
James cleaned a girl and so did Mia .	girl ( x _ 1 ) AND clean . agent ( x _ 2 , James ) AND clean . theme ( x _ 2 , x _ 1 ) AND clean . agent ( x _ 3 , Mia ) AND clean . theme ( x _ 3 , x _ 1 )	elips_VPE_in_dist
Hazel declared that Charlotte helped the mandarin and so did Emma .	* mandarin ( x _ 1 ) ; declare . agent ( x _ 2 , Hazel ) AND declare . ccomp ( x _ 2, x _ 3 ) AND help . agent ( x _ 3 , Charlotte ) AND help . theme ( x _ 3 , x _ 1 ) AND declare . agent ( x _ 4 , Emma ) AND declare . ccomp ( x _ 4, x _ 5 ) AND help . agent ( x _ 5 , Charlotte ) AND help . theme ( x _ 5 , x _ 1 )	elips_VPE_in_dist
A cat dreamed that a bunny ate a glue and so did a hen .	cat ( x _ 0 ) AND bunny ( x _ 4 ) AND glue ( x _ 5 ) AND hen ( x _ 3 ) AND dream . agent ( x _ 6 , x _ 0 ) AND dream . ccomp ( x _ 6, x _ 7 ) AND eat . agent ( x _ 7 , x _ 4 ) AND eat . theme ( x _ 7 , x _ 5 ) AND dream . agent ( x _ 8 , x _ 3 ) AND dream . ccomp ( x _ 8, x _ 9 ) AND eat . agent ( x _ 9 , x _ 4 ) AND eat . theme ( x _ 9 , x _ 5 )	elips_VPE_in_dist
A donkey liked that a cat sketched the dog and so did Aria .	* dog ( x _ 4 ) ; donkey ( x _ 0 ) AND cat ( x _ 3 ) AND like . agent ( x _ 5 , x _ 0 ) AND like . ccomp ( x _ 5, x _ 6 ) AND sketch . agent ( x _ 6 , x _ 3 ) AND sketch . theme ( x _ 6 , x _ 4 ) AND like . agent ( x _ 7 , Aria ) AND like . ccomp ( x _ 7, x _ 8 ) AND sketch . agent ( x _ 8 , x _ 3 ) AND sketch . theme ( x _ 8 , x _ 4 )	elips_VPE_in_dist
Carter poked the patient and so did a boy .	* patient ( x _ 2 ) ; boy ( x _ 1 ) AND poke . agent ( x _ 3 , Carter ) AND poke . theme ( x _ 3 , x _ 2 ) AND poke . agent ( x _ 4 , x _ 1 ) AND poke . theme ( x _ 4 , x _ 2 )	elips_VPE_in_dist
Olivia liked a cake and so did a puppy .	cake ( x _ 2 ) AND puppy ( x _ 1 ) AND like . agent ( x _ 3 , Olivia ) AND like . theme ( x _ 3 , x _ 2 ) AND like . agent ( x _ 4 , x _ 1 ) AND like . theme ( x _ 4 , x _ 2 )	elips_VPE_in_dist
The girl liked that Jackson loved Wyatt and so did Olivia .	* girl ( x _ 0 ) ; like . agent ( x _ 1 , x _ 0 ) AND like . ccomp ( x _ 1, x _ 2 ) AND love . agent ( x _ 2 , Jackson ) AND love . theme ( x _ 2 , Wyatt ) AND like . agent ( x _ 3 , Olivia ) AND like . ccomp ( x _ 3, x _ 4 ) AND love . agent ( x _ 4 , Jackson ) AND love . theme ( x _ 4 , Wyatt )	elips_VPE_in_dist
The child noticed that the queen ate a cookie and so did Emma .	* child ( x _ 0 ) ; * queen ( x _ 3 ) ; cookie ( x _ 4 ) AND notice . agent ( x _ 5 , x _ 0 ) AND notice . ccomp ( x _ 5, x _ 6 ) AND eat . agent ( x _ 6 , x _ 3 ) AND eat . theme ( x _ 6 , x _ 4 ) AND notice . agent ( x _ 7 , Emma ) AND notice . ccomp ( x _ 7, x _ 8 ) AND eat . agent ( x _ 8 , x _ 3 ) AND eat . theme ( x _ 8 , x _ 4 )	elips_VPE_in_dist
The girl liked a cake and so did Liam .	* girl ( x _ 0 ) ; cake ( x _ 2 ) AND like . agent ( x _ 3 , x _ 0 ) AND like . theme ( x _ 3 , x _ 2 ) AND like . agent ( x _ 4 , Liam ) AND like . theme ( x _ 4 , x _ 2 )	elips_VPE_in_dist
A cat expected that a girl liked a boy and so did Emma .	cat ( x _ 0 ) AND girl ( x _ 3 ) AND boy ( x _ 4 ) AND expect . agent ( x _ 5 , x _ 0 ) AND expect . ccomp ( x _ 5, x _ 6 ) AND like . agent ( x _ 6 , x _ 3 ) AND like . theme ( x _ 6 , x _ 4 ) AND expect . agent ( x _ 7 , Emma ) AND expect . ccomp ( x _ 7, x _ 8 ) AND like . agent ( x _ 8 , x _ 3 ) AND like . theme ( x _ 8 , x _ 4 )	elips_VPE_in_dist
Emma liked the jar and so did Olivia .	* jar ( x _ 1 ) ; like . agent ( x _ 2 , Emma ) AND like . theme ( x _ 2 , x _ 1 ) AND like . agent ( x _ 3 , Olivia ) AND like . theme ( x _ 3 , x _ 1 )	elips_VPE_in_dist
Emma ate a ring and so did Olivia .	ring ( x _ 1 ) AND eat . agent ( x _ 2 , Emma ) AND eat . theme ( x _ 2 , x _ 1 ) AND eat . agent ( x _ 3 , Olivia ) AND eat . theme ( x _ 3 , x _ 1 )	elips_VPE_in_dist
Sophia painted the boy and so did the girl .	* boy ( x _ 2 ) ; * girl ( x _ 1 ) ; paint . agent ( x _ 3 , Sophia ) AND paint . theme ( x _ 3 , x _ 2 ) AND paint . agent ( x _ 4 , x _ 1 ) AND paint . theme ( x _ 4 , x _ 2 )	elips_VPE_in_dist
Elijah cooked Aurora and so did a boy .	boy ( x _ 0 ) AND cook . agent ( x _ 1 , Elijah ) AND cook . theme ( x _ 1 , Aurora ) AND cook . agent ( x _ 2 , x _ 0 ) AND cook . theme ( x _ 2 , Aurora )	elips_VPE_in_dist
A bear admired a nail and so did Nora .	bear ( x _ 0 ) AND nail ( x _ 2 ) AND admire . agent ( x _ 3 , x _ 0 ) AND admire . theme ( x _ 3 , x _ 2 ) AND admire . agent ( x _ 4 , Nora ) AND admire . theme ( x _ 4 , x _ 2 )	elips_VPE_in_dist
Emma liked the box and so did a cat .	* box ( x _ 2 ) ; cat ( x _ 1 ) AND like . agent ( x _ 3 , Emma ) AND like . theme ( x _ 3 , x _ 2 ) AND like . agent ( x _ 4 , x _ 1 ) AND like . theme ( x _ 4 , x _ 2 )	elips_VPE_in_dist
Olivia liked the donut and so did Mason .	* donut ( x _ 1 ) ; like . agent ( x _ 2 , Olivia ) AND like . theme ( x _ 2 , x _ 1 ) AND like . agent ( x _ 3 , Mason ) AND like . theme ( x _ 3 , x _ 1 )	elips_VPE_in_dist
James said that a prisoner ate the girl and so did the boy .	* girl ( x _ 4 ) ; * boy ( x _ 2 ) ; prisoner ( x _ 3 ) AND say . agent ( x _ 5 , James ) AND say . ccomp ( x _ 5, x _ 6 ) AND eat . agent ( x _ 6 , x _ 3 ) AND eat . theme ( x _ 6 , x _ 4 ) AND say . agent ( x _ 7 , x _ 2 ) AND say . ccomp ( x _ 7, x _ 8 ) AND eat . agent ( x _ 8 , x _ 3 ) AND eat . theme ( x _ 8 , x _ 4 )	elips_VPE_in_dist
Evelyn poked the penguin and so did a boy .	* penguin ( x _ 2 ) ; boy ( x _ 1 ) AND poke . agent ( x _ 3 , Evelyn ) AND poke . theme ( x _ 3 , x _ 2 ) AND poke . agent ( x _ 4 , x _ 1 ) AND poke . theme ( x _ 4 , x _ 2 )	elips_VPE_in_dist
Hannah ate a deer and so did Noah .	deer ( x _ 1 ) AND eat . agent ( x _ 2 , Hannah ) AND eat . theme ( x _ 2 , x _ 1 ) AND eat . agent ( x _ 3 , Noah ) AND eat . theme ( x _ 3 , x _ 1 )	elips_VPE_in_dist
The dog confessed that a professor helped a bat and so did a customer .	* dog ( x _ 0 ) ; professor ( x _ 4 ) AND bat ( x _ 5 ) AND customer ( x _ 3 ) AND confess . agent ( x _ 6 , x _ 0 ) AND confess . ccomp ( x _ 6, x _ 7 ) AND help . agent ( x _ 7 , x _ 4 ) AND help . theme ( x _ 7 , x _ 5 ) AND confess . agent ( x _ 8 , x _ 3 ) AND confess . ccomp ( x _ 8, x _ 9 ) AND help . agent ( x _ 9 , x _ 4 ) AND help . theme ( x _ 9 , x _ 5 )	elips_VPE_in_dist
The butterfly nursed the cookie and so did Emma .	* butterfly ( x _ 0 ) ; * cookie ( x _ 2 ) ; nurse . agent ( x _ 3 , x _ 0 ) AND nurse . theme ( x _ 3 , x _ 2 ) AND nurse . agent ( x _ 4 , Emma ) AND nurse . theme ( x _ 4 , x _ 2 )	elips_VPE_in_dist
The fly liked that the monkey liked a cake and so did the girl .	* fly ( x _ 0 ) ; * monkey ( x _ 4 ) ; * girl ( x _ 3 ) ; cake ( x _ 5 ) AND like . agent ( x _ 6 , x _ 0 ) AND like . ccomp ( x _ 6, x _ 7 ) AND like . agent ( x _ 7 , x _ 4 ) AND like . theme ( x _ 7 , x _ 5 ) AND like . agent ( x _ 8 , x _ 3 ) AND like . ccomp ( x _ 8, x _ 9 ) AND like . agent ( x _ 9 , x _ 4 ) AND like . theme ( x _ 9 , x _ 5 )	elips_VPE_in_dist
A cat said that Luna hunted the girl and so did Emma .	* girl ( x _ 2 ) ; cat ( x _ 0 ) AND say . agent ( x _ 3 , x _ 0 ) AND say . ccomp ( x _ 3, x _ 4 ) AND hunt . agent ( x _ 4 , Luna ) AND hunt . theme ( x _ 4 , x _ 2 ) AND say . agent ( x _ 5 , Emma ) AND say . ccomp ( x _ 5, x _ 6 ) AND hunt . agent ( x _ 6 , Luna ) AND hunt . theme ( x _ 6 , x _ 2 )	elips_VPE_in_dist
Emma ate the child and so did a boy .	* child ( x _ 2 ) ; boy ( x _ 1 ) AND eat . agent ( x _ 3 , Emma ) AND eat . theme ( x _ 3 , x _ 2 ) AND eat . agent ( x _ 4 , x _ 1 ) AND eat . theme ( x _ 4 , x _ 2 )	elips_VPE_in_dist
The bunny nursed Bella and so did William .	* bunny ( x _ 0 ) ; nurse . agent ( x _ 1 , x _ 0 ) AND nurse . theme ( x _ 1 , Bella ) AND nurse . agent ( x _ 2 , William ) AND nurse . theme ( x _ 2 , Bella )	elips_VPE_in_dist
Emma cleaned Wyatt and so did the baby .	* baby ( x _ 0 ) ; clean . agent ( x _ 1 , Emma ) AND clean . theme ( x _ 1 , Wyatt ) AND clean . agent ( x _ 2 , x _ 0 ) AND clean . theme ( x _ 2 , Wyatt )	elips_VPE_in_dist
Evelyn painted the cloud and so did Liam .	* cloud ( x _ 1 ) ; paint . agent ( x _ 2 , Evelyn ) AND paint . theme ( x _ 2 , x _ 1 ) AND paint . agent ( x _ 3 , Liam ) AND paint . theme ( x _ 3 , x _ 1 )	elips_VPE_in_dist
A girl painted the raisin and so did Ava .	* raisin ( x _ 2 ) ; girl ( x _ 0 ) AND paint . agent ( x _ 3 , x _ 0 ) AND paint . theme ( x _ 3 , x _ 2 ) AND paint . agent ( x _ 4 , Ava ) AND paint . theme ( x _ 4 , x _ 2 )	elips_VPE_in_dist
The baby dusted Nora and so did Emma .	* baby ( x _ 0 ) ; dust . agent ( x _ 1 , x _ 0 ) AND dust . theme ( x _ 1 , Nora ) AND dust . agent ( x _ 2 , Emma ) AND dust . theme ( x _ 2 , Nora )	elips_VPE_in_dist
A giraffe supported that a kitty dusted a president and so did Emma .	giraffe ( x _ 0 ) AND kitty ( x _ 3 ) AND president ( x _ 4 ) AND support . agent ( x _ 5 , x _ 0 ) AND support . ccomp ( x _ 5, x _ 6 ) AND dust . agent ( x _ 6 , x _ 3 ) AND dust . theme ( x _ 6 , x _ 4 ) AND support . agent ( x _ 7 , Emma ) AND support . ccomp ( x _ 7, x _ 8 ) AND dust . agent ( x _ 8 , x _ 3 ) AND dust . theme ( x _ 8 , x _ 4 )	elips_VPE_in_dist
Emma liked that a girl loved the baby and so did Benjamin .	* baby ( x _ 3 ) ; girl ( x _ 2 ) AND like . agent ( x _ 4 , Emma ) AND like . ccomp ( x _ 4, x _ 5 ) AND love . agent ( x _ 5 , x _ 2 ) AND love . theme ( x _ 5 , x _ 3 ) AND like . agent ( x _ 6 , Benjamin ) AND like . ccomp ( x _ 6, x _ 7 ) AND love . agent ( x _ 7 , x _ 2 ) AND love . theme ( x _ 7 , x _ 3 )	elips_VPE_in_dist
Zoe nursed the cake and so did the dog .	* cake ( x _ 2 ) ; * dog ( x _ 1 ) ; nurse . agent ( x _ 3 , Zoe ) AND nurse . theme ( x _ 3 , x _ 2 ) AND nurse . agent ( x _ 4 , x _ 1 ) AND nurse . theme ( x _ 4 , x _ 2 )	elips_VPE_in_dist
A teacher liked that a girl cleaned Wyatt and so did Emma .	teacher ( x _ 0 ) AND girl ( x _ 2 ) AND like . agent ( x _ 3 , x _ 0 ) AND like . ccomp ( x _ 3, x _ 4 ) AND clean . agent ( x _ 4 , x _ 2 ) AND clean . theme ( x _ 4 , Wyatt ) AND like . agent ( x _ 5 , Emma ) AND like . ccomp ( x _ 5, x _ 6 ) AND clean . agent ( x _ 6 , x _ 2 ) AND clean . theme ( x _ 6 , Wyatt )	elips_VPE_in_dist
A donkey drew a penny and so did Emma .	donkey ( x _ 0 ) AND penny ( x _ 2 ) AND draw . agent ( x _ 3 , x _ 0 ) AND draw . theme ( x _ 3 , x _ 2 ) AND draw . agent ( x _ 4 , Emma ) AND draw . theme ( x _ 4 , x _ 2 )	elips_VPE_in_dist
The cat nursed a director and so did the girl .	* cat ( x _ 0 ) ; * girl ( x _ 2 ) ; director ( x _ 3 ) AND nurse . agent ( x _ 4 , x _ 0 ) AND nurse . theme ( x _ 4 , x _ 3 ) AND nurse . agent ( x _ 5 , x _ 2 ) AND nurse . theme ( x _ 5 , x _ 3 )	elips_VPE_in_dist
Olivia supported that the baby liked the clock and so did the donkey .	* baby ( x _ 3 ) ; * clock ( x _ 4 ) ; * donkey ( x _ 2 ) ; support . agent ( x _ 5 , Olivia ) AND support . ccomp ( x _ 5, x _ 6 ) AND like . agent ( x _ 6 , x _ 3 ) AND like . theme ( x _ 6 , x _ 4 ) AND support . agent ( x _ 7 , x _ 2 ) AND support . ccomp ( x _ 7, x _ 8 ) AND like . agent ( x _ 8 , x _ 3 ) AND like . theme ( x _ 8 , x _ 4 )	elips_VPE_in_dist
Isabella liked Penelope and so did a turtle .	turtle ( x _ 0 ) AND like . agent ( x _ 1 , Isabella ) AND like . theme ( x _ 1 , Penelope ) AND like . agent ( x _ 2 , x _ 0 ) AND like . theme ( x _ 2 , Penelope )	elips_VPE_in_dist
Emma poked the knife and so did Carter .	* knife ( x _ 1 ) ; poke . agent ( x _ 2 , Emma ) AND poke . theme ( x _ 2 , x _ 1 ) AND poke . agent ( x _ 3 , Carter ) AND poke . theme ( x _ 3 , x _ 1 )	elips_VPE_in_dist
The boy appreciated that Jacob liked Violet and so did the lawyer .	* boy ( x _ 0 ) ; * lawyer ( x _ 1 ) ; appreciate . agent ( x _ 2 , x _ 0 ) AND appreciate . ccomp ( x _ 2, x _ 3 ) AND like . agent ( x _ 3 , Jacob ) AND like . theme ( x _ 3 , Violet ) AND appreciate . agent ( x _ 4 , x _ 1 ) AND appreciate . ccomp ( x _ 4, x _ 5 ) AND like . agent ( x _ 5 , Jacob ) AND like . theme ( x _ 5 , Violet )	elips_VPE_in_dist
Oliver tolerated that a penguin helped the pen and so did Emma .	* pen ( x _ 3 ) ; penguin ( x _ 2 ) AND tolerate . agent ( x _ 4 , Oliver ) AND tolerate . ccomp ( x _ 4, x _ 5 ) AND help . agent ( x _ 5 , x _ 2 ) AND help . theme ( x _ 5 , x _ 3 ) AND tolerate . agent ( x _ 6 , Emma ) AND tolerate . ccomp ( x _ 6, x _ 7 ) AND help . agent ( x _ 7 , x _ 2 ) AND help . theme ( x _ 7 , x _ 3 )	elips_VPE_in_dist
The frog helped a cake and so did a girl .	* frog ( x _ 0 ) ; cake ( x _ 3 ) AND girl ( x _ 2 ) AND help . agent ( x _ 4 , x _ 0 ) AND help . theme ( x _ 4 , x _ 3 ) AND help . agent ( x _ 5 , x _ 2 ) AND help . theme ( x _ 5 , x _ 3 )	elips_VPE_in_dist
Emma said that Liam liked Zoey and so did Sophia .	say . agent ( x _ 0 , Emma ) AND say . ccomp ( x _ 0, x _ 1 ) AND like . agent ( x _ 1 , Liam ) AND like . theme ( x _ 1 , Zoey ) AND say . agent ( x _ 2 , Sophia ) AND say . ccomp ( x _ 2, x _ 3 ) AND like . agent ( x _ 3 , Liam ) AND like . theme ( x _ 3 , Zoey )	elips_VPE_in_dist
Emma tolerated that a girl liked a rose and so did William .	girl ( x _ 2 ) AND rose ( x _ 3 ) AND tolerate . agent ( x _ 4 , Emma ) AND tolerate . ccomp ( x _ 4, x _ 5 ) AND like . agent ( x _ 5 , x _ 2 ) AND like . theme ( x _ 5 , x _ 3 ) AND tolerate . agent ( x _ 6 , William ) AND tolerate . ccomp ( x _ 6, x _ 7 ) AND like . agent ( x _ 7 , x _ 2 ) AND like . theme ( x _ 7 , x _ 3 )	elips_VPE_in_dist
William liked that Jacob ate the present and so did the girl .	* present ( x _ 2 ) ; * girl ( x _ 1 ) ; like . agent ( x _ 3 , William ) AND like . ccomp ( x _ 3, x _ 4 ) AND eat . agent ( x _ 4 , Jacob ) AND eat . theme ( x _ 4 , x _ 2 ) AND like . agent ( x _ 5 , x _ 1 ) AND like . ccomp ( x _ 5, x _ 6 ) AND eat . agent ( x _ 6 , Jacob ) AND eat . theme ( x _ 6 , x _ 2 )	elips_VPE_in_dist
The boy ate a dog and so did the cat .	* boy ( x _ 0 ) ; * cat ( x _ 2 ) ; dog ( x _ 3 ) AND eat . agent ( x _ 4 , x _ 0 ) AND eat . theme ( x _ 4 , x _ 3 ) AND eat . agent ( x _ 5 , x _ 2 ) AND eat . theme ( x _ 5 , x _ 3 )	elips_VPE_in_dist
Emma ate Penelope and so did Christopher .	eat . agent ( x _ 0 , Emma ) AND eat . theme ( x _ 0 , Penelope ) AND eat . agent ( x _ 1 , Christopher ) AND eat . theme ( x _ 1 , Penelope )	elips_VPE_in_dist
Olivia said that Emma nursed a cake and so did the girl .	* girl ( x _ 1 ) ; cake ( x _ 2 ) AND say . agent ( x _ 3 , Olivia ) AND say . ccomp ( x _ 3, x _ 4 ) AND nurse . agent ( x _ 4 , Emma ) AND nurse . theme ( x _ 4 , x _ 2 ) AND say . agent ( x _ 5 , x _ 1 ) AND say . ccomp ( x _ 5, x _ 6 ) AND nurse . agent ( x _ 6 , Emma ) AND nurse . theme ( x _ 6 , x _ 2 )	elips_VPE_in_dist
Emma poked a box and so did Mia .	box ( x _ 1 ) AND poke . agent ( x _ 2 , Emma ) AND poke . theme ( x _ 2 , x _ 1 ) AND poke . agent ( x _ 3 , Mia ) AND poke . theme ( x _ 3 , x _ 1 )	elips_VPE_in_dist
A girl admired the cake and so did Liam .	* cake ( x _ 2 ) ; girl ( x _ 0 ) AND admire . agent ( x _ 3 , x _ 0 ) AND admire . theme ( x _ 3 , x _ 2 ) AND admire . agent ( x _ 4 , Liam ) AND admire . theme ( x _ 4 , x _ 2 )	elips_VPE_in_dist
A hen ate the girl and so did a boy .	* girl ( x _ 3 ) ; hen ( x _ 0 ) AND boy ( x _ 2 ) AND eat . agent ( x _ 4 , x _ 0 ) AND eat . theme ( x _ 4 , x _ 3 ) AND eat . agent ( x _ 5 , x _ 2 ) AND eat . theme ( x _ 5 , x _ 3 )	elips_VPE_in_dist
A dog drew a purse and so did the bee .	* bee ( x _ 2 ) ; dog ( x _ 0 ) AND purse ( x _ 3 ) AND draw . agent ( x _ 4 , x _ 0 ) AND draw . theme ( x _ 4 , x _ 3 ) AND draw . agent ( x _ 5 , x _ 2 ) AND draw . theme ( x _ 5 , x _ 3 )	elips_VPE_in_dist
William liked that a boy juggled the dog and so did Emma .	* dog ( x _ 3 ) ; boy ( x _ 2 ) AND like . agent ( x _ 4 , William ) AND like . ccomp ( x _ 4, x _ 5 ) AND juggle . agent ( x _ 5 , x _ 2 ) AND juggle . theme ( x _ 5 , x _ 3 ) AND like . agent ( x _ 6 , Emma ) AND like . ccomp ( x _ 6, x _ 7 ) AND juggle . agent ( x _ 7 , x _ 2 ) AND juggle . theme ( x _ 7 , x _ 3 )	elips_VPE_in_dist
A consumer liked that a child liked a cake and so did Isabella .	consumer ( x _ 0 ) AND child ( x _ 3 ) AND cake ( x _ 4 ) AND like . agent ( x _ 5 , x _ 0 ) AND like . ccomp ( x _ 5, x _ 6 ) AND like . agent ( x _ 6 , x _ 3 ) AND like . theme ( x _ 6 , x _ 4 ) AND like . agent ( x _ 7 , Isabella ) AND like . ccomp ( x _ 7, x _ 8 ) AND like . agent ( x _ 8 , x _ 3 ) AND like . theme ( x _ 8 , x _ 4 )	elips_VPE_in_dist
Benjamin helped Layla and so did Emma .	help . agent ( x _ 0 , Benjamin ) AND help . theme ( x _ 0 , Layla ) AND help . agent ( x _ 1 , Emma ) AND help . theme ( x _ 1 , Layla )	elips_VPE_in_dist
Olivia helped Thomas and so did William .	help . agent ( x _ 0 , Olivia ) AND help . theme ( x _ 0 , Thomas ) AND help . agent ( x _ 1 , William ) AND help . theme ( x _ 1 , Thomas )	elips_VPE_in_dist
Mia juggled a cookie and so did Ryan .	cookie ( x _ 1 ) AND juggle . agent ( x _ 2 , Mia ) AND juggle . theme ( x _ 2 , x _ 1 ) AND juggle . agent ( x _ 3 , Ryan ) AND juggle . theme ( x _ 3 , x _ 1 )	elips_VPE_in_dist
A child helped the rose and so did Emma .	* rose ( x _ 2 ) ; child ( x _ 0 ) AND help . agent ( x _ 3 , x _ 0 ) AND help . theme ( x _ 3 , x _ 2 ) AND help . agent ( x _ 4 , Emma ) AND help . theme ( x _ 4 , x _ 2 )	elips_VPE_in_dist
The girl painted a box and so did Emma .	* girl ( x _ 0 ) ; box ( x _ 2 ) AND paint . agent ( x _ 3 , x _ 0 ) AND paint . theme ( x _ 3 , x _ 2 ) AND paint . agent ( x _ 4 , Emma ) AND paint . theme ( x _ 4 , x _ 2 )	elips_VPE_in_dist
A captain juggled the boy and so did the girl .	* boy ( x _ 3 ) ; * girl ( x _ 2 ) ; captain ( x _ 0 ) AND juggle . agent ( x _ 4 , x _ 0 ) AND juggle . theme ( x _ 4 , x _ 3 ) AND juggle . agent ( x _ 5 , x _ 2 ) AND juggle . theme ( x _ 5 , x _ 3 )	elips_VPE_in_dist
Zoey admired a monkey and so did a girl .	monkey ( x _ 2 ) AND girl ( x _ 1 ) AND admire . agent ( x _ 3 , Zoey ) AND admire . theme ( x _ 3 , x _ 2 ) AND admire . agent ( x _ 4 , x _ 1 ) AND admire . theme ( x _ 4 , x _ 2 )	elips_VPE_in_dist
Isabella admired the raisin and so did the girl .	* raisin ( x _ 2 ) ; * girl ( x _ 1 ) ; admire . agent ( x _ 3 , Isabella ) AND admire . theme ( x _ 3 , x _ 2 ) AND admire . agent ( x _ 4 , x _ 1 ) AND admire . theme ( x _ 4 , x _ 2 )	elips_VPE_in_dist
Mason adored Penelope and so did the girl .	* girl ( x _ 0 ) ; adore . agent ( x _ 1 , Mason ) AND adore . theme ( x _ 1 , Penelope ) AND adore . agent ( x _ 2 , x _ 0 ) AND adore . theme ( x _ 2 , Penelope )	elips_VPE_in_dist
Sophia drew the melon and so did Noah .	* melon ( x _ 1 ) ; draw . agent ( x _ 2 , Sophia ) AND draw . theme ( x _ 2 , x _ 1 ) AND draw . agent ( x _ 3 , Noah ) AND draw . theme ( x _ 3 , x _ 1 )	elips_VPE_in_dist
Violet ate a cat and so did the girl .	* girl ( x _ 1 ) ; cat ( x _ 2 ) AND eat . agent ( x _ 3 , Violet ) AND eat . theme ( x _ 3 , x _ 2 ) AND eat . agent ( x _ 4 , x _ 1 ) AND eat . theme ( x _ 4 , x _ 2 )	elips_VPE_in_dist
The cat liked that a monster cooked the sandwich and so did a girl .	* cat ( x _ 0 ) ; * sandwich ( x _ 5 ) ; monster ( x _ 4 ) AND girl ( x _ 3 ) AND like . agent ( x _ 6 , x _ 0 ) AND like . ccomp ( x _ 6, x _ 7 ) AND cook . agent ( x _ 7 , x _ 4 ) AND cook . theme ( x _ 7 , x _ 5 ) AND like . agent ( x _ 8 , x _ 3 ) AND like . ccomp ( x _ 8, x _ 9 ) AND cook . agent ( x _ 9 , x _ 4 ) AND cook . theme ( x _ 9 , x _ 5 )	elips_VPE_in_dist
A girl missed the baby and so did Owen .	* baby ( x _ 2 ) ; girl ( x _ 0 ) AND miss . agent ( x _ 3 , x _ 0 ) AND miss . theme ( x _ 3 , x _ 2 ) AND miss . agent ( x _ 4 , Owen ) AND miss . theme ( x _ 4 , x _ 2 )	elips_VPE_in_dist
A girl respected that Emma respected the ring and so did Avery .	* ring ( x _ 2 ) ; girl ( x _ 0 ) AND respect . agent ( x _ 3 , x _ 0 ) AND respect . ccomp ( x _ 3, x _ 4 ) AND respect . agent ( x _ 4 , Emma ) AND respect . theme ( x _ 4 , x _ 2 ) AND respect . agent ( x _ 5 , Avery ) AND respect . ccomp ( x _ 5, x _ 6 ) AND respect . agent ( x _ 6 , Emma ) AND respect . theme ( x _ 6 , x _ 2 )	elips_VPE_in_dist
Emma juggled Penelope and so did Isabella .	juggle . agent ( x _ 0 , Emma ) AND juggle . theme ( x _ 0 , Penelope ) AND juggle . agent ( x _ 1 , Isabella ) AND juggle . theme ( x _ 1 , Penelope )	elips_VPE_in_dist
The bee believed that the butterfly ate a toy and so did Liam .	* bee ( x _ 0 ) ; * butterfly ( x _ 3 ) ; toy ( x _ 4 ) AND believe . agent ( x _ 5 , x _ 0 ) AND believe . ccomp ( x _ 5, x _ 6 ) AND eat . agent ( x _ 6 , x _ 3 ) AND eat . theme ( x _ 6 , x _ 4 ) AND believe . agent ( x _ 7 , Liam ) AND believe . ccomp ( x _ 7, x _ 8 ) AND eat . agent ( x _ 8 , x _ 3 ) AND eat . theme ( x _ 8 , x _ 4 )	elips_VPE_in_dist
A girl cooked Penelope and so did Emma .	girl ( x _ 0 ) AND cook . agent ( x _ 1 , x _ 0 ) AND cook . theme ( x _ 1 , Penelope ) AND cook . agent ( x _ 2 , Emma ) AND cook . theme ( x _ 2 , Penelope )	elips_VPE_in_dist
The mother liked that the dog painted a boy and so did Emma .	* mother ( x _ 0 ) ; * dog ( x _ 3 ) ; boy ( x _ 4 ) AND like . agent ( x _ 5 , x _ 0 ) AND like . ccomp ( x _ 5, x _ 6 ) AND paint . agent ( x _ 6 , x _ 3 ) AND paint . theme ( x _ 6 , x _ 4 ) AND like . agent ( x _ 7 , Emma ) AND like . ccomp ( x _ 7, x _ 8 ) AND paint . agent ( x _ 8 , x _ 3 ) AND paint . theme ( x _ 8 , x _ 4 )	elips_VPE_in_dist
Charlotte adored a cake and so did Liam .	cake ( x _ 1 ) AND adore . agent ( x _ 2 , Charlotte ) AND adore . theme ( x _ 2 , x _ 1 ) AND adore . agent ( x _ 3 , Liam ) AND adore . theme ( x _ 3 , x _ 1 )	elips_VPE_in_dist
A frog helped the cake and so did Elijah .	* cake ( x _ 2 ) ; frog ( x _ 0 ) AND help . agent ( x _ 3 , x _ 0 ) AND help . theme ( x _ 3 , x _ 2 ) AND help . agent ( x _ 4 , Elijah ) AND help . theme ( x _ 4 , x _ 2 )	elips_VPE_in_dist
Audrey admired Penelope and so did the girl .	* girl ( x _ 0 ) ; admire . agent ( x _ 1 , Audrey ) AND admire . theme ( x _ 1 , Penelope ) AND admire . agent ( x _ 2 , x _ 0 ) AND admire . theme ( x _ 2 , Penelope )	elips_VPE_in_dist
A teacher liked that the professor poked a cake and so did the dog .	* professor ( x _ 4 ) ; * dog ( x _ 3 ) ; teacher ( x _ 0 ) AND cake ( x _ 5 ) AND like . agent ( x _ 6 , x _ 0 ) AND like . ccomp ( x _ 6, x _ 7 ) AND poke . agent ( x _ 7 , x _ 4 ) AND poke . theme ( x _ 7 , x _ 5 ) AND like . agent ( x _ 8 , x _ 3 ) AND like . ccomp ( x _ 8, x _ 9 ) AND poke . agent ( x _ 9 , x _ 4 ) AND poke . theme ( x _ 9 , x _ 5 )	elips_VPE_in_dist
Oliver liked Penelope and so did a cat .	cat ( x _ 0 ) AND like . agent ( x _ 1 , Oliver ) AND like . theme ( x _ 1 , Penelope ) AND like . agent ( x _ 2 , x _ 0 ) AND like . theme ( x _ 2 , Penelope )	elips_VPE_in_dist
A monkey drew the pencil and so did the boy .	* pencil ( x _ 3 ) ; * boy ( x _ 2 ) ; monkey ( x _ 0 ) AND draw . agent ( x _ 4 , x _ 0 ) AND draw . theme ( x _ 4 , x _ 3 ) AND draw . agent ( x _ 5 , x _ 2 ) AND draw . theme ( x _ 5 , x _ 3 )	elips_VPE_in_dist
Emma liked the cake and so did a goose .	* cake ( x _ 2 ) ; goose ( x _ 1 ) AND like . agent ( x _ 3 , Emma ) AND like . theme ( x _ 3 , x _ 2 ) AND like . agent ( x _ 4 , x _ 1 ) AND like . theme ( x _ 4 , x _ 2 )	elips_VPE_in_dist
Abigail hoped that Mateo liked a cake and so did the boy .	* boy ( x _ 1 ) ; cake ( x _ 2 ) AND hope . agent ( x _ 3 , Abigail ) AND hope . ccomp ( x _ 3, x _ 4 ) AND like . agent ( x _ 4 , Mateo ) AND like . theme ( x _ 4 , x _ 2 ) AND hope . agent ( x _ 5 , x _ 1 ) AND hope . ccomp ( x _ 5, x _ 6 ) AND like . agent ( x _ 6 , Mateo ) AND like . theme ( x _ 6 , x _ 2 )	elips_VPE_in_dist
The boy said that the girl cooked a mirror and so did a professor .	* boy ( x _ 0 ) ; * girl ( x _ 4 ) ; mirror ( x _ 5 ) AND professor ( x _ 3 ) AND say . agent ( x _ 6 , x _ 0 ) AND say . ccomp ( x _ 6, x _ 7 ) AND cook . agent ( x _ 7 , x _ 4 ) AND cook . theme ( x _ 7 , x _ 5 ) AND say . agent ( x _ 8 , x _ 3 ) AND say . ccomp ( x _ 8, x _ 9 ) AND cook . agent ( x _ 9 , x _ 4 ) AND cook . theme ( x _ 9 , x _ 5 )	elips_VPE_in_dist
Natalie dusted a donut and so did the boy .	* boy ( x _ 1 ) ; donut ( x _ 2 ) AND dust . agent ( x _ 3 , Natalie ) AND dust . theme ( x _ 3 , x _ 2 ) AND dust . agent ( x _ 4 , x _ 1 ) AND dust . theme ( x _ 4 , x _ 2 )	elips_VPE_in_dist
Emma poked a cake and so did the frog .	* frog ( x _ 1 ) ; cake ( x _ 2 ) AND poke . agent ( x _ 3 , Emma ) AND poke . theme ( x _ 3 , x _ 2 ) AND poke . agent ( x _ 4 , x _ 1 ) AND poke . theme ( x _ 4 , x _ 2 )	elips_VPE_in_dist
A girl said that Alexander sketched the cake and so did Abigail .	* cake ( x _ 2 ) ; girl ( x _ 0 ) AND say . agent ( x _ 3 , x _ 0 ) AND say . ccomp ( x _ 3, x _ 4 ) AND sketch . agent ( x _ 4 , Alexander ) AND sketch . theme ( x _ 4 , x _ 2 ) AND say . agent ( x _ 5 , Abigail ) AND say . ccomp ( x _ 5, x _ 6 ) AND sketch . agent ( x _ 6 , Alexander ) AND sketch . theme ( x _ 6 , x _ 2 )	elips_VPE_in_dist
A girl proved that Benjamin ate a donut and so did the dog .	* dog ( x _ 2 ) ; girl ( x _ 0 ) AND donut ( x _ 3 ) AND prove . agent ( x _ 4 , x _ 0 ) AND prove . ccomp ( x _ 4, x _ 5 ) AND eat . agent ( x _ 5 , Benjamin ) AND eat . theme ( x _ 5 , x _ 3 ) AND prove . agent ( x _ 6 , x _ 2 ) AND prove . ccomp ( x _ 6, x _ 7 ) AND eat . agent ( x _ 7 , Benjamin ) AND eat . theme ( x _ 7 , x _ 3 )	elips_VPE_in_dist
Evelyn liked a cake and so did Sophia .	cake ( x _ 1 ) AND like . agent ( x _ 2 , Evelyn ) AND like . theme ( x _ 2 , x _ 1 ) AND like . agent ( x _ 3 , Sophia ) AND like . theme ( x _ 3 , x _ 1 )	elips_VPE_in_dist
A prisoner painted a raisin and so did Emma .	prisoner ( x _ 0 ) AND raisin ( x _ 2 ) AND paint . agent ( x _ 3 , x _ 0 ) AND paint . theme ( x _ 3 , x _ 2 ) AND paint . agent ( x _ 4 , Emma ) AND paint . theme ( x _ 4 , x _ 2 )	elips_VPE_in_dist
Olivia admired a chicken and so did the girl .	* girl ( x _ 1 ) ; chicken ( x _ 2 ) AND admire . agent ( x _ 3 , Olivia ) AND admire . theme ( x _ 3 , x _ 2 ) AND admire . agent ( x _ 4 , x _ 1 ) AND admire . theme ( x _ 4 , x _ 2 )	elips_VPE_in_dist
Abigail painted Penelope and so did the girl .	* girl ( x _ 0 ) ; paint . agent ( x _ 1 , Abigail ) AND paint . theme ( x _ 1 , Penelope ) AND paint . agent ( x _ 2 , x _ 0 ) AND paint . theme ( x _ 2 , Penelope )	elips_VPE_in_dist
A dog liked that Olivia helped the bowl and so did a pony .	* bowl ( x _ 3 ) ; dog ( x _ 0 ) AND pony ( x _ 2 ) AND like . agent ( x _ 4 , x _ 0 ) AND like . ccomp ( x _ 4, x _ 5 ) AND help . agent ( x _ 5 , Olivia ) AND help . theme ( x _ 5 , x _ 3 ) AND like . agent ( x _ 6 , x _ 2 ) AND like . ccomp ( x _ 6, x _ 7 ) AND help . agent ( x _ 7 , Olivia ) AND help . theme ( x _ 7 , x _ 3 )	elips_VPE_in_dist
Noah painted a cake and so did the child .	* child ( x _ 1 ) ; cake ( x _ 2 ) AND paint . agent ( x _ 3 , Noah ) AND paint . theme ( x _ 3 , x _ 2 ) AND paint . agent ( x _ 4 , x _ 1 ) AND paint . theme ( x _ 4 , x _ 2 )	elips_VPE_in_dist
Emma ate a raisin and so did the pig .	* pig ( x _ 1 ) ; raisin ( x _ 2 ) AND eat . agent ( x _ 3 , Emma ) AND eat . theme ( x _ 3 , x _ 2 ) AND eat . agent ( x _ 4 , x _ 1 ) AND eat . theme ( x _ 4 , x _ 2 )	elips_VPE_in_dist
Liam drew the clock and so did a girl .	* clock ( x _ 2 ) ; girl ( x _ 1 ) AND draw . agent ( x _ 3 , Liam ) AND draw . theme ( x _ 3 , x _ 2 ) AND draw . agent ( x _ 4 , x _ 1 ) AND draw . theme ( x _ 4 , x _ 2 )	elips_VPE_in_dist
The host respected that a boy loved a girl and so did the giraffe .	* host ( x _ 0 ) ; * giraffe ( x _ 3 ) ; boy ( x _ 4 ) AND girl ( x _ 5 ) AND respect . agent ( x _ 6 , x _ 0 ) AND respect . ccomp ( x _ 6, x _ 7 ) AND love . agent ( x _ 7 , x _ 4 ) AND love . theme ( x _ 7 , x _ 5 ) AND respect . agent ( x _ 8 , x _ 3 ) AND respect . ccomp ( x _ 8, x _ 9 ) AND love . agent ( x _ 9 , x _ 4 ) AND love . theme ( x _ 9 , x _ 5 )	elips_VPE_in_dist
Benjamin painted the girl and so did a judge .	* girl ( x _ 2 ) ; judge ( x _ 1 ) AND paint . agent ( x _ 3 , Benjamin ) AND paint . theme ( x _ 3 , x _ 2 ) AND paint . agent ( x _ 4 , x _ 1 ) AND paint . theme ( x _ 4 , x _ 2 )	elips_VPE_in_dist
Emily helped Grayson and so did Liam .	help . agent ( x _ 0 , Emily ) AND help . theme ( x _ 0 , Grayson ) AND help . agent ( x _ 1 , Liam ) AND help . theme ( x _ 1 , Grayson )	elips_VPE_in_dist
The girl found Lily and so did the cat .	* girl ( x _ 0 ) ; * cat ( x _ 1 ) ; find . agent ( x _ 2 , x _ 0 ) AND find . theme ( x _ 2 , Lily ) AND find . agent ( x _ 3 , x _ 1 ) AND find . theme ( x _ 3 , Lily )	elips_VPE_in_dist
Lucas liked that the fish liked a donut and so did Michael .	* fish ( x _ 2 ) ; donut ( x _ 3 ) AND like . agent ( x _ 4 , Lucas ) AND like . ccomp ( x _ 4, x _ 5 ) AND like . agent ( x _ 5 , x _ 2 ) AND like . theme ( x _ 5 , x _ 3 ) AND like . agent ( x _ 6 , Michael ) AND like . ccomp ( x _ 6, x _ 7 ) AND like . agent ( x _ 7 , x _ 2 ) AND like . theme ( x _ 7 , x _ 3 )	elips_VPE_in_dist
Aria ate the boy and so did the citizen .	* boy ( x _ 2 ) ; * citizen ( x _ 1 ) ; eat . agent ( x _ 3 , Aria ) AND eat . theme ( x _ 3 , x _ 2 ) AND eat . agent ( x _ 4 , x _ 1 ) AND eat . theme ( x _ 4 , x _ 2 )	elips_VPE_in_dist
A baby hoped that Daniel ate Dylan and so did Emma .	baby ( x _ 0 ) AND hope . agent ( x _ 1 , x _ 0 ) AND hope . ccomp ( x _ 1, x _ 2 ) AND eat . agent ( x _ 2 , Daniel ) AND eat . theme ( x _ 2 , Dylan ) AND hope . agent ( x _ 3 , Emma ) AND hope . ccomp ( x _ 3, x _ 4 ) AND eat . agent ( x _ 4 , Daniel ) AND eat . theme ( x _ 4 , Dylan )	elips_VPE_in_dist
Emma respected that the boy helped the cake and so did Isabella .	* boy ( x _ 2 ) ; * cake ( x _ 3 ) ; respect . agent ( x _ 4 , Emma ) AND respect . ccomp ( x _ 4, x _ 5 ) AND help . agent ( x _ 5 , x _ 2 ) AND help . theme ( x _ 5 , x _ 3 ) AND respect . agent ( x _ 6 , Isabella ) AND respect . ccomp ( x _ 6, x _ 7 ) AND help . agent ( x _ 7 , x _ 2 ) AND help . theme ( x _ 7 , x _ 3 )	elips_VPE_in_dist
Emma liked the donut and so did Noah .	* donut ( x _ 1 ) ; like . agent ( x _ 2 , Emma ) AND like . theme ( x _ 2 , x _ 1 ) AND like . agent ( x _ 3 , Noah ) AND like . theme ( x _ 3 , x _ 1 )	elips_VPE_in_dist
The girl liked that James loved Penelope and so did Mia .	* girl ( x _ 0 ) ; like . agent ( x _ 1 , x _ 0 ) AND like . ccomp ( x _ 1, x _ 2 ) AND love . agent ( x _ 2 , James ) AND love . theme ( x _ 2 , Penelope ) AND like . agent ( x _ 3 , Mia ) AND like . ccomp ( x _ 3, x _ 4 ) AND love . agent ( x _ 4 , James ) AND love . theme ( x _ 4 , Penelope )	elips_VPE_in_dist
A boy helped Penelope and so did Noah .	boy ( x _ 0 ) AND help . agent ( x _ 1 , x _ 0 ) AND help . theme ( x _ 1 , Penelope ) AND help . agent ( x _ 2 , Noah ) AND help . theme ( x _ 2 , Penelope )	elips_VPE_in_dist
Abigail missed a cake and so did Isabella .	cake ( x _ 1 ) AND miss . agent ( x _ 2 , Abigail ) AND miss . theme ( x _ 2 , x _ 1 ) AND miss . agent ( x _ 3 , Isabella ) AND miss . theme ( x _ 3 , x _ 1 )	elips_VPE_in_dist
A bear painted a doll and so did Hannah .	bear ( x _ 0 ) AND doll ( x _ 2 ) AND paint . agent ( x _ 3 , x _ 0 ) AND paint . theme ( x _ 3 , x _ 2 ) AND paint . agent ( x _ 4 , Hannah ) AND paint . theme ( x _ 4 , x _ 2 )	elips_VPE_in_dist
Ava meant that Emma cleaned the dog and so did John .	* dog ( x _ 1 ) ; mean . agent ( x _ 2 , Ava ) AND mean . ccomp ( x _ 2, x _ 3 ) AND clean . agent ( x _ 3 , Emma ) AND clean . theme ( x _ 3 , x _ 1 ) AND mean . agent ( x _ 4 , John ) AND mean . ccomp ( x _ 4, x _ 5 ) AND clean . agent ( x _ 5 , Emma ) AND clean . theme ( x _ 5 , x _ 1 )	elips_VPE_in_dist
A girl noticed that William sketched Wyatt and so did a duke .	girl ( x _ 0 ) AND duke ( x _ 1 ) AND notice . agent ( x _ 2 , x _ 0 ) AND notice . ccomp ( x _ 2, x _ 3 ) AND sketch . agent ( x _ 3 , William ) AND sketch . theme ( x _ 3 , Wyatt ) AND notice . agent ( x _ 4 , x _ 1 ) AND notice . ccomp ( x _ 4, x _ 5 ) AND sketch . agent ( x _ 5 , William ) AND sketch . theme ( x _ 5 , Wyatt )	elips_VPE_in_dist
The cat helped the sandwich and so did Emma .	* cat ( x _ 0 ) ; * sandwich ( x _ 2 ) ; help . agent ( x _ 3 , x _ 0 ) AND help . theme ( x _ 3 , x _ 2 ) AND help . agent ( x _ 4 , Emma ) AND help . theme ( x _ 4 , x _ 2 )	elips_VPE_in_dist
The cat liked that Benjamin liked a cake and so did a girl .	* cat ( x _ 0 ) ; cake ( x _ 3 ) AND girl ( x _ 2 ) AND like . agent ( x _ 4 , x _ 0 ) AND like . ccomp ( x _ 4, x _ 5 ) AND like . agent ( x _ 5 , Benjamin ) AND like . theme ( x _ 5 , x _ 3 ) AND like . agent ( x _ 6 , x _ 2 ) AND like . ccomp ( x _ 6, x _ 7 ) AND like . agent ( x _ 7 , Benjamin ) AND like . theme ( x _ 7 , x _ 3 )	elips_VPE_in_dist
Natalie helped a girl and so did Harper .	girl ( x _ 1 ) AND help . agent ( x _ 2 , Natalie ) AND help . theme ( x _ 2 , x _ 1 ) AND help . agent ( x _ 3 , Harper ) AND help . theme ( x _ 3 , x _ 1 )	elips_VPE_in_dist
A monkey hoped that the baby drew Penelope and so did the boy .	* baby ( x _ 3 ) ; * boy ( x _ 2 ) ; monkey ( x _ 0 ) AND hope . agent ( x _ 4 , x _ 0 ) AND hope . ccomp ( x _ 4, x _ 5 ) AND draw . agent ( x _ 5 , x _ 3 ) AND draw . theme ( x _ 5 , Penelope ) AND hope . agent ( x _ 6 , x _ 2 ) AND hope . ccomp ( x _ 6, x _ 7 ) AND draw . agent ( x _ 7 , x _ 3 ) AND draw . theme ( x _ 7 , Penelope )	elips_VPE_in_dist
A consumer painted a donut and so did Ava .	consumer ( x _ 0 ) AND donut ( x _ 2 ) AND paint . agent ( x _ 3 , x _ 0 ) AND paint . theme ( x _ 3 , x _ 2 ) AND paint . agent ( x _ 4 , Ava ) AND paint . theme ( x _ 4 , x _ 2 )	elips_VPE_in_dist
Benjamin confessed that the bird respected a rose and so did a professor .	* bird ( x _ 3 ) ; rose ( x _ 4 ) AND professor ( x _ 2 ) AND confess . agent ( x _ 5 , Benjamin ) AND confess . ccomp ( x _ 5, x _ 6 ) AND respect . agent ( x _ 6 , x _ 3 ) AND respect . theme ( x _ 6 , x _ 4 ) AND confess . agent ( x _ 7 , x _ 2 ) AND confess . ccomp ( x _ 7, x _ 8 ) AND respect . agent ( x _ 8 , x _ 3 ) AND respect . theme ( x _ 8 , x _ 4 )	elips_VPE_in_dist
The boy appreciated a rose and so did Emma .	* boy ( x _ 0 ) ; rose ( x _ 2 ) AND appreciate . agent ( x _ 3 , x _ 0 ) AND appreciate . theme ( x _ 3 , x _ 2 ) AND appreciate . agent ( x _ 4 , Emma ) AND appreciate . theme ( x _ 4 , x _ 2 )	elips_VPE_in_dist
The chief liked that Emma drew Luke and so did the boy .	* chief ( x _ 0 ) ; * boy ( x _ 1 ) ; like . agent ( x _ 2 , x _ 0 ) AND like . ccomp ( x _ 2, x _ 3 ) AND draw . agent ( x _ 3 , Emma ) AND draw . theme ( x _ 3 , Luke ) AND like . agent ( x _ 4 , x _ 1 ) AND like . ccomp ( x _ 4, x _ 5 ) AND draw . agent ( x _ 5 , Emma ) AND draw . theme ( x _ 5 , Luke )	elips_VPE_in_dist
Olivia hunted Lily and so did the girl .	* girl ( x _ 0 ) ; hunt . agent ( x _ 1 , Olivia ) AND hunt . theme ( x _ 1 , Lily ) AND hunt . agent ( x _ 2 , x _ 0 ) AND hunt . theme ( x _ 2 , Lily )	elips_VPE_in_dist
A girl thought that the boy cleaned the child and so did a puppy .	* boy ( x _ 4 ) ; * child ( x _ 5 ) ; girl ( x _ 0 ) AND puppy ( x _ 3 ) AND think . agent ( x _ 6 , x _ 0 ) AND think . ccomp ( x _ 6, x _ 7 ) AND clean . agent ( x _ 7 , x _ 4 ) AND clean . theme ( x _ 7 , x _ 5 ) AND think . agent ( x _ 8 , x _ 3 ) AND think . ccomp ( x _ 8, x _ 9 ) AND clean . agent ( x _ 9 , x _ 4 ) AND clean . theme ( x _ 9 , x _ 5 )	elips_VPE_in_dist
Olivia ate the raisin and so did a boy .	* raisin ( x _ 2 ) ; boy ( x _ 1 ) AND eat . agent ( x _ 3 , Olivia ) AND eat . theme ( x _ 3 , x _ 2 ) AND eat . agent ( x _ 4 , x _ 1 ) AND eat . theme ( x _ 4 , x _ 2 )	elips_VPE_in_dist
The bear hoped that the giraffe liked Layla and so did Liam .	* bear ( x _ 0 ) ; * giraffe ( x _ 2 ) ; hope . agent ( x _ 3 , x _ 0 ) AND hope . ccomp ( x _ 3, x _ 4 ) AND like . agent ( x _ 4 , x _ 2 ) AND like . theme ( x _ 4 , Layla ) AND hope . agent ( x _ 5 , Liam ) AND hope . ccomp ( x _ 5, x _ 6 ) AND like . agent ( x _ 6 , x _ 2 ) AND like . theme ( x _ 6 , Layla )	elips_VPE_in_dist
A teacher liked that the president liked Penelope and so did Emma .	* president ( x _ 2 ) ; teacher ( x _ 0 ) AND like . agent ( x _ 3 , x _ 0 ) AND like . ccomp ( x _ 3, x _ 4 ) AND like . agent ( x _ 4 , x _ 2 ) AND like . theme ( x _ 4 , Penelope ) AND like . agent ( x _ 5 , Emma ) AND like . ccomp ( x _ 5, x _ 6 ) AND like . agent ( x _ 6 , x _ 2 ) AND like . theme ( x _ 6 , Penelope )	elips_VPE_in_dist
William hoped that Charlotte poked the lollipop and so did Emma .	* lollipop ( x _ 1 ) ; hope . agent ( x _ 2 , William ) AND hope . ccomp ( x _ 2, x _ 3 ) AND poke . agent ( x _ 3 , Charlotte ) AND poke . theme ( x _ 3 , x _ 1 ) AND hope . agent ( x _ 4 , Emma ) AND hope . ccomp ( x _ 4, x _ 5 ) AND poke . agent ( x _ 5 , Charlotte ) AND poke . theme ( x _ 5 , x _ 1 )	elips_VPE_in_dist
Emma helped the wine and so did the baby .	* wine ( x _ 2 ) ; * baby ( x _ 1 ) ; help . agent ( x _ 3 , Emma ) AND help . theme ( x _ 3 , x _ 2 ) AND help . agent ( x _ 4 , x _ 1 ) AND help . theme ( x _ 4 , x _ 2 )	elips_VPE_in_dist
A frog liked that the girl juggled a cake and so did the boy .	* girl ( x _ 4 ) ; * boy ( x _ 3 ) ; frog ( x _ 0 ) AND cake ( x _ 5 ) AND like . agent ( x _ 6 , x _ 0 ) AND like . ccomp ( x _ 6, x _ 7 ) AND juggle . agent ( x _ 7 , x _ 4 ) AND juggle . theme ( x _ 7 , x _ 5 ) AND like . agent ( x _ 8 , x _ 3 ) AND like . ccomp ( x _ 8, x _ 9 ) AND juggle . agent ( x _ 9 , x _ 4 ) AND juggle . theme ( x _ 9 , x _ 5 )	elips_VPE_in_dist
A baby ate the boy and so did a giraffe .	* boy ( x _ 3 ) ; baby ( x _ 0 ) AND giraffe ( x _ 2 ) AND eat . agent ( x _ 4 , x _ 0 ) AND eat . theme ( x _ 4 , x _ 3 ) AND eat . agent ( x _ 5 , x _ 2 ) AND eat . theme ( x _ 5 , x _ 3 )	elips_VPE_in_dist
Emma liked a cake and so did a boy .	cake ( x _ 2 ) AND boy ( x _ 1 ) AND like . agent ( x _ 3 , Emma ) AND like . theme ( x _ 3 , x _ 2 ) AND like . agent ( x _ 4 , x _ 1 ) AND like . theme ( x _ 4 , x _ 2 )	elips_VPE_in_dist
Ava juggled Wyatt and so did a girl .	girl ( x _ 0 ) AND juggle . agent ( x _ 1 , Ava ) AND juggle . theme ( x _ 1 , Wyatt ) AND juggle . agent ( x _ 2 , x _ 0 ) AND juggle . theme ( x _ 2 , Wyatt )	elips_VPE_in_dist
A girl found a crayon and so did Emma .	girl ( x _ 0 ) AND crayon ( x _ 2 ) AND find . agent ( x _ 3 , x _ 0 ) AND find . theme ( x _ 3 , x _ 2 ) AND find . agent ( x _ 4 , Emma ) AND find . theme ( x _ 4 , x _ 2 )	elips_VPE_in_dist
The boy liked a rose and so did a hero .	* boy ( x _ 0 ) ; rose ( x _ 3 ) AND hero ( x _ 2 ) AND like . agent ( x _ 4 , x _ 0 ) AND like . theme ( x _ 4 , x _ 3 ) AND like . agent ( x _ 5 , x _ 2 ) AND like . theme ( x _ 5 , x _ 3 )	elips_VPE_in_dist
Emma confessed that the boy admired John and so did the chicken .	* boy ( x _ 2 ) ; * chicken ( x _ 1 ) ; confess . agent ( x _ 3 , Emma ) AND confess . ccomp ( x _ 3, x _ 4 ) AND admire . agent ( x _ 4 , x _ 2 ) AND admire . theme ( x _ 4 , John ) AND confess . agent ( x _ 5 , x _ 1 ) AND confess . ccomp ( x _ 5, x _ 6 ) AND admire . agent ( x _ 6 , x _ 2 ) AND admire . theme ( x _ 6 , John )	elips_VPE_in_dist
The girl helped a donut and so did Ava .	* girl ( x _ 0 ) ; donut ( x _ 2 ) AND help . agent ( x _ 3 , x _ 0 ) AND help . theme ( x _ 3 , x _ 2 ) AND help . agent ( x _ 4 , Ava ) AND help . theme ( x _ 4 , x _ 2 )	elips_VPE_in_dist
Olivia liked a goose and so did the visitor .	* visitor ( x _ 1 ) ; goose ( x _ 2 ) AND like . agent ( x _ 3 , Olivia ) AND like . theme ( x _ 3 , x _ 2 ) AND like . agent ( x _ 4 , x _ 1 ) AND like . theme ( x _ 4 , x _ 2 )	elips_VPE_in_dist
Liam valued that the girl painted Layla and so did Emma .	* girl ( x _ 1 ) ; value . agent ( x _ 2 , Liam ) AND value . ccomp ( x _ 2, x _ 3 ) AND paint . agent ( x _ 3 , x _ 1 ) AND paint . theme ( x _ 3 , Layla ) AND value . agent ( x _ 4 , Emma ) AND value . ccomp ( x _ 4, x _ 5 ) AND paint . agent ( x _ 5 , x _ 1 ) AND paint . theme ( x _ 5 , Layla )	elips_VPE_in_dist
A baby admired that Emma painted a girl and so did Noah .	baby ( x _ 0 ) AND girl ( x _ 2 ) AND admire . agent ( x _ 3 , x _ 0 ) AND admire . ccomp ( x _ 3, x _ 4 ) AND paint . agent ( x _ 4 , Emma ) AND paint . theme ( x _ 4 , x _ 2 ) AND admire . agent ( x _ 5 , Noah ) AND admire . ccomp ( x _ 5, x _ 6 ) AND paint . agent ( x _ 6 , Emma ) AND paint . theme ( x _ 6 , x _ 2 )	elips_VPE_in_dist
A girl helped the cake and so did Emma .	* cake ( x _ 2 ) ; girl ( x _ 0 ) AND help . agent ( x _ 3 , x _ 0 ) AND help . theme ( x _ 3 , x _ 2 ) AND help . agent ( x _ 4 , Emma ) AND help . theme ( x _ 4 , x _ 2 )	elips_VPE_in_dist
The spokesman liked Skylar and so did Emma .	* spokesman ( x _ 0 ) ; like . agent ( x _ 1 , x _ 0 ) AND like . theme ( x _ 1 , Skylar ) AND like . agent ( x _ 2 , Emma ) AND like . theme ( x _ 2 , Skylar )	elips_VPE_in_dist
A pony cleaned the cake and so did the mother .	* cake ( x _ 3 ) ; * mother ( x _ 2 ) ; pony ( x _ 0 ) AND clean . agent ( x _ 4 , x _ 0 ) AND clean . theme ( x _ 4 , x _ 3 ) AND clean . agent ( x _ 5 , x _ 2 ) AND clean . theme ( x _ 5 , x _ 3 )	elips_VPE_in_dist
The servant ate a block and so did Emma .	* servant ( x _ 0 ) ; block ( x _ 2 ) AND eat . agent ( x _ 3 , x _ 0 ) AND eat . theme ( x _ 3 , x _ 2 ) AND eat . agent ( x _ 4 , Emma ) AND eat . theme ( x _ 4 , x _ 2 )	elips_VPE_in_dist
A boy ate a melon and so did Emma .	boy ( x _ 0 ) AND melon ( x _ 2 ) AND eat . agent ( x _ 3 , x _ 0 ) AND eat . theme ( x _ 3 , x _ 2 ) AND eat . agent ( x _ 4 , Emma ) AND eat . theme ( x _ 4 , x _ 2 )	elips_VPE_in_dist
The boy loved a child and so did the guest .	* boy ( x _ 0 ) ; * guest ( x _ 2 ) ; child ( x _ 3 ) AND love . agent ( x _ 4 , x _ 0 ) AND love . theme ( x _ 4 , x _ 3 ) AND love . agent ( x _ 5 , x _ 2 ) AND love . theme ( x _ 5 , x _ 3 )	elips_VPE_in_dist
The girl ate Bella and so did a politician .	* girl ( x _ 0 ) ; politician ( x _ 1 ) AND eat . agent ( x _ 2 , x _ 0 ) AND eat . theme ( x _ 2 , Bella ) AND eat . agent ( x _ 3 , x _ 1 ) AND eat . theme ( x _ 3 , Bella )	elips_VPE_in_dist
A sheep imagined that Alexander juggled a cake and so did Emma .	sheep ( x _ 0 ) AND cake ( x _ 2 ) AND imagine . agent ( x _ 3 , x _ 0 ) AND imagine . ccomp ( x _ 3, x _ 4 ) AND juggle . agent ( x _ 4 , Alexander ) AND juggle . theme ( x _ 4 , x _ 2 ) AND imagine . agent ( x _ 5 , Emma ) AND imagine . ccomp ( x _ 5, x _ 6 ) AND juggle . agent ( x _ 6 , Alexander ) AND juggle . theme ( x _ 6 , x _ 2 )	elips_VPE_in_dist
Natalie ate the biscuit and so did Olivia .	* biscuit ( x _ 1 ) ; eat . agent ( x _ 2 , Natalie ) AND eat . theme ( x _ 2 , x _ 1 ) AND eat . agent ( x _ 3 , Olivia ) AND eat . theme ( x _ 3 , x _ 1 )	elips_VPE_in_dist
Noah cleaned Penelope and so did Emma .	clean . agent ( x _ 0 , Noah ) AND clean . theme ( x _ 0 , Penelope ) AND clean . agent ( x _ 1 , Emma ) AND clean . theme ( x _ 1 , Penelope )	elips_VPE_in_dist
Harper said that Emma liked a drink and so did the giraffe .	* giraffe ( x _ 1 ) ; drink ( x _ 2 ) AND say . agent ( x _ 3 , Harper ) AND say . ccomp ( x _ 3, x _ 4 ) AND like . agent ( x _ 4 , Emma ) AND like . theme ( x _ 4 , x _ 2 ) AND say . agent ( x _ 5 , x _ 1 ) AND say . ccomp ( x _ 5, x _ 6 ) AND like . agent ( x _ 6 , Emma ) AND like . theme ( x _ 6 , x _ 2 )	elips_VPE_in_dist
Lucas hoped that a father liked the cake and so did Julian .	* cake ( x _ 3 ) ; father ( x _ 2 ) AND hope . agent ( x _ 4 , Lucas ) AND hope . ccomp ( x _ 4, x _ 5 ) AND like . agent ( x _ 5 , x _ 2 ) AND like . theme ( x _ 5 , x _ 3 ) AND hope . agent ( x _ 6 , Julian ) AND hope . ccomp ( x _ 6, x _ 7 ) AND like . agent ( x _ 7 , x _ 2 ) AND like . theme ( x _ 7 , x _ 3 )	elips_VPE_in_dist
Joseph thought that James ate the donut and so did Violet .	* donut ( x _ 1 ) ; think . agent ( x _ 2 , Joseph ) AND think . ccomp ( x _ 2, x _ 3 ) AND eat . agent ( x _ 3 , James ) AND eat . theme ( x _ 3 , x _ 1 ) AND think . agent ( x _ 4 , Violet ) AND think . ccomp ( x _ 4, x _ 5 ) AND eat . agent ( x _ 5 , James ) AND eat . theme ( x _ 5 , x _ 1 )	elips_VPE_in_dist
Emma helped the cake and so did the cow .	* cake ( x _ 2 ) ; * cow ( x _ 1 ) ; help . agent ( x _ 3 , Emma ) AND help . theme ( x _ 3 , x _ 2 ) AND help . agent ( x _ 4 , x _ 1 ) AND help . theme ( x _ 4 , x _ 2 )	elips_VPE_in_dist
Olivia painted a cookie and so did a horse .	cookie ( x _ 2 ) AND horse ( x _ 1 ) AND paint . agent ( x _ 3 , Olivia ) AND paint . theme ( x _ 3 , x _ 2 ) AND paint . agent ( x _ 4 , x _ 1 ) AND paint . theme ( x _ 4 , x _ 2 )	elips_VPE_in_dist
William liked a bee and so did a girl .	bee ( x _ 2 ) AND girl ( x _ 1 ) AND like . agent ( x _ 3 , William ) AND like . theme ( x _ 3 , x _ 2 ) AND like . agent ( x _ 4 , x _ 1 ) AND like . theme ( x _ 4 , x _ 2 )	elips_VPE_in_dist
Olivia liked that the goose helped Penelope and so did a giraffe .	* goose ( x _ 2 ) ; giraffe ( x _ 1 ) AND like . agent ( x _ 3 , Olivia ) AND like . ccomp ( x _ 3, x _ 4 ) AND help . agent ( x _ 4 , x _ 2 ) AND help . theme ( x _ 4 , Penelope ) AND like . agent ( x _ 5 , x _ 1 ) AND like . ccomp ( x _ 5, x _ 6 ) AND help . agent ( x _ 6 , x _ 2 ) AND help . theme ( x _ 6 , Penelope )	elips_VPE_in_dist
Emma liked Luke and so did a child .	child ( x _ 0 ) AND like . agent ( x _ 1 , Emma ) AND like . theme ( x _ 1 , Luke ) AND like . agent ( x _ 2 , x _ 0 ) AND like . theme ( x _ 2 , Luke )	elips_VPE_in_dist
Isabella thought that a boy appreciated a raisin and so did Ava .	boy ( x _ 2 ) AND raisin ( x _ 3 ) AND think . agent ( x _ 4 , Isabella ) AND think . ccomp ( x _ 4, x _ 5 ) AND appreciate . agent ( x _ 5 , x _ 2 ) AND appreciate . theme ( x _ 5 , x _ 3 ) AND think . agent ( x _ 6 , Ava ) AND think . ccomp ( x _ 6, x _ 7 ) AND appreciate . agent ( x _ 7 , x _ 2 ) AND appreciate . theme ( x _ 7 , x _ 3 )	elips_VPE_in_dist
Liam dreamed that William hunted Wyatt and so did the boy .	* boy ( x _ 0 ) ; dream . agent ( x _ 1 , Liam ) AND dream . ccomp ( x _ 1, x _ 2 ) AND hunt . agent ( x _ 2 , William ) AND hunt . theme ( x _ 2 , Wyatt ) AND dream . agent ( x _ 3 , x _ 0 ) AND dream . ccomp ( x _ 3, x _ 4 ) AND hunt . agent ( x _ 4 , William ) AND hunt . theme ( x _ 4 , Wyatt )	elips_VPE_in_dist
Daniel drew the cake and so did the girl .	* cake ( x _ 2 ) ; * girl ( x _ 1 ) ; draw . agent ( x _ 3 , Daniel ) AND draw . theme ( x _ 3 , x _ 2 ) AND draw . agent ( x _ 4 , x _ 1 ) AND draw . theme ( x _ 4 , x _ 2 )	elips_VPE_in_dist
Zoe drew the boy and so did a judge .	* boy ( x _ 2 ) ; judge ( x _ 1 ) AND draw . agent ( x _ 3 , Zoe ) AND draw . theme ( x _ 3 , x _ 2 ) AND draw . agent ( x _ 4 , x _ 1 ) AND draw . theme ( x _ 4 , x _ 2 )	elips_VPE_in_dist
Noah respected the raisin and so did a girl .	* raisin ( x _ 2 ) ; girl ( x _ 1 ) AND respect . agent ( x _ 3 , Noah ) AND respect . theme ( x _ 3 , x _ 2 ) AND respect . agent ( x _ 4 , x _ 1 ) AND respect . theme ( x _ 4 , x _ 2 )	elips_VPE_in_dist
The mouse proved that Liam ate John and so did a patient .	* mouse ( x _ 0 ) ; patient ( x _ 1 ) AND prove . agent ( x _ 2 , x _ 0 ) AND prove . ccomp ( x _ 2, x _ 3 ) AND eat . agent ( x _ 3 , Liam ) AND eat . theme ( x _ 3 , John ) AND prove . agent ( x _ 4 , x _ 1 ) AND prove . ccomp ( x _ 4, x _ 5 ) AND eat . agent ( x _ 5 , Liam ) AND eat . theme ( x _ 5 , John )	elips_VPE_in_dist
Ethan ate the mouse and so did a teacher .	* mouse ( x _ 2 ) ; teacher ( x _ 1 ) AND eat . agent ( x _ 3 , Ethan ) AND eat . theme ( x _ 3 , x _ 2 ) AND eat . agent ( x _ 4 , x _ 1 ) AND eat . theme ( x _ 4 , x _ 2 )	elips_VPE_in_dist
The dog sketched the donut and so did Liam .	* dog ( x _ 0 ) ; * donut ( x _ 2 ) ; sketch . agent ( x _ 3 , x _ 0 ) AND sketch . theme ( x _ 3 , x _ 2 ) AND sketch . agent ( x _ 4 , Liam ) AND sketch . theme ( x _ 4 , x _ 2 )	elips_VPE_in_dist
Ava loved the donut and so did the driver .	* donut ( x _ 2 ) ; * driver ( x _ 1 ) ; love . agent ( x _ 3 , Ava ) AND love . theme ( x _ 3 , x _ 2 ) AND love . agent ( x _ 4 , x _ 1 ) AND love . theme ( x _ 4 , x _ 2 )	elips_VPE_in_dist
The girl liked that Emma liked a dog and so did Layla .	* girl ( x _ 0 ) ; dog ( x _ 2 ) AND like . agent ( x _ 3 , x _ 0 ) AND like . ccomp ( x _ 3, x _ 4 ) AND like . agent ( x _ 4 , Emma ) AND like . theme ( x _ 4 , x _ 2 ) AND like . agent ( x _ 5 , Layla ) AND like . ccomp ( x _ 5, x _ 6 ) AND like . agent ( x _ 6 , Emma ) AND like . theme ( x _ 6 , x _ 2 )	elips_VPE_in_dist
Liam liked Thomas and so did the child .	* child ( x _ 0 ) ; like . agent ( x _ 1 , Liam ) AND like . theme ( x _ 1 , Thomas ) AND like . agent ( x _ 2 , x _ 0 ) AND like . theme ( x _ 2 , Thomas )	elips_VPE_in_dist
Ava liked a cup and so did the bear .	* bear ( x _ 1 ) ; cup ( x _ 2 ) AND like . agent ( x _ 3 , Ava ) AND like . theme ( x _ 3 , x _ 2 ) AND like . agent ( x _ 4 , x _ 1 ) AND like . theme ( x _ 4 , x _ 2 )	elips_VPE_in_dist
The frog admired the box and so did the boy .	* frog ( x _ 0 ) ; * box ( x _ 3 ) ; * boy ( x _ 2 ) ; admire . agent ( x _ 4 , x _ 0 ) AND admire . theme ( x _ 4 , x _ 3 ) AND admire . agent ( x _ 5 , x _ 2 ) AND admire . theme ( x _ 5 , x _ 3 )	elips_VPE_in_dist
The bird loved Penelope and so did the boy .	* bird ( x _ 0 ) ; * boy ( x _ 1 ) ; love . agent ( x _ 2 , x _ 0 ) AND love . theme ( x _ 2 , Penelope ) AND love . agent ( x _ 3 , x _ 1 ) AND love . theme ( x _ 3 , Penelope )	elips_VPE_in_dist
The wolf liked that a boy ate a lion and so did Savannah .	* wolf ( x _ 0 ) ; boy ( x _ 3 ) AND lion ( x _ 4 ) AND like . agent ( x _ 5 , x _ 0 ) AND like . ccomp ( x _ 5, x _ 6 ) AND eat . agent ( x _ 6 , x _ 3 ) AND eat . theme ( x _ 6 , x _ 4 ) AND like . agent ( x _ 7 , Savannah ) AND like . ccomp ( x _ 7, x _ 8 ) AND eat . agent ( x _ 8 , x _ 3 ) AND eat . theme ( x _ 8 , x _ 4 )	elips_VPE_in_dist
The baby liked Leo and so did a girl .	* baby ( x _ 0 ) ; girl ( x _ 1 ) AND like . agent ( x _ 2 , x _ 0 ) AND like . theme ( x _ 2 , Leo ) AND like . agent ( x _ 3 , x _ 1 ) AND like . theme ( x _ 3 , Leo )	elips_VPE_in_dist
A soldier respected a ball and so did Olivia .	soldier ( x _ 0 ) AND ball ( x _ 2 ) AND respect . agent ( x _ 3 , x _ 0 ) AND respect . theme ( x _ 3 , x _ 2 ) AND respect . agent ( x _ 4 , Olivia ) AND respect . theme ( x _ 4 , x _ 2 )	elips_VPE_in_dist
The cow ate the boy and so did a dog .	* cow ( x _ 0 ) ; * boy ( x _ 3 ) ; dog ( x _ 2 ) AND eat . agent ( x _ 4 , x _ 0 ) AND eat . theme ( x _ 4 , x _ 3 ) AND eat . agent ( x _ 5 , x _ 2 ) AND eat . theme ( x _ 5 , x _ 3 )	elips_VPE_in_dist
Liam juggled a donut and so did Emma .	donut ( x _ 1 ) AND juggle . agent ( x _ 2 , Liam ) AND juggle . theme ( x _ 2 , x _ 1 ) AND juggle . agent ( x _ 3 , Emma ) AND juggle . theme ( x _ 3 , x _ 1 )	elips_VPE_in_dist
A teacher appreciated a girl and so did the fly .	* fly ( x _ 2 ) ; teacher ( x _ 0 ) AND girl ( x _ 3 ) AND appreciate . agent ( x _ 4 , x _ 0 ) AND appreciate . theme ( x _ 4 , x _ 3 ) AND appreciate . agent ( x _ 5 , x _ 2 ) AND appreciate . theme ( x _ 5 , x _ 3 )	elips_VPE_in_dist
The cow ate Savannah and so did Liam .	* cow ( x _ 0 ) ; eat . agent ( x _ 1 , x _ 0 ) AND eat . theme ( x _ 1 , Savannah ) AND eat . agent ( x _ 2 , Liam ) AND eat . theme ( x _ 2 , Savannah )	elips_VPE_in_dist
Noah ate the cake and so did a boy .	* cake ( x _ 2 ) ; boy ( x _ 1 ) AND eat . agent ( x _ 3 , Noah ) AND eat . theme ( x _ 3 , x _ 2 ) AND eat . agent ( x _ 4 , x _ 1 ) AND eat . theme ( x _ 4 , x _ 2 )	elips_VPE_in_dist
Nora said that a cat respected a rose and so did Sofia .	cat ( x _ 2 ) AND rose ( x _ 3 ) AND say . agent ( x _ 4 , Nora ) AND say . ccomp ( x _ 4, x _ 5 ) AND respect . agent ( x _ 5 , x _ 2 ) AND respect . theme ( x _ 5 , x _ 3 ) AND say . agent ( x _ 6 , Sofia ) AND say . ccomp ( x _ 6, x _ 7 ) AND respect . agent ( x _ 7 , x _ 2 ) AND respect . theme ( x _ 7 , x _ 3 )	elips_VPE_in_dist
Mia juggled the strawberry and so did the girl .	* strawberry ( x _ 2 ) ; * girl ( x _ 1 ) ; juggle . agent ( x _ 3 , Mia ) AND juggle . theme ( x _ 3 , x _ 2 ) AND juggle . agent ( x _ 4 , x _ 1 ) AND juggle . theme ( x _ 4 , x _ 2 )	elips_VPE_in_dist
Emma hoped that a girl cleaned the cookie and so did Isabella .	* cookie ( x _ 3 ) ; girl ( x _ 2 ) AND hope . agent ( x _ 4 , Emma ) AND hope . ccomp ( x _ 4, x _ 5 ) AND clean . agent ( x _ 5 , x _ 2 ) AND clean . theme ( x _ 5 , x _ 3 ) AND hope . agent ( x _ 6 , Isabella ) AND hope . ccomp ( x _ 6, x _ 7 ) AND clean . agent ( x _ 7 , x _ 2 ) AND clean . theme ( x _ 7 , x _ 3 )	elips_VPE_in_dist
The monkey cooked a cake and so did the girl .	* monkey ( x _ 0 ) ; * girl ( x _ 2 ) ; cake ( x _ 3 ) AND cook . agent ( x _ 4 , x _ 0 ) AND cook . theme ( x _ 4 , x _ 3 ) AND cook . agent ( x _ 5 , x _ 2 ) AND cook . theme ( x _ 5 , x _ 3 )	elips_VPE_in_dist
Liam proved that William nursed the cake and so did a doctor .	* cake ( x _ 2 ) ; doctor ( x _ 1 ) AND prove . agent ( x _ 3 , Liam ) AND prove . ccomp ( x _ 3, x _ 4 ) AND nurse . agent ( x _ 4 , William ) AND nurse . theme ( x _ 4 , x _ 2 ) AND prove . agent ( x _ 5 , x _ 1 ) AND prove . ccomp ( x _ 5, x _ 6 ) AND nurse . agent ( x _ 6 , William ) AND nurse . theme ( x _ 6 , x _ 2 )	elips_VPE_in_dist
The guy painted the frog and so did a girl .	* guy ( x _ 0 ) ; * frog ( x _ 3 ) ; girl ( x _ 2 ) AND paint . agent ( x _ 4 , x _ 0 ) AND paint . theme ( x _ 4 , x _ 3 ) AND paint . agent ( x _ 5 , x _ 2 ) AND paint . theme ( x _ 5 , x _ 3 )	elips_VPE_in_dist
Oliver ate a radio and so did Emma .	radio ( x _ 1 ) AND eat . agent ( x _ 2 , Oliver ) AND eat . theme ( x _ 2 , x _ 1 ) AND eat . agent ( x _ 3 , Emma ) AND eat . theme ( x _ 3 , x _ 1 )	elips_VPE_in_dist
A goose noticed that Olivia dusted Penelope and so did Emma .	goose ( x _ 0 ) AND notice . agent ( x _ 1 , x _ 0 ) AND notice . ccomp ( x _ 1, x _ 2 ) AND dust . agent ( x _ 2 , Olivia ) AND dust . theme ( x _ 2 , Penelope ) AND notice . agent ( x _ 3 , Emma ) AND notice . ccomp ( x _ 3, x _ 4 ) AND dust . agent ( x _ 4 , Olivia ) AND dust . theme ( x _ 4 , Penelope )	elips_VPE_in_dist
Olivia ate a cat and so did Emma .	cat ( x _ 1 ) AND eat . agent ( x _ 2 , Olivia ) AND eat . theme ( x _ 2 , x _ 1 ) AND eat . agent ( x _ 3 , Emma ) AND eat . theme ( x _ 3 , x _ 1 )	elips_VPE_in_dist
Luke liked that Emma cooked Penelope and so did the professor .	* professor ( x _ 0 ) ; like . agent ( x _ 1 , Luke ) AND like . ccomp ( x _ 1, x _ 2 ) AND cook . agent ( x _ 2 , Emma ) AND cook . theme ( x _ 2 , Penelope ) AND like . agent ( x _ 3 , x _ 0 ) AND like . ccomp ( x _ 3, x _ 4 ) AND cook . agent ( x _ 4 , Emma ) AND cook . theme ( x _ 4 , Penelope )	elips_VPE_in_dist
Ethan painted Hannah and so did Noah .	paint . agent ( x _ 0 , Ethan ) AND paint . theme ( x _ 0 , Hannah ) AND paint . agent ( x _ 1 , Noah ) AND paint . theme ( x _ 1 , Hannah )	elips_VPE_in_dist
Emma hunted the doll and so did a boy .	* doll ( x _ 2 ) ; boy ( x _ 1 ) AND hunt . agent ( x _ 3 , Emma ) AND hunt . theme ( x _ 3 , x _ 2 ) AND hunt . agent ( x _ 4 , x _ 1 ) AND hunt . theme ( x _ 4 , x _ 2 )	elips_VPE_in_dist
A tourist liked a donut and so did the boy .	* boy ( x _ 2 ) ; tourist ( x _ 0 ) AND donut ( x _ 3 ) AND like . agent ( x _ 4 , x _ 0 ) AND like . theme ( x _ 4 , x _ 3 ) AND like . agent ( x _ 5 , x _ 2 ) AND like . theme ( x _ 5 , x _ 3 )	elips_VPE_in_dist
Isabella juggled the cake and so did a sailor .	* cake ( x _ 2 ) ; sailor ( x _ 1 ) AND juggle . agent ( x _ 3 , Isabella ) AND juggle . theme ( x _ 3 , x _ 2 ) AND juggle . agent ( x _ 4 , x _ 1 ) AND juggle . theme ( x _ 4 , x _ 2 )	elips_VPE_in_dist
The girl poked Penelope and so did Emma .	* girl ( x _ 0 ) ; poke . agent ( x _ 1 , x _ 0 ) AND poke . theme ( x _ 1 , Penelope ) AND poke . agent ( x _ 2 , Emma ) AND poke . theme ( x _ 2 , Penelope )	elips_VPE_in_dist
Liam missed a donut and so did a turtle .	donut ( x _ 2 ) AND turtle ( x _ 1 ) AND miss . agent ( x _ 3 , Liam ) AND miss . theme ( x _ 3 , x _ 2 ) AND miss . agent ( x _ 4 , x _ 1 ) AND miss . theme ( x _ 4 , x _ 2 )	elips_VPE_in_dist
Emma juggled Wyatt and so did Liam .	juggle . agent ( x _ 0 , Emma ) AND juggle . theme ( x _ 0 , Wyatt ) AND juggle . agent ( x _ 1 , Liam ) AND juggle . theme ( x _ 1 , Wyatt )	elips_VPE_in_dist
A baby dusted Penelope and so did Noah .	baby ( x _ 0 ) AND dust . agent ( x _ 1 , x _ 0 ) AND dust . theme ( x _ 1 , Penelope ) AND dust . agent ( x _ 2 , Noah ) AND dust . theme ( x _ 2 , Penelope )	elips_VPE_in_dist
A cat adored Layla and so did Mila .	cat ( x _ 0 ) AND adore . agent ( x _ 1 , x _ 0 ) AND adore . theme ( x _ 1 , Layla ) AND adore . agent ( x _ 2 , Mila ) AND adore . theme ( x _ 2 , Layla )	elips_VPE_in_dist
William painted the cake and so did the boy .	* cake ( x _ 2 ) ; * boy ( x _ 1 ) ; paint . agent ( x _ 3 , William ) AND paint . theme ( x _ 3 , x _ 2 ) AND paint . agent ( x _ 4 , x _ 1 ) AND paint . theme ( x _ 4 , x _ 2 )	elips_VPE_in_dist
Evelyn sketched a cat and so did a bunny .	cat ( x _ 2 ) AND bunny ( x _ 1 ) AND sketch . agent ( x _ 3 , Evelyn ) AND sketch . theme ( x _ 3 , x _ 2 ) AND sketch . agent ( x _ 4 , x _ 1 ) AND sketch . theme ( x _ 4 , x _ 2 )	elips_VPE_in_dist
The dog missed a cake and so did a boy .	* dog ( x _ 0 ) ; cake ( x _ 3 ) AND boy ( x _ 2 ) AND miss . agent ( x _ 4 , x _ 0 ) AND miss . theme ( x _ 4 , x _ 3 ) AND miss . agent ( x _ 5 , x _ 2 ) AND miss . theme ( x _ 5 , x _ 3 )	elips_VPE_in_dist
Ava poked the baby and so did Olivia .	* baby ( x _ 1 ) ; poke . agent ( x _ 2 , Ava ) AND poke . theme ( x _ 2 , x _ 1 ) AND poke . agent ( x _ 3 , Olivia ) AND poke . theme ( x _ 3 , x _ 1 )	elips_VPE_in_dist
Isabella painted the cat and so did a duck .	* cat ( x _ 2 ) ; duck ( x _ 1 ) AND paint . agent ( x _ 3 , Isabella ) AND paint . theme ( x _ 3 , x _ 2 ) AND paint . agent ( x _ 4 , x _ 1 ) AND paint . theme ( x _ 4 , x _ 2 )	elips_VPE_in_dist
Emma helped the box and so did a boy .	* box ( x _ 2 ) ; boy ( x _ 1 ) AND help . agent ( x _ 3 , Emma ) AND help . theme ( x _ 3 , x _ 2 ) AND help . agent ( x _ 4 , x _ 1 ) AND help . theme ( x _ 4 , x _ 2 )	elips_VPE_in_dist
A lion sketched a cake and so did the monkey .	* monkey ( x _ 2 ) ; lion ( x _ 0 ) AND cake ( x _ 3 ) AND sketch . agent ( x _ 4 , x _ 0 ) AND sketch . theme ( x _ 4 , x _ 3 ) AND sketch . agent ( x _ 5 , x _ 2 ) AND sketch . theme ( x _ 5 , x _ 3 )	elips_VPE_in_dist
Emma liked the cake and so did William .	* cake ( x _ 1 ) ; like . agent ( x _ 2 , Emma ) AND like . theme ( x _ 2 , x _ 1 ) AND like . agent ( x _ 3 , William ) AND like . theme ( x _ 3 , x _ 1 )	elips_VPE_in_dist
A girl noticed that the dog found Dylan and so did a pony .	* dog ( x _ 3 ) ; girl ( x _ 0 ) AND pony ( x _ 2 ) AND notice . agent ( x _ 4 , x _ 0 ) AND notice . ccomp ( x _ 4, x _ 5 ) AND find . agent ( x _ 5 , x _ 3 ) AND find . theme ( x _ 5 , Dylan ) AND notice . agent ( x _ 6 , x _ 2 ) AND notice . ccomp ( x _ 6, x _ 7 ) AND find . agent ( x _ 7 , x _ 3 ) AND find . theme ( x _ 7 , Dylan )	elips_VPE_in_dist
Olivia respected Layla and so did a girl .	girl ( x _ 0 ) AND respect . agent ( x _ 1 , Olivia ) AND respect . theme ( x _ 1 , Layla ) AND respect . agent ( x _ 2 , x _ 0 ) AND respect . theme ( x _ 2 , Layla )	elips_VPE_in_dist
Emma helped Eleanor and so did Liam .	help . agent ( x _ 0 , Emma ) AND help . theme ( x _ 0 , Eleanor ) AND help . agent ( x _ 1 , Liam ) AND help . theme ( x _ 1 , Eleanor )	elips_VPE_in_dist
Evelyn ate Lily and so did Charlotte .	eat . agent ( x _ 0 , Evelyn ) AND eat . theme ( x _ 0 , Lily ) AND eat . agent ( x _ 1 , Charlotte ) AND eat . theme ( x _ 1 , Lily )	elips_VPE_in_dist
Amelia liked that the friend helped a game and so did a goose .	* friend ( x _ 3 ) ; game ( x _ 4 ) AND goose ( x _ 2 ) AND like . agent ( x _ 5 , Amelia ) AND like . ccomp ( x _ 5, x _ 6 ) AND help . agent ( x _ 6 , x _ 3 ) AND help . theme ( x _ 6 , x _ 4 ) AND like . agent ( x _ 7 , x _ 2 ) AND like . ccomp ( x _ 7, x _ 8 ) AND help . agent ( x _ 8 , x _ 3 ) AND help . theme ( x _ 8 , x _ 4 )	elips_VPE_in_dist
Mia liked Wyatt and so did Liam .	like . agent ( x _ 0 , Mia ) AND like . theme ( x _ 0 , Wyatt ) AND like . agent ( x _ 1 , Liam ) AND like . theme ( x _ 1 , Wyatt )	elips_VPE_in_dist
The cat liked Wyatt and so did the girl .	* cat ( x _ 0 ) ; * girl ( x _ 1 ) ; like . agent ( x _ 2 , x _ 0 ) AND like . theme ( x _ 2 , Wyatt ) AND like . agent ( x _ 3 , x _ 1 ) AND like . theme ( x _ 3 , Wyatt )	elips_VPE_in_dist
Ava admired Natalie and so did the squirrel .	* squirrel ( x _ 0 ) ; admire . agent ( x _ 1 , Ava ) AND admire . theme ( x _ 1 , Natalie ) AND admire . agent ( x _ 2 , x _ 0 ) AND admire . theme ( x _ 2 , Natalie )	elips_VPE_in_dist
The girl imagined that Noah drew the liver and so did the bear .	* girl ( x _ 0 ) ; * liver ( x _ 3 ) ; * bear ( x _ 2 ) ; imagine . agent ( x _ 4 , x _ 0 ) AND imagine . ccomp ( x _ 4, x _ 5 ) AND draw . agent ( x _ 5 , Noah ) AND draw . theme ( x _ 5 , x _ 3 ) AND imagine . agent ( x _ 6 , x _ 2 ) AND imagine . ccomp ( x _ 6, x _ 7 ) AND draw . agent ( x _ 7 , Noah ) AND draw . theme ( x _ 7 , x _ 3 )	elips_VPE_in_dist
Jackson ate the cookie and so did Emma .	* cookie ( x _ 1 ) ; eat . agent ( x _ 2 , Jackson ) AND eat . theme ( x _ 2 , x _ 1 ) AND eat . agent ( x _ 3 , Emma ) AND eat . theme ( x _ 3 , x _ 1 )	elips_VPE_in_dist
A giraffe dreamed that a guard drew a cake and so did Noah .	giraffe ( x _ 0 ) AND guard ( x _ 3 ) AND cake ( x _ 4 ) AND dream . agent ( x _ 5 , x _ 0 ) AND dream . ccomp ( x _ 5, x _ 6 ) AND draw . agent ( x _ 6 , x _ 3 ) AND draw . theme ( x _ 6 , x _ 4 ) AND dream . agent ( x _ 7 , Noah ) AND dream . ccomp ( x _ 7, x _ 8 ) AND draw . agent ( x _ 8 , x _ 3 ) AND draw . theme ( x _ 8 , x _ 4 )	elips_VPE_in_dist
A girl respected the penny and so did Mila .	* penny ( x _ 2 ) ; girl ( x _ 0 ) AND respect . agent ( x _ 3 , x _ 0 ) AND respect . theme ( x _ 3 , x _ 2 ) AND respect . agent ( x _ 4 , Mila ) AND respect . theme ( x _ 4 , x _ 2 )	elips_VPE_in_dist
A cat poked the baby and so did Olivia .	* baby ( x _ 2 ) ; cat ( x _ 0 ) AND poke . agent ( x _ 3 , x _ 0 ) AND poke . theme ( x _ 3 , x _ 2 ) AND poke . agent ( x _ 4 , Olivia ) AND poke . theme ( x _ 4 , x _ 2 )	elips_VPE_in_dist
Emma ate the donut and so did Liam .	* donut ( x _ 1 ) ; eat . agent ( x _ 2 , Emma ) AND eat . theme ( x _ 2 , x _ 1 ) AND eat . agent ( x _ 3 , Liam ) AND eat . theme ( x _ 3 , x _ 1 )	elips_VPE_in_dist
A chicken painted a drink and so did the boy .	* boy ( x _ 2 ) ; chicken ( x _ 0 ) AND drink ( x _ 3 ) AND paint . agent ( x _ 4 , x _ 0 ) AND paint . theme ( x _ 4 , x _ 3 ) AND paint . agent ( x _ 5 , x _ 2 ) AND paint . theme ( x _ 5 , x _ 3 )	elips_VPE_in_dist
Emma painted a cake and so did the girl .	* girl ( x _ 1 ) ; cake ( x _ 2 ) AND paint . agent ( x _ 3 , Emma ) AND paint . theme ( x _ 3 , x _ 2 ) AND paint . agent ( x _ 4 , x _ 1 ) AND paint . theme ( x _ 4 , x _ 2 )	elips_VPE_in_dist
Liam liked that Emma cooked a drink and so did Evelyn .	drink ( x _ 1 ) AND like . agent ( x _ 2 , Liam ) AND like . ccomp ( x _ 2, x _ 3 ) AND cook . agent ( x _ 3 , Emma ) AND cook . theme ( x _ 3 , x _ 1 ) AND like . agent ( x _ 4 , Evelyn ) AND like . ccomp ( x _ 4, x _ 5 ) AND cook . agent ( x _ 5 , Emma ) AND cook . theme ( x _ 5 , x _ 1 )	elips_VPE_in_dist
Liam painted the girl and so did Noah .	* girl ( x _ 1 ) ; paint . agent ( x _ 2 , Liam ) AND paint . theme ( x _ 2 , x _ 1 ) AND paint . agent ( x _ 3 , Noah ) AND paint . theme ( x _ 3 , x _ 1 )	elips_VPE_in_dist
Emma confessed that Evelyn ate a cake and so did Addison .	cake ( x _ 1 ) AND confess . agent ( x _ 2 , Emma ) AND confess . ccomp ( x _ 2, x _ 3 ) AND eat . agent ( x _ 3 , Evelyn ) AND eat . theme ( x _ 3 , x _ 1 ) AND confess . agent ( x _ 4 , Addison ) AND confess . ccomp ( x _ 4, x _ 5 ) AND eat . agent ( x _ 5 , Evelyn ) AND eat . theme ( x _ 5 , x _ 1 )	elips_VPE_in_dist
A girl nursed Andrew and so did the frog .	* frog ( x _ 1 ) ; girl ( x _ 0 ) AND nurse . agent ( x _ 2 , x _ 0 ) AND nurse . theme ( x _ 2 , Andrew ) AND nurse . agent ( x _ 3 , x _ 1 ) AND nurse . theme ( x _ 3 , Andrew )	elips_VPE_in_dist
Emma liked that Sophia liked the cake and so did a hero .	* cake ( x _ 2 ) ; hero ( x _ 1 ) AND like . agent ( x _ 3 , Emma ) AND like . ccomp ( x _ 3, x _ 4 ) AND like . agent ( x _ 4 , Sophia ) AND like . theme ( x _ 4 , x _ 2 ) AND like . agent ( x _ 5 , x _ 1 ) AND like . ccomp ( x _ 5, x _ 6 ) AND like . agent ( x _ 6 , Sophia ) AND like . theme ( x _ 6 , x _ 2 )	elips_VPE_in_dist
Mason hoped that the giraffe respected the boy and so did the cat .	* giraffe ( x _ 3 ) ; * boy ( x _ 4 ) ; * cat ( x _ 2 ) ; hope . agent ( x _ 5 , Mason ) AND hope . ccomp ( x _ 5, x _ 6 ) AND respect . agent ( x _ 6 , x _ 3 ) AND respect . theme ( x _ 6 , x _ 4 ) AND hope . agent ( x _ 7 , x _ 2 ) AND hope . ccomp ( x _ 7, x _ 8 ) AND respect . agent ( x _ 8 , x _ 3 ) AND respect . theme ( x _ 8 , x _ 4 )	elips_VPE_in_dist
Benjamin respected that the girl cleaned a mouse and so did Isabella .	* girl ( x _ 2 ) ; mouse ( x _ 3 ) AND respect . agent ( x _ 4 , Benjamin ) AND respect . ccomp ( x _ 4, x _ 5 ) AND clean . agent ( x _ 5 , x _ 2 ) AND clean . theme ( x _ 5 , x _ 3 ) AND respect . agent ( x _ 6 , Isabella ) AND respect . ccomp ( x _ 6, x _ 7 ) AND clean . agent ( x _ 7 , x _ 2 ) AND clean . theme ( x _ 7 , x _ 3 )	elips_VPE_in_dist
The customer said that Charlotte adored the clock and so did the boy .	* customer ( x _ 0 ) ; * clock ( x _ 3 ) ; * boy ( x _ 2 ) ; say . agent ( x _ 4 , x _ 0 ) AND say . ccomp ( x _ 4, x _ 5 ) AND adore . agent ( x _ 5 , Charlotte ) AND adore . theme ( x _ 5 , x _ 3 ) AND say . agent ( x _ 6 , x _ 2 ) AND say . ccomp ( x _ 6, x _ 7 ) AND adore . agent ( x _ 7 , Charlotte ) AND adore . theme ( x _ 7 , x _ 3 )	elips_VPE_in_dist
Noah appreciated a girl and so did Olivia .	girl ( x _ 1 ) AND appreciate . agent ( x _ 2 , Noah ) AND appreciate . theme ( x _ 2 , x _ 1 ) AND appreciate . agent ( x _ 3 , Olivia ) AND appreciate . theme ( x _ 3 , x _ 1 )	elips_VPE_in_dist
Camila loved the cookie and so did a host .	* cookie ( x _ 2 ) ; host ( x _ 1 ) AND love . agent ( x _ 3 , Camila ) AND love . theme ( x _ 3 , x _ 2 ) AND love . agent ( x _ 4 , x _ 1 ) AND love . theme ( x _ 4 , x _ 2 )	elips_VPE_in_dist
The queen ate a muffin and so did the child .	* queen ( x _ 0 ) ; * child ( x _ 2 ) ; muffin ( x _ 3 ) AND eat . agent ( x _ 4 , x _ 0 ) AND eat . theme ( x _ 4 , x _ 3 ) AND eat . agent ( x _ 5 , x _ 2 ) AND eat . theme ( x _ 5 , x _ 3 )	elips_VPE_in_dist
A dog cooked Wyatt and so did Liam .	dog ( x _ 0 ) AND cook . agent ( x _ 1 , x _ 0 ) AND cook . theme ( x _ 1 , Wyatt ) AND cook . agent ( x _ 2 , Liam ) AND cook . theme ( x _ 2 , Wyatt )	elips_VPE_in_dist
Emma nursed a girl and so did Evelyn .	girl ( x _ 1 ) AND nurse . agent ( x _ 2 , Emma ) AND nurse . theme ( x _ 2 , x _ 1 ) AND nurse . agent ( x _ 3 , Evelyn ) AND nurse . theme ( x _ 3 , x _ 1 )	elips_VPE_in_dist
The girl liked the sandwich and so did the cat .	* girl ( x _ 0 ) ; * sandwich ( x _ 3 ) ; * cat ( x _ 2 ) ; like . agent ( x _ 4 , x _ 0 ) AND like . theme ( x _ 4 , x _ 3 ) AND like . agent ( x _ 5 , x _ 2 ) AND like . theme ( x _ 5 , x _ 3 )	elips_VPE_in_dist
Liam hoped that the deer dusted a boy and so did William .	* deer ( x _ 2 ) ; boy ( x _ 3 ) AND hope . agent ( x _ 4 , Liam ) AND hope . ccomp ( x _ 4, x _ 5 ) AND dust . agent ( x _ 5 , x _ 2 ) AND dust . theme ( x _ 5 , x _ 3 ) AND hope . agent ( x _ 6 , William ) AND hope . ccomp ( x _ 6, x _ 7 ) AND dust . agent ( x _ 7 , x _ 2 ) AND dust . theme ( x _ 7 , x _ 3 )	elips_VPE_in_dist
Leah cleaned the girl and so did Liam .	* girl ( x _ 1 ) ; clean . agent ( x _ 2 , Leah ) AND clean . theme ( x _ 2 , x _ 1 ) AND clean . agent ( x _ 3 , Liam ) AND clean . theme ( x _ 3 , x _ 1 )	elips_VPE_in_dist
Madison loved the purse and so did Mia .	* purse ( x _ 1 ) ; love . agent ( x _ 2 , Madison ) AND love . theme ( x _ 2 , x _ 1 ) AND love . agent ( x _ 3 , Mia ) AND love . theme ( x _ 3 , x _ 1 )	elips_VPE_in_dist
Emma drew Andrew and so did a baby .	baby ( x _ 0 ) AND draw . agent ( x _ 1 , Emma ) AND draw . theme ( x _ 1 , Andrew ) AND draw . agent ( x _ 2 , x _ 0 ) AND draw . theme ( x _ 2 , Andrew )	elips_VPE_in_dist
Liam dusted the drink and so did Emma .	* drink ( x _ 1 ) ; dust . agent ( x _ 2 , Liam ) AND dust . theme ( x _ 2 , x _ 1 ) AND dust . agent ( x _ 3 , Emma ) AND dust . theme ( x _ 3 , x _ 1 )	elips_VPE_in_dist
Emma nursed a cake and so did the human .	* human ( x _ 1 ) ; cake ( x _ 2 ) AND nurse . agent ( x _ 3 , Emma ) AND nurse . theme ( x _ 3 , x _ 2 ) AND nurse . agent ( x _ 4 , x _ 1 ) AND nurse . theme ( x _ 4 , x _ 2 )	elips_VPE_in_dist
The dog poked the melon and so did Olivia .	* dog ( x _ 0 ) ; * melon ( x _ 2 ) ; poke . agent ( x _ 3 , x _ 0 ) AND poke . theme ( x _ 3 , x _ 2 ) AND poke . agent ( x _ 4 , Olivia ) AND poke . theme ( x _ 4 , x _ 2 )	elips_VPE_in_dist
The baby hunted the glue and so did Claire .	* baby ( x _ 0 ) ; * glue ( x _ 2 ) ; hunt . agent ( x _ 3 , x _ 0 ) AND hunt . theme ( x _ 3 , x _ 2 ) AND hunt . agent ( x _ 4 , Claire ) AND hunt . theme ( x _ 4 , x _ 2 )	elips_VPE_in_dist
The researcher drew a flag and so did the boy .	* researcher ( x _ 0 ) ; * boy ( x _ 2 ) ; flag ( x _ 3 ) AND draw . agent ( x _ 4 , x _ 0 ) AND draw . theme ( x _ 4 , x _ 3 ) AND draw . agent ( x _ 5 , x _ 2 ) AND draw . theme ( x _ 5 , x _ 3 )	elips_VPE_in_dist
The journalist helped a donut and so did Noah .	* journalist ( x _ 0 ) ; donut ( x _ 2 ) AND help . agent ( x _ 3 , x _ 0 ) AND help . theme ( x _ 3 , x _ 2 ) AND help . agent ( x _ 4 , Noah ) AND help . theme ( x _ 4 , x _ 2 )	elips_VPE_in_dist
Leah liked Riley and so did a customer .	customer ( x _ 0 ) AND like . agent ( x _ 1 , Leah ) AND like . theme ( x _ 1 , Riley ) AND like . agent ( x _ 2 , x _ 0 ) AND like . theme ( x _ 2 , Riley )	elips_VPE_in_dist
The king liked that a horse liked a sweetcorn and so did a girl .	* king ( x _ 0 ) ; horse ( x _ 4 ) AND sweetcorn ( x _ 5 ) AND girl ( x _ 3 ) AND like . agent ( x _ 6 , x _ 0 ) AND like . ccomp ( x _ 6, x _ 7 ) AND like . agent ( x _ 7 , x _ 4 ) AND like . theme ( x _ 7 , x _ 5 ) AND like . agent ( x _ 8 , x _ 3 ) AND like . ccomp ( x _ 8, x _ 9 ) AND like . agent ( x _ 9 , x _ 4 ) AND like . theme ( x _ 9 , x _ 5 )	elips_VPE_in_dist
A child ate the pizza and so did William .	* pizza ( x _ 2 ) ; child ( x _ 0 ) AND eat . agent ( x _ 3 , x _ 0 ) AND eat . theme ( x _ 3 , x _ 2 ) AND eat . agent ( x _ 4 , William ) AND eat . theme ( x _ 4 , x _ 2 )	elips_VPE_in_dist
Liam drew John and so did the child .	* child ( x _ 0 ) ; draw . agent ( x _ 1 , Liam ) AND draw . theme ( x _ 1 , John ) AND draw . agent ( x _ 2 , x _ 0 ) AND draw . theme ( x _ 2 , John )	elips_VPE_in_dist
Emma valued that Liam helped a girl and so did Amelia .	girl ( x _ 1 ) AND value . agent ( x _ 2 , Emma ) AND value . ccomp ( x _ 2, x _ 3 ) AND help . agent ( x _ 3 , Liam ) AND help . theme ( x _ 3 , x _ 1 ) AND value . agent ( x _ 4 , Amelia ) AND value . ccomp ( x _ 4, x _ 5 ) AND help . agent ( x _ 5 , Liam ) AND help . theme ( x _ 5 , x _ 1 )	elips_VPE_in_dist
Emma ate the cake and so did Olivia .	* cake ( x _ 1 ) ; eat . agent ( x _ 2 , Emma ) AND eat . theme ( x _ 2 , x _ 1 ) AND eat . agent ( x _ 3 , Olivia ) AND eat . theme ( x _ 3 , x _ 1 )	elips_VPE_in_dist
Grayson respected the donut and so did a duck .	* donut ( x _ 2 ) ; duck ( x _ 1 ) AND respect . agent ( x _ 3 , Grayson ) AND respect . theme ( x _ 3 , x _ 2 ) AND respect . agent ( x _ 4 , x _ 1 ) AND respect . theme ( x _ 4 , x _ 2 )	elips_VPE_in_dist
A girl missed the sandwich and so did a pony .	* sandwich ( x _ 3 ) ; girl ( x _ 0 ) AND pony ( x _ 2 ) AND miss . agent ( x _ 4 , x _ 0 ) AND miss . theme ( x _ 4 , x _ 3 ) AND miss . agent ( x _ 5 , x _ 2 ) AND miss . theme ( x _ 5 , x _ 3 )	elips_VPE_in_dist
Evelyn helped Levi and so did James .	help . agent ( x _ 0 , Evelyn ) AND help . theme ( x _ 0 , Levi ) AND help . agent ( x _ 1 , James ) AND help . theme ( x _ 1 , Levi )	elips_VPE_in_dist
A monkey liked that Liam liked Wyatt and so did a girl .	monkey ( x _ 0 ) AND girl ( x _ 1 ) AND like . agent ( x _ 2 , x _ 0 ) AND like . ccomp ( x _ 2, x _ 3 ) AND like . agent ( x _ 3 , Liam ) AND like . theme ( x _ 3 , Wyatt ) AND like . agent ( x _ 4 , x _ 1 ) AND like . ccomp ( x _ 4, x _ 5 ) AND like . agent ( x _ 5 , Liam ) AND like . theme ( x _ 5 , Wyatt )	elips_VPE_in_dist
James liked Penelope and so did a frog .	frog ( x _ 0 ) AND like . agent ( x _ 1 , James ) AND like . theme ( x _ 1 , Penelope ) AND like . agent ( x _ 2 , x _ 0 ) AND like . theme ( x _ 2 , Penelope )	elips_VPE_in_dist
William poked Skylar and so did a girl .	girl ( x _ 0 ) AND poke . agent ( x _ 1 , William ) AND poke . theme ( x _ 1 , Skylar ) AND poke . agent ( x _ 2 , x _ 0 ) AND poke . theme ( x _ 2 , Skylar )	elips_VPE_in_dist
Emma drew the cake and so did the scientist .	* cake ( x _ 2 ) ; * scientist ( x _ 1 ) ; draw . agent ( x _ 3 , Emma ) AND draw . theme ( x _ 3 , x _ 2 ) AND draw . agent ( x _ 4 , x _ 1 ) AND draw . theme ( x _ 4 , x _ 2 )	elips_VPE_in_dist
A cat respected the cake and so did Liam .	* cake ( x _ 2 ) ; cat ( x _ 0 ) AND respect . agent ( x _ 3 , x _ 0 ) AND respect . theme ( x _ 3 , x _ 2 ) AND respect . agent ( x _ 4 , Liam ) AND respect . theme ( x _ 4 , x _ 2 )	elips_VPE_in_dist
Emma liked that the girl hunted the boy and so did the dog .	* girl ( x _ 3 ) ; * boy ( x _ 4 ) ; * dog ( x _ 2 ) ; like . agent ( x _ 5 , Emma ) AND like . ccomp ( x _ 5, x _ 6 ) AND hunt . agent ( x _ 6 , x _ 3 ) AND hunt . theme ( x _ 6 , x _ 4 ) AND like . agent ( x _ 7 , x _ 2 ) AND like . ccomp ( x _ 7, x _ 8 ) AND hunt . agent ( x _ 8 , x _ 3 ) AND hunt . theme ( x _ 8 , x _ 4 )	elips_VPE_in_dist
The penguin found a muffin and so did a dog .	* penguin ( x _ 0 ) ; muffin ( x _ 3 ) AND dog ( x _ 2 ) AND find . agent ( x _ 4 , x _ 0 ) AND find . theme ( x _ 4 , x _ 3 ) AND find . agent ( x _ 5 , x _ 2 ) AND find . theme ( x _ 5 , x _ 3 )	elips_VPE_in_dist
Carter loved the radio and so did Liam .	* radio ( x _ 1 ) ; love . agent ( x _ 2 , Carter ) AND love . theme ( x _ 2 , x _ 1 ) AND love . agent ( x _ 3 , Liam ) AND love . theme ( x _ 3 , x _ 1 )	elips_VPE_in_dist
Olivia cleaned the dog and so did a girl .	* dog ( x _ 2 ) ; girl ( x _ 1 ) AND clean . agent ( x _ 3 , Olivia ) AND clean . theme ( x _ 3 , x _ 2 ) AND clean . agent ( x _ 4 , x _ 1 ) AND clean . theme ( x _ 4 , x _ 2 )	elips_VPE_in_dist
A girl painted the president and so did Logan .	* president ( x _ 2 ) ; girl ( x _ 0 ) AND paint . agent ( x _ 3 , x _ 0 ) AND paint . theme ( x _ 3 , x _ 2 ) AND paint . agent ( x _ 4 , Logan ) AND paint . theme ( x _ 4 , x _ 2 )	elips_VPE_in_dist
The frog adored the donut and so did Emma .	* frog ( x _ 0 ) ; * donut ( x _ 2 ) ; adore . agent ( x _ 3 , x _ 0 ) AND adore . theme ( x _ 3 , x _ 2 ) AND adore . agent ( x _ 4 , Emma ) AND adore . theme ( x _ 4 , x _ 2 )	elips_VPE_in_dist
Abigail liked a cake and so did Oliver .	cake ( x _ 1 ) AND like . agent ( x _ 2 , Abigail ) AND like . theme ( x _ 2 , x _ 1 ) AND like . agent ( x _ 3 , Oliver ) AND like . theme ( x _ 3 , x _ 1 )	elips_VPE_in_dist
Liam helped Leo and so did Emma .	help . agent ( x _ 0 , Liam ) AND help . theme ( x _ 0 , Leo ) AND help . agent ( x _ 1 , Emma ) AND help . theme ( x _ 1 , Leo )	elips_VPE_in_dist
Liam cooked Skylar and so did a father .	father ( x _ 0 ) AND cook . agent ( x _ 1 , Liam ) AND cook . theme ( x _ 1 , Skylar ) AND cook . agent ( x _ 2 , x _ 0 ) AND cook . theme ( x _ 2 , Skylar )	elips_VPE_in_dist
Theodore admired that a girl found a chalk and so did Emma .	girl ( x _ 2 ) AND chalk ( x _ 3 ) AND admire . agent ( x _ 4 , Theodore ) AND admire . ccomp ( x _ 4, x _ 5 ) AND find . agent ( x _ 5 , x _ 2 ) AND find . theme ( x _ 5 , x _ 3 ) AND admire . agent ( x _ 6 , Emma ) AND admire . ccomp ( x _ 6, x _ 7 ) AND find . agent ( x _ 7 , x _ 2 ) AND find . theme ( x _ 7 , x _ 3 )	elips_VPE_in_dist
A zebra liked that Zoey liked Wyatt and so did Amelia .	zebra ( x _ 0 ) AND like . agent ( x _ 1 , x _ 0 ) AND like . ccomp ( x _ 1, x _ 2 ) AND like . agent ( x _ 2 , Zoey ) AND like . theme ( x _ 2 , Wyatt ) AND like . agent ( x _ 3 , Amelia ) AND like . ccomp ( x _ 3, x _ 4 ) AND like . agent ( x _ 4 , Zoey ) AND like . theme ( x _ 4 , Wyatt )	elips_VPE_in_dist
The guard believed that Olivia ate a cake and so did Ethan .	* guard ( x _ 0 ) ; cake ( x _ 2 ) AND believe . agent ( x _ 3 , x _ 0 ) AND believe . ccomp ( x _ 3, x _ 4 ) AND eat . agent ( x _ 4 , Olivia ) AND eat . theme ( x _ 4 , x _ 2 ) AND believe . agent ( x _ 5 , Ethan ) AND believe . ccomp ( x _ 5, x _ 6 ) AND eat . agent ( x _ 6 , Olivia ) AND eat . theme ( x _ 6 , x _ 2 )	elips_VPE_in_dist
A boy missed a balloon and so did the pony .	* pony ( x _ 2 ) ; boy ( x _ 0 ) AND balloon ( x _ 3 ) AND miss . agent ( x _ 4 , x _ 0 ) AND miss . theme ( x _ 4 , x _ 3 ) AND miss . agent ( x _ 5 , x _ 2 ) AND miss . theme ( x _ 5 , x _ 3 )	elips_VPE_in_dist
The cat helped the manager and so did the sailor .	* cat ( x _ 0 ) ; * manager ( x _ 3 ) ; * sailor ( x _ 2 ) ; help . agent ( x _ 4 , x _ 0 ) AND help . theme ( x _ 4 , x _ 3 ) AND help . agent ( x _ 5 , x _ 2 ) AND help . theme ( x _ 5 , x _ 3 )	elips_VPE_in_dist
The girl admired the cake and so did the giraffe .	* girl ( x _ 0 ) ; * cake ( x _ 3 ) ; * giraffe ( x _ 2 ) ; admire . agent ( x _ 4 , x _ 0 ) AND admire . theme ( x _ 4 , x _ 3 ) AND admire . agent ( x _ 5 , x _ 2 ) AND admire . theme ( x _ 5 , x _ 3 )	elips_VPE_in_dist
The bear sketched the donut and so did the girl .	* bear ( x _ 0 ) ; * donut ( x _ 3 ) ; * girl ( x _ 2 ) ; sketch . agent ( x _ 4 , x _ 0 ) AND sketch . theme ( x _ 4 , x _ 3 ) AND sketch . agent ( x _ 5 , x _ 2 ) AND sketch . theme ( x _ 5 , x _ 3 )	elips_VPE_in_dist
The cat imagined that the customer helped the guitar and so did Stella .	* cat ( x _ 0 ) ; * customer ( x _ 3 ) ; * guitar ( x _ 4 ) ; imagine . agent ( x _ 5 , x _ 0 ) AND imagine . ccomp ( x _ 5, x _ 6 ) AND help . agent ( x _ 6 , x _ 3 ) AND help . theme ( x _ 6 , x _ 4 ) AND imagine . agent ( x _ 7 , Stella ) AND imagine . ccomp ( x _ 7, x _ 8 ) AND help . agent ( x _ 8 , x _ 3 ) AND help . theme ( x _ 8 , x _ 4 )	elips_VPE_in_dist
A bird liked that Benjamin helped the cake and so did Mia .	* cake ( x _ 2 ) ; bird ( x _ 0 ) AND like . agent ( x _ 3 , x _ 0 ) AND like . ccomp ( x _ 3, x _ 4 ) AND help . agent ( x _ 4 , Benjamin ) AND help . theme ( x _ 4 , x _ 2 ) AND like . agent ( x _ 5 , Mia ) AND like . ccomp ( x _ 5, x _ 6 ) AND help . agent ( x _ 6 , Benjamin ) AND help . theme ( x _ 6 , x _ 2 )	elips_VPE_in_dist
Lucas found a brain and so did Emma .	brain ( x _ 1 ) AND find . agent ( x _ 2 , Lucas ) AND find . theme ( x _ 2 , x _ 1 ) AND find . agent ( x _ 3 , Emma ) AND find . theme ( x _ 3 , x _ 1 )	elips_VPE_in_dist
Noah drew a lollipop and so did the cat .	* cat ( x _ 1 ) ; lollipop ( x _ 2 ) AND draw . agent ( x _ 3 , Noah ) AND draw . theme ( x _ 3 , x _ 2 ) AND draw . agent ( x _ 4 , x _ 1 ) AND draw . theme ( x _ 4 , x _ 2 )	elips_VPE_in_dist
The boy liked a horse and so did the president .	* boy ( x _ 0 ) ; * president ( x _ 2 ) ; horse ( x _ 3 ) AND like . agent ( x _ 4 , x _ 0 ) AND like . theme ( x _ 4 , x _ 3 ) AND like . agent ( x _ 5 , x _ 2 ) AND like . theme ( x _ 5 , x _ 3 )	elips_VPE_in_dist
Liam tolerated that the cat missed a glue and so did William .	* cat ( x _ 2 ) ; glue ( x _ 3 ) AND tolerate . agent ( x _ 4 , Liam ) AND tolerate . ccomp ( x _ 4, x _ 5 ) AND miss . agent ( x _ 5 , x _ 2 ) AND miss . theme ( x _ 5 , x _ 3 ) AND tolerate . agent ( x _ 6 , William ) AND tolerate . ccomp ( x _ 6, x _ 7 ) AND miss . agent ( x _ 7 , x _ 2 ) AND miss . theme ( x _ 7 , x _ 3 )	elips_VPE_in_dist
James drew Isaac and so did a girl .	girl ( x _ 0 ) AND draw . agent ( x _ 1 , James ) AND draw . theme ( x _ 1 , Isaac ) AND draw . agent ( x _ 2 , x _ 0 ) AND draw . theme ( x _ 2 , Isaac )	elips_VPE_in_dist
Emma meant that the boy helped a doll and so did a butterfly .	* boy ( x _ 3 ) ; doll ( x _ 4 ) AND butterfly ( x _ 2 ) AND mean . agent ( x _ 5 , Emma ) AND mean . ccomp ( x _ 5, x _ 6 ) AND help . agent ( x _ 6 , x _ 3 ) AND help . theme ( x _ 6 , x _ 4 ) AND mean . agent ( x _ 7 , x _ 2 ) AND mean . ccomp ( x _ 7, x _ 8 ) AND help . agent ( x _ 8 , x _ 3 ) AND help . theme ( x _ 8 , x _ 4 )	elips_VPE_in_dist
The girl liked that the child drew the box and so did Charlotte .	* girl ( x _ 0 ) ; * child ( x _ 3 ) ; * box ( x _ 4 ) ; like . agent ( x _ 5 , x _ 0 ) AND like . ccomp ( x _ 5, x _ 6 ) AND draw . agent ( x _ 6 , x _ 3 ) AND draw . theme ( x _ 6 , x _ 4 ) AND like . agent ( x _ 7 , Charlotte ) AND like . ccomp ( x _ 7, x _ 8 ) AND draw . agent ( x _ 8 , x _ 3 ) AND draw . theme ( x _ 8 , x _ 4 )	elips_VPE_in_dist
Liam liked a newspaper and so did the teacher .	* teacher ( x _ 1 ) ; newspaper ( x _ 2 ) AND like . agent ( x _ 3 , Liam ) AND like . theme ( x _ 3 , x _ 2 ) AND like . agent ( x _ 4 , x _ 1 ) AND like . theme ( x _ 4 , x _ 2 )	elips_VPE_in_dist
A bear adored a bean and so did the cow .	* cow ( x _ 2 ) ; bear ( x _ 0 ) AND bean ( x _ 3 ) AND adore . agent ( x _ 4 , x _ 0 ) AND adore . theme ( x _ 4 , x _ 3 ) AND adore . agent ( x _ 5 , x _ 2 ) AND adore . theme ( x _ 5 , x _ 3 )	elips_VPE_in_dist
Emma found the frog and so did the giraffe .	* frog ( x _ 2 ) ; * giraffe ( x _ 1 ) ; find . agent ( x _ 3 , Emma ) AND find . theme ( x _ 3 , x _ 2 ) AND find . agent ( x _ 4 , x _ 1 ) AND find . theme ( x _ 4 , x _ 2 )	elips_VPE_in_dist
A princess hoped that a sheep found a bowl and so did the horse .	* horse ( x _ 3 ) ; princess ( x _ 0 ) AND sheep ( x _ 4 ) AND bowl ( x _ 5 ) AND hope . agent ( x _ 6 , x _ 0 ) AND hope . ccomp ( x _ 6, x _ 7 ) AND find . agent ( x _ 7 , x _ 4 ) AND find . theme ( x _ 7 , x _ 5 ) AND hope . agent ( x _ 8 , x _ 3 ) AND hope . ccomp ( x _ 8, x _ 9 ) AND find . agent ( x _ 9 , x _ 4 ) AND find . theme ( x _ 9 , x _ 5 )	elips_VPE_in_dist
The bunny liked a girl and so did a prince .	* bunny ( x _ 0 ) ; girl ( x _ 3 ) AND prince ( x _ 2 ) AND like . agent ( x _ 4 , x _ 0 ) AND like . theme ( x _ 4 , x _ 3 ) AND like . agent ( x _ 5 , x _ 2 ) AND like . theme ( x _ 5 , x _ 3 )	elips_VPE_in_dist
Luke cleaned the girl and so did Emma .	* girl ( x _ 1 ) ; clean . agent ( x _ 2 , Luke ) AND clean . theme ( x _ 2 , x _ 1 ) AND clean . agent ( x _ 3 , Emma ) AND clean . theme ( x _ 3 , x _ 1 )	elips_VPE_in_dist
The boy ate a balloon and so did Liam .	* boy ( x _ 0 ) ; balloon ( x _ 2 ) AND eat . agent ( x _ 3 , x _ 0 ) AND eat . theme ( x _ 3 , x _ 2 ) AND eat . agent ( x _ 4 , Liam ) AND eat . theme ( x _ 4 , x _ 2 )	elips_VPE_in_dist
Emma imagined that a king respected Andrew and so did William .	king ( x _ 1 ) AND imagine . agent ( x _ 2 , Emma ) AND imagine . ccomp ( x _ 2, x _ 3 ) AND respect . agent ( x _ 3 , x _ 1 ) AND respect . theme ( x _ 3 , Andrew ) AND imagine . agent ( x _ 4 , William ) AND imagine . ccomp ( x _ 4, x _ 5 ) AND respect . agent ( x _ 5 , x _ 1 ) AND respect . theme ( x _ 5 , Andrew )	elips_VPE_in_dist
A professor cooked Penelope and so did the fly .	* fly ( x _ 1 ) ; professor ( x _ 0 ) AND cook . agent ( x _ 2 , x _ 0 ) AND cook . theme ( x _ 2 , Penelope ) AND cook . agent ( x _ 3 , x _ 1 ) AND cook . theme ( x _ 3 , Penelope )	elips_VPE_in_dist
Emma cleaned Layla and so did Thomas .	clean . agent ( x _ 0 , Emma ) AND clean . theme ( x _ 0 , Layla ) AND clean . agent ( x _ 1 , Thomas ) AND clean . theme ( x _ 1 , Layla )	elips_VPE_in_dist
Emma poked Wyatt and so did a zebra .	zebra ( x _ 0 ) AND poke . agent ( x _ 1 , Emma ) AND poke . theme ( x _ 1 , Wyatt ) AND poke . agent ( x _ 2 , x _ 0 ) AND poke . theme ( x _ 2 , Wyatt )	elips_VPE_in_dist
The girl poked a donut and so did the baby .	* girl ( x _ 0 ) ; * baby ( x _ 2 ) ; donut ( x _ 3 ) AND poke . agent ( x _ 4 , x _ 0 ) AND poke . theme ( x _ 4 , x _ 3 ) AND poke . agent ( x _ 5 , x _ 2 ) AND poke . theme ( x _ 5 , x _ 3 )	elips_VPE_in_dist
The consumer nursed a boy and so did a father .	* consumer ( x _ 0 ) ; boy ( x _ 3 ) AND father ( x _ 2 ) AND nurse . agent ( x _ 4 , x _ 0 ) AND nurse . theme ( x _ 4 , x _ 3 ) AND nurse . agent ( x _ 5 , x _ 2 ) AND nurse . theme ( x _ 5 , x _ 3 )	elips_VPE_in_dist
Ava liked that Riley liked a box and so did the chicken .	* chicken ( x _ 1 ) ; box ( x _ 2 ) AND like . agent ( x _ 3 , Ava ) AND like . ccomp ( x _ 3, x _ 4 ) AND like . agent ( x _ 4 , Riley ) AND like . theme ( x _ 4 , x _ 2 ) AND like . agent ( x _ 5 , x _ 1 ) AND like . ccomp ( x _ 5, x _ 6 ) AND like . agent ( x _ 6 , Riley ) AND like . theme ( x _ 6 , x _ 2 )	elips_VPE_in_dist
A boy hoped that Elijah adored the can and so did the duck .	* can ( x _ 3 ) ; * duck ( x _ 2 ) ; boy ( x _ 0 ) AND hope . agent ( x _ 4 , x _ 0 ) AND hope . ccomp ( x _ 4, x _ 5 ) AND adore . agent ( x _ 5 , Elijah ) AND adore . theme ( x _ 5 , x _ 3 ) AND hope . agent ( x _ 6 , x _ 2 ) AND hope . ccomp ( x _ 6, x _ 7 ) AND adore . agent ( x _ 7 , Elijah ) AND adore . theme ( x _ 7 , x _ 3 )	elips_VPE_in_dist
Audrey imagined that Olivia sketched Nathan and so did the frog .	* frog ( x _ 0 ) ; imagine . agent ( x _ 1 , Audrey ) AND imagine . ccomp ( x _ 1, x _ 2 ) AND sketch . agent ( x _ 2 , Olivia ) AND sketch . theme ( x _ 2 , Nathan ) AND imagine . agent ( x _ 3 , x _ 0 ) AND imagine . ccomp ( x _ 3, x _ 4 ) AND sketch . agent ( x _ 4 , Olivia ) AND sketch . theme ( x _ 4 , Nathan )	elips_VPE_in_dist
William said that a bee dusted the flag and so did Liam .	* flag ( x _ 3 ) ; bee ( x _ 2 ) AND say . agent ( x _ 4 , William ) AND say . ccomp ( x _ 4, x _ 5 ) AND dust . agent ( x _ 5 , x _ 2 ) AND dust . theme ( x _ 5 , x _ 3 ) AND say . agent ( x _ 6 , Liam ) AND say . ccomp ( x _ 6, x _ 7 ) AND dust . agent ( x _ 7 , x _ 2 ) AND dust . theme ( x _ 7 , x _ 3 )	elips_VPE_in_dist
Benjamin appreciated Lily and so did Emma .	appreciate . agent ( x _ 0 , Benjamin ) AND appreciate . theme ( x _ 0 , Lily ) AND appreciate . agent ( x _ 1 , Emma ) AND appreciate . theme ( x _ 1 , Lily )	elips_VPE_in_dist
A monkey ate a girl and so did Liam .	monkey ( x _ 0 ) AND girl ( x _ 2 ) AND eat . agent ( x _ 3 , x _ 0 ) AND eat . theme ( x _ 3 , x _ 2 ) AND eat . agent ( x _ 4 , Liam ) AND eat . theme ( x _ 4 , x _ 2 )	elips_VPE_in_dist
David wished that Olivia liked Penelope and so did Liam .	wish . agent ( x _ 0 , David ) AND wish . ccomp ( x _ 0, x _ 1 ) AND like . agent ( x _ 1 , Olivia ) AND like . theme ( x _ 1 , Penelope ) AND wish . agent ( x _ 2 , Liam ) AND wish . ccomp ( x _ 2, x _ 3 ) AND like . agent ( x _ 3 , Olivia ) AND like . theme ( x _ 3 , Penelope )	elips_VPE_in_dist
Emma ate the drink and so did Liam .	* drink ( x _ 1 ) ; eat . agent ( x _ 2 , Emma ) AND eat . theme ( x _ 2 , x _ 1 ) AND eat . agent ( x _ 3 , Liam ) AND eat . theme ( x _ 3 , x _ 1 )	elips_VPE_in_dist
A tourist helped the bear and so did a boy .	* bear ( x _ 3 ) ; tourist ( x _ 0 ) AND boy ( x _ 2 ) AND help . agent ( x _ 4 , x _ 0 ) AND help . theme ( x _ 4 , x _ 3 ) AND help . agent ( x _ 5 , x _ 2 ) AND help . theme ( x _ 5 , x _ 3 )	elips_VPE_in_dist
Ellie cooked a cake and so did James .	cake ( x _ 1 ) AND cook . agent ( x _ 2 , Ellie ) AND cook . theme ( x _ 2 , x _ 1 ) AND cook . agent ( x _ 3 , James ) AND cook . theme ( x _ 3 , x _ 1 )	elips_VPE_in_dist
Noah found Penelope and so did a dog .	dog ( x _ 0 ) AND find . agent ( x _ 1 , Noah ) AND find . theme ( x _ 1 , Penelope ) AND find . agent ( x _ 2 , x _ 0 ) AND find . theme ( x _ 2 , Penelope )	elips_VPE_in_dist
The cat ate a duck and so did Emma .	* cat ( x _ 0 ) ; duck ( x _ 2 ) AND eat . agent ( x _ 3 , x _ 0 ) AND eat . theme ( x _ 3 , x _ 2 ) AND eat . agent ( x _ 4 , Emma ) AND eat . theme ( x _ 4 , x _ 2 )	elips_VPE_in_dist
The girl painted John and so did Olivia .	* girl ( x _ 0 ) ; paint . agent ( x _ 1 , x _ 0 ) AND paint . theme ( x _ 1 , John ) AND paint . agent ( x _ 2 , Olivia ) AND paint . theme ( x _ 2 , John )	elips_VPE_in_dist
The girl respected a bat and so did a professor .	* girl ( x _ 0 ) ; bat ( x _ 3 ) AND professor ( x _ 2 ) AND respect . agent ( x _ 4 , x _ 0 ) AND respect . theme ( x _ 4 , x _ 3 ) AND respect . agent ( x _ 5 , x _ 2 ) AND respect . theme ( x _ 5 , x _ 3 )	elips_VPE_in_dist
The zebra found a game and so did James .	* zebra ( x _ 0 ) ; game ( x _ 2 ) AND find . agent ( x _ 3 , x _ 0 ) AND find . theme ( x _ 3 , x _ 2 ) AND find . agent ( x _ 4 , James ) AND find . theme ( x _ 4 , x _ 2 )	elips_VPE_in_dist
The father ate the rose and so did Addison .	* father ( x _ 0 ) ; * rose ( x _ 2 ) ; eat . agent ( x _ 3 , x _ 0 ) AND eat . theme ( x _ 3 , x _ 2 ) AND eat . agent ( x _ 4 , Addison ) AND eat . theme ( x _ 4 , x _ 2 )	elips_VPE_in_dist
Noah said that the girl loved a cake and so did the boy .	* girl ( x _ 3 ) ; * boy ( x _ 2 ) ; cake ( x _ 4 ) AND say . agent ( x _ 5 , Noah ) AND say . ccomp ( x _ 5, x _ 6 ) AND love . agent ( x _ 6 , x _ 3 ) AND love . theme ( x _ 6 , x _ 4 ) AND say . agent ( x _ 7 , x _ 2 ) AND say . ccomp ( x _ 7, x _ 8 ) AND love . agent ( x _ 8 , x _ 3 ) AND love . theme ( x _ 8 , x _ 4 )	elips_VPE_in_dist
The student liked a child and so did Liam .	* student ( x _ 0 ) ; child ( x _ 2 ) AND like . agent ( x _ 3 , x _ 0 ) AND like . theme ( x _ 3 , x _ 2 ) AND like . agent ( x _ 4 , Liam ) AND like . theme ( x _ 4 , x _ 2 )	elips_VPE_in_dist
Liam liked the girl and so did Lucas .	* girl ( x _ 1 ) ; like . agent ( x _ 2 , Liam ) AND like . theme ( x _ 2 , x _ 1 ) AND like . agent ( x _ 3 , Lucas ) AND like . theme ( x _ 3 , x _ 1 )	elips_VPE_in_dist
A dog loved John and so did the child .	* child ( x _ 1 ) ; dog ( x _ 0 ) AND love . agent ( x _ 2 , x _ 0 ) AND love . theme ( x _ 2 , John ) AND love . agent ( x _ 3 , x _ 1 ) AND love . theme ( x _ 3 , John )	elips_VPE_in_dist
The dog noticed that Mia painted Penelope and so did a girl .	* dog ( x _ 0 ) ; girl ( x _ 1 ) AND notice . agent ( x _ 2 , x _ 0 ) AND notice . ccomp ( x _ 2, x _ 3 ) AND paint . agent ( x _ 3 , Mia ) AND paint . theme ( x _ 3 , Penelope ) AND notice . agent ( x _ 4 , x _ 1 ) AND notice . ccomp ( x _ 4, x _ 5 ) AND paint . agent ( x _ 5 , Mia ) AND paint . theme ( x _ 5 , Penelope )	elips_VPE_in_dist
Mia missed a donut and so did the butterfly .	* butterfly ( x _ 1 ) ; donut ( x _ 2 ) AND miss . agent ( x _ 3 , Mia ) AND miss . theme ( x _ 3 , x _ 2 ) AND miss . agent ( x _ 4 , x _ 1 ) AND miss . theme ( x _ 4 , x _ 2 )	elips_VPE_in_dist
The bird hunted a glue and so did Amelia .	* bird ( x _ 0 ) ; glue ( x _ 2 ) AND hunt . agent ( x _ 3 , x _ 0 ) AND hunt . theme ( x _ 3 , x _ 2 ) AND hunt . agent ( x _ 4 , Amelia ) AND hunt . theme ( x _ 4 , x _ 2 )	elips_VPE_in_dist
A boy liked Dylan and so did Henry .	boy ( x _ 0 ) AND like . agent ( x _ 1 , x _ 0 ) AND like . theme ( x _ 1 , Dylan ) AND like . agent ( x _ 2 , Henry ) AND like . theme ( x _ 2 , Dylan )	elips_VPE_in_dist
Liam wished that a mouse ate a girl and so did Mia .	mouse ( x _ 2 ) AND girl ( x _ 3 ) AND wish . agent ( x _ 4 , Liam ) AND wish . ccomp ( x _ 4, x _ 5 ) AND eat . agent ( x _ 5 , x _ 2 ) AND eat . theme ( x _ 5 , x _ 3 ) AND wish . agent ( x _ 6 , Mia ) AND wish . ccomp ( x _ 6, x _ 7 ) AND eat . agent ( x _ 7 , x _ 2 ) AND eat . theme ( x _ 7 , x _ 3 )	elips_VPE_in_dist
Samuel juggled the cookie and so did the girl .	* cookie ( x _ 2 ) ; * girl ( x _ 1 ) ; juggle . agent ( x _ 3 , Samuel ) AND juggle . theme ( x _ 3 , x _ 2 ) AND juggle . agent ( x _ 4 , x _ 1 ) AND juggle . theme ( x _ 4 , x _ 2 )	elips_VPE_in_dist
Zoey juggled a cake and so did a boy .	cake ( x _ 2 ) AND boy ( x _ 1 ) AND juggle . agent ( x _ 3 , Zoey ) AND juggle . theme ( x _ 3 , x _ 2 ) AND juggle . agent ( x _ 4 , x _ 1 ) AND juggle . theme ( x _ 4 , x _ 2 )	elips_VPE_in_dist
Mason liked a teacher and so did William .	teacher ( x _ 1 ) AND like . agent ( x _ 2 , Mason ) AND like . theme ( x _ 2 , x _ 1 ) AND like . agent ( x _ 3 , William ) AND like . theme ( x _ 3 , x _ 1 )	elips_VPE_in_dist
Olivia adored the pickle and so did a boy .	* pickle ( x _ 2 ) ; boy ( x _ 1 ) AND adore . agent ( x _ 3 , Olivia ) AND adore . theme ( x _ 3 , x _ 2 ) AND adore . agent ( x _ 4 , x _ 1 ) AND adore . theme ( x _ 4 , x _ 2 )	elips_VPE_in_dist
The boy declared that a frog liked the cookie and so did Charlotte .	* boy ( x _ 0 ) ; * cookie ( x _ 4 ) ; frog ( x _ 3 ) AND declare . agent ( x _ 5 , x _ 0 ) AND declare . ccomp ( x _ 5, x _ 6 ) AND like . agent ( x _ 6 , x _ 3 ) AND like . theme ( x _ 6 , x _ 4 ) AND declare . agent ( x _ 7 , Charlotte ) AND declare . ccomp ( x _ 7, x _ 8 ) AND like . agent ( x _ 8 , x _ 3 ) AND like . theme ( x _ 8 , x _ 4 )	elips_VPE_in_dist
A girl painted a child and so did a boy .	girl ( x _ 0 ) AND child ( x _ 3 ) AND boy ( x _ 2 ) AND paint . agent ( x _ 4 , x _ 0 ) AND paint . theme ( x _ 4 , x _ 3 ) AND paint . agent ( x _ 5 , x _ 2 ) AND paint . theme ( x _ 5 , x _ 3 )	elips_VPE_in_dist
A teacher adored Penelope and so did a horse .	teacher ( x _ 0 ) AND horse ( x _ 1 ) AND adore . agent ( x _ 2 , x _ 0 ) AND adore . theme ( x _ 2 , Penelope ) AND adore . agent ( x _ 3 , x _ 1 ) AND adore . theme ( x _ 3 , Penelope )	elips_VPE_in_dist
Wyatt admired Penelope and so did the cat .	* cat ( x _ 0 ) ; admire . agent ( x _ 1 , Wyatt ) AND admire . theme ( x _ 1 , Penelope ) AND admire . agent ( x _ 2 , x _ 0 ) AND admire . theme ( x _ 2 , Penelope )	elips_VPE_in_dist
Olivia proved that a coach sketched Mateo and so did Abigail .	coach ( x _ 1 ) AND prove . agent ( x _ 2 , Olivia ) AND prove . ccomp ( x _ 2, x _ 3 ) AND sketch . agent ( x _ 3 , x _ 1 ) AND sketch . theme ( x _ 3 , Mateo ) AND prove . agent ( x _ 4 , Abigail ) AND prove . ccomp ( x _ 4, x _ 5 ) AND sketch . agent ( x _ 5 , x _ 1 ) AND sketch . theme ( x _ 5 , Mateo )	elips_VPE_in_dist
A boy liked Jayden and so did the girl .	* girl ( x _ 1 ) ; boy ( x _ 0 ) AND like . agent ( x _ 2 , x _ 0 ) AND like . theme ( x _ 2 , Jayden ) AND like . agent ( x _ 3 , x _ 1 ) AND like . theme ( x _ 3 , Jayden )	elips_VPE_in_dist
A cat juggled a donut and so did the giraffe .	* giraffe ( x _ 2 ) ; cat ( x _ 0 ) AND donut ( x _ 3 ) AND juggle . agent ( x _ 4 , x _ 0 ) AND juggle . theme ( x _ 4 , x _ 3 ) AND juggle . agent ( x _ 5 , x _ 2 ) AND juggle . theme ( x _ 5 , x _ 3 )	elips_VPE_in_dist
Liam admired the girl and so did a boy .	* girl ( x _ 2 ) ; boy ( x _ 1 ) AND admire . agent ( x _ 3 , Liam ) AND admire . theme ( x _ 3 , x _ 2 ) AND admire . agent ( x _ 4 , x _ 1 ) AND admire . theme ( x _ 4 , x _ 2 )	elips_VPE_in_dist
The guard found a molecule and so did Lillian .	* guard ( x _ 0 ) ; molecule ( x _ 2 ) AND find . agent ( x _ 3 , x _ 0 ) AND find . theme ( x _ 3 , x _ 2 ) AND find . agent ( x _ 4 , Lillian ) AND find . theme ( x _ 4 , x _ 2 )	elips_VPE_in_dist
Mia dreamed that Noah liked Penelope and so did the butterfly .	* butterfly ( x _ 0 ) ; dream . agent ( x _ 1 , Mia ) AND dream . ccomp ( x _ 1, x _ 2 ) AND like . agent ( x _ 2 , Noah ) AND like . theme ( x _ 2 , Penelope ) AND dream . agent ( x _ 3 , x _ 0 ) AND dream . ccomp ( x _ 3, x _ 4 ) AND like . agent ( x _ 4 , Noah ) AND like . theme ( x _ 4 , Penelope )	elips_VPE_in_dist
Liam confessed that Michael ate the spoon and so did the cat .	* spoon ( x _ 2 ) ; * cat ( x _ 1 ) ; confess . agent ( x _ 3 , Liam ) AND confess . ccomp ( x _ 3, x _ 4 ) AND eat . agent ( x _ 4 , Michael ) AND eat . theme ( x _ 4 , x _ 2 ) AND confess . agent ( x _ 5 , x _ 1 ) AND confess . ccomp ( x _ 5, x _ 6 ) AND eat . agent ( x _ 6 , Michael ) AND eat . theme ( x _ 6 , x _ 2 )	elips_VPE_in_dist
A father hoped that Grace cooked the girl and so did a bee .	* girl ( x _ 3 ) ; father ( x _ 0 ) AND bee ( x _ 2 ) AND hope . agent ( x _ 4 , x _ 0 ) AND hope . ccomp ( x _ 4, x _ 5 ) AND cook . agent ( x _ 5 , Grace ) AND cook . theme ( x _ 5 , x _ 3 ) AND hope . agent ( x _ 6 , x _ 2 ) AND hope . ccomp ( x _ 6, x _ 7 ) AND cook . agent ( x _ 7 , Grace ) AND cook . theme ( x _ 7 , x _ 3 )	elips_VPE_in_dist
A monster helped Penelope and so did the boy .	* boy ( x _ 1 ) ; monster ( x _ 0 ) AND help . agent ( x _ 2 , x _ 0 ) AND help . theme ( x _ 2 , Penelope ) AND help . agent ( x _ 3 , x _ 1 ) AND help . theme ( x _ 3 , Penelope )	elips_VPE_in_dist
Emma wished that the cat ate the boy and so did the girl .	* cat ( x _ 3 ) ; * boy ( x _ 4 ) ; * girl ( x _ 2 ) ; wish . agent ( x _ 5 , Emma ) AND wish . ccomp ( x _ 5, x _ 6 ) AND eat . agent ( x _ 6 , x _ 3 ) AND eat . theme ( x _ 6 , x _ 4 ) AND wish . agent ( x _ 7 , x _ 2 ) AND wish . ccomp ( x _ 7, x _ 8 ) AND eat . agent ( x _ 8 , x _ 3 ) AND eat . theme ( x _ 8 , x _ 4 )	elips_VPE_in_dist
The cat liked that Jacob liked a cake and so did Liam .	* cat ( x _ 0 ) ; cake ( x _ 2 ) AND like . agent ( x _ 3 , x _ 0 ) AND like . ccomp ( x _ 3, x _ 4 ) AND like . agent ( x _ 4 , Jacob ) AND like . theme ( x _ 4 , x _ 2 ) AND like . agent ( x _ 5 , Liam ) AND like . ccomp ( x _ 5, x _ 6 ) AND like . agent ( x _ 6 , Jacob ) AND like . theme ( x _ 6 , x _ 2 )	elips_VPE_in_dist
Emma liked that a penguin painted the manager and so did the tenant .	* manager ( x _ 4 ) ; * tenant ( x _ 2 ) ; penguin ( x _ 3 ) AND like . agent ( x _ 5 , Emma ) AND like . ccomp ( x _ 5, x _ 6 ) AND paint . agent ( x _ 6 , x _ 3 ) AND paint . theme ( x _ 6 , x _ 4 ) AND like . agent ( x _ 7 , x _ 2 ) AND like . ccomp ( x _ 7, x _ 8 ) AND paint . agent ( x _ 8 , x _ 3 ) AND paint . theme ( x _ 8 , x _ 4 )	elips_VPE_in_dist
The horse hoped that the cat ate a game and so did a girl .	* horse ( x _ 0 ) ; * cat ( x _ 4 ) ; game ( x _ 5 ) AND girl ( x _ 3 ) AND hope . agent ( x _ 6 , x _ 0 ) AND hope . ccomp ( x _ 6, x _ 7 ) AND eat . agent ( x _ 7 , x _ 4 ) AND eat . theme ( x _ 7 , x _ 5 ) AND hope . agent ( x _ 8 , x _ 3 ) AND hope . ccomp ( x _ 8, x _ 9 ) AND eat . agent ( x _ 9 , x _ 4 ) AND eat . theme ( x _ 9 , x _ 5 )	elips_VPE_in_dist
A duck sketched a cake and so did the girl .	* girl ( x _ 2 ) ; duck ( x _ 0 ) AND cake ( x _ 3 ) AND sketch . agent ( x _ 4 , x _ 0 ) AND sketch . theme ( x _ 4 , x _ 3 ) AND sketch . agent ( x _ 5 , x _ 2 ) AND sketch . theme ( x _ 5 , x _ 3 )	elips_VPE_in_dist
Liam painted Jayden and so did Benjamin .	paint . agent ( x _ 0 , Liam ) AND paint . theme ( x _ 0 , Jayden ) AND paint . agent ( x _ 1 , Benjamin ) AND paint . theme ( x _ 1 , Jayden )	elips_VPE_in_dist
A boy liked that Mia cooked Jack and so did the girl .	* girl ( x _ 1 ) ; boy ( x _ 0 ) AND like . agent ( x _ 2 , x _ 0 ) AND like . ccomp ( x _ 2, x _ 3 ) AND cook . agent ( x _ 3 , Mia ) AND cook . theme ( x _ 3 , Jack ) AND like . agent ( x _ 4 , x _ 1 ) AND like . ccomp ( x _ 4, x _ 5 ) AND cook . agent ( x _ 5 , Mia ) AND cook . theme ( x _ 5 , Jack )	elips_VPE_in_dist
James painted a cake and so did a girl .	cake ( x _ 2 ) AND girl ( x _ 1 ) AND paint . agent ( x _ 3 , James ) AND paint . theme ( x _ 3 , x _ 2 ) AND paint . agent ( x _ 4 , x _ 1 ) AND paint . theme ( x _ 4 , x _ 2 )	elips_VPE_in_dist
Ava painted a lion and so did the girl .	* girl ( x _ 1 ) ; lion ( x _ 2 ) AND paint . agent ( x _ 3 , Ava ) AND paint . theme ( x _ 3 , x _ 2 ) AND paint . agent ( x _ 4 , x _ 1 ) AND paint . theme ( x _ 4 , x _ 2 )	elips_VPE_in_dist
Noah ate the cake and so did a girl .	* cake ( x _ 2 ) ; girl ( x _ 1 ) AND eat . agent ( x _ 3 , Noah ) AND eat . theme ( x _ 3 , x _ 2 ) AND eat . agent ( x _ 4 , x _ 1 ) AND eat . theme ( x _ 4 , x _ 2 )	elips_VPE_in_dist
Liam hoped that Emma sketched the girl and so did a governor .	* girl ( x _ 2 ) ; governor ( x _ 1 ) AND hope . agent ( x _ 3 , Liam ) AND hope . ccomp ( x _ 3, x _ 4 ) AND sketch . agent ( x _ 4 , Emma ) AND sketch . theme ( x _ 4 , x _ 2 ) AND hope . agent ( x _ 5 , x _ 1 ) AND hope . ccomp ( x _ 5, x _ 6 ) AND sketch . agent ( x _ 6 , Emma ) AND sketch . theme ( x _ 6 , x _ 2 )	elips_VPE_in_dist
Elizabeth thought that the lion ate a cake and so did Liam .	* lion ( x _ 2 ) ; cake ( x _ 3 ) AND think . agent ( x _ 4 , Elizabeth ) AND think . ccomp ( x _ 4, x _ 5 ) AND eat . agent ( x _ 5 , x _ 2 ) AND eat . theme ( x _ 5 , x _ 3 ) AND think . agent ( x _ 6 , Liam ) AND think . ccomp ( x _ 6, x _ 7 ) AND eat . agent ( x _ 7 , x _ 2 ) AND eat . theme ( x _ 7 , x _ 3 )	elips_VPE_in_dist
The boy ate a mouse and so did the cat .	* boy ( x _ 0 ) ; * cat ( x _ 2 ) ; mouse ( x _ 3 ) AND eat . agent ( x _ 4 , x _ 0 ) AND eat . theme ( x _ 4 , x _ 3 ) AND eat . agent ( x _ 5 , x _ 2 ) AND eat . theme ( x _ 5 , x _ 3 )	elips_VPE_in_dist
Charlotte painted Layla and so did the cat .	* cat ( x _ 0 ) ; paint . agent ( x _ 1 , Charlotte ) AND paint . theme ( x _ 1 , Layla ) AND paint . agent ( x _ 2 , x _ 0 ) AND paint . theme ( x _ 2 , Layla )	elips_VPE_in_dist
William appreciated a ball and so did a girl .	ball ( x _ 2 ) AND girl ( x _ 1 ) AND appreciate . agent ( x _ 3 , William ) AND appreciate . theme ( x _ 3 , x _ 2 ) AND appreciate . agent ( x _ 4 , x _ 1 ) AND appreciate . theme ( x _ 4 , x _ 2 )	elips_VPE_in_dist
Noah meant that Emma cleaned Penelope and so did a boy .	boy ( x _ 0 ) AND mean . agent ( x _ 1 , Noah ) AND mean . ccomp ( x _ 1, x _ 2 ) AND clean . agent ( x _ 2 , Emma ) AND clean . theme ( x _ 2 , Penelope ) AND mean . agent ( x _ 3 , x _ 0 ) AND mean . ccomp ( x _ 3, x _ 4 ) AND clean . agent ( x _ 4 , Emma ) AND clean . theme ( x _ 4 , Penelope )	elips_VPE_in_dist
Emma confessed that a girl liked Penelope and so did the bear .	* bear ( x _ 1 ) ; girl ( x _ 2 ) AND confess . agent ( x _ 3 , Emma ) AND confess . ccomp ( x _ 3, x _ 4 ) AND like . agent ( x _ 4 , x _ 2 ) AND like . theme ( x _ 4 , Penelope ) AND confess . agent ( x _ 5 , x _ 1 ) AND confess . ccomp ( x _ 5, x _ 6 ) AND like . agent ( x _ 6 , x _ 2 ) AND like . theme ( x _ 6 , Penelope )	elips_VPE_in_dist
Emma hoped that the girl loved a boy and so did David .	* girl ( x _ 2 ) ; boy ( x _ 3 ) AND hope . agent ( x _ 4 , Emma ) AND hope . ccomp ( x _ 4, x _ 5 ) AND love . agent ( x _ 5 , x _ 2 ) AND love . theme ( x _ 5 , x _ 3 ) AND hope . agent ( x _ 6 , David ) AND hope . ccomp ( x _ 6, x _ 7 ) AND love . agent ( x _ 7 , x _ 2 ) AND love . theme ( x _ 7 , x _ 3 )	elips_VPE_in_dist
The cat liked Penelope and so did the girl .	* cat ( x _ 0 ) ; * girl ( x _ 1 ) ; like . agent ( x _ 2 , x _ 0 ) AND like . theme ( x _ 2 , Penelope ) AND like . agent ( x _ 3 , x _ 1 ) AND like . theme ( x _ 3 , Penelope )	elips_VPE_in_dist
Emma poked Addison and so did the duck .	* duck ( x _ 0 ) ; poke . agent ( x _ 1 , Emma ) AND poke . theme ( x _ 1 , Addison ) AND poke . agent ( x _ 2 , x _ 0 ) AND poke . theme ( x _ 2 , Addison )	elips_VPE_in_dist
Victoria ate a cake and so did Emma .	cake ( x _ 1 ) AND eat . agent ( x _ 2 , Victoria ) AND eat . theme ( x _ 2 , x _ 1 ) AND eat . agent ( x _ 3 , Emma ) AND eat . theme ( x _ 3 , x _ 1 )	elips_VPE_in_dist
William ate Penelope and so did the child .	* child ( x _ 0 ) ; eat . agent ( x _ 1 , William ) AND eat . theme ( x _ 1 , Penelope ) AND eat . agent ( x _ 2 , x _ 0 ) AND eat . theme ( x _ 2 , Penelope )	elips_VPE_in_dist
Olivia valued that a cat found a cake and so did Liam .	cat ( x _ 2 ) AND cake ( x _ 3 ) AND value . agent ( x _ 4 , Olivia ) AND value . ccomp ( x _ 4, x _ 5 ) AND find . agent ( x _ 5 , x _ 2 ) AND find . theme ( x _ 5 , x _ 3 ) AND value . agent ( x _ 6 , Liam ) AND value . ccomp ( x _ 6, x _ 7 ) AND find . agent ( x _ 7 , x _ 2 ) AND find . theme ( x _ 7 , x _ 3 )	elips_VPE_in_dist
A moose liked the mouse and so did Emily .	* mouse ( x _ 2 ) ; moose ( x _ 0 ) AND like . agent ( x _ 3 , x _ 0 ) AND like . theme ( x _ 3 , x _ 2 ) AND like . agent ( x _ 4 , Emily ) AND like . theme ( x _ 4 , x _ 2 )	elips_VPE_in_dist
A girl cleaned a banana and so did Liam .	girl ( x _ 0 ) AND banana ( x _ 2 ) AND clean . agent ( x _ 3 , x _ 0 ) AND clean . theme ( x _ 3 , x _ 2 ) AND clean . agent ( x _ 4 , Liam ) AND clean . theme ( x _ 4 , x _ 2 )	elips_VPE_in_dist
