A frog liked and a duck liked the girl .	* girl ( x _ 3 ) ; frog ( x _ 0 ) AND duck ( x _ 2 ) AND like . agent ( x _ 4 , x _ 0 ) AND like . theme ( x _ 4 , x _ 3 ) AND like . agent ( x _ 5 , x _ 2 ) AND like . theme ( x _ 5 , x _ 3 )	elips_RNR_in_dist
Olivia cleaned and the president valued the dog .	* dog ( x _ 2 ) ; * president ( x _ 1 ) ; clean . agent ( x _ 3 , Olivia ) AND clean . theme ( x _ 3 , x _ 2 ) AND value . agent ( x _ 4 , x _ 1 ) AND value . theme ( x _ 4 , x _ 2 )	elips_RNR_in_dist
A penguin dusted and the mother helped Riley .	* mother ( x _ 1 ) ; penguin ( x _ 0 ) AND dust . agent ( x _ 2 , x _ 0 ) AND dust . theme ( x _ 2 , Riley ) AND help . agent ( x _ 3 , x _ 1 ) AND help . theme ( x _ 3 , Riley )	elips_RNR_in_dist
Joseph worshipped and Olivia appreciated Penelope .	worship . agent ( x _ 0 , Joseph ) AND worship . theme ( x _ 0 , Penelope ) AND appreciate . agent ( x _ 1 , Olivia ) AND appreciate . theme ( x _ 1 , Penelope )	elips_RNR_in_dist
Emma threw and the cat liked Levi .	* cat ( x _ 0 ) ; throw . agent ( x _ 1 , Emma ) AND throw . theme ( x _ 1 , Levi ) AND like . agent ( x _ 2 , x _ 0 ) AND like . theme ( x _ 2 , Levi )	elips_RNR_in_dist
A boy liked and Jacob liked the lawyer .	* lawyer ( x _ 2 ) ; boy ( x _ 0 ) AND like . agent ( x _ 3 , x _ 0 ) AND like . theme ( x _ 3 , x _ 2 ) AND like . agent ( x _ 4 , Jacob ) AND like . theme ( x _ 4 , x _ 2 )	elips_RNR_in_dist
Emma held and Noah liked a boy .	boy ( x _ 1 ) AND hold . agent ( x _ 2 , Emma ) AND hold . theme ( x _ 2 , x _ 1 ) AND like . agent ( x _ 3 , Noah ) AND like . theme ( x _ 3 , x _ 1 )	elips_RNR_in_dist
Charlotte tossed and Emma respected Penelope .	toss . agent ( x _ 0 , Charlotte ) AND toss . theme ( x _ 0 , Penelope ) AND respect . agent ( x _ 1 , Emma ) AND respect . theme ( x _ 1 , Penelope )	elips_RNR_in_dist
Liam ate and the child admired a girl .	* child ( x _ 1 ) ; girl ( x _ 2 ) AND eat . agent ( x _ 3 , Liam ) AND eat . theme ( x _ 3 , x _ 2 ) AND admire . agent ( x _ 4 , x _ 1 ) AND admire . theme ( x _ 4 , x _ 2 )	elips_RNR_in_dist
Aurora loved and Lillian stabbed Wyatt .	love . agent ( x _ 0 , Aurora ) AND love . theme ( x _ 0 , Wyatt ) AND stab . agent ( x _ 1 , Lillian ) AND stab . theme ( x _ 1 , Wyatt )	elips_RNR_in_dist
Eleanor nursed and Sebastian helped Penelope .	nurse . agent ( x _ 0 , Eleanor ) AND nurse . theme ( x _ 0 , Penelope ) AND help . agent ( x _ 1 , Sebastian ) AND help . theme ( x _ 1 , Penelope )	elips_RNR_in_dist
A fly poked and the girl liked Jayden .	* girl ( x _ 1 ) ; fly ( x _ 0 ) AND poke . agent ( x _ 2 , x _ 0 ) AND poke . theme ( x _ 2 , Jayden ) AND like . agent ( x _ 3 , x _ 1 ) AND like . theme ( x _ 3 , Jayden )	elips_RNR_in_dist
Emma ate and a boy poked Dylan .	boy ( x _ 0 ) AND eat . agent ( x _ 1 , Emma ) AND eat . theme ( x _ 1 , Dylan ) AND poke . agent ( x _ 2 , x _ 0 ) AND poke . theme ( x _ 2 , Dylan )	elips_RNR_in_dist
A girl painted and Jackson adored Penelope .	girl ( x _ 0 ) AND paint . agent ( x _ 1 , x _ 0 ) AND paint . theme ( x _ 1 , Penelope ) AND adore . agent ( x _ 2 , Jackson ) AND adore . theme ( x _ 2 , Penelope )	elips_RNR_in_dist
A mouse pierced and Elijah helped the girl .	* girl ( x _ 2 ) ; mouse ( x _ 0 ) AND pierce . agent ( x _ 3 , x _ 0 ) AND pierce . theme ( x _ 3 , x _ 2 ) AND help . agent ( x _ 4 , Elijah ) AND help . theme ( x _ 4 , x _ 2 )	elips_RNR_in_dist
A boy held and a turkey liked the child .	* child ( x _ 3 ) ; boy ( x _ 0 ) AND turkey ( x _ 2 ) AND hold . agent ( x _ 4 , x _ 0 ) AND hold . theme ( x _ 4 , x _ 3 ) AND like . agent ( x _ 5 , x _ 2 ) AND like . theme ( x _ 5 , x _ 3 )	elips_RNR_in_dist
Oliver found and Emma tolerated the teacher .	* teacher ( x _ 1 ) ; find . agent ( x _ 2 , Oliver ) AND find . theme ( x _ 2 , x _ 1 ) AND tolerate . agent ( x _ 3 , Emma ) AND tolerate . theme ( x _ 3 , x _ 1 )	elips_RNR_in_dist
A boy helped and the girl discovered a dog .	* girl ( x _ 2 ) ; boy ( x _ 0 ) AND dog ( x _ 3 ) AND help . agent ( x _ 4 , x _ 0 ) AND help . theme ( x _ 4 , x _ 3 ) AND discover . agent ( x _ 5 , x _ 2 ) AND discover . theme ( x _ 5 , x _ 3 )	elips_RNR_in_dist
A servant nursed and Liam found Penelope .	servant ( x _ 0 ) AND nurse . agent ( x _ 1 , x _ 0 ) AND nurse . theme ( x _ 1 , Penelope ) AND find . agent ( x _ 2 , Liam ) AND find . theme ( x _ 2 , Penelope )	elips_RNR_in_dist
A dog liked and Charlotte touched Eleanor .	dog ( x _ 0 ) AND like . agent ( x _ 1 , x _ 0 ) AND like . theme ( x _ 1 , Eleanor ) AND touch . agent ( x _ 2 , Charlotte ) AND touch . theme ( x _ 2 , Eleanor )	elips_RNR_in_dist
Emma ate and the girl held the cat .	* cat ( x _ 2 ) ; * girl ( x _ 1 ) ; eat . agent ( x _ 3 , Emma ) AND eat . theme ( x _ 3 , x _ 2 ) AND hold . agent ( x _ 4 , x _ 1 ) AND hold . theme ( x _ 4 , x _ 2 )	elips_RNR_in_dist
Noah ate and a guy missed Penelope .	guy ( x _ 0 ) AND eat . agent ( x _ 1 , Noah ) AND eat . theme ( x _ 1 , Penelope ) AND miss . agent ( x _ 2 , x _ 0 ) AND miss . theme ( x _ 2 , Penelope )	elips_RNR_in_dist
A hero liked and Emma liked the girl .	* girl ( x _ 2 ) ; hero ( x _ 0 ) AND like . agent ( x _ 3 , x _ 0 ) AND like . theme ( x _ 3 , x _ 2 ) AND like . agent ( x _ 4 , Emma ) AND like . theme ( x _ 4 , x _ 2 )	elips_RNR_in_dist
Aria ate and Emma poked Riley .	eat . agent ( x _ 0 , Aria ) AND eat . theme ( x _ 0 , Riley ) AND poke . agent ( x _ 1 , Emma ) AND poke . theme ( x _ 1 , Riley )	elips_RNR_in_dist
Jack helped and Zoey liked the girl .	* girl ( x _ 1 ) ; help . agent ( x _ 2 , Jack ) AND help . theme ( x _ 2 , x _ 1 ) AND like . agent ( x _ 3 , Zoey ) AND like . theme ( x _ 3 , x _ 1 )	elips_RNR_in_dist
A girl packed and Emma liked Penelope .	girl ( x _ 0 ) AND pack . agent ( x _ 1 , x _ 0 ) AND pack . theme ( x _ 1 , Penelope ) AND like . agent ( x _ 2 , Emma ) AND like . theme ( x _ 2 , Penelope )	elips_RNR_in_dist
Liam drew and Sophia found the child .	* child ( x _ 1 ) ; draw . agent ( x _ 2 , Liam ) AND draw . theme ( x _ 2 , x _ 1 ) AND find . agent ( x _ 3 , Sophia ) AND find . theme ( x _ 3 , x _ 1 )	elips_RNR_in_dist
Olivia found and Zoey worshipped the girl .	* girl ( x _ 1 ) ; find . agent ( x _ 2 , Olivia ) AND find . theme ( x _ 2 , x _ 1 ) AND worship . agent ( x _ 3 , Zoey ) AND worship . theme ( x _ 3 , x _ 1 )	elips_RNR_in_dist
Hannah drew and a girl discovered Dylan .	girl ( x _ 0 ) AND draw . agent ( x _ 1 , Hannah ) AND draw . theme ( x _ 1 , Dylan ) AND discover . agent ( x _ 2 , x _ 0 ) AND discover . theme ( x _ 2 , Dylan )	elips_RNR_in_dist
The cat sketched and Charlotte helped a girl .	* cat ( x _ 0 ) ; girl ( x _ 2 ) AND sketch . agent ( x _ 3 , x _ 0 ) AND sketch . theme ( x _ 3 , x _ 2 ) AND help . agent ( x _ 4 , Charlotte ) AND help . theme ( x _ 4 , x _ 2 )	elips_RNR_in_dist
The deer held and a cat liked Grayson .	* deer ( x _ 0 ) ; cat ( x _ 1 ) AND hold . agent ( x _ 2 , x _ 0 ) AND hold . theme ( x _ 2 , Grayson ) AND like . agent ( x _ 3 , x _ 1 ) AND like . theme ( x _ 3 , Grayson )	elips_RNR_in_dist
Liam liked and Emma admired Luke .	like . agent ( x _ 0 , Liam ) AND like . theme ( x _ 0 , Luke ) AND admire . agent ( x _ 1 , Emma ) AND admire . theme ( x _ 1 , Luke )	elips_RNR_in_dist
A dog investigated and the driver liked John .	* driver ( x _ 1 ) ; dog ( x _ 0 ) AND investigate . agent ( x _ 2 , x _ 0 ) AND investigate . theme ( x _ 2 , John ) AND like . agent ( x _ 3 , x _ 1 ) AND like . theme ( x _ 3 , John )	elips_RNR_in_dist
The girl painted and Emma liked Eleanor .	* girl ( x _ 0 ) ; paint . agent ( x _ 1 , x _ 0 ) AND paint . theme ( x _ 1 , Eleanor ) AND like . agent ( x _ 2 , Emma ) AND like . theme ( x _ 2 , Eleanor )	elips_RNR_in_dist
Mason ate and a sheep loved Penelope .	sheep ( x _ 0 ) AND eat . agent ( x _ 1 , Mason ) AND eat . theme ( x _ 1 , Penelope ) AND love . agent ( x _ 2 , x _ 0 ) AND love . theme ( x _ 2 , Penelope )	elips_RNR_in_dist
The lion ate and Amelia liked Layla .	* lion ( x _ 0 ) ; eat . agent ( x _ 1 , x _ 0 ) AND eat . theme ( x _ 1 , Layla ) AND like . agent ( x _ 2 , Amelia ) AND like . theme ( x _ 2 , Layla )	elips_RNR_in_dist
Dylan respected and the hen liked Lily .	* hen ( x _ 0 ) ; respect . agent ( x _ 1 , Dylan ) AND respect . theme ( x _ 1 , Lily ) AND like . agent ( x _ 2 , x _ 0 ) AND like . theme ( x _ 2 , Lily )	elips_RNR_in_dist
Chloe dusted and Emma tolerated the girl .	* girl ( x _ 1 ) ; dust . agent ( x _ 2 , Chloe ) AND dust . theme ( x _ 2 , x _ 1 ) AND tolerate . agent ( x _ 3 , Emma ) AND tolerate . theme ( x _ 3 , x _ 1 )	elips_RNR_in_dist
The cow ate and Liam found Layla .	* cow ( x _ 0 ) ; eat . agent ( x _ 1 , x _ 0 ) AND eat . theme ( x _ 1 , Layla ) AND find . agent ( x _ 2 , Liam ) AND find . theme ( x _ 2 , Layla )	elips_RNR_in_dist
Emma poked and Mila liked Penelope .	poke . agent ( x _ 0 , Emma ) AND poke . theme ( x _ 0 , Penelope ) AND like . agent ( x _ 1 , Mila ) AND like . theme ( x _ 1 , Penelope )	elips_RNR_in_dist
Ava liked and a boy pierced Jack .	boy ( x _ 0 ) AND like . agent ( x _ 1 , Ava ) AND like . theme ( x _ 1 , Jack ) AND pierce . agent ( x _ 2 , x _ 0 ) AND pierce . theme ( x _ 2 , Jack )	elips_RNR_in_dist
The baby ate and Emma liked a girl .	* baby ( x _ 0 ) ; girl ( x _ 2 ) AND eat . agent ( x _ 3 , x _ 0 ) AND eat . theme ( x _ 3 , x _ 2 ) AND like . agent ( x _ 4 , Emma ) AND like . theme ( x _ 4 , x _ 2 )	elips_RNR_in_dist
Jack threw and Noah pierced Mateo .	throw . agent ( x _ 0 , Jack ) AND throw . theme ( x _ 0 , Mateo ) AND pierce . agent ( x _ 1 , Noah ) AND pierce . theme ( x _ 1 , Mateo )	elips_RNR_in_dist
Emma pierced and Joshua helped a boy .	boy ( x _ 1 ) AND pierce . agent ( x _ 2 , Emma ) AND pierce . theme ( x _ 2 , x _ 1 ) AND help . agent ( x _ 3 , Joshua ) AND help . theme ( x _ 3 , x _ 1 )	elips_RNR_in_dist
Emma helped and Liam liked John .	help . agent ( x _ 0 , Emma ) AND help . theme ( x _ 0 , John ) AND like . agent ( x _ 1 , Liam ) AND like . theme ( x _ 1 , John )	elips_RNR_in_dist
The dog painted and Jaxon liked a tiger .	* dog ( x _ 0 ) ; tiger ( x _ 2 ) AND paint . agent ( x _ 3 , x _ 0 ) AND paint . theme ( x _ 3 , x _ 2 ) AND like . agent ( x _ 4 , Jaxon ) AND like . theme ( x _ 4 , x _ 2 )	elips_RNR_in_dist
A child liked and Mila liked the girl .	* girl ( x _ 2 ) ; child ( x _ 0 ) AND like . agent ( x _ 3 , x _ 0 ) AND like . theme ( x _ 3 , x _ 2 ) AND like . agent ( x _ 4 , Mila ) AND like . theme ( x _ 4 , x _ 2 )	elips_RNR_in_dist
A moose loved and the girl admired a monster .	* girl ( x _ 2 ) ; moose ( x _ 0 ) AND monster ( x _ 3 ) AND love . agent ( x _ 4 , x _ 0 ) AND love . theme ( x _ 4 , x _ 3 ) AND admire . agent ( x _ 5 , x _ 2 ) AND admire . theme ( x _ 5 , x _ 3 )	elips_RNR_in_dist
Liam ate and the girl admired the giraffe .	* giraffe ( x _ 2 ) ; * girl ( x _ 1 ) ; eat . agent ( x _ 3 , Liam ) AND eat . theme ( x _ 3 , x _ 2 ) AND admire . agent ( x _ 4 , x _ 1 ) AND admire . theme ( x _ 4 , x _ 2 )	elips_RNR_in_dist
Emma adored and Olivia helped Addison .	adore . agent ( x _ 0 , Emma ) AND adore . theme ( x _ 0 , Addison ) AND help . agent ( x _ 1 , Olivia ) AND help . theme ( x _ 1 , Addison )	elips_RNR_in_dist
A girl worshipped and Emma held Bella .	girl ( x _ 0 ) AND worship . agent ( x _ 1 , x _ 0 ) AND worship . theme ( x _ 1 , Bella ) AND hold . agent ( x _ 2 , Emma ) AND hold . theme ( x _ 2 , Bella )	elips_RNR_in_dist
Oliver worshipped and the dog liked Violet .	* dog ( x _ 0 ) ; worship . agent ( x _ 1 , Oliver ) AND worship . theme ( x _ 1 , Violet ) AND like . agent ( x _ 2 , x _ 0 ) AND like . theme ( x _ 2 , Violet )	elips_RNR_in_dist
Mila ate and Charlotte appreciated the bunny .	* bunny ( x _ 1 ) ; eat . agent ( x _ 2 , Mila ) AND eat . theme ( x _ 2 , x _ 1 ) AND appreciate . agent ( x _ 3 , Charlotte ) AND appreciate . theme ( x _ 3 , x _ 1 )	elips_RNR_in_dist
Emma juggled and a girl liked Jack .	girl ( x _ 0 ) AND juggle . agent ( x _ 1 , Emma ) AND juggle . theme ( x _ 1 , Jack ) AND like . agent ( x _ 2 , x _ 0 ) AND like . theme ( x _ 2 , Jack )	elips_RNR_in_dist
Emma ate and Elijah liked Layla .	eat . agent ( x _ 0 , Emma ) AND eat . theme ( x _ 0 , Layla ) AND like . agent ( x _ 1 , Elijah ) AND like . theme ( x _ 1 , Layla )	elips_RNR_in_dist
A turtle painted and a mouse poked the girl .	* girl ( x _ 3 ) ; turtle ( x _ 0 ) AND mouse ( x _ 2 ) AND paint . agent ( x _ 4 , x _ 0 ) AND paint . theme ( x _ 4 , x _ 3 ) AND poke . agent ( x _ 5 , x _ 2 ) AND poke . theme ( x _ 5 , x _ 3 )	elips_RNR_in_dist
A baby missed and a sailor respected Lillian .	baby ( x _ 0 ) AND sailor ( x _ 1 ) AND miss . agent ( x _ 2 , x _ 0 ) AND miss . theme ( x _ 2 , Lillian ) AND respect . agent ( x _ 3 , x _ 1 ) AND respect . theme ( x _ 3 , Lillian )	elips_RNR_in_dist
Noah liked and a crocodile adored Jack .	crocodile ( x _ 0 ) AND like . agent ( x _ 1 , Noah ) AND like . theme ( x _ 1 , Jack ) AND adore . agent ( x _ 2 , x _ 0 ) AND adore . theme ( x _ 2 , Jack )	elips_RNR_in_dist
A monkey painted and a girl liked a horse .	monkey ( x _ 0 ) AND horse ( x _ 3 ) AND girl ( x _ 2 ) AND paint . agent ( x _ 4 , x _ 0 ) AND paint . theme ( x _ 4 , x _ 3 ) AND like . agent ( x _ 5 , x _ 2 ) AND like . theme ( x _ 5 , x _ 3 )	elips_RNR_in_dist
The girl liked and Gabriel liked Nora .	* girl ( x _ 0 ) ; like . agent ( x _ 1 , x _ 0 ) AND like . theme ( x _ 1 , Nora ) AND like . agent ( x _ 2 , Gabriel ) AND like . theme ( x _ 2 , Nora )	elips_RNR_in_dist
Emma stabbed and Abigail liked the girl .	* girl ( x _ 1 ) ; stab . agent ( x _ 2 , Emma ) AND stab . theme ( x _ 2 , x _ 1 ) AND like . agent ( x _ 3 , Abigail ) AND like . theme ( x _ 3 , x _ 1 )	elips_RNR_in_dist
The boy worshipped and Isabella touched a dog .	* boy ( x _ 0 ) ; dog ( x _ 2 ) AND worship . agent ( x _ 3 , x _ 0 ) AND worship . theme ( x _ 3 , x _ 2 ) AND touch . agent ( x _ 4 , Isabella ) AND touch . theme ( x _ 4 , x _ 2 )	elips_RNR_in_dist
The teacher loved and a cat liked Layla .	* teacher ( x _ 0 ) ; cat ( x _ 1 ) AND love . agent ( x _ 2 , x _ 0 ) AND love . theme ( x _ 2 , Layla ) AND like . agent ( x _ 3 , x _ 1 ) AND like . theme ( x _ 3 , Layla )	elips_RNR_in_dist
The baby drew and the boy liked the girl .	* baby ( x _ 0 ) ; * girl ( x _ 3 ) ; * boy ( x _ 2 ) ; draw . agent ( x _ 4 , x _ 0 ) AND draw . theme ( x _ 4 , x _ 3 ) AND like . agent ( x _ 5 , x _ 2 ) AND like . theme ( x _ 5 , x _ 3 )	elips_RNR_in_dist
Noah worshipped and the teacher helped Eleanor .	* teacher ( x _ 0 ) ; worship . agent ( x _ 1 , Noah ) AND worship . theme ( x _ 1 , Eleanor ) AND help . agent ( x _ 2 , x _ 0 ) AND help . theme ( x _ 2 , Eleanor )	elips_RNR_in_dist
The monkey liked and the boy liked Savannah .	* monkey ( x _ 0 ) ; * boy ( x _ 1 ) ; like . agent ( x _ 2 , x _ 0 ) AND like . theme ( x _ 2 , Savannah ) AND like . agent ( x _ 3 , x _ 1 ) AND like . theme ( x _ 3 , Savannah )	elips_RNR_in_dist
The girl liked and the cat liked a monkey .	* girl ( x _ 0 ) ; * cat ( x _ 2 ) ; monkey ( x _ 3 ) AND like . agent ( x _ 4 , x _ 0 ) AND like . theme ( x _ 4 , x _ 3 ) AND like . agent ( x _ 5 , x _ 2 ) AND like . theme ( x _ 5 , x _ 3 )	elips_RNR_in_dist
A girl worshipped and Dylan helped the father .	* father ( x _ 2 ) ; girl ( x _ 0 ) AND worship . agent ( x _ 3 , x _ 0 ) AND worship . theme ( x _ 3 , x _ 2 ) AND help . agent ( x _ 4 , Dylan ) AND help . theme ( x _ 4 , x _ 2 )	elips_RNR_in_dist
Sebastian adored and Emma liked Wyatt .	adore . agent ( x _ 0 , Sebastian ) AND adore . theme ( x _ 0 , Wyatt ) AND like . agent ( x _ 1 , Emma ) AND like . theme ( x _ 1 , Wyatt )	elips_RNR_in_dist
Noah ate and Emma liked Layla .	eat . agent ( x _ 0 , Noah ) AND eat . theme ( x _ 0 , Layla ) AND like . agent ( x _ 1 , Emma ) AND like . theme ( x _ 1 , Layla )	elips_RNR_in_dist
Daniel ate and Ava liked Riley .	eat . agent ( x _ 0 , Daniel ) AND eat . theme ( x _ 0 , Riley ) AND like . agent ( x _ 1 , Ava ) AND like . theme ( x _ 1 , Riley )	elips_RNR_in_dist
Emma juggled and Olivia found Audrey .	juggle . agent ( x _ 0 , Emma ) AND juggle . theme ( x _ 0 , Audrey ) AND find . agent ( x _ 1 , Olivia ) AND find . theme ( x _ 1 , Audrey )	elips_RNR_in_dist
Noah loved and a frog loved Penelope .	frog ( x _ 0 ) AND love . agent ( x _ 1 , Noah ) AND love . theme ( x _ 1 , Penelope ) AND love . agent ( x _ 2 , x _ 0 ) AND love . theme ( x _ 2 , Penelope )	elips_RNR_in_dist
Olivia investigated and a moose loved Wyatt .	moose ( x _ 0 ) AND investigate . agent ( x _ 1 , Olivia ) AND investigate . theme ( x _ 1 , Wyatt ) AND love . agent ( x _ 2 , x _ 0 ) AND love . theme ( x _ 2 , Wyatt )	elips_RNR_in_dist
The duck discovered and the scientist threw a girl .	* duck ( x _ 0 ) ; * scientist ( x _ 2 ) ; girl ( x _ 3 ) AND discover . agent ( x _ 4 , x _ 0 ) AND discover . theme ( x _ 4 , x _ 3 ) AND throw . agent ( x _ 5 , x _ 2 ) AND throw . theme ( x _ 5 , x _ 3 )	elips_RNR_in_dist
The creature helped and Liam liked the girl .	* creature ( x _ 0 ) ; * girl ( x _ 2 ) ; help . agent ( x _ 3 , x _ 0 ) AND help . theme ( x _ 3 , x _ 2 ) AND like . agent ( x _ 4 , Liam ) AND like . theme ( x _ 4 , x _ 2 )	elips_RNR_in_dist
James found and Emma found Violet .	find . agent ( x _ 0 , James ) AND find . theme ( x _ 0 , Violet ) AND find . agent ( x _ 1 , Emma ) AND find . theme ( x _ 1 , Violet )	elips_RNR_in_dist
The girl liked and Levi admired Wyatt .	* girl ( x _ 0 ) ; like . agent ( x _ 1 , x _ 0 ) AND like . theme ( x _ 1 , Wyatt ) AND admire . agent ( x _ 2 , Levi ) AND admire . theme ( x _ 2 , Wyatt )	elips_RNR_in_dist
Lucas threw and Liam liked Layla .	throw . agent ( x _ 0 , Lucas ) AND throw . theme ( x _ 0 , Layla ) AND like . agent ( x _ 1 , Liam ) AND like . theme ( x _ 1 , Layla )	elips_RNR_in_dist
The fly found and the baby found Penelope .	* fly ( x _ 0 ) ; * baby ( x _ 1 ) ; find . agent ( x _ 2 , x _ 0 ) AND find . theme ( x _ 2 , Penelope ) AND find . agent ( x _ 3 , x _ 1 ) AND find . theme ( x _ 3 , Penelope )	elips_RNR_in_dist
A girl admired and James helped Dylan .	girl ( x _ 0 ) AND admire . agent ( x _ 1 , x _ 0 ) AND admire . theme ( x _ 1 , Dylan ) AND help . agent ( x _ 2 , James ) AND help . theme ( x _ 2 , Dylan )	elips_RNR_in_dist
Oliver liked and Liam discovered Wyatt .	like . agent ( x _ 0 , Oliver ) AND like . theme ( x _ 0 , Wyatt ) AND discover . agent ( x _ 1 , Liam ) AND discover . theme ( x _ 1 , Wyatt )	elips_RNR_in_dist
The dog liked and Emma liked the girl .	* dog ( x _ 0 ) ; * girl ( x _ 2 ) ; like . agent ( x _ 3 , x _ 0 ) AND like . theme ( x _ 3 , x _ 2 ) AND like . agent ( x _ 4 , Emma ) AND like . theme ( x _ 4 , x _ 2 )	elips_RNR_in_dist
The bear observed and Aubrey respected Penelope .	* bear ( x _ 0 ) ; observe . agent ( x _ 1 , x _ 0 ) AND observe . theme ( x _ 1 , Penelope ) AND respect . agent ( x _ 2 , Aubrey ) AND respect . theme ( x _ 2 , Penelope )	elips_RNR_in_dist
The girl ate and Liam adored John .	* girl ( x _ 0 ) ; eat . agent ( x _ 1 , x _ 0 ) AND eat . theme ( x _ 1 , John ) AND adore . agent ( x _ 2 , Liam ) AND adore . theme ( x _ 2 , John )	elips_RNR_in_dist
The poet dusted and a girl found Julian .	* poet ( x _ 0 ) ; girl ( x _ 1 ) AND dust . agent ( x _ 2 , x _ 0 ) AND dust . theme ( x _ 2 , Julian ) AND find . agent ( x _ 3 , x _ 1 ) AND find . theme ( x _ 3 , Julian )	elips_RNR_in_dist
The visitor saw and Liam pierced a donkey .	* visitor ( x _ 0 ) ; donkey ( x _ 2 ) AND see . agent ( x _ 3 , x _ 0 ) AND see . theme ( x _ 3 , x _ 2 ) AND pierce . agent ( x _ 4 , Liam ) AND pierce . theme ( x _ 4 , x _ 2 )	elips_RNR_in_dist
Emma dusted and the resident found Penelope .	* resident ( x _ 0 ) ; dust . agent ( x _ 1 , Emma ) AND dust . theme ( x _ 1 , Penelope ) AND find . agent ( x _ 2 , x _ 0 ) AND find . theme ( x _ 2 , Penelope )	elips_RNR_in_dist
Olivia painted and the baby threw Layla .	* baby ( x _ 0 ) ; paint . agent ( x _ 1 , Olivia ) AND paint . theme ( x _ 1 , Layla ) AND throw . agent ( x _ 2 , x _ 0 ) AND throw . theme ( x _ 2 , Layla )	elips_RNR_in_dist
Aubrey tolerated and a boy found Riley .	boy ( x _ 0 ) AND tolerate . agent ( x _ 1 , Aubrey ) AND tolerate . theme ( x _ 1 , Riley ) AND find . agent ( x _ 2 , x _ 0 ) AND find . theme ( x _ 2 , Riley )	elips_RNR_in_dist
Emma studied and the boy appreciated Lillian .	* boy ( x _ 0 ) ; study . agent ( x _ 1 , Emma ) AND study . theme ( x _ 1 , Lillian ) AND appreciate . agent ( x _ 2 , x _ 0 ) AND appreciate . theme ( x _ 2 , Lillian )	elips_RNR_in_dist
The girl painted and Amelia tossed Layla .	* girl ( x _ 0 ) ; paint . agent ( x _ 1 , x _ 0 ) AND paint . theme ( x _ 1 , Layla ) AND toss . agent ( x _ 2 , Amelia ) AND toss . theme ( x _ 2 , Layla )	elips_RNR_in_dist
William pierced and a monkey helped a baby .	baby ( x _ 2 ) AND monkey ( x _ 1 ) AND pierce . agent ( x _ 3 , William ) AND pierce . theme ( x _ 3 , x _ 2 ) AND help . agent ( x _ 4 , x _ 1 ) AND help . theme ( x _ 4 , x _ 2 )	elips_RNR_in_dist
Emma painted and the girl poked Penelope .	* girl ( x _ 0 ) ; paint . agent ( x _ 1 , Emma ) AND paint . theme ( x _ 1 , Penelope ) AND poke . agent ( x _ 2 , x _ 0 ) AND poke . theme ( x _ 2 , Penelope )	elips_RNR_in_dist
Emma liked and the girl stabbed a dog .	* girl ( x _ 1 ) ; dog ( x _ 2 ) AND like . agent ( x _ 3 , Emma ) AND like . theme ( x _ 3 , x _ 2 ) AND stab . agent ( x _ 4 , x _ 1 ) AND stab . theme ( x _ 4 , x _ 2 )	elips_RNR_in_dist
The lion loved and Emma stabbed the kid .	* lion ( x _ 0 ) ; * kid ( x _ 2 ) ; love . agent ( x _ 3 , x _ 0 ) AND love . theme ( x _ 3 , x _ 2 ) AND stab . agent ( x _ 4 , Emma ) AND stab . theme ( x _ 4 , x _ 2 )	elips_RNR_in_dist
The boy ate and the teacher helped Jaxon .	* boy ( x _ 0 ) ; * teacher ( x _ 1 ) ; eat . agent ( x _ 2 , x _ 0 ) AND eat . theme ( x _ 2 , Jaxon ) AND help . agent ( x _ 3 , x _ 1 ) AND help . theme ( x _ 3 , Jaxon )	elips_RNR_in_dist
Amelia threw and a girl poked Aubrey .	girl ( x _ 0 ) AND throw . agent ( x _ 1 , Amelia ) AND throw . theme ( x _ 1 , Aubrey ) AND poke . agent ( x _ 2 , x _ 0 ) AND poke . theme ( x _ 2 , Aubrey )	elips_RNR_in_dist
A dog liked and the girl liked Riley .	* girl ( x _ 1 ) ; dog ( x _ 0 ) AND like . agent ( x _ 2 , x _ 0 ) AND like . theme ( x _ 2 , Riley ) AND like . agent ( x _ 3 , x _ 1 ) AND like . theme ( x _ 3 , Riley )	elips_RNR_in_dist
Lily ate and the boy liked Layla .	* boy ( x _ 0 ) ; eat . agent ( x _ 1 , Lily ) AND eat . theme ( x _ 1 , Layla ) AND like . agent ( x _ 2 , x _ 0 ) AND like . theme ( x _ 2 , Layla )	elips_RNR_in_dist
A boy studied and a guest liked a goose .	boy ( x _ 0 ) AND goose ( x _ 3 ) AND guest ( x _ 2 ) AND study . agent ( x _ 4 , x _ 0 ) AND study . theme ( x _ 4 , x _ 3 ) AND like . agent ( x _ 5 , x _ 2 ) AND like . theme ( x _ 5 , x _ 3 )	elips_RNR_in_dist
The fly painted and Emma loved Audrey .	* fly ( x _ 0 ) ; paint . agent ( x _ 1 , x _ 0 ) AND paint . theme ( x _ 1 , Audrey ) AND love . agent ( x _ 2 , Emma ) AND love . theme ( x _ 2 , Audrey )	elips_RNR_in_dist
The monkey ate and Emma loved a boy .	* monkey ( x _ 0 ) ; boy ( x _ 2 ) AND eat . agent ( x _ 3 , x _ 0 ) AND eat . theme ( x _ 3 , x _ 2 ) AND love . agent ( x _ 4 , Emma ) AND love . theme ( x _ 4 , x _ 2 )	elips_RNR_in_dist
Emma nursed and the cat valued Wyatt .	* cat ( x _ 0 ) ; nurse . agent ( x _ 1 , Emma ) AND nurse . theme ( x _ 1 , Wyatt ) AND value . agent ( x _ 2 , x _ 0 ) AND value . theme ( x _ 2 , Wyatt )	elips_RNR_in_dist
The girl liked and Olivia helped a boy .	* girl ( x _ 0 ) ; boy ( x _ 2 ) AND like . agent ( x _ 3 , x _ 0 ) AND like . theme ( x _ 3 , x _ 2 ) AND help . agent ( x _ 4 , Olivia ) AND help . theme ( x _ 4 , x _ 2 )	elips_RNR_in_dist
Noah missed and a hero discovered Penelope .	hero ( x _ 0 ) AND miss . agent ( x _ 1 , Noah ) AND miss . theme ( x _ 1 , Penelope ) AND discover . agent ( x _ 2 , x _ 0 ) AND discover . theme ( x _ 2 , Penelope )	elips_RNR_in_dist
Alexander liked and Emma admired the monkey .	* monkey ( x _ 1 ) ; like . agent ( x _ 2 , Alexander ) AND like . theme ( x _ 2 , x _ 1 ) AND admire . agent ( x _ 3 , Emma ) AND admire . theme ( x _ 3 , x _ 1 )	elips_RNR_in_dist
A girl stabbed and the customer appreciated the chicken .	* chicken ( x _ 3 ) ; * customer ( x _ 2 ) ; girl ( x _ 0 ) AND stab . agent ( x _ 4 , x _ 0 ) AND stab . theme ( x _ 4 , x _ 3 ) AND appreciate . agent ( x _ 5 , x _ 2 ) AND appreciate . theme ( x _ 5 , x _ 3 )	elips_RNR_in_dist
Camila liked and Emma discovered Penelope .	like . agent ( x _ 0 , Camila ) AND like . theme ( x _ 0 , Penelope ) AND discover . agent ( x _ 1 , Emma ) AND discover . theme ( x _ 1 , Penelope )	elips_RNR_in_dist
Olivia ate and Emma threw the girl .	* girl ( x _ 1 ) ; eat . agent ( x _ 2 , Olivia ) AND eat . theme ( x _ 2 , x _ 1 ) AND throw . agent ( x _ 3 , Emma ) AND throw . theme ( x _ 3 , x _ 1 )	elips_RNR_in_dist
The student poked and Noah pierced John .	* student ( x _ 0 ) ; poke . agent ( x _ 1 , x _ 0 ) AND poke . theme ( x _ 1 , John ) AND pierce . agent ( x _ 2 , Noah ) AND pierce . theme ( x _ 2 , John )	elips_RNR_in_dist
A dog ate and Emma worshipped a boy .	dog ( x _ 0 ) AND boy ( x _ 2 ) AND eat . agent ( x _ 3 , x _ 0 ) AND eat . theme ( x _ 3 , x _ 2 ) AND worship . agent ( x _ 4 , Emma ) AND worship . theme ( x _ 4 , x _ 2 )	elips_RNR_in_dist
A boy helped and a girl adored Wyatt .	boy ( x _ 0 ) AND girl ( x _ 1 ) AND help . agent ( x _ 2 , x _ 0 ) AND help . theme ( x _ 2 , Wyatt ) AND adore . agent ( x _ 3 , x _ 1 ) AND adore . theme ( x _ 3 , Wyatt )	elips_RNR_in_dist
Ava helped and a bunny helped the girl .	* girl ( x _ 2 ) ; bunny ( x _ 1 ) AND help . agent ( x _ 3 , Ava ) AND help . theme ( x _ 3 , x _ 2 ) AND help . agent ( x _ 4 , x _ 1 ) AND help . theme ( x _ 4 , x _ 2 )	elips_RNR_in_dist
Hannah found and the horse liked the donkey .	* donkey ( x _ 2 ) ; * horse ( x _ 1 ) ; find . agent ( x _ 3 , Hannah ) AND find . theme ( x _ 3 , x _ 2 ) AND like . agent ( x _ 4 , x _ 1 ) AND like . theme ( x _ 4 , x _ 2 )	elips_RNR_in_dist
A guard missed and the hero threw Wyatt .	* hero ( x _ 1 ) ; guard ( x _ 0 ) AND miss . agent ( x _ 2 , x _ 0 ) AND miss . theme ( x _ 2 , Wyatt ) AND throw . agent ( x _ 3 , x _ 1 ) AND throw . theme ( x _ 3 , Wyatt )	elips_RNR_in_dist
William ate and the chicken loved the teacher .	* teacher ( x _ 2 ) ; * chicken ( x _ 1 ) ; eat . agent ( x _ 3 , William ) AND eat . theme ( x _ 3 , x _ 2 ) AND love . agent ( x _ 4 , x _ 1 ) AND love . theme ( x _ 4 , x _ 2 )	elips_RNR_in_dist
A cat adored and a mouse adored the boy .	* boy ( x _ 3 ) ; cat ( x _ 0 ) AND mouse ( x _ 2 ) AND adore . agent ( x _ 4 , x _ 0 ) AND adore . theme ( x _ 4 , x _ 3 ) AND adore . agent ( x _ 5 , x _ 2 ) AND adore . theme ( x _ 5 , x _ 3 )	elips_RNR_in_dist
Oliver sketched and the lawyer admired Penelope .	* lawyer ( x _ 0 ) ; sketch . agent ( x _ 1 , Oliver ) AND sketch . theme ( x _ 1 , Penelope ) AND admire . agent ( x _ 2 , x _ 0 ) AND admire . theme ( x _ 2 , Penelope )	elips_RNR_in_dist
Ava liked and Liam adored a duck .	duck ( x _ 1 ) AND like . agent ( x _ 2 , Ava ) AND like . theme ( x _ 2 , x _ 1 ) AND adore . agent ( x _ 3 , Liam ) AND adore . theme ( x _ 3 , x _ 1 )	elips_RNR_in_dist
Isabella observed and a baby helped Penelope .	baby ( x _ 0 ) AND observe . agent ( x _ 1 , Isabella ) AND observe . theme ( x _ 1 , Penelope ) AND help . agent ( x _ 2 , x _ 0 ) AND help . theme ( x _ 2 , Penelope )	elips_RNR_in_dist
A girl liked and the cat liked John .	* cat ( x _ 1 ) ; girl ( x _ 0 ) AND like . agent ( x _ 2 , x _ 0 ) AND like . theme ( x _ 2 , John ) AND like . agent ( x _ 3 , x _ 1 ) AND like . theme ( x _ 3 , John )	elips_RNR_in_dist
Emma found and the deer liked a student .	* deer ( x _ 1 ) ; student ( x _ 2 ) AND find . agent ( x _ 3 , Emma ) AND find . theme ( x _ 3 , x _ 2 ) AND like . agent ( x _ 4 , x _ 1 ) AND like . theme ( x _ 4 , x _ 2 )	elips_RNR_in_dist
The girl liked and a hero found Jack .	* girl ( x _ 0 ) ; hero ( x _ 1 ) AND like . agent ( x _ 2 , x _ 0 ) AND like . theme ( x _ 2 , Jack ) AND find . agent ( x _ 3 , x _ 1 ) AND find . theme ( x _ 3 , Jack )	elips_RNR_in_dist
Isabella tolerated and a student helped Riley .	student ( x _ 0 ) AND tolerate . agent ( x _ 1 , Isabella ) AND tolerate . theme ( x _ 1 , Riley ) AND help . agent ( x _ 2 , x _ 0 ) AND help . theme ( x _ 2 , Riley )	elips_RNR_in_dist
Emma liked and Olivia liked a cat .	cat ( x _ 1 ) AND like . agent ( x _ 2 , Emma ) AND like . theme ( x _ 2 , x _ 1 ) AND like . agent ( x _ 3 , Olivia ) AND like . theme ( x _ 3 , x _ 1 )	elips_RNR_in_dist
A girl liked and a friend tolerated a dog .	girl ( x _ 0 ) AND dog ( x _ 3 ) AND friend ( x _ 2 ) AND like . agent ( x _ 4 , x _ 0 ) AND like . theme ( x _ 4 , x _ 3 ) AND tolerate . agent ( x _ 5 , x _ 2 ) AND tolerate . theme ( x _ 5 , x _ 3 )	elips_RNR_in_dist
Liam found and Emma helped Penelope .	find . agent ( x _ 0 , Liam ) AND find . theme ( x _ 0 , Penelope ) AND help . agent ( x _ 1 , Emma ) AND help . theme ( x _ 1 , Penelope )	elips_RNR_in_dist
A girl respected and Emma stabbed Penelope .	girl ( x _ 0 ) AND respect . agent ( x _ 1 , x _ 0 ) AND respect . theme ( x _ 1 , Penelope ) AND stab . agent ( x _ 2 , Emma ) AND stab . theme ( x _ 2 , Penelope )	elips_RNR_in_dist
Emma liked and the boy found Riley .	* boy ( x _ 0 ) ; like . agent ( x _ 1 , Emma ) AND like . theme ( x _ 1 , Riley ) AND find . agent ( x _ 2 , x _ 0 ) AND find . theme ( x _ 2 , Riley )	elips_RNR_in_dist
The lion stabbed and Emma liked Gabriel .	* lion ( x _ 0 ) ; stab . agent ( x _ 1 , x _ 0 ) AND stab . theme ( x _ 1 , Gabriel ) AND like . agent ( x _ 2 , Emma ) AND like . theme ( x _ 2 , Gabriel )	elips_RNR_in_dist
The lamb liked and Jacob pierced Jack .	* lamb ( x _ 0 ) ; like . agent ( x _ 1 , x _ 0 ) AND like . theme ( x _ 1 , Jack ) AND pierce . agent ( x _ 2 , Jacob ) AND pierce . theme ( x _ 2 , Jack )	elips_RNR_in_dist
The girl liked and a boy held the dog .	* girl ( x _ 0 ) ; * dog ( x _ 3 ) ; boy ( x _ 2 ) AND like . agent ( x _ 4 , x _ 0 ) AND like . theme ( x _ 4 , x _ 3 ) AND hold . agent ( x _ 5 , x _ 2 ) AND hold . theme ( x _ 5 , x _ 3 )	elips_RNR_in_dist
A bear ate and Matthew adored Riley .	bear ( x _ 0 ) AND eat . agent ( x _ 1 , x _ 0 ) AND eat . theme ( x _ 1 , Riley ) AND adore . agent ( x _ 2 , Matthew ) AND adore . theme ( x _ 2 , Riley )	elips_RNR_in_dist
The mouse found and Amelia helped Luke .	* mouse ( x _ 0 ) ; find . agent ( x _ 1 , x _ 0 ) AND find . theme ( x _ 1 , Luke ) AND help . agent ( x _ 2 , Amelia ) AND help . theme ( x _ 2 , Luke )	elips_RNR_in_dist
A creature liked and Noah adored Penelope .	creature ( x _ 0 ) AND like . agent ( x _ 1 , x _ 0 ) AND like . theme ( x _ 1 , Penelope ) AND adore . agent ( x _ 2 , Noah ) AND adore . theme ( x _ 2 , Penelope )	elips_RNR_in_dist
Liam appreciated and Levi liked Lily .	appreciate . agent ( x _ 0 , Liam ) AND appreciate . theme ( x _ 0 , Lily ) AND like . agent ( x _ 1 , Levi ) AND like . theme ( x _ 1 , Lily )	elips_RNR_in_dist
A girl discovered and Charlotte helped a mouse .	girl ( x _ 0 ) AND mouse ( x _ 2 ) AND discover . agent ( x _ 3 , x _ 0 ) AND discover . theme ( x _ 3 , x _ 2 ) AND help . agent ( x _ 4 , Charlotte ) AND help . theme ( x _ 4 , x _ 2 )	elips_RNR_in_dist
Charlotte liked and Emma adored a manager .	manager ( x _ 1 ) AND like . agent ( x _ 2 , Charlotte ) AND like . theme ( x _ 2 , x _ 1 ) AND adore . agent ( x _ 3 , Emma ) AND adore . theme ( x _ 3 , x _ 1 )	elips_RNR_in_dist
Ava hunted and a girl threw Layla .	girl ( x _ 0 ) AND hunt . agent ( x _ 1 , Ava ) AND hunt . theme ( x _ 1 , Layla ) AND throw . agent ( x _ 2 , x _ 0 ) AND throw . theme ( x _ 2 , Layla )	elips_RNR_in_dist
Emma pierced and the pupil loved Penelope .	* pupil ( x _ 0 ) ; pierce . agent ( x _ 1 , Emma ) AND pierce . theme ( x _ 1 , Penelope ) AND love . agent ( x _ 2 , x _ 0 ) AND love . theme ( x _ 2 , Penelope )	elips_RNR_in_dist
A scientist ate and William admired the girl .	* girl ( x _ 2 ) ; scientist ( x _ 0 ) AND eat . agent ( x _ 3 , x _ 0 ) AND eat . theme ( x _ 3 , x _ 2 ) AND admire . agent ( x _ 4 , William ) AND admire . theme ( x _ 4 , x _ 2 )	elips_RNR_in_dist
The prisoner admired and a girl found the patient .	* prisoner ( x _ 0 ) ; * patient ( x _ 3 ) ; girl ( x _ 2 ) AND admire . agent ( x _ 4 , x _ 0 ) AND admire . theme ( x _ 4 , x _ 3 ) AND find . agent ( x _ 5 , x _ 2 ) AND find . theme ( x _ 5 , x _ 3 )	elips_RNR_in_dist
The giraffe held and William discovered Layla .	* giraffe ( x _ 0 ) ; hold . agent ( x _ 1 , x _ 0 ) AND hold . theme ( x _ 1 , Layla ) AND discover . agent ( x _ 2 , William ) AND discover . theme ( x _ 2 , Layla )	elips_RNR_in_dist
Liam touched and a girl appreciated the boy .	* boy ( x _ 2 ) ; girl ( x _ 1 ) AND touch . agent ( x _ 3 , Liam ) AND touch . theme ( x _ 3 , x _ 2 ) AND appreciate . agent ( x _ 4 , x _ 1 ) AND appreciate . theme ( x _ 4 , x _ 2 )	elips_RNR_in_dist
The president loved and Emma poked Penelope .	* president ( x _ 0 ) ; love . agent ( x _ 1 , x _ 0 ) AND love . theme ( x _ 1 , Penelope ) AND poke . agent ( x _ 2 , Emma ) AND poke . theme ( x _ 2 , Penelope )	elips_RNR_in_dist
The girl painted and Emma liked Penelope .	* girl ( x _ 0 ) ; paint . agent ( x _ 1 , x _ 0 ) AND paint . theme ( x _ 1 , Penelope ) AND like . agent ( x _ 2 , Emma ) AND like . theme ( x _ 2 , Penelope )	elips_RNR_in_dist
The bunny nursed and Sophia held Layla .	* bunny ( x _ 0 ) ; nurse . agent ( x _ 1 , x _ 0 ) AND nurse . theme ( x _ 1 , Layla ) AND hold . agent ( x _ 2 , Sophia ) AND hold . theme ( x _ 2 , Layla )	elips_RNR_in_dist
Layla liked and Emma liked a horse .	horse ( x _ 1 ) AND like . agent ( x _ 2 , Layla ) AND like . theme ( x _ 2 , x _ 1 ) AND like . agent ( x _ 3 , Emma ) AND like . theme ( x _ 3 , x _ 1 )	elips_RNR_in_dist
A girl ate and a cat liked a giraffe .	girl ( x _ 0 ) AND giraffe ( x _ 3 ) AND cat ( x _ 2 ) AND eat . agent ( x _ 4 , x _ 0 ) AND eat . theme ( x _ 4 , x _ 3 ) AND like . agent ( x _ 5 , x _ 2 ) AND like . theme ( x _ 5 , x _ 3 )	elips_RNR_in_dist
Liam painted and the monkey liked Penelope .	* monkey ( x _ 0 ) ; paint . agent ( x _ 1 , Liam ) AND paint . theme ( x _ 1 , Penelope ) AND like . agent ( x _ 2 , x _ 0 ) AND like . theme ( x _ 2 , Penelope )	elips_RNR_in_dist
Emma helped and the hero liked Mateo .	* hero ( x _ 0 ) ; help . agent ( x _ 1 , Emma ) AND help . theme ( x _ 1 , Mateo ) AND like . agent ( x _ 2 , x _ 0 ) AND like . theme ( x _ 2 , Mateo )	elips_RNR_in_dist
Julian valued and the boy liked the cat .	* cat ( x _ 2 ) ; * boy ( x _ 1 ) ; value . agent ( x _ 3 , Julian ) AND value . theme ( x _ 3 , x _ 2 ) AND like . agent ( x _ 4 , x _ 1 ) AND like . theme ( x _ 4 , x _ 2 )	elips_RNR_in_dist
A boy helped and Emma helped the teacher .	* teacher ( x _ 2 ) ; boy ( x _ 0 ) AND help . agent ( x _ 3 , x _ 0 ) AND help . theme ( x _ 3 , x _ 2 ) AND help . agent ( x _ 4 , Emma ) AND help . theme ( x _ 4 , x _ 2 )	elips_RNR_in_dist
Olivia noticed and the cat found Jayden .	* cat ( x _ 0 ) ; notice . agent ( x _ 1 , Olivia ) AND notice . theme ( x _ 1 , Jayden ) AND find . agent ( x _ 2 , x _ 0 ) AND find . theme ( x _ 2 , Jayden )	elips_RNR_in_dist
Emma tolerated and a cat touched Zoey .	cat ( x _ 0 ) AND tolerate . agent ( x _ 1 , Emma ) AND tolerate . theme ( x _ 1 , Zoey ) AND touch . agent ( x _ 2 , x _ 0 ) AND touch . theme ( x _ 2 , Zoey )	elips_RNR_in_dist
A deer cleaned and the girl helped the donkey .	* donkey ( x _ 3 ) ; * girl ( x _ 2 ) ; deer ( x _ 0 ) AND clean . agent ( x _ 4 , x _ 0 ) AND clean . theme ( x _ 4 , x _ 3 ) AND help . agent ( x _ 5 , x _ 2 ) AND help . theme ( x _ 5 , x _ 3 )	elips_RNR_in_dist
The girl liked and a lion found a frog .	* girl ( x _ 0 ) ; frog ( x _ 3 ) AND lion ( x _ 2 ) AND like . agent ( x _ 4 , x _ 0 ) AND like . theme ( x _ 4 , x _ 3 ) AND find . agent ( x _ 5 , x _ 2 ) AND find . theme ( x _ 5 , x _ 3 )	elips_RNR_in_dist
A crocodile liked and the teacher missed Riley .	* teacher ( x _ 1 ) ; crocodile ( x _ 0 ) AND like . agent ( x _ 2 , x _ 0 ) AND like . theme ( x _ 2 , Riley ) AND miss . agent ( x _ 3 , x _ 1 ) AND miss . theme ( x _ 3 , Riley )	elips_RNR_in_dist
A girl adored and Noah threw Layla .	girl ( x _ 0 ) AND adore . agent ( x _ 1 , x _ 0 ) AND adore . theme ( x _ 1 , Layla ) AND throw . agent ( x _ 2 , Noah ) AND throw . theme ( x _ 2 , Layla )	elips_RNR_in_dist
The crocodile ate and the girl liked Zoey .	* crocodile ( x _ 0 ) ; * girl ( x _ 1 ) ; eat . agent ( x _ 2 , x _ 0 ) AND eat . theme ( x _ 2 , Zoey ) AND like . agent ( x _ 3 , x _ 1 ) AND like . theme ( x _ 3 , Zoey )	elips_RNR_in_dist
Liam cooked and Henry found the girl .	* girl ( x _ 1 ) ; cook . agent ( x _ 2 , Liam ) AND cook . theme ( x _ 2 , x _ 1 ) AND find . agent ( x _ 3 , Henry ) AND find . theme ( x _ 3 , x _ 1 )	elips_RNR_in_dist
Oliver liked and a teacher liked Penelope .	teacher ( x _ 0 ) AND like . agent ( x _ 1 , Oliver ) AND like . theme ( x _ 1 , Penelope ) AND like . agent ( x _ 2 , x _ 0 ) AND like . theme ( x _ 2 , Penelope )	elips_RNR_in_dist
The girl packed and Emma stabbed a teacher .	* girl ( x _ 0 ) ; teacher ( x _ 2 ) AND pack . agent ( x _ 3 , x _ 0 ) AND pack . theme ( x _ 3 , x _ 2 ) AND stab . agent ( x _ 4 , Emma ) AND stab . theme ( x _ 4 , x _ 2 )	elips_RNR_in_dist
A monkey threw and Emma found a girl .	monkey ( x _ 0 ) AND girl ( x _ 2 ) AND throw . agent ( x _ 3 , x _ 0 ) AND throw . theme ( x _ 3 , x _ 2 ) AND find . agent ( x _ 4 , Emma ) AND find . theme ( x _ 4 , x _ 2 )	elips_RNR_in_dist
Elizabeth painted and a baby liked Penelope .	baby ( x _ 0 ) AND paint . agent ( x _ 1 , Elizabeth ) AND paint . theme ( x _ 1 , Penelope ) AND like . agent ( x _ 2 , x _ 0 ) AND like . theme ( x _ 2 , Penelope )	elips_RNR_in_dist
The cow loved and Emma tolerated the chicken .	* cow ( x _ 0 ) ; * chicken ( x _ 2 ) ; love . agent ( x _ 3 , x _ 0 ) AND love . theme ( x _ 3 , x _ 2 ) AND tolerate . agent ( x _ 4 , Emma ) AND tolerate . theme ( x _ 4 , x _ 2 )	elips_RNR_in_dist
The girl missed and a prince loved Penelope .	* girl ( x _ 0 ) ; prince ( x _ 1 ) AND miss . agent ( x _ 2 , x _ 0 ) AND miss . theme ( x _ 2 , Penelope ) AND love . agent ( x _ 3 , x _ 1 ) AND love . theme ( x _ 3 , Penelope )	elips_RNR_in_dist
Olivia appreciated and the dog found a cat .	* dog ( x _ 1 ) ; cat ( x _ 2 ) AND appreciate . agent ( x _ 3 , Olivia ) AND appreciate . theme ( x _ 3 , x _ 2 ) AND find . agent ( x _ 4 , x _ 1 ) AND find . theme ( x _ 4 , x _ 2 )	elips_RNR_in_dist
A girl liked and Aiden pierced Penelope .	girl ( x _ 0 ) AND like . agent ( x _ 1 , x _ 0 ) AND like . theme ( x _ 1 , Penelope ) AND pierce . agent ( x _ 2 , Aiden ) AND pierce . theme ( x _ 2 , Penelope )	elips_RNR_in_dist
The monkey stabbed and Emma tossed Luke .	* monkey ( x _ 0 ) ; stab . agent ( x _ 1 , x _ 0 ) AND stab . theme ( x _ 1 , Luke ) AND toss . agent ( x _ 2 , Emma ) AND toss . theme ( x _ 2 , Luke )	elips_RNR_in_dist
Emma saw and the mouse liked Penelope .	* mouse ( x _ 0 ) ; see . agent ( x _ 1 , Emma ) AND see . theme ( x _ 1 , Penelope ) AND like . agent ( x _ 2 , x _ 0 ) AND like . theme ( x _ 2 , Penelope )	elips_RNR_in_dist
A turkey ate and Liam found Luke .	turkey ( x _ 0 ) AND eat . agent ( x _ 1 , x _ 0 ) AND eat . theme ( x _ 1 , Luke ) AND find . agent ( x _ 2 , Liam ) AND find . theme ( x _ 2 , Luke )	elips_RNR_in_dist
Aria held and a girl loved the boy .	* boy ( x _ 2 ) ; girl ( x _ 1 ) AND hold . agent ( x _ 3 , Aria ) AND hold . theme ( x _ 3 , x _ 2 ) AND love . agent ( x _ 4 , x _ 1 ) AND love . theme ( x _ 4 , x _ 2 )	elips_RNR_in_dist
Olivia studied and the girl helped Penelope .	* girl ( x _ 0 ) ; study . agent ( x _ 1 , Olivia ) AND study . theme ( x _ 1 , Penelope ) AND help . agent ( x _ 2 , x _ 0 ) AND help . theme ( x _ 2 , Penelope )	elips_RNR_in_dist
Hannah ate and a girl liked a baby .	baby ( x _ 2 ) AND girl ( x _ 1 ) AND eat . agent ( x _ 3 , Hannah ) AND eat . theme ( x _ 3 , x _ 2 ) AND like . agent ( x _ 4 , x _ 1 ) AND like . theme ( x _ 4 , x _ 2 )	elips_RNR_in_dist
Liam helped and Emma loved the bird .	* bird ( x _ 1 ) ; help . agent ( x _ 2 , Liam ) AND help . theme ( x _ 2 , x _ 1 ) AND love . agent ( x _ 3 , Emma ) AND love . theme ( x _ 3 , x _ 1 )	elips_RNR_in_dist
A goose tolerated and the lawyer tossed John .	* lawyer ( x _ 1 ) ; goose ( x _ 0 ) AND tolerate . agent ( x _ 2 , x _ 0 ) AND tolerate . theme ( x _ 2 , John ) AND toss . agent ( x _ 3 , x _ 1 ) AND toss . theme ( x _ 3 , John )	elips_RNR_in_dist
Emma missed and a boy poked Nathan .	boy ( x _ 0 ) AND miss . agent ( x _ 1 , Emma ) AND miss . theme ( x _ 1 , Nathan ) AND poke . agent ( x _ 2 , x _ 0 ) AND poke . theme ( x _ 2 , Nathan )	elips_RNR_in_dist
Leah helped and Amelia found the girl .	* girl ( x _ 1 ) ; help . agent ( x _ 2 , Leah ) AND help . theme ( x _ 2 , x _ 1 ) AND find . agent ( x _ 3 , Amelia ) AND find . theme ( x _ 3 , x _ 1 )	elips_RNR_in_dist
Gabriel drew and the girl liked Zoey .	* girl ( x _ 0 ) ; draw . agent ( x _ 1 , Gabriel ) AND draw . theme ( x _ 1 , Zoey ) AND like . agent ( x _ 2 , x _ 0 ) AND like . theme ( x _ 2 , Zoey )	elips_RNR_in_dist
The girl liked and the crocodile helped a teacher .	* girl ( x _ 0 ) ; * crocodile ( x _ 2 ) ; teacher ( x _ 3 ) AND like . agent ( x _ 4 , x _ 0 ) AND like . theme ( x _ 4 , x _ 3 ) AND help . agent ( x _ 5 , x _ 2 ) AND help . theme ( x _ 5 , x _ 3 )	elips_RNR_in_dist
Emma ate and a cat liked the boy .	* boy ( x _ 2 ) ; cat ( x _ 1 ) AND eat . agent ( x _ 3 , Emma ) AND eat . theme ( x _ 3 , x _ 2 ) AND like . agent ( x _ 4 , x _ 1 ) AND like . theme ( x _ 4 , x _ 2 )	elips_RNR_in_dist
The lion hunted and Olivia valued Layla .	* lion ( x _ 0 ) ; hunt . agent ( x _ 1 , x _ 0 ) AND hunt . theme ( x _ 1 , Layla ) AND value . agent ( x _ 2 , Olivia ) AND value . theme ( x _ 2 , Layla )	elips_RNR_in_dist
Sophia juggled and the cat loved Wyatt .	* cat ( x _ 0 ) ; juggle . agent ( x _ 1 , Sophia ) AND juggle . theme ( x _ 1 , Wyatt ) AND love . agent ( x _ 2 , x _ 0 ) AND love . theme ( x _ 2 , Wyatt )	elips_RNR_in_dist
Isabella hunted and a boy liked Penelope .	boy ( x _ 0 ) AND hunt . agent ( x _ 1 , Isabella ) AND hunt . theme ( x _ 1 , Penelope ) AND like . agent ( x _ 2 , x _ 0 ) AND like . theme ( x _ 2 , Penelope )	elips_RNR_in_dist
David threw and Emma liked a girl .	girl ( x _ 1 ) AND throw . agent ( x _ 2 , David ) AND throw . theme ( x _ 2 , x _ 1 ) AND like . agent ( x _ 3 , Emma ) AND like . theme ( x _ 3 , x _ 1 )	elips_RNR_in_dist
A boy found and Sophia found Penelope .	boy ( x _ 0 ) AND find . agent ( x _ 1 , x _ 0 ) AND find . theme ( x _ 1 , Penelope ) AND find . agent ( x _ 2 , Sophia ) AND find . theme ( x _ 2 , Penelope )	elips_RNR_in_dist
The father held and Emma discovered the penguin .	* father ( x _ 0 ) ; * penguin ( x _ 2 ) ; hold . agent ( x _ 3 , x _ 0 ) AND hold . theme ( x _ 3 , x _ 2 ) AND discover . agent ( x _ 4 , Emma ) AND discover . theme ( x _ 4 , x _ 2 )	elips_RNR_in_dist
Avery liked and a teacher liked Riley .	teacher ( x _ 0 ) AND like . agent ( x _ 1 , Avery ) AND like . theme ( x _ 1 , Riley ) AND like . agent ( x _ 2 , x _ 0 ) AND like . theme ( x _ 2 , Riley )	elips_RNR_in_dist
Liam found and a dog liked Penelope .	dog ( x _ 0 ) AND find . agent ( x _ 1 , Liam ) AND find . theme ( x _ 1 , Penelope ) AND like . agent ( x _ 2 , x _ 0 ) AND like . theme ( x _ 2 , Penelope )	elips_RNR_in_dist
The girl packed and Liam loved Audrey .	* girl ( x _ 0 ) ; pack . agent ( x _ 1 , x _ 0 ) AND pack . theme ( x _ 1 , Audrey ) AND love . agent ( x _ 2 , Liam ) AND love . theme ( x _ 2 , Audrey )	elips_RNR_in_dist
A girl ate and the buyer worshipped the boy .	* boy ( x _ 3 ) ; * buyer ( x _ 2 ) ; girl ( x _ 0 ) AND eat . agent ( x _ 4 , x _ 0 ) AND eat . theme ( x _ 4 , x _ 3 ) AND worship . agent ( x _ 5 , x _ 2 ) AND worship . theme ( x _ 5 , x _ 3 )	elips_RNR_in_dist
William touched and a girl held Jack .	girl ( x _ 0 ) AND touch . agent ( x _ 1 , William ) AND touch . theme ( x _ 1 , Jack ) AND hold . agent ( x _ 2 , x _ 0 ) AND hold . theme ( x _ 2 , Jack )	elips_RNR_in_dist
Harper examined and Liam loved a girl .	girl ( x _ 1 ) AND examine . agent ( x _ 2 , Harper ) AND examine . theme ( x _ 2 , x _ 1 ) AND love . agent ( x _ 3 , Liam ) AND love . theme ( x _ 3 , x _ 1 )	elips_RNR_in_dist
A boy missed and Noah poked Penelope .	boy ( x _ 0 ) AND miss . agent ( x _ 1 , x _ 0 ) AND miss . theme ( x _ 1 , Penelope ) AND poke . agent ( x _ 2 , Noah ) AND poke . theme ( x _ 2 , Penelope )	elips_RNR_in_dist
A monkey dusted and Emma liked Savannah .	monkey ( x _ 0 ) AND dust . agent ( x _ 1 , x _ 0 ) AND dust . theme ( x _ 1 , Savannah ) AND like . agent ( x _ 2 , Emma ) AND like . theme ( x _ 2 , Savannah )	elips_RNR_in_dist
Emma ate and Liam helped the lion .	* lion ( x _ 1 ) ; eat . agent ( x _ 2 , Emma ) AND eat . theme ( x _ 2 , x _ 1 ) AND help . agent ( x _ 3 , Liam ) AND help . theme ( x _ 3 , x _ 1 )	elips_RNR_in_dist
A butterfly ate and the cat liked the bear .	* bear ( x _ 3 ) ; * cat ( x _ 2 ) ; butterfly ( x _ 0 ) AND eat . agent ( x _ 4 , x _ 0 ) AND eat . theme ( x _ 4 , x _ 3 ) AND like . agent ( x _ 5 , x _ 2 ) AND like . theme ( x _ 5 , x _ 3 )	elips_RNR_in_dist
A girl found and Sophia helped the dog .	* dog ( x _ 2 ) ; girl ( x _ 0 ) AND find . agent ( x _ 3 , x _ 0 ) AND find . theme ( x _ 3 , x _ 2 ) AND help . agent ( x _ 4 , Sophia ) AND help . theme ( x _ 4 , x _ 2 )	elips_RNR_in_dist
A girl admired and Emma helped a tiger .	girl ( x _ 0 ) AND tiger ( x _ 2 ) AND admire . agent ( x _ 3 , x _ 0 ) AND admire . theme ( x _ 3 , x _ 2 ) AND help . agent ( x _ 4 , Emma ) AND help . theme ( x _ 4 , x _ 2 )	elips_RNR_in_dist
A bird liked and Aria liked a girl .	bird ( x _ 0 ) AND girl ( x _ 2 ) AND like . agent ( x _ 3 , x _ 0 ) AND like . theme ( x _ 3 , x _ 2 ) AND like . agent ( x _ 4 , Aria ) AND like . theme ( x _ 4 , x _ 2 )	elips_RNR_in_dist
A baby drew and Emma discovered John .	baby ( x _ 0 ) AND draw . agent ( x _ 1 , x _ 0 ) AND draw . theme ( x _ 1 , John ) AND discover . agent ( x _ 2 , Emma ) AND discover . theme ( x _ 2 , John )	elips_RNR_in_dist
Emma worshipped and the frog touched Penelope .	* frog ( x _ 0 ) ; worship . agent ( x _ 1 , Emma ) AND worship . theme ( x _ 1 , Penelope ) AND touch . agent ( x _ 2 , x _ 0 ) AND touch . theme ( x _ 2 , Penelope )	elips_RNR_in_dist
Ellie appreciated and the horse helped a girl .	* horse ( x _ 1 ) ; girl ( x _ 2 ) AND appreciate . agent ( x _ 3 , Ellie ) AND appreciate . theme ( x _ 3 , x _ 2 ) AND help . agent ( x _ 4 , x _ 1 ) AND help . theme ( x _ 4 , x _ 2 )	elips_RNR_in_dist
Emma helped and the boy liked Eleanor .	* boy ( x _ 0 ) ; help . agent ( x _ 1 , Emma ) AND help . theme ( x _ 1 , Eleanor ) AND like . agent ( x _ 2 , x _ 0 ) AND like . theme ( x _ 2 , Eleanor )	elips_RNR_in_dist
A girl poked and a boy held Penelope .	girl ( x _ 0 ) AND boy ( x _ 1 ) AND poke . agent ( x _ 2 , x _ 0 ) AND poke . theme ( x _ 2 , Penelope ) AND hold . agent ( x _ 3 , x _ 1 ) AND hold . theme ( x _ 3 , Penelope )	elips_RNR_in_dist
The princess worshipped and the cat helped the patient .	* princess ( x _ 0 ) ; * patient ( x _ 3 ) ; * cat ( x _ 2 ) ; worship . agent ( x _ 4 , x _ 0 ) AND worship . theme ( x _ 4 , x _ 3 ) AND help . agent ( x _ 5 , x _ 2 ) AND help . theme ( x _ 5 , x _ 3 )	elips_RNR_in_dist
A queen painted and a frog adored a boy .	queen ( x _ 0 ) AND boy ( x _ 3 ) AND frog ( x _ 2 ) AND paint . agent ( x _ 4 , x _ 0 ) AND paint . theme ( x _ 4 , x _ 3 ) AND adore . agent ( x _ 5 , x _ 2 ) AND adore . theme ( x _ 5 , x _ 3 )	elips_RNR_in_dist
The bunny drew and Daniel helped Penelope .	* bunny ( x _ 0 ) ; draw . agent ( x _ 1 , x _ 0 ) AND draw . theme ( x _ 1 , Penelope ) AND help . agent ( x _ 2 , Daniel ) AND help . theme ( x _ 2 , Penelope )	elips_RNR_in_dist
The guy nursed and the boy liked Penelope .	* guy ( x _ 0 ) ; * boy ( x _ 1 ) ; nurse . agent ( x _ 2 , x _ 0 ) AND nurse . theme ( x _ 2 , Penelope ) AND like . agent ( x _ 3 , x _ 1 ) AND like . theme ( x _ 3 , Penelope )	elips_RNR_in_dist
Mila respected and Liam found the girl .	* girl ( x _ 1 ) ; respect . agent ( x _ 2 , Mila ) AND respect . theme ( x _ 2 , x _ 1 ) AND find . agent ( x _ 3 , Liam ) AND find . theme ( x _ 3 , x _ 1 )	elips_RNR_in_dist
The princess ate and a girl respected Wyatt .	* princess ( x _ 0 ) ; girl ( x _ 1 ) AND eat . agent ( x _ 2 , x _ 0 ) AND eat . theme ( x _ 2 , Wyatt ) AND respect . agent ( x _ 3 , x _ 1 ) AND respect . theme ( x _ 3 , Wyatt )	elips_RNR_in_dist
A girl ate and Emma liked the deer .	* deer ( x _ 2 ) ; girl ( x _ 0 ) AND eat . agent ( x _ 3 , x _ 0 ) AND eat . theme ( x _ 3 , x _ 2 ) AND like . agent ( x _ 4 , Emma ) AND like . theme ( x _ 4 , x _ 2 )	elips_RNR_in_dist
The teacher ate and James liked Lincoln .	* teacher ( x _ 0 ) ; eat . agent ( x _ 1 , x _ 0 ) AND eat . theme ( x _ 1 , Lincoln ) AND like . agent ( x _ 2 , James ) AND like . theme ( x _ 2 , Lincoln )	elips_RNR_in_dist
Lincoln drew and Michael liked Penelope .	draw . agent ( x _ 0 , Lincoln ) AND draw . theme ( x _ 0 , Penelope ) AND like . agent ( x _ 1 , Michael ) AND like . theme ( x _ 1 , Penelope )	elips_RNR_in_dist
A girl found and Mateo admired Wyatt .	girl ( x _ 0 ) AND find . agent ( x _ 1 , x _ 0 ) AND find . theme ( x _ 1 , Wyatt ) AND admire . agent ( x _ 2 , Mateo ) AND admire . theme ( x _ 2 , Wyatt )	elips_RNR_in_dist
Emma hunted and Liam found the cat .	* cat ( x _ 1 ) ; hunt . agent ( x _ 2 , Emma ) AND hunt . theme ( x _ 2 , x _ 1 ) AND find . agent ( x _ 3 , Liam ) AND find . theme ( x _ 3 , x _ 1 )	elips_RNR_in_dist
Penelope liked and the giraffe worshipped the bear .	* bear ( x _ 2 ) ; * giraffe ( x _ 1 ) ; like . agent ( x _ 3 , Penelope ) AND like . theme ( x _ 3 , x _ 2 ) AND worship . agent ( x _ 4 , x _ 1 ) AND worship . theme ( x _ 4 , x _ 2 )	elips_RNR_in_dist
Lillian dusted and Madison liked Wyatt .	dust . agent ( x _ 0 , Lillian ) AND dust . theme ( x _ 0 , Wyatt ) AND like . agent ( x _ 1 , Madison ) AND like . theme ( x _ 1 , Wyatt )	elips_RNR_in_dist
A writer liked and Emma poked Dylan .	writer ( x _ 0 ) AND like . agent ( x _ 1 , x _ 0 ) AND like . theme ( x _ 1 , Dylan ) AND poke . agent ( x _ 2 , Emma ) AND poke . theme ( x _ 2 , Dylan )	elips_RNR_in_dist
Victoria discovered and Abigail adored Penelope .	discover . agent ( x _ 0 , Victoria ) AND discover . theme ( x _ 0 , Penelope ) AND adore . agent ( x _ 1 , Abigail ) AND adore . theme ( x _ 1 , Penelope )	elips_RNR_in_dist
William loved and a girl found Penelope .	girl ( x _ 0 ) AND love . agent ( x _ 1 , William ) AND love . theme ( x _ 1 , Penelope ) AND find . agent ( x _ 2 , x _ 0 ) AND find . theme ( x _ 2 , Penelope )	elips_RNR_in_dist
The girl ate and the frog poked Ryan .	* girl ( x _ 0 ) ; * frog ( x _ 1 ) ; eat . agent ( x _ 2 , x _ 0 ) AND eat . theme ( x _ 2 , Ryan ) AND poke . agent ( x _ 3 , x _ 1 ) AND poke . theme ( x _ 3 , Ryan )	elips_RNR_in_dist
Nora missed and a child found Eleanor .	child ( x _ 0 ) AND miss . agent ( x _ 1 , Nora ) AND miss . theme ( x _ 1 , Eleanor ) AND find . agent ( x _ 2 , x _ 0 ) AND find . theme ( x _ 2 , Eleanor )	elips_RNR_in_dist
Emma found and Liam tossed Joshua .	find . agent ( x _ 0 , Emma ) AND find . theme ( x _ 0 , Joshua ) AND toss . agent ( x _ 1 , Liam ) AND toss . theme ( x _ 1 , Joshua )	elips_RNR_in_dist
The girl held and a researcher liked Penelope .	* girl ( x _ 0 ) ; researcher ( x _ 1 ) AND hold . agent ( x _ 2 , x _ 0 ) AND hold . theme ( x _ 2 , Penelope ) AND like . agent ( x _ 3 , x _ 1 ) AND like . theme ( x _ 3 , Penelope )	elips_RNR_in_dist
A duck juggled and Emma held Wyatt .	duck ( x _ 0 ) AND juggle . agent ( x _ 1 , x _ 0 ) AND juggle . theme ( x _ 1 , Wyatt ) AND hold . agent ( x _ 2 , Emma ) AND hold . theme ( x _ 2 , Wyatt )	elips_RNR_in_dist
The passenger liked and Emma liked a manager .	* passenger ( x _ 0 ) ; manager ( x _ 2 ) AND like . agent ( x _ 3 , x _ 0 ) AND like . theme ( x _ 3 , x _ 2 ) AND like . agent ( x _ 4 , Emma ) AND like . theme ( x _ 4 , x _ 2 )	elips_RNR_in_dist
Emma investigated and a dog adored Penelope .	dog ( x _ 0 ) AND investigate . agent ( x _ 1 , Emma ) AND investigate . theme ( x _ 1 , Penelope ) AND adore . agent ( x _ 2 , x _ 0 ) AND adore . theme ( x _ 2 , Penelope )	elips_RNR_in_dist
A cat painted and the child liked Wyatt .	* child ( x _ 1 ) ; cat ( x _ 0 ) AND paint . agent ( x _ 2 , x _ 0 ) AND paint . theme ( x _ 2 , Wyatt ) AND like . agent ( x _ 3 , x _ 1 ) AND like . theme ( x _ 3 , Wyatt )	elips_RNR_in_dist
Michael ate and Brooklyn liked Penelope .	eat . agent ( x _ 0 , Michael ) AND eat . theme ( x _ 0 , Penelope ) AND like . agent ( x _ 1 , Brooklyn ) AND like . theme ( x _ 1 , Penelope )	elips_RNR_in_dist
A director admired and Mason worshipped Asher .	director ( x _ 0 ) AND admire . agent ( x _ 1 , x _ 0 ) AND admire . theme ( x _ 1 , Asher ) AND worship . agent ( x _ 2 , Mason ) AND worship . theme ( x _ 2 , Asher )	elips_RNR_in_dist
Elizabeth valued and the baby found Penelope .	* baby ( x _ 0 ) ; value . agent ( x _ 1 , Elizabeth ) AND value . theme ( x _ 1 , Penelope ) AND find . agent ( x _ 2 , x _ 0 ) AND find . theme ( x _ 2 , Penelope )	elips_RNR_in_dist
The dog loved and Noah poked the baby .	* dog ( x _ 0 ) ; * baby ( x _ 2 ) ; love . agent ( x _ 3 , x _ 0 ) AND love . theme ( x _ 3 , x _ 2 ) AND poke . agent ( x _ 4 , Noah ) AND poke . theme ( x _ 4 , x _ 2 )	elips_RNR_in_dist
Noah liked and a cow found Penelope .	cow ( x _ 0 ) AND like . agent ( x _ 1 , Noah ) AND like . theme ( x _ 1 , Penelope ) AND find . agent ( x _ 2 , x _ 0 ) AND find . theme ( x _ 2 , Penelope )	elips_RNR_in_dist
Aiden hunted and the coach tossed Riley .	* coach ( x _ 0 ) ; hunt . agent ( x _ 1 , Aiden ) AND hunt . theme ( x _ 1 , Riley ) AND toss . agent ( x _ 2 , x _ 0 ) AND toss . theme ( x _ 2 , Riley )	elips_RNR_in_dist
The politician threw and Lily liked the frog .	* politician ( x _ 0 ) ; * frog ( x _ 2 ) ; throw . agent ( x _ 3 , x _ 0 ) AND throw . theme ( x _ 3 , x _ 2 ) AND like . agent ( x _ 4 , Lily ) AND like . theme ( x _ 4 , x _ 2 )	elips_RNR_in_dist
Emily liked and the boy admired Penelope .	* boy ( x _ 0 ) ; like . agent ( x _ 1 , Emily ) AND like . theme ( x _ 1 , Penelope ) AND admire . agent ( x _ 2 , x _ 0 ) AND admire . theme ( x _ 2 , Penelope )	elips_RNR_in_dist
Olivia ate and the chicken liked the child .	* child ( x _ 2 ) ; * chicken ( x _ 1 ) ; eat . agent ( x _ 3 , Olivia ) AND eat . theme ( x _ 3 , x _ 2 ) AND like . agent ( x _ 4 , x _ 1 ) AND like . theme ( x _ 4 , x _ 2 )	elips_RNR_in_dist
A penguin liked and Noah liked a boy .	penguin ( x _ 0 ) AND boy ( x _ 2 ) AND like . agent ( x _ 3 , x _ 0 ) AND like . theme ( x _ 3 , x _ 2 ) AND like . agent ( x _ 4 , Noah ) AND like . theme ( x _ 4 , x _ 2 )	elips_RNR_in_dist
A cat ate and Liam liked Wyatt .	cat ( x _ 0 ) AND eat . agent ( x _ 1 , x _ 0 ) AND eat . theme ( x _ 1 , Wyatt ) AND like . agent ( x _ 2 , Liam ) AND like . theme ( x _ 2 , Wyatt )	elips_RNR_in_dist
Emma investigated and the boy threw Penelope .	* boy ( x _ 0 ) ; investigate . agent ( x _ 1 , Emma ) AND investigate . theme ( x _ 1 , Penelope ) AND throw . agent ( x _ 2 , x _ 0 ) AND throw . theme ( x _ 2 , Penelope )	elips_RNR_in_dist
Skylar worshipped and Ethan found a child .	child ( x _ 1 ) AND worship . agent ( x _ 2 , Skylar ) AND worship . theme ( x _ 2 , x _ 1 ) AND find . agent ( x _ 3 , Ethan ) AND find . theme ( x _ 3 , x _ 1 )	elips_RNR_in_dist
Brooklyn studied and Emma helped a girl .	girl ( x _ 1 ) AND study . agent ( x _ 2 , Brooklyn ) AND study . theme ( x _ 2 , x _ 1 ) AND help . agent ( x _ 3 , Emma ) AND help . theme ( x _ 3 , x _ 1 )	elips_RNR_in_dist
Emma threw and a cat helped a girl .	girl ( x _ 2 ) AND cat ( x _ 1 ) AND throw . agent ( x _ 3 , Emma ) AND throw . theme ( x _ 3 , x _ 2 ) AND help . agent ( x _ 4 , x _ 1 ) AND help . theme ( x _ 4 , x _ 2 )	elips_RNR_in_dist
Liam ate and a child helped Wyatt .	child ( x _ 0 ) AND eat . agent ( x _ 1 , Liam ) AND eat . theme ( x _ 1 , Wyatt ) AND help . agent ( x _ 2 , x _ 0 ) AND help . theme ( x _ 2 , Wyatt )	elips_RNR_in_dist
Olivia ate and Liam found a professor .	professor ( x _ 1 ) AND eat . agent ( x _ 2 , Olivia ) AND eat . theme ( x _ 2 , x _ 1 ) AND find . agent ( x _ 3 , Liam ) AND find . theme ( x _ 3 , x _ 1 )	elips_RNR_in_dist
The scientist juggled and Emma liked a zebra .	* scientist ( x _ 0 ) ; zebra ( x _ 2 ) AND juggle . agent ( x _ 3 , x _ 0 ) AND juggle . theme ( x _ 3 , x _ 2 ) AND like . agent ( x _ 4 , Emma ) AND like . theme ( x _ 4 , x _ 2 )	elips_RNR_in_dist
Liam liked and the child touched Penelope .	* child ( x _ 0 ) ; like . agent ( x _ 1 , Liam ) AND like . theme ( x _ 1 , Penelope ) AND touch . agent ( x _ 2 , x _ 0 ) AND touch . theme ( x _ 2 , Penelope )	elips_RNR_in_dist
A mother ate and Emma liked Layla .	mother ( x _ 0 ) AND eat . agent ( x _ 1 , x _ 0 ) AND eat . theme ( x _ 1 , Layla ) AND like . agent ( x _ 2 , Emma ) AND like . theme ( x _ 2 , Layla )	elips_RNR_in_dist
The consumer liked and the bird liked the boy .	* consumer ( x _ 0 ) ; * boy ( x _ 3 ) ; * bird ( x _ 2 ) ; like . agent ( x _ 4 , x _ 0 ) AND like . theme ( x _ 4 , x _ 3 ) AND like . agent ( x _ 5 , x _ 2 ) AND like . theme ( x _ 5 , x _ 3 )	elips_RNR_in_dist
Isabella drew and the duck found Gabriel .	* duck ( x _ 0 ) ; draw . agent ( x _ 1 , Isabella ) AND draw . theme ( x _ 1 , Gabriel ) AND find . agent ( x _ 2 , x _ 0 ) AND find . theme ( x _ 2 , Gabriel )	elips_RNR_in_dist
The dog stabbed and Emma found Penelope .	* dog ( x _ 0 ) ; stab . agent ( x _ 1 , x _ 0 ) AND stab . theme ( x _ 1 , Penelope ) AND find . agent ( x _ 2 , Emma ) AND find . theme ( x _ 2 , Penelope )	elips_RNR_in_dist
A boy tossed and Olivia discovered the baby .	* baby ( x _ 2 ) ; boy ( x _ 0 ) AND toss . agent ( x _ 3 , x _ 0 ) AND toss . theme ( x _ 3 , x _ 2 ) AND discover . agent ( x _ 4 , Olivia ) AND discover . theme ( x _ 4 , x _ 2 )	elips_RNR_in_dist
The queen ate and a girl liked a duck .	* queen ( x _ 0 ) ; duck ( x _ 3 ) AND girl ( x _ 2 ) AND eat . agent ( x _ 4 , x _ 0 ) AND eat . theme ( x _ 4 , x _ 3 ) AND like . agent ( x _ 5 , x _ 2 ) AND like . theme ( x _ 5 , x _ 3 )	elips_RNR_in_dist
The cat threw and Alexander liked Wyatt .	* cat ( x _ 0 ) ; throw . agent ( x _ 1 , x _ 0 ) AND throw . theme ( x _ 1 , Wyatt ) AND like . agent ( x _ 2 , Alexander ) AND like . theme ( x _ 2 , Wyatt )	elips_RNR_in_dist
Liam cleaned and the girl found the boy .	* boy ( x _ 2 ) ; * girl ( x _ 1 ) ; clean . agent ( x _ 3 , Liam ) AND clean . theme ( x _ 3 , x _ 2 ) AND find . agent ( x _ 4 , x _ 1 ) AND find . theme ( x _ 4 , x _ 2 )	elips_RNR_in_dist
Olivia ate and the cat loved Wyatt .	* cat ( x _ 0 ) ; eat . agent ( x _ 1 , Olivia ) AND eat . theme ( x _ 1 , Wyatt ) AND love . agent ( x _ 2 , x _ 0 ) AND love . theme ( x _ 2 , Wyatt )	elips_RNR_in_dist
Emma ate and Abigail missed the frog .	* frog ( x _ 1 ) ; eat . agent ( x _ 2 , Emma ) AND eat . theme ( x _ 2 , x _ 1 ) AND miss . agent ( x _ 3 , Abigail ) AND miss . theme ( x _ 3 , x _ 1 )	elips_RNR_in_dist
Amelia helped and a king helped Bella .	king ( x _ 0 ) AND help . agent ( x _ 1 , Amelia ) AND help . theme ( x _ 1 , Bella ) AND help . agent ( x _ 2 , x _ 0 ) AND help . theme ( x _ 2 , Bella )	elips_RNR_in_dist
A girl painted and Natalie missed Thomas .	girl ( x _ 0 ) AND paint . agent ( x _ 1 , x _ 0 ) AND paint . theme ( x _ 1 , Thomas ) AND miss . agent ( x _ 2 , Natalie ) AND miss . theme ( x _ 2 , Thomas )	elips_RNR_in_dist
The frog liked and the lawyer helped Natalie .	* frog ( x _ 0 ) ; * lawyer ( x _ 1 ) ; like . agent ( x _ 2 , x _ 0 ) AND like . theme ( x _ 2 , Natalie ) AND help . agent ( x _ 3 , x _ 1 ) AND help . theme ( x _ 3 , Natalie )	elips_RNR_in_dist
The cat painted and Emma liked the girl .	* cat ( x _ 0 ) ; * girl ( x _ 2 ) ; paint . agent ( x _ 3 , x _ 0 ) AND paint . theme ( x _ 3 , x _ 2 ) AND like . agent ( x _ 4 , Emma ) AND like . theme ( x _ 4 , x _ 2 )	elips_RNR_in_dist
Hazel liked and a cat adored Penelope .	cat ( x _ 0 ) AND like . agent ( x _ 1 , Hazel ) AND like . theme ( x _ 1 , Penelope ) AND adore . agent ( x _ 2 , x _ 0 ) AND adore . theme ( x _ 2 , Penelope )	elips_RNR_in_dist
Noah liked and a teacher loved Riley .	teacher ( x _ 0 ) AND like . agent ( x _ 1 , Noah ) AND like . theme ( x _ 1 , Riley ) AND love . agent ( x _ 2 , x _ 0 ) AND love . theme ( x _ 2 , Riley )	elips_RNR_in_dist
The dog admired and Emma touched Hannah .	* dog ( x _ 0 ) ; admire . agent ( x _ 1 , x _ 0 ) AND admire . theme ( x _ 1 , Hannah ) AND touch . agent ( x _ 2 , Emma ) AND touch . theme ( x _ 2 , Hannah )	elips_RNR_in_dist
The dog appreciated and a princess liked Asher .	* dog ( x _ 0 ) ; princess ( x _ 1 ) AND appreciate . agent ( x _ 2 , x _ 0 ) AND appreciate . theme ( x _ 2 , Asher ) AND like . agent ( x _ 3 , x _ 1 ) AND like . theme ( x _ 3 , Asher )	elips_RNR_in_dist
Ava sketched and a friend loved Riley .	friend ( x _ 0 ) AND sketch . agent ( x _ 1 , Ava ) AND sketch . theme ( x _ 1 , Riley ) AND love . agent ( x _ 2 , x _ 0 ) AND love . theme ( x _ 2 , Riley )	elips_RNR_in_dist
Isabella ate and Natalie liked Penelope .	eat . agent ( x _ 0 , Isabella ) AND eat . theme ( x _ 0 , Penelope ) AND like . agent ( x _ 1 , Natalie ) AND like . theme ( x _ 1 , Penelope )	elips_RNR_in_dist
A chicken ate and a girl held a boy .	chicken ( x _ 0 ) AND boy ( x _ 3 ) AND girl ( x _ 2 ) AND eat . agent ( x _ 4 , x _ 0 ) AND eat . theme ( x _ 4 , x _ 3 ) AND hold . agent ( x _ 5 , x _ 2 ) AND hold . theme ( x _ 5 , x _ 3 )	elips_RNR_in_dist
The girl admired and a duck stabbed a manager .	* girl ( x _ 0 ) ; manager ( x _ 3 ) AND duck ( x _ 2 ) AND admire . agent ( x _ 4 , x _ 0 ) AND admire . theme ( x _ 4 , x _ 3 ) AND stab . agent ( x _ 5 , x _ 2 ) AND stab . theme ( x _ 5 , x _ 3 )	elips_RNR_in_dist
The frog liked and a chicken discovered a boy .	* frog ( x _ 0 ) ; boy ( x _ 3 ) AND chicken ( x _ 2 ) AND like . agent ( x _ 4 , x _ 0 ) AND like . theme ( x _ 4 , x _ 3 ) AND discover . agent ( x _ 5 , x _ 2 ) AND discover . theme ( x _ 5 , x _ 3 )	elips_RNR_in_dist
The tourist ate and Emma liked the customer .	* tourist ( x _ 0 ) ; * customer ( x _ 2 ) ; eat . agent ( x _ 3 , x _ 0 ) AND eat . theme ( x _ 3 , x _ 2 ) AND like . agent ( x _ 4 , Emma ) AND like . theme ( x _ 4 , x _ 2 )	elips_RNR_in_dist
A puppy ate and a dog liked Penelope .	puppy ( x _ 0 ) AND dog ( x _ 1 ) AND eat . agent ( x _ 2 , x _ 0 ) AND eat . theme ( x _ 2 , Penelope ) AND like . agent ( x _ 3 , x _ 1 ) AND like . theme ( x _ 3 , Penelope )	elips_RNR_in_dist
Sophia ate and Emma threw Wyatt .	eat . agent ( x _ 0 , Sophia ) AND eat . theme ( x _ 0 , Wyatt ) AND throw . agent ( x _ 1 , Emma ) AND throw . theme ( x _ 1 , Wyatt )	elips_RNR_in_dist
Liam loved and Emma held Jack .	love . agent ( x _ 0 , Liam ) AND love . theme ( x _ 0 , Jack ) AND hold . agent ( x _ 1 , Emma ) AND hold . theme ( x _ 1 , Jack )	elips_RNR_in_dist
The pupil valued and the boy tolerated the girl .	* pupil ( x _ 0 ) ; * girl ( x _ 3 ) ; * boy ( x _ 2 ) ; value . agent ( x _ 4 , x _ 0 ) AND value . theme ( x _ 4 , x _ 3 ) AND tolerate . agent ( x _ 5 , x _ 2 ) AND tolerate . theme ( x _ 5 , x _ 3 )	elips_RNR_in_dist
Ava loved and Benjamin admired Julian .	love . agent ( x _ 0 , Ava ) AND love . theme ( x _ 0 , Julian ) AND admire . agent ( x _ 1 , Benjamin ) AND admire . theme ( x _ 1 , Julian )	elips_RNR_in_dist
Noah poked and Emma found a duck .	duck ( x _ 1 ) AND poke . agent ( x _ 2 , Noah ) AND poke . theme ( x _ 2 , x _ 1 ) AND find . agent ( x _ 3 , Emma ) AND find . theme ( x _ 3 , x _ 1 )	elips_RNR_in_dist
Oliver juggled and the horse liked Wyatt .	* horse ( x _ 0 ) ; juggle . agent ( x _ 1 , Oliver ) AND juggle . theme ( x _ 1 , Wyatt ) AND like . agent ( x _ 2 , x _ 0 ) AND like . theme ( x _ 2 , Wyatt )	elips_RNR_in_dist
Michael liked and Lily liked Layla .	like . agent ( x _ 0 , Michael ) AND like . theme ( x _ 0 , Layla ) AND like . agent ( x _ 1 , Lily ) AND like . theme ( x _ 1 , Layla )	elips_RNR_in_dist
The girl liked and a giraffe liked Penelope .	* girl ( x _ 0 ) ; giraffe ( x _ 1 ) AND like . agent ( x _ 2 , x _ 0 ) AND like . theme ( x _ 2 , Penelope ) AND like . agent ( x _ 3 , x _ 1 ) AND like . theme ( x _ 3 , Penelope )	elips_RNR_in_dist
The landlord liked and the boy respected the baby .	* landlord ( x _ 0 ) ; * baby ( x _ 3 ) ; * boy ( x _ 2 ) ; like . agent ( x _ 4 , x _ 0 ) AND like . theme ( x _ 4 , x _ 3 ) AND respect . agent ( x _ 5 , x _ 2 ) AND respect . theme ( x _ 5 , x _ 3 )	elips_RNR_in_dist
William juggled and a giraffe found Layla .	giraffe ( x _ 0 ) AND juggle . agent ( x _ 1 , William ) AND juggle . theme ( x _ 1 , Layla ) AND find . agent ( x _ 2 , x _ 0 ) AND find . theme ( x _ 2 , Layla )	elips_RNR_in_dist
The lion painted and a boy stabbed Andrew .	* lion ( x _ 0 ) ; boy ( x _ 1 ) AND paint . agent ( x _ 2 , x _ 0 ) AND paint . theme ( x _ 2 , Andrew ) AND stab . agent ( x _ 3 , x _ 1 ) AND stab . theme ( x _ 3 , Andrew )	elips_RNR_in_dist
Liam liked and the patient tolerated a girl .	* patient ( x _ 1 ) ; girl ( x _ 2 ) AND like . agent ( x _ 3 , Liam ) AND like . theme ( x _ 3 , x _ 2 ) AND tolerate . agent ( x _ 4 , x _ 1 ) AND tolerate . theme ( x _ 4 , x _ 2 )	elips_RNR_in_dist
The monkey appreciated and the hero pierced a girl .	* monkey ( x _ 0 ) ; * hero ( x _ 2 ) ; girl ( x _ 3 ) AND appreciate . agent ( x _ 4 , x _ 0 ) AND appreciate . theme ( x _ 4 , x _ 3 ) AND pierce . agent ( x _ 5 , x _ 2 ) AND pierce . theme ( x _ 5 , x _ 3 )	elips_RNR_in_dist
The servant admired and Emma poked Penelope .	* servant ( x _ 0 ) ; admire . agent ( x _ 1 , x _ 0 ) AND admire . theme ( x _ 1 , Penelope ) AND poke . agent ( x _ 2 , Emma ) AND poke . theme ( x _ 2 , Penelope )	elips_RNR_in_dist
The dog poked and a girl tolerated Penelope .	* dog ( x _ 0 ) ; girl ( x _ 1 ) AND poke . agent ( x _ 2 , x _ 0 ) AND poke . theme ( x _ 2 , Penelope ) AND tolerate . agent ( x _ 3 , x _ 1 ) AND tolerate . theme ( x _ 3 , Penelope )	elips_RNR_in_dist
Charlotte tolerated and a cat found Wyatt .	cat ( x _ 0 ) AND tolerate . agent ( x _ 1 , Charlotte ) AND tolerate . theme ( x _ 1 , Wyatt ) AND find . agent ( x _ 2 , x _ 0 ) AND find . theme ( x _ 2 , Wyatt )	elips_RNR_in_dist
The mouse ate and Emma discovered Wyatt .	* mouse ( x _ 0 ) ; eat . agent ( x _ 1 , x _ 0 ) AND eat . theme ( x _ 1 , Wyatt ) AND discover . agent ( x _ 2 , Emma ) AND discover . theme ( x _ 2 , Wyatt )	elips_RNR_in_dist
Olivia ate and a girl helped Luke .	girl ( x _ 0 ) AND eat . agent ( x _ 1 , Olivia ) AND eat . theme ( x _ 1 , Luke ) AND help . agent ( x _ 2 , x _ 0 ) AND help . theme ( x _ 2 , Luke )	elips_RNR_in_dist
The lion ate and Olivia poked a girl .	* lion ( x _ 0 ) ; girl ( x _ 2 ) AND eat . agent ( x _ 3 , x _ 0 ) AND eat . theme ( x _ 3 , x _ 2 ) AND poke . agent ( x _ 4 , Olivia ) AND poke . theme ( x _ 4 , x _ 2 )	elips_RNR_in_dist
Liam dusted and a frog helped the student .	* student ( x _ 2 ) ; frog ( x _ 1 ) AND dust . agent ( x _ 3 , Liam ) AND dust . theme ( x _ 3 , x _ 2 ) AND help . agent ( x _ 4 , x _ 1 ) AND help . theme ( x _ 4 , x _ 2 )	elips_RNR_in_dist
Olivia painted and Oliver found the girl .	* girl ( x _ 1 ) ; paint . agent ( x _ 2 , Olivia ) AND paint . theme ( x _ 2 , x _ 1 ) AND find . agent ( x _ 3 , Oliver ) AND find . theme ( x _ 3 , x _ 1 )	elips_RNR_in_dist
The butterfly worshipped and Levi poked a child .	* butterfly ( x _ 0 ) ; child ( x _ 2 ) AND worship . agent ( x _ 3 , x _ 0 ) AND worship . theme ( x _ 3 , x _ 2 ) AND poke . agent ( x _ 4 , Levi ) AND poke . theme ( x _ 4 , x _ 2 )	elips_RNR_in_dist
A girl found and the cat loved a teacher .	* cat ( x _ 2 ) ; girl ( x _ 0 ) AND teacher ( x _ 3 ) AND find . agent ( x _ 4 , x _ 0 ) AND find . theme ( x _ 4 , x _ 3 ) AND love . agent ( x _ 5 , x _ 2 ) AND love . theme ( x _ 5 , x _ 3 )	elips_RNR_in_dist
A penguin liked and a monkey worshipped Luke .	penguin ( x _ 0 ) AND monkey ( x _ 1 ) AND like . agent ( x _ 2 , x _ 0 ) AND like . theme ( x _ 2 , Luke ) AND worship . agent ( x _ 3 , x _ 1 ) AND worship . theme ( x _ 3 , Luke )	elips_RNR_in_dist
Emma nursed and the guy liked a monster .	* guy ( x _ 1 ) ; monster ( x _ 2 ) AND nurse . agent ( x _ 3 , Emma ) AND nurse . theme ( x _ 3 , x _ 2 ) AND like . agent ( x _ 4 , x _ 1 ) AND like . theme ( x _ 4 , x _ 2 )	elips_RNR_in_dist
Abigail painted and Jacob appreciated Jayden .	paint . agent ( x _ 0 , Abigail ) AND paint . theme ( x _ 0 , Jayden ) AND appreciate . agent ( x _ 1 , Jacob ) AND appreciate . theme ( x _ 1 , Jayden )	elips_RNR_in_dist
The teacher helped and the dog liked Nathan .	* teacher ( x _ 0 ) ; * dog ( x _ 1 ) ; help . agent ( x _ 2 , x _ 0 ) AND help . theme ( x _ 2 , Nathan ) AND like . agent ( x _ 3 , x _ 1 ) AND like . theme ( x _ 3 , Nathan )	elips_RNR_in_dist
A girl liked and Emma liked a queen .	girl ( x _ 0 ) AND queen ( x _ 2 ) AND like . agent ( x _ 3 , x _ 0 ) AND like . theme ( x _ 3 , x _ 2 ) AND like . agent ( x _ 4 , Emma ) AND like . theme ( x _ 4 , x _ 2 )	elips_RNR_in_dist
The girl liked and the king helped Layla .	* girl ( x _ 0 ) ; * king ( x _ 1 ) ; like . agent ( x _ 2 , x _ 0 ) AND like . theme ( x _ 2 , Layla ) AND help . agent ( x _ 3 , x _ 1 ) AND help . theme ( x _ 3 , Layla )	elips_RNR_in_dist
Sebastian liked and the girl adored Jaxon .	* girl ( x _ 0 ) ; like . agent ( x _ 1 , Sebastian ) AND like . theme ( x _ 1 , Jaxon ) AND adore . agent ( x _ 2 , x _ 0 ) AND adore . theme ( x _ 2 , Jaxon )	elips_RNR_in_dist
The baby liked and the teacher liked a cat .	* baby ( x _ 0 ) ; * teacher ( x _ 2 ) ; cat ( x _ 3 ) AND like . agent ( x _ 4 , x _ 0 ) AND like . theme ( x _ 4 , x _ 3 ) AND like . agent ( x _ 5 , x _ 2 ) AND like . theme ( x _ 5 , x _ 3 )	elips_RNR_in_dist
The dog ate and the girl liked Andrew .	* dog ( x _ 0 ) ; * girl ( x _ 1 ) ; eat . agent ( x _ 2 , x _ 0 ) AND eat . theme ( x _ 2 , Andrew ) AND like . agent ( x _ 3 , x _ 1 ) AND like . theme ( x _ 3 , Andrew )	elips_RNR_in_dist
Olivia loved and Emma helped a duck .	duck ( x _ 1 ) AND love . agent ( x _ 2 , Olivia ) AND love . theme ( x _ 2 , x _ 1 ) AND help . agent ( x _ 3 , Emma ) AND help . theme ( x _ 3 , x _ 1 )	elips_RNR_in_dist
Ava poked and Liam helped Penelope .	poke . agent ( x _ 0 , Ava ) AND poke . theme ( x _ 0 , Penelope ) AND help . agent ( x _ 1 , Liam ) AND help . theme ( x _ 1 , Penelope )	elips_RNR_in_dist
Emma ate and Aubrey valued Layla .	eat . agent ( x _ 0 , Emma ) AND eat . theme ( x _ 0 , Layla ) AND value . agent ( x _ 1 , Aubrey ) AND value . theme ( x _ 1 , Layla )	elips_RNR_in_dist
A cat ate and a child helped the tiger .	* tiger ( x _ 3 ) ; cat ( x _ 0 ) AND child ( x _ 2 ) AND eat . agent ( x _ 4 , x _ 0 ) AND eat . theme ( x _ 4 , x _ 3 ) AND help . agent ( x _ 5 , x _ 2 ) AND help . theme ( x _ 5 , x _ 3 )	elips_RNR_in_dist
Emma observed and a girl adored a father .	father ( x _ 2 ) AND girl ( x _ 1 ) AND observe . agent ( x _ 3 , Emma ) AND observe . theme ( x _ 3 , x _ 2 ) AND adore . agent ( x _ 4 , x _ 1 ) AND adore . theme ( x _ 4 , x _ 2 )	elips_RNR_in_dist
A lawyer ate and Mason loved a sailor .	lawyer ( x _ 0 ) AND sailor ( x _ 2 ) AND eat . agent ( x _ 3 , x _ 0 ) AND eat . theme ( x _ 3 , x _ 2 ) AND love . agent ( x _ 4 , Mason ) AND love . theme ( x _ 4 , x _ 2 )	elips_RNR_in_dist
Emma ate and a boy adored Jaxon .	boy ( x _ 0 ) AND eat . agent ( x _ 1 , Emma ) AND eat . theme ( x _ 1 , Jaxon ) AND adore . agent ( x _ 2 , x _ 0 ) AND adore . theme ( x _ 2 , Jaxon )	elips_RNR_in_dist
A girl respected and Emma liked Layla .	girl ( x _ 0 ) AND respect . agent ( x _ 1 , x _ 0 ) AND respect . theme ( x _ 1 , Layla ) AND like . agent ( x _ 2 , Emma ) AND like . theme ( x _ 2 , Layla )	elips_RNR_in_dist
A girl poked and Isabella helped Penelope .	girl ( x _ 0 ) AND poke . agent ( x _ 1 , x _ 0 ) AND poke . theme ( x _ 1 , Penelope ) AND help . agent ( x _ 2 , Isabella ) AND help . theme ( x _ 2 , Penelope )	elips_RNR_in_dist
Joshua respected and the child adored the girl .	* girl ( x _ 2 ) ; * child ( x _ 1 ) ; respect . agent ( x _ 3 , Joshua ) AND respect . theme ( x _ 3 , x _ 2 ) AND adore . agent ( x _ 4 , x _ 1 ) AND adore . theme ( x _ 4 , x _ 2 )	elips_RNR_in_dist
A frog drew and Brooklyn liked Penelope .	frog ( x _ 0 ) AND draw . agent ( x _ 1 , x _ 0 ) AND draw . theme ( x _ 1 , Penelope ) AND like . agent ( x _ 2 , Brooklyn ) AND like . theme ( x _ 2 , Penelope )	elips_RNR_in_dist
A cat found and the boy liked Wyatt .	* boy ( x _ 1 ) ; cat ( x _ 0 ) AND find . agent ( x _ 2 , x _ 0 ) AND find . theme ( x _ 2 , Wyatt ) AND like . agent ( x _ 3 , x _ 1 ) AND like . theme ( x _ 3 , Wyatt )	elips_RNR_in_dist
A coach appreciated and Emma poked a girl .	coach ( x _ 0 ) AND girl ( x _ 2 ) AND appreciate . agent ( x _ 3 , x _ 0 ) AND appreciate . theme ( x _ 3 , x _ 2 ) AND poke . agent ( x _ 4 , Emma ) AND poke . theme ( x _ 4 , x _ 2 )	elips_RNR_in_dist
A pony observed and Savannah found a cat .	pony ( x _ 0 ) AND cat ( x _ 2 ) AND observe . agent ( x _ 3 , x _ 0 ) AND observe . theme ( x _ 3 , x _ 2 ) AND find . agent ( x _ 4 , Savannah ) AND find . theme ( x _ 4 , x _ 2 )	elips_RNR_in_dist
Noah juggled and Ava tossed a bee .	bee ( x _ 1 ) AND juggle . agent ( x _ 2 , Noah ) AND juggle . theme ( x _ 2 , x _ 1 ) AND toss . agent ( x _ 3 , Ava ) AND toss . theme ( x _ 3 , x _ 1 )	elips_RNR_in_dist
A doctor ate and Ava liked a boy .	doctor ( x _ 0 ) AND boy ( x _ 2 ) AND eat . agent ( x _ 3 , x _ 0 ) AND eat . theme ( x _ 3 , x _ 2 ) AND like . agent ( x _ 4 , Ava ) AND like . theme ( x _ 4 , x _ 2 )	elips_RNR_in_dist
The king ate and the bear liked a boy .	* king ( x _ 0 ) ; * bear ( x _ 2 ) ; boy ( x _ 3 ) AND eat . agent ( x _ 4 , x _ 0 ) AND eat . theme ( x _ 4 , x _ 3 ) AND like . agent ( x _ 5 , x _ 2 ) AND like . theme ( x _ 5 , x _ 3 )	elips_RNR_in_dist
Charlotte cooked and a girl liked a scientist .	scientist ( x _ 2 ) AND girl ( x _ 1 ) AND cook . agent ( x _ 3 , Charlotte ) AND cook . theme ( x _ 3 , x _ 2 ) AND like . agent ( x _ 4 , x _ 1 ) AND like . theme ( x _ 4 , x _ 2 )	elips_RNR_in_dist
Liam painted and Ava liked Jack .	paint . agent ( x _ 0 , Liam ) AND paint . theme ( x _ 0 , Jack ) AND like . agent ( x _ 1 , Ava ) AND like . theme ( x _ 1 , Jack )	elips_RNR_in_dist
The baby liked and Emma liked a boy .	* baby ( x _ 0 ) ; boy ( x _ 2 ) AND like . agent ( x _ 3 , x _ 0 ) AND like . theme ( x _ 3 , x _ 2 ) AND like . agent ( x _ 4 , Emma ) AND like . theme ( x _ 4 , x _ 2 )	elips_RNR_in_dist
Noah loved and the girl found Penelope .	* girl ( x _ 0 ) ; love . agent ( x _ 1 , Noah ) AND love . theme ( x _ 1 , Penelope ) AND find . agent ( x _ 2 , x _ 0 ) AND find . theme ( x _ 2 , Penelope )	elips_RNR_in_dist
A hero drew and Emily helped the bird .	* bird ( x _ 2 ) ; hero ( x _ 0 ) AND draw . agent ( x _ 3 , x _ 0 ) AND draw . theme ( x _ 3 , x _ 2 ) AND help . agent ( x _ 4 , Emily ) AND help . theme ( x _ 4 , x _ 2 )	elips_RNR_in_dist
Charlotte cleaned and Emma liked Nathan .	clean . agent ( x _ 0 , Charlotte ) AND clean . theme ( x _ 0 , Nathan ) AND like . agent ( x _ 1 , Emma ) AND like . theme ( x _ 1 , Nathan )	elips_RNR_in_dist
Emma loved and the baby tossed Stella .	* baby ( x _ 0 ) ; love . agent ( x _ 1 , Emma ) AND love . theme ( x _ 1 , Stella ) AND toss . agent ( x _ 2 , x _ 0 ) AND toss . theme ( x _ 2 , Stella )	elips_RNR_in_dist
The deer dusted and the baby liked Leah .	* deer ( x _ 0 ) ; * baby ( x _ 1 ) ; dust . agent ( x _ 2 , x _ 0 ) AND dust . theme ( x _ 2 , Leah ) AND like . agent ( x _ 3 , x _ 1 ) AND like . theme ( x _ 3 , Leah )	elips_RNR_in_dist
William missed and the girl liked a monkey .	* girl ( x _ 1 ) ; monkey ( x _ 2 ) AND miss . agent ( x _ 3 , William ) AND miss . theme ( x _ 3 , x _ 2 ) AND like . agent ( x _ 4 , x _ 1 ) AND like . theme ( x _ 4 , x _ 2 )	elips_RNR_in_dist
Mia ate and Emma poked Penelope .	eat . agent ( x _ 0 , Mia ) AND eat . theme ( x _ 0 , Penelope ) AND poke . agent ( x _ 1 , Emma ) AND poke . theme ( x _ 1 , Penelope )	elips_RNR_in_dist
Mateo ate and the manager stabbed Penelope .	* manager ( x _ 0 ) ; eat . agent ( x _ 1 , Mateo ) AND eat . theme ( x _ 1 , Penelope ) AND stab . agent ( x _ 2 , x _ 0 ) AND stab . theme ( x _ 2 , Penelope )	elips_RNR_in_dist
Noah painted and the cat liked Grayson .	* cat ( x _ 0 ) ; paint . agent ( x _ 1 , Noah ) AND paint . theme ( x _ 1 , Grayson ) AND like . agent ( x _ 2 , x _ 0 ) AND like . theme ( x _ 2 , Grayson )	elips_RNR_in_dist
A dog drew and Liam liked the president .	* president ( x _ 2 ) ; dog ( x _ 0 ) AND draw . agent ( x _ 3 , x _ 0 ) AND draw . theme ( x _ 3 , x _ 2 ) AND like . agent ( x _ 4 , Liam ) AND like . theme ( x _ 4 , x _ 2 )	elips_RNR_in_dist
Liam ate and Noah loved Penelope .	eat . agent ( x _ 0 , Liam ) AND eat . theme ( x _ 0 , Penelope ) AND love . agent ( x _ 1 , Noah ) AND love . theme ( x _ 1 , Penelope )	elips_RNR_in_dist
Scarlett discovered and Emma liked a cat .	cat ( x _ 1 ) AND discover . agent ( x _ 2 , Scarlett ) AND discover . theme ( x _ 2 , x _ 1 ) AND like . agent ( x _ 3 , Emma ) AND like . theme ( x _ 3 , x _ 1 )	elips_RNR_in_dist
The girl touched and the cat poked Julian .	* girl ( x _ 0 ) ; * cat ( x _ 1 ) ; touch . agent ( x _ 2 , x _ 0 ) AND touch . theme ( x _ 2 , Julian ) AND poke . agent ( x _ 3 , x _ 1 ) AND poke . theme ( x _ 3 , Julian )	elips_RNR_in_dist
Isabella stabbed and Olivia helped a girl .	girl ( x _ 1 ) AND stab . agent ( x _ 2 , Isabella ) AND stab . theme ( x _ 2 , x _ 1 ) AND help . agent ( x _ 3 , Olivia ) AND help . theme ( x _ 3 , x _ 1 )	elips_RNR_in_dist
The mouse appreciated and a boy liked Layla .	* mouse ( x _ 0 ) ; boy ( x _ 1 ) AND appreciate . agent ( x _ 2 , x _ 0 ) AND appreciate . theme ( x _ 2 , Layla ) AND like . agent ( x _ 3 , x _ 1 ) AND like . theme ( x _ 3 , Layla )	elips_RNR_in_dist
Emma dusted and Liam adored a girl .	girl ( x _ 1 ) AND dust . agent ( x _ 2 , Emma ) AND dust . theme ( x _ 2 , x _ 1 ) AND adore . agent ( x _ 3 , Liam ) AND adore . theme ( x _ 3 , x _ 1 )	elips_RNR_in_dist
Emma poked and the girl valued Riley .	* girl ( x _ 0 ) ; poke . agent ( x _ 1 , Emma ) AND poke . theme ( x _ 1 , Riley ) AND value . agent ( x _ 2 , x _ 0 ) AND value . theme ( x _ 2 , Riley )	elips_RNR_in_dist
The scientist helped and the frog valued a professor .	* scientist ( x _ 0 ) ; * frog ( x _ 2 ) ; professor ( x _ 3 ) AND help . agent ( x _ 4 , x _ 0 ) AND help . theme ( x _ 4 , x _ 3 ) AND value . agent ( x _ 5 , x _ 2 ) AND value . theme ( x _ 5 , x _ 3 )	elips_RNR_in_dist
James dusted and a cat liked Hannah .	cat ( x _ 0 ) AND dust . agent ( x _ 1 , James ) AND dust . theme ( x _ 1 , Hannah ) AND like . agent ( x _ 2 , x _ 0 ) AND like . theme ( x _ 2 , Hannah )	elips_RNR_in_dist
Liam painted and a soldier liked a teacher .	teacher ( x _ 2 ) AND soldier ( x _ 1 ) AND paint . agent ( x _ 3 , Liam ) AND paint . theme ( x _ 3 , x _ 2 ) AND like . agent ( x _ 4 , x _ 1 ) AND like . theme ( x _ 4 , x _ 2 )	elips_RNR_in_dist
A girl worshipped and Emma admired Nathan .	girl ( x _ 0 ) AND worship . agent ( x _ 1 , x _ 0 ) AND worship . theme ( x _ 1 , Nathan ) AND admire . agent ( x _ 2 , Emma ) AND admire . theme ( x _ 2 , Nathan )	elips_RNR_in_dist
Liam ate and a lion adored the boy .	* boy ( x _ 2 ) ; lion ( x _ 1 ) AND eat . agent ( x _ 3 , Liam ) AND eat . theme ( x _ 3 , x _ 2 ) AND adore . agent ( x _ 4 , x _ 1 ) AND adore . theme ( x _ 4 , x _ 2 )	elips_RNR_in_dist
Liam drew and Olivia helped Wyatt .	draw . agent ( x _ 0 , Liam ) AND draw . theme ( x _ 0 , Wyatt ) AND help . agent ( x _ 1 , Olivia ) AND help . theme ( x _ 1 , Wyatt )	elips_RNR_in_dist
A manager found and the teacher liked a girl .	* teacher ( x _ 2 ) ; manager ( x _ 0 ) AND girl ( x _ 3 ) AND find . agent ( x _ 4 , x _ 0 ) AND find . theme ( x _ 4 , x _ 3 ) AND like . agent ( x _ 5 , x _ 2 ) AND like . theme ( x _ 5 , x _ 3 )	elips_RNR_in_dist
The mouse admired and a chicken respected John .	* mouse ( x _ 0 ) ; chicken ( x _ 1 ) AND admire . agent ( x _ 2 , x _ 0 ) AND admire . theme ( x _ 2 , John ) AND respect . agent ( x _ 3 , x _ 1 ) AND respect . theme ( x _ 3 , John )	elips_RNR_in_dist
William liked and Emma helped Layla .	like . agent ( x _ 0 , William ) AND like . theme ( x _ 0 , Layla ) AND help . agent ( x _ 1 , Emma ) AND help . theme ( x _ 1 , Layla )	elips_RNR_in_dist
Emma found and Henry liked Claire .	find . agent ( x _ 0 , Emma ) AND find . theme ( x _ 0 , Claire ) AND like . agent ( x _ 1 , Henry ) AND like . theme ( x _ 1 , Claire )	elips_RNR_in_dist
The girl ate and Liam liked Zoe .	* girl ( x _ 0 ) ; eat . agent ( x _ 1 , x _ 0 ) AND eat . theme ( x _ 1 , Zoe ) AND like . agent ( x _ 2 , Liam ) AND like . theme ( x _ 2 , Zoe )	elips_RNR_in_dist
Julian painted and the pony liked Lily .	* pony ( x _ 0 ) ; paint . agent ( x _ 1 , Julian ) AND paint . theme ( x _ 1 , Lily ) AND like . agent ( x _ 2 , x _ 0 ) AND like . theme ( x _ 2 , Lily )	elips_RNR_in_dist
The dog helped and a girl loved the boy .	* dog ( x _ 0 ) ; * boy ( x _ 3 ) ; girl ( x _ 2 ) AND help . agent ( x _ 4 , x _ 0 ) AND help . theme ( x _ 4 , x _ 3 ) AND love . agent ( x _ 5 , x _ 2 ) AND love . theme ( x _ 5 , x _ 3 )	elips_RNR_in_dist
A bunny ate and Emma loved Ellie .	bunny ( x _ 0 ) AND eat . agent ( x _ 1 , x _ 0 ) AND eat . theme ( x _ 1 , Ellie ) AND love . agent ( x _ 2 , Emma ) AND love . theme ( x _ 2 , Ellie )	elips_RNR_in_dist
Emma found and Liam helped a bear .	bear ( x _ 1 ) AND find . agent ( x _ 2 , Emma ) AND find . theme ( x _ 2 , x _ 1 ) AND help . agent ( x _ 3 , Liam ) AND help . theme ( x _ 3 , x _ 1 )	elips_RNR_in_dist
Mia hunted and Olivia liked the teacher .	* teacher ( x _ 1 ) ; hunt . agent ( x _ 2 , Mia ) AND hunt . theme ( x _ 2 , x _ 1 ) AND like . agent ( x _ 3 , Olivia ) AND like . theme ( x _ 3 , x _ 1 )	elips_RNR_in_dist
Emma stabbed and Sophia helped Riley .	stab . agent ( x _ 0 , Emma ) AND stab . theme ( x _ 0 , Riley ) AND help . agent ( x _ 1 , Sophia ) AND help . theme ( x _ 1 , Riley )	elips_RNR_in_dist
Liam missed and the professor stabbed Riley .	* professor ( x _ 0 ) ; miss . agent ( x _ 1 , Liam ) AND miss . theme ( x _ 1 , Riley ) AND stab . agent ( x _ 2 , x _ 0 ) AND stab . theme ( x _ 2 , Riley )	elips_RNR_in_dist
The girl stabbed and the duck liked a boy .	* girl ( x _ 0 ) ; * duck ( x _ 2 ) ; boy ( x _ 3 ) AND stab . agent ( x _ 4 , x _ 0 ) AND stab . theme ( x _ 4 , x _ 3 ) AND like . agent ( x _ 5 , x _ 2 ) AND like . theme ( x _ 5 , x _ 3 )	elips_RNR_in_dist
Liam found and the girl liked Jayden .	* girl ( x _ 0 ) ; find . agent ( x _ 1 , Liam ) AND find . theme ( x _ 1 , Jayden ) AND like . agent ( x _ 2 , x _ 0 ) AND like . theme ( x _ 2 , Jayden )	elips_RNR_in_dist
Jacob ate and the girl helped Layla .	* girl ( x _ 0 ) ; eat . agent ( x _ 1 , Jacob ) AND eat . theme ( x _ 1 , Layla ) AND help . agent ( x _ 2 , x _ 0 ) AND help . theme ( x _ 2 , Layla )	elips_RNR_in_dist
Brooklyn cooked and Ellie threw Layla .	cook . agent ( x _ 0 , Brooklyn ) AND cook . theme ( x _ 0 , Layla ) AND throw . agent ( x _ 1 , Ellie ) AND throw . theme ( x _ 1 , Layla )	elips_RNR_in_dist
Sophia liked and the girl tolerated Penelope .	* girl ( x _ 0 ) ; like . agent ( x _ 1 , Sophia ) AND like . theme ( x _ 1 , Penelope ) AND tolerate . agent ( x _ 2 , x _ 0 ) AND tolerate . theme ( x _ 2 , Penelope )	elips_RNR_in_dist
A cat ate and a girl loved Dylan .	cat ( x _ 0 ) AND girl ( x _ 1 ) AND eat . agent ( x _ 2 , x _ 0 ) AND eat . theme ( x _ 2 , Dylan ) AND love . agent ( x _ 3 , x _ 1 ) AND love . theme ( x _ 3 , Dylan )	elips_RNR_in_dist
The giraffe examined and the cat held Layla .	* giraffe ( x _ 0 ) ; * cat ( x _ 1 ) ; examine . agent ( x _ 2 , x _ 0 ) AND examine . theme ( x _ 2 , Layla ) AND hold . agent ( x _ 3 , x _ 1 ) AND hold . theme ( x _ 3 , Layla )	elips_RNR_in_dist
A boy cooked and Liam helped Brooklyn .	boy ( x _ 0 ) AND cook . agent ( x _ 1 , x _ 0 ) AND cook . theme ( x _ 1 , Brooklyn ) AND help . agent ( x _ 2 , Liam ) AND help . theme ( x _ 2 , Brooklyn )	elips_RNR_in_dist
A chicken ate and a bee found Luke .	chicken ( x _ 0 ) AND bee ( x _ 1 ) AND eat . agent ( x _ 2 , x _ 0 ) AND eat . theme ( x _ 2 , Luke ) AND find . agent ( x _ 3 , x _ 1 ) AND find . theme ( x _ 3 , Luke )	elips_RNR_in_dist
The child nursed and Emma admired Natalie .	* child ( x _ 0 ) ; nurse . agent ( x _ 1 , x _ 0 ) AND nurse . theme ( x _ 1 , Natalie ) AND admire . agent ( x _ 2 , Emma ) AND admire . theme ( x _ 2 , Natalie )	elips_RNR_in_dist
The girl liked and Emma found a child .	* girl ( x _ 0 ) ; child ( x _ 2 ) AND like . agent ( x _ 3 , x _ 0 ) AND like . theme ( x _ 3 , x _ 2 ) AND find . agent ( x _ 4 , Emma ) AND find . theme ( x _ 4 , x _ 2 )	elips_RNR_in_dist
James found and Emma liked a butterfly .	butterfly ( x _ 1 ) AND find . agent ( x _ 2 , James ) AND find . theme ( x _ 2 , x _ 1 ) AND like . agent ( x _ 3 , Emma ) AND like . theme ( x _ 3 , x _ 1 )	elips_RNR_in_dist
The girl ate and a mother liked Natalie .	* girl ( x _ 0 ) ; mother ( x _ 1 ) AND eat . agent ( x _ 2 , x _ 0 ) AND eat . theme ( x _ 2 , Natalie ) AND like . agent ( x _ 3 , x _ 1 ) AND like . theme ( x _ 3 , Natalie )	elips_RNR_in_dist
Emma liked and the priest poked a cat .	* priest ( x _ 1 ) ; cat ( x _ 2 ) AND like . agent ( x _ 3 , Emma ) AND like . theme ( x _ 3 , x _ 2 ) AND poke . agent ( x _ 4 , x _ 1 ) AND poke . theme ( x _ 4 , x _ 2 )	elips_RNR_in_dist
Olivia adored and the princess held Penelope .	* princess ( x _ 0 ) ; adore . agent ( x _ 1 , Olivia ) AND adore . theme ( x _ 1 , Penelope ) AND hold . agent ( x _ 2 , x _ 0 ) AND hold . theme ( x _ 2 , Penelope )	elips_RNR_in_dist
The boy adored and Lucas liked Penelope .	* boy ( x _ 0 ) ; adore . agent ( x _ 1 , x _ 0 ) AND adore . theme ( x _ 1 , Penelope ) AND like . agent ( x _ 2 , Lucas ) AND like . theme ( x _ 2 , Penelope )	elips_RNR_in_dist
A president poked and Emma poked Layla .	president ( x _ 0 ) AND poke . agent ( x _ 1 , x _ 0 ) AND poke . theme ( x _ 1 , Layla ) AND poke . agent ( x _ 2 , Emma ) AND poke . theme ( x _ 2 , Layla )	elips_RNR_in_dist
Emma noticed and Liam liked Penelope .	notice . agent ( x _ 0 , Emma ) AND notice . theme ( x _ 0 , Penelope ) AND like . agent ( x _ 1 , Liam ) AND like . theme ( x _ 1 , Penelope )	elips_RNR_in_dist
Emma worshipped and the director adored Penelope .	* director ( x _ 0 ) ; worship . agent ( x _ 1 , Emma ) AND worship . theme ( x _ 1 , Penelope ) AND adore . agent ( x _ 2 , x _ 0 ) AND adore . theme ( x _ 2 , Penelope )	elips_RNR_in_dist
Mason found and a boy admired Wyatt .	boy ( x _ 0 ) AND find . agent ( x _ 1 , Mason ) AND find . theme ( x _ 1 , Wyatt ) AND admire . agent ( x _ 2 , x _ 0 ) AND admire . theme ( x _ 2 , Wyatt )	elips_RNR_in_dist
Charlotte cooked and Levi liked the chicken .	* chicken ( x _ 1 ) ; cook . agent ( x _ 2 , Charlotte ) AND cook . theme ( x _ 2 , x _ 1 ) AND like . agent ( x _ 3 , Levi ) AND like . theme ( x _ 3 , x _ 1 )	elips_RNR_in_dist
Emma discovered and the wolf liked the bird .	* bird ( x _ 2 ) ; * wolf ( x _ 1 ) ; discover . agent ( x _ 3 , Emma ) AND discover . theme ( x _ 3 , x _ 2 ) AND like . agent ( x _ 4 , x _ 1 ) AND like . theme ( x _ 4 , x _ 2 )	elips_RNR_in_dist
The monster tolerated and a journalist found Jaxon .	* monster ( x _ 0 ) ; journalist ( x _ 1 ) AND tolerate . agent ( x _ 2 , x _ 0 ) AND tolerate . theme ( x _ 2 , Jaxon ) AND find . agent ( x _ 3 , x _ 1 ) AND find . theme ( x _ 3 , Jaxon )	elips_RNR_in_dist
A boy ate and a cat admired Penelope .	boy ( x _ 0 ) AND cat ( x _ 1 ) AND eat . agent ( x _ 2 , x _ 0 ) AND eat . theme ( x _ 2 , Penelope ) AND admire . agent ( x _ 3 , x _ 1 ) AND admire . theme ( x _ 3 , Penelope )	elips_RNR_in_dist
A girl ate and Ava helped Mateo .	girl ( x _ 0 ) AND eat . agent ( x _ 1 , x _ 0 ) AND eat . theme ( x _ 1 , Mateo ) AND help . agent ( x _ 2 , Ava ) AND help . theme ( x _ 2 , Mateo )	elips_RNR_in_dist
Isabella knew and the boy liked Gabriel .	* boy ( x _ 0 ) ; know . agent ( x _ 1 , Isabella ) AND know . theme ( x _ 1 , Gabriel ) AND like . agent ( x _ 2 , x _ 0 ) AND like . theme ( x _ 2 , Gabriel )	elips_RNR_in_dist
A hero adored and a baby liked Lincoln .	hero ( x _ 0 ) AND baby ( x _ 1 ) AND adore . agent ( x _ 2 , x _ 0 ) AND adore . theme ( x _ 2 , Lincoln ) AND like . agent ( x _ 3 , x _ 1 ) AND like . theme ( x _ 3 , Lincoln )	elips_RNR_in_dist
Matthew liked and Eleanor liked Penelope .	like . agent ( x _ 0 , Matthew ) AND like . theme ( x _ 0 , Penelope ) AND like . agent ( x _ 1 , Eleanor ) AND like . theme ( x _ 1 , Penelope )	elips_RNR_in_dist
Liam observed and Emma touched a boy .	boy ( x _ 1 ) AND observe . agent ( x _ 2 , Liam ) AND observe . theme ( x _ 2 , x _ 1 ) AND touch . agent ( x _ 3 , Emma ) AND touch . theme ( x _ 3 , x _ 1 )	elips_RNR_in_dist
A girl liked and a kid missed a butterfly .	girl ( x _ 0 ) AND butterfly ( x _ 3 ) AND kid ( x _ 2 ) AND like . agent ( x _ 4 , x _ 0 ) AND like . theme ( x _ 4 , x _ 3 ) AND miss . agent ( x _ 5 , x _ 2 ) AND miss . theme ( x _ 5 , x _ 3 )	elips_RNR_in_dist
A turkey discovered and Emma admired Penelope .	turkey ( x _ 0 ) AND discover . agent ( x _ 1 , x _ 0 ) AND discover . theme ( x _ 1 , Penelope ) AND admire . agent ( x _ 2 , Emma ) AND admire . theme ( x _ 2 , Penelope )	elips_RNR_in_dist
A boy examined and Emma appreciated a girl .	boy ( x _ 0 ) AND girl ( x _ 2 ) AND examine . agent ( x _ 3 , x _ 0 ) AND examine . theme ( x _ 3 , x _ 2 ) AND appreciate . agent ( x _ 4 , Emma ) AND appreciate . theme ( x _ 4 , x _ 2 )	elips_RNR_in_dist
Liam studied and Ethan valued the baby .	* baby ( x _ 1 ) ; study . agent ( x _ 2 , Liam ) AND study . theme ( x _ 2 , x _ 1 ) AND value . agent ( x _ 3 , Ethan ) AND value . theme ( x _ 3 , x _ 1 )	elips_RNR_in_dist
Skylar poked and Noah missed a dog .	dog ( x _ 1 ) AND poke . agent ( x _ 2 , Skylar ) AND poke . theme ( x _ 2 , x _ 1 ) AND miss . agent ( x _ 3 , Noah ) AND miss . theme ( x _ 3 , x _ 1 )	elips_RNR_in_dist
A girl painted and the boy loved the dog .	* dog ( x _ 3 ) ; * boy ( x _ 2 ) ; girl ( x _ 0 ) AND paint . agent ( x _ 4 , x _ 0 ) AND paint . theme ( x _ 4 , x _ 3 ) AND love . agent ( x _ 5 , x _ 2 ) AND love . theme ( x _ 5 , x _ 3 )	elips_RNR_in_dist
The girl threw and a sailor found Isaac .	* girl ( x _ 0 ) ; sailor ( x _ 1 ) AND throw . agent ( x _ 2 , x _ 0 ) AND throw . theme ( x _ 2 , Isaac ) AND find . agent ( x _ 3 , x _ 1 ) AND find . theme ( x _ 3 , Isaac )	elips_RNR_in_dist
A girl appreciated and Emma liked the giraffe .	* giraffe ( x _ 2 ) ; girl ( x _ 0 ) AND appreciate . agent ( x _ 3 , x _ 0 ) AND appreciate . theme ( x _ 3 , x _ 2 ) AND like . agent ( x _ 4 , Emma ) AND like . theme ( x _ 4 , x _ 2 )	elips_RNR_in_dist
The dog studied and a giraffe liked a boy .	* dog ( x _ 0 ) ; boy ( x _ 3 ) AND giraffe ( x _ 2 ) AND study . agent ( x _ 4 , x _ 0 ) AND study . theme ( x _ 4 , x _ 3 ) AND like . agent ( x _ 5 , x _ 2 ) AND like . theme ( x _ 5 , x _ 3 )	elips_RNR_in_dist
The baby ate and Emma liked the wolf .	* baby ( x _ 0 ) ; * wolf ( x _ 2 ) ; eat . agent ( x _ 3 , x _ 0 ) AND eat . theme ( x _ 3 , x _ 2 ) AND like . agent ( x _ 4 , Emma ) AND like . theme ( x _ 4 , x _ 2 )	elips_RNR_in_dist
A cat painted and Emma tolerated John .	cat ( x _ 0 ) AND paint . agent ( x _ 1 , x _ 0 ) AND paint . theme ( x _ 1 , John ) AND tolerate . agent ( x _ 2 , Emma ) AND tolerate . theme ( x _ 2 , John )	elips_RNR_in_dist
The baby cleaned and the lamb respected a dog .	* baby ( x _ 0 ) ; * lamb ( x _ 2 ) ; dog ( x _ 3 ) AND clean . agent ( x _ 4 , x _ 0 ) AND clean . theme ( x _ 4 , x _ 3 ) AND respect . agent ( x _ 5 , x _ 2 ) AND respect . theme ( x _ 5 , x _ 3 )	elips_RNR_in_dist
The boy drew and the cat discovered the girl .	* boy ( x _ 0 ) ; * girl ( x _ 3 ) ; * cat ( x _ 2 ) ; draw . agent ( x _ 4 , x _ 0 ) AND draw . theme ( x _ 4 , x _ 3 ) AND discover . agent ( x _ 5 , x _ 2 ) AND discover . theme ( x _ 5 , x _ 3 )	elips_RNR_in_dist
Amelia ate and the girl liked Asher .	* girl ( x _ 0 ) ; eat . agent ( x _ 1 , Amelia ) AND eat . theme ( x _ 1 , Asher ) AND like . agent ( x _ 2 , x _ 0 ) AND like . theme ( x _ 2 , Asher )	elips_RNR_in_dist
A pupil examined and a cat respected John .	pupil ( x _ 0 ) AND cat ( x _ 1 ) AND examine . agent ( x _ 2 , x _ 0 ) AND examine . theme ( x _ 2 , John ) AND respect . agent ( x _ 3 , x _ 1 ) AND respect . theme ( x _ 3 , John )	elips_RNR_in_dist
Emma liked and a girl helped Wyatt .	girl ( x _ 0 ) AND like . agent ( x _ 1 , Emma ) AND like . theme ( x _ 1 , Wyatt ) AND help . agent ( x _ 2 , x _ 0 ) AND help . theme ( x _ 2 , Wyatt )	elips_RNR_in_dist
A judge liked and the cat helped the king .	* king ( x _ 3 ) ; * cat ( x _ 2 ) ; judge ( x _ 0 ) AND like . agent ( x _ 4 , x _ 0 ) AND like . theme ( x _ 4 , x _ 3 ) AND help . agent ( x _ 5 , x _ 2 ) AND help . theme ( x _ 5 , x _ 3 )	elips_RNR_in_dist
The hero liked and Oliver adored Lily .	* hero ( x _ 0 ) ; like . agent ( x _ 1 , x _ 0 ) AND like . theme ( x _ 1 , Lily ) AND adore . agent ( x _ 2 , Oliver ) AND adore . theme ( x _ 2 , Lily )	elips_RNR_in_dist
Emma appreciated and a monkey threw Skylar .	monkey ( x _ 0 ) AND appreciate . agent ( x _ 1 , Emma ) AND appreciate . theme ( x _ 1 , Skylar ) AND throw . agent ( x _ 2 , x _ 0 ) AND throw . theme ( x _ 2 , Skylar )	elips_RNR_in_dist
Noah liked and a dog admired a girl .	girl ( x _ 2 ) AND dog ( x _ 1 ) AND like . agent ( x _ 3 , Noah ) AND like . theme ( x _ 3 , x _ 2 ) AND admire . agent ( x _ 4 , x _ 1 ) AND admire . theme ( x _ 4 , x _ 2 )	elips_RNR_in_dist
A pupil ate and Amelia poked Penelope .	pupil ( x _ 0 ) AND eat . agent ( x _ 1 , x _ 0 ) AND eat . theme ( x _ 1 , Penelope ) AND poke . agent ( x _ 2 , Amelia ) AND poke . theme ( x _ 2 , Penelope )	elips_RNR_in_dist
The girl liked and the bee liked the dog .	* girl ( x _ 0 ) ; * dog ( x _ 3 ) ; * bee ( x _ 2 ) ; like . agent ( x _ 4 , x _ 0 ) AND like . theme ( x _ 4 , x _ 3 ) AND like . agent ( x _ 5 , x _ 2 ) AND like . theme ( x _ 5 , x _ 3 )	elips_RNR_in_dist
Emma helped and Noah loved the girl .	* girl ( x _ 1 ) ; help . agent ( x _ 2 , Emma ) AND help . theme ( x _ 2 , x _ 1 ) AND love . agent ( x _ 3 , Noah ) AND love . theme ( x _ 3 , x _ 1 )	elips_RNR_in_dist
A cat observed and James tossed Lily .	cat ( x _ 0 ) AND observe . agent ( x _ 1 , x _ 0 ) AND observe . theme ( x _ 1 , Lily ) AND toss . agent ( x _ 2 , James ) AND toss . theme ( x _ 2 , Lily )	elips_RNR_in_dist
Emma missed and the girl found the boy .	* boy ( x _ 2 ) ; * girl ( x _ 1 ) ; miss . agent ( x _ 3 , Emma ) AND miss . theme ( x _ 3 , x _ 2 ) AND find . agent ( x _ 4 , x _ 1 ) AND find . theme ( x _ 4 , x _ 2 )	elips_RNR_in_dist
Charlotte cooked and Noah loved a frog .	frog ( x _ 1 ) AND cook . agent ( x _ 2 , Charlotte ) AND cook . theme ( x _ 2 , x _ 1 ) AND love . agent ( x _ 3 , Noah ) AND love . theme ( x _ 3 , x _ 1 )	elips_RNR_in_dist
A duck helped and Emma liked Wyatt .	duck ( x _ 0 ) AND help . agent ( x _ 1 , x _ 0 ) AND help . theme ( x _ 1 , Wyatt ) AND like . agent ( x _ 2 , Emma ) AND like . theme ( x _ 2 , Wyatt )	elips_RNR_in_dist
A girl helped and the cat liked a giraffe .	* cat ( x _ 2 ) ; girl ( x _ 0 ) AND giraffe ( x _ 3 ) AND help . agent ( x _ 4 , x _ 0 ) AND help . theme ( x _ 4 , x _ 3 ) AND like . agent ( x _ 5 , x _ 2 ) AND like . theme ( x _ 5 , x _ 3 )	elips_RNR_in_dist
Emma ate and a boy admired the lion .	* lion ( x _ 2 ) ; boy ( x _ 1 ) AND eat . agent ( x _ 3 , Emma ) AND eat . theme ( x _ 3 , x _ 2 ) AND admire . agent ( x _ 4 , x _ 1 ) AND admire . theme ( x _ 4 , x _ 2 )	elips_RNR_in_dist
Emma liked and a lion loved the girl .	* girl ( x _ 2 ) ; lion ( x _ 1 ) AND like . agent ( x _ 3 , Emma ) AND like . theme ( x _ 3 , x _ 2 ) AND love . agent ( x _ 4 , x _ 1 ) AND love . theme ( x _ 4 , x _ 2 )	elips_RNR_in_dist
Noah pierced and the boy poked Penelope .	* boy ( x _ 0 ) ; pierce . agent ( x _ 1 , Noah ) AND pierce . theme ( x _ 1 , Penelope ) AND poke . agent ( x _ 2 , x _ 0 ) AND poke . theme ( x _ 2 , Penelope )	elips_RNR_in_dist
William dusted and Olivia helped a teacher .	teacher ( x _ 1 ) AND dust . agent ( x _ 2 , William ) AND dust . theme ( x _ 2 , x _ 1 ) AND help . agent ( x _ 3 , Olivia ) AND help . theme ( x _ 3 , x _ 1 )	elips_RNR_in_dist
The mother poked and the buyer liked a dog .	* mother ( x _ 0 ) ; * buyer ( x _ 2 ) ; dog ( x _ 3 ) AND poke . agent ( x _ 4 , x _ 0 ) AND poke . theme ( x _ 4 , x _ 3 ) AND like . agent ( x _ 5 , x _ 2 ) AND like . theme ( x _ 5 , x _ 3 )	elips_RNR_in_dist
Liam ate and the lion adored the girl .	* girl ( x _ 2 ) ; * lion ( x _ 1 ) ; eat . agent ( x _ 3 , Liam ) AND eat . theme ( x _ 3 , x _ 2 ) AND adore . agent ( x _ 4 , x _ 1 ) AND adore . theme ( x _ 4 , x _ 2 )	elips_RNR_in_dist
The cat loved and the duck loved a child .	* cat ( x _ 0 ) ; * duck ( x _ 2 ) ; child ( x _ 3 ) AND love . agent ( x _ 4 , x _ 0 ) AND love . theme ( x _ 4 , x _ 3 ) AND love . agent ( x _ 5 , x _ 2 ) AND love . theme ( x _ 5 , x _ 3 )	elips_RNR_in_dist
Emma ate and the pony helped a manager .	* pony ( x _ 1 ) ; manager ( x _ 2 ) AND eat . agent ( x _ 3 , Emma ) AND eat . theme ( x _ 3 , x _ 2 ) AND help . agent ( x _ 4 , x _ 1 ) AND help . theme ( x _ 4 , x _ 2 )	elips_RNR_in_dist
The cat stabbed and Emma liked Penelope .	* cat ( x _ 0 ) ; stab . agent ( x _ 1 , x _ 0 ) AND stab . theme ( x _ 1 , Penelope ) AND like . agent ( x _ 2 , Emma ) AND like . theme ( x _ 2 , Penelope )	elips_RNR_in_dist
Levi nursed and Matthew worshipped the bird .	* bird ( x _ 1 ) ; nurse . agent ( x _ 2 , Levi ) AND nurse . theme ( x _ 2 , x _ 1 ) AND worship . agent ( x _ 3 , Matthew ) AND worship . theme ( x _ 3 , x _ 1 )	elips_RNR_in_dist
Emma found and the girl adored John .	* girl ( x _ 0 ) ; find . agent ( x _ 1 , Emma ) AND find . theme ( x _ 1 , John ) AND adore . agent ( x _ 2 , x _ 0 ) AND adore . theme ( x _ 2 , John )	elips_RNR_in_dist
James liked and a duck liked Wyatt .	duck ( x _ 0 ) AND like . agent ( x _ 1 , James ) AND like . theme ( x _ 1 , Wyatt ) AND like . agent ( x _ 2 , x _ 0 ) AND like . theme ( x _ 2 , Wyatt )	elips_RNR_in_dist
The monkey discovered and the girl loved Penelope .	* monkey ( x _ 0 ) ; * girl ( x _ 1 ) ; discover . agent ( x _ 2 , x _ 0 ) AND discover . theme ( x _ 2 , Penelope ) AND love . agent ( x _ 3 , x _ 1 ) AND love . theme ( x _ 3 , Penelope )	elips_RNR_in_dist
The girl found and Emma appreciated Penelope .	* girl ( x _ 0 ) ; find . agent ( x _ 1 , x _ 0 ) AND find . theme ( x _ 1 , Penelope ) AND appreciate . agent ( x _ 2 , Emma ) AND appreciate . theme ( x _ 2 , Penelope )	elips_RNR_in_dist
Isabella called and Avery liked Jaxon .	call . agent ( x _ 0 , Isabella ) AND call . theme ( x _ 0 , Jaxon ) AND like . agent ( x _ 1 , Avery ) AND like . theme ( x _ 1 , Jaxon )	elips_RNR_in_dist
Olivia liked and the frog helped a girl .	* frog ( x _ 1 ) ; girl ( x _ 2 ) AND like . agent ( x _ 3 , Olivia ) AND like . theme ( x _ 3 , x _ 2 ) AND help . agent ( x _ 4 , x _ 1 ) AND help . theme ( x _ 4 , x _ 2 )	elips_RNR_in_dist
Victoria knew and a butterfly adored Penelope .	butterfly ( x _ 0 ) AND know . agent ( x _ 1 , Victoria ) AND know . theme ( x _ 1 , Penelope ) AND adore . agent ( x _ 2 , x _ 0 ) AND adore . theme ( x _ 2 , Penelope )	elips_RNR_in_dist
Avery discovered and Liam found Penelope .	discover . agent ( x _ 0 , Avery ) AND discover . theme ( x _ 0 , Penelope ) AND find . agent ( x _ 1 , Liam ) AND find . theme ( x _ 1 , Penelope )	elips_RNR_in_dist
Emma liked and the governor liked Penelope .	* governor ( x _ 0 ) ; like . agent ( x _ 1 , Emma ) AND like . theme ( x _ 1 , Penelope ) AND like . agent ( x _ 2 , x _ 0 ) AND like . theme ( x _ 2 , Penelope )	elips_RNR_in_dist
Olivia liked and the baby threw a girl .	* baby ( x _ 1 ) ; girl ( x _ 2 ) AND like . agent ( x _ 3 , Olivia ) AND like . theme ( x _ 3 , x _ 2 ) AND throw . agent ( x _ 4 , x _ 1 ) AND throw . theme ( x _ 4 , x _ 2 )	elips_RNR_in_dist
The dog ate and a teacher liked Lillian .	* dog ( x _ 0 ) ; teacher ( x _ 1 ) AND eat . agent ( x _ 2 , x _ 0 ) AND eat . theme ( x _ 2 , Lillian ) AND like . agent ( x _ 3 , x _ 1 ) AND like . theme ( x _ 3 , Lillian )	elips_RNR_in_dist
The girl liked and Isabella found Bella .	* girl ( x _ 0 ) ; like . agent ( x _ 1 , x _ 0 ) AND like . theme ( x _ 1 , Bella ) AND find . agent ( x _ 2 , Isabella ) AND find . theme ( x _ 2 , Bella )	elips_RNR_in_dist
A teacher touched and Emma loved Penelope .	teacher ( x _ 0 ) AND touch . agent ( x _ 1 , x _ 0 ) AND touch . theme ( x _ 1 , Penelope ) AND love . agent ( x _ 2 , Emma ) AND love . theme ( x _ 2 , Penelope )	elips_RNR_in_dist
Charlotte liked and Olivia helped Penelope .	like . agent ( x _ 0 , Charlotte ) AND like . theme ( x _ 0 , Penelope ) AND help . agent ( x _ 1 , Olivia ) AND help . theme ( x _ 1 , Penelope )	elips_RNR_in_dist
Evelyn tossed and William helped the girl .	* girl ( x _ 1 ) ; toss . agent ( x _ 2 , Evelyn ) AND toss . theme ( x _ 2 , x _ 1 ) AND help . agent ( x _ 3 , William ) AND help . theme ( x _ 3 , x _ 1 )	elips_RNR_in_dist
The cat found and William poked a girl .	* cat ( x _ 0 ) ; girl ( x _ 2 ) AND find . agent ( x _ 3 , x _ 0 ) AND find . theme ( x _ 3 , x _ 2 ) AND poke . agent ( x _ 4 , William ) AND poke . theme ( x _ 4 , x _ 2 )	elips_RNR_in_dist
Isabella liked and a child found the girl .	* girl ( x _ 2 ) ; child ( x _ 1 ) AND like . agent ( x _ 3 , Isabella ) AND like . theme ( x _ 3 , x _ 2 ) AND find . agent ( x _ 4 , x _ 1 ) AND find . theme ( x _ 4 , x _ 2 )	elips_RNR_in_dist
The girl admired and Mila pierced Anthony .	* girl ( x _ 0 ) ; admire . agent ( x _ 1 , x _ 0 ) AND admire . theme ( x _ 1 , Anthony ) AND pierce . agent ( x _ 2 , Mila ) AND pierce . theme ( x _ 2 , Anthony )	elips_RNR_in_dist
Emma dusted and Olivia liked Wyatt .	dust . agent ( x _ 0 , Emma ) AND dust . theme ( x _ 0 , Wyatt ) AND like . agent ( x _ 1 , Olivia ) AND like . theme ( x _ 1 , Wyatt )	elips_RNR_in_dist
Jackson helped and Caleb liked the mouse .	* mouse ( x _ 1 ) ; help . agent ( x _ 2 , Jackson ) AND help . theme ( x _ 2 , x _ 1 ) AND like . agent ( x _ 3 , Caleb ) AND like . theme ( x _ 3 , x _ 1 )	elips_RNR_in_dist
A child ate and Liam valued a girl .	child ( x _ 0 ) AND girl ( x _ 2 ) AND eat . agent ( x _ 3 , x _ 0 ) AND eat . theme ( x _ 3 , x _ 2 ) AND value . agent ( x _ 4 , Liam ) AND value . theme ( x _ 4 , x _ 2 )	elips_RNR_in_dist
Ava loved and the dog liked Lily .	* dog ( x _ 0 ) ; love . agent ( x _ 1 , Ava ) AND love . theme ( x _ 1 , Lily ) AND like . agent ( x _ 2 , x _ 0 ) AND like . theme ( x _ 2 , Lily )	elips_RNR_in_dist
Noah examined and a dog admired a cat .	cat ( x _ 2 ) AND dog ( x _ 1 ) AND examine . agent ( x _ 3 , Noah ) AND examine . theme ( x _ 3 , x _ 2 ) AND admire . agent ( x _ 4 , x _ 1 ) AND admire . theme ( x _ 4 , x _ 2 )	elips_RNR_in_dist
The girl found and Emma poked a dog .	* girl ( x _ 0 ) ; dog ( x _ 2 ) AND find . agent ( x _ 3 , x _ 0 ) AND find . theme ( x _ 3 , x _ 2 ) AND poke . agent ( x _ 4 , Emma ) AND poke . theme ( x _ 4 , x _ 2 )	elips_RNR_in_dist
A dog painted and a bird found Penelope .	dog ( x _ 0 ) AND bird ( x _ 1 ) AND paint . agent ( x _ 2 , x _ 0 ) AND paint . theme ( x _ 2 , Penelope ) AND find . agent ( x _ 3 , x _ 1 ) AND find . theme ( x _ 3 , Penelope )	elips_RNR_in_dist
The boy cleaned and Lucas liked Luke .	* boy ( x _ 0 ) ; clean . agent ( x _ 1 , x _ 0 ) AND clean . theme ( x _ 1 , Luke ) AND like . agent ( x _ 2 , Lucas ) AND like . theme ( x _ 2 , Luke )	elips_RNR_in_dist
Aria helped and a girl liked Skylar .	girl ( x _ 0 ) AND help . agent ( x _ 1 , Aria ) AND help . theme ( x _ 1 , Skylar ) AND like . agent ( x _ 2 , x _ 0 ) AND like . theme ( x _ 2 , Skylar )	elips_RNR_in_dist
Elijah painted and a boy liked a cat .	cat ( x _ 2 ) AND boy ( x _ 1 ) AND paint . agent ( x _ 3 , Elijah ) AND paint . theme ( x _ 3 , x _ 2 ) AND like . agent ( x _ 4 , x _ 1 ) AND like . theme ( x _ 4 , x _ 2 )	elips_RNR_in_dist
A zebra ate and the girl held the boy .	* boy ( x _ 3 ) ; * girl ( x _ 2 ) ; zebra ( x _ 0 ) AND eat . agent ( x _ 4 , x _ 0 ) AND eat . theme ( x _ 4 , x _ 3 ) AND hold . agent ( x _ 5 , x _ 2 ) AND hold . theme ( x _ 5 , x _ 3 )	elips_RNR_in_dist
Olivia touched and the girl liked Penelope .	* girl ( x _ 0 ) ; touch . agent ( x _ 1 , Olivia ) AND touch . theme ( x _ 1 , Penelope ) AND like . agent ( x _ 2 , x _ 0 ) AND like . theme ( x _ 2 , Penelope )	elips_RNR_in_dist
The girl admired and James liked the boy .	* girl ( x _ 0 ) ; * boy ( x _ 2 ) ; admire . agent ( x _ 3 , x _ 0 ) AND admire . theme ( x _ 3 , x _ 2 ) AND like . agent ( x _ 4 , James ) AND like . theme ( x _ 4 , x _ 2 )	elips_RNR_in_dist
The girl investigated and Emma poked a boy .	* girl ( x _ 0 ) ; boy ( x _ 2 ) AND investigate . agent ( x _ 3 , x _ 0 ) AND investigate . theme ( x _ 3 , x _ 2 ) AND poke . agent ( x _ 4 , Emma ) AND poke . theme ( x _ 4 , x _ 2 )	elips_RNR_in_dist
The girl helped and Grace liked the boy .	* girl ( x _ 0 ) ; * boy ( x _ 2 ) ; help . agent ( x _ 3 , x _ 0 ) AND help . theme ( x _ 3 , x _ 2 ) AND like . agent ( x _ 4 , Grace ) AND like . theme ( x _ 4 , x _ 2 )	elips_RNR_in_dist
Camila ate and Emma helped Luke .	eat . agent ( x _ 0 , Camila ) AND eat . theme ( x _ 0 , Luke ) AND help . agent ( x _ 1 , Emma ) AND help . theme ( x _ 1 , Luke )	elips_RNR_in_dist
Sophia loved and a girl admired Penelope .	girl ( x _ 0 ) AND love . agent ( x _ 1 , Sophia ) AND love . theme ( x _ 1 , Penelope ) AND admire . agent ( x _ 2 , x _ 0 ) AND admire . theme ( x _ 2 , Penelope )	elips_RNR_in_dist
Charlotte juggled and Noah liked the boy .	* boy ( x _ 1 ) ; juggle . agent ( x _ 2 , Charlotte ) AND juggle . theme ( x _ 2 , x _ 1 ) AND like . agent ( x _ 3 , Noah ) AND like . theme ( x _ 3 , x _ 1 )	elips_RNR_in_dist
Noah ate and Emma found Lillian .	eat . agent ( x _ 0 , Noah ) AND eat . theme ( x _ 0 , Lillian ) AND find . agent ( x _ 1 , Emma ) AND find . theme ( x _ 1 , Lillian )	elips_RNR_in_dist
The girl noticed and the cat liked Jack .	* girl ( x _ 0 ) ; * cat ( x _ 1 ) ; notice . agent ( x _ 2 , x _ 0 ) AND notice . theme ( x _ 2 , Jack ) AND like . agent ( x _ 3 , x _ 1 ) AND like . theme ( x _ 3 , Jack )	elips_RNR_in_dist
Emma observed and a dog helped Caleb .	dog ( x _ 0 ) AND observe . agent ( x _ 1 , Emma ) AND observe . theme ( x _ 1 , Caleb ) AND help . agent ( x _ 2 , x _ 0 ) AND help . theme ( x _ 2 , Caleb )	elips_RNR_in_dist
A boy noticed and a cat liked Nathan .	boy ( x _ 0 ) AND cat ( x _ 1 ) AND notice . agent ( x _ 2 , x _ 0 ) AND notice . theme ( x _ 2 , Nathan ) AND like . agent ( x _ 3 , x _ 1 ) AND like . theme ( x _ 3 , Nathan )	elips_RNR_in_dist
A cat cooked and the child loved the hen .	* hen ( x _ 3 ) ; * child ( x _ 2 ) ; cat ( x _ 0 ) AND cook . agent ( x _ 4 , x _ 0 ) AND cook . theme ( x _ 4 , x _ 3 ) AND love . agent ( x _ 5 , x _ 2 ) AND love . theme ( x _ 5 , x _ 3 )	elips_RNR_in_dist
Carter liked and a cat appreciated Lincoln .	cat ( x _ 0 ) AND like . agent ( x _ 1 , Carter ) AND like . theme ( x _ 1 , Lincoln ) AND appreciate . agent ( x _ 2 , x _ 0 ) AND appreciate . theme ( x _ 2 , Lincoln )	elips_RNR_in_dist
Olivia painted and the boy liked the girl .	* girl ( x _ 2 ) ; * boy ( x _ 1 ) ; paint . agent ( x _ 3 , Olivia ) AND paint . theme ( x _ 3 , x _ 2 ) AND like . agent ( x _ 4 , x _ 1 ) AND like . theme ( x _ 4 , x _ 2 )	elips_RNR_in_dist
Emma noticed and the citizen helped Penelope .	* citizen ( x _ 0 ) ; notice . agent ( x _ 1 , Emma ) AND notice . theme ( x _ 1 , Penelope ) AND help . agent ( x _ 2 , x _ 0 ) AND help . theme ( x _ 2 , Penelope )	elips_RNR_in_dist
Emma cooked and Benjamin liked the kitty .	* kitty ( x _ 1 ) ; cook . agent ( x _ 2 , Emma ) AND cook . theme ( x _ 2 , x _ 1 ) AND like . agent ( x _ 3 , Benjamin ) AND like . theme ( x _ 3 , x _ 1 )	elips_RNR_in_dist
Emma saw and a visitor pierced a chicken .	chicken ( x _ 2 ) AND visitor ( x _ 1 ) AND see . agent ( x _ 3 , Emma ) AND see . theme ( x _ 3 , x _ 2 ) AND pierce . agent ( x _ 4 , x _ 1 ) AND pierce . theme ( x _ 4 , x _ 2 )	elips_RNR_in_dist
Hannah saw and the governor found the dog .	* dog ( x _ 2 ) ; * governor ( x _ 1 ) ; see . agent ( x _ 3 , Hannah ) AND see . theme ( x _ 3 , x _ 2 ) AND find . agent ( x _ 4 , x _ 1 ) AND find . theme ( x _ 4 , x _ 2 )	elips_RNR_in_dist
The pig drew and Emma liked Jack .	* pig ( x _ 0 ) ; draw . agent ( x _ 1 , x _ 0 ) AND draw . theme ( x _ 1 , Jack ) AND like . agent ( x _ 2 , Emma ) AND like . theme ( x _ 2 , Jack )	elips_RNR_in_dist
The dog ate and the cat found the boy .	* dog ( x _ 0 ) ; * boy ( x _ 3 ) ; * cat ( x _ 2 ) ; eat . agent ( x _ 4 , x _ 0 ) AND eat . theme ( x _ 4 , x _ 3 ) AND find . agent ( x _ 5 , x _ 2 ) AND find . theme ( x _ 5 , x _ 3 )	elips_RNR_in_dist
Skylar knew and Olivia liked the boy .	* boy ( x _ 1 ) ; know . agent ( x _ 2 , Skylar ) AND know . theme ( x _ 2 , x _ 1 ) AND like . agent ( x _ 3 , Olivia ) AND like . theme ( x _ 3 , x _ 1 )	elips_RNR_in_dist
The boy ate and Emma liked a girl .	* boy ( x _ 0 ) ; girl ( x _ 2 ) AND eat . agent ( x _ 3 , x _ 0 ) AND eat . theme ( x _ 3 , x _ 2 ) AND like . agent ( x _ 4 , Emma ) AND like . theme ( x _ 4 , x _ 2 )	elips_RNR_in_dist
Liam liked and the girl touched the lawyer .	* lawyer ( x _ 2 ) ; * girl ( x _ 1 ) ; like . agent ( x _ 3 , Liam ) AND like . theme ( x _ 3 , x _ 2 ) AND touch . agent ( x _ 4 , x _ 1 ) AND touch . theme ( x _ 4 , x _ 2 )	elips_RNR_in_dist
A girl helped and a cow missed the teacher .	* teacher ( x _ 3 ) ; girl ( x _ 0 ) AND cow ( x _ 2 ) AND help . agent ( x _ 4 , x _ 0 ) AND help . theme ( x _ 4 , x _ 3 ) AND miss . agent ( x _ 5 , x _ 2 ) AND miss . theme ( x _ 5 , x _ 3 )	elips_RNR_in_dist
Olivia helped and a monkey helped a cat .	cat ( x _ 2 ) AND monkey ( x _ 1 ) AND help . agent ( x _ 3 , Olivia ) AND help . theme ( x _ 3 , x _ 2 ) AND help . agent ( x _ 4 , x _ 1 ) AND help . theme ( x _ 4 , x _ 2 )	elips_RNR_in_dist
The cat knew and the girl liked Penelope .	* cat ( x _ 0 ) ; * girl ( x _ 1 ) ; know . agent ( x _ 2 , x _ 0 ) AND know . theme ( x _ 2 , Penelope ) AND like . agent ( x _ 3 , x _ 1 ) AND like . theme ( x _ 3 , Penelope )	elips_RNR_in_dist
Noah noticed and a chicken helped Penelope .	chicken ( x _ 0 ) AND notice . agent ( x _ 1 , Noah ) AND notice . theme ( x _ 1 , Penelope ) AND help . agent ( x _ 2 , x _ 0 ) AND help . theme ( x _ 2 , Penelope )	elips_RNR_in_dist
Noah painted and the baby poked the patient .	* patient ( x _ 2 ) ; * baby ( x _ 1 ) ; paint . agent ( x _ 3 , Noah ) AND paint . theme ( x _ 3 , x _ 2 ) AND poke . agent ( x _ 4 , x _ 1 ) AND poke . theme ( x _ 4 , x _ 2 )	elips_RNR_in_dist
Liam liked and Emma tossed Joshua .	like . agent ( x _ 0 , Liam ) AND like . theme ( x _ 0 , Joshua ) AND toss . agent ( x _ 1 , Emma ) AND toss . theme ( x _ 1 , Joshua )	elips_RNR_in_dist
A girl liked and Liam held a deer .	girl ( x _ 0 ) AND deer ( x _ 2 ) AND like . agent ( x _ 3 , x _ 0 ) AND like . theme ( x _ 3 , x _ 2 ) AND hold . agent ( x _ 4 , Liam ) AND hold . theme ( x _ 4 , x _ 2 )	elips_RNR_in_dist
A girl liked and a boy found Layla .	girl ( x _ 0 ) AND boy ( x _ 1 ) AND like . agent ( x _ 2 , x _ 0 ) AND like . theme ( x _ 2 , Layla ) AND find . agent ( x _ 3 , x _ 1 ) AND find . theme ( x _ 3 , Layla )	elips_RNR_in_dist
A girl painted and a researcher admired Zoey .	girl ( x _ 0 ) AND researcher ( x _ 1 ) AND paint . agent ( x _ 2 , x _ 0 ) AND paint . theme ( x _ 2 , Zoey ) AND admire . agent ( x _ 3 , x _ 1 ) AND admire . theme ( x _ 3 , Zoey )	elips_RNR_in_dist
A baby liked and the hero loved Wyatt .	* hero ( x _ 1 ) ; baby ( x _ 0 ) AND like . agent ( x _ 2 , x _ 0 ) AND like . theme ( x _ 2 , Wyatt ) AND love . agent ( x _ 3 , x _ 1 ) AND love . theme ( x _ 3 , Wyatt )	elips_RNR_in_dist
Liam liked and Evelyn found Wyatt .	like . agent ( x _ 0 , Liam ) AND like . theme ( x _ 0 , Wyatt ) AND find . agent ( x _ 1 , Evelyn ) AND find . theme ( x _ 1 , Wyatt )	elips_RNR_in_dist
Liam discovered and Emma liked the girl .	* girl ( x _ 1 ) ; discover . agent ( x _ 2 , Liam ) AND discover . theme ( x _ 2 , x _ 1 ) AND like . agent ( x _ 3 , Emma ) AND like . theme ( x _ 3 , x _ 1 )	elips_RNR_in_dist
A bunny painted and Alexander liked Hannah .	bunny ( x _ 0 ) AND paint . agent ( x _ 1 , x _ 0 ) AND paint . theme ( x _ 1 , Hannah ) AND like . agent ( x _ 2 , Alexander ) AND like . theme ( x _ 2 , Hannah )	elips_RNR_in_dist
The soldier ate and the girl loved Mateo .	* soldier ( x _ 0 ) ; * girl ( x _ 1 ) ; eat . agent ( x _ 2 , x _ 0 ) AND eat . theme ( x _ 2 , Mateo ) AND love . agent ( x _ 3 , x _ 1 ) AND love . theme ( x _ 3 , Mateo )	elips_RNR_in_dist
A frog touched and Olivia helped a girl .	frog ( x _ 0 ) AND girl ( x _ 2 ) AND touch . agent ( x _ 3 , x _ 0 ) AND touch . theme ( x _ 3 , x _ 2 ) AND help . agent ( x _ 4 , Olivia ) AND help . theme ( x _ 4 , x _ 2 )	elips_RNR_in_dist
A deer noticed and Noah liked a boy .	deer ( x _ 0 ) AND boy ( x _ 2 ) AND notice . agent ( x _ 3 , x _ 0 ) AND notice . theme ( x _ 3 , x _ 2 ) AND like . agent ( x _ 4 , Noah ) AND like . theme ( x _ 4 , x _ 2 )	elips_RNR_in_dist
Ava helped and the girl stabbed Wyatt .	* girl ( x _ 0 ) ; help . agent ( x _ 1 , Ava ) AND help . theme ( x _ 1 , Wyatt ) AND stab . agent ( x _ 2 , x _ 0 ) AND stab . theme ( x _ 2 , Wyatt )	elips_RNR_in_dist
The girl loved and Olivia liked Wyatt .	* girl ( x _ 0 ) ; love . agent ( x _ 1 , x _ 0 ) AND love . theme ( x _ 1 , Wyatt ) AND like . agent ( x _ 2 , Olivia ) AND like . theme ( x _ 2 , Wyatt )	elips_RNR_in_dist
Audrey nursed and Ava liked Penelope .	nurse . agent ( x _ 0 , Audrey ) AND nurse . theme ( x _ 0 , Penelope ) AND like . agent ( x _ 1 , Ava ) AND like . theme ( x _ 1 , Penelope )	elips_RNR_in_dist
Emma cooked and Olivia liked Wyatt .	cook . agent ( x _ 0 , Emma ) AND cook . theme ( x _ 0 , Wyatt ) AND like . agent ( x _ 1 , Olivia ) AND like . theme ( x _ 1 , Wyatt )	elips_RNR_in_dist
The boy liked and the scientist poked Eleanor .	* boy ( x _ 0 ) ; * scientist ( x _ 1 ) ; like . agent ( x _ 2 , x _ 0 ) AND like . theme ( x _ 2 , Eleanor ) AND poke . agent ( x _ 3 , x _ 1 ) AND poke . theme ( x _ 3 , Eleanor )	elips_RNR_in_dist
Stella liked and Emma helped Penelope .	like . agent ( x _ 0 , Stella ) AND like . theme ( x _ 0 , Penelope ) AND help . agent ( x _ 1 , Emma ) AND help . theme ( x _ 1 , Penelope )	elips_RNR_in_dist
The servant helped and a baby helped a butterfly .	* servant ( x _ 0 ) ; butterfly ( x _ 3 ) AND baby ( x _ 2 ) AND help . agent ( x _ 4 , x _ 0 ) AND help . theme ( x _ 4 , x _ 3 ) AND help . agent ( x _ 5 , x _ 2 ) AND help . theme ( x _ 5 , x _ 3 )	elips_RNR_in_dist
A boy helped and Emma liked Penelope .	boy ( x _ 0 ) AND help . agent ( x _ 1 , x _ 0 ) AND help . theme ( x _ 1 , Penelope ) AND like . agent ( x _ 2 , Emma ) AND like . theme ( x _ 2 , Penelope )	elips_RNR_in_dist
The frog nursed and the boy tossed the cat .	* frog ( x _ 0 ) ; * cat ( x _ 3 ) ; * boy ( x _ 2 ) ; nurse . agent ( x _ 4 , x _ 0 ) AND nurse . theme ( x _ 4 , x _ 3 ) AND toss . agent ( x _ 5 , x _ 2 ) AND toss . theme ( x _ 5 , x _ 3 )	elips_RNR_in_dist
The girl knew and the boy found the cat .	* girl ( x _ 0 ) ; * cat ( x _ 3 ) ; * boy ( x _ 2 ) ; know . agent ( x _ 4 , x _ 0 ) AND know . theme ( x _ 4 , x _ 3 ) AND find . agent ( x _ 5 , x _ 2 ) AND find . theme ( x _ 5 , x _ 3 )	elips_RNR_in_dist
A girl liked and Olivia stabbed the kid .	* kid ( x _ 2 ) ; girl ( x _ 0 ) AND like . agent ( x _ 3 , x _ 0 ) AND like . theme ( x _ 3 , x _ 2 ) AND stab . agent ( x _ 4 , Olivia ) AND stab . theme ( x _ 4 , x _ 2 )	elips_RNR_in_dist
The girl admired and a dog liked Penelope .	* girl ( x _ 0 ) ; dog ( x _ 1 ) AND admire . agent ( x _ 2 , x _ 0 ) AND admire . theme ( x _ 2 , Penelope ) AND like . agent ( x _ 3 , x _ 1 ) AND like . theme ( x _ 3 , Penelope )	elips_RNR_in_dist
The girl cooked and Emma adored Wyatt .	* girl ( x _ 0 ) ; cook . agent ( x _ 1 , x _ 0 ) AND cook . theme ( x _ 1 , Wyatt ) AND adore . agent ( x _ 2 , Emma ) AND adore . theme ( x _ 2 , Wyatt )	elips_RNR_in_dist
A teacher liked and a girl stabbed Penelope .	teacher ( x _ 0 ) AND girl ( x _ 1 ) AND like . agent ( x _ 2 , x _ 0 ) AND like . theme ( x _ 2 , Penelope ) AND stab . agent ( x _ 3 , x _ 1 ) AND stab . theme ( x _ 3 , Penelope )	elips_RNR_in_dist
Noah admired and the cat helped Penelope .	* cat ( x _ 0 ) ; admire . agent ( x _ 1 , Noah ) AND admire . theme ( x _ 1 , Penelope ) AND help . agent ( x _ 2 , x _ 0 ) AND help . theme ( x _ 2 , Penelope )	elips_RNR_in_dist
Emma liked and the girl liked the cat .	* cat ( x _ 2 ) ; * girl ( x _ 1 ) ; like . agent ( x _ 3 , Emma ) AND like . theme ( x _ 3 , x _ 2 ) AND like . agent ( x _ 4 , x _ 1 ) AND like . theme ( x _ 4 , x _ 2 )	elips_RNR_in_dist
Emma held and Olivia held a girl .	girl ( x _ 1 ) AND hold . agent ( x _ 2 , Emma ) AND hold . theme ( x _ 2 , x _ 1 ) AND hold . agent ( x _ 3 , Olivia ) AND hold . theme ( x _ 3 , x _ 1 )	elips_RNR_in_dist
The girl ate and Abigail helped Penelope .	* girl ( x _ 0 ) ; eat . agent ( x _ 1 , x _ 0 ) AND eat . theme ( x _ 1 , Penelope ) AND help . agent ( x _ 2 , Abigail ) AND help . theme ( x _ 2 , Penelope )	elips_RNR_in_dist
The dog ate and Oliver liked Penelope .	* dog ( x _ 0 ) ; eat . agent ( x _ 1 , x _ 0 ) AND eat . theme ( x _ 1 , Penelope ) AND like . agent ( x _ 2 , Oliver ) AND like . theme ( x _ 2 , Penelope )	elips_RNR_in_dist
Emma nursed and Emily admired Wyatt .	nurse . agent ( x _ 0 , Emma ) AND nurse . theme ( x _ 0 , Wyatt ) AND admire . agent ( x _ 1 , Emily ) AND admire . theme ( x _ 1 , Wyatt )	elips_RNR_in_dist
The giraffe cooked and the girl respected Eleanor .	* giraffe ( x _ 0 ) ; * girl ( x _ 1 ) ; cook . agent ( x _ 2 , x _ 0 ) AND cook . theme ( x _ 2 , Eleanor ) AND respect . agent ( x _ 3 , x _ 1 ) AND respect . theme ( x _ 3 , Eleanor )	elips_RNR_in_dist
Liam ate and Emma liked the boy .	* boy ( x _ 1 ) ; eat . agent ( x _ 2 , Liam ) AND eat . theme ( x _ 2 , x _ 1 ) AND like . agent ( x _ 3 , Emma ) AND like . theme ( x _ 3 , x _ 1 )	elips_RNR_in_dist
The girl painted and Lucas valued Julian .	* girl ( x _ 0 ) ; paint . agent ( x _ 1 , x _ 0 ) AND paint . theme ( x _ 1 , Julian ) AND value . agent ( x _ 2 , Lucas ) AND value . theme ( x _ 2 , Julian )	elips_RNR_in_dist
A boy ate and the cat liked Penelope .	* cat ( x _ 1 ) ; boy ( x _ 0 ) AND eat . agent ( x _ 2 , x _ 0 ) AND eat . theme ( x _ 2 , Penelope ) AND like . agent ( x _ 3 , x _ 1 ) AND like . theme ( x _ 3 , Penelope )	elips_RNR_in_dist
Andrew ate and Harper liked Penelope .	eat . agent ( x _ 0 , Andrew ) AND eat . theme ( x _ 0 , Penelope ) AND like . agent ( x _ 1 , Harper ) AND like . theme ( x _ 1 , Penelope )	elips_RNR_in_dist
A girl cooked and a turkey found Joshua .	girl ( x _ 0 ) AND turkey ( x _ 1 ) AND cook . agent ( x _ 2 , x _ 0 ) AND cook . theme ( x _ 2 , Joshua ) AND find . agent ( x _ 3 , x _ 1 ) AND find . theme ( x _ 3 , Joshua )	elips_RNR_in_dist
William liked and the cat helped the girl .	* girl ( x _ 2 ) ; * cat ( x _ 1 ) ; like . agent ( x _ 3 , William ) AND like . theme ( x _ 3 , x _ 2 ) AND help . agent ( x _ 4 , x _ 1 ) AND help . theme ( x _ 4 , x _ 2 )	elips_RNR_in_dist
Savannah ate and Liam valued Penelope .	eat . agent ( x _ 0 , Savannah ) AND eat . theme ( x _ 0 , Penelope ) AND value . agent ( x _ 1 , Liam ) AND value . theme ( x _ 1 , Penelope )	elips_RNR_in_dist
The boy drew and a chief liked the wolf .	* boy ( x _ 0 ) ; * wolf ( x _ 3 ) ; chief ( x _ 2 ) AND draw . agent ( x _ 4 , x _ 0 ) AND draw . theme ( x _ 4 , x _ 3 ) AND like . agent ( x _ 5 , x _ 2 ) AND like . theme ( x _ 5 , x _ 3 )	elips_RNR_in_dist
The dog tossed and Jackson helped Riley .	* dog ( x _ 0 ) ; toss . agent ( x _ 1 , x _ 0 ) AND toss . theme ( x _ 1 , Riley ) AND help . agent ( x _ 2 , Jackson ) AND help . theme ( x _ 2 , Riley )	elips_RNR_in_dist
Camila admired and a girl liked a dog .	dog ( x _ 2 ) AND girl ( x _ 1 ) AND admire . agent ( x _ 3 , Camila ) AND admire . theme ( x _ 3 , x _ 2 ) AND like . agent ( x _ 4 , x _ 1 ) AND like . theme ( x _ 4 , x _ 2 )	elips_RNR_in_dist
Emma held and a cat liked Penelope .	cat ( x _ 0 ) AND hold . agent ( x _ 1 , Emma ) AND hold . theme ( x _ 1 , Penelope ) AND like . agent ( x _ 2 , x _ 0 ) AND like . theme ( x _ 2 , Penelope )	elips_RNR_in_dist
A bee touched and Liam liked a cat .	bee ( x _ 0 ) AND cat ( x _ 2 ) AND touch . agent ( x _ 3 , x _ 0 ) AND touch . theme ( x _ 3 , x _ 2 ) AND like . agent ( x _ 4 , Liam ) AND like . theme ( x _ 4 , x _ 2 )	elips_RNR_in_dist
A girl helped and Olivia liked Penelope .	girl ( x _ 0 ) AND help . agent ( x _ 1 , x _ 0 ) AND help . theme ( x _ 1 , Penelope ) AND like . agent ( x _ 2 , Olivia ) AND like . theme ( x _ 2 , Penelope )	elips_RNR_in_dist
A girl liked and Emma liked a professor .	girl ( x _ 0 ) AND professor ( x _ 2 ) AND like . agent ( x _ 3 , x _ 0 ) AND like . theme ( x _ 3 , x _ 2 ) AND like . agent ( x _ 4 , Emma ) AND like . theme ( x _ 4 , x _ 2 )	elips_RNR_in_dist
Henry touched and a bird liked a cat .	cat ( x _ 2 ) AND bird ( x _ 1 ) AND touch . agent ( x _ 3 , Henry ) AND touch . theme ( x _ 3 , x _ 2 ) AND like . agent ( x _ 4 , x _ 1 ) AND like . theme ( x _ 4 , x _ 2 )	elips_RNR_in_dist
A mouse liked and the child liked the cow .	* cow ( x _ 3 ) ; * child ( x _ 2 ) ; mouse ( x _ 0 ) AND like . agent ( x _ 4 , x _ 0 ) AND like . theme ( x _ 4 , x _ 3 ) AND like . agent ( x _ 5 , x _ 2 ) AND like . theme ( x _ 5 , x _ 3 )	elips_RNR_in_dist
Benjamin helped and the girl found Riley .	* girl ( x _ 0 ) ; help . agent ( x _ 1 , Benjamin ) AND help . theme ( x _ 1 , Riley ) AND find . agent ( x _ 2 , x _ 0 ) AND find . theme ( x _ 2 , Riley )	elips_RNR_in_dist
Oliver called and Liam loved Jayden .	call . agent ( x _ 0 , Oliver ) AND call . theme ( x _ 0 , Jayden ) AND love . agent ( x _ 1 , Liam ) AND love . theme ( x _ 1 , Jayden )	elips_RNR_in_dist
Ava ate and the teacher liked Grayson .	* teacher ( x _ 0 ) ; eat . agent ( x _ 1 , Ava ) AND eat . theme ( x _ 1 , Grayson ) AND like . agent ( x _ 2 , x _ 0 ) AND like . theme ( x _ 2 , Grayson )	elips_RNR_in_dist
A tiger liked and Daniel liked the girl .	* girl ( x _ 2 ) ; tiger ( x _ 0 ) AND like . agent ( x _ 3 , x _ 0 ) AND like . theme ( x _ 3 , x _ 2 ) AND like . agent ( x _ 4 , Daniel ) AND like . theme ( x _ 4 , x _ 2 )	elips_RNR_in_dist
Liam loved and a cat liked Penelope .	cat ( x _ 0 ) AND love . agent ( x _ 1 , Liam ) AND love . theme ( x _ 1 , Penelope ) AND like . agent ( x _ 2 , x _ 0 ) AND like . theme ( x _ 2 , Penelope )	elips_RNR_in_dist
The cat liked and the girl tolerated the mouse .	* cat ( x _ 0 ) ; * mouse ( x _ 3 ) ; * girl ( x _ 2 ) ; like . agent ( x _ 4 , x _ 0 ) AND like . theme ( x _ 4 , x _ 3 ) AND tolerate . agent ( x _ 5 , x _ 2 ) AND tolerate . theme ( x _ 5 , x _ 3 )	elips_RNR_in_dist
A girl stabbed and Liam admired Wyatt .	girl ( x _ 0 ) AND stab . agent ( x _ 1 , x _ 0 ) AND stab . theme ( x _ 1 , Wyatt ) AND admire . agent ( x _ 2 , Liam ) AND admire . theme ( x _ 2 , Wyatt )	elips_RNR_in_dist
A dog liked and Liam liked Layla .	dog ( x _ 0 ) AND like . agent ( x _ 1 , x _ 0 ) AND like . theme ( x _ 1 , Layla ) AND like . agent ( x _ 2 , Liam ) AND like . theme ( x _ 2 , Layla )	elips_RNR_in_dist
Isabella dusted and a teacher valued Zoey .	teacher ( x _ 0 ) AND dust . agent ( x _ 1 , Isabella ) AND dust . theme ( x _ 1 , Zoey ) AND value . agent ( x _ 2 , x _ 0 ) AND value . theme ( x _ 2 , Zoey )	elips_RNR_in_dist
Noah helped and Emma liked a frog .	frog ( x _ 1 ) AND help . agent ( x _ 2 , Noah ) AND help . theme ( x _ 2 , x _ 1 ) AND like . agent ( x _ 3 , Emma ) AND like . theme ( x _ 3 , x _ 1 )	elips_RNR_in_dist
Emma painted and a guest found Wyatt .	guest ( x _ 0 ) AND paint . agent ( x _ 1 , Emma ) AND paint . theme ( x _ 1 , Wyatt ) AND find . agent ( x _ 2 , x _ 0 ) AND find . theme ( x _ 2 , Wyatt )	elips_RNR_in_dist
The goose found and the girl liked a deer .	* goose ( x _ 0 ) ; * girl ( x _ 2 ) ; deer ( x _ 3 ) AND find . agent ( x _ 4 , x _ 0 ) AND find . theme ( x _ 4 , x _ 3 ) AND like . agent ( x _ 5 , x _ 2 ) AND like . theme ( x _ 5 , x _ 3 )	elips_RNR_in_dist
A bunny threw and Savannah liked Penelope .	bunny ( x _ 0 ) AND throw . agent ( x _ 1 , x _ 0 ) AND throw . theme ( x _ 1 , Penelope ) AND like . agent ( x _ 2 , Savannah ) AND like . theme ( x _ 2 , Penelope )	elips_RNR_in_dist
The pupil cleaned and Michael tossed a hen .	* pupil ( x _ 0 ) ; hen ( x _ 2 ) AND clean . agent ( x _ 3 , x _ 0 ) AND clean . theme ( x _ 3 , x _ 2 ) AND toss . agent ( x _ 4 , Michael ) AND toss . theme ( x _ 4 , x _ 2 )	elips_RNR_in_dist
The captain admired and the child respected Penelope .	* captain ( x _ 0 ) ; * child ( x _ 1 ) ; admire . agent ( x _ 2 , x _ 0 ) AND admire . theme ( x _ 2 , Penelope ) AND respect . agent ( x _ 3 , x _ 1 ) AND respect . theme ( x _ 3 , Penelope )	elips_RNR_in_dist
Emma painted and Liam tossed a fly .	fly ( x _ 1 ) AND paint . agent ( x _ 2 , Emma ) AND paint . theme ( x _ 2 , x _ 1 ) AND toss . agent ( x _ 3 , Liam ) AND toss . theme ( x _ 3 , x _ 1 )	elips_RNR_in_dist
Claire liked and Liam liked the duck .	* duck ( x _ 1 ) ; like . agent ( x _ 2 , Claire ) AND like . theme ( x _ 2 , x _ 1 ) AND like . agent ( x _ 3 , Liam ) AND like . theme ( x _ 3 , x _ 1 )	elips_RNR_in_dist
Emma liked and a prisoner helped the chicken .	* chicken ( x _ 2 ) ; prisoner ( x _ 1 ) AND like . agent ( x _ 3 , Emma ) AND like . theme ( x _ 3 , x _ 2 ) AND help . agent ( x _ 4 , x _ 1 ) AND help . theme ( x _ 4 , x _ 2 )	elips_RNR_in_dist
The cat ate and the teacher stabbed Addison .	* cat ( x _ 0 ) ; * teacher ( x _ 1 ) ; eat . agent ( x _ 2 , x _ 0 ) AND eat . theme ( x _ 2 , Addison ) AND stab . agent ( x _ 3 , x _ 1 ) AND stab . theme ( x _ 3 , Addison )	elips_RNR_in_dist
A horse ate and William stabbed a baby .	horse ( x _ 0 ) AND baby ( x _ 2 ) AND eat . agent ( x _ 3 , x _ 0 ) AND eat . theme ( x _ 3 , x _ 2 ) AND stab . agent ( x _ 4 , William ) AND stab . theme ( x _ 4 , x _ 2 )	elips_RNR_in_dist
Emma drew and a dog liked Wyatt .	dog ( x _ 0 ) AND draw . agent ( x _ 1 , Emma ) AND draw . theme ( x _ 1 , Wyatt ) AND like . agent ( x _ 2 , x _ 0 ) AND like . theme ( x _ 2 , Wyatt )	elips_RNR_in_dist
Emma poked and Emily helped the crocodile .	* crocodile ( x _ 1 ) ; poke . agent ( x _ 2 , Emma ) AND poke . theme ( x _ 2 , x _ 1 ) AND help . agent ( x _ 3 , Emily ) AND help . theme ( x _ 3 , x _ 1 )	elips_RNR_in_dist
A boy saw and a girl liked Penelope .	boy ( x _ 0 ) AND girl ( x _ 1 ) AND see . agent ( x _ 2 , x _ 0 ) AND see . theme ( x _ 2 , Penelope ) AND like . agent ( x _ 3 , x _ 1 ) AND like . theme ( x _ 3 , Penelope )	elips_RNR_in_dist
Logan missed and Olivia found Jayden .	miss . agent ( x _ 0 , Logan ) AND miss . theme ( x _ 0 , Jayden ) AND find . agent ( x _ 1 , Olivia ) AND find . theme ( x _ 1 , Jayden )	elips_RNR_in_dist
Hazel saw and Ava helped Thomas .	see . agent ( x _ 0 , Hazel ) AND see . theme ( x _ 0 , Thomas ) AND help . agent ( x _ 1 , Ava ) AND help . theme ( x _ 1 , Thomas )	elips_RNR_in_dist
William painted and a girl helped the cat .	* cat ( x _ 2 ) ; girl ( x _ 1 ) AND paint . agent ( x _ 3 , William ) AND paint . theme ( x _ 3 , x _ 2 ) AND help . agent ( x _ 4 , x _ 1 ) AND help . theme ( x _ 4 , x _ 2 )	elips_RNR_in_dist
A mouse drew and the girl liked Penelope .	* girl ( x _ 1 ) ; mouse ( x _ 0 ) AND draw . agent ( x _ 2 , x _ 0 ) AND draw . theme ( x _ 2 , Penelope ) AND like . agent ( x _ 3 , x _ 1 ) AND like . theme ( x _ 3 , Penelope )	elips_RNR_in_dist
Emma worshipped and a girl helped Caleb .	girl ( x _ 0 ) AND worship . agent ( x _ 1 , Emma ) AND worship . theme ( x _ 1 , Caleb ) AND help . agent ( x _ 2 , x _ 0 ) AND help . theme ( x _ 2 , Caleb )	elips_RNR_in_dist
Emma cleaned and the girl helped Penelope .	* girl ( x _ 0 ) ; clean . agent ( x _ 1 , Emma ) AND clean . theme ( x _ 1 , Penelope ) AND help . agent ( x _ 2 , x _ 0 ) AND help . theme ( x _ 2 , Penelope )	elips_RNR_in_dist
Charlotte ate and the girl helped a boy .	* girl ( x _ 1 ) ; boy ( x _ 2 ) AND eat . agent ( x _ 3 , Charlotte ) AND eat . theme ( x _ 3 , x _ 2 ) AND help . agent ( x _ 4 , x _ 1 ) AND help . theme ( x _ 4 , x _ 2 )	elips_RNR_in_dist
The scientist tossed and the duke worshipped Penelope .	* scientist ( x _ 0 ) ; * duke ( x _ 1 ) ; toss . agent ( x _ 2 , x _ 0 ) AND toss . theme ( x _ 2 , Penelope ) AND worship . agent ( x _ 3 , x _ 1 ) AND worship . theme ( x _ 3 , Penelope )	elips_RNR_in_dist
A boy painted and a cat found Dylan .	boy ( x _ 0 ) AND cat ( x _ 1 ) AND paint . agent ( x _ 2 , x _ 0 ) AND paint . theme ( x _ 2 , Dylan ) AND find . agent ( x _ 3 , x _ 1 ) AND find . theme ( x _ 3 , Dylan )	elips_RNR_in_dist
Liam loved and the mouse tolerated the kid .	* kid ( x _ 2 ) ; * mouse ( x _ 1 ) ; love . agent ( x _ 3 , Liam ) AND love . theme ( x _ 3 , x _ 2 ) AND tolerate . agent ( x _ 4 , x _ 1 ) AND tolerate . theme ( x _ 4 , x _ 2 )	elips_RNR_in_dist
Olivia heard and a boy found Gabriel .	boy ( x _ 0 ) AND hear . agent ( x _ 1 , Olivia ) AND hear . theme ( x _ 1 , Gabriel ) AND find . agent ( x _ 2 , x _ 0 ) AND find . theme ( x _ 2 , Gabriel )	elips_RNR_in_dist
Oliver helped and the boy helped Penelope .	* boy ( x _ 0 ) ; help . agent ( x _ 1 , Oliver ) AND help . theme ( x _ 1 , Penelope ) AND help . agent ( x _ 2 , x _ 0 ) AND help . theme ( x _ 2 , Penelope )	elips_RNR_in_dist
Lucas liked and Emma helped a girl .	girl ( x _ 1 ) AND like . agent ( x _ 2 , Lucas ) AND like . theme ( x _ 2 , x _ 1 ) AND help . agent ( x _ 3 , Emma ) AND help . theme ( x _ 3 , x _ 1 )	elips_RNR_in_dist
Emma ate and a chicken adored the professor .	* professor ( x _ 2 ) ; chicken ( x _ 1 ) AND eat . agent ( x _ 3 , Emma ) AND eat . theme ( x _ 3 , x _ 2 ) AND adore . agent ( x _ 4 , x _ 1 ) AND adore . theme ( x _ 4 , x _ 2 )	elips_RNR_in_dist
Elijah liked and Charlotte helped a chicken .	chicken ( x _ 1 ) AND like . agent ( x _ 2 , Elijah ) AND like . theme ( x _ 2 , x _ 1 ) AND help . agent ( x _ 3 , Charlotte ) AND help . theme ( x _ 3 , x _ 1 )	elips_RNR_in_dist
Liam liked and Noah liked a hen .	hen ( x _ 1 ) AND like . agent ( x _ 2 , Liam ) AND like . theme ( x _ 2 , x _ 1 ) AND like . agent ( x _ 3 , Noah ) AND like . theme ( x _ 3 , x _ 1 )	elips_RNR_in_dist
Amelia drew and Madison liked the princess .	* princess ( x _ 1 ) ; draw . agent ( x _ 2 , Amelia ) AND draw . theme ( x _ 2 , x _ 1 ) AND like . agent ( x _ 3 , Madison ) AND like . theme ( x _ 3 , x _ 1 )	elips_RNR_in_dist
Thomas admired and Sebastian valued Wyatt .	admire . agent ( x _ 0 , Thomas ) AND admire . theme ( x _ 0 , Wyatt ) AND value . agent ( x _ 1 , Sebastian ) AND value . theme ( x _ 1 , Wyatt )	elips_RNR_in_dist
Ella liked and a girl helped a cat .	cat ( x _ 2 ) AND girl ( x _ 1 ) AND like . agent ( x _ 3 , Ella ) AND like . theme ( x _ 3 , x _ 2 ) AND help . agent ( x _ 4 , x _ 1 ) AND help . theme ( x _ 4 , x _ 2 )	elips_RNR_in_dist
A frog respected and Ava liked a monkey .	frog ( x _ 0 ) AND monkey ( x _ 2 ) AND respect . agent ( x _ 3 , x _ 0 ) AND respect . theme ( x _ 3 , x _ 2 ) AND like . agent ( x _ 4 , Ava ) AND like . theme ( x _ 4 , x _ 2 )	elips_RNR_in_dist
The girl liked and a chicken liked Lily .	* girl ( x _ 0 ) ; chicken ( x _ 1 ) AND like . agent ( x _ 2 , x _ 0 ) AND like . theme ( x _ 2 , Lily ) AND like . agent ( x _ 3 , x _ 1 ) AND like . theme ( x _ 3 , Lily )	elips_RNR_in_dist
Emma painted and Leah liked the teacher .	* teacher ( x _ 1 ) ; paint . agent ( x _ 2 , Emma ) AND paint . theme ( x _ 2 , x _ 1 ) AND like . agent ( x _ 3 , Leah ) AND like . theme ( x _ 3 , x _ 1 )	elips_RNR_in_dist
Liam liked and the bear helped Claire .	* bear ( x _ 0 ) ; like . agent ( x _ 1 , Liam ) AND like . theme ( x _ 1 , Claire ) AND help . agent ( x _ 2 , x _ 0 ) AND help . theme ( x _ 2 , Claire )	elips_RNR_in_dist
A teacher ate and the girl helped Penelope .	* girl ( x _ 1 ) ; teacher ( x _ 0 ) AND eat . agent ( x _ 2 , x _ 0 ) AND eat . theme ( x _ 2 , Penelope ) AND help . agent ( x _ 3 , x _ 1 ) AND help . theme ( x _ 3 , Penelope )	elips_RNR_in_dist
Victoria hunted and Mila helped a cat .	cat ( x _ 1 ) AND hunt . agent ( x _ 2 , Victoria ) AND hunt . theme ( x _ 2 , x _ 1 ) AND help . agent ( x _ 3 , Mila ) AND help . theme ( x _ 3 , x _ 1 )	elips_RNR_in_dist
Liam nursed and a girl adored a cat .	cat ( x _ 2 ) AND girl ( x _ 1 ) AND nurse . agent ( x _ 3 , Liam ) AND nurse . theme ( x _ 3 , x _ 2 ) AND adore . agent ( x _ 4 , x _ 1 ) AND adore . theme ( x _ 4 , x _ 2 )	elips_RNR_in_dist
A boy adored and the lion found a wolf .	* lion ( x _ 2 ) ; boy ( x _ 0 ) AND wolf ( x _ 3 ) AND adore . agent ( x _ 4 , x _ 0 ) AND adore . theme ( x _ 4 , x _ 3 ) AND find . agent ( x _ 5 , x _ 2 ) AND find . theme ( x _ 5 , x _ 3 )	elips_RNR_in_dist
Olivia ate and Emma liked a boy .	boy ( x _ 1 ) AND eat . agent ( x _ 2 , Olivia ) AND eat . theme ( x _ 2 , x _ 1 ) AND like . agent ( x _ 3 , Emma ) AND like . theme ( x _ 3 , x _ 1 )	elips_RNR_in_dist
The girl touched and Emma adored the goose .	* girl ( x _ 0 ) ; * goose ( x _ 2 ) ; touch . agent ( x _ 3 , x _ 0 ) AND touch . theme ( x _ 3 , x _ 2 ) AND adore . agent ( x _ 4 , Emma ) AND adore . theme ( x _ 4 , x _ 2 )	elips_RNR_in_dist
The girl discovered and Henry tolerated a boy .	* girl ( x _ 0 ) ; boy ( x _ 2 ) AND discover . agent ( x _ 3 , x _ 0 ) AND discover . theme ( x _ 3 , x _ 2 ) AND tolerate . agent ( x _ 4 , Henry ) AND tolerate . theme ( x _ 4 , x _ 2 )	elips_RNR_in_dist
Emma threw and a girl helped Lincoln .	girl ( x _ 0 ) AND throw . agent ( x _ 1 , Emma ) AND throw . theme ( x _ 1 , Lincoln ) AND help . agent ( x _ 2 , x _ 0 ) AND help . theme ( x _ 2 , Lincoln )	elips_RNR_in_dist
Penelope liked and Sophia appreciated the girl .	* girl ( x _ 1 ) ; like . agent ( x _ 2 , Penelope ) AND like . theme ( x _ 2 , x _ 1 ) AND appreciate . agent ( x _ 3 , Sophia ) AND appreciate . theme ( x _ 3 , x _ 1 )	elips_RNR_in_dist
Olivia painted and a boy worshipped Asher .	boy ( x _ 0 ) AND paint . agent ( x _ 1 , Olivia ) AND paint . theme ( x _ 1 , Asher ) AND worship . agent ( x _ 2 , x _ 0 ) AND worship . theme ( x _ 2 , Asher )	elips_RNR_in_dist
The spokesman liked and a boy worshipped Zoe .	* spokesman ( x _ 0 ) ; boy ( x _ 1 ) AND like . agent ( x _ 2 , x _ 0 ) AND like . theme ( x _ 2 , Zoe ) AND worship . agent ( x _ 3 , x _ 1 ) AND worship . theme ( x _ 3 , Zoe )	elips_RNR_in_dist
The boy tolerated and Emma found a donkey .	* boy ( x _ 0 ) ; donkey ( x _ 2 ) AND tolerate . agent ( x _ 3 , x _ 0 ) AND tolerate . theme ( x _ 3 , x _ 2 ) AND find . agent ( x _ 4 , Emma ) AND find . theme ( x _ 4 , x _ 2 )	elips_RNR_in_dist
A girl liked and Sofia liked Penelope .	girl ( x _ 0 ) AND like . agent ( x _ 1 , x _ 0 ) AND like . theme ( x _ 1 , Penelope ) AND like . agent ( x _ 2 , Sofia ) AND like . theme ( x _ 2 , Penelope )	elips_RNR_in_dist
A mouse hunted and a scientist liked Bella .	mouse ( x _ 0 ) AND scientist ( x _ 1 ) AND hunt . agent ( x _ 2 , x _ 0 ) AND hunt . theme ( x _ 2 , Bella ) AND like . agent ( x _ 3 , x _ 1 ) AND like . theme ( x _ 3 , Bella )	elips_RNR_in_dist
The boy ate and the baby liked a girl .	* boy ( x _ 0 ) ; * baby ( x _ 2 ) ; girl ( x _ 3 ) AND eat . agent ( x _ 4 , x _ 0 ) AND eat . theme ( x _ 4 , x _ 3 ) AND like . agent ( x _ 5 , x _ 2 ) AND like . theme ( x _ 5 , x _ 3 )	elips_RNR_in_dist
James ate and a lamb loved a boy .	boy ( x _ 2 ) AND lamb ( x _ 1 ) AND eat . agent ( x _ 3 , James ) AND eat . theme ( x _ 3 , x _ 2 ) AND love . agent ( x _ 4 , x _ 1 ) AND love . theme ( x _ 4 , x _ 2 )	elips_RNR_in_dist
Emma cleaned and Liam found Penelope .	clean . agent ( x _ 0 , Emma ) AND clean . theme ( x _ 0 , Penelope ) AND find . agent ( x _ 1 , Liam ) AND find . theme ( x _ 1 , Penelope )	elips_RNR_in_dist
The tiger pierced and Emma threw a girl .	* tiger ( x _ 0 ) ; girl ( x _ 2 ) AND pierce . agent ( x _ 3 , x _ 0 ) AND pierce . theme ( x _ 3 , x _ 2 ) AND throw . agent ( x _ 4 , Emma ) AND throw . theme ( x _ 4 , x _ 2 )	elips_RNR_in_dist
A girl respected and a lion liked Zoey .	girl ( x _ 0 ) AND lion ( x _ 1 ) AND respect . agent ( x _ 2 , x _ 0 ) AND respect . theme ( x _ 2 , Zoey ) AND like . agent ( x _ 3 , x _ 1 ) AND like . theme ( x _ 3 , Zoey )	elips_RNR_in_dist
Emma ate and the cat stabbed a girl .	* cat ( x _ 1 ) ; girl ( x _ 2 ) AND eat . agent ( x _ 3 , Emma ) AND eat . theme ( x _ 3 , x _ 2 ) AND stab . agent ( x _ 4 , x _ 1 ) AND stab . theme ( x _ 4 , x _ 2 )	elips_RNR_in_dist
A girl ate and Emma admired the boy .	* boy ( x _ 2 ) ; girl ( x _ 0 ) AND eat . agent ( x _ 3 , x _ 0 ) AND eat . theme ( x _ 3 , x _ 2 ) AND admire . agent ( x _ 4 , Emma ) AND admire . theme ( x _ 4 , x _ 2 )	elips_RNR_in_dist
The boy ate and Emma liked the girl .	* boy ( x _ 0 ) ; * girl ( x _ 2 ) ; eat . agent ( x _ 3 , x _ 0 ) AND eat . theme ( x _ 3 , x _ 2 ) AND like . agent ( x _ 4 , Emma ) AND like . theme ( x _ 4 , x _ 2 )	elips_RNR_in_dist
Emma found and Noah found Penelope .	find . agent ( x _ 0 , Emma ) AND find . theme ( x _ 0 , Penelope ) AND find . agent ( x _ 1 , Noah ) AND find . theme ( x _ 1 , Penelope )	elips_RNR_in_dist
The boy held and a girl threw the cat .	* boy ( x _ 0 ) ; * cat ( x _ 3 ) ; girl ( x _ 2 ) AND hold . agent ( x _ 4 , x _ 0 ) AND hold . theme ( x _ 4 , x _ 3 ) AND throw . agent ( x _ 5 , x _ 2 ) AND throw . theme ( x _ 5 , x _ 3 )	elips_RNR_in_dist
The baby painted and Liam liked Asher .	* baby ( x _ 0 ) ; paint . agent ( x _ 1 , x _ 0 ) AND paint . theme ( x _ 1 , Asher ) AND like . agent ( x _ 2 , Liam ) AND like . theme ( x _ 2 , Asher )	elips_RNR_in_dist
Isabella adored and Emma discovered a frog .	frog ( x _ 1 ) AND adore . agent ( x _ 2 , Isabella ) AND adore . theme ( x _ 2 , x _ 1 ) AND discover . agent ( x _ 3 , Emma ) AND discover . theme ( x _ 3 , x _ 1 )	elips_RNR_in_dist
Emma drew and a champion touched Jaxon .	champion ( x _ 0 ) AND draw . agent ( x _ 1 , Emma ) AND draw . theme ( x _ 1 , Jaxon ) AND touch . agent ( x _ 2 , x _ 0 ) AND touch . theme ( x _ 2 , Jaxon )	elips_RNR_in_dist
The father ate and Olivia held a butterfly .	* father ( x _ 0 ) ; butterfly ( x _ 2 ) AND eat . agent ( x _ 3 , x _ 0 ) AND eat . theme ( x _ 3 , x _ 2 ) AND hold . agent ( x _ 4 , Olivia ) AND hold . theme ( x _ 4 , x _ 2 )	elips_RNR_in_dist
A dog helped and the girl pierced the boy .	* boy ( x _ 3 ) ; * girl ( x _ 2 ) ; dog ( x _ 0 ) AND help . agent ( x _ 4 , x _ 0 ) AND help . theme ( x _ 4 , x _ 3 ) AND pierce . agent ( x _ 5 , x _ 2 ) AND pierce . theme ( x _ 5 , x _ 3 )	elips_RNR_in_dist
Liam cooked and Victoria tolerated Zoey .	cook . agent ( x _ 0 , Liam ) AND cook . theme ( x _ 0 , Zoey ) AND tolerate . agent ( x _ 1 , Victoria ) AND tolerate . theme ( x _ 1 , Zoey )	elips_RNR_in_dist
Oliver ate and a boy helped a cat .	cat ( x _ 2 ) AND boy ( x _ 1 ) AND eat . agent ( x _ 3 , Oliver ) AND eat . theme ( x _ 3 , x _ 2 ) AND help . agent ( x _ 4 , x _ 1 ) AND help . theme ( x _ 4 , x _ 2 )	elips_RNR_in_dist
A cat ate and Olivia appreciated Wyatt .	cat ( x _ 0 ) AND eat . agent ( x _ 1 , x _ 0 ) AND eat . theme ( x _ 1 , Wyatt ) AND appreciate . agent ( x _ 2 , Olivia ) AND appreciate . theme ( x _ 2 , Wyatt )	elips_RNR_in_dist
A girl ate and the boy poked Penelope .	* boy ( x _ 1 ) ; girl ( x _ 0 ) AND eat . agent ( x _ 2 , x _ 0 ) AND eat . theme ( x _ 2 , Penelope ) AND poke . agent ( x _ 3 , x _ 1 ) AND poke . theme ( x _ 3 , Penelope )	elips_RNR_in_dist
Luna ate and a dog tossed a teacher .	teacher ( x _ 2 ) AND dog ( x _ 1 ) AND eat . agent ( x _ 3 , Luna ) AND eat . theme ( x _ 3 , x _ 2 ) AND toss . agent ( x _ 4 , x _ 1 ) AND toss . theme ( x _ 4 , x _ 2 )	elips_RNR_in_dist
The boy liked and the cat respected Penelope .	* boy ( x _ 0 ) ; * cat ( x _ 1 ) ; like . agent ( x _ 2 , x _ 0 ) AND like . theme ( x _ 2 , Penelope ) AND respect . agent ( x _ 3 , x _ 1 ) AND respect . theme ( x _ 3 , Penelope )	elips_RNR_in_dist
Liam liked and a child liked a baby .	baby ( x _ 2 ) AND child ( x _ 1 ) AND like . agent ( x _ 3 , Liam ) AND like . theme ( x _ 3 , x _ 2 ) AND like . agent ( x _ 4 , x _ 1 ) AND like . theme ( x _ 4 , x _ 2 )	elips_RNR_in_dist
The duck liked and Emma liked a dog .	* duck ( x _ 0 ) ; dog ( x _ 2 ) AND like . agent ( x _ 3 , x _ 0 ) AND like . theme ( x _ 3 , x _ 2 ) AND like . agent ( x _ 4 , Emma ) AND like . theme ( x _ 4 , x _ 2 )	elips_RNR_in_dist
A pony liked and the girl respected Leah .	* girl ( x _ 1 ) ; pony ( x _ 0 ) AND like . agent ( x _ 2 , x _ 0 ) AND like . theme ( x _ 2 , Leah ) AND respect . agent ( x _ 3 , x _ 1 ) AND respect . theme ( x _ 3 , Leah )	elips_RNR_in_dist
William discovered and Elizabeth loved a crocodile .	crocodile ( x _ 1 ) AND discover . agent ( x _ 2 , William ) AND discover . theme ( x _ 2 , x _ 1 ) AND love . agent ( x _ 3 , Elizabeth ) AND love . theme ( x _ 3 , x _ 1 )	elips_RNR_in_dist
A child loved and the pupil helped Savannah .	* pupil ( x _ 1 ) ; child ( x _ 0 ) AND love . agent ( x _ 2 , x _ 0 ) AND love . theme ( x _ 2 , Savannah ) AND help . agent ( x _ 3 , x _ 1 ) AND help . theme ( x _ 3 , Savannah )	elips_RNR_in_dist
Isaac helped and Liam liked the child .	* child ( x _ 1 ) ; help . agent ( x _ 2 , Isaac ) AND help . theme ( x _ 2 , x _ 1 ) AND like . agent ( x _ 3 , Liam ) AND like . theme ( x _ 3 , x _ 1 )	elips_RNR_in_dist
Charlotte liked and a mouse liked Penelope .	mouse ( x _ 0 ) AND like . agent ( x _ 1 , Charlotte ) AND like . theme ( x _ 1 , Penelope ) AND like . agent ( x _ 2 , x _ 0 ) AND like . theme ( x _ 2 , Penelope )	elips_RNR_in_dist
Isabella appreciated and Benjamin found the girl .	* girl ( x _ 1 ) ; appreciate . agent ( x _ 2 , Isabella ) AND appreciate . theme ( x _ 2 , x _ 1 ) AND find . agent ( x _ 3 , Benjamin ) AND find . theme ( x _ 3 , x _ 1 )	elips_RNR_in_dist
Chloe painted and Liam respected a lion .	lion ( x _ 1 ) AND paint . agent ( x _ 2 , Chloe ) AND paint . theme ( x _ 2 , x _ 1 ) AND respect . agent ( x _ 3 , Liam ) AND respect . theme ( x _ 3 , x _ 1 )	elips_RNR_in_dist
Liam pierced and Mia liked a girl .	girl ( x _ 1 ) AND pierce . agent ( x _ 2 , Liam ) AND pierce . theme ( x _ 2 , x _ 1 ) AND like . agent ( x _ 3 , Mia ) AND like . theme ( x _ 3 , x _ 1 )	elips_RNR_in_dist
A girl loved and Liam admired Riley .	girl ( x _ 0 ) AND love . agent ( x _ 1 , x _ 0 ) AND love . theme ( x _ 1 , Riley ) AND admire . agent ( x _ 2 , Liam ) AND admire . theme ( x _ 2 , Riley )	elips_RNR_in_dist
Victoria heard and Liam helped the girl .	* girl ( x _ 1 ) ; hear . agent ( x _ 2 , Victoria ) AND hear . theme ( x _ 2 , x _ 1 ) AND help . agent ( x _ 3 , Liam ) AND help . theme ( x _ 3 , x _ 1 )	elips_RNR_in_dist
A dog found and the girl helped Levi .	* girl ( x _ 1 ) ; dog ( x _ 0 ) AND find . agent ( x _ 2 , x _ 0 ) AND find . theme ( x _ 2 , Levi ) AND help . agent ( x _ 3 , x _ 1 ) AND help . theme ( x _ 3 , Levi )	elips_RNR_in_dist
A cat ate and Liam liked Penelope .	cat ( x _ 0 ) AND eat . agent ( x _ 1 , x _ 0 ) AND eat . theme ( x _ 1 , Penelope ) AND like . agent ( x _ 2 , Liam ) AND like . theme ( x _ 2 , Penelope )	elips_RNR_in_dist
The girl ate and Liam tolerated the goose .	* girl ( x _ 0 ) ; * goose ( x _ 2 ) ; eat . agent ( x _ 3 , x _ 0 ) AND eat . theme ( x _ 3 , x _ 2 ) AND tolerate . agent ( x _ 4 , Liam ) AND tolerate . theme ( x _ 4 , x _ 2 )	elips_RNR_in_dist
The boy liked and Liam poked Leah .	* boy ( x _ 0 ) ; like . agent ( x _ 1 , x _ 0 ) AND like . theme ( x _ 1 , Leah ) AND poke . agent ( x _ 2 , Liam ) AND poke . theme ( x _ 2 , Leah )	elips_RNR_in_dist
William observed and a chicken valued the cat .	* cat ( x _ 2 ) ; chicken ( x _ 1 ) AND observe . agent ( x _ 3 , William ) AND observe . theme ( x _ 3 , x _ 2 ) AND value . agent ( x _ 4 , x _ 1 ) AND value . theme ( x _ 4 , x _ 2 )	elips_RNR_in_dist
Noah liked and the monkey helped Jack .	* monkey ( x _ 0 ) ; like . agent ( x _ 1 , Noah ) AND like . theme ( x _ 1 , Jack ) AND help . agent ( x _ 2 , x _ 0 ) AND help . theme ( x _ 2 , Jack )	elips_RNR_in_dist
Olivia admired and the manager liked Anthony .	* manager ( x _ 0 ) ; admire . agent ( x _ 1 , Olivia ) AND admire . theme ( x _ 1 , Anthony ) AND like . agent ( x _ 2 , x _ 0 ) AND like . theme ( x _ 2 , Anthony )	elips_RNR_in_dist
Leah hunted and Emma liked Penelope .	hunt . agent ( x _ 0 , Leah ) AND hunt . theme ( x _ 0 , Penelope ) AND like . agent ( x _ 1 , Emma ) AND like . theme ( x _ 1 , Penelope )	elips_RNR_in_dist
David ate and Liam helped a girl .	girl ( x _ 1 ) AND eat . agent ( x _ 2 , David ) AND eat . theme ( x _ 2 , x _ 1 ) AND help . agent ( x _ 3 , Liam ) AND help . theme ( x _ 3 , x _ 1 )	elips_RNR_in_dist
The girl painted and a chicken pierced Natalie .	* girl ( x _ 0 ) ; chicken ( x _ 1 ) AND paint . agent ( x _ 2 , x _ 0 ) AND paint . theme ( x _ 2 , Natalie ) AND pierce . agent ( x _ 3 , x _ 1 ) AND pierce . theme ( x _ 3 , Natalie )	elips_RNR_in_dist
Emma ate and Liam helped Penelope .	eat . agent ( x _ 0 , Emma ) AND eat . theme ( x _ 0 , Penelope ) AND help . agent ( x _ 1 , Liam ) AND help . theme ( x _ 1 , Penelope )	elips_RNR_in_dist
The girl liked and a boy liked the hen .	* girl ( x _ 0 ) ; * hen ( x _ 3 ) ; boy ( x _ 2 ) AND like . agent ( x _ 4 , x _ 0 ) AND like . theme ( x _ 4 , x _ 3 ) AND like . agent ( x _ 5 , x _ 2 ) AND like . theme ( x _ 5 , x _ 3 )	elips_RNR_in_dist
Emma drew and a girl loved Jayden .	girl ( x _ 0 ) AND draw . agent ( x _ 1 , Emma ) AND draw . theme ( x _ 1 , Jayden ) AND love . agent ( x _ 2 , x _ 0 ) AND love . theme ( x _ 2 , Jayden )	elips_RNR_in_dist
The girl cleaned and Emma liked Penelope .	* girl ( x _ 0 ) ; clean . agent ( x _ 1 , x _ 0 ) AND clean . theme ( x _ 1 , Penelope ) AND like . agent ( x _ 2 , Emma ) AND like . theme ( x _ 2 , Penelope )	elips_RNR_in_dist
Evelyn ate and Liam stabbed the boy .	* boy ( x _ 1 ) ; eat . agent ( x _ 2 , Evelyn ) AND eat . theme ( x _ 2 , x _ 1 ) AND stab . agent ( x _ 3 , Liam ) AND stab . theme ( x _ 3 , x _ 1 )	elips_RNR_in_dist
Sofia painted and Mason liked Wyatt .	paint . agent ( x _ 0 , Sofia ) AND paint . theme ( x _ 0 , Wyatt ) AND like . agent ( x _ 1 , Mason ) AND like . theme ( x _ 1 , Wyatt )	elips_RNR_in_dist
Liam ate and Olivia pierced Layla .	eat . agent ( x _ 0 , Liam ) AND eat . theme ( x _ 0 , Layla ) AND pierce . agent ( x _ 1 , Olivia ) AND pierce . theme ( x _ 1 , Layla )	elips_RNR_in_dist
The kid drew and Liam helped John .	* kid ( x _ 0 ) ; draw . agent ( x _ 1 , x _ 0 ) AND draw . theme ( x _ 1 , John ) AND help . agent ( x _ 2 , Liam ) AND help . theme ( x _ 2 , John )	elips_RNR_in_dist
The cat ate and Lucas helped a bird .	* cat ( x _ 0 ) ; bird ( x _ 2 ) AND eat . agent ( x _ 3 , x _ 0 ) AND eat . theme ( x _ 3 , x _ 2 ) AND help . agent ( x _ 4 , Lucas ) AND help . theme ( x _ 4 , x _ 2 )	elips_RNR_in_dist
Mia respected and a dog loved Penelope .	dog ( x _ 0 ) AND respect . agent ( x _ 1 , Mia ) AND respect . theme ( x _ 1 , Penelope ) AND love . agent ( x _ 2 , x _ 0 ) AND love . theme ( x _ 2 , Penelope )	elips_RNR_in_dist
The boy ate and a deer helped the fly .	* boy ( x _ 0 ) ; * fly ( x _ 3 ) ; deer ( x _ 2 ) AND eat . agent ( x _ 4 , x _ 0 ) AND eat . theme ( x _ 4 , x _ 3 ) AND help . agent ( x _ 5 , x _ 2 ) AND help . theme ( x _ 5 , x _ 3 )	elips_RNR_in_dist
Emma packed and Liam adored a horse .	horse ( x _ 1 ) AND pack . agent ( x _ 2 , Emma ) AND pack . theme ( x _ 2 , x _ 1 ) AND adore . agent ( x _ 3 , Liam ) AND adore . theme ( x _ 3 , x _ 1 )	elips_RNR_in_dist
Theodore ate and James helped the girl .	* girl ( x _ 1 ) ; eat . agent ( x _ 2 , Theodore ) AND eat . theme ( x _ 2 , x _ 1 ) AND help . agent ( x _ 3 , James ) AND help . theme ( x _ 3 , x _ 1 )	elips_RNR_in_dist
Grace liked and Emma poked Layla .	like . agent ( x _ 0 , Grace ) AND like . theme ( x _ 0 , Layla ) AND poke . agent ( x _ 1 , Emma ) AND poke . theme ( x _ 1 , Layla )	elips_RNR_in_dist
Emily loved and Liam liked a girl .	girl ( x _ 1 ) AND love . agent ( x _ 2 , Emily ) AND love . theme ( x _ 2 , x _ 1 ) AND like . agent ( x _ 3 , Liam ) AND like . theme ( x _ 3 , x _ 1 )	elips_RNR_in_dist
A chicken appreciated and Emma tossed a child .	chicken ( x _ 0 ) AND child ( x _ 2 ) AND appreciate . agent ( x _ 3 , x _ 0 ) AND appreciate . theme ( x _ 3 , x _ 2 ) AND toss . agent ( x _ 4 , Emma ) AND toss . theme ( x _ 4 , x _ 2 )	elips_RNR_in_dist
David found and the cat found the crocodile .	* crocodile ( x _ 2 ) ; * cat ( x _ 1 ) ; find . agent ( x _ 3 , David ) AND find . theme ( x _ 3 , x _ 2 ) AND find . agent ( x _ 4 , x _ 1 ) AND find . theme ( x _ 4 , x _ 2 )	elips_RNR_in_dist
Emma observed and a dog loved a girl .	girl ( x _ 2 ) AND dog ( x _ 1 ) AND observe . agent ( x _ 3 , Emma ) AND observe . theme ( x _ 3 , x _ 2 ) AND love . agent ( x _ 4 , x _ 1 ) AND love . theme ( x _ 4 , x _ 2 )	elips_RNR_in_dist
Olivia respected and a turtle liked a baby .	baby ( x _ 2 ) AND turtle ( x _ 1 ) AND respect . agent ( x _ 3 , Olivia ) AND respect . theme ( x _ 3 , x _ 2 ) AND like . agent ( x _ 4 , x _ 1 ) AND like . theme ( x _ 4 , x _ 2 )	elips_RNR_in_dist
A guest hunted and William admired the cat .	* cat ( x _ 2 ) ; guest ( x _ 0 ) AND hunt . agent ( x _ 3 , x _ 0 ) AND hunt . theme ( x _ 3 , x _ 2 ) AND admire . agent ( x _ 4 , William ) AND admire . theme ( x _ 4 , x _ 2 )	elips_RNR_in_dist
Emma liked and Brooklyn liked a girl .	girl ( x _ 1 ) AND like . agent ( x _ 2 , Emma ) AND like . theme ( x _ 2 , x _ 1 ) AND like . agent ( x _ 3 , Brooklyn ) AND like . theme ( x _ 3 , x _ 1 )	elips_RNR_in_dist
Samuel admired and a lion missed the girl .	* girl ( x _ 2 ) ; lion ( x _ 1 ) AND admire . agent ( x _ 3 , Samuel ) AND admire . theme ( x _ 3 , x _ 2 ) AND miss . agent ( x _ 4 , x _ 1 ) AND miss . theme ( x _ 4 , x _ 2 )	elips_RNR_in_dist
A lamb touched and a boy poked the girl .	* girl ( x _ 3 ) ; lamb ( x _ 0 ) AND boy ( x _ 2 ) AND touch . agent ( x _ 4 , x _ 0 ) AND touch . theme ( x _ 4 , x _ 3 ) AND poke . agent ( x _ 5 , x _ 2 ) AND poke . theme ( x _ 5 , x _ 3 )	elips_RNR_in_dist
A giraffe helped and Liam adored John .	giraffe ( x _ 0 ) AND help . agent ( x _ 1 , x _ 0 ) AND help . theme ( x _ 1 , John ) AND adore . agent ( x _ 2 , Liam ) AND adore . theme ( x _ 2 , John )	elips_RNR_in_dist
Liam touched and the dog loved the girl .	* girl ( x _ 2 ) ; * dog ( x _ 1 ) ; touch . agent ( x _ 3 , Liam ) AND touch . theme ( x _ 3 , x _ 2 ) AND love . agent ( x _ 4 , x _ 1 ) AND love . theme ( x _ 4 , x _ 2 )	elips_RNR_in_dist
The teacher tolerated and a dog loved the hero .	* teacher ( x _ 0 ) ; * hero ( x _ 3 ) ; dog ( x _ 2 ) AND tolerate . agent ( x _ 4 , x _ 0 ) AND tolerate . theme ( x _ 4 , x _ 3 ) AND love . agent ( x _ 5 , x _ 2 ) AND love . theme ( x _ 5 , x _ 3 )	elips_RNR_in_dist
The lion ate and a boy tossed Nora .	* lion ( x _ 0 ) ; boy ( x _ 1 ) AND eat . agent ( x _ 2 , x _ 0 ) AND eat . theme ( x _ 2 , Nora ) AND toss . agent ( x _ 3 , x _ 1 ) AND toss . theme ( x _ 3 , Nora )	elips_RNR_in_dist
A baby missed and Emma liked a cow .	baby ( x _ 0 ) AND cow ( x _ 2 ) AND miss . agent ( x _ 3 , x _ 0 ) AND miss . theme ( x _ 3 , x _ 2 ) AND like . agent ( x _ 4 , Emma ) AND like . theme ( x _ 4 , x _ 2 )	elips_RNR_in_dist
A boy nursed and a girl liked a baby .	boy ( x _ 0 ) AND baby ( x _ 3 ) AND girl ( x _ 2 ) AND nurse . agent ( x _ 4 , x _ 0 ) AND nurse . theme ( x _ 4 , x _ 3 ) AND like . agent ( x _ 5 , x _ 2 ) AND like . theme ( x _ 5 , x _ 3 )	elips_RNR_in_dist
Emma pierced and Liam liked Wyatt .	pierce . agent ( x _ 0 , Emma ) AND pierce . theme ( x _ 0 , Wyatt ) AND like . agent ( x _ 1 , Liam ) AND like . theme ( x _ 1 , Wyatt )	elips_RNR_in_dist
The spokesman pierced and the bird liked the girl .	* spokesman ( x _ 0 ) ; * girl ( x _ 3 ) ; * bird ( x _ 2 ) ; pierce . agent ( x _ 4 , x _ 0 ) AND pierce . theme ( x _ 4 , x _ 3 ) AND like . agent ( x _ 5 , x _ 2 ) AND like . theme ( x _ 5 , x _ 3 )	elips_RNR_in_dist
The girl dusted and Aurora loved a scientist .	* girl ( x _ 0 ) ; scientist ( x _ 2 ) AND dust . agent ( x _ 3 , x _ 0 ) AND dust . theme ( x _ 3 , x _ 2 ) AND love . agent ( x _ 4 , Aurora ) AND love . theme ( x _ 4 , x _ 2 )	elips_RNR_in_dist
Liam liked and Isabella respected the boy .	* boy ( x _ 1 ) ; like . agent ( x _ 2 , Liam ) AND like . theme ( x _ 2 , x _ 1 ) AND respect . agent ( x _ 3 , Isabella ) AND respect . theme ( x _ 3 , x _ 1 )	elips_RNR_in_dist
Olivia loved and the girl missed a monkey .	* girl ( x _ 1 ) ; monkey ( x _ 2 ) AND love . agent ( x _ 3 , Olivia ) AND love . theme ( x _ 3 , x _ 2 ) AND miss . agent ( x _ 4 , x _ 1 ) AND miss . theme ( x _ 4 , x _ 2 )	elips_RNR_in_dist
A girl liked and the monkey liked the baby .	* baby ( x _ 3 ) ; * monkey ( x _ 2 ) ; girl ( x _ 0 ) AND like . agent ( x _ 4 , x _ 0 ) AND like . theme ( x _ 4 , x _ 3 ) AND like . agent ( x _ 5 , x _ 2 ) AND like . theme ( x _ 5 , x _ 3 )	elips_RNR_in_dist
Benjamin worshipped and a dog appreciated Claire .	dog ( x _ 0 ) AND worship . agent ( x _ 1 , Benjamin ) AND worship . theme ( x _ 1 , Claire ) AND appreciate . agent ( x _ 2 , x _ 0 ) AND appreciate . theme ( x _ 2 , Claire )	elips_RNR_in_dist
Emma poked and a prince touched Penelope .	prince ( x _ 0 ) AND poke . agent ( x _ 1 , Emma ) AND poke . theme ( x _ 1 , Penelope ) AND touch . agent ( x _ 2 , x _ 0 ) AND touch . theme ( x _ 2 , Penelope )	elips_RNR_in_dist
Elizabeth found and Liam liked a monster .	monster ( x _ 1 ) AND find . agent ( x _ 2 , Elizabeth ) AND find . theme ( x _ 2 , x _ 1 ) AND like . agent ( x _ 3 , Liam ) AND like . theme ( x _ 3 , x _ 1 )	elips_RNR_in_dist
A child found and Emma found Penelope .	child ( x _ 0 ) AND find . agent ( x _ 1 , x _ 0 ) AND find . theme ( x _ 1 , Penelope ) AND find . agent ( x _ 2 , Emma ) AND find . theme ( x _ 2 , Penelope )	elips_RNR_in_dist
A boy adored and Noah liked a cat .	boy ( x _ 0 ) AND cat ( x _ 2 ) AND adore . agent ( x _ 3 , x _ 0 ) AND adore . theme ( x _ 3 , x _ 2 ) AND like . agent ( x _ 4 , Noah ) AND like . theme ( x _ 4 , x _ 2 )	elips_RNR_in_dist
The mouse tossed and Liam liked a customer .	* mouse ( x _ 0 ) ; customer ( x _ 2 ) AND toss . agent ( x _ 3 , x _ 0 ) AND toss . theme ( x _ 3 , x _ 2 ) AND like . agent ( x _ 4 , Liam ) AND like . theme ( x _ 4 , x _ 2 )	elips_RNR_in_dist
William ate and the girl pierced Audrey .	* girl ( x _ 0 ) ; eat . agent ( x _ 1 , William ) AND eat . theme ( x _ 1 , Audrey ) AND pierce . agent ( x _ 2 , x _ 0 ) AND pierce . theme ( x _ 2 , Audrey )	elips_RNR_in_dist
The cat helped and Liam appreciated a bear .	* cat ( x _ 0 ) ; bear ( x _ 2 ) AND help . agent ( x _ 3 , x _ 0 ) AND help . theme ( x _ 3 , x _ 2 ) AND appreciate . agent ( x _ 4 , Liam ) AND appreciate . theme ( x _ 4 , x _ 2 )	elips_RNR_in_dist
Liam found and the girl helped Savannah .	* girl ( x _ 0 ) ; find . agent ( x _ 1 , Liam ) AND find . theme ( x _ 1 , Savannah ) AND help . agent ( x _ 2 , x _ 0 ) AND help . theme ( x _ 2 , Savannah )	elips_RNR_in_dist
Olivia worshipped and the coach liked the boy .	* boy ( x _ 2 ) ; * coach ( x _ 1 ) ; worship . agent ( x _ 3 , Olivia ) AND worship . theme ( x _ 3 , x _ 2 ) AND like . agent ( x _ 4 , x _ 1 ) AND like . theme ( x _ 4 , x _ 2 )	elips_RNR_in_dist
A baby liked and Emma found the kid .	* kid ( x _ 2 ) ; baby ( x _ 0 ) AND like . agent ( x _ 3 , x _ 0 ) AND like . theme ( x _ 3 , x _ 2 ) AND find . agent ( x _ 4 , Emma ) AND find . theme ( x _ 4 , x _ 2 )	elips_RNR_in_dist
Isabella noticed and the servant appreciated the girl .	* girl ( x _ 2 ) ; * servant ( x _ 1 ) ; notice . agent ( x _ 3 , Isabella ) AND notice . theme ( x _ 3 , x _ 2 ) AND appreciate . agent ( x _ 4 , x _ 1 ) AND appreciate . theme ( x _ 4 , x _ 2 )	elips_RNR_in_dist
Stella helped and Emma liked Joshua .	help . agent ( x _ 0 , Stella ) AND help . theme ( x _ 0 , Joshua ) AND like . agent ( x _ 1 , Emma ) AND like . theme ( x _ 1 , Joshua )	elips_RNR_in_dist
Olivia ate and Aurora liked Wyatt .	eat . agent ( x _ 0 , Olivia ) AND eat . theme ( x _ 0 , Wyatt ) AND like . agent ( x _ 1 , Aurora ) AND like . theme ( x _ 1 , Wyatt )	elips_RNR_in_dist
The wolf touched and Emma helped a girl .	* wolf ( x _ 0 ) ; girl ( x _ 2 ) AND touch . agent ( x _ 3 , x _ 0 ) AND touch . theme ( x _ 3 , x _ 2 ) AND help . agent ( x _ 4 , Emma ) AND help . theme ( x _ 4 , x _ 2 )	elips_RNR_in_dist
A bee ate and a girl held a boy .	bee ( x _ 0 ) AND boy ( x _ 3 ) AND girl ( x _ 2 ) AND eat . agent ( x _ 4 , x _ 0 ) AND eat . theme ( x _ 4 , x _ 3 ) AND hold . agent ( x _ 5 , x _ 2 ) AND hold . theme ( x _ 5 , x _ 3 )	elips_RNR_in_dist
Michael ate and Charlotte helped Hannah .	eat . agent ( x _ 0 , Michael ) AND eat . theme ( x _ 0 , Hannah ) AND help . agent ( x _ 1 , Charlotte ) AND help . theme ( x _ 1 , Hannah )	elips_RNR_in_dist
James ate and a boy stabbed a horse .	horse ( x _ 2 ) AND boy ( x _ 1 ) AND eat . agent ( x _ 3 , James ) AND eat . theme ( x _ 3 , x _ 2 ) AND stab . agent ( x _ 4 , x _ 1 ) AND stab . theme ( x _ 4 , x _ 2 )	elips_RNR_in_dist
Olivia cleaned and Mia found a baby .	baby ( x _ 1 ) AND clean . agent ( x _ 2 , Olivia ) AND clean . theme ( x _ 2 , x _ 1 ) AND find . agent ( x _ 3 , Mia ) AND find . theme ( x _ 3 , x _ 1 )	elips_RNR_in_dist
Liam liked and Emma liked the baby .	* baby ( x _ 1 ) ; like . agent ( x _ 2 , Liam ) AND like . theme ( x _ 2 , x _ 1 ) AND like . agent ( x _ 3 , Emma ) AND like . theme ( x _ 3 , x _ 1 )	elips_RNR_in_dist
Thomas ate and Emma missed Hannah .	eat . agent ( x _ 0 , Thomas ) AND eat . theme ( x _ 0 , Hannah ) AND miss . agent ( x _ 1 , Emma ) AND miss . theme ( x _ 1 , Hannah )	elips_RNR_in_dist
Asher cleaned and Emma respected a girl .	girl ( x _ 1 ) AND clean . agent ( x _ 2 , Asher ) AND clean . theme ( x _ 2 , x _ 1 ) AND respect . agent ( x _ 3 , Emma ) AND respect . theme ( x _ 3 , x _ 1 )	elips_RNR_in_dist
Emma worshipped and the scientist respected Penelope .	* scientist ( x _ 0 ) ; worship . agent ( x _ 1 , Emma ) AND worship . theme ( x _ 1 , Penelope ) AND respect . agent ( x _ 2 , x _ 0 ) AND respect . theme ( x _ 2 , Penelope )	elips_RNR_in_dist
A cat liked and the donkey liked Isaac .	* donkey ( x _ 1 ) ; cat ( x _ 0 ) AND like . agent ( x _ 2 , x _ 0 ) AND like . theme ( x _ 2 , Isaac ) AND like . agent ( x _ 3 , x _ 1 ) AND like . theme ( x _ 3 , Isaac )	elips_RNR_in_dist
The cat helped and a dog helped the chicken .	* cat ( x _ 0 ) ; * chicken ( x _ 3 ) ; dog ( x _ 2 ) AND help . agent ( x _ 4 , x _ 0 ) AND help . theme ( x _ 4 , x _ 3 ) AND help . agent ( x _ 5 , x _ 2 ) AND help . theme ( x _ 5 , x _ 3 )	elips_RNR_in_dist
A pupil ate and the captain loved Penelope .	* captain ( x _ 1 ) ; pupil ( x _ 0 ) AND eat . agent ( x _ 2 , x _ 0 ) AND eat . theme ( x _ 2 , Penelope ) AND love . agent ( x _ 3 , x _ 1 ) AND love . theme ( x _ 3 , Penelope )	elips_RNR_in_dist
Emily cooked and the boy appreciated the cat .	* cat ( x _ 2 ) ; * boy ( x _ 1 ) ; cook . agent ( x _ 3 , Emily ) AND cook . theme ( x _ 3 , x _ 2 ) AND appreciate . agent ( x _ 4 , x _ 1 ) AND appreciate . theme ( x _ 4 , x _ 2 )	elips_RNR_in_dist
A goose stabbed and Hannah loved the girl .	* girl ( x _ 2 ) ; goose ( x _ 0 ) AND stab . agent ( x _ 3 , x _ 0 ) AND stab . theme ( x _ 3 , x _ 2 ) AND love . agent ( x _ 4 , Hannah ) AND love . theme ( x _ 4 , x _ 2 )	elips_RNR_in_dist
Olivia hunted and the mother held Layla .	* mother ( x _ 0 ) ; hunt . agent ( x _ 1 , Olivia ) AND hunt . theme ( x _ 1 , Layla ) AND hold . agent ( x _ 2 , x _ 0 ) AND hold . theme ( x _ 2 , Layla )	elips_RNR_in_dist
A horse cleaned and the monkey tolerated a bee .	* monkey ( x _ 2 ) ; horse ( x _ 0 ) AND bee ( x _ 3 ) AND clean . agent ( x _ 4 , x _ 0 ) AND clean . theme ( x _ 4 , x _ 3 ) AND tolerate . agent ( x _ 5 , x _ 2 ) AND tolerate . theme ( x _ 5 , x _ 3 )	elips_RNR_in_dist
A girl ate and Stella poked Penelope .	girl ( x _ 0 ) AND eat . agent ( x _ 1 , x _ 0 ) AND eat . theme ( x _ 1 , Penelope ) AND poke . agent ( x _ 2 , Stella ) AND poke . theme ( x _ 2 , Penelope )	elips_RNR_in_dist
The boy nursed and the horse helped the girl .	* boy ( x _ 0 ) ; * girl ( x _ 3 ) ; * horse ( x _ 2 ) ; nurse . agent ( x _ 4 , x _ 0 ) AND nurse . theme ( x _ 4 , x _ 3 ) AND help . agent ( x _ 5 , x _ 2 ) AND help . theme ( x _ 5 , x _ 3 )	elips_RNR_in_dist
Emma liked and a boy valued Zoey .	boy ( x _ 0 ) AND like . agent ( x _ 1 , Emma ) AND like . theme ( x _ 1 , Zoey ) AND value . agent ( x _ 2 , x _ 0 ) AND value . theme ( x _ 2 , Zoey )	elips_RNR_in_dist
Julian noticed and Emma found a tiger .	tiger ( x _ 1 ) AND notice . agent ( x _ 2 , Julian ) AND notice . theme ( x _ 2 , x _ 1 ) AND find . agent ( x _ 3 , Emma ) AND find . theme ( x _ 3 , x _ 1 )	elips_RNR_in_dist
A girl cleaned and Violet discovered Penelope .	girl ( x _ 0 ) AND clean . agent ( x _ 1 , x _ 0 ) AND clean . theme ( x _ 1 , Penelope ) AND discover . agent ( x _ 2 , Violet ) AND discover . theme ( x _ 2 , Penelope )	elips_RNR_in_dist
The consumer liked and Emma liked the mouse .	* consumer ( x _ 0 ) ; * mouse ( x _ 2 ) ; like . agent ( x _ 3 , x _ 0 ) AND like . theme ( x _ 3 , x _ 2 ) AND like . agent ( x _ 4 , Emma ) AND like . theme ( x _ 4 , x _ 2 )	elips_RNR_in_dist
William pierced and the turtle poked a girl .	* turtle ( x _ 1 ) ; girl ( x _ 2 ) AND pierce . agent ( x _ 3 , William ) AND pierce . theme ( x _ 3 , x _ 2 ) AND poke . agent ( x _ 4 , x _ 1 ) AND poke . theme ( x _ 4 , x _ 2 )	elips_RNR_in_dist
William liked and a goose found Jack .	goose ( x _ 0 ) AND like . agent ( x _ 1 , William ) AND like . theme ( x _ 1 , Jack ) AND find . agent ( x _ 2 , x _ 0 ) AND find . theme ( x _ 2 , Jack )	elips_RNR_in_dist
The baby respected and the girl held the bird .	* baby ( x _ 0 ) ; * bird ( x _ 3 ) ; * girl ( x _ 2 ) ; respect . agent ( x _ 4 , x _ 0 ) AND respect . theme ( x _ 4 , x _ 3 ) AND hold . agent ( x _ 5 , x _ 2 ) AND hold . theme ( x _ 5 , x _ 3 )	elips_RNR_in_dist
A boy examined and a dealer helped the girl .	* girl ( x _ 3 ) ; boy ( x _ 0 ) AND dealer ( x _ 2 ) AND examine . agent ( x _ 4 , x _ 0 ) AND examine . theme ( x _ 4 , x _ 3 ) AND help . agent ( x _ 5 , x _ 2 ) AND help . theme ( x _ 5 , x _ 3 )	elips_RNR_in_dist
Emma found and the girl helped Penelope .	* girl ( x _ 0 ) ; find . agent ( x _ 1 , Emma ) AND find . theme ( x _ 1 , Penelope ) AND help . agent ( x _ 2 , x _ 0 ) AND help . theme ( x _ 2 , Penelope )	elips_RNR_in_dist
The girl ate and the student appreciated Penelope .	* girl ( x _ 0 ) ; * student ( x _ 1 ) ; eat . agent ( x _ 2 , x _ 0 ) AND eat . theme ( x _ 2 , Penelope ) AND appreciate . agent ( x _ 3 , x _ 1 ) AND appreciate . theme ( x _ 3 , Penelope )	elips_RNR_in_dist
A girl sketched and a baby found Penelope .	girl ( x _ 0 ) AND baby ( x _ 1 ) AND sketch . agent ( x _ 2 , x _ 0 ) AND sketch . theme ( x _ 2 , Penelope ) AND find . agent ( x _ 3 , x _ 1 ) AND find . theme ( x _ 3 , Penelope )	elips_RNR_in_dist
A girl liked and Matthew found Penelope .	girl ( x _ 0 ) AND like . agent ( x _ 1 , x _ 0 ) AND like . theme ( x _ 1 , Penelope ) AND find . agent ( x _ 2 , Matthew ) AND find . theme ( x _ 2 , Penelope )	elips_RNR_in_dist
The professor poked and the penguin loved the scientist .	* professor ( x _ 0 ) ; * scientist ( x _ 3 ) ; * penguin ( x _ 2 ) ; poke . agent ( x _ 4 , x _ 0 ) AND poke . theme ( x _ 4 , x _ 3 ) AND love . agent ( x _ 5 , x _ 2 ) AND love . theme ( x _ 5 , x _ 3 )	elips_RNR_in_dist
A guest found and the lamb liked Penelope .	* lamb ( x _ 1 ) ; guest ( x _ 0 ) AND find . agent ( x _ 2 , x _ 0 ) AND find . theme ( x _ 2 , Penelope ) AND like . agent ( x _ 3 , x _ 1 ) AND like . theme ( x _ 3 , Penelope )	elips_RNR_in_dist
Ella ate and Ava helped a girl .	girl ( x _ 1 ) AND eat . agent ( x _ 2 , Ella ) AND eat . theme ( x _ 2 , x _ 1 ) AND help . agent ( x _ 3 , Ava ) AND help . theme ( x _ 3 , x _ 1 )	elips_RNR_in_dist
Emma admired and Jackson loved Penelope .	admire . agent ( x _ 0 , Emma ) AND admire . theme ( x _ 0 , Penelope ) AND love . agent ( x _ 1 , Jackson ) AND love . theme ( x _ 1 , Penelope )	elips_RNR_in_dist
The girl liked and Emma appreciated a bird .	* girl ( x _ 0 ) ; bird ( x _ 2 ) AND like . agent ( x _ 3 , x _ 0 ) AND like . theme ( x _ 3 , x _ 2 ) AND appreciate . agent ( x _ 4 , Emma ) AND appreciate . theme ( x _ 4 , x _ 2 )	elips_RNR_in_dist
The deer liked and Liam held the mother .	* deer ( x _ 0 ) ; * mother ( x _ 2 ) ; like . agent ( x _ 3 , x _ 0 ) AND like . theme ( x _ 3 , x _ 2 ) AND hold . agent ( x _ 4 , Liam ) AND hold . theme ( x _ 4 , x _ 2 )	elips_RNR_in_dist
A giraffe loved and Liam liked Layla .	giraffe ( x _ 0 ) AND love . agent ( x _ 1 , x _ 0 ) AND love . theme ( x _ 1 , Layla ) AND like . agent ( x _ 2 , Liam ) AND like . theme ( x _ 2 , Layla )	elips_RNR_in_dist
Charlotte ate and the tourist liked Jayden .	* tourist ( x _ 0 ) ; eat . agent ( x _ 1 , Charlotte ) AND eat . theme ( x _ 1 , Jayden ) AND like . agent ( x _ 2 , x _ 0 ) AND like . theme ( x _ 2 , Jayden )	elips_RNR_in_dist
Oliver ate and Chloe liked Wyatt .	eat . agent ( x _ 0 , Oliver ) AND eat . theme ( x _ 0 , Wyatt ) AND like . agent ( x _ 1 , Chloe ) AND like . theme ( x _ 1 , Wyatt )	elips_RNR_in_dist
A dog knew and a boy discovered Thomas .	dog ( x _ 0 ) AND boy ( x _ 1 ) AND know . agent ( x _ 2 , x _ 0 ) AND know . theme ( x _ 2 , Thomas ) AND discover . agent ( x _ 3 , x _ 1 ) AND discover . theme ( x _ 3 , Thomas )	elips_RNR_in_dist
Olivia called and Emma poked Penelope .	call . agent ( x _ 0 , Olivia ) AND call . theme ( x _ 0 , Penelope ) AND poke . agent ( x _ 1 , Emma ) AND poke . theme ( x _ 1 , Penelope )	elips_RNR_in_dist
The girl liked and the bunny liked Riley .	* girl ( x _ 0 ) ; * bunny ( x _ 1 ) ; like . agent ( x _ 2 , x _ 0 ) AND like . theme ( x _ 2 , Riley ) AND like . agent ( x _ 3 , x _ 1 ) AND like . theme ( x _ 3 , Riley )	elips_RNR_in_dist
William ate and Liam worshipped Penelope .	eat . agent ( x _ 0 , William ) AND eat . theme ( x _ 0 , Penelope ) AND worship . agent ( x _ 1 , Liam ) AND worship . theme ( x _ 1 , Penelope )	elips_RNR_in_dist
A cat ate and Emma discovered the lawyer .	* lawyer ( x _ 2 ) ; cat ( x _ 0 ) AND eat . agent ( x _ 3 , x _ 0 ) AND eat . theme ( x _ 3 , x _ 2 ) AND discover . agent ( x _ 4 , Emma ) AND discover . theme ( x _ 4 , x _ 2 )	elips_RNR_in_dist
Emma sketched and Amelia helped Luke .	sketch . agent ( x _ 0 , Emma ) AND sketch . theme ( x _ 0 , Luke ) AND help . agent ( x _ 1 , Amelia ) AND help . theme ( x _ 1 , Luke )	elips_RNR_in_dist
Eleanor liked and the chicken liked Lillian .	* chicken ( x _ 0 ) ; like . agent ( x _ 1 , Eleanor ) AND like . theme ( x _ 1 , Lillian ) AND like . agent ( x _ 2 , x _ 0 ) AND like . theme ( x _ 2 , Lillian )	elips_RNR_in_dist
The squirrel loved and the president missed Wyatt .	* squirrel ( x _ 0 ) ; * president ( x _ 1 ) ; love . agent ( x _ 2 , x _ 0 ) AND love . theme ( x _ 2 , Wyatt ) AND miss . agent ( x _ 3 , x _ 1 ) AND miss . theme ( x _ 3 , Wyatt )	elips_RNR_in_dist
A bear liked and Emma helped Penelope .	bear ( x _ 0 ) AND like . agent ( x _ 1 , x _ 0 ) AND like . theme ( x _ 1 , Penelope ) AND help . agent ( x _ 2 , Emma ) AND help . theme ( x _ 2 , Penelope )	elips_RNR_in_dist
William liked and the manager liked Penelope .	* manager ( x _ 0 ) ; like . agent ( x _ 1 , William ) AND like . theme ( x _ 1 , Penelope ) AND like . agent ( x _ 2 , x _ 0 ) AND like . theme ( x _ 2 , Penelope )	elips_RNR_in_dist
A customer examined and Oliver threw Savannah .	customer ( x _ 0 ) AND examine . agent ( x _ 1 , x _ 0 ) AND examine . theme ( x _ 1 , Savannah ) AND throw . agent ( x _ 2 , Oliver ) AND throw . theme ( x _ 2 , Savannah )	elips_RNR_in_dist
Owen liked and Emma liked Luke .	like . agent ( x _ 0 , Owen ) AND like . theme ( x _ 0 , Luke ) AND like . agent ( x _ 1 , Emma ) AND like . theme ( x _ 1 , Luke )	elips_RNR_in_dist
The boy helped and Isabella liked Violet .	* boy ( x _ 0 ) ; help . agent ( x _ 1 , x _ 0 ) AND help . theme ( x _ 1 , Violet ) AND like . agent ( x _ 2 , Isabella ) AND like . theme ( x _ 2 , Violet )	elips_RNR_in_dist
A girl called and Emma valued Addison .	girl ( x _ 0 ) AND call . agent ( x _ 1 , x _ 0 ) AND call . theme ( x _ 1 , Addison ) AND value . agent ( x _ 2 , Emma ) AND value . theme ( x _ 2 , Addison )	elips_RNR_in_dist
Luke cooked and Olivia liked Wyatt .	cook . agent ( x _ 0 , Luke ) AND cook . theme ( x _ 0 , Wyatt ) AND like . agent ( x _ 1 , Olivia ) AND like . theme ( x _ 1 , Wyatt )	elips_RNR_in_dist
Alexander admired and a baby adored a penguin .	penguin ( x _ 2 ) AND baby ( x _ 1 ) AND admire . agent ( x _ 3 , Alexander ) AND admire . theme ( x _ 3 , x _ 2 ) AND adore . agent ( x _ 4 , x _ 1 ) AND adore . theme ( x _ 4 , x _ 2 )	elips_RNR_in_dist
The duke sketched and James liked a student .	* duke ( x _ 0 ) ; student ( x _ 2 ) AND sketch . agent ( x _ 3 , x _ 0 ) AND sketch . theme ( x _ 3 , x _ 2 ) AND like . agent ( x _ 4 , James ) AND like . theme ( x _ 4 , x _ 2 )	elips_RNR_in_dist
Lily hunted and a crocodile liked the hen .	* hen ( x _ 2 ) ; crocodile ( x _ 1 ) AND hunt . agent ( x _ 3 , Lily ) AND hunt . theme ( x _ 3 , x _ 2 ) AND like . agent ( x _ 4 , x _ 1 ) AND like . theme ( x _ 4 , x _ 2 )	elips_RNR_in_dist
A mouse poked and Emma liked Wyatt .	mouse ( x _ 0 ) AND poke . agent ( x _ 1 , x _ 0 ) AND poke . theme ( x _ 1 , Wyatt ) AND like . agent ( x _ 2 , Emma ) AND like . theme ( x _ 2 , Wyatt )	elips_RNR_in_dist
A dog liked and Mila loved Penelope .	dog ( x _ 0 ) AND like . agent ( x _ 1 , x _ 0 ) AND like . theme ( x _ 1 , Penelope ) AND love . agent ( x _ 2 , Mila ) AND love . theme ( x _ 2 , Penelope )	elips_RNR_in_dist
A boy ate and a girl missed Penelope .	boy ( x _ 0 ) AND girl ( x _ 1 ) AND eat . agent ( x _ 2 , x _ 0 ) AND eat . theme ( x _ 2 , Penelope ) AND miss . agent ( x _ 3 , x _ 1 ) AND miss . theme ( x _ 3 , Penelope )	elips_RNR_in_dist
A girl nursed and Ava liked Andrew .	girl ( x _ 0 ) AND nurse . agent ( x _ 1 , x _ 0 ) AND nurse . theme ( x _ 1 , Andrew ) AND like . agent ( x _ 2 , Ava ) AND like . theme ( x _ 2 , Andrew )	elips_RNR_in_dist
A giraffe ate and Elizabeth liked Penelope .	giraffe ( x _ 0 ) AND eat . agent ( x _ 1 , x _ 0 ) AND eat . theme ( x _ 1 , Penelope ) AND like . agent ( x _ 2 , Elizabeth ) AND like . theme ( x _ 2 , Penelope )	elips_RNR_in_dist
Mila painted and Michael liked the girl .	* girl ( x _ 1 ) ; paint . agent ( x _ 2 , Mila ) AND paint . theme ( x _ 2 , x _ 1 ) AND like . agent ( x _ 3 , Michael ) AND like . theme ( x _ 3 , x _ 1 )	elips_RNR_in_dist
Abigail ate and the boy appreciated the president .	* president ( x _ 2 ) ; * boy ( x _ 1 ) ; eat . agent ( x _ 3 , Abigail ) AND eat . theme ( x _ 3 , x _ 2 ) AND appreciate . agent ( x _ 4 , x _ 1 ) AND appreciate . theme ( x _ 4 , x _ 2 )	elips_RNR_in_dist
Isabella liked and Emma loved Hannah .	like . agent ( x _ 0 , Isabella ) AND like . theme ( x _ 0 , Hannah ) AND love . agent ( x _ 1 , Emma ) AND love . theme ( x _ 1 , Hannah )	elips_RNR_in_dist
Harper cleaned and the frog pierced a boy .	* frog ( x _ 1 ) ; boy ( x _ 2 ) AND clean . agent ( x _ 3 , Harper ) AND clean . theme ( x _ 3 , x _ 2 ) AND pierce . agent ( x _ 4 , x _ 1 ) AND pierce . theme ( x _ 4 , x _ 2 )	elips_RNR_in_dist
The patient dusted and Aiden liked a girl .	* patient ( x _ 0 ) ; girl ( x _ 2 ) AND dust . agent ( x _ 3 , x _ 0 ) AND dust . theme ( x _ 3 , x _ 2 ) AND like . agent ( x _ 4 , Aiden ) AND like . theme ( x _ 4 , x _ 2 )	elips_RNR_in_dist
Isabella liked and Emma liked the girl .	* girl ( x _ 1 ) ; like . agent ( x _ 2 , Isabella ) AND like . theme ( x _ 2 , x _ 1 ) AND like . agent ( x _ 3 , Emma ) AND like . theme ( x _ 3 , x _ 1 )	elips_RNR_in_dist
The director liked and Emma adored Penelope .	* director ( x _ 0 ) ; like . agent ( x _ 1 , x _ 0 ) AND like . theme ( x _ 1 , Penelope ) AND adore . agent ( x _ 2 , Emma ) AND adore . theme ( x _ 2 , Penelope )	elips_RNR_in_dist
A girl cooked and Addison liked a baby .	girl ( x _ 0 ) AND baby ( x _ 2 ) AND cook . agent ( x _ 3 , x _ 0 ) AND cook . theme ( x _ 3 , x _ 2 ) AND like . agent ( x _ 4 , Addison ) AND like . theme ( x _ 4 , x _ 2 )	elips_RNR_in_dist
Emma painted and James discovered Ryan .	paint . agent ( x _ 0 , Emma ) AND paint . theme ( x _ 0 , Ryan ) AND discover . agent ( x _ 1 , James ) AND discover . theme ( x _ 1 , Ryan )	elips_RNR_in_dist
Liam appreciated and Emma threw the cat .	* cat ( x _ 1 ) ; appreciate . agent ( x _ 2 , Liam ) AND appreciate . theme ( x _ 2 , x _ 1 ) AND throw . agent ( x _ 3 , Emma ) AND throw . theme ( x _ 3 , x _ 1 )	elips_RNR_in_dist
A butterfly ate and Emma liked the girl .	* girl ( x _ 2 ) ; butterfly ( x _ 0 ) AND eat . agent ( x _ 3 , x _ 0 ) AND eat . theme ( x _ 3 , x _ 2 ) AND like . agent ( x _ 4 , Emma ) AND like . theme ( x _ 4 , x _ 2 )	elips_RNR_in_dist
A penguin liked and a butterfly discovered the boy .	* boy ( x _ 3 ) ; penguin ( x _ 0 ) AND butterfly ( x _ 2 ) AND like . agent ( x _ 4 , x _ 0 ) AND like . theme ( x _ 4 , x _ 3 ) AND discover . agent ( x _ 5 , x _ 2 ) AND discover . theme ( x _ 5 , x _ 3 )	elips_RNR_in_dist
A professor helped and Noah liked the lawyer .	* lawyer ( x _ 2 ) ; professor ( x _ 0 ) AND help . agent ( x _ 3 , x _ 0 ) AND help . theme ( x _ 3 , x _ 2 ) AND like . agent ( x _ 4 , Noah ) AND like . theme ( x _ 4 , x _ 2 )	elips_RNR_in_dist
Charlotte painted and a boy poked Wyatt .	boy ( x _ 0 ) AND paint . agent ( x _ 1 , Charlotte ) AND paint . theme ( x _ 1 , Wyatt ) AND poke . agent ( x _ 2 , x _ 0 ) AND poke . theme ( x _ 2 , Wyatt )	elips_RNR_in_dist
Noah ate and Emma pierced the tiger .	* tiger ( x _ 1 ) ; eat . agent ( x _ 2 , Noah ) AND eat . theme ( x _ 2 , x _ 1 ) AND pierce . agent ( x _ 3 , Emma ) AND pierce . theme ( x _ 3 , x _ 1 )	elips_RNR_in_dist
Mason touched and Emma liked Dylan .	touch . agent ( x _ 0 , Mason ) AND touch . theme ( x _ 0 , Dylan ) AND like . agent ( x _ 1 , Emma ) AND like . theme ( x _ 1 , Dylan )	elips_RNR_in_dist
Olivia liked and Liam tossed the girl .	* girl ( x _ 1 ) ; like . agent ( x _ 2 , Olivia ) AND like . theme ( x _ 2 , x _ 1 ) AND toss . agent ( x _ 3 , Liam ) AND toss . theme ( x _ 3 , x _ 1 )	elips_RNR_in_dist
Liam painted and Charlotte helped the child .	* child ( x _ 1 ) ; paint . agent ( x _ 2 , Liam ) AND paint . theme ( x _ 2 , x _ 1 ) AND help . agent ( x _ 3 , Charlotte ) AND help . theme ( x _ 3 , x _ 1 )	elips_RNR_in_dist
The lawyer ate and Liam liked Layla .	* lawyer ( x _ 0 ) ; eat . agent ( x _ 1 , x _ 0 ) AND eat . theme ( x _ 1 , Layla ) AND like . agent ( x _ 2 , Liam ) AND like . theme ( x _ 2 , Layla )	elips_RNR_in_dist
The kitty admired and a girl loved Penelope .	* kitty ( x _ 0 ) ; girl ( x _ 1 ) AND admire . agent ( x _ 2 , x _ 0 ) AND admire . theme ( x _ 2 , Penelope ) AND love . agent ( x _ 3 , x _ 1 ) AND love . theme ( x _ 3 , Penelope )	elips_RNR_in_dist
Emma ate and Olivia loved Layla .	eat . agent ( x _ 0 , Emma ) AND eat . theme ( x _ 0 , Layla ) AND love . agent ( x _ 1 , Olivia ) AND love . theme ( x _ 1 , Layla )	elips_RNR_in_dist
Olivia liked and Jayden liked a girl .	girl ( x _ 1 ) AND like . agent ( x _ 2 , Olivia ) AND like . theme ( x _ 2 , x _ 1 ) AND like . agent ( x _ 3 , Jayden ) AND like . theme ( x _ 3 , x _ 1 )	elips_RNR_in_dist
The girl found and the hen respected Riley .	* girl ( x _ 0 ) ; * hen ( x _ 1 ) ; find . agent ( x _ 2 , x _ 0 ) AND find . theme ( x _ 2 , Riley ) AND respect . agent ( x _ 3 , x _ 1 ) AND respect . theme ( x _ 3 , Riley )	elips_RNR_in_dist
A president ate and the cat loved Zoey .	* cat ( x _ 1 ) ; president ( x _ 0 ) AND eat . agent ( x _ 2 , x _ 0 ) AND eat . theme ( x _ 2 , Zoey ) AND love . agent ( x _ 3 , x _ 1 ) AND love . theme ( x _ 3 , Zoey )	elips_RNR_in_dist
The cat ate and the bear adored Lincoln .	* cat ( x _ 0 ) ; * bear ( x _ 1 ) ; eat . agent ( x _ 2 , x _ 0 ) AND eat . theme ( x _ 2 , Lincoln ) AND adore . agent ( x _ 3 , x _ 1 ) AND adore . theme ( x _ 3 , Lincoln )	elips_RNR_in_dist
A girl helped and Julian adored a kitty .	girl ( x _ 0 ) AND kitty ( x _ 2 ) AND help . agent ( x _ 3 , x _ 0 ) AND help . theme ( x _ 3 , x _ 2 ) AND adore . agent ( x _ 4 , Julian ) AND adore . theme ( x _ 4 , x _ 2 )	elips_RNR_in_dist
Nathan drew and a penguin liked a boy .	boy ( x _ 2 ) AND penguin ( x _ 1 ) AND draw . agent ( x _ 3 , Nathan ) AND draw . theme ( x _ 3 , x _ 2 ) AND like . agent ( x _ 4 , x _ 1 ) AND like . theme ( x _ 4 , x _ 2 )	elips_RNR_in_dist
The mouse touched and Lily helped a girl .	* mouse ( x _ 0 ) ; girl ( x _ 2 ) AND touch . agent ( x _ 3 , x _ 0 ) AND touch . theme ( x _ 3 , x _ 2 ) AND help . agent ( x _ 4 , Lily ) AND help . theme ( x _ 4 , x _ 2 )	elips_RNR_in_dist
Sophia cooked and Emma poked a bird .	bird ( x _ 1 ) AND cook . agent ( x _ 2 , Sophia ) AND cook . theme ( x _ 2 , x _ 1 ) AND poke . agent ( x _ 3 , Emma ) AND poke . theme ( x _ 3 , x _ 1 )	elips_RNR_in_dist
A professor painted and Noah discovered a mouse .	professor ( x _ 0 ) AND mouse ( x _ 2 ) AND paint . agent ( x _ 3 , x _ 0 ) AND paint . theme ( x _ 3 , x _ 2 ) AND discover . agent ( x _ 4 , Noah ) AND discover . theme ( x _ 4 , x _ 2 )	elips_RNR_in_dist
A lion painted and Liam tossed Jaxon .	lion ( x _ 0 ) AND paint . agent ( x _ 1 , x _ 0 ) AND paint . theme ( x _ 1 , Jaxon ) AND toss . agent ( x _ 2 , Liam ) AND toss . theme ( x _ 2 , Jaxon )	elips_RNR_in_dist
The girl hunted and Ava liked Penelope .	* girl ( x _ 0 ) ; hunt . agent ( x _ 1 , x _ 0 ) AND hunt . theme ( x _ 1 , Penelope ) AND like . agent ( x _ 2 , Ava ) AND like . theme ( x _ 2 , Penelope )	elips_RNR_in_dist
The girl helped and Noah tolerated Lincoln .	* girl ( x _ 0 ) ; help . agent ( x _ 1 , x _ 0 ) AND help . theme ( x _ 1 , Lincoln ) AND tolerate . agent ( x _ 2 , Noah ) AND tolerate . theme ( x _ 2 , Lincoln )	elips_RNR_in_dist
The child liked and Emily adored the teacher .	* child ( x _ 0 ) ; * teacher ( x _ 2 ) ; like . agent ( x _ 3 , x _ 0 ) AND like . theme ( x _ 3 , x _ 2 ) AND adore . agent ( x _ 4 , Emily ) AND adore . theme ( x _ 4 , x _ 2 )	elips_RNR_in_dist
Olivia sketched and the duck helped the cow .	* cow ( x _ 2 ) ; * duck ( x _ 1 ) ; sketch . agent ( x _ 3 , Olivia ) AND sketch . theme ( x _ 3 , x _ 2 ) AND help . agent ( x _ 4 , x _ 1 ) AND help . theme ( x _ 4 , x _ 2 )	elips_RNR_in_dist
Emma tolerated and Charlotte liked the cat .	* cat ( x _ 1 ) ; tolerate . agent ( x _ 2 , Emma ) AND tolerate . theme ( x _ 2 , x _ 1 ) AND like . agent ( x _ 3 , Charlotte ) AND like . theme ( x _ 3 , x _ 1 )	elips_RNR_in_dist
The baby liked and Madison liked Layla .	* baby ( x _ 0 ) ; like . agent ( x _ 1 , x _ 0 ) AND like . theme ( x _ 1 , Layla ) AND like . agent ( x _ 2 , Madison ) AND like . theme ( x _ 2 , Layla )	elips_RNR_in_dist
The dog admired and the writer missed Penelope .	* dog ( x _ 0 ) ; * writer ( x _ 1 ) ; admire . agent ( x _ 2 , x _ 0 ) AND admire . theme ( x _ 2 , Penelope ) AND miss . agent ( x _ 3 , x _ 1 ) AND miss . theme ( x _ 3 , Penelope )	elips_RNR_in_dist
James liked and the boy helped John .	* boy ( x _ 0 ) ; like . agent ( x _ 1 , James ) AND like . theme ( x _ 1 , John ) AND help . agent ( x _ 2 , x _ 0 ) AND help . theme ( x _ 2 , John )	elips_RNR_in_dist
A girl ate and Emma helped Penelope .	girl ( x _ 0 ) AND eat . agent ( x _ 1 , x _ 0 ) AND eat . theme ( x _ 1 , Penelope ) AND help . agent ( x _ 2 , Emma ) AND help . theme ( x _ 2 , Penelope )	elips_RNR_in_dist
Liam painted and Isabella admired a student .	student ( x _ 1 ) AND paint . agent ( x _ 2 , Liam ) AND paint . theme ( x _ 2 , x _ 1 ) AND admire . agent ( x _ 3 , Isabella ) AND admire . theme ( x _ 3 , x _ 1 )	elips_RNR_in_dist
The girl nursed and Joseph adored the cat .	* girl ( x _ 0 ) ; * cat ( x _ 2 ) ; nurse . agent ( x _ 3 , x _ 0 ) AND nurse . theme ( x _ 3 , x _ 2 ) AND adore . agent ( x _ 4 , Joseph ) AND adore . theme ( x _ 4 , x _ 2 )	elips_RNR_in_dist
The princess ate and the prisoner missed the baby .	* princess ( x _ 0 ) ; * baby ( x _ 3 ) ; * prisoner ( x _ 2 ) ; eat . agent ( x _ 4 , x _ 0 ) AND eat . theme ( x _ 4 , x _ 3 ) AND miss . agent ( x _ 5 , x _ 2 ) AND miss . theme ( x _ 5 , x _ 3 )	elips_RNR_in_dist
A child liked and Emma liked John .	child ( x _ 0 ) AND like . agent ( x _ 1 , x _ 0 ) AND like . theme ( x _ 1 , John ) AND like . agent ( x _ 2 , Emma ) AND like . theme ( x _ 2 , John )	elips_RNR_in_dist
The girl painted and Harper liked Penelope .	* girl ( x _ 0 ) ; paint . agent ( x _ 1 , x _ 0 ) AND paint . theme ( x _ 1 , Penelope ) AND like . agent ( x _ 2 , Harper ) AND like . theme ( x _ 2 , Penelope )	elips_RNR_in_dist
A dog poked and Emma found the cat .	* cat ( x _ 2 ) ; dog ( x _ 0 ) AND poke . agent ( x _ 3 , x _ 0 ) AND poke . theme ( x _ 3 , x _ 2 ) AND find . agent ( x _ 4 , Emma ) AND find . theme ( x _ 4 , x _ 2 )	elips_RNR_in_dist
Emma liked and Sophia helped a girl .	girl ( x _ 1 ) AND like . agent ( x _ 2 , Emma ) AND like . theme ( x _ 2 , x _ 1 ) AND help . agent ( x _ 3 , Sophia ) AND help . theme ( x _ 3 , x _ 1 )	elips_RNR_in_dist
The dog painted and Harper tossed Wyatt .	* dog ( x _ 0 ) ; paint . agent ( x _ 1 , x _ 0 ) AND paint . theme ( x _ 1 , Wyatt ) AND toss . agent ( x _ 2 , Harper ) AND toss . theme ( x _ 2 , Wyatt )	elips_RNR_in_dist
The host noticed and a girl held the dog .	* host ( x _ 0 ) ; * dog ( x _ 3 ) ; girl ( x _ 2 ) AND notice . agent ( x _ 4 , x _ 0 ) AND notice . theme ( x _ 4 , x _ 3 ) AND hold . agent ( x _ 5 , x _ 2 ) AND hold . theme ( x _ 5 , x _ 3 )	elips_RNR_in_dist
The cat touched and Ethan admired the girl .	* cat ( x _ 0 ) ; * girl ( x _ 2 ) ; touch . agent ( x _ 3 , x _ 0 ) AND touch . theme ( x _ 3 , x _ 2 ) AND admire . agent ( x _ 4 , Ethan ) AND admire . theme ( x _ 4 , x _ 2 )	elips_RNR_in_dist
Emma hunted and the frog liked the boy .	* boy ( x _ 2 ) ; * frog ( x _ 1 ) ; hunt . agent ( x _ 3 , Emma ) AND hunt . theme ( x _ 3 , x _ 2 ) AND like . agent ( x _ 4 , x _ 1 ) AND like . theme ( x _ 4 , x _ 2 )	elips_RNR_in_dist
A horse painted and Luna helped Brooklyn .	horse ( x _ 0 ) AND paint . agent ( x _ 1 , x _ 0 ) AND paint . theme ( x _ 1 , Brooklyn ) AND help . agent ( x _ 2 , Luna ) AND help . theme ( x _ 2 , Brooklyn )	elips_RNR_in_dist
The girl liked and Olivia liked Penelope .	* girl ( x _ 0 ) ; like . agent ( x _ 1 , x _ 0 ) AND like . theme ( x _ 1 , Penelope ) AND like . agent ( x _ 2 , Olivia ) AND like . theme ( x _ 2 , Penelope )	elips_RNR_in_dist
Evelyn cooked and Liam loved the duck .	* duck ( x _ 1 ) ; cook . agent ( x _ 2 , Evelyn ) AND cook . theme ( x _ 2 , x _ 1 ) AND love . agent ( x _ 3 , Liam ) AND love . theme ( x _ 3 , x _ 1 )	elips_RNR_in_dist
Oliver drew and the cat found the girl .	* girl ( x _ 2 ) ; * cat ( x _ 1 ) ; draw . agent ( x _ 3 , Oliver ) AND draw . theme ( x _ 3 , x _ 2 ) AND find . agent ( x _ 4 , x _ 1 ) AND find . theme ( x _ 4 , x _ 2 )	elips_RNR_in_dist
Liam observed and a horse stabbed Penelope .	horse ( x _ 0 ) AND observe . agent ( x _ 1 , Liam ) AND observe . theme ( x _ 1 , Penelope ) AND stab . agent ( x _ 2 , x _ 0 ) AND stab . theme ( x _ 2 , Penelope )	elips_RNR_in_dist
Isabella ate and a boy found Penelope .	boy ( x _ 0 ) AND eat . agent ( x _ 1 , Isabella ) AND eat . theme ( x _ 1 , Penelope ) AND find . agent ( x _ 2 , x _ 0 ) AND find . theme ( x _ 2 , Penelope )	elips_RNR_in_dist
A girl adored and the dog missed Asher .	* dog ( x _ 1 ) ; girl ( x _ 0 ) AND adore . agent ( x _ 2 , x _ 0 ) AND adore . theme ( x _ 2 , Asher ) AND miss . agent ( x _ 3 , x _ 1 ) AND miss . theme ( x _ 3 , Asher )	elips_RNR_in_dist
The girl valued and Charlotte poked the director .	* girl ( x _ 0 ) ; * director ( x _ 2 ) ; value . agent ( x _ 3 , x _ 0 ) AND value . theme ( x _ 3 , x _ 2 ) AND poke . agent ( x _ 4 , Charlotte ) AND poke . theme ( x _ 4 , x _ 2 )	elips_RNR_in_dist
The boy discovered and Mason admired the girl .	* boy ( x _ 0 ) ; * girl ( x _ 2 ) ; discover . agent ( x _ 3 , x _ 0 ) AND discover . theme ( x _ 3 , x _ 2 ) AND admire . agent ( x _ 4 , Mason ) AND admire . theme ( x _ 4 , x _ 2 )	elips_RNR_in_dist
The girl sketched and a child helped Penelope .	* girl ( x _ 0 ) ; child ( x _ 1 ) AND sketch . agent ( x _ 2 , x _ 0 ) AND sketch . theme ( x _ 2 , Penelope ) AND help . agent ( x _ 3 , x _ 1 ) AND help . theme ( x _ 3 , Penelope )	elips_RNR_in_dist
A frog cleaned and the girl found Wyatt .	* girl ( x _ 1 ) ; frog ( x _ 0 ) AND clean . agent ( x _ 2 , x _ 0 ) AND clean . theme ( x _ 2 , Wyatt ) AND find . agent ( x _ 3 , x _ 1 ) AND find . theme ( x _ 3 , Wyatt )	elips_RNR_in_dist
Emma liked and Jaxon liked the baby .	* baby ( x _ 1 ) ; like . agent ( x _ 2 , Emma ) AND like . theme ( x _ 2 , x _ 1 ) AND like . agent ( x _ 3 , Jaxon ) AND like . theme ( x _ 3 , x _ 1 )	elips_RNR_in_dist
James ate and Alexander liked Penelope .	eat . agent ( x _ 0 , James ) AND eat . theme ( x _ 0 , Penelope ) AND like . agent ( x _ 1 , Alexander ) AND like . theme ( x _ 1 , Penelope )	elips_RNR_in_dist
Isabella respected and the girl liked a cat .	* girl ( x _ 1 ) ; cat ( x _ 2 ) AND respect . agent ( x _ 3 , Isabella ) AND respect . theme ( x _ 3 , x _ 2 ) AND like . agent ( x _ 4 , x _ 1 ) AND like . theme ( x _ 4 , x _ 2 )	elips_RNR_in_dist
Julian ate and Emma valued a girl .	girl ( x _ 1 ) AND eat . agent ( x _ 2 , Julian ) AND eat . theme ( x _ 2 , x _ 1 ) AND value . agent ( x _ 3 , Emma ) AND value . theme ( x _ 3 , x _ 1 )	elips_RNR_in_dist
The frog appreciated and Liam respected John .	* frog ( x _ 0 ) ; appreciate . agent ( x _ 1 , x _ 0 ) AND appreciate . theme ( x _ 1 , John ) AND respect . agent ( x _ 2 , Liam ) AND respect . theme ( x _ 2 , John )	elips_RNR_in_dist
A donkey juggled and James helped Brooklyn .	donkey ( x _ 0 ) AND juggle . agent ( x _ 1 , x _ 0 ) AND juggle . theme ( x _ 1 , Brooklyn ) AND help . agent ( x _ 2 , James ) AND help . theme ( x _ 2 , Brooklyn )	elips_RNR_in_dist
A cat tolerated and Layla liked Caleb .	cat ( x _ 0 ) AND tolerate . agent ( x _ 1 , x _ 0 ) AND tolerate . theme ( x _ 1 , Caleb ) AND like . agent ( x _ 2 , Layla ) AND like . theme ( x _ 2 , Caleb )	elips_RNR_in_dist
Emma admired and a boy valued Zoey .	boy ( x _ 0 ) AND admire . agent ( x _ 1 , Emma ) AND admire . theme ( x _ 1 , Zoey ) AND value . agent ( x _ 2 , x _ 0 ) AND value . theme ( x _ 2 , Zoey )	elips_RNR_in_dist
Emma ate and the teacher admired Layla .	* teacher ( x _ 0 ) ; eat . agent ( x _ 1 , Emma ) AND eat . theme ( x _ 1 , Layla ) AND admire . agent ( x _ 2 , x _ 0 ) AND admire . theme ( x _ 2 , Layla )	elips_RNR_in_dist
Liam appreciated and a girl liked the boy .	* boy ( x _ 2 ) ; girl ( x _ 1 ) AND appreciate . agent ( x _ 3 , Liam ) AND appreciate . theme ( x _ 3 , x _ 2 ) AND like . agent ( x _ 4 , x _ 1 ) AND like . theme ( x _ 4 , x _ 2 )	elips_RNR_in_dist
A dog touched and the captain respected a monkey .	* captain ( x _ 2 ) ; dog ( x _ 0 ) AND monkey ( x _ 3 ) AND touch . agent ( x _ 4 , x _ 0 ) AND touch . theme ( x _ 4 , x _ 3 ) AND respect . agent ( x _ 5 , x _ 2 ) AND respect . theme ( x _ 5 , x _ 3 )	elips_RNR_in_dist
The creature poked and Logan liked Penelope .	* creature ( x _ 0 ) ; poke . agent ( x _ 1 , x _ 0 ) AND poke . theme ( x _ 1 , Penelope ) AND like . agent ( x _ 2 , Logan ) AND like . theme ( x _ 2 , Penelope )	elips_RNR_in_dist
Emma helped and Mason liked a dog .	dog ( x _ 1 ) AND help . agent ( x _ 2 , Emma ) AND help . theme ( x _ 2 , x _ 1 ) AND like . agent ( x _ 3 , Mason ) AND like . theme ( x _ 3 , x _ 1 )	elips_RNR_in_dist
Emma ate and the visitor helped Wyatt .	* visitor ( x _ 0 ) ; eat . agent ( x _ 1 , Emma ) AND eat . theme ( x _ 1 , Wyatt ) AND help . agent ( x _ 2 , x _ 0 ) AND help . theme ( x _ 2 , Wyatt )	elips_RNR_in_dist
The baby ate and Scarlett poked a scientist .	* baby ( x _ 0 ) ; scientist ( x _ 2 ) AND eat . agent ( x _ 3 , x _ 0 ) AND eat . theme ( x _ 3 , x _ 2 ) AND poke . agent ( x _ 4 , Scarlett ) AND poke . theme ( x _ 4 , x _ 2 )	elips_RNR_in_dist
Owen painted and a turkey respected Penelope .	turkey ( x _ 0 ) AND paint . agent ( x _ 1 , Owen ) AND paint . theme ( x _ 1 , Penelope ) AND respect . agent ( x _ 2 , x _ 0 ) AND respect . theme ( x _ 2 , Penelope )	elips_RNR_in_dist
Amelia cooked and Emma found a sailor .	sailor ( x _ 1 ) AND cook . agent ( x _ 2 , Amelia ) AND cook . theme ( x _ 2 , x _ 1 ) AND find . agent ( x _ 3 , Emma ) AND find . theme ( x _ 3 , x _ 1 )	elips_RNR_in_dist
The boy poked and a baby liked a girl .	* boy ( x _ 0 ) ; girl ( x _ 3 ) AND baby ( x _ 2 ) AND poke . agent ( x _ 4 , x _ 0 ) AND poke . theme ( x _ 4 , x _ 3 ) AND like . agent ( x _ 5 , x _ 2 ) AND like . theme ( x _ 5 , x _ 3 )	elips_RNR_in_dist
The bear ate and a hen missed Wyatt .	* bear ( x _ 0 ) ; hen ( x _ 1 ) AND eat . agent ( x _ 2 , x _ 0 ) AND eat . theme ( x _ 2 , Wyatt ) AND miss . agent ( x _ 3 , x _ 1 ) AND miss . theme ( x _ 3 , Wyatt )	elips_RNR_in_dist
A child cleaned and Ava liked the dog .	* dog ( x _ 2 ) ; child ( x _ 0 ) AND clean . agent ( x _ 3 , x _ 0 ) AND clean . theme ( x _ 3 , x _ 2 ) AND like . agent ( x _ 4 , Ava ) AND like . theme ( x _ 4 , x _ 2 )	elips_RNR_in_dist
A squirrel ate and Emma liked the girl .	* girl ( x _ 2 ) ; squirrel ( x _ 0 ) AND eat . agent ( x _ 3 , x _ 0 ) AND eat . theme ( x _ 3 , x _ 2 ) AND like . agent ( x _ 4 , Emma ) AND like . theme ( x _ 4 , x _ 2 )	elips_RNR_in_dist
Natalie observed and the wolf liked a boy .	* wolf ( x _ 1 ) ; boy ( x _ 2 ) AND observe . agent ( x _ 3 , Natalie ) AND observe . theme ( x _ 3 , x _ 2 ) AND like . agent ( x _ 4 , x _ 1 ) AND like . theme ( x _ 4 , x _ 2 )	elips_RNR_in_dist
Sophia ate and Olivia liked the cat .	* cat ( x _ 1 ) ; eat . agent ( x _ 2 , Sophia ) AND eat . theme ( x _ 2 , x _ 1 ) AND like . agent ( x _ 3 , Olivia ) AND like . theme ( x _ 3 , x _ 1 )	elips_RNR_in_dist
Emma cooked and Liam liked the cat .	* cat ( x _ 1 ) ; cook . agent ( x _ 2 , Emma ) AND cook . theme ( x _ 2 , x _ 1 ) AND like . agent ( x _ 3 , Liam ) AND like . theme ( x _ 3 , x _ 1 )	elips_RNR_in_dist
A cat poked and a creature helped Zoey .	cat ( x _ 0 ) AND creature ( x _ 1 ) AND poke . agent ( x _ 2 , x _ 0 ) AND poke . theme ( x _ 2 , Zoey ) AND help . agent ( x _ 3 , x _ 1 ) AND help . theme ( x _ 3 , Zoey )	elips_RNR_in_dist
The dog touched and Emma liked the butterfly .	* dog ( x _ 0 ) ; * butterfly ( x _ 2 ) ; touch . agent ( x _ 3 , x _ 0 ) AND touch . theme ( x _ 3 , x _ 2 ) AND like . agent ( x _ 4 , Emma ) AND like . theme ( x _ 4 , x _ 2 )	elips_RNR_in_dist
Emma liked and a tiger found Gabriel .	tiger ( x _ 0 ) AND like . agent ( x _ 1 , Emma ) AND like . theme ( x _ 1 , Gabriel ) AND find . agent ( x _ 2 , x _ 0 ) AND find . theme ( x _ 2 , Gabriel )	elips_RNR_in_dist
Olivia cooked and Luna liked a patient .	patient ( x _ 1 ) AND cook . agent ( x _ 2 , Olivia ) AND cook . theme ( x _ 2 , x _ 1 ) AND like . agent ( x _ 3 , Luna ) AND like . theme ( x _ 3 , x _ 1 )	elips_RNR_in_dist
Bella liked and the teacher helped the cat .	* cat ( x _ 2 ) ; * teacher ( x _ 1 ) ; like . agent ( x _ 3 , Bella ) AND like . theme ( x _ 3 , x _ 2 ) AND help . agent ( x _ 4 , x _ 1 ) AND help . theme ( x _ 4 , x _ 2 )	elips_RNR_in_dist
The girl ate and Liam touched the fly .	* girl ( x _ 0 ) ; * fly ( x _ 2 ) ; eat . agent ( x _ 3 , x _ 0 ) AND eat . theme ( x _ 3 , x _ 2 ) AND touch . agent ( x _ 4 , Liam ) AND touch . theme ( x _ 4 , x _ 2 )	elips_RNR_in_dist
A girl drew and Isabella found the boy .	* boy ( x _ 2 ) ; girl ( x _ 0 ) AND draw . agent ( x _ 3 , x _ 0 ) AND draw . theme ( x _ 3 , x _ 2 ) AND find . agent ( x _ 4 , Isabella ) AND find . theme ( x _ 4 , x _ 2 )	elips_RNR_in_dist
Avery adored and Zoey helped Riley .	adore . agent ( x _ 0 , Avery ) AND adore . theme ( x _ 0 , Riley ) AND help . agent ( x _ 1 , Zoey ) AND help . theme ( x _ 1 , Riley )	elips_RNR_in_dist
Emma ate and the butterfly poked a girl .	* butterfly ( x _ 1 ) ; girl ( x _ 2 ) AND eat . agent ( x _ 3 , Emma ) AND eat . theme ( x _ 3 , x _ 2 ) AND poke . agent ( x _ 4 , x _ 1 ) AND poke . theme ( x _ 4 , x _ 2 )	elips_RNR_in_dist
Liam respected and Emma liked Penelope .	respect . agent ( x _ 0 , Liam ) AND respect . theme ( x _ 0 , Penelope ) AND like . agent ( x _ 1 , Emma ) AND like . theme ( x _ 1 , Penelope )	elips_RNR_in_dist
A girl discovered and Emma liked Audrey .	girl ( x _ 0 ) AND discover . agent ( x _ 1 , x _ 0 ) AND discover . theme ( x _ 1 , Audrey ) AND like . agent ( x _ 2 , Emma ) AND like . theme ( x _ 2 , Audrey )	elips_RNR_in_dist
The girl ate and Oliver helped a dog .	* girl ( x _ 0 ) ; dog ( x _ 2 ) AND eat . agent ( x _ 3 , x _ 0 ) AND eat . theme ( x _ 3 , x _ 2 ) AND help . agent ( x _ 4 , Oliver ) AND help . theme ( x _ 4 , x _ 2 )	elips_RNR_in_dist
Emma stabbed and a girl helped the chicken .	* chicken ( x _ 2 ) ; girl ( x _ 1 ) AND stab . agent ( x _ 3 , Emma ) AND stab . theme ( x _ 3 , x _ 2 ) AND help . agent ( x _ 4 , x _ 1 ) AND help . theme ( x _ 4 , x _ 2 )	elips_RNR_in_dist
Olivia painted and Liam loved John .	paint . agent ( x _ 0 , Olivia ) AND paint . theme ( x _ 0 , John ) AND love . agent ( x _ 1 , Liam ) AND love . theme ( x _ 1 , John )	elips_RNR_in_dist
The boy hunted and the champion liked Penelope .	* boy ( x _ 0 ) ; * champion ( x _ 1 ) ; hunt . agent ( x _ 2 , x _ 0 ) AND hunt . theme ( x _ 2 , Penelope ) AND like . agent ( x _ 3 , x _ 1 ) AND like . theme ( x _ 3 , Penelope )	elips_RNR_in_dist
Liam helped and the penguin respected Christopher .	* penguin ( x _ 0 ) ; help . agent ( x _ 1 , Liam ) AND help . theme ( x _ 1 , Christopher ) AND respect . agent ( x _ 2 , x _ 0 ) AND respect . theme ( x _ 2 , Christopher )	elips_RNR_in_dist
A girl knew and a pig liked John .	girl ( x _ 0 ) AND pig ( x _ 1 ) AND know . agent ( x _ 2 , x _ 0 ) AND know . theme ( x _ 2 , John ) AND like . agent ( x _ 3 , x _ 1 ) AND like . theme ( x _ 3 , John )	elips_RNR_in_dist
A girl ate and a chicken appreciated Thomas .	girl ( x _ 0 ) AND chicken ( x _ 1 ) AND eat . agent ( x _ 2 , x _ 0 ) AND eat . theme ( x _ 2 , Thomas ) AND appreciate . agent ( x _ 3 , x _ 1 ) AND appreciate . theme ( x _ 3 , Thomas )	elips_RNR_in_dist
Lincoln adored and Christopher helped Layla .	adore . agent ( x _ 0 , Lincoln ) AND adore . theme ( x _ 0 , Layla ) AND help . agent ( x _ 1 , Christopher ) AND help . theme ( x _ 1 , Layla )	elips_RNR_in_dist
The cow drew and Liam helped the dog .	* cow ( x _ 0 ) ; * dog ( x _ 2 ) ; draw . agent ( x _ 3 , x _ 0 ) AND draw . theme ( x _ 3 , x _ 2 ) AND help . agent ( x _ 4 , Liam ) AND help . theme ( x _ 4 , x _ 2 )	elips_RNR_in_dist
Emily liked and a boy found Riley .	boy ( x _ 0 ) AND like . agent ( x _ 1 , Emily ) AND like . theme ( x _ 1 , Riley ) AND find . agent ( x _ 2 , x _ 0 ) AND find . theme ( x _ 2 , Riley )	elips_RNR_in_dist
Sophia drew and Layla stabbed Penelope .	draw . agent ( x _ 0 , Sophia ) AND draw . theme ( x _ 0 , Penelope ) AND stab . agent ( x _ 1 , Layla ) AND stab . theme ( x _ 1 , Penelope )	elips_RNR_in_dist
Liam liked and Charlotte helped Lily .	like . agent ( x _ 0 , Liam ) AND like . theme ( x _ 0 , Lily ) AND help . agent ( x _ 1 , Charlotte ) AND help . theme ( x _ 1 , Lily )	elips_RNR_in_dist
A girl found and the dog loved a teacher .	* dog ( x _ 2 ) ; girl ( x _ 0 ) AND teacher ( x _ 3 ) AND find . agent ( x _ 4 , x _ 0 ) AND find . theme ( x _ 4 , x _ 3 ) AND love . agent ( x _ 5 , x _ 2 ) AND love . theme ( x _ 5 , x _ 3 )	elips_RNR_in_dist
Henry investigated and the horse worshipped the boy .	* boy ( x _ 2 ) ; * horse ( x _ 1 ) ; investigate . agent ( x _ 3 , Henry ) AND investigate . theme ( x _ 3 , x _ 2 ) AND worship . agent ( x _ 4 , x _ 1 ) AND worship . theme ( x _ 4 , x _ 2 )	elips_RNR_in_dist
Matthew respected and the child helped Skylar .	* child ( x _ 0 ) ; respect . agent ( x _ 1 , Matthew ) AND respect . theme ( x _ 1 , Skylar ) AND help . agent ( x _ 2 , x _ 0 ) AND help . theme ( x _ 2 , Skylar )	elips_RNR_in_dist
A boy found and Emma tossed a girl .	boy ( x _ 0 ) AND girl ( x _ 2 ) AND find . agent ( x _ 3 , x _ 0 ) AND find . theme ( x _ 3 , x _ 2 ) AND toss . agent ( x _ 4 , Emma ) AND toss . theme ( x _ 4 , x _ 2 )	elips_RNR_in_dist
Jack liked and a girl appreciated Luke .	girl ( x _ 0 ) AND like . agent ( x _ 1 , Jack ) AND like . theme ( x _ 1 , Luke ) AND appreciate . agent ( x _ 2 , x _ 0 ) AND appreciate . theme ( x _ 2 , Luke )	elips_RNR_in_dist
The boy valued and the girl helped Penelope .	* boy ( x _ 0 ) ; * girl ( x _ 1 ) ; value . agent ( x _ 2 , x _ 0 ) AND value . theme ( x _ 2 , Penelope ) AND help . agent ( x _ 3 , x _ 1 ) AND help . theme ( x _ 3 , Penelope )	elips_RNR_in_dist
The lion helped and the girl helped a boy .	* lion ( x _ 0 ) ; * girl ( x _ 2 ) ; boy ( x _ 3 ) AND help . agent ( x _ 4 , x _ 0 ) AND help . theme ( x _ 4 , x _ 3 ) AND help . agent ( x _ 5 , x _ 2 ) AND help . theme ( x _ 5 , x _ 3 )	elips_RNR_in_dist
The girl knew and Ava respected Penelope .	* girl ( x _ 0 ) ; know . agent ( x _ 1 , x _ 0 ) AND know . theme ( x _ 1 , Penelope ) AND respect . agent ( x _ 2 , Ava ) AND respect . theme ( x _ 2 , Penelope )	elips_RNR_in_dist
Jayden liked and Mila missed Leo .	like . agent ( x _ 0 , Jayden ) AND like . theme ( x _ 0 , Leo ) AND miss . agent ( x _ 1 , Mila ) AND miss . theme ( x _ 1 , Leo )	elips_RNR_in_dist
The girl sketched and Ethan liked Wyatt .	* girl ( x _ 0 ) ; sketch . agent ( x _ 1 , x _ 0 ) AND sketch . theme ( x _ 1 , Wyatt ) AND like . agent ( x _ 2 , Ethan ) AND like . theme ( x _ 2 , Wyatt )	elips_RNR_in_dist
The boy helped and the cat liked the butterfly .	* boy ( x _ 0 ) ; * butterfly ( x _ 3 ) ; * cat ( x _ 2 ) ; help . agent ( x _ 4 , x _ 0 ) AND help . theme ( x _ 4 , x _ 3 ) AND like . agent ( x _ 5 , x _ 2 ) AND like . theme ( x _ 5 , x _ 3 )	elips_RNR_in_dist
Emily packed and Emma poked Wyatt .	pack . agent ( x _ 0 , Emily ) AND pack . theme ( x _ 0 , Wyatt ) AND poke . agent ( x _ 1 , Emma ) AND poke . theme ( x _ 1 , Wyatt )	elips_RNR_in_dist
The teacher discovered and Matthew touched the girl .	* teacher ( x _ 0 ) ; * girl ( x _ 2 ) ; discover . agent ( x _ 3 , x _ 0 ) AND discover . theme ( x _ 3 , x _ 2 ) AND touch . agent ( x _ 4 , Matthew ) AND touch . theme ( x _ 4 , x _ 2 )	elips_RNR_in_dist
The chicken drew and the bunny liked a dog .	* chicken ( x _ 0 ) ; * bunny ( x _ 2 ) ; dog ( x _ 3 ) AND draw . agent ( x _ 4 , x _ 0 ) AND draw . theme ( x _ 4 , x _ 3 ) AND like . agent ( x _ 5 , x _ 2 ) AND like . theme ( x _ 5 , x _ 3 )	elips_RNR_in_dist
A girl liked and the boy found a child .	* boy ( x _ 2 ) ; girl ( x _ 0 ) AND child ( x _ 3 ) AND like . agent ( x _ 4 , x _ 0 ) AND like . theme ( x _ 4 , x _ 3 ) AND find . agent ( x _ 5 , x _ 2 ) AND find . theme ( x _ 5 , x _ 3 )	elips_RNR_in_dist
The politician helped and the moose liked the girl .	* politician ( x _ 0 ) ; * girl ( x _ 3 ) ; * moose ( x _ 2 ) ; help . agent ( x _ 4 , x _ 0 ) AND help . theme ( x _ 4 , x _ 3 ) AND like . agent ( x _ 5 , x _ 2 ) AND like . theme ( x _ 5 , x _ 3 )	elips_RNR_in_dist
Nora studied and Liam liked Ellie .	study . agent ( x _ 0 , Nora ) AND study . theme ( x _ 0 , Ellie ) AND like . agent ( x _ 1 , Liam ) AND like . theme ( x _ 1 , Ellie )	elips_RNR_in_dist
The dog helped and Henry helped Wyatt .	* dog ( x _ 0 ) ; help . agent ( x _ 1 , x _ 0 ) AND help . theme ( x _ 1 , Wyatt ) AND help . agent ( x _ 2 , Henry ) AND help . theme ( x _ 2 , Wyatt )	elips_RNR_in_dist
The mouse ate and the girl liked the customer .	* mouse ( x _ 0 ) ; * customer ( x _ 3 ) ; * girl ( x _ 2 ) ; eat . agent ( x _ 4 , x _ 0 ) AND eat . theme ( x _ 4 , x _ 3 ) AND like . agent ( x _ 5 , x _ 2 ) AND like . theme ( x _ 5 , x _ 3 )	elips_RNR_in_dist
Oliver liked and Liam adored the girl .	* girl ( x _ 1 ) ; like . agent ( x _ 2 , Oliver ) AND like . theme ( x _ 2 , x _ 1 ) AND adore . agent ( x _ 3 , Liam ) AND adore . theme ( x _ 3 , x _ 1 )	elips_RNR_in_dist
A boy found and Liam appreciated Layla .	boy ( x _ 0 ) AND find . agent ( x _ 1 , x _ 0 ) AND find . theme ( x _ 1 , Layla ) AND appreciate . agent ( x _ 2 , Liam ) AND appreciate . theme ( x _ 2 , Layla )	elips_RNR_in_dist
Noah ate and a girl found Penelope .	girl ( x _ 0 ) AND eat . agent ( x _ 1 , Noah ) AND eat . theme ( x _ 1 , Penelope ) AND find . agent ( x _ 2 , x _ 0 ) AND find . theme ( x _ 2 , Penelope )	elips_RNR_in_dist
Noah ate and the president worshipped Claire .	* president ( x _ 0 ) ; eat . agent ( x _ 1 , Noah ) AND eat . theme ( x _ 1 , Claire ) AND worship . agent ( x _ 2 , x _ 0 ) AND worship . theme ( x _ 2 , Claire )	elips_RNR_in_dist
Olivia admired and Sophia helped the girl .	* girl ( x _ 1 ) ; admire . agent ( x _ 2 , Olivia ) AND admire . theme ( x _ 2 , x _ 1 ) AND help . agent ( x _ 3 , Sophia ) AND help . theme ( x _ 3 , x _ 1 )	elips_RNR_in_dist
Emma poked and the child liked Layla .	* child ( x _ 0 ) ; poke . agent ( x _ 1 , Emma ) AND poke . theme ( x _ 1 , Layla ) AND like . agent ( x _ 2 , x _ 0 ) AND like . theme ( x _ 2 , Layla )	elips_RNR_in_dist
The chicken painted and the teacher loved Nora .	* chicken ( x _ 0 ) ; * teacher ( x _ 1 ) ; paint . agent ( x _ 2 , x _ 0 ) AND paint . theme ( x _ 2 , Nora ) AND love . agent ( x _ 3 , x _ 1 ) AND love . theme ( x _ 3 , Nora )	elips_RNR_in_dist
A girl painted and Emma liked the patient .	* patient ( x _ 2 ) ; girl ( x _ 0 ) AND paint . agent ( x _ 3 , x _ 0 ) AND paint . theme ( x _ 3 , x _ 2 ) AND like . agent ( x _ 4 , Emma ) AND like . theme ( x _ 4 , x _ 2 )	elips_RNR_in_dist
A dog hunted and Liam respected a kitty .	dog ( x _ 0 ) AND kitty ( x _ 2 ) AND hunt . agent ( x _ 3 , x _ 0 ) AND hunt . theme ( x _ 3 , x _ 2 ) AND respect . agent ( x _ 4 , Liam ) AND respect . theme ( x _ 4 , x _ 2 )	elips_RNR_in_dist
Liam adored and Emma worshipped Luke .	adore . agent ( x _ 0 , Liam ) AND adore . theme ( x _ 0 , Luke ) AND worship . agent ( x _ 1 , Emma ) AND worship . theme ( x _ 1 , Luke )	elips_RNR_in_dist
The dog liked and Scarlett liked the cat .	* dog ( x _ 0 ) ; * cat ( x _ 2 ) ; like . agent ( x _ 3 , x _ 0 ) AND like . theme ( x _ 3 , x _ 2 ) AND like . agent ( x _ 4 , Scarlett ) AND like . theme ( x _ 4 , x _ 2 )	elips_RNR_in_dist
Emma liked and the dog liked Penelope .	* dog ( x _ 0 ) ; like . agent ( x _ 1 , Emma ) AND like . theme ( x _ 1 , Penelope ) AND like . agent ( x _ 2 , x _ 0 ) AND like . theme ( x _ 2 , Penelope )	elips_RNR_in_dist
Olivia liked and a lion held a father .	father ( x _ 2 ) AND lion ( x _ 1 ) AND like . agent ( x _ 3 , Olivia ) AND like . theme ( x _ 3 , x _ 2 ) AND hold . agent ( x _ 4 , x _ 1 ) AND hold . theme ( x _ 4 , x _ 2 )	elips_RNR_in_dist
A boy painted and a cat loved Penelope .	boy ( x _ 0 ) AND cat ( x _ 1 ) AND paint . agent ( x _ 2 , x _ 0 ) AND paint . theme ( x _ 2 , Penelope ) AND love . agent ( x _ 3 , x _ 1 ) AND love . theme ( x _ 3 , Penelope )	elips_RNR_in_dist
The boy threw and Alexander found the professor .	* boy ( x _ 0 ) ; * professor ( x _ 2 ) ; throw . agent ( x _ 3 , x _ 0 ) AND throw . theme ( x _ 3 , x _ 2 ) AND find . agent ( x _ 4 , Alexander ) AND find . theme ( x _ 4 , x _ 2 )	elips_RNR_in_dist
The doctor drew and a cat liked the girl .	* doctor ( x _ 0 ) ; * girl ( x _ 3 ) ; cat ( x _ 2 ) AND draw . agent ( x _ 4 , x _ 0 ) AND draw . theme ( x _ 4 , x _ 3 ) AND like . agent ( x _ 5 , x _ 2 ) AND like . theme ( x _ 5 , x _ 3 )	elips_RNR_in_dist
Emma helped and the squirrel pierced the child .	* child ( x _ 2 ) ; * squirrel ( x _ 1 ) ; help . agent ( x _ 3 , Emma ) AND help . theme ( x _ 3 , x _ 2 ) AND pierce . agent ( x _ 4 , x _ 1 ) AND pierce . theme ( x _ 4 , x _ 2 )	elips_RNR_in_dist
The cat ate and a girl held Jayden .	* cat ( x _ 0 ) ; girl ( x _ 1 ) AND eat . agent ( x _ 2 , x _ 0 ) AND eat . theme ( x _ 2 , Jayden ) AND hold . agent ( x _ 3 , x _ 1 ) AND hold . theme ( x _ 3 , Jayden )	elips_RNR_in_dist
Olivia called and a boy liked a king .	king ( x _ 2 ) AND boy ( x _ 1 ) AND call . agent ( x _ 3 , Olivia ) AND call . theme ( x _ 3 , x _ 2 ) AND like . agent ( x _ 4 , x _ 1 ) AND like . theme ( x _ 4 , x _ 2 )	elips_RNR_in_dist
A sheep noticed and Liam liked Wyatt .	sheep ( x _ 0 ) AND notice . agent ( x _ 1 , x _ 0 ) AND notice . theme ( x _ 1 , Wyatt ) AND like . agent ( x _ 2 , Liam ) AND like . theme ( x _ 2 , Wyatt )	elips_RNR_in_dist
The fly heard and a cat liked Luke .	* fly ( x _ 0 ) ; cat ( x _ 1 ) AND hear . agent ( x _ 2 , x _ 0 ) AND hear . theme ( x _ 2 , Luke ) AND like . agent ( x _ 3 , x _ 1 ) AND like . theme ( x _ 3 , Luke )	elips_RNR_in_dist
Elizabeth liked and Emma missed the girl .	* girl ( x _ 1 ) ; like . agent ( x _ 2 , Elizabeth ) AND like . theme ( x _ 2 , x _ 1 ) AND miss . agent ( x _ 3 , Emma ) AND miss . theme ( x _ 3 , x _ 1 )	elips_RNR_in_dist
A prisoner missed and the sailor admired Layla .	* sailor ( x _ 1 ) ; prisoner ( x _ 0 ) AND miss . agent ( x _ 2 , x _ 0 ) AND miss . theme ( x _ 2 , Layla ) AND admire . agent ( x _ 3 , x _ 1 ) AND admire . theme ( x _ 3 , Layla )	elips_RNR_in_dist
A citizen helped and a pony respected Theodore .	citizen ( x _ 0 ) AND pony ( x _ 1 ) AND help . agent ( x _ 2 , x _ 0 ) AND help . theme ( x _ 2 , Theodore ) AND respect . agent ( x _ 3 , x _ 1 ) AND respect . theme ( x _ 3 , Theodore )	elips_RNR_in_dist
Liam ate and a boy worshipped Penelope .	boy ( x _ 0 ) AND eat . agent ( x _ 1 , Liam ) AND eat . theme ( x _ 1 , Penelope ) AND worship . agent ( x _ 2 , x _ 0 ) AND worship . theme ( x _ 2 , Penelope )	elips_RNR_in_dist
Emma ate and Isabella loved Wyatt .	eat . agent ( x _ 0 , Emma ) AND eat . theme ( x _ 0 , Wyatt ) AND love . agent ( x _ 1 , Isabella ) AND love . theme ( x _ 1 , Wyatt )	elips_RNR_in_dist
Olivia helped and the crocodile liked a baby .	* crocodile ( x _ 1 ) ; baby ( x _ 2 ) AND help . agent ( x _ 3 , Olivia ) AND help . theme ( x _ 3 , x _ 2 ) AND like . agent ( x _ 4 , x _ 1 ) AND like . theme ( x _ 4 , x _ 2 )	elips_RNR_in_dist
The horse found and a puppy liked Penelope .	* horse ( x _ 0 ) ; puppy ( x _ 1 ) AND find . agent ( x _ 2 , x _ 0 ) AND find . theme ( x _ 2 , Penelope ) AND like . agent ( x _ 3 , x _ 1 ) AND like . theme ( x _ 3 , Penelope )	elips_RNR_in_dist
Liam called and Emma helped a girl .	girl ( x _ 1 ) AND call . agent ( x _ 2 , Liam ) AND call . theme ( x _ 2 , x _ 1 ) AND help . agent ( x _ 3 , Emma ) AND help . theme ( x _ 3 , x _ 1 )	elips_RNR_in_dist
Samuel drew and a boy admired the dog .	* dog ( x _ 2 ) ; boy ( x _ 1 ) AND draw . agent ( x _ 3 , Samuel ) AND draw . theme ( x _ 3 , x _ 2 ) AND admire . agent ( x _ 4 , x _ 1 ) AND admire . theme ( x _ 4 , x _ 2 )	elips_RNR_in_dist
A cat ate and Benjamin liked Penelope .	cat ( x _ 0 ) AND eat . agent ( x _ 1 , x _ 0 ) AND eat . theme ( x _ 1 , Penelope ) AND like . agent ( x _ 2 , Benjamin ) AND like . theme ( x _ 2 , Penelope )	elips_RNR_in_dist
Riley painted and Bella helped a frog .	frog ( x _ 1 ) AND paint . agent ( x _ 2 , Riley ) AND paint . theme ( x _ 2 , x _ 1 ) AND help . agent ( x _ 3 , Bella ) AND help . theme ( x _ 3 , x _ 1 )	elips_RNR_in_dist
James helped and Olivia liked Hannah .	help . agent ( x _ 0 , James ) AND help . theme ( x _ 0 , Hannah ) AND like . agent ( x _ 1 , Olivia ) AND like . theme ( x _ 1 , Hannah )	elips_RNR_in_dist
A dog liked and a giraffe found Penelope .	dog ( x _ 0 ) AND giraffe ( x _ 1 ) AND like . agent ( x _ 2 , x _ 0 ) AND like . theme ( x _ 2 , Penelope ) AND find . agent ( x _ 3 , x _ 1 ) AND find . theme ( x _ 3 , Penelope )	elips_RNR_in_dist
A queen ate and Dylan liked Penelope .	queen ( x _ 0 ) AND eat . agent ( x _ 1 , x _ 0 ) AND eat . theme ( x _ 1 , Penelope ) AND like . agent ( x _ 2 , Dylan ) AND like . theme ( x _ 2 , Penelope )	elips_RNR_in_dist
Noah ate and Theodore liked Penelope .	eat . agent ( x _ 0 , Noah ) AND eat . theme ( x _ 0 , Penelope ) AND like . agent ( x _ 1 , Theodore ) AND like . theme ( x _ 1 , Penelope )	elips_RNR_in_dist
Emma painted and the girl found a bear .	* girl ( x _ 1 ) ; bear ( x _ 2 ) AND paint . agent ( x _ 3 , Emma ) AND paint . theme ( x _ 3 , x _ 2 ) AND find . agent ( x _ 4 , x _ 1 ) AND find . theme ( x _ 4 , x _ 2 )	elips_RNR_in_dist
The bear found and a sailor liked the boy .	* bear ( x _ 0 ) ; * boy ( x _ 3 ) ; sailor ( x _ 2 ) AND find . agent ( x _ 4 , x _ 0 ) AND find . theme ( x _ 4 , x _ 3 ) AND like . agent ( x _ 5 , x _ 2 ) AND like . theme ( x _ 5 , x _ 3 )	elips_RNR_in_dist
Sophia painted and Emma adored Layla .	paint . agent ( x _ 0 , Sophia ) AND paint . theme ( x _ 0 , Layla ) AND adore . agent ( x _ 1 , Emma ) AND adore . theme ( x _ 1 , Layla )	elips_RNR_in_dist
The baby painted and Noah appreciated Layla .	* baby ( x _ 0 ) ; paint . agent ( x _ 1 , x _ 0 ) AND paint . theme ( x _ 1 , Layla ) AND appreciate . agent ( x _ 2 , Noah ) AND appreciate . theme ( x _ 2 , Layla )	elips_RNR_in_dist
A dog drew and the fish liked a teacher .	* fish ( x _ 2 ) ; dog ( x _ 0 ) AND teacher ( x _ 3 ) AND draw . agent ( x _ 4 , x _ 0 ) AND draw . theme ( x _ 4 , x _ 3 ) AND like . agent ( x _ 5 , x _ 2 ) AND like . theme ( x _ 5 , x _ 3 )	elips_RNR_in_dist
The chicken threw and a dog held Riley .	* chicken ( x _ 0 ) ; dog ( x _ 1 ) AND throw . agent ( x _ 2 , x _ 0 ) AND throw . theme ( x _ 2 , Riley ) AND hold . agent ( x _ 3 , x _ 1 ) AND hold . theme ( x _ 3 , Riley )	elips_RNR_in_dist
Nathan found and Liam liked the princess .	* princess ( x _ 1 ) ; find . agent ( x _ 2 , Nathan ) AND find . theme ( x _ 2 , x _ 1 ) AND like . agent ( x _ 3 , Liam ) AND like . theme ( x _ 3 , x _ 1 )	elips_RNR_in_dist
Jack liked and a scientist missed Andrew .	scientist ( x _ 0 ) AND like . agent ( x _ 1 , Jack ) AND like . theme ( x _ 1 , Andrew ) AND miss . agent ( x _ 2 , x _ 0 ) AND miss . theme ( x _ 2 , Andrew )	elips_RNR_in_dist
Charlotte ate and the giraffe poked a girl .	* giraffe ( x _ 1 ) ; girl ( x _ 2 ) AND eat . agent ( x _ 3 , Charlotte ) AND eat . theme ( x _ 3 , x _ 2 ) AND poke . agent ( x _ 4 , x _ 1 ) AND poke . theme ( x _ 4 , x _ 2 )	elips_RNR_in_dist
Emma ate and the dog valued Penelope .	* dog ( x _ 0 ) ; eat . agent ( x _ 1 , Emma ) AND eat . theme ( x _ 1 , Penelope ) AND value . agent ( x _ 2 , x _ 0 ) AND value . theme ( x _ 2 , Penelope )	elips_RNR_in_dist
Alexander liked and a girl liked Penelope .	girl ( x _ 0 ) AND like . agent ( x _ 1 , Alexander ) AND like . theme ( x _ 1 , Penelope ) AND like . agent ( x _ 2 , x _ 0 ) AND like . theme ( x _ 2 , Penelope )	elips_RNR_in_dist
Savannah liked and the resident helped the cat .	* cat ( x _ 2 ) ; * resident ( x _ 1 ) ; like . agent ( x _ 3 , Savannah ) AND like . theme ( x _ 3 , x _ 2 ) AND help . agent ( x _ 4 , x _ 1 ) AND help . theme ( x _ 4 , x _ 2 )	elips_RNR_in_dist
Liam noticed and the boy valued the dog .	* dog ( x _ 2 ) ; * boy ( x _ 1 ) ; notice . agent ( x _ 3 , Liam ) AND notice . theme ( x _ 3 , x _ 2 ) AND value . agent ( x _ 4 , x _ 1 ) AND value . theme ( x _ 4 , x _ 2 )	elips_RNR_in_dist
The professor painted and Liam liked Riley .	* professor ( x _ 0 ) ; paint . agent ( x _ 1 , x _ 0 ) AND paint . theme ( x _ 1 , Riley ) AND like . agent ( x _ 2 , Liam ) AND like . theme ( x _ 2 , Riley )	elips_RNR_in_dist
The hero drew and Elijah threw Joshua .	* hero ( x _ 0 ) ; draw . agent ( x _ 1 , x _ 0 ) AND draw . theme ( x _ 1 , Joshua ) AND throw . agent ( x _ 2 , Elijah ) AND throw . theme ( x _ 2 , Joshua )	elips_RNR_in_dist
Liam discovered and the child threw Penelope .	* child ( x _ 0 ) ; discover . agent ( x _ 1 , Liam ) AND discover . theme ( x _ 1 , Penelope ) AND throw . agent ( x _ 2 , x _ 0 ) AND throw . theme ( x _ 2 , Penelope )	elips_RNR_in_dist
James ate and a cat helped Layla .	cat ( x _ 0 ) AND eat . agent ( x _ 1 , James ) AND eat . theme ( x _ 1 , Layla ) AND help . agent ( x _ 2 , x _ 0 ) AND help . theme ( x _ 2 , Layla )	elips_RNR_in_dist
Emily ate and Emma liked Hannah .	eat . agent ( x _ 0 , Emily ) AND eat . theme ( x _ 0 , Hannah ) AND like . agent ( x _ 1 , Emma ) AND like . theme ( x _ 1 , Hannah )	elips_RNR_in_dist
A mouse sketched and Emma pierced the boy .	* boy ( x _ 2 ) ; mouse ( x _ 0 ) AND sketch . agent ( x _ 3 , x _ 0 ) AND sketch . theme ( x _ 3 , x _ 2 ) AND pierce . agent ( x _ 4 , Emma ) AND pierce . theme ( x _ 4 , x _ 2 )	elips_RNR_in_dist
A mouse missed and Benjamin liked the scientist .	* scientist ( x _ 2 ) ; mouse ( x _ 0 ) AND miss . agent ( x _ 3 , x _ 0 ) AND miss . theme ( x _ 3 , x _ 2 ) AND like . agent ( x _ 4 , Benjamin ) AND like . theme ( x _ 4 , x _ 2 )	elips_RNR_in_dist
Emma poked and Alexander missed Penelope .	poke . agent ( x _ 0 , Emma ) AND poke . theme ( x _ 0 , Penelope ) AND miss . agent ( x _ 1 , Alexander ) AND miss . theme ( x _ 1 , Penelope )	elips_RNR_in_dist
Emma cleaned and a girl missed Wyatt .	girl ( x _ 0 ) AND clean . agent ( x _ 1 , Emma ) AND clean . theme ( x _ 1 , Wyatt ) AND miss . agent ( x _ 2 , x _ 0 ) AND miss . theme ( x _ 2 , Wyatt )	elips_RNR_in_dist
Liam valued and the girl liked Luke .	* girl ( x _ 0 ) ; value . agent ( x _ 1 , Liam ) AND value . theme ( x _ 1 , Luke ) AND like . agent ( x _ 2 , x _ 0 ) AND like . theme ( x _ 2 , Luke )	elips_RNR_in_dist
The deer cooked and Emma tossed the dog .	* deer ( x _ 0 ) ; * dog ( x _ 2 ) ; cook . agent ( x _ 3 , x _ 0 ) AND cook . theme ( x _ 3 , x _ 2 ) AND toss . agent ( x _ 4 , Emma ) AND toss . theme ( x _ 4 , x _ 2 )	elips_RNR_in_dist
The monster ate and Amelia helped a girl .	* monster ( x _ 0 ) ; girl ( x _ 2 ) AND eat . agent ( x _ 3 , x _ 0 ) AND eat . theme ( x _ 3 , x _ 2 ) AND help . agent ( x _ 4 , Amelia ) AND help . theme ( x _ 4 , x _ 2 )	elips_RNR_in_dist
The girl cooked and Emma adored the giraffe .	* girl ( x _ 0 ) ; * giraffe ( x _ 2 ) ; cook . agent ( x _ 3 , x _ 0 ) AND cook . theme ( x _ 3 , x _ 2 ) AND adore . agent ( x _ 4 , Emma ) AND adore . theme ( x _ 4 , x _ 2 )	elips_RNR_in_dist
The citizen ate and the bear liked a bunny .	* citizen ( x _ 0 ) ; * bear ( x _ 2 ) ; bunny ( x _ 3 ) AND eat . agent ( x _ 4 , x _ 0 ) AND eat . theme ( x _ 4 , x _ 3 ) AND like . agent ( x _ 5 , x _ 2 ) AND like . theme ( x _ 5 , x _ 3 )	elips_RNR_in_dist
A boy ate and a girl liked Penelope .	boy ( x _ 0 ) AND girl ( x _ 1 ) AND eat . agent ( x _ 2 , x _ 0 ) AND eat . theme ( x _ 2 , Penelope ) AND like . agent ( x _ 3 , x _ 1 ) AND like . theme ( x _ 3 , Penelope )	elips_RNR_in_dist
Liam discovered and the girl helped a cat .	* girl ( x _ 1 ) ; cat ( x _ 2 ) AND discover . agent ( x _ 3 , Liam ) AND discover . theme ( x _ 3 , x _ 2 ) AND help . agent ( x _ 4 , x _ 1 ) AND help . theme ( x _ 4 , x _ 2 )	elips_RNR_in_dist
The girl helped and Nathan poked the boy .	* girl ( x _ 0 ) ; * boy ( x _ 2 ) ; help . agent ( x _ 3 , x _ 0 ) AND help . theme ( x _ 3 , x _ 2 ) AND poke . agent ( x _ 4 , Nathan ) AND poke . theme ( x _ 4 , x _ 2 )	elips_RNR_in_dist
Emma adored and Michael helped a mouse .	mouse ( x _ 1 ) AND adore . agent ( x _ 2 , Emma ) AND adore . theme ( x _ 2 , x _ 1 ) AND help . agent ( x _ 3 , Michael ) AND help . theme ( x _ 3 , x _ 1 )	elips_RNR_in_dist
A governor studied and the tiger liked the fly .	* fly ( x _ 3 ) ; * tiger ( x _ 2 ) ; governor ( x _ 0 ) AND study . agent ( x _ 4 , x _ 0 ) AND study . theme ( x _ 4 , x _ 3 ) AND like . agent ( x _ 5 , x _ 2 ) AND like . theme ( x _ 5 , x _ 3 )	elips_RNR_in_dist
Emma ate and the chicken tossed a bear .	* chicken ( x _ 1 ) ; bear ( x _ 2 ) AND eat . agent ( x _ 3 , Emma ) AND eat . theme ( x _ 3 , x _ 2 ) AND toss . agent ( x _ 4 , x _ 1 ) AND toss . theme ( x _ 4 , x _ 2 )	elips_RNR_in_dist
Sophia touched and Emma adored Penelope .	touch . agent ( x _ 0 , Sophia ) AND touch . theme ( x _ 0 , Penelope ) AND adore . agent ( x _ 1 , Emma ) AND adore . theme ( x _ 1 , Penelope )	elips_RNR_in_dist
A writer painted and Emma liked a girl .	writer ( x _ 0 ) AND girl ( x _ 2 ) AND paint . agent ( x _ 3 , x _ 0 ) AND paint . theme ( x _ 3 , x _ 2 ) AND like . agent ( x _ 4 , Emma ) AND like . theme ( x _ 4 , x _ 2 )	elips_RNR_in_dist
A girl missed and the wolf liked Theodore .	* wolf ( x _ 1 ) ; girl ( x _ 0 ) AND miss . agent ( x _ 2 , x _ 0 ) AND miss . theme ( x _ 2 , Theodore ) AND like . agent ( x _ 3 , x _ 1 ) AND like . theme ( x _ 3 , Theodore )	elips_RNR_in_dist
Noah ate and Stella liked the girl .	* girl ( x _ 1 ) ; eat . agent ( x _ 2 , Noah ) AND eat . theme ( x _ 2 , x _ 1 ) AND like . agent ( x _ 3 , Stella ) AND like . theme ( x _ 3 , x _ 1 )	elips_RNR_in_dist
A baby liked and Zoey stabbed Nora .	baby ( x _ 0 ) AND like . agent ( x _ 1 , x _ 0 ) AND like . theme ( x _ 1 , Nora ) AND stab . agent ( x _ 2 , Zoey ) AND stab . theme ( x _ 2 , Nora )	elips_RNR_in_dist
The hen observed and the chief helped a patient .	* hen ( x _ 0 ) ; * chief ( x _ 2 ) ; patient ( x _ 3 ) AND observe . agent ( x _ 4 , x _ 0 ) AND observe . theme ( x _ 4 , x _ 3 ) AND help . agent ( x _ 5 , x _ 2 ) AND help . theme ( x _ 5 , x _ 3 )	elips_RNR_in_dist
A girl helped and the baby admired the child .	* child ( x _ 3 ) ; * baby ( x _ 2 ) ; girl ( x _ 0 ) AND help . agent ( x _ 4 , x _ 0 ) AND help . theme ( x _ 4 , x _ 3 ) AND admire . agent ( x _ 5 , x _ 2 ) AND admire . theme ( x _ 5 , x _ 3 )	elips_RNR_in_dist
William loved and the girl liked Layla .	* girl ( x _ 0 ) ; love . agent ( x _ 1 , William ) AND love . theme ( x _ 1 , Layla ) AND like . agent ( x _ 2 , x _ 0 ) AND like . theme ( x _ 2 , Layla )	elips_RNR_in_dist
The baby pierced and a girl tossed Zoey .	* baby ( x _ 0 ) ; girl ( x _ 1 ) AND pierce . agent ( x _ 2 , x _ 0 ) AND pierce . theme ( x _ 2 , Zoey ) AND toss . agent ( x _ 3 , x _ 1 ) AND toss . theme ( x _ 3 , Zoey )	elips_RNR_in_dist
A donkey examined and a girl liked the president .	* president ( x _ 3 ) ; donkey ( x _ 0 ) AND girl ( x _ 2 ) AND examine . agent ( x _ 4 , x _ 0 ) AND examine . theme ( x _ 4 , x _ 3 ) AND like . agent ( x _ 5 , x _ 2 ) AND like . theme ( x _ 5 , x _ 3 )	elips_RNR_in_dist
Sebastian found and Emma missed a baby .	baby ( x _ 1 ) AND find . agent ( x _ 2 , Sebastian ) AND find . theme ( x _ 2 , x _ 1 ) AND miss . agent ( x _ 3 , Emma ) AND miss . theme ( x _ 3 , x _ 1 )	elips_RNR_in_dist
Olivia observed and a girl stabbed Wyatt .	girl ( x _ 0 ) AND observe . agent ( x _ 1 , Olivia ) AND observe . theme ( x _ 1 , Wyatt ) AND stab . agent ( x _ 2 , x _ 0 ) AND stab . theme ( x _ 2 , Wyatt )	elips_RNR_in_dist
Emma liked and Aubrey pierced Layla .	like . agent ( x _ 0 , Emma ) AND like . theme ( x _ 0 , Layla ) AND pierce . agent ( x _ 1 , Aubrey ) AND pierce . theme ( x _ 1 , Layla )	elips_RNR_in_dist
A girl hunted and Emma helped Zoey .	girl ( x _ 0 ) AND hunt . agent ( x _ 1 , x _ 0 ) AND hunt . theme ( x _ 1 , Zoey ) AND help . agent ( x _ 2 , Emma ) AND help . theme ( x _ 2 , Zoey )	elips_RNR_in_dist
James liked and Liam helped Nora .	like . agent ( x _ 0 , James ) AND like . theme ( x _ 0 , Nora ) AND help . agent ( x _ 1 , Liam ) AND help . theme ( x _ 1 , Nora )	elips_RNR_in_dist
Emma liked and Noah liked Stella .	like . agent ( x _ 0 , Emma ) AND like . theme ( x _ 0 , Stella ) AND like . agent ( x _ 1 , Noah ) AND like . theme ( x _ 1 , Stella )	elips_RNR_in_dist
A girl investigated and Emma loved Lily .	girl ( x _ 0 ) AND investigate . agent ( x _ 1 , x _ 0 ) AND investigate . theme ( x _ 1 , Lily ) AND love . agent ( x _ 2 , Emma ) AND love . theme ( x _ 2 , Lily )	elips_RNR_in_dist
Olivia liked and Emma liked the boy .	* boy ( x _ 1 ) ; like . agent ( x _ 2 , Olivia ) AND like . theme ( x _ 2 , x _ 1 ) AND like . agent ( x _ 3 , Emma ) AND like . theme ( x _ 3 , x _ 1 )	elips_RNR_in_dist
The cat ate and the girl appreciated Lily .	* cat ( x _ 0 ) ; * girl ( x _ 1 ) ; eat . agent ( x _ 2 , x _ 0 ) AND eat . theme ( x _ 2 , Lily ) AND appreciate . agent ( x _ 3 , x _ 1 ) AND appreciate . theme ( x _ 3 , Lily )	elips_RNR_in_dist
A penguin found and Emma helped the girl .	* girl ( x _ 2 ) ; penguin ( x _ 0 ) AND find . agent ( x _ 3 , x _ 0 ) AND find . theme ( x _ 3 , x _ 2 ) AND help . agent ( x _ 4 , Emma ) AND help . theme ( x _ 4 , x _ 2 )	elips_RNR_in_dist
Emma investigated and the cat adored Penelope .	* cat ( x _ 0 ) ; investigate . agent ( x _ 1 , Emma ) AND investigate . theme ( x _ 1 , Penelope ) AND adore . agent ( x _ 2 , x _ 0 ) AND adore . theme ( x _ 2 , Penelope )	elips_RNR_in_dist
Noah helped and Emma respected Penelope .	help . agent ( x _ 0 , Noah ) AND help . theme ( x _ 0 , Penelope ) AND respect . agent ( x _ 1 , Emma ) AND respect . theme ( x _ 1 , Penelope )	elips_RNR_in_dist
Jayden ate and the dog touched Zoe .	* dog ( x _ 0 ) ; eat . agent ( x _ 1 , Jayden ) AND eat . theme ( x _ 1 , Zoe ) AND touch . agent ( x _ 2 , x _ 0 ) AND touch . theme ( x _ 2 , Zoe )	elips_RNR_in_dist
Avery sketched and the girl touched a father .	* girl ( x _ 1 ) ; father ( x _ 2 ) AND sketch . agent ( x _ 3 , Avery ) AND sketch . theme ( x _ 3 , x _ 2 ) AND touch . agent ( x _ 4 , x _ 1 ) AND touch . theme ( x _ 4 , x _ 2 )	elips_RNR_in_dist
Emma knew and a monkey threw Penelope .	monkey ( x _ 0 ) AND know . agent ( x _ 1 , Emma ) AND know . theme ( x _ 1 , Penelope ) AND throw . agent ( x _ 2 , x _ 0 ) AND throw . theme ( x _ 2 , Penelope )	elips_RNR_in_dist
Emma helped and a girl poked Penelope .	girl ( x _ 0 ) AND help . agent ( x _ 1 , Emma ) AND help . theme ( x _ 1 , Penelope ) AND poke . agent ( x _ 2 , x _ 0 ) AND poke . theme ( x _ 2 , Penelope )	elips_RNR_in_dist
The boy painted and the cat discovered Natalie .	* boy ( x _ 0 ) ; * cat ( x _ 1 ) ; paint . agent ( x _ 2 , x _ 0 ) AND paint . theme ( x _ 2 , Natalie ) AND discover . agent ( x _ 3 , x _ 1 ) AND discover . theme ( x _ 3 , Natalie )	elips_RNR_in_dist
Emma ate and Benjamin tolerated Penelope .	eat . agent ( x _ 0 , Emma ) AND eat . theme ( x _ 0 , Penelope ) AND tolerate . agent ( x _ 1 , Benjamin ) AND tolerate . theme ( x _ 1 , Penelope )	elips_RNR_in_dist
Harper liked and the bear tossed a dog .	* bear ( x _ 1 ) ; dog ( x _ 2 ) AND like . agent ( x _ 3 , Harper ) AND like . theme ( x _ 3 , x _ 2 ) AND toss . agent ( x _ 4 , x _ 1 ) AND toss . theme ( x _ 4 , x _ 2 )	elips_RNR_in_dist
Liam painted and the child adored Leah .	* child ( x _ 0 ) ; paint . agent ( x _ 1 , Liam ) AND paint . theme ( x _ 1 , Leah ) AND adore . agent ( x _ 2 , x _ 0 ) AND adore . theme ( x _ 2 , Leah )	elips_RNR_in_dist
The sheep ate and a girl helped Leo .	* sheep ( x _ 0 ) ; girl ( x _ 1 ) AND eat . agent ( x _ 2 , x _ 0 ) AND eat . theme ( x _ 2 , Leo ) AND help . agent ( x _ 3 , x _ 1 ) AND help . theme ( x _ 3 , Leo )	elips_RNR_in_dist
Samuel liked and William helped the dog .	* dog ( x _ 1 ) ; like . agent ( x _ 2 , Samuel ) AND like . theme ( x _ 2 , x _ 1 ) AND help . agent ( x _ 3 , William ) AND help . theme ( x _ 3 , x _ 1 )	elips_RNR_in_dist
Emma found and a frog adored Penelope .	frog ( x _ 0 ) AND find . agent ( x _ 1 , Emma ) AND find . theme ( x _ 1 , Penelope ) AND adore . agent ( x _ 2 , x _ 0 ) AND adore . theme ( x _ 2 , Penelope )	elips_RNR_in_dist
Daniel liked and William found Penelope .	like . agent ( x _ 0 , Daniel ) AND like . theme ( x _ 0 , Penelope ) AND find . agent ( x _ 1 , William ) AND find . theme ( x _ 1 , Penelope )	elips_RNR_in_dist
Lucas cleaned and a boy poked the cat .	* cat ( x _ 2 ) ; boy ( x _ 1 ) AND clean . agent ( x _ 3 , Lucas ) AND clean . theme ( x _ 3 , x _ 2 ) AND poke . agent ( x _ 4 , x _ 1 ) AND poke . theme ( x _ 4 , x _ 2 )	elips_RNR_in_dist
Lucas examined and the girl discovered a cat .	* girl ( x _ 1 ) ; cat ( x _ 2 ) AND examine . agent ( x _ 3 , Lucas ) AND examine . theme ( x _ 3 , x _ 2 ) AND discover . agent ( x _ 4 , x _ 1 ) AND discover . theme ( x _ 4 , x _ 2 )	elips_RNR_in_dist
James touched and a boy liked Penelope .	boy ( x _ 0 ) AND touch . agent ( x _ 1 , James ) AND touch . theme ( x _ 1 , Penelope ) AND like . agent ( x _ 2 , x _ 0 ) AND like . theme ( x _ 2 , Penelope )	elips_RNR_in_dist
Liam helped and Emma appreciated the girl .	* girl ( x _ 1 ) ; help . agent ( x _ 2 , Liam ) AND help . theme ( x _ 2 , x _ 1 ) AND appreciate . agent ( x _ 3 , Emma ) AND appreciate . theme ( x _ 3 , x _ 1 )	elips_RNR_in_dist
A dog nursed and Emma helped Zoey .	dog ( x _ 0 ) AND nurse . agent ( x _ 1 , x _ 0 ) AND nurse . theme ( x _ 1 , Zoey ) AND help . agent ( x _ 2 , Emma ) AND help . theme ( x _ 2 , Zoey )	elips_RNR_in_dist
Emma valued and a driver liked Penelope .	driver ( x _ 0 ) AND value . agent ( x _ 1 , Emma ) AND value . theme ( x _ 1 , Penelope ) AND like . agent ( x _ 2 , x _ 0 ) AND like . theme ( x _ 2 , Penelope )	elips_RNR_in_dist
Oliver liked and a girl valued a child .	child ( x _ 2 ) AND girl ( x _ 1 ) AND like . agent ( x _ 3 , Oliver ) AND like . theme ( x _ 3 , x _ 2 ) AND value . agent ( x _ 4 , x _ 1 ) AND value . theme ( x _ 4 , x _ 2 )	elips_RNR_in_dist
Brooklyn hunted and Emma liked Riley .	hunt . agent ( x _ 0 , Brooklyn ) AND hunt . theme ( x _ 0 , Riley ) AND like . agent ( x _ 1 , Emma ) AND like . theme ( x _ 1 , Riley )	elips_RNR_in_dist
Emma discovered and the girl held the zebra .	* zebra ( x _ 2 ) ; * girl ( x _ 1 ) ; discover . agent ( x _ 3 , Emma ) AND discover . theme ( x _ 3 , x _ 2 ) AND hold . agent ( x _ 4 , x _ 1 ) AND hold . theme ( x _ 4 , x _ 2 )	elips_RNR_in_dist
Olivia painted and Emma liked Wyatt .	paint . agent ( x _ 0 , Olivia ) AND paint . theme ( x _ 0 , Wyatt ) AND like . agent ( x _ 1 , Emma ) AND like . theme ( x _ 1 , Wyatt )	elips_RNR_in_dist
A mother cooked and a servant tolerated a girl .	mother ( x _ 0 ) AND girl ( x _ 3 ) AND servant ( x _ 2 ) AND cook . agent ( x _ 4 , x _ 0 ) AND cook . theme ( x _ 4 , x _ 3 ) AND tolerate . agent ( x _ 5 , x _ 2 ) AND tolerate . theme ( x _ 5 , x _ 3 )	elips_RNR_in_dist
A dog found and Emma liked Thomas .	dog ( x _ 0 ) AND find . agent ( x _ 1 , x _ 0 ) AND find . theme ( x _ 1 , Thomas ) AND like . agent ( x _ 2 , Emma ) AND like . theme ( x _ 2 , Thomas )	elips_RNR_in_dist
A turkey respected and the baby liked Wyatt .	* baby ( x _ 1 ) ; turkey ( x _ 0 ) AND respect . agent ( x _ 2 , x _ 0 ) AND respect . theme ( x _ 2 , Wyatt ) AND like . agent ( x _ 3 , x _ 1 ) AND like . theme ( x _ 3 , Wyatt )	elips_RNR_in_dist
The girl dusted and a child liked Leah .	* girl ( x _ 0 ) ; child ( x _ 1 ) AND dust . agent ( x _ 2 , x _ 0 ) AND dust . theme ( x _ 2 , Leah ) AND like . agent ( x _ 3 , x _ 1 ) AND like . theme ( x _ 3 , Leah )	elips_RNR_in_dist
Daniel liked and a father liked a kid .	kid ( x _ 2 ) AND father ( x _ 1 ) AND like . agent ( x _ 3 , Daniel ) AND like . theme ( x _ 3 , x _ 2 ) AND like . agent ( x _ 4 , x _ 1 ) AND like . theme ( x _ 4 , x _ 2 )	elips_RNR_in_dist
The girl ate and a zebra liked Andrew .	* girl ( x _ 0 ) ; zebra ( x _ 1 ) AND eat . agent ( x _ 2 , x _ 0 ) AND eat . theme ( x _ 2 , Andrew ) AND like . agent ( x _ 3 , x _ 1 ) AND like . theme ( x _ 3 , Andrew )	elips_RNR_in_dist
The cat loved and the boy loved Wyatt .	* cat ( x _ 0 ) ; * boy ( x _ 1 ) ; love . agent ( x _ 2 , x _ 0 ) AND love . theme ( x _ 2 , Wyatt ) AND love . agent ( x _ 3 , x _ 1 ) AND love . theme ( x _ 3 , Wyatt )	elips_RNR_in_dist
A human ate and Emma liked a child .	human ( x _ 0 ) AND child ( x _ 2 ) AND eat . agent ( x _ 3 , x _ 0 ) AND eat . theme ( x _ 3 , x _ 2 ) AND like . agent ( x _ 4 , Emma ) AND like . theme ( x _ 4 , x _ 2 )	elips_RNR_in_dist
Liam painted and the boy liked the girl .	* girl ( x _ 2 ) ; * boy ( x _ 1 ) ; paint . agent ( x _ 3 , Liam ) AND paint . theme ( x _ 3 , x _ 2 ) AND like . agent ( x _ 4 , x _ 1 ) AND like . theme ( x _ 4 , x _ 2 )	elips_RNR_in_dist
Aubrey observed and Liam liked Penelope .	observe . agent ( x _ 0 , Aubrey ) AND observe . theme ( x _ 0 , Penelope ) AND like . agent ( x _ 1 , Liam ) AND like . theme ( x _ 1 , Penelope )	elips_RNR_in_dist
A politician appreciated and Emma loved the professor .	* professor ( x _ 2 ) ; politician ( x _ 0 ) AND appreciate . agent ( x _ 3 , x _ 0 ) AND appreciate . theme ( x _ 3 , x _ 2 ) AND love . agent ( x _ 4 , Emma ) AND love . theme ( x _ 4 , x _ 2 )	elips_RNR_in_dist
