A host ate the baby and a girl a boy .	* baby ( x _ 1 ) ; host ( x _ 0 ) AND girl ( x _ 2 ) AND boy ( x _ 3 ) AND eat . agent ( x _ 4 , x _ 0 ) AND eat . theme ( x _ 4 , x _ 1 ) AND eat . agent ( x _ 5 , x _ 2 ) AND eat . theme ( x _ 5 , x _ 3 )	elips_gapping_in_dist
Noah liked Emma and the cat Jack .	* cat ( x _ 0 ) ; like . agent ( x _ 1 , Noah ) AND like . theme ( x _ 1 , Emma ) AND like . agent ( x _ 2 , x _ 0 ) AND like . theme ( x _ 2 , Jack )	elips_gapping_in_dist
Levi painted Carter and a baby the cat .	* cat ( x _ 1 ) ; baby ( x _ 0 ) AND paint . agent ( x _ 2 , Levi ) AND paint . theme ( x _ 2 , Carter ) AND paint . agent ( x _ 3 , x _ 0 ) AND paint . theme ( x _ 3 , x _ 1 )	elips_gapping_in_dist
Penelope poked the boy and Emma a girl .	* boy ( x _ 0 ) ; girl ( x _ 1 ) AND poke . agent ( x _ 2 , Penelope ) AND poke . theme ( x _ 2 , x _ 0 ) AND poke . agent ( x _ 3 , Emma ) AND poke . theme ( x _ 3 , x _ 1 )	elips_gapping_in_dist
Jacob loved the girl and Emma the lamb .	* girl ( x _ 0 ) ; * lamb ( x _ 1 ) ; love . agent ( x _ 2 , Jacob ) AND love . theme ( x _ 2 , x _ 0 ) AND love . agent ( x _ 3 , Emma ) AND love . theme ( x _ 3 , x _ 1 )	elips_gapping_in_dist
A professor missed a hero and a girl Emma .	professor ( x _ 0 ) AND hero ( x _ 1 ) AND girl ( x _ 2 ) AND miss . agent ( x _ 3 , x _ 0 ) AND miss . theme ( x _ 3 , x _ 1 ) AND miss . agent ( x _ 4 , x _ 2 ) AND miss . theme ( x _ 4 , Emma )	elips_gapping_in_dist
The politician loved Charlotte and Liam a penguin .	* politician ( x _ 0 ) ; penguin ( x _ 1 ) AND love . agent ( x _ 2 , x _ 0 ) AND love . theme ( x _ 2 , Charlotte ) AND love . agent ( x _ 3 , Liam ) AND love . theme ( x _ 3 , x _ 1 )	elips_gapping_in_dist
Emma sketched a girl and Amelia the scientist .	* scientist ( x _ 1 ) ; girl ( x _ 0 ) AND sketch . agent ( x _ 2 , Emma ) AND sketch . theme ( x _ 2 , x _ 0 ) AND sketch . agent ( x _ 3 , Amelia ) AND sketch . theme ( x _ 3 , x _ 1 )	elips_gapping_in_dist
A researcher loved a student and a girl Emma .	researcher ( x _ 0 ) AND student ( x _ 1 ) AND girl ( x _ 2 ) AND love . agent ( x _ 3 , x _ 0 ) AND love . theme ( x _ 3 , x _ 1 ) AND love . agent ( x _ 4 , x _ 2 ) AND love . theme ( x _ 4 , Emma )	elips_gapping_in_dist
Charlotte liked a producer and the tiger Liam .	* tiger ( x _ 1 ) ; producer ( x _ 0 ) AND like . agent ( x _ 2 , Charlotte ) AND like . theme ( x _ 2 , x _ 0 ) AND like . agent ( x _ 3 , x _ 1 ) AND like . theme ( x _ 3 , Liam )	elips_gapping_in_dist
Emma ate the girl and Ava the captain .	* girl ( x _ 0 ) ; * captain ( x _ 1 ) ; eat . agent ( x _ 2 , Emma ) AND eat . theme ( x _ 2 , x _ 0 ) AND eat . agent ( x _ 3 , Ava ) AND eat . theme ( x _ 3 , x _ 1 )	elips_gapping_in_dist
A boy painted the tourist and Caleb Ava .	* tourist ( x _ 1 ) ; boy ( x _ 0 ) AND paint . agent ( x _ 2 , x _ 0 ) AND paint . theme ( x _ 2 , x _ 1 ) AND paint . agent ( x _ 3 , Caleb ) AND paint . theme ( x _ 3 , Ava )	elips_gapping_in_dist
The king sketched the giraffe and Evelyn Ava .	* king ( x _ 0 ) ; * giraffe ( x _ 1 ) ; sketch . agent ( x _ 2 , x _ 0 ) AND sketch . theme ( x _ 2 , x _ 1 ) AND sketch . agent ( x _ 3 , Evelyn ) AND sketch . theme ( x _ 3 , Ava )	elips_gapping_in_dist
James ate the cat and Emma a teacher .	* cat ( x _ 0 ) ; teacher ( x _ 1 ) AND eat . agent ( x _ 2 , James ) AND eat . theme ( x _ 2 , x _ 0 ) AND eat . agent ( x _ 3 , Emma ) AND eat . theme ( x _ 3 , x _ 1 )	elips_gapping_in_dist
Emily painted Emma and the girl the lion .	* girl ( x _ 0 ) ; * lion ( x _ 1 ) ; paint . agent ( x _ 2 , Emily ) AND paint . theme ( x _ 2 , Emma ) AND paint . agent ( x _ 3 , x _ 0 ) AND paint . theme ( x _ 3 , x _ 1 )	elips_gapping_in_dist
The chicken ate Liam and Emma the child .	* chicken ( x _ 0 ) ; * child ( x _ 1 ) ; eat . agent ( x _ 2 , x _ 0 ) AND eat . theme ( x _ 2 , Liam ) AND eat . agent ( x _ 3 , Emma ) AND eat . theme ( x _ 3 , x _ 1 )	elips_gapping_in_dist
The mouse helped the boy and Liam Mason .	* mouse ( x _ 0 ) ; * boy ( x _ 1 ) ; help . agent ( x _ 2 , x _ 0 ) AND help . theme ( x _ 2 , x _ 1 ) AND help . agent ( x _ 3 , Liam ) AND help . theme ( x _ 3 , Mason )	elips_gapping_in_dist
Liam ate the girl and Emma Gabriel .	* girl ( x _ 0 ) ; eat . agent ( x _ 1 , Liam ) AND eat . theme ( x _ 1 , x _ 0 ) AND eat . agent ( x _ 2 , Emma ) AND eat . theme ( x _ 2 , Gabriel )	elips_gapping_in_dist
A giraffe adored a lion and a girl Ethan .	giraffe ( x _ 0 ) AND lion ( x _ 1 ) AND girl ( x _ 2 ) AND adore . agent ( x _ 3 , x _ 0 ) AND adore . theme ( x _ 3 , x _ 1 ) AND adore . agent ( x _ 4 , x _ 2 ) AND adore . theme ( x _ 4 , Ethan )	elips_gapping_in_dist
Ava juggled a girl and the baby a student .	* baby ( x _ 1 ) ; girl ( x _ 0 ) AND student ( x _ 2 ) AND juggle . agent ( x _ 3 , Ava ) AND juggle . theme ( x _ 3 , x _ 0 ) AND juggle . agent ( x _ 4 , x _ 1 ) AND juggle . theme ( x _ 4 , x _ 2 )	elips_gapping_in_dist
The girl drew Alexander and Liam Nora .	* girl ( x _ 0 ) ; draw . agent ( x _ 1 , x _ 0 ) AND draw . theme ( x _ 1 , Alexander ) AND draw . agent ( x _ 2 , Liam ) AND draw . theme ( x _ 2 , Nora )	elips_gapping_in_dist
The cat painted James and Emma Daniel .	* cat ( x _ 0 ) ; paint . agent ( x _ 1 , x _ 0 ) AND paint . theme ( x _ 1 , James ) AND paint . agent ( x _ 2 , Emma ) AND paint . theme ( x _ 2 , Daniel )	elips_gapping_in_dist
Emma painted Harper and the spokesman William .	* spokesman ( x _ 0 ) ; paint . agent ( x _ 1 , Emma ) AND paint . theme ( x _ 1 , Harper ) AND paint . agent ( x _ 2 , x _ 0 ) AND paint . theme ( x _ 2 , William )	elips_gapping_in_dist
Isabella juggled the director and a sailor Olivia .	* director ( x _ 0 ) ; sailor ( x _ 1 ) AND juggle . agent ( x _ 2 , Isabella ) AND juggle . theme ( x _ 2 , x _ 0 ) AND juggle . agent ( x _ 3 , x _ 1 ) AND juggle . theme ( x _ 3 , Olivia )	elips_gapping_in_dist
Thomas ate a girl and Emma Liam .	girl ( x _ 0 ) AND eat . agent ( x _ 1 , Thomas ) AND eat . theme ( x _ 1 , x _ 0 ) AND eat . agent ( x _ 2 , Emma ) AND eat . theme ( x _ 2 , Liam )	elips_gapping_in_dist
Sophia juggled Olivia and a baby Emma .	baby ( x _ 0 ) AND juggle . agent ( x _ 1 , Sophia ) AND juggle . theme ( x _ 1 , Olivia ) AND juggle . agent ( x _ 2 , x _ 0 ) AND juggle . theme ( x _ 2 , Emma )	elips_gapping_in_dist
A boy liked a kid and the crocodile Liam .	* crocodile ( x _ 2 ) ; boy ( x _ 0 ) AND kid ( x _ 1 ) AND like . agent ( x _ 3 , x _ 0 ) AND like . theme ( x _ 3 , x _ 1 ) AND like . agent ( x _ 4 , x _ 2 ) AND like . theme ( x _ 4 , Liam )	elips_gapping_in_dist
Ava juggled a girl and a pig Emma .	girl ( x _ 0 ) AND pig ( x _ 1 ) AND juggle . agent ( x _ 2 , Ava ) AND juggle . theme ( x _ 2 , x _ 0 ) AND juggle . agent ( x _ 3 , x _ 1 ) AND juggle . theme ( x _ 3 , Emma )	elips_gapping_in_dist
The girl missed a kid and a cat Emma .	* girl ( x _ 0 ) ; kid ( x _ 1 ) AND cat ( x _ 2 ) AND miss . agent ( x _ 3 , x _ 0 ) AND miss . theme ( x _ 3 , x _ 1 ) AND miss . agent ( x _ 4 , x _ 2 ) AND miss . theme ( x _ 4 , Emma )	elips_gapping_in_dist
The buyer nursed William and Emma the lion .	* buyer ( x _ 0 ) ; * lion ( x _ 1 ) ; nurse . agent ( x _ 2 , x _ 0 ) AND nurse . theme ( x _ 2 , William ) AND nurse . agent ( x _ 3 , Emma ) AND nurse . theme ( x _ 3 , x _ 1 )	elips_gapping_in_dist
Emma ate James and William Matthew .	eat . agent ( x _ 0 , Emma ) AND eat . theme ( x _ 0 , James ) AND eat . agent ( x _ 1 , William ) AND eat . theme ( x _ 1 , Matthew )	elips_gapping_in_dist
Emma helped the farmer and a girl Scarlett .	* farmer ( x _ 0 ) ; girl ( x _ 1 ) AND help . agent ( x _ 2 , Emma ) AND help . theme ( x _ 2 , x _ 0 ) AND help . agent ( x _ 3 , x _ 1 ) AND help . theme ( x _ 3 , Scarlett )	elips_gapping_in_dist
Emma appreciated the sheep and the scientist a dog .	* sheep ( x _ 0 ) ; * scientist ( x _ 1 ) ; dog ( x _ 2 ) AND appreciate . agent ( x _ 3 , Emma ) AND appreciate . theme ( x _ 3 , x _ 0 ) AND appreciate . agent ( x _ 4 , x _ 1 ) AND appreciate . theme ( x _ 4 , x _ 2 )	elips_gapping_in_dist
The baby liked Emma and Olivia William .	* baby ( x _ 0 ) ; like . agent ( x _ 1 , x _ 0 ) AND like . theme ( x _ 1 , Emma ) AND like . agent ( x _ 2 , Olivia ) AND like . theme ( x _ 2 , William )	elips_gapping_in_dist
Oliver liked the boy and a girl Noah .	* boy ( x _ 0 ) ; girl ( x _ 1 ) AND like . agent ( x _ 2 , Oliver ) AND like . theme ( x _ 2 , x _ 0 ) AND like . agent ( x _ 3 , x _ 1 ) AND like . theme ( x _ 3 , Noah )	elips_gapping_in_dist
Liam liked the squirrel and the baby Emma .	* squirrel ( x _ 0 ) ; * baby ( x _ 1 ) ; like . agent ( x _ 2 , Liam ) AND like . theme ( x _ 2 , x _ 0 ) AND like . agent ( x _ 3 , x _ 1 ) AND like . theme ( x _ 3 , Emma )	elips_gapping_in_dist
A human poked a girl and Liam a mouse .	human ( x _ 0 ) AND girl ( x _ 1 ) AND mouse ( x _ 2 ) AND poke . agent ( x _ 3 , x _ 0 ) AND poke . theme ( x _ 3 , x _ 1 ) AND poke . agent ( x _ 4 , Liam ) AND poke . theme ( x _ 4 , x _ 2 )	elips_gapping_in_dist
Emma ate Isabella and a child the girl .	* girl ( x _ 1 ) ; child ( x _ 0 ) AND eat . agent ( x _ 2 , Emma ) AND eat . theme ( x _ 2 , Isabella ) AND eat . agent ( x _ 3 , x _ 0 ) AND eat . theme ( x _ 3 , x _ 1 )	elips_gapping_in_dist
The consumer ate the creature and a baby a girl .	* consumer ( x _ 0 ) ; * creature ( x _ 1 ) ; baby ( x _ 2 ) AND girl ( x _ 3 ) AND eat . agent ( x _ 4 , x _ 0 ) AND eat . theme ( x _ 4 , x _ 1 ) AND eat . agent ( x _ 5 , x _ 2 ) AND eat . theme ( x _ 5 , x _ 3 )	elips_gapping_in_dist
Grayson respected a boy and Liam Carter .	boy ( x _ 0 ) AND respect . agent ( x _ 1 , Grayson ) AND respect . theme ( x _ 1 , x _ 0 ) AND respect . agent ( x _ 2 , Liam ) AND respect . theme ( x _ 2 , Carter )	elips_gapping_in_dist
William liked Emma and Olivia the baby .	* baby ( x _ 0 ) ; like . agent ( x _ 1 , William ) AND like . theme ( x _ 1 , Emma ) AND like . agent ( x _ 2 , Olivia ) AND like . theme ( x _ 2 , x _ 0 )	elips_gapping_in_dist
A girl liked the baby and a guest the writer .	* baby ( x _ 1 ) ; * writer ( x _ 3 ) ; girl ( x _ 0 ) AND guest ( x _ 2 ) AND like . agent ( x _ 4 , x _ 0 ) AND like . theme ( x _ 4 , x _ 1 ) AND like . agent ( x _ 5 , x _ 2 ) AND like . theme ( x _ 5 , x _ 3 )	elips_gapping_in_dist
Noah cleaned a puppy and the driver a girl .	* driver ( x _ 1 ) ; puppy ( x _ 0 ) AND girl ( x _ 2 ) AND clean . agent ( x _ 3 , Noah ) AND clean . theme ( x _ 3 , x _ 0 ) AND clean . agent ( x _ 4 , x _ 1 ) AND clean . theme ( x _ 4 , x _ 2 )	elips_gapping_in_dist
A girl adored Emma and Noah a lamb .	girl ( x _ 0 ) AND lamb ( x _ 1 ) AND adore . agent ( x _ 2 , x _ 0 ) AND adore . theme ( x _ 2 , Emma ) AND adore . agent ( x _ 3 , Noah ) AND adore . theme ( x _ 3 , x _ 1 )	elips_gapping_in_dist
A mother nursed a child and Audrey a frog .	mother ( x _ 0 ) AND child ( x _ 1 ) AND frog ( x _ 2 ) AND nurse . agent ( x _ 3 , x _ 0 ) AND nurse . theme ( x _ 3 , x _ 1 ) AND nurse . agent ( x _ 4 , Audrey ) AND nurse . theme ( x _ 4 , x _ 2 )	elips_gapping_in_dist
Liam loved the boy and a cat Olivia .	* boy ( x _ 0 ) ; cat ( x _ 1 ) AND love . agent ( x _ 2 , Liam ) AND love . theme ( x _ 2 , x _ 0 ) AND love . agent ( x _ 3 , x _ 1 ) AND love . theme ( x _ 3 , Olivia )	elips_gapping_in_dist
A guy found the boy and Noah the cat .	* boy ( x _ 1 ) ; * cat ( x _ 2 ) ; guy ( x _ 0 ) AND find . agent ( x _ 3 , x _ 0 ) AND find . theme ( x _ 3 , x _ 1 ) AND find . agent ( x _ 4 , Noah ) AND find . theme ( x _ 4 , x _ 2 )	elips_gapping_in_dist
A girl juggled a dog and Mila a penguin .	girl ( x _ 0 ) AND dog ( x _ 1 ) AND penguin ( x _ 2 ) AND juggle . agent ( x _ 3 , x _ 0 ) AND juggle . theme ( x _ 3 , x _ 1 ) AND juggle . agent ( x _ 4 , Mila ) AND juggle . theme ( x _ 4 , x _ 2 )	elips_gapping_in_dist
A boy adored a girl and William the baby .	* baby ( x _ 2 ) ; boy ( x _ 0 ) AND girl ( x _ 1 ) AND adore . agent ( x _ 3 , x _ 0 ) AND adore . theme ( x _ 3 , x _ 1 ) AND adore . agent ( x _ 4 , William ) AND adore . theme ( x _ 4 , x _ 2 )	elips_gapping_in_dist
The sailor liked Emma and a cat the baby .	* sailor ( x _ 0 ) ; * baby ( x _ 2 ) ; cat ( x _ 1 ) AND like . agent ( x _ 3 , x _ 0 ) AND like . theme ( x _ 3 , Emma ) AND like . agent ( x _ 4 , x _ 1 ) AND like . theme ( x _ 4 , x _ 2 )	elips_gapping_in_dist
A girl ate Audrey and Liam the monkey .	* monkey ( x _ 1 ) ; girl ( x _ 0 ) AND eat . agent ( x _ 2 , x _ 0 ) AND eat . theme ( x _ 2 , Audrey ) AND eat . agent ( x _ 3 , Liam ) AND eat . theme ( x _ 3 , x _ 1 )	elips_gapping_in_dist
Carter helped a baby and James Liam .	baby ( x _ 0 ) AND help . agent ( x _ 1 , Carter ) AND help . theme ( x _ 1 , x _ 0 ) AND help . agent ( x _ 2 , James ) AND help . theme ( x _ 2 , Liam )	elips_gapping_in_dist
Benjamin ate Emma and a girl Avery .	girl ( x _ 0 ) AND eat . agent ( x _ 1 , Benjamin ) AND eat . theme ( x _ 1 , Emma ) AND eat . agent ( x _ 2 , x _ 0 ) AND eat . theme ( x _ 2 , Avery )	elips_gapping_in_dist
Emma cooked a deer and a cat a boy .	deer ( x _ 0 ) AND cat ( x _ 1 ) AND boy ( x _ 2 ) AND cook . agent ( x _ 3 , Emma ) AND cook . theme ( x _ 3 , x _ 0 ) AND cook . agent ( x _ 4 , x _ 1 ) AND cook . theme ( x _ 4 , x _ 2 )	elips_gapping_in_dist
The chicken helped Olivia and Noah Oliver .	* chicken ( x _ 0 ) ; help . agent ( x _ 1 , x _ 0 ) AND help . theme ( x _ 1 , Olivia ) AND help . agent ( x _ 2 , Noah ) AND help . theme ( x _ 2 , Oliver )	elips_gapping_in_dist
Emma cooked Liam and Abigail the boy .	* boy ( x _ 0 ) ; cook . agent ( x _ 1 , Emma ) AND cook . theme ( x _ 1 , Liam ) AND cook . agent ( x _ 2 , Abigail ) AND cook . theme ( x _ 2 , x _ 0 )	elips_gapping_in_dist
Sebastian found Noah and Lucas Ellie .	find . agent ( x _ 0 , Sebastian ) AND find . theme ( x _ 0 , Noah ) AND find . agent ( x _ 1 , Lucas ) AND find . theme ( x _ 1 , Ellie )	elips_gapping_in_dist
A girl drew the creature and Avery the donkey .	* creature ( x _ 1 ) ; * donkey ( x _ 2 ) ; girl ( x _ 0 ) AND draw . agent ( x _ 3 , x _ 0 ) AND draw . theme ( x _ 3 , x _ 1 ) AND draw . agent ( x _ 4 , Avery ) AND draw . theme ( x _ 4 , x _ 2 )	elips_gapping_in_dist
The boy liked the producer and Emma William .	* boy ( x _ 0 ) ; * producer ( x _ 1 ) ; like . agent ( x _ 2 , x _ 0 ) AND like . theme ( x _ 2 , x _ 1 ) AND like . agent ( x _ 3 , Emma ) AND like . theme ( x _ 3 , William )	elips_gapping_in_dist
Amelia respected Emma and a boy Madison .	boy ( x _ 0 ) AND respect . agent ( x _ 1 , Amelia ) AND respect . theme ( x _ 1 , Emma ) AND respect . agent ( x _ 2 , x _ 0 ) AND respect . theme ( x _ 2 , Madison )	elips_gapping_in_dist
Ava helped Victoria and Scarlett the girl .	* girl ( x _ 0 ) ; help . agent ( x _ 1 , Ava ) AND help . theme ( x _ 1 , Victoria ) AND help . agent ( x _ 2 , Scarlett ) AND help . theme ( x _ 2 , x _ 0 )	elips_gapping_in_dist
Ava ate Joshua and a boy the girl .	* girl ( x _ 1 ) ; boy ( x _ 0 ) AND eat . agent ( x _ 2 , Ava ) AND eat . theme ( x _ 2 , Joshua ) AND eat . agent ( x _ 3 , x _ 0 ) AND eat . theme ( x _ 3 , x _ 1 )	elips_gapping_in_dist
The bear drew Natalie and the champion a girl .	* bear ( x _ 0 ) ; * champion ( x _ 1 ) ; girl ( x _ 2 ) AND draw . agent ( x _ 3 , x _ 0 ) AND draw . theme ( x _ 3 , Natalie ) AND draw . agent ( x _ 4 , x _ 1 ) AND draw . theme ( x _ 4 , x _ 2 )	elips_gapping_in_dist
A cat liked Levi and a girl Liam .	cat ( x _ 0 ) AND girl ( x _ 1 ) AND like . agent ( x _ 2 , x _ 0 ) AND like . theme ( x _ 2 , Levi ) AND like . agent ( x _ 3 , x _ 1 ) AND like . theme ( x _ 3 , Liam )	elips_gapping_in_dist
Gabriel helped a lamb and a boy Joshua .	lamb ( x _ 0 ) AND boy ( x _ 1 ) AND help . agent ( x _ 2 , Gabriel ) AND help . theme ( x _ 2 , x _ 0 ) AND help . agent ( x _ 3 , x _ 1 ) AND help . theme ( x _ 3 , Joshua )	elips_gapping_in_dist
A princess liked Ava and Savannah a baby .	princess ( x _ 0 ) AND baby ( x _ 1 ) AND like . agent ( x _ 2 , x _ 0 ) AND like . theme ( x _ 2 , Ava ) AND like . agent ( x _ 3 , Savannah ) AND like . theme ( x _ 3 , x _ 1 )	elips_gapping_in_dist
Emma ate the host and Isabella Liam .	* host ( x _ 0 ) ; eat . agent ( x _ 1 , Emma ) AND eat . theme ( x _ 1 , x _ 0 ) AND eat . agent ( x _ 2 , Isabella ) AND eat . theme ( x _ 2 , Liam )	elips_gapping_in_dist
James juggled Olivia and a butterfly Emma .	butterfly ( x _ 0 ) AND juggle . agent ( x _ 1 , James ) AND juggle . theme ( x _ 1 , Olivia ) AND juggle . agent ( x _ 2 , x _ 0 ) AND juggle . theme ( x _ 2 , Emma )	elips_gapping_in_dist
The frog missed Owen and the boy Claire .	* frog ( x _ 0 ) ; * boy ( x _ 1 ) ; miss . agent ( x _ 2 , x _ 0 ) AND miss . theme ( x _ 2 , Owen ) AND miss . agent ( x _ 3 , x _ 1 ) AND miss . theme ( x _ 3 , Claire )	elips_gapping_in_dist
Liam ate a lawyer and Alexander a lion .	lawyer ( x _ 0 ) AND lion ( x _ 1 ) AND eat . agent ( x _ 2 , Liam ) AND eat . theme ( x _ 2 , x _ 0 ) AND eat . agent ( x _ 3 , Alexander ) AND eat . theme ( x _ 3 , x _ 1 )	elips_gapping_in_dist
Emma helped a girl and a chicken Noah .	girl ( x _ 0 ) AND chicken ( x _ 1 ) AND help . agent ( x _ 2 , Emma ) AND help . theme ( x _ 2 , x _ 0 ) AND help . agent ( x _ 3 , x _ 1 ) AND help . theme ( x _ 3 , Noah )	elips_gapping_in_dist
A spokesman liked a cat and a boy Olivia .	spokesman ( x _ 0 ) AND cat ( x _ 1 ) AND boy ( x _ 2 ) AND like . agent ( x _ 3 , x _ 0 ) AND like . theme ( x _ 3 , x _ 1 ) AND like . agent ( x _ 4 , x _ 2 ) AND like . theme ( x _ 4 , Olivia )	elips_gapping_in_dist
The cat adored Noah and the girl Liam .	* cat ( x _ 0 ) ; * girl ( x _ 1 ) ; adore . agent ( x _ 2 , x _ 0 ) AND adore . theme ( x _ 2 , Noah ) AND adore . agent ( x _ 3 , x _ 1 ) AND adore . theme ( x _ 3 , Liam )	elips_gapping_in_dist
Claire ate Natalie and the cat a dog .	* cat ( x _ 0 ) ; dog ( x _ 1 ) AND eat . agent ( x _ 2 , Claire ) AND eat . theme ( x _ 2 , Natalie ) AND eat . agent ( x _ 3 , x _ 0 ) AND eat . theme ( x _ 3 , x _ 1 )	elips_gapping_in_dist
The turkey ate a teacher and Oliver Nathan .	* turkey ( x _ 0 ) ; teacher ( x _ 1 ) AND eat . agent ( x _ 2 , x _ 0 ) AND eat . theme ( x _ 2 , x _ 1 ) AND eat . agent ( x _ 3 , Oliver ) AND eat . theme ( x _ 3 , Nathan )	elips_gapping_in_dist
Liam sketched Olivia and the boy a girl .	* boy ( x _ 0 ) ; girl ( x _ 1 ) AND sketch . agent ( x _ 2 , Liam ) AND sketch . theme ( x _ 2 , Olivia ) AND sketch . agent ( x _ 3 , x _ 0 ) AND sketch . theme ( x _ 3 , x _ 1 )	elips_gapping_in_dist
Liam helped a girl and a lion Emma .	girl ( x _ 0 ) AND lion ( x _ 1 ) AND help . agent ( x _ 2 , Liam ) AND help . theme ( x _ 2 , x _ 0 ) AND help . agent ( x _ 3 , x _ 1 ) AND help . theme ( x _ 3 , Emma )	elips_gapping_in_dist
Olivia helped Isabella and a mouse Henry .	mouse ( x _ 0 ) AND help . agent ( x _ 1 , Olivia ) AND help . theme ( x _ 1 , Isabella ) AND help . agent ( x _ 2 , x _ 0 ) AND help . theme ( x _ 2 , Henry )	elips_gapping_in_dist
Emma ate a girl and the dog Ava .	* dog ( x _ 1 ) ; girl ( x _ 0 ) AND eat . agent ( x _ 2 , Emma ) AND eat . theme ( x _ 2 , x _ 0 ) AND eat . agent ( x _ 3 , x _ 1 ) AND eat . theme ( x _ 3 , Ava )	elips_gapping_in_dist
Emma helped a dog and the girl Hannah .	* girl ( x _ 1 ) ; dog ( x _ 0 ) AND help . agent ( x _ 2 , Emma ) AND help . theme ( x _ 2 , x _ 0 ) AND help . agent ( x _ 3 , x _ 1 ) AND help . theme ( x _ 3 , Hannah )	elips_gapping_in_dist
Benjamin liked Liam and the girl the child .	* girl ( x _ 0 ) ; * child ( x _ 1 ) ; like . agent ( x _ 2 , Benjamin ) AND like . theme ( x _ 2 , Liam ) AND like . agent ( x _ 3 , x _ 0 ) AND like . theme ( x _ 3 , x _ 1 )	elips_gapping_in_dist
Mia painted the horse and the tourist Zoey .	* horse ( x _ 0 ) ; * tourist ( x _ 1 ) ; paint . agent ( x _ 2 , Mia ) AND paint . theme ( x _ 2 , x _ 0 ) AND paint . agent ( x _ 3 , x _ 1 ) AND paint . theme ( x _ 3 , Zoey )	elips_gapping_in_dist
The girl ate Emma and the cat a fly .	* girl ( x _ 0 ) ; * cat ( x _ 1 ) ; fly ( x _ 2 ) AND eat . agent ( x _ 3 , x _ 0 ) AND eat . theme ( x _ 3 , Emma ) AND eat . agent ( x _ 4 , x _ 1 ) AND eat . theme ( x _ 4 , x _ 2 )	elips_gapping_in_dist
The girl appreciated a boy and a crocodile Olivia .	* girl ( x _ 0 ) ; boy ( x _ 1 ) AND crocodile ( x _ 2 ) AND appreciate . agent ( x _ 3 , x _ 0 ) AND appreciate . theme ( x _ 3 , x _ 1 ) AND appreciate . agent ( x _ 4 , x _ 2 ) AND appreciate . theme ( x _ 4 , Olivia )	elips_gapping_in_dist
A girl cleaned a cat and Benjamin the journalist .	* journalist ( x _ 2 ) ; girl ( x _ 0 ) AND cat ( x _ 1 ) AND clean . agent ( x _ 3 , x _ 0 ) AND clean . theme ( x _ 3 , x _ 1 ) AND clean . agent ( x _ 4 , Benjamin ) AND clean . theme ( x _ 4 , x _ 2 )	elips_gapping_in_dist
Benjamin cleaned a girl and Emma a boy .	girl ( x _ 0 ) AND boy ( x _ 1 ) AND clean . agent ( x _ 2 , Benjamin ) AND clean . theme ( x _ 2 , x _ 0 ) AND clean . agent ( x _ 3 , Emma ) AND clean . theme ( x _ 3 , x _ 1 )	elips_gapping_in_dist
Emma poked the teacher and a squirrel a boy .	* teacher ( x _ 0 ) ; squirrel ( x _ 1 ) AND boy ( x _ 2 ) AND poke . agent ( x _ 3 , Emma ) AND poke . theme ( x _ 3 , x _ 0 ) AND poke . agent ( x _ 4 , x _ 1 ) AND poke . theme ( x _ 4 , x _ 2 )	elips_gapping_in_dist
Hazel ate a baby and the girl a cat .	* girl ( x _ 1 ) ; baby ( x _ 0 ) AND cat ( x _ 2 ) AND eat . agent ( x _ 3 , Hazel ) AND eat . theme ( x _ 3 , x _ 0 ) AND eat . agent ( x _ 4 , x _ 1 ) AND eat . theme ( x _ 4 , x _ 2 )	elips_gapping_in_dist
Grayson liked Emma and a boy Mason .	boy ( x _ 0 ) AND like . agent ( x _ 1 , Grayson ) AND like . theme ( x _ 1 , Emma ) AND like . agent ( x _ 2 , x _ 0 ) AND like . theme ( x _ 2 , Mason )	elips_gapping_in_dist
The lion ate the zebra and James the girl .	* lion ( x _ 0 ) ; * zebra ( x _ 1 ) ; * girl ( x _ 2 ) ; eat . agent ( x _ 3 , x _ 0 ) AND eat . theme ( x _ 3 , x _ 1 ) AND eat . agent ( x _ 4 , James ) AND eat . theme ( x _ 4 , x _ 2 )	elips_gapping_in_dist
Emma liked Natalie and the girl Liam .	* girl ( x _ 0 ) ; like . agent ( x _ 1 , Emma ) AND like . theme ( x _ 1 , Natalie ) AND like . agent ( x _ 2 , x _ 0 ) AND like . theme ( x _ 2 , Liam )	elips_gapping_in_dist
Liam liked a chicken and Alexander Emma .	chicken ( x _ 0 ) AND like . agent ( x _ 1 , Liam ) AND like . theme ( x _ 1 , x _ 0 ) AND like . agent ( x _ 2 , Alexander ) AND like . theme ( x _ 2 , Emma )	elips_gapping_in_dist
Joshua loved a girl and William Harper .	girl ( x _ 0 ) AND love . agent ( x _ 1 , Joshua ) AND love . theme ( x _ 1 , x _ 0 ) AND love . agent ( x _ 2 , William ) AND love . theme ( x _ 2 , Harper )	elips_gapping_in_dist
A girl ate Emma and a duck the dog .	* dog ( x _ 2 ) ; girl ( x _ 0 ) AND duck ( x _ 1 ) AND eat . agent ( x _ 3 , x _ 0 ) AND eat . theme ( x _ 3 , Emma ) AND eat . agent ( x _ 4 , x _ 1 ) AND eat . theme ( x _ 4 , x _ 2 )	elips_gapping_in_dist
Liam loved Olivia and a monkey a dog .	monkey ( x _ 0 ) AND dog ( x _ 1 ) AND love . agent ( x _ 2 , Liam ) AND love . theme ( x _ 2 , Olivia ) AND love . agent ( x _ 3 , x _ 0 ) AND love . theme ( x _ 3 , x _ 1 )	elips_gapping_in_dist
A duck hunted Evelyn and the girl Emma .	* girl ( x _ 1 ) ; duck ( x _ 0 ) AND hunt . agent ( x _ 2 , x _ 0 ) AND hunt . theme ( x _ 2 , Evelyn ) AND hunt . agent ( x _ 3 , x _ 1 ) AND hunt . theme ( x _ 3 , Emma )	elips_gapping_in_dist
A cat appreciated a manager and a girl the child .	* child ( x _ 3 ) ; cat ( x _ 0 ) AND manager ( x _ 1 ) AND girl ( x _ 2 ) AND appreciate . agent ( x _ 4 , x _ 0 ) AND appreciate . theme ( x _ 4 , x _ 1 ) AND appreciate . agent ( x _ 5 , x _ 2 ) AND appreciate . theme ( x _ 5 , x _ 3 )	elips_gapping_in_dist
Alexander liked the monster and Skylar a bird .	* monster ( x _ 0 ) ; bird ( x _ 1 ) AND like . agent ( x _ 2 , Alexander ) AND like . theme ( x _ 2 , x _ 0 ) AND like . agent ( x _ 3 , Skylar ) AND like . theme ( x _ 3 , x _ 1 )	elips_gapping_in_dist
The dog cleaned the patient and the monkey Emma .	* dog ( x _ 0 ) ; * patient ( x _ 1 ) ; * monkey ( x _ 2 ) ; clean . agent ( x _ 3 , x _ 0 ) AND clean . theme ( x _ 3 , x _ 1 ) AND clean . agent ( x _ 4 , x _ 2 ) AND clean . theme ( x _ 4 , Emma )	elips_gapping_in_dist
Andrew liked Bella and Emma a girl .	girl ( x _ 0 ) AND like . agent ( x _ 1 , Andrew ) AND like . theme ( x _ 1 , Bella ) AND like . agent ( x _ 2 , Emma ) AND like . theme ( x _ 2 , x _ 0 )	elips_gapping_in_dist
The director cooked the girl and Isaac Wyatt .	* director ( x _ 0 ) ; * girl ( x _ 1 ) ; cook . agent ( x _ 2 , x _ 0 ) AND cook . theme ( x _ 2 , x _ 1 ) AND cook . agent ( x _ 3 , Isaac ) AND cook . theme ( x _ 3 , Wyatt )	elips_gapping_in_dist
James missed Scarlett and Olivia the teacher .	* teacher ( x _ 0 ) ; miss . agent ( x _ 1 , James ) AND miss . theme ( x _ 1 , Scarlett ) AND miss . agent ( x _ 2 , Olivia ) AND miss . theme ( x _ 2 , x _ 0 )	elips_gapping_in_dist
Sofia adored Lillian and a monkey Emma .	monkey ( x _ 0 ) AND adore . agent ( x _ 1 , Sofia ) AND adore . theme ( x _ 1 , Lillian ) AND adore . agent ( x _ 2 , x _ 0 ) AND adore . theme ( x _ 2 , Emma )	elips_gapping_in_dist
A bunny found Harper and Liam the kitty .	* kitty ( x _ 1 ) ; bunny ( x _ 0 ) AND find . agent ( x _ 2 , x _ 0 ) AND find . theme ( x _ 2 , Harper ) AND find . agent ( x _ 3 , Liam ) AND find . theme ( x _ 3 , x _ 1 )	elips_gapping_in_dist
Carter liked Abigail and a girl Oliver .	girl ( x _ 0 ) AND like . agent ( x _ 1 , Carter ) AND like . theme ( x _ 1 , Abigail ) AND like . agent ( x _ 2 , x _ 0 ) AND like . theme ( x _ 2 , Oliver )	elips_gapping_in_dist
The pig nursed William and the girl the dog .	* pig ( x _ 0 ) ; * girl ( x _ 1 ) ; * dog ( x _ 2 ) ; nurse . agent ( x _ 3 , x _ 0 ) AND nurse . theme ( x _ 3 , William ) AND nurse . agent ( x _ 4 , x _ 1 ) AND nurse . theme ( x _ 4 , x _ 2 )	elips_gapping_in_dist
Mateo ate a frog and a boy Liam .	frog ( x _ 0 ) AND boy ( x _ 1 ) AND eat . agent ( x _ 2 , Mateo ) AND eat . theme ( x _ 2 , x _ 0 ) AND eat . agent ( x _ 3 , x _ 1 ) AND eat . theme ( x _ 3 , Liam )	elips_gapping_in_dist
A giraffe helped a professor and a baby a wolf .	giraffe ( x _ 0 ) AND professor ( x _ 1 ) AND baby ( x _ 2 ) AND wolf ( x _ 3 ) AND help . agent ( x _ 4 , x _ 0 ) AND help . theme ( x _ 4 , x _ 1 ) AND help . agent ( x _ 5 , x _ 2 ) AND help . theme ( x _ 5 , x _ 3 )	elips_gapping_in_dist
Harper liked the dog and a boy a zebra .	* dog ( x _ 0 ) ; boy ( x _ 1 ) AND zebra ( x _ 2 ) AND like . agent ( x _ 3 , Harper ) AND like . theme ( x _ 3 , x _ 0 ) AND like . agent ( x _ 4 , x _ 1 ) AND like . theme ( x _ 4 , x _ 2 )	elips_gapping_in_dist
Emma ate Ryan and a hen the girl .	* girl ( x _ 1 ) ; hen ( x _ 0 ) AND eat . agent ( x _ 2 , Emma ) AND eat . theme ( x _ 2 , Ryan ) AND eat . agent ( x _ 3 , x _ 0 ) AND eat . theme ( x _ 3 , x _ 1 )	elips_gapping_in_dist
A cat painted the researcher and Emily Noah .	* researcher ( x _ 1 ) ; cat ( x _ 0 ) AND paint . agent ( x _ 2 , x _ 0 ) AND paint . theme ( x _ 2 , x _ 1 ) AND paint . agent ( x _ 3 , Emily ) AND paint . theme ( x _ 3 , Noah )	elips_gapping_in_dist
The dog hunted Liam and a teacher Emma .	* dog ( x _ 0 ) ; teacher ( x _ 1 ) AND hunt . agent ( x _ 2 , x _ 0 ) AND hunt . theme ( x _ 2 , Liam ) AND hunt . agent ( x _ 3 , x _ 1 ) AND hunt . theme ( x _ 3 , Emma )	elips_gapping_in_dist
A child helped the horse and Emma a puppy .	* horse ( x _ 1 ) ; child ( x _ 0 ) AND puppy ( x _ 2 ) AND help . agent ( x _ 3 , x _ 0 ) AND help . theme ( x _ 3 , x _ 1 ) AND help . agent ( x _ 4 , Emma ) AND help . theme ( x _ 4 , x _ 2 )	elips_gapping_in_dist
Mia dusted Noah and the cat Isabella .	* cat ( x _ 0 ) ; dust . agent ( x _ 1 , Mia ) AND dust . theme ( x _ 1 , Noah ) AND dust . agent ( x _ 2 , x _ 0 ) AND dust . theme ( x _ 2 , Isabella )	elips_gapping_in_dist
Olivia helped the girl and a boy Emma .	* girl ( x _ 0 ) ; boy ( x _ 1 ) AND help . agent ( x _ 2 , Olivia ) AND help . theme ( x _ 2 , x _ 0 ) AND help . agent ( x _ 3 , x _ 1 ) AND help . theme ( x _ 3 , Emma )	elips_gapping_in_dist
A boy helped a girl and a baby Victoria .	boy ( x _ 0 ) AND girl ( x _ 1 ) AND baby ( x _ 2 ) AND help . agent ( x _ 3 , x _ 0 ) AND help . theme ( x _ 3 , x _ 1 ) AND help . agent ( x _ 4 , x _ 2 ) AND help . theme ( x _ 4 , Victoria )	elips_gapping_in_dist
The cat liked Emily and Emma the girl .	* cat ( x _ 0 ) ; * girl ( x _ 1 ) ; like . agent ( x _ 2 , x _ 0 ) AND like . theme ( x _ 2 , Emily ) AND like . agent ( x _ 3 , Emma ) AND like . theme ( x _ 3 , x _ 1 )	elips_gapping_in_dist
Olivia adored the baby and Isaac Emma .	* baby ( x _ 0 ) ; adore . agent ( x _ 1 , Olivia ) AND adore . theme ( x _ 1 , x _ 0 ) AND adore . agent ( x _ 2 , Isaac ) AND adore . theme ( x _ 2 , Emma )	elips_gapping_in_dist
Sofia painted the frog and Olivia the hero .	* frog ( x _ 0 ) ; * hero ( x _ 1 ) ; paint . agent ( x _ 2 , Sofia ) AND paint . theme ( x _ 2 , x _ 0 ) AND paint . agent ( x _ 3 , Olivia ) AND paint . theme ( x _ 3 , x _ 1 )	elips_gapping_in_dist
A boy liked a girl and James Emma .	boy ( x _ 0 ) AND girl ( x _ 1 ) AND like . agent ( x _ 2 , x _ 0 ) AND like . theme ( x _ 2 , x _ 1 ) AND like . agent ( x _ 3 , James ) AND like . theme ( x _ 3 , Emma )	elips_gapping_in_dist
The boy liked the girl and the penguin Mia .	* boy ( x _ 0 ) ; * girl ( x _ 1 ) ; * penguin ( x _ 2 ) ; like . agent ( x _ 3 , x _ 0 ) AND like . theme ( x _ 3 , x _ 1 ) AND like . agent ( x _ 4 , x _ 2 ) AND like . theme ( x _ 4 , Mia )	elips_gapping_in_dist
Liam ate Logan and Emma the teacher .	* teacher ( x _ 0 ) ; eat . agent ( x _ 1 , Liam ) AND eat . theme ( x _ 1 , Logan ) AND eat . agent ( x _ 2 , Emma ) AND eat . theme ( x _ 2 , x _ 0 )	elips_gapping_in_dist
Bella adored the girl and Emma William .	* girl ( x _ 0 ) ; adore . agent ( x _ 1 , Bella ) AND adore . theme ( x _ 1 , x _ 0 ) AND adore . agent ( x _ 2 , Emma ) AND adore . theme ( x _ 2 , William )	elips_gapping_in_dist
Emma missed Michael and a journalist Liam .	journalist ( x _ 0 ) AND miss . agent ( x _ 1 , Emma ) AND miss . theme ( x _ 1 , Michael ) AND miss . agent ( x _ 2 , x _ 0 ) AND miss . theme ( x _ 2 , Liam )	elips_gapping_in_dist
A penguin nursed Oliver and the mouse Anthony .	* mouse ( x _ 1 ) ; penguin ( x _ 0 ) AND nurse . agent ( x _ 2 , x _ 0 ) AND nurse . theme ( x _ 2 , Oliver ) AND nurse . agent ( x _ 3 , x _ 1 ) AND nurse . theme ( x _ 3 , Anthony )	elips_gapping_in_dist
A girl liked a penguin and Liam Benjamin .	girl ( x _ 0 ) AND penguin ( x _ 1 ) AND like . agent ( x _ 2 , x _ 0 ) AND like . theme ( x _ 2 , x _ 1 ) AND like . agent ( x _ 3 , Liam ) AND like . theme ( x _ 3 , Benjamin )	elips_gapping_in_dist
Mia ate Matthew and Jaxon the girl .	* girl ( x _ 0 ) ; eat . agent ( x _ 1 , Mia ) AND eat . theme ( x _ 1 , Matthew ) AND eat . agent ( x _ 2 , Jaxon ) AND eat . theme ( x _ 2 , x _ 0 )	elips_gapping_in_dist
The priest ate a pig and the girl Liam .	* priest ( x _ 0 ) ; * girl ( x _ 2 ) ; pig ( x _ 1 ) AND eat . agent ( x _ 3 , x _ 0 ) AND eat . theme ( x _ 3 , x _ 1 ) AND eat . agent ( x _ 4 , x _ 2 ) AND eat . theme ( x _ 4 , Liam )	elips_gapping_in_dist
Emma poked Mia and the horse William .	* horse ( x _ 0 ) ; poke . agent ( x _ 1 , Emma ) AND poke . theme ( x _ 1 , Mia ) AND poke . agent ( x _ 2 , x _ 0 ) AND poke . theme ( x _ 2 , William )	elips_gapping_in_dist
The frog liked Emma and a dog Daniel .	* frog ( x _ 0 ) ; dog ( x _ 1 ) AND like . agent ( x _ 2 , x _ 0 ) AND like . theme ( x _ 2 , Emma ) AND like . agent ( x _ 3 , x _ 1 ) AND like . theme ( x _ 3 , Daniel )	elips_gapping_in_dist
The penguin respected Emma and the boy Nathan .	* penguin ( x _ 0 ) ; * boy ( x _ 1 ) ; respect . agent ( x _ 2 , x _ 0 ) AND respect . theme ( x _ 2 , Emma ) AND respect . agent ( x _ 3 , x _ 1 ) AND respect . theme ( x _ 3 , Nathan )	elips_gapping_in_dist
Sophia nursed the dog and the boy the girl .	* dog ( x _ 0 ) ; * boy ( x _ 1 ) ; * girl ( x _ 2 ) ; nurse . agent ( x _ 3 , Sophia ) AND nurse . theme ( x _ 3 , x _ 0 ) AND nurse . agent ( x _ 4 , x _ 1 ) AND nurse . theme ( x _ 4 , x _ 2 )	elips_gapping_in_dist
A girl painted Emma and Penelope the teacher .	* teacher ( x _ 1 ) ; girl ( x _ 0 ) AND paint . agent ( x _ 2 , x _ 0 ) AND paint . theme ( x _ 2 , Emma ) AND paint . agent ( x _ 3 , Penelope ) AND paint . theme ( x _ 3 , x _ 1 )	elips_gapping_in_dist
Ethan liked Emma and a cat a sheep .	cat ( x _ 0 ) AND sheep ( x _ 1 ) AND like . agent ( x _ 2 , Ethan ) AND like . theme ( x _ 2 , Emma ) AND like . agent ( x _ 3 , x _ 0 ) AND like . theme ( x _ 3 , x _ 1 )	elips_gapping_in_dist
Emma drew the girl and a child Isabella .	* girl ( x _ 0 ) ; child ( x _ 1 ) AND draw . agent ( x _ 2 , Emma ) AND draw . theme ( x _ 2 , x _ 0 ) AND draw . agent ( x _ 3 , x _ 1 ) AND draw . theme ( x _ 3 , Isabella )	elips_gapping_in_dist
Emma ate a cat and the girl a citizen .	* girl ( x _ 1 ) ; cat ( x _ 0 ) AND citizen ( x _ 2 ) AND eat . agent ( x _ 3 , Emma ) AND eat . theme ( x _ 3 , x _ 0 ) AND eat . agent ( x _ 4 , x _ 1 ) AND eat . theme ( x _ 4 , x _ 2 )	elips_gapping_in_dist
Sophia liked a deer and the goose Emma .	* goose ( x _ 1 ) ; deer ( x _ 0 ) AND like . agent ( x _ 2 , Sophia ) AND like . theme ( x _ 2 , x _ 0 ) AND like . agent ( x _ 3 , x _ 1 ) AND like . theme ( x _ 3 , Emma )	elips_gapping_in_dist
Sophia helped Emma and a baby the lamb .	* lamb ( x _ 1 ) ; baby ( x _ 0 ) AND help . agent ( x _ 2 , Sophia ) AND help . theme ( x _ 2 , Emma ) AND help . agent ( x _ 3 , x _ 0 ) AND help . theme ( x _ 3 , x _ 1 )	elips_gapping_in_dist
The bird cooked the girl and William Olivia .	* bird ( x _ 0 ) ; * girl ( x _ 1 ) ; cook . agent ( x _ 2 , x _ 0 ) AND cook . theme ( x _ 2 , x _ 1 ) AND cook . agent ( x _ 3 , William ) AND cook . theme ( x _ 3 , Olivia )	elips_gapping_in_dist
Isabella dusted Jaxon and Emma a girl .	girl ( x _ 0 ) AND dust . agent ( x _ 1 , Isabella ) AND dust . theme ( x _ 1 , Jaxon ) AND dust . agent ( x _ 2 , Emma ) AND dust . theme ( x _ 2 , x _ 0 )	elips_gapping_in_dist
The girl painted the father and the duke Henry .	* girl ( x _ 0 ) ; * father ( x _ 1 ) ; * duke ( x _ 2 ) ; paint . agent ( x _ 3 , x _ 0 ) AND paint . theme ( x _ 3 , x _ 1 ) AND paint . agent ( x _ 4 , x _ 2 ) AND paint . theme ( x _ 4 , Henry )	elips_gapping_in_dist
Liam missed the baby and a teacher Emma .	* baby ( x _ 0 ) ; teacher ( x _ 1 ) AND miss . agent ( x _ 2 , Liam ) AND miss . theme ( x _ 2 , x _ 0 ) AND miss . agent ( x _ 3 , x _ 1 ) AND miss . theme ( x _ 3 , Emma )	elips_gapping_in_dist
The butterfly admired Emma and the cat Olivia .	* butterfly ( x _ 0 ) ; * cat ( x _ 1 ) ; admire . agent ( x _ 2 , x _ 0 ) AND admire . theme ( x _ 2 , Emma ) AND admire . agent ( x _ 3 , x _ 1 ) AND admire . theme ( x _ 3 , Olivia )	elips_gapping_in_dist
Emma found Liam and Emily the girl .	* girl ( x _ 0 ) ; find . agent ( x _ 1 , Emma ) AND find . theme ( x _ 1 , Liam ) AND find . agent ( x _ 2 , Emily ) AND find . theme ( x _ 2 , x _ 0 )	elips_gapping_in_dist
A cat ate Emma and the student Sophia .	* student ( x _ 1 ) ; cat ( x _ 0 ) AND eat . agent ( x _ 2 , x _ 0 ) AND eat . theme ( x _ 2 , Emma ) AND eat . agent ( x _ 3 , x _ 1 ) AND eat . theme ( x _ 3 , Sophia )	elips_gapping_in_dist
Isabella sketched the lawyer and Olivia Levi .	* lawyer ( x _ 0 ) ; sketch . agent ( x _ 1 , Isabella ) AND sketch . theme ( x _ 1 , x _ 0 ) AND sketch . agent ( x _ 2 , Olivia ) AND sketch . theme ( x _ 2 , Levi )	elips_gapping_in_dist
The cat painted Liam and Isabella Emma .	* cat ( x _ 0 ) ; paint . agent ( x _ 1 , x _ 0 ) AND paint . theme ( x _ 1 , Liam ) AND paint . agent ( x _ 2 , Isabella ) AND paint . theme ( x _ 2 , Emma )	elips_gapping_in_dist
The child missed William and Benjamin the girl .	* child ( x _ 0 ) ; * girl ( x _ 1 ) ; miss . agent ( x _ 2 , x _ 0 ) AND miss . theme ( x _ 2 , William ) AND miss . agent ( x _ 3 , Benjamin ) AND miss . theme ( x _ 3 , x _ 1 )	elips_gapping_in_dist
Mia ate Emma and Olivia a baby .	baby ( x _ 0 ) AND eat . agent ( x _ 1 , Mia ) AND eat . theme ( x _ 1 , Emma ) AND eat . agent ( x _ 2 , Olivia ) AND eat . theme ( x _ 2 , x _ 0 )	elips_gapping_in_dist
The patient helped the girl and a goose William .	* patient ( x _ 0 ) ; * girl ( x _ 1 ) ; goose ( x _ 2 ) AND help . agent ( x _ 3 , x _ 0 ) AND help . theme ( x _ 3 , x _ 1 ) AND help . agent ( x _ 4 , x _ 2 ) AND help . theme ( x _ 4 , William )	elips_gapping_in_dist
William hunted a student and Noah Emma .	student ( x _ 0 ) AND hunt . agent ( x _ 1 , William ) AND hunt . theme ( x _ 1 , x _ 0 ) AND hunt . agent ( x _ 2 , Noah ) AND hunt . theme ( x _ 2 , Emma )	elips_gapping_in_dist
A deer ate Liam and Mila Jacob .	deer ( x _ 0 ) AND eat . agent ( x _ 1 , x _ 0 ) AND eat . theme ( x _ 1 , Liam ) AND eat . agent ( x _ 2 , Mila ) AND eat . theme ( x _ 2 , Jacob )	elips_gapping_in_dist
A zebra painted a dog and Natalie a frog .	zebra ( x _ 0 ) AND dog ( x _ 1 ) AND frog ( x _ 2 ) AND paint . agent ( x _ 3 , x _ 0 ) AND paint . theme ( x _ 3 , x _ 1 ) AND paint . agent ( x _ 4 , Natalie ) AND paint . theme ( x _ 4 , x _ 2 )	elips_gapping_in_dist
A girl liked a professor and the customer a boy .	* customer ( x _ 2 ) ; girl ( x _ 0 ) AND professor ( x _ 1 ) AND boy ( x _ 3 ) AND like . agent ( x _ 4 , x _ 0 ) AND like . theme ( x _ 4 , x _ 1 ) AND like . agent ( x _ 5 , x _ 2 ) AND like . theme ( x _ 5 , x _ 3 )	elips_gapping_in_dist
Emma loved the girl and the prince Harper .	* girl ( x _ 0 ) ; * prince ( x _ 1 ) ; love . agent ( x _ 2 , Emma ) AND love . theme ( x _ 2 , x _ 0 ) AND love . agent ( x _ 3 , x _ 1 ) AND love . theme ( x _ 3 , Harper )	elips_gapping_in_dist
Emma ate Evelyn and Oliver the baby .	* baby ( x _ 0 ) ; eat . agent ( x _ 1 , Emma ) AND eat . theme ( x _ 1 , Evelyn ) AND eat . agent ( x _ 2 , Oliver ) AND eat . theme ( x _ 2 , x _ 0 )	elips_gapping_in_dist
A boy helped a bird and Liam a girl .	boy ( x _ 0 ) AND bird ( x _ 1 ) AND girl ( x _ 2 ) AND help . agent ( x _ 3 , x _ 0 ) AND help . theme ( x _ 3 , x _ 1 ) AND help . agent ( x _ 4 , Liam ) AND help . theme ( x _ 4 , x _ 2 )	elips_gapping_in_dist
Noah helped a pig and Emma Liam .	pig ( x _ 0 ) AND help . agent ( x _ 1 , Noah ) AND help . theme ( x _ 1 , x _ 0 ) AND help . agent ( x _ 2 , Emma ) AND help . theme ( x _ 2 , Liam )	elips_gapping_in_dist
Emma ate Joseph and the girl a boy .	* girl ( x _ 0 ) ; boy ( x _ 1 ) AND eat . agent ( x _ 2 , Emma ) AND eat . theme ( x _ 2 , Joseph ) AND eat . agent ( x _ 3 , x _ 0 ) AND eat . theme ( x _ 3 , x _ 1 )	elips_gapping_in_dist
A kid cooked a monkey and the boy a captain .	* boy ( x _ 2 ) ; kid ( x _ 0 ) AND monkey ( x _ 1 ) AND captain ( x _ 3 ) AND cook . agent ( x _ 4 , x _ 0 ) AND cook . theme ( x _ 4 , x _ 1 ) AND cook . agent ( x _ 5 , x _ 2 ) AND cook . theme ( x _ 5 , x _ 3 )	elips_gapping_in_dist
Ava cleaned a baby and the soldier a girl .	* soldier ( x _ 1 ) ; baby ( x _ 0 ) AND girl ( x _ 2 ) AND clean . agent ( x _ 3 , Ava ) AND clean . theme ( x _ 3 , x _ 0 ) AND clean . agent ( x _ 4 , x _ 1 ) AND clean . theme ( x _ 4 , x _ 2 )	elips_gapping_in_dist
Olivia ate a cat and the kitty Mia .	* kitty ( x _ 1 ) ; cat ( x _ 0 ) AND eat . agent ( x _ 2 , Olivia ) AND eat . theme ( x _ 2 , x _ 0 ) AND eat . agent ( x _ 3 , x _ 1 ) AND eat . theme ( x _ 3 , Mia )	elips_gapping_in_dist
Oliver appreciated Emma and Liam the bird .	* bird ( x _ 0 ) ; appreciate . agent ( x _ 1 , Oliver ) AND appreciate . theme ( x _ 1 , Emma ) AND appreciate . agent ( x _ 2 , Liam ) AND appreciate . theme ( x _ 2 , x _ 0 )	elips_gapping_in_dist
A girl appreciated the bunny and Penelope Emma .	* bunny ( x _ 1 ) ; girl ( x _ 0 ) AND appreciate . agent ( x _ 2 , x _ 0 ) AND appreciate . theme ( x _ 2 , x _ 1 ) AND appreciate . agent ( x _ 3 , Penelope ) AND appreciate . theme ( x _ 3 , Emma )	elips_gapping_in_dist
Victoria hunted a hero and a human Emma .	hero ( x _ 0 ) AND human ( x _ 1 ) AND hunt . agent ( x _ 2 , Victoria ) AND hunt . theme ( x _ 2 , x _ 0 ) AND hunt . agent ( x _ 3 , x _ 1 ) AND hunt . theme ( x _ 3 , Emma )	elips_gapping_in_dist
A child found the monkey and the lion Emma .	* monkey ( x _ 1 ) ; * lion ( x _ 2 ) ; child ( x _ 0 ) AND find . agent ( x _ 3 , x _ 0 ) AND find . theme ( x _ 3 , x _ 1 ) AND find . agent ( x _ 4 , x _ 2 ) AND find . theme ( x _ 4 , Emma )	elips_gapping_in_dist
Ava ate Emma and Sophia Chloe .	eat . agent ( x _ 0 , Ava ) AND eat . theme ( x _ 0 , Emma ) AND eat . agent ( x _ 1 , Sophia ) AND eat . theme ( x _ 1 , Chloe )	elips_gapping_in_dist
The boy ate the dog and Emma the chicken .	* boy ( x _ 0 ) ; * dog ( x _ 1 ) ; * chicken ( x _ 2 ) ; eat . agent ( x _ 3 , x _ 0 ) AND eat . theme ( x _ 3 , x _ 1 ) AND eat . agent ( x _ 4 , Emma ) AND eat . theme ( x _ 4 , x _ 2 )	elips_gapping_in_dist
Noah ate a boy and a cat the girl .	* girl ( x _ 2 ) ; boy ( x _ 0 ) AND cat ( x _ 1 ) AND eat . agent ( x _ 3 , Noah ) AND eat . theme ( x _ 3 , x _ 0 ) AND eat . agent ( x _ 4 , x _ 1 ) AND eat . theme ( x _ 4 , x _ 2 )	elips_gapping_in_dist
A boy juggled Oliver and Emma Liam .	boy ( x _ 0 ) AND juggle . agent ( x _ 1 , x _ 0 ) AND juggle . theme ( x _ 1 , Oliver ) AND juggle . agent ( x _ 2 , Emma ) AND juggle . theme ( x _ 2 , Liam )	elips_gapping_in_dist
Ava juggled Dylan and Olivia a boy .	boy ( x _ 0 ) AND juggle . agent ( x _ 1 , Ava ) AND juggle . theme ( x _ 1 , Dylan ) AND juggle . agent ( x _ 2 , Olivia ) AND juggle . theme ( x _ 2 , x _ 0 )	elips_gapping_in_dist
Liam drew Olivia and the spokesman a bee .	* spokesman ( x _ 0 ) ; bee ( x _ 1 ) AND draw . agent ( x _ 2 , Liam ) AND draw . theme ( x _ 2 , Olivia ) AND draw . agent ( x _ 3 , x _ 0 ) AND draw . theme ( x _ 3 , x _ 1 )	elips_gapping_in_dist
A boy ate Emma and the baby the girl .	* baby ( x _ 1 ) ; * girl ( x _ 2 ) ; boy ( x _ 0 ) AND eat . agent ( x _ 3 , x _ 0 ) AND eat . theme ( x _ 3 , Emma ) AND eat . agent ( x _ 4 , x _ 1 ) AND eat . theme ( x _ 4 , x _ 2 )	elips_gapping_in_dist
William cooked a girl and James Liam .	girl ( x _ 0 ) AND cook . agent ( x _ 1 , William ) AND cook . theme ( x _ 1 , x _ 0 ) AND cook . agent ( x _ 2 , James ) AND cook . theme ( x _ 2 , Liam )	elips_gapping_in_dist
The girl cooked John and the mouse Emma .	* girl ( x _ 0 ) ; * mouse ( x _ 1 ) ; cook . agent ( x _ 2 , x _ 0 ) AND cook . theme ( x _ 2 , John ) AND cook . agent ( x _ 3 , x _ 1 ) AND cook . theme ( x _ 3 , Emma )	elips_gapping_in_dist
A chicken drew Jack and Emma a girl .	chicken ( x _ 0 ) AND girl ( x _ 1 ) AND draw . agent ( x _ 2 , x _ 0 ) AND draw . theme ( x _ 2 , Jack ) AND draw . agent ( x _ 3 , Emma ) AND draw . theme ( x _ 3 , x _ 1 )	elips_gapping_in_dist
Emma ate the girl and Skylar a king .	* girl ( x _ 0 ) ; king ( x _ 1 ) AND eat . agent ( x _ 2 , Emma ) AND eat . theme ( x _ 2 , x _ 0 ) AND eat . agent ( x _ 3 , Skylar ) AND eat . theme ( x _ 3 , x _ 1 )	elips_gapping_in_dist
A teacher painted Penelope and the girl a boy .	* girl ( x _ 1 ) ; teacher ( x _ 0 ) AND boy ( x _ 2 ) AND paint . agent ( x _ 3 , x _ 0 ) AND paint . theme ( x _ 3 , Penelope ) AND paint . agent ( x _ 4 , x _ 1 ) AND paint . theme ( x _ 4 , x _ 2 )	elips_gapping_in_dist
Emma dusted a child and Olivia Nora .	child ( x _ 0 ) AND dust . agent ( x _ 1 , Emma ) AND dust . theme ( x _ 1 , x _ 0 ) AND dust . agent ( x _ 2 , Olivia ) AND dust . theme ( x _ 2 , Nora )	elips_gapping_in_dist
The scientist liked a girl and Noah Emma .	* scientist ( x _ 0 ) ; girl ( x _ 1 ) AND like . agent ( x _ 2 , x _ 0 ) AND like . theme ( x _ 2 , x _ 1 ) AND like . agent ( x _ 3 , Noah ) AND like . theme ( x _ 3 , Emma )	elips_gapping_in_dist
A frog liked James and a baby Emma .	frog ( x _ 0 ) AND baby ( x _ 1 ) AND like . agent ( x _ 2 , x _ 0 ) AND like . theme ( x _ 2 , James ) AND like . agent ( x _ 3 , x _ 1 ) AND like . theme ( x _ 3 , Emma )	elips_gapping_in_dist
Matthew helped a chicken and a lion Henry .	chicken ( x _ 0 ) AND lion ( x _ 1 ) AND help . agent ( x _ 2 , Matthew ) AND help . theme ( x _ 2 , x _ 0 ) AND help . agent ( x _ 3 , x _ 1 ) AND help . theme ( x _ 3 , Henry )	elips_gapping_in_dist
Olivia found Liam and Oliver Isaac .	find . agent ( x _ 0 , Olivia ) AND find . theme ( x _ 0 , Liam ) AND find . agent ( x _ 1 , Oliver ) AND find . theme ( x _ 1 , Isaac )	elips_gapping_in_dist
The girl adored a boy and a dog Penelope .	* girl ( x _ 0 ) ; boy ( x _ 1 ) AND dog ( x _ 2 ) AND adore . agent ( x _ 3 , x _ 0 ) AND adore . theme ( x _ 3 , x _ 1 ) AND adore . agent ( x _ 4 , x _ 2 ) AND adore . theme ( x _ 4 , Penelope )	elips_gapping_in_dist
Olivia ate Andrew and a soldier William .	soldier ( x _ 0 ) AND eat . agent ( x _ 1 , Olivia ) AND eat . theme ( x _ 1 , Andrew ) AND eat . agent ( x _ 2 , x _ 0 ) AND eat . theme ( x _ 2 , William )	elips_gapping_in_dist
Leah liked a teacher and Liam the girl .	* girl ( x _ 1 ) ; teacher ( x _ 0 ) AND like . agent ( x _ 2 , Leah ) AND like . theme ( x _ 2 , x _ 0 ) AND like . agent ( x _ 3 , Liam ) AND like . theme ( x _ 3 , x _ 1 )	elips_gapping_in_dist
A manager found a cat and the teacher the citizen .	* teacher ( x _ 2 ) ; * citizen ( x _ 3 ) ; manager ( x _ 0 ) AND cat ( x _ 1 ) AND find . agent ( x _ 4 , x _ 0 ) AND find . theme ( x _ 4 , x _ 1 ) AND find . agent ( x _ 5 , x _ 2 ) AND find . theme ( x _ 5 , x _ 3 )	elips_gapping_in_dist
Emma liked James and a tenant a girl .	tenant ( x _ 0 ) AND girl ( x _ 1 ) AND like . agent ( x _ 2 , Emma ) AND like . theme ( x _ 2 , James ) AND like . agent ( x _ 3 , x _ 0 ) AND like . theme ( x _ 3 , x _ 1 )	elips_gapping_in_dist
Harper nursed a president and a girl Liam .	president ( x _ 0 ) AND girl ( x _ 1 ) AND nurse . agent ( x _ 2 , Harper ) AND nurse . theme ( x _ 2 , x _ 0 ) AND nurse . agent ( x _ 3 , x _ 1 ) AND nurse . theme ( x _ 3 , Liam )	elips_gapping_in_dist
The butterfly loved Olivia and a hero Emma .	* butterfly ( x _ 0 ) ; hero ( x _ 1 ) AND love . agent ( x _ 2 , x _ 0 ) AND love . theme ( x _ 2 , Olivia ) AND love . agent ( x _ 3 , x _ 1 ) AND love . theme ( x _ 3 , Emma )	elips_gapping_in_dist
Emma sketched a boy and Noah Liam .	boy ( x _ 0 ) AND sketch . agent ( x _ 1 , Emma ) AND sketch . theme ( x _ 1 , x _ 0 ) AND sketch . agent ( x _ 2 , Noah ) AND sketch . theme ( x _ 2 , Liam )	elips_gapping_in_dist
The lion nursed Mia and Oliver Olivia .	* lion ( x _ 0 ) ; nurse . agent ( x _ 1 , x _ 0 ) AND nurse . theme ( x _ 1 , Mia ) AND nurse . agent ( x _ 2 , Oliver ) AND nurse . theme ( x _ 2 , Olivia )	elips_gapping_in_dist
A boy nursed Liam and Emma Theodore .	boy ( x _ 0 ) AND nurse . agent ( x _ 1 , x _ 0 ) AND nurse . theme ( x _ 1 , Liam ) AND nurse . agent ( x _ 2 , Emma ) AND nurse . theme ( x _ 2 , Theodore )	elips_gapping_in_dist
Emma painted a teacher and a bird Stella .	teacher ( x _ 0 ) AND bird ( x _ 1 ) AND paint . agent ( x _ 2 , Emma ) AND paint . theme ( x _ 2 , x _ 0 ) AND paint . agent ( x _ 3 , x _ 1 ) AND paint . theme ( x _ 3 , Stella )	elips_gapping_in_dist
The girl helped Noah and the driver Emma .	* girl ( x _ 0 ) ; * driver ( x _ 1 ) ; help . agent ( x _ 2 , x _ 0 ) AND help . theme ( x _ 2 , Noah ) AND help . agent ( x _ 3 , x _ 1 ) AND help . theme ( x _ 3 , Emma )	elips_gapping_in_dist
Sophia cleaned the boy and a girl Emma .	* boy ( x _ 0 ) ; girl ( x _ 1 ) AND clean . agent ( x _ 2 , Sophia ) AND clean . theme ( x _ 2 , x _ 0 ) AND clean . agent ( x _ 3 , x _ 1 ) AND clean . theme ( x _ 3 , Emma )	elips_gapping_in_dist
Liam cleaned a girl and Julian a frog .	girl ( x _ 0 ) AND frog ( x _ 1 ) AND clean . agent ( x _ 2 , Liam ) AND clean . theme ( x _ 2 , x _ 0 ) AND clean . agent ( x _ 3 , Julian ) AND clean . theme ( x _ 3 , x _ 1 )	elips_gapping_in_dist
Isabella missed a cow and the lawyer the lion .	* lawyer ( x _ 1 ) ; * lion ( x _ 2 ) ; cow ( x _ 0 ) AND miss . agent ( x _ 3 , Isabella ) AND miss . theme ( x _ 3 , x _ 0 ) AND miss . agent ( x _ 4 , x _ 1 ) AND miss . theme ( x _ 4 , x _ 2 )	elips_gapping_in_dist
A cat loved a butterfly and a girl the boy .	* boy ( x _ 3 ) ; cat ( x _ 0 ) AND butterfly ( x _ 1 ) AND girl ( x _ 2 ) AND love . agent ( x _ 4 , x _ 0 ) AND love . theme ( x _ 4 , x _ 1 ) AND love . agent ( x _ 5 , x _ 2 ) AND love . theme ( x _ 5 , x _ 3 )	elips_gapping_in_dist
The princess admired a cat and a boy Emma .	* princess ( x _ 0 ) ; cat ( x _ 1 ) AND boy ( x _ 2 ) AND admire . agent ( x _ 3 , x _ 0 ) AND admire . theme ( x _ 3 , x _ 1 ) AND admire . agent ( x _ 4 , x _ 2 ) AND admire . theme ( x _ 4 , Emma )	elips_gapping_in_dist
A president ate Elijah and a cat the chicken .	* chicken ( x _ 2 ) ; president ( x _ 0 ) AND cat ( x _ 1 ) AND eat . agent ( x _ 3 , x _ 0 ) AND eat . theme ( x _ 3 , Elijah ) AND eat . agent ( x _ 4 , x _ 1 ) AND eat . theme ( x _ 4 , x _ 2 )	elips_gapping_in_dist
Emma missed the cat and Aria a dog .	* cat ( x _ 0 ) ; dog ( x _ 1 ) AND miss . agent ( x _ 2 , Emma ) AND miss . theme ( x _ 2 , x _ 0 ) AND miss . agent ( x _ 3 , Aria ) AND miss . theme ( x _ 3 , x _ 1 )	elips_gapping_in_dist
Theodore ate the girl and Isabella Emma .	* girl ( x _ 0 ) ; eat . agent ( x _ 1 , Theodore ) AND eat . theme ( x _ 1 , x _ 0 ) AND eat . agent ( x _ 2 , Isabella ) AND eat . theme ( x _ 2 , Emma )	elips_gapping_in_dist
Lucas painted Isabella and Emma a princess .	princess ( x _ 0 ) AND paint . agent ( x _ 1 , Lucas ) AND paint . theme ( x _ 1 , Isabella ) AND paint . agent ( x _ 2 , Emma ) AND paint . theme ( x _ 2 , x _ 0 )	elips_gapping_in_dist
Liam liked Elijah and Gabriel Noah .	like . agent ( x _ 0 , Liam ) AND like . theme ( x _ 0 , Elijah ) AND like . agent ( x _ 1 , Gabriel ) AND like . theme ( x _ 1 , Noah )	elips_gapping_in_dist
James liked Emma and Isabella Olivia .	like . agent ( x _ 0 , James ) AND like . theme ( x _ 0 , Emma ) AND like . agent ( x _ 1 , Isabella ) AND like . theme ( x _ 1 , Olivia )	elips_gapping_in_dist
A judge found Emma and Liam a girl .	judge ( x _ 0 ) AND girl ( x _ 1 ) AND find . agent ( x _ 2 , x _ 0 ) AND find . theme ( x _ 2 , Emma ) AND find . agent ( x _ 3 , Liam ) AND find . theme ( x _ 3 , x _ 1 )	elips_gapping_in_dist
The baby cooked Olivia and Nathan Emma .	* baby ( x _ 0 ) ; cook . agent ( x _ 1 , x _ 0 ) AND cook . theme ( x _ 1 , Olivia ) AND cook . agent ( x _ 2 , Nathan ) AND cook . theme ( x _ 2 , Emma )	elips_gapping_in_dist
Natalie liked a bunny and a hen Ava .	bunny ( x _ 0 ) AND hen ( x _ 1 ) AND like . agent ( x _ 2 , Natalie ) AND like . theme ( x _ 2 , x _ 0 ) AND like . agent ( x _ 3 , x _ 1 ) AND like . theme ( x _ 3 , Ava )	elips_gapping_in_dist
Audrey drew Elijah and James Lucas .	draw . agent ( x _ 0 , Audrey ) AND draw . theme ( x _ 0 , Elijah ) AND draw . agent ( x _ 1 , James ) AND draw . theme ( x _ 1 , Lucas )	elips_gapping_in_dist
Amelia helped Ethan and a cat a donkey .	cat ( x _ 0 ) AND donkey ( x _ 1 ) AND help . agent ( x _ 2 , Amelia ) AND help . theme ( x _ 2 , Ethan ) AND help . agent ( x _ 3 , x _ 0 ) AND help . theme ( x _ 3 , x _ 1 )	elips_gapping_in_dist
The princess drew the girl and the fish Emma .	* princess ( x _ 0 ) ; * girl ( x _ 1 ) ; * fish ( x _ 2 ) ; draw . agent ( x _ 3 , x _ 0 ) AND draw . theme ( x _ 3 , x _ 1 ) AND draw . agent ( x _ 4 , x _ 2 ) AND draw . theme ( x _ 4 , Emma )	elips_gapping_in_dist
A cat ate a visitor and Isabella a boy .	cat ( x _ 0 ) AND visitor ( x _ 1 ) AND boy ( x _ 2 ) AND eat . agent ( x _ 3 , x _ 0 ) AND eat . theme ( x _ 3 , x _ 1 ) AND eat . agent ( x _ 4 , Isabella ) AND eat . theme ( x _ 4 , x _ 2 )	elips_gapping_in_dist
The horse helped a zebra and Liam Dylan .	* horse ( x _ 0 ) ; zebra ( x _ 1 ) AND help . agent ( x _ 2 , x _ 0 ) AND help . theme ( x _ 2 , x _ 1 ) AND help . agent ( x _ 3 , Liam ) AND help . theme ( x _ 3 , Dylan )	elips_gapping_in_dist
A dog found Emma and the child Liam .	* child ( x _ 1 ) ; dog ( x _ 0 ) AND find . agent ( x _ 2 , x _ 0 ) AND find . theme ( x _ 2 , Emma ) AND find . agent ( x _ 3 , x _ 1 ) AND find . theme ( x _ 3 , Liam )	elips_gapping_in_dist
The bear helped Matthew and Avery Emma .	* bear ( x _ 0 ) ; help . agent ( x _ 1 , x _ 0 ) AND help . theme ( x _ 1 , Matthew ) AND help . agent ( x _ 2 , Avery ) AND help . theme ( x _ 2 , Emma )	elips_gapping_in_dist
Emma liked a human and Ava a frog .	human ( x _ 0 ) AND frog ( x _ 1 ) AND like . agent ( x _ 2 , Emma ) AND like . theme ( x _ 2 , x _ 0 ) AND like . agent ( x _ 3 , Ava ) AND like . theme ( x _ 3 , x _ 1 )	elips_gapping_in_dist
A girl missed Mila and Emma the bird .	* bird ( x _ 1 ) ; girl ( x _ 0 ) AND miss . agent ( x _ 2 , x _ 0 ) AND miss . theme ( x _ 2 , Mila ) AND miss . agent ( x _ 3 , Emma ) AND miss . theme ( x _ 3 , x _ 1 )	elips_gapping_in_dist
The teacher cleaned a judge and Grayson the donkey .	* teacher ( x _ 0 ) ; * donkey ( x _ 2 ) ; judge ( x _ 1 ) AND clean . agent ( x _ 3 , x _ 0 ) AND clean . theme ( x _ 3 , x _ 1 ) AND clean . agent ( x _ 4 , Grayson ) AND clean . theme ( x _ 4 , x _ 2 )	elips_gapping_in_dist
The girl helped Liam and a president a cat .	* girl ( x _ 0 ) ; president ( x _ 1 ) AND cat ( x _ 2 ) AND help . agent ( x _ 3 , x _ 0 ) AND help . theme ( x _ 3 , Liam ) AND help . agent ( x _ 4 , x _ 1 ) AND help . theme ( x _ 4 , x _ 2 )	elips_gapping_in_dist
A monkey sketched the frog and Liam Skylar .	* frog ( x _ 1 ) ; monkey ( x _ 0 ) AND sketch . agent ( x _ 2 , x _ 0 ) AND sketch . theme ( x _ 2 , x _ 1 ) AND sketch . agent ( x _ 3 , Liam ) AND sketch . theme ( x _ 3 , Skylar )	elips_gapping_in_dist
The goose respected Sofia and the chicken the boy .	* goose ( x _ 0 ) ; * chicken ( x _ 1 ) ; * boy ( x _ 2 ) ; respect . agent ( x _ 3 , x _ 0 ) AND respect . theme ( x _ 3 , Sofia ) AND respect . agent ( x _ 4 , x _ 1 ) AND respect . theme ( x _ 4 , x _ 2 )	elips_gapping_in_dist
Ava ate Emma and Elizabeth a guest .	guest ( x _ 0 ) AND eat . agent ( x _ 1 , Ava ) AND eat . theme ( x _ 1 , Emma ) AND eat . agent ( x _ 2 , Elizabeth ) AND eat . theme ( x _ 2 , x _ 0 )	elips_gapping_in_dist
The pony liked a girl and Liam Isabella .	* pony ( x _ 0 ) ; girl ( x _ 1 ) AND like . agent ( x _ 2 , x _ 0 ) AND like . theme ( x _ 2 , x _ 1 ) AND like . agent ( x _ 3 , Liam ) AND like . theme ( x _ 3 , Isabella )	elips_gapping_in_dist
The farmer helped the squirrel and a girl Liam .	* farmer ( x _ 0 ) ; * squirrel ( x _ 1 ) ; girl ( x _ 2 ) AND help . agent ( x _ 3 , x _ 0 ) AND help . theme ( x _ 3 , x _ 1 ) AND help . agent ( x _ 4 , x _ 2 ) AND help . theme ( x _ 4 , Liam )	elips_gapping_in_dist
Liam ate the dog and a bird the girl .	* dog ( x _ 0 ) ; * girl ( x _ 2 ) ; bird ( x _ 1 ) AND eat . agent ( x _ 3 , Liam ) AND eat . theme ( x _ 3 , x _ 0 ) AND eat . agent ( x _ 4 , x _ 1 ) AND eat . theme ( x _ 4 , x _ 2 )	elips_gapping_in_dist
Emma ate a duck and Amelia the girl .	* girl ( x _ 1 ) ; duck ( x _ 0 ) AND eat . agent ( x _ 2 , Emma ) AND eat . theme ( x _ 2 , x _ 0 ) AND eat . agent ( x _ 3 , Amelia ) AND eat . theme ( x _ 3 , x _ 1 )	elips_gapping_in_dist
A girl cleaned Logan and Chloe the turkey .	* turkey ( x _ 1 ) ; girl ( x _ 0 ) AND clean . agent ( x _ 2 , x _ 0 ) AND clean . theme ( x _ 2 , Logan ) AND clean . agent ( x _ 3 , Chloe ) AND clean . theme ( x _ 3 , x _ 1 )	elips_gapping_in_dist
Violet painted Isabella and Emily the cat .	* cat ( x _ 0 ) ; paint . agent ( x _ 1 , Violet ) AND paint . theme ( x _ 1 , Isabella ) AND paint . agent ( x _ 2 , Emily ) AND paint . theme ( x _ 2 , x _ 0 )	elips_gapping_in_dist
James loved Oliver and Emma a cat .	cat ( x _ 0 ) AND love . agent ( x _ 1 , James ) AND love . theme ( x _ 1 , Oliver ) AND love . agent ( x _ 2 , Emma ) AND love . theme ( x _ 2 , x _ 0 )	elips_gapping_in_dist
A girl drew Michael and a boy Olivia .	girl ( x _ 0 ) AND boy ( x _ 1 ) AND draw . agent ( x _ 2 , x _ 0 ) AND draw . theme ( x _ 2 , Michael ) AND draw . agent ( x _ 3 , x _ 1 ) AND draw . theme ( x _ 3 , Olivia )	elips_gapping_in_dist
A chicken ate a baby and Emma the cat .	* cat ( x _ 2 ) ; chicken ( x _ 0 ) AND baby ( x _ 1 ) AND eat . agent ( x _ 3 , x _ 0 ) AND eat . theme ( x _ 3 , x _ 1 ) AND eat . agent ( x _ 4 , Emma ) AND eat . theme ( x _ 4 , x _ 2 )	elips_gapping_in_dist
The dog ate Olivia and the boy Emma .	* dog ( x _ 0 ) ; * boy ( x _ 1 ) ; eat . agent ( x _ 2 , x _ 0 ) AND eat . theme ( x _ 2 , Olivia ) AND eat . agent ( x _ 3 , x _ 1 ) AND eat . theme ( x _ 3 , Emma )	elips_gapping_in_dist
Emma cleaned Ava and a dog the pig .	* pig ( x _ 1 ) ; dog ( x _ 0 ) AND clean . agent ( x _ 2 , Emma ) AND clean . theme ( x _ 2 , Ava ) AND clean . agent ( x _ 3 , x _ 0 ) AND clean . theme ( x _ 3 , x _ 1 )	elips_gapping_in_dist
A buyer ate Liam and a cat Mia .	buyer ( x _ 0 ) AND cat ( x _ 1 ) AND eat . agent ( x _ 2 , x _ 0 ) AND eat . theme ( x _ 2 , Liam ) AND eat . agent ( x _ 3 , x _ 1 ) AND eat . theme ( x _ 3 , Mia )	elips_gapping_in_dist
Olivia ate Jacob and Mason a girl .	girl ( x _ 0 ) AND eat . agent ( x _ 1 , Olivia ) AND eat . theme ( x _ 1 , Jacob ) AND eat . agent ( x _ 2 , Mason ) AND eat . theme ( x _ 2 , x _ 0 )	elips_gapping_in_dist
Aurora ate a teacher and Elijah Ava .	teacher ( x _ 0 ) AND eat . agent ( x _ 1 , Aurora ) AND eat . theme ( x _ 1 , x _ 0 ) AND eat . agent ( x _ 2 , Elijah ) AND eat . theme ( x _ 2 , Ava )	elips_gapping_in_dist
The politician ate a mouse and Nora Emma .	* politician ( x _ 0 ) ; mouse ( x _ 1 ) AND eat . agent ( x _ 2 , x _ 0 ) AND eat . theme ( x _ 2 , x _ 1 ) AND eat . agent ( x _ 3 , Nora ) AND eat . theme ( x _ 3 , Emma )	elips_gapping_in_dist
Liam ate the horse and Emma a boy .	* horse ( x _ 0 ) ; boy ( x _ 1 ) AND eat . agent ( x _ 2 , Liam ) AND eat . theme ( x _ 2 , x _ 0 ) AND eat . agent ( x _ 3 , Emma ) AND eat . theme ( x _ 3 , x _ 1 )	elips_gapping_in_dist
Ava cleaned Liam and a boy the buyer .	* buyer ( x _ 1 ) ; boy ( x _ 0 ) AND clean . agent ( x _ 2 , Ava ) AND clean . theme ( x _ 2 , Liam ) AND clean . agent ( x _ 3 , x _ 0 ) AND clean . theme ( x _ 3 , x _ 1 )	elips_gapping_in_dist
Samuel helped Emma and Joseph the girl .	* girl ( x _ 0 ) ; help . agent ( x _ 1 , Samuel ) AND help . theme ( x _ 1 , Emma ) AND help . agent ( x _ 2 , Joseph ) AND help . theme ( x _ 2 , x _ 0 )	elips_gapping_in_dist
Emma found a guy and Ava a girl .	guy ( x _ 0 ) AND girl ( x _ 1 ) AND find . agent ( x _ 2 , Emma ) AND find . theme ( x _ 2 , x _ 0 ) AND find . agent ( x _ 3 , Ava ) AND find . theme ( x _ 3 , x _ 1 )	elips_gapping_in_dist
Mia ate Emma and Sophia Evelyn .	eat . agent ( x _ 0 , Mia ) AND eat . theme ( x _ 0 , Emma ) AND eat . agent ( x _ 1 , Sophia ) AND eat . theme ( x _ 1 , Evelyn )	elips_gapping_in_dist
A child dusted the boy and a cow a frog .	* boy ( x _ 1 ) ; child ( x _ 0 ) AND cow ( x _ 2 ) AND frog ( x _ 3 ) AND dust . agent ( x _ 4 , x _ 0 ) AND dust . theme ( x _ 4 , x _ 1 ) AND dust . agent ( x _ 5 , x _ 2 ) AND dust . theme ( x _ 5 , x _ 3 )	elips_gapping_in_dist
Emma helped the boy and Olivia Oliver .	* boy ( x _ 0 ) ; help . agent ( x _ 1 , Emma ) AND help . theme ( x _ 1 , x _ 0 ) AND help . agent ( x _ 2 , Olivia ) AND help . theme ( x _ 2 , Oliver )	elips_gapping_in_dist
The horse drew Noah and Emma Stella .	* horse ( x _ 0 ) ; draw . agent ( x _ 1 , x _ 0 ) AND draw . theme ( x _ 1 , Noah ) AND draw . agent ( x _ 2 , Emma ) AND draw . theme ( x _ 2 , Stella )	elips_gapping_in_dist
Asher ate Oliver and Charlotte the girl .	* girl ( x _ 0 ) ; eat . agent ( x _ 1 , Asher ) AND eat . theme ( x _ 1 , Oliver ) AND eat . agent ( x _ 2 , Charlotte ) AND eat . theme ( x _ 2 , x _ 0 )	elips_gapping_in_dist
A father missed Emma and Penelope the cat .	* cat ( x _ 1 ) ; father ( x _ 0 ) AND miss . agent ( x _ 2 , x _ 0 ) AND miss . theme ( x _ 2 , Emma ) AND miss . agent ( x _ 3 , Penelope ) AND miss . theme ( x _ 3 , x _ 1 )	elips_gapping_in_dist
Noah ate Emma and Violet the boy .	* boy ( x _ 0 ) ; eat . agent ( x _ 1 , Noah ) AND eat . theme ( x _ 1 , Emma ) AND eat . agent ( x _ 2 , Violet ) AND eat . theme ( x _ 2 , x _ 0 )	elips_gapping_in_dist
Emma painted the baby and Gabriel the girl .	* baby ( x _ 0 ) ; * girl ( x _ 1 ) ; paint . agent ( x _ 2 , Emma ) AND paint . theme ( x _ 2 , x _ 0 ) AND paint . agent ( x _ 3 , Gabriel ) AND paint . theme ( x _ 3 , x _ 1 )	elips_gapping_in_dist
Emma found Olivia and Evelyn a girl .	girl ( x _ 0 ) AND find . agent ( x _ 1 , Emma ) AND find . theme ( x _ 1 , Olivia ) AND find . agent ( x _ 2 , Evelyn ) AND find . theme ( x _ 2 , x _ 0 )	elips_gapping_in_dist
Emma liked a horse and a crocodile the dog .	* dog ( x _ 2 ) ; horse ( x _ 0 ) AND crocodile ( x _ 1 ) AND like . agent ( x _ 3 , Emma ) AND like . theme ( x _ 3 , x _ 0 ) AND like . agent ( x _ 4 , x _ 1 ) AND like . theme ( x _ 4 , x _ 2 )	elips_gapping_in_dist
Abigail missed Sebastian and a cat Jayden .	cat ( x _ 0 ) AND miss . agent ( x _ 1 , Abigail ) AND miss . theme ( x _ 1 , Sebastian ) AND miss . agent ( x _ 2 , x _ 0 ) AND miss . theme ( x _ 2 , Jayden )	elips_gapping_in_dist
The boy found Emma and Penelope the citizen .	* boy ( x _ 0 ) ; * citizen ( x _ 1 ) ; find . agent ( x _ 2 , x _ 0 ) AND find . theme ( x _ 2 , Emma ) AND find . agent ( x _ 3 , Penelope ) AND find . theme ( x _ 3 , x _ 1 )	elips_gapping_in_dist
Noah nursed Emma and a host William .	host ( x _ 0 ) AND nurse . agent ( x _ 1 , Noah ) AND nurse . theme ( x _ 1 , Emma ) AND nurse . agent ( x _ 2 , x _ 0 ) AND nurse . theme ( x _ 2 , William )	elips_gapping_in_dist
The child helped Charlotte and Noah Oliver .	* child ( x _ 0 ) ; help . agent ( x _ 1 , x _ 0 ) AND help . theme ( x _ 1 , Charlotte ) AND help . agent ( x _ 2 , Noah ) AND help . theme ( x _ 2 , Oliver )	elips_gapping_in_dist
Emma liked the girl and Jack Savannah .	* girl ( x _ 0 ) ; like . agent ( x _ 1 , Emma ) AND like . theme ( x _ 1 , x _ 0 ) AND like . agent ( x _ 2 , Jack ) AND like . theme ( x _ 2 , Savannah )	elips_gapping_in_dist
The customer liked Anthony and Emma Liam .	* customer ( x _ 0 ) ; like . agent ( x _ 1 , x _ 0 ) AND like . theme ( x _ 1 , Anthony ) AND like . agent ( x _ 2 , Emma ) AND like . theme ( x _ 2 , Liam )	elips_gapping_in_dist
Olivia helped Liam and the girl James .	* girl ( x _ 0 ) ; help . agent ( x _ 1 , Olivia ) AND help . theme ( x _ 1 , Liam ) AND help . agent ( x _ 2 , x _ 0 ) AND help . theme ( x _ 2 , James )	elips_gapping_in_dist
Liam liked a horse and a cat Layla .	horse ( x _ 0 ) AND cat ( x _ 1 ) AND like . agent ( x _ 2 , Liam ) AND like . theme ( x _ 2 , x _ 0 ) AND like . agent ( x _ 3 , x _ 1 ) AND like . theme ( x _ 3 , Layla )	elips_gapping_in_dist
The child found a girl and Emma the hero .	* child ( x _ 0 ) ; * hero ( x _ 2 ) ; girl ( x _ 1 ) AND find . agent ( x _ 3 , x _ 0 ) AND find . theme ( x _ 3 , x _ 1 ) AND find . agent ( x _ 4 , Emma ) AND find . theme ( x _ 4 , x _ 2 )	elips_gapping_in_dist
A girl admired a fly and Liam a bird .	girl ( x _ 0 ) AND fly ( x _ 1 ) AND bird ( x _ 2 ) AND admire . agent ( x _ 3 , x _ 0 ) AND admire . theme ( x _ 3 , x _ 1 ) AND admire . agent ( x _ 4 , Liam ) AND admire . theme ( x _ 4 , x _ 2 )	elips_gapping_in_dist
Emma poked a manager and Hannah a dog .	manager ( x _ 0 ) AND dog ( x _ 1 ) AND poke . agent ( x _ 2 , Emma ) AND poke . theme ( x _ 2 , x _ 0 ) AND poke . agent ( x _ 3 , Hannah ) AND poke . theme ( x _ 3 , x _ 1 )	elips_gapping_in_dist
Olivia sketched Emma and the girl Evelyn .	* girl ( x _ 0 ) ; sketch . agent ( x _ 1 , Olivia ) AND sketch . theme ( x _ 1 , Emma ) AND sketch . agent ( x _ 2 , x _ 0 ) AND sketch . theme ( x _ 2 , Evelyn )	elips_gapping_in_dist
William helped Liam and the girl Emma .	* girl ( x _ 0 ) ; help . agent ( x _ 1 , William ) AND help . theme ( x _ 1 , Liam ) AND help . agent ( x _ 2 , x _ 0 ) AND help . theme ( x _ 2 , Emma )	elips_gapping_in_dist
A giraffe poked Oliver and the chicken a cow .	* chicken ( x _ 1 ) ; giraffe ( x _ 0 ) AND cow ( x _ 2 ) AND poke . agent ( x _ 3 , x _ 0 ) AND poke . theme ( x _ 3 , Oliver ) AND poke . agent ( x _ 4 , x _ 1 ) AND poke . theme ( x _ 4 , x _ 2 )	elips_gapping_in_dist
Amelia ate a boy and Liam the monkey .	* monkey ( x _ 1 ) ; boy ( x _ 0 ) AND eat . agent ( x _ 2 , Amelia ) AND eat . theme ( x _ 2 , x _ 0 ) AND eat . agent ( x _ 3 , Liam ) AND eat . theme ( x _ 3 , x _ 1 )	elips_gapping_in_dist
William ate the cat and a girl a customer .	* cat ( x _ 0 ) ; girl ( x _ 1 ) AND customer ( x _ 2 ) AND eat . agent ( x _ 3 , William ) AND eat . theme ( x _ 3 , x _ 0 ) AND eat . agent ( x _ 4 , x _ 1 ) AND eat . theme ( x _ 4 , x _ 2 )	elips_gapping_in_dist
A coach cooked a frog and the cat a girl .	* cat ( x _ 2 ) ; coach ( x _ 0 ) AND frog ( x _ 1 ) AND girl ( x _ 3 ) AND cook . agent ( x _ 4 , x _ 0 ) AND cook . theme ( x _ 4 , x _ 1 ) AND cook . agent ( x _ 5 , x _ 2 ) AND cook . theme ( x _ 5 , x _ 3 )	elips_gapping_in_dist
Emma cleaned a landlord and a donkey the girl .	* girl ( x _ 2 ) ; landlord ( x _ 0 ) AND donkey ( x _ 1 ) AND clean . agent ( x _ 3 , Emma ) AND clean . theme ( x _ 3 , x _ 0 ) AND clean . agent ( x _ 4 , x _ 1 ) AND clean . theme ( x _ 4 , x _ 2 )	elips_gapping_in_dist
James liked Noah and Isabella the boy .	* boy ( x _ 0 ) ; like . agent ( x _ 1 , James ) AND like . theme ( x _ 1 , Noah ) AND like . agent ( x _ 2 , Isabella ) AND like . theme ( x _ 2 , x _ 0 )	elips_gapping_in_dist
Chloe liked Sophia and Emma Jayden .	like . agent ( x _ 0 , Chloe ) AND like . theme ( x _ 0 , Sophia ) AND like . agent ( x _ 1 , Emma ) AND like . theme ( x _ 1 , Jayden )	elips_gapping_in_dist
The dog appreciated the boy and the mouse a girl .	* dog ( x _ 0 ) ; * boy ( x _ 1 ) ; * mouse ( x _ 2 ) ; girl ( x _ 3 ) AND appreciate . agent ( x _ 4 , x _ 0 ) AND appreciate . theme ( x _ 4 , x _ 1 ) AND appreciate . agent ( x _ 5 , x _ 2 ) AND appreciate . theme ( x _ 5 , x _ 3 )	elips_gapping_in_dist
Sophia painted Stella and a human the boy .	* boy ( x _ 1 ) ; human ( x _ 0 ) AND paint . agent ( x _ 2 , Sophia ) AND paint . theme ( x _ 2 , Stella ) AND paint . agent ( x _ 3 , x _ 0 ) AND paint . theme ( x _ 3 , x _ 1 )	elips_gapping_in_dist
A bird ate Michael and a girl a boy .	bird ( x _ 0 ) AND girl ( x _ 1 ) AND boy ( x _ 2 ) AND eat . agent ( x _ 3 , x _ 0 ) AND eat . theme ( x _ 3 , Michael ) AND eat . agent ( x _ 4 , x _ 1 ) AND eat . theme ( x _ 4 , x _ 2 )	elips_gapping_in_dist
James helped Emma and a girl Liam .	girl ( x _ 0 ) AND help . agent ( x _ 1 , James ) AND help . theme ( x _ 1 , Emma ) AND help . agent ( x _ 2 , x _ 0 ) AND help . theme ( x _ 2 , Liam )	elips_gapping_in_dist
Emma liked a mother and a giraffe William .	mother ( x _ 0 ) AND giraffe ( x _ 1 ) AND like . agent ( x _ 2 , Emma ) AND like . theme ( x _ 2 , x _ 0 ) AND like . agent ( x _ 3 , x _ 1 ) AND like . theme ( x _ 3 , William )	elips_gapping_in_dist
A boy ate Liam and a girl James .	boy ( x _ 0 ) AND girl ( x _ 1 ) AND eat . agent ( x _ 2 , x _ 0 ) AND eat . theme ( x _ 2 , Liam ) AND eat . agent ( x _ 3 , x _ 1 ) AND eat . theme ( x _ 3 , James )	elips_gapping_in_dist
The penguin liked Emma and a buyer Aria .	* penguin ( x _ 0 ) ; buyer ( x _ 1 ) AND like . agent ( x _ 2 , x _ 0 ) AND like . theme ( x _ 2 , Emma ) AND like . agent ( x _ 3 , x _ 1 ) AND like . theme ( x _ 3 , Aria )	elips_gapping_in_dist
Nora dusted William and a champion the girl .	* girl ( x _ 1 ) ; champion ( x _ 0 ) AND dust . agent ( x _ 2 , Nora ) AND dust . theme ( x _ 2 , William ) AND dust . agent ( x _ 3 , x _ 0 ) AND dust . theme ( x _ 3 , x _ 1 )	elips_gapping_in_dist
A girl ate James and the princess the cat .	* princess ( x _ 1 ) ; * cat ( x _ 2 ) ; girl ( x _ 0 ) AND eat . agent ( x _ 3 , x _ 0 ) AND eat . theme ( x _ 3 , James ) AND eat . agent ( x _ 4 , x _ 1 ) AND eat . theme ( x _ 4 , x _ 2 )	elips_gapping_in_dist
William ate Ava and a crocodile the girl .	* girl ( x _ 1 ) ; crocodile ( x _ 0 ) AND eat . agent ( x _ 2 , William ) AND eat . theme ( x _ 2 , Ava ) AND eat . agent ( x _ 3 , x _ 0 ) AND eat . theme ( x _ 3 , x _ 1 )	elips_gapping_in_dist
Henry ate a girl and Sophia Emma .	girl ( x _ 0 ) AND eat . agent ( x _ 1 , Henry ) AND eat . theme ( x _ 1 , x _ 0 ) AND eat . agent ( x _ 2 , Sophia ) AND eat . theme ( x _ 2 , Emma )	elips_gapping_in_dist
Liam liked the boy and the cat Emma .	* boy ( x _ 0 ) ; * cat ( x _ 1 ) ; like . agent ( x _ 2 , Liam ) AND like . theme ( x _ 2 , x _ 0 ) AND like . agent ( x _ 3 , x _ 1 ) AND like . theme ( x _ 3 , Emma )	elips_gapping_in_dist
The girl painted Noah and Emma a cat .	* girl ( x _ 0 ) ; cat ( x _ 1 ) AND paint . agent ( x _ 2 , x _ 0 ) AND paint . theme ( x _ 2 , Noah ) AND paint . agent ( x _ 3 , Emma ) AND paint . theme ( x _ 3 , x _ 1 )	elips_gapping_in_dist
Sophia poked Liam and the goose William .	* goose ( x _ 0 ) ; poke . agent ( x _ 1 , Sophia ) AND poke . theme ( x _ 1 , Liam ) AND poke . agent ( x _ 2 , x _ 0 ) AND poke . theme ( x _ 2 , William )	elips_gapping_in_dist
Emily dusted the baby and a mouse Emma .	* baby ( x _ 0 ) ; mouse ( x _ 1 ) AND dust . agent ( x _ 2 , Emily ) AND dust . theme ( x _ 2 , x _ 0 ) AND dust . agent ( x _ 3 , x _ 1 ) AND dust . theme ( x _ 3 , Emma )	elips_gapping_in_dist
The director appreciated Emma and a lion a manager .	* director ( x _ 0 ) ; lion ( x _ 1 ) AND manager ( x _ 2 ) AND appreciate . agent ( x _ 3 , x _ 0 ) AND appreciate . theme ( x _ 3 , Emma ) AND appreciate . agent ( x _ 4 , x _ 1 ) AND appreciate . theme ( x _ 4 , x _ 2 )	elips_gapping_in_dist
Emma painted the child and the girl Liam .	* child ( x _ 0 ) ; * girl ( x _ 1 ) ; paint . agent ( x _ 2 , Emma ) AND paint . theme ( x _ 2 , x _ 0 ) AND paint . agent ( x _ 3 , x _ 1 ) AND paint . theme ( x _ 3 , Liam )	elips_gapping_in_dist
Oliver missed the frog and Emily Violet .	* frog ( x _ 0 ) ; miss . agent ( x _ 1 , Oliver ) AND miss . theme ( x _ 1 , x _ 0 ) AND miss . agent ( x _ 2 , Emily ) AND miss . theme ( x _ 2 , Violet )	elips_gapping_in_dist
Emma liked the dog and Isabella a lamb .	* dog ( x _ 0 ) ; lamb ( x _ 1 ) AND like . agent ( x _ 2 , Emma ) AND like . theme ( x _ 2 , x _ 0 ) AND like . agent ( x _ 3 , Isabella ) AND like . theme ( x _ 3 , x _ 1 )	elips_gapping_in_dist
Emma liked the puppy and Aiden Ava .	* puppy ( x _ 0 ) ; like . agent ( x _ 1 , Emma ) AND like . theme ( x _ 1 , x _ 0 ) AND like . agent ( x _ 2 , Aiden ) AND like . theme ( x _ 2 , Ava )	elips_gapping_in_dist
Sofia drew the girl and Liam a monkey .	* girl ( x _ 0 ) ; monkey ( x _ 1 ) AND draw . agent ( x _ 2 , Sofia ) AND draw . theme ( x _ 2 , x _ 0 ) AND draw . agent ( x _ 3 , Liam ) AND draw . theme ( x _ 3 , x _ 1 )	elips_gapping_in_dist
The child cooked Liam and the cat James .	* child ( x _ 0 ) ; * cat ( x _ 1 ) ; cook . agent ( x _ 2 , x _ 0 ) AND cook . theme ( x _ 2 , Liam ) AND cook . agent ( x _ 3 , x _ 1 ) AND cook . theme ( x _ 3 , James )	elips_gapping_in_dist
A cat drew Emma and a dog a boy .	cat ( x _ 0 ) AND dog ( x _ 1 ) AND boy ( x _ 2 ) AND draw . agent ( x _ 3 , x _ 0 ) AND draw . theme ( x _ 3 , Emma ) AND draw . agent ( x _ 4 , x _ 1 ) AND draw . theme ( x _ 4 , x _ 2 )	elips_gapping_in_dist
The boy hunted Emma and Ava William .	* boy ( x _ 0 ) ; hunt . agent ( x _ 1 , x _ 0 ) AND hunt . theme ( x _ 1 , Emma ) AND hunt . agent ( x _ 2 , Ava ) AND hunt . theme ( x _ 2 , William )	elips_gapping_in_dist
A mouse found a child and the cat Emma .	* cat ( x _ 2 ) ; mouse ( x _ 0 ) AND child ( x _ 1 ) AND find . agent ( x _ 3 , x _ 0 ) AND find . theme ( x _ 3 , x _ 1 ) AND find . agent ( x _ 4 , x _ 2 ) AND find . theme ( x _ 4 , Emma )	elips_gapping_in_dist
A child found the baby and Audrey a girl .	* baby ( x _ 1 ) ; child ( x _ 0 ) AND girl ( x _ 2 ) AND find . agent ( x _ 3 , x _ 0 ) AND find . theme ( x _ 3 , x _ 1 ) AND find . agent ( x _ 4 , Audrey ) AND find . theme ( x _ 4 , x _ 2 )	elips_gapping_in_dist
The baby liked the girl and Riley Luna .	* baby ( x _ 0 ) ; * girl ( x _ 1 ) ; like . agent ( x _ 2 , x _ 0 ) AND like . theme ( x _ 2 , x _ 1 ) AND like . agent ( x _ 3 , Riley ) AND like . theme ( x _ 3 , Luna )	elips_gapping_in_dist
Theodore dusted a girl and Charlotte Noah .	girl ( x _ 0 ) AND dust . agent ( x _ 1 , Theodore ) AND dust . theme ( x _ 1 , x _ 0 ) AND dust . agent ( x _ 2 , Charlotte ) AND dust . theme ( x _ 2 , Noah )	elips_gapping_in_dist
A captain liked the girl and Emma Nora .	* girl ( x _ 1 ) ; captain ( x _ 0 ) AND like . agent ( x _ 2 , x _ 0 ) AND like . theme ( x _ 2 , x _ 1 ) AND like . agent ( x _ 3 , Emma ) AND like . theme ( x _ 3 , Nora )	elips_gapping_in_dist
The horse liked Carter and the mouse the customer .	* horse ( x _ 0 ) ; * mouse ( x _ 1 ) ; * customer ( x _ 2 ) ; like . agent ( x _ 3 , x _ 0 ) AND like . theme ( x _ 3 , Carter ) AND like . agent ( x _ 4 , x _ 1 ) AND like . theme ( x _ 4 , x _ 2 )	elips_gapping_in_dist
A girl liked Emma and a lion a butterfly .	girl ( x _ 0 ) AND lion ( x _ 1 ) AND butterfly ( x _ 2 ) AND like . agent ( x _ 3 , x _ 0 ) AND like . theme ( x _ 3 , Emma ) AND like . agent ( x _ 4 , x _ 1 ) AND like . theme ( x _ 4 , x _ 2 )	elips_gapping_in_dist
Elijah drew Dylan and Daniel the child .	* child ( x _ 0 ) ; draw . agent ( x _ 1 , Elijah ) AND draw . theme ( x _ 1 , Dylan ) AND draw . agent ( x _ 2 , Daniel ) AND draw . theme ( x _ 2 , x _ 0 )	elips_gapping_in_dist
Claire adored the girl and Olivia a dog .	* girl ( x _ 0 ) ; dog ( x _ 1 ) AND adore . agent ( x _ 2 , Claire ) AND adore . theme ( x _ 2 , x _ 0 ) AND adore . agent ( x _ 3 , Olivia ) AND adore . theme ( x _ 3 , x _ 1 )	elips_gapping_in_dist
Olivia liked Harper and a girl a boy .	girl ( x _ 0 ) AND boy ( x _ 1 ) AND like . agent ( x _ 2 , Olivia ) AND like . theme ( x _ 2 , Harper ) AND like . agent ( x _ 3 , x _ 0 ) AND like . theme ( x _ 3 , x _ 1 )	elips_gapping_in_dist
Sofia liked the manager and a girl Emma .	* manager ( x _ 0 ) ; girl ( x _ 1 ) AND like . agent ( x _ 2 , Sofia ) AND like . theme ( x _ 2 , x _ 0 ) AND like . agent ( x _ 3 , x _ 1 ) AND like . theme ( x _ 3 , Emma )	elips_gapping_in_dist
Noah helped William and Charlotte Ava .	help . agent ( x _ 0 , Noah ) AND help . theme ( x _ 0 , William ) AND help . agent ( x _ 1 , Charlotte ) AND help . theme ( x _ 1 , Ava )	elips_gapping_in_dist
A dog loved the girl and Sophia Noah .	* girl ( x _ 1 ) ; dog ( x _ 0 ) AND love . agent ( x _ 2 , x _ 0 ) AND love . theme ( x _ 2 , x _ 1 ) AND love . agent ( x _ 3 , Sophia ) AND love . theme ( x _ 3 , Noah )	elips_gapping_in_dist
The boy liked a bird and Emma Sophia .	* boy ( x _ 0 ) ; bird ( x _ 1 ) AND like . agent ( x _ 2 , x _ 0 ) AND like . theme ( x _ 2 , x _ 1 ) AND like . agent ( x _ 3 , Emma ) AND like . theme ( x _ 3 , Sophia )	elips_gapping_in_dist
A girl ate the goose and a horse a frog .	* goose ( x _ 1 ) ; girl ( x _ 0 ) AND horse ( x _ 2 ) AND frog ( x _ 3 ) AND eat . agent ( x _ 4 , x _ 0 ) AND eat . theme ( x _ 4 , x _ 1 ) AND eat . agent ( x _ 5 , x _ 2 ) AND eat . theme ( x _ 5 , x _ 3 )	elips_gapping_in_dist
The cat cooked the dog and Isaac Jacob .	* cat ( x _ 0 ) ; * dog ( x _ 1 ) ; cook . agent ( x _ 2 , x _ 0 ) AND cook . theme ( x _ 2 , x _ 1 ) AND cook . agent ( x _ 3 , Isaac ) AND cook . theme ( x _ 3 , Jacob )	elips_gapping_in_dist
Emily painted Elijah and Camila the cat .	* cat ( x _ 0 ) ; paint . agent ( x _ 1 , Emily ) AND paint . theme ( x _ 1 , Elijah ) AND paint . agent ( x _ 2 , Camila ) AND paint . theme ( x _ 2 , x _ 0 )	elips_gapping_in_dist
A chicken helped the poet and Olivia the boy .	* poet ( x _ 1 ) ; * boy ( x _ 2 ) ; chicken ( x _ 0 ) AND help . agent ( x _ 3 , x _ 0 ) AND help . theme ( x _ 3 , x _ 1 ) AND help . agent ( x _ 4 , Olivia ) AND help . theme ( x _ 4 , x _ 2 )	elips_gapping_in_dist
The cat ate a baby and Theodore a princess .	* cat ( x _ 0 ) ; baby ( x _ 1 ) AND princess ( x _ 2 ) AND eat . agent ( x _ 3 , x _ 0 ) AND eat . theme ( x _ 3 , x _ 1 ) AND eat . agent ( x _ 4 , Theodore ) AND eat . theme ( x _ 4 , x _ 2 )	elips_gapping_in_dist
A writer loved a girl and a baby Luna .	writer ( x _ 0 ) AND girl ( x _ 1 ) AND baby ( x _ 2 ) AND love . agent ( x _ 3 , x _ 0 ) AND love . theme ( x _ 3 , x _ 1 ) AND love . agent ( x _ 4 , x _ 2 ) AND love . theme ( x _ 4 , Luna )	elips_gapping_in_dist
The child found Theodore and a buyer a girl .	* child ( x _ 0 ) ; buyer ( x _ 1 ) AND girl ( x _ 2 ) AND find . agent ( x _ 3 , x _ 0 ) AND find . theme ( x _ 3 , Theodore ) AND find . agent ( x _ 4 , x _ 1 ) AND find . theme ( x _ 4 , x _ 2 )	elips_gapping_in_dist
A girl drew Emma and Olivia the customer .	* customer ( x _ 1 ) ; girl ( x _ 0 ) AND draw . agent ( x _ 2 , x _ 0 ) AND draw . theme ( x _ 2 , Emma ) AND draw . agent ( x _ 3 , Olivia ) AND draw . theme ( x _ 3 , x _ 1 )	elips_gapping_in_dist
Oliver liked the girl and the sheep a mouse .	* girl ( x _ 0 ) ; * sheep ( x _ 1 ) ; mouse ( x _ 2 ) AND like . agent ( x _ 3 , Oliver ) AND like . theme ( x _ 3 , x _ 0 ) AND like . agent ( x _ 4 , x _ 1 ) AND like . theme ( x _ 4 , x _ 2 )	elips_gapping_in_dist
Theodore liked a boy and the tiger a child .	* tiger ( x _ 1 ) ; boy ( x _ 0 ) AND child ( x _ 2 ) AND like . agent ( x _ 3 , Theodore ) AND like . theme ( x _ 3 , x _ 0 ) AND like . agent ( x _ 4 , x _ 1 ) AND like . theme ( x _ 4 , x _ 2 )	elips_gapping_in_dist
The child liked a boy and Ava Emma .	* child ( x _ 0 ) ; boy ( x _ 1 ) AND like . agent ( x _ 2 , x _ 0 ) AND like . theme ( x _ 2 , x _ 1 ) AND like . agent ( x _ 3 , Ava ) AND like . theme ( x _ 3 , Emma )	elips_gapping_in_dist
The girl painted Ella and Sebastian a boy .	* girl ( x _ 0 ) ; boy ( x _ 1 ) AND paint . agent ( x _ 2 , x _ 0 ) AND paint . theme ( x _ 2 , Ella ) AND paint . agent ( x _ 3 , Sebastian ) AND paint . theme ( x _ 3 , x _ 1 )	elips_gapping_in_dist
Mila cleaned Emma and Noah Lucas .	clean . agent ( x _ 0 , Mila ) AND clean . theme ( x _ 0 , Emma ) AND clean . agent ( x _ 1 , Noah ) AND clean . theme ( x _ 1 , Lucas )	elips_gapping_in_dist
The cat ate a boy and a girl Emma .	* cat ( x _ 0 ) ; boy ( x _ 1 ) AND girl ( x _ 2 ) AND eat . agent ( x _ 3 , x _ 0 ) AND eat . theme ( x _ 3 , x _ 1 ) AND eat . agent ( x _ 4 , x _ 2 ) AND eat . theme ( x _ 4 , Emma )	elips_gapping_in_dist
A girl liked a mouse and the child Noah .	* child ( x _ 2 ) ; girl ( x _ 0 ) AND mouse ( x _ 1 ) AND like . agent ( x _ 3 , x _ 0 ) AND like . theme ( x _ 3 , x _ 1 ) AND like . agent ( x _ 4 , x _ 2 ) AND like . theme ( x _ 4 , Noah )	elips_gapping_in_dist
The patient liked the teacher and a duck Sophia .	* patient ( x _ 0 ) ; * teacher ( x _ 1 ) ; duck ( x _ 2 ) AND like . agent ( x _ 3 , x _ 0 ) AND like . theme ( x _ 3 , x _ 1 ) AND like . agent ( x _ 4 , x _ 2 ) AND like . theme ( x _ 4 , Sophia )	elips_gapping_in_dist
Emma dusted the guest and Thomas Liam .	* guest ( x _ 0 ) ; dust . agent ( x _ 1 , Emma ) AND dust . theme ( x _ 1 , x _ 0 ) AND dust . agent ( x _ 2 , Thomas ) AND dust . theme ( x _ 2 , Liam )	elips_gapping_in_dist
Emma ate a baby and the zebra Liam .	* zebra ( x _ 1 ) ; baby ( x _ 0 ) AND eat . agent ( x _ 2 , Emma ) AND eat . theme ( x _ 2 , x _ 0 ) AND eat . agent ( x _ 3 , x _ 1 ) AND eat . theme ( x _ 3 , Liam )	elips_gapping_in_dist
Emma helped Michael and Ella a girl .	girl ( x _ 0 ) AND help . agent ( x _ 1 , Emma ) AND help . theme ( x _ 1 , Michael ) AND help . agent ( x _ 2 , Ella ) AND help . theme ( x _ 2 , x _ 0 )	elips_gapping_in_dist
Mason admired a baby and a girl Emma .	baby ( x _ 0 ) AND girl ( x _ 1 ) AND admire . agent ( x _ 2 , Mason ) AND admire . theme ( x _ 2 , x _ 0 ) AND admire . agent ( x _ 3 , x _ 1 ) AND admire . theme ( x _ 3 , Emma )	elips_gapping_in_dist
Riley liked Noah and Emma Christopher .	like . agent ( x _ 0 , Riley ) AND like . theme ( x _ 0 , Noah ) AND like . agent ( x _ 1 , Emma ) AND like . theme ( x _ 1 , Christopher )	elips_gapping_in_dist
The horse liked the doctor and the journalist Oliver .	* horse ( x _ 0 ) ; * doctor ( x _ 1 ) ; * journalist ( x _ 2 ) ; like . agent ( x _ 3 , x _ 0 ) AND like . theme ( x _ 3 , x _ 1 ) AND like . agent ( x _ 4 , x _ 2 ) AND like . theme ( x _ 4 , Oliver )	elips_gapping_in_dist
The girl loved a citizen and a dog Isabella .	* girl ( x _ 0 ) ; citizen ( x _ 1 ) AND dog ( x _ 2 ) AND love . agent ( x _ 3 , x _ 0 ) AND love . theme ( x _ 3 , x _ 1 ) AND love . agent ( x _ 4 , x _ 2 ) AND love . theme ( x _ 4 , Isabella )	elips_gapping_in_dist
The student drew the dog and Emma Avery .	* student ( x _ 0 ) ; * dog ( x _ 1 ) ; draw . agent ( x _ 2 , x _ 0 ) AND draw . theme ( x _ 2 , x _ 1 ) AND draw . agent ( x _ 3 , Emma ) AND draw . theme ( x _ 3 , Avery )	elips_gapping_in_dist
Benjamin painted a boy and William the girl .	* girl ( x _ 1 ) ; boy ( x _ 0 ) AND paint . agent ( x _ 2 , Benjamin ) AND paint . theme ( x _ 2 , x _ 0 ) AND paint . agent ( x _ 3 , William ) AND paint . theme ( x _ 3 , x _ 1 )	elips_gapping_in_dist
The hero poked Sophia and Abigail Emma .	* hero ( x _ 0 ) ; poke . agent ( x _ 1 , x _ 0 ) AND poke . theme ( x _ 1 , Sophia ) AND poke . agent ( x _ 2 , Abigail ) AND poke . theme ( x _ 2 , Emma )	elips_gapping_in_dist
A buyer ate the moose and Aubrey a hen .	* moose ( x _ 1 ) ; buyer ( x _ 0 ) AND hen ( x _ 2 ) AND eat . agent ( x _ 3 , x _ 0 ) AND eat . theme ( x _ 3 , x _ 1 ) AND eat . agent ( x _ 4 , Aubrey ) AND eat . theme ( x _ 4 , x _ 2 )	elips_gapping_in_dist
Emma poked Mila and the bunny a girl .	* bunny ( x _ 0 ) ; girl ( x _ 1 ) AND poke . agent ( x _ 2 , Emma ) AND poke . theme ( x _ 2 , Mila ) AND poke . agent ( x _ 3 , x _ 0 ) AND poke . theme ( x _ 3 , x _ 1 )	elips_gapping_in_dist
The driver ate Levi and Olivia Liam .	* driver ( x _ 0 ) ; eat . agent ( x _ 1 , x _ 0 ) AND eat . theme ( x _ 1 , Levi ) AND eat . agent ( x _ 2 , Olivia ) AND eat . theme ( x _ 2 , Liam )	elips_gapping_in_dist
Benjamin ate a boy and the girl Emma .	* girl ( x _ 1 ) ; boy ( x _ 0 ) AND eat . agent ( x _ 2 , Benjamin ) AND eat . theme ( x _ 2 , x _ 0 ) AND eat . agent ( x _ 3 , x _ 1 ) AND eat . theme ( x _ 3 , Emma )	elips_gapping_in_dist
The butterfly drew a monkey and the girl the donkey .	* butterfly ( x _ 0 ) ; * girl ( x _ 2 ) ; * donkey ( x _ 3 ) ; monkey ( x _ 1 ) AND draw . agent ( x _ 4 , x _ 0 ) AND draw . theme ( x _ 4 , x _ 1 ) AND draw . agent ( x _ 5 , x _ 2 ) AND draw . theme ( x _ 5 , x _ 3 )	elips_gapping_in_dist
Emma cleaned the lamb and Aria Liam .	* lamb ( x _ 0 ) ; clean . agent ( x _ 1 , Emma ) AND clean . theme ( x _ 1 , x _ 0 ) AND clean . agent ( x _ 2 , Aria ) AND clean . theme ( x _ 2 , Liam )	elips_gapping_in_dist
The girl cleaned Noah and the goose Emma .	* girl ( x _ 0 ) ; * goose ( x _ 1 ) ; clean . agent ( x _ 2 , x _ 0 ) AND clean . theme ( x _ 2 , Noah ) AND clean . agent ( x _ 3 , x _ 1 ) AND clean . theme ( x _ 3 , Emma )	elips_gapping_in_dist
Logan found Sophia and a squirrel a princess .	squirrel ( x _ 0 ) AND princess ( x _ 1 ) AND find . agent ( x _ 2 , Logan ) AND find . theme ( x _ 2 , Sophia ) AND find . agent ( x _ 3 , x _ 0 ) AND find . theme ( x _ 3 , x _ 1 )	elips_gapping_in_dist
The baby nursed Emma and William a girl .	* baby ( x _ 0 ) ; girl ( x _ 1 ) AND nurse . agent ( x _ 2 , x _ 0 ) AND nurse . theme ( x _ 2 , Emma ) AND nurse . agent ( x _ 3 , William ) AND nurse . theme ( x _ 3 , x _ 1 )	elips_gapping_in_dist
The girl missed Emma and Noah the cat .	* girl ( x _ 0 ) ; * cat ( x _ 1 ) ; miss . agent ( x _ 2 , x _ 0 ) AND miss . theme ( x _ 2 , Emma ) AND miss . agent ( x _ 3 , Noah ) AND miss . theme ( x _ 3 , x _ 1 )	elips_gapping_in_dist
Chloe nursed the girl and Emma the boy .	* girl ( x _ 0 ) ; * boy ( x _ 1 ) ; nurse . agent ( x _ 2 , Chloe ) AND nurse . theme ( x _ 2 , x _ 0 ) AND nurse . agent ( x _ 3 , Emma ) AND nurse . theme ( x _ 3 , x _ 1 )	elips_gapping_in_dist
The cat helped a dog and Olivia Isabella .	* cat ( x _ 0 ) ; dog ( x _ 1 ) AND help . agent ( x _ 2 , x _ 0 ) AND help . theme ( x _ 2 , x _ 1 ) AND help . agent ( x _ 3 , Olivia ) AND help . theme ( x _ 3 , Isabella )	elips_gapping_in_dist
A scientist nursed Emma and Natalie Olivia .	scientist ( x _ 0 ) AND nurse . agent ( x _ 1 , x _ 0 ) AND nurse . theme ( x _ 1 , Emma ) AND nurse . agent ( x _ 2 , Natalie ) AND nurse . theme ( x _ 2 , Olivia )	elips_gapping_in_dist
A penguin liked a girl and a frog Emma .	penguin ( x _ 0 ) AND girl ( x _ 1 ) AND frog ( x _ 2 ) AND like . agent ( x _ 3 , x _ 0 ) AND like . theme ( x _ 3 , x _ 1 ) AND like . agent ( x _ 4 , x _ 2 ) AND like . theme ( x _ 4 , Emma )	elips_gapping_in_dist
Emma ate a boy and Isabella Olivia .	boy ( x _ 0 ) AND eat . agent ( x _ 1 , Emma ) AND eat . theme ( x _ 1 , x _ 0 ) AND eat . agent ( x _ 2 , Isabella ) AND eat . theme ( x _ 2 , Olivia )	elips_gapping_in_dist
William appreciated the girl and Olivia the wolf .	* girl ( x _ 0 ) ; * wolf ( x _ 1 ) ; appreciate . agent ( x _ 2 , William ) AND appreciate . theme ( x _ 2 , x _ 0 ) AND appreciate . agent ( x _ 3 , Olivia ) AND appreciate . theme ( x _ 3 , x _ 1 )	elips_gapping_in_dist
Anthony liked Emma and Jackson the boy .	* boy ( x _ 0 ) ; like . agent ( x _ 1 , Anthony ) AND like . theme ( x _ 1 , Emma ) AND like . agent ( x _ 2 , Jackson ) AND like . theme ( x _ 2 , x _ 0 )	elips_gapping_in_dist
Isabella ate Amelia and Avery Nathan .	eat . agent ( x _ 0 , Isabella ) AND eat . theme ( x _ 0 , Amelia ) AND eat . agent ( x _ 1 , Avery ) AND eat . theme ( x _ 1 , Nathan )	elips_gapping_in_dist
The dog drew a duck and a lion the girl .	* dog ( x _ 0 ) ; * girl ( x _ 3 ) ; duck ( x _ 1 ) AND lion ( x _ 2 ) AND draw . agent ( x _ 4 , x _ 0 ) AND draw . theme ( x _ 4 , x _ 1 ) AND draw . agent ( x _ 5 , x _ 2 ) AND draw . theme ( x _ 5 , x _ 3 )	elips_gapping_in_dist
The mother liked a cat and Oliver Emma .	* mother ( x _ 0 ) ; cat ( x _ 1 ) AND like . agent ( x _ 2 , x _ 0 ) AND like . theme ( x _ 2 , x _ 1 ) AND like . agent ( x _ 3 , Oliver ) AND like . theme ( x _ 3 , Emma )	elips_gapping_in_dist
Logan found a monkey and a director Olivia .	monkey ( x _ 0 ) AND director ( x _ 1 ) AND find . agent ( x _ 2 , Logan ) AND find . theme ( x _ 2 , x _ 0 ) AND find . agent ( x _ 3 , x _ 1 ) AND find . theme ( x _ 3 , Olivia )	elips_gapping_in_dist
William helped a girl and Charlotte the writer .	* writer ( x _ 1 ) ; girl ( x _ 0 ) AND help . agent ( x _ 2 , William ) AND help . theme ( x _ 2 , x _ 0 ) AND help . agent ( x _ 3 , Charlotte ) AND help . theme ( x _ 3 , x _ 1 )	elips_gapping_in_dist
A girl loved Emma and Henry Owen .	girl ( x _ 0 ) AND love . agent ( x _ 1 , x _ 0 ) AND love . theme ( x _ 1 , Emma ) AND love . agent ( x _ 2 , Henry ) AND love . theme ( x _ 2 , Owen )	elips_gapping_in_dist
The princess helped a girl and Emma a boy .	* princess ( x _ 0 ) ; girl ( x _ 1 ) AND boy ( x _ 2 ) AND help . agent ( x _ 3 , x _ 0 ) AND help . theme ( x _ 3 , x _ 1 ) AND help . agent ( x _ 4 , Emma ) AND help . theme ( x _ 4 , x _ 2 )	elips_gapping_in_dist
A girl respected Liam and the dog Emma .	* dog ( x _ 1 ) ; girl ( x _ 0 ) AND respect . agent ( x _ 2 , x _ 0 ) AND respect . theme ( x _ 2 , Liam ) AND respect . agent ( x _ 3 , x _ 1 ) AND respect . theme ( x _ 3 , Emma )	elips_gapping_in_dist
Liam painted the girl and Emma Lily .	* girl ( x _ 0 ) ; paint . agent ( x _ 1 , Liam ) AND paint . theme ( x _ 1 , x _ 0 ) AND paint . agent ( x _ 2 , Emma ) AND paint . theme ( x _ 2 , Lily )	elips_gapping_in_dist
Matthew ate the resident and Emma Isabella .	* resident ( x _ 0 ) ; eat . agent ( x _ 1 , Matthew ) AND eat . theme ( x _ 1 , x _ 0 ) AND eat . agent ( x _ 2 , Emma ) AND eat . theme ( x _ 2 , Isabella )	elips_gapping_in_dist
A mouse cooked a crocodile and the girl Liam .	* girl ( x _ 2 ) ; mouse ( x _ 0 ) AND crocodile ( x _ 1 ) AND cook . agent ( x _ 3 , x _ 0 ) AND cook . theme ( x _ 3 , x _ 1 ) AND cook . agent ( x _ 4 , x _ 2 ) AND cook . theme ( x _ 4 , Liam )	elips_gapping_in_dist
The penguin cooked Emma and a cat William .	* penguin ( x _ 0 ) ; cat ( x _ 1 ) AND cook . agent ( x _ 2 , x _ 0 ) AND cook . theme ( x _ 2 , Emma ) AND cook . agent ( x _ 3 , x _ 1 ) AND cook . theme ( x _ 3 , William )	elips_gapping_in_dist
Emma respected a kitty and the cat Lily .	* cat ( x _ 1 ) ; kitty ( x _ 0 ) AND respect . agent ( x _ 2 , Emma ) AND respect . theme ( x _ 2 , x _ 0 ) AND respect . agent ( x _ 3 , x _ 1 ) AND respect . theme ( x _ 3 , Lily )	elips_gapping_in_dist
Emma hunted Olivia and Liam a president .	president ( x _ 0 ) AND hunt . agent ( x _ 1 , Emma ) AND hunt . theme ( x _ 1 , Olivia ) AND hunt . agent ( x _ 2 , Liam ) AND hunt . theme ( x _ 2 , x _ 0 )	elips_gapping_in_dist
A girl hunted a mouse and a dog the teacher .	* teacher ( x _ 3 ) ; girl ( x _ 0 ) AND mouse ( x _ 1 ) AND dog ( x _ 2 ) AND hunt . agent ( x _ 4 , x _ 0 ) AND hunt . theme ( x _ 4 , x _ 1 ) AND hunt . agent ( x _ 5 , x _ 2 ) AND hunt . theme ( x _ 5 , x _ 3 )	elips_gapping_in_dist
The child liked a customer and the dog Thomas .	* child ( x _ 0 ) ; * dog ( x _ 2 ) ; customer ( x _ 1 ) AND like . agent ( x _ 3 , x _ 0 ) AND like . theme ( x _ 3 , x _ 1 ) AND like . agent ( x _ 4 , x _ 2 ) AND like . theme ( x _ 4 , Thomas )	elips_gapping_in_dist
Emma liked the sailor and Noah Ava .	* sailor ( x _ 0 ) ; like . agent ( x _ 1 , Emma ) AND like . theme ( x _ 1 , x _ 0 ) AND like . agent ( x _ 2 , Noah ) AND like . theme ( x _ 2 , Ava )	elips_gapping_in_dist
A horse respected a baby and Ava the girl .	* girl ( x _ 2 ) ; horse ( x _ 0 ) AND baby ( x _ 1 ) AND respect . agent ( x _ 3 , x _ 0 ) AND respect . theme ( x _ 3 , x _ 1 ) AND respect . agent ( x _ 4 , Ava ) AND respect . theme ( x _ 4 , x _ 2 )	elips_gapping_in_dist
A cat liked a chicken and a girl Elijah .	cat ( x _ 0 ) AND chicken ( x _ 1 ) AND girl ( x _ 2 ) AND like . agent ( x _ 3 , x _ 0 ) AND like . theme ( x _ 3 , x _ 1 ) AND like . agent ( x _ 4 , x _ 2 ) AND like . theme ( x _ 4 , Elijah )	elips_gapping_in_dist
A girl helped a cat and Camila Isabella .	girl ( x _ 0 ) AND cat ( x _ 1 ) AND help . agent ( x _ 2 , x _ 0 ) AND help . theme ( x _ 2 , x _ 1 ) AND help . agent ( x _ 3 , Camila ) AND help . theme ( x _ 3 , Isabella )	elips_gapping_in_dist
The girl liked a lion and Emma Matthew .	* girl ( x _ 0 ) ; lion ( x _ 1 ) AND like . agent ( x _ 2 , x _ 0 ) AND like . theme ( x _ 2 , x _ 1 ) AND like . agent ( x _ 3 , Emma ) AND like . theme ( x _ 3 , Matthew )	elips_gapping_in_dist
Liam liked a girl and the child Emma .	* child ( x _ 1 ) ; girl ( x _ 0 ) AND like . agent ( x _ 2 , Liam ) AND like . theme ( x _ 2 , x _ 0 ) AND like . agent ( x _ 3 , x _ 1 ) AND like . theme ( x _ 3 , Emma )	elips_gapping_in_dist
Emma missed a bunny and David Ava .	bunny ( x _ 0 ) AND miss . agent ( x _ 1 , Emma ) AND miss . theme ( x _ 1 , x _ 0 ) AND miss . agent ( x _ 2 , David ) AND miss . theme ( x _ 2 , Ava )	elips_gapping_in_dist
Emma adored the sailor and William the cat .	* sailor ( x _ 0 ) ; * cat ( x _ 1 ) ; adore . agent ( x _ 2 , Emma ) AND adore . theme ( x _ 2 , x _ 0 ) AND adore . agent ( x _ 3 , William ) AND adore . theme ( x _ 3 , x _ 1 )	elips_gapping_in_dist
Liam found Andrew and the girl Emma .	* girl ( x _ 0 ) ; find . agent ( x _ 1 , Liam ) AND find . theme ( x _ 1 , Andrew ) AND find . agent ( x _ 2 , x _ 0 ) AND find . theme ( x _ 2 , Emma )	elips_gapping_in_dist
A cat found Madison and Emma Amelia .	cat ( x _ 0 ) AND find . agent ( x _ 1 , x _ 0 ) AND find . theme ( x _ 1 , Madison ) AND find . agent ( x _ 2 , Emma ) AND find . theme ( x _ 2 , Amelia )	elips_gapping_in_dist
The patient sketched the pig and the horse a lion .	* patient ( x _ 0 ) ; * pig ( x _ 1 ) ; * horse ( x _ 2 ) ; lion ( x _ 3 ) AND sketch . agent ( x _ 4 , x _ 0 ) AND sketch . theme ( x _ 4 , x _ 1 ) AND sketch . agent ( x _ 5 , x _ 2 ) AND sketch . theme ( x _ 5 , x _ 3 )	elips_gapping_in_dist
Logan painted Liam and the boy a customer .	* boy ( x _ 0 ) ; customer ( x _ 1 ) AND paint . agent ( x _ 2 , Logan ) AND paint . theme ( x _ 2 , Liam ) AND paint . agent ( x _ 3 , x _ 0 ) AND paint . theme ( x _ 3 , x _ 1 )	elips_gapping_in_dist
Jackson helped Emma and Liam James .	help . agent ( x _ 0 , Jackson ) AND help . theme ( x _ 0 , Emma ) AND help . agent ( x _ 1 , Liam ) AND help . theme ( x _ 1 , James )	elips_gapping_in_dist
Emma liked a boy and a sailor a girl .	boy ( x _ 0 ) AND sailor ( x _ 1 ) AND girl ( x _ 2 ) AND like . agent ( x _ 3 , Emma ) AND like . theme ( x _ 3 , x _ 0 ) AND like . agent ( x _ 4 , x _ 1 ) AND like . theme ( x _ 4 , x _ 2 )	elips_gapping_in_dist
Lily loved the bear and Sophia Liam .	* bear ( x _ 0 ) ; love . agent ( x _ 1 , Lily ) AND love . theme ( x _ 1 , x _ 0 ) AND love . agent ( x _ 2 , Sophia ) AND love . theme ( x _ 2 , Liam )	elips_gapping_in_dist
The cat ate a boy and the girl Noah .	* cat ( x _ 0 ) ; * girl ( x _ 2 ) ; boy ( x _ 1 ) AND eat . agent ( x _ 3 , x _ 0 ) AND eat . theme ( x _ 3 , x _ 1 ) AND eat . agent ( x _ 4 , x _ 2 ) AND eat . theme ( x _ 4 , Noah )	elips_gapping_in_dist
Emma liked the child and the chicken Nathan .	* child ( x _ 0 ) ; * chicken ( x _ 1 ) ; like . agent ( x _ 2 , Emma ) AND like . theme ( x _ 2 , x _ 0 ) AND like . agent ( x _ 3 , x _ 1 ) AND like . theme ( x _ 3 , Nathan )	elips_gapping_in_dist
Olivia hunted a manager and the girl the baby .	* girl ( x _ 1 ) ; * baby ( x _ 2 ) ; manager ( x _ 0 ) AND hunt . agent ( x _ 3 , Olivia ) AND hunt . theme ( x _ 3 , x _ 0 ) AND hunt . agent ( x _ 4 , x _ 1 ) AND hunt . theme ( x _ 4 , x _ 2 )	elips_gapping_in_dist
The father painted Sophia and Olivia the girl .	* father ( x _ 0 ) ; * girl ( x _ 1 ) ; paint . agent ( x _ 2 , x _ 0 ) AND paint . theme ( x _ 2 , Sophia ) AND paint . agent ( x _ 3 , Olivia ) AND paint . theme ( x _ 3 , x _ 1 )	elips_gapping_in_dist
The baby adored the girl and Emma Noah .	* baby ( x _ 0 ) ; * girl ( x _ 1 ) ; adore . agent ( x _ 2 , x _ 0 ) AND adore . theme ( x _ 2 , x _ 1 ) AND adore . agent ( x _ 3 , Emma ) AND adore . theme ( x _ 3 , Noah )	elips_gapping_in_dist
A bear poked a president and a cat the tiger .	* tiger ( x _ 3 ) ; bear ( x _ 0 ) AND president ( x _ 1 ) AND cat ( x _ 2 ) AND poke . agent ( x _ 4 , x _ 0 ) AND poke . theme ( x _ 4 , x _ 1 ) AND poke . agent ( x _ 5 , x _ 2 ) AND poke . theme ( x _ 5 , x _ 3 )	elips_gapping_in_dist
The girl found Olivia and a boy Liam .	* girl ( x _ 0 ) ; boy ( x _ 1 ) AND find . agent ( x _ 2 , x _ 0 ) AND find . theme ( x _ 2 , Olivia ) AND find . agent ( x _ 3 , x _ 1 ) AND find . theme ( x _ 3 , Liam )	elips_gapping_in_dist
A mouse ate a farmer and a fly a boy .	mouse ( x _ 0 ) AND farmer ( x _ 1 ) AND fly ( x _ 2 ) AND boy ( x _ 3 ) AND eat . agent ( x _ 4 , x _ 0 ) AND eat . theme ( x _ 4 , x _ 1 ) AND eat . agent ( x _ 5 , x _ 2 ) AND eat . theme ( x _ 5 , x _ 3 )	elips_gapping_in_dist
Liam helped Emma and a child Noah .	child ( x _ 0 ) AND help . agent ( x _ 1 , Liam ) AND help . theme ( x _ 1 , Emma ) AND help . agent ( x _ 2 , x _ 0 ) AND help . theme ( x _ 2 , Noah )	elips_gapping_in_dist
A boy liked Emma and William Amelia .	boy ( x _ 0 ) AND like . agent ( x _ 1 , x _ 0 ) AND like . theme ( x _ 1 , Emma ) AND like . agent ( x _ 2 , William ) AND like . theme ( x _ 2 , Amelia )	elips_gapping_in_dist
A manager liked a princess and the monster a teacher .	* monster ( x _ 2 ) ; manager ( x _ 0 ) AND princess ( x _ 1 ) AND teacher ( x _ 3 ) AND like . agent ( x _ 4 , x _ 0 ) AND like . theme ( x _ 4 , x _ 1 ) AND like . agent ( x _ 5 , x _ 2 ) AND like . theme ( x _ 5 , x _ 3 )	elips_gapping_in_dist
Elijah sketched a baby and a fly Brooklyn .	baby ( x _ 0 ) AND fly ( x _ 1 ) AND sketch . agent ( x _ 2 , Elijah ) AND sketch . theme ( x _ 2 , x _ 0 ) AND sketch . agent ( x _ 3 , x _ 1 ) AND sketch . theme ( x _ 3 , Brooklyn )	elips_gapping_in_dist
Emma dusted a girl and the baby a teacher .	* baby ( x _ 1 ) ; girl ( x _ 0 ) AND teacher ( x _ 2 ) AND dust . agent ( x _ 3 , Emma ) AND dust . theme ( x _ 3 , x _ 0 ) AND dust . agent ( x _ 4 , x _ 1 ) AND dust . theme ( x _ 4 , x _ 2 )	elips_gapping_in_dist
The mouse poked a boy and Sophia a hero .	* mouse ( x _ 0 ) ; boy ( x _ 1 ) AND hero ( x _ 2 ) AND poke . agent ( x _ 3 , x _ 0 ) AND poke . theme ( x _ 3 , x _ 1 ) AND poke . agent ( x _ 4 , Sophia ) AND poke . theme ( x _ 4 , x _ 2 )	elips_gapping_in_dist
The host missed the hero and a boy Liam .	* host ( x _ 0 ) ; * hero ( x _ 1 ) ; boy ( x _ 2 ) AND miss . agent ( x _ 3 , x _ 0 ) AND miss . theme ( x _ 3 , x _ 1 ) AND miss . agent ( x _ 4 , x _ 2 ) AND miss . theme ( x _ 4 , Liam )	elips_gapping_in_dist
Andrew dusted Ava and Michael the doctor .	* doctor ( x _ 0 ) ; dust . agent ( x _ 1 , Andrew ) AND dust . theme ( x _ 1 , Ava ) AND dust . agent ( x _ 2 , Michael ) AND dust . theme ( x _ 2 , x _ 0 )	elips_gapping_in_dist
A butterfly liked Emma and a priest the baby .	* baby ( x _ 2 ) ; butterfly ( x _ 0 ) AND priest ( x _ 1 ) AND like . agent ( x _ 3 , x _ 0 ) AND like . theme ( x _ 3 , Emma ) AND like . agent ( x _ 4 , x _ 1 ) AND like . theme ( x _ 4 , x _ 2 )	elips_gapping_in_dist
A girl drew Olivia and a visitor Sophia .	girl ( x _ 0 ) AND visitor ( x _ 1 ) AND draw . agent ( x _ 2 , x _ 0 ) AND draw . theme ( x _ 2 , Olivia ) AND draw . agent ( x _ 3 , x _ 1 ) AND draw . theme ( x _ 3 , Sophia )	elips_gapping_in_dist
Wyatt drew a girl and a boy Emma .	girl ( x _ 0 ) AND boy ( x _ 1 ) AND draw . agent ( x _ 2 , Wyatt ) AND draw . theme ( x _ 2 , x _ 0 ) AND draw . agent ( x _ 3 , x _ 1 ) AND draw . theme ( x _ 3 , Emma )	elips_gapping_in_dist
A lawyer cleaned the girl and Chloe the teacher .	* girl ( x _ 1 ) ; * teacher ( x _ 2 ) ; lawyer ( x _ 0 ) AND clean . agent ( x _ 3 , x _ 0 ) AND clean . theme ( x _ 3 , x _ 1 ) AND clean . agent ( x _ 4 , Chloe ) AND clean . theme ( x _ 4 , x _ 2 )	elips_gapping_in_dist
The champion nursed the girl and Sophia Andrew .	* champion ( x _ 0 ) ; * girl ( x _ 1 ) ; nurse . agent ( x _ 2 , x _ 0 ) AND nurse . theme ( x _ 2 , x _ 1 ) AND nurse . agent ( x _ 3 , Sophia ) AND nurse . theme ( x _ 3 , Andrew )	elips_gapping_in_dist
A cat appreciated Olivia and a girl Sofia .	cat ( x _ 0 ) AND girl ( x _ 1 ) AND appreciate . agent ( x _ 2 , x _ 0 ) AND appreciate . theme ( x _ 2 , Olivia ) AND appreciate . agent ( x _ 3 , x _ 1 ) AND appreciate . theme ( x _ 3 , Sofia )	elips_gapping_in_dist
Emma nursed a lion and Audrey Dylan .	lion ( x _ 0 ) AND nurse . agent ( x _ 1 , Emma ) AND nurse . theme ( x _ 1 , x _ 0 ) AND nurse . agent ( x _ 2 , Audrey ) AND nurse . theme ( x _ 2 , Dylan )	elips_gapping_in_dist
A boy sketched a girl and Jayden Emma .	boy ( x _ 0 ) AND girl ( x _ 1 ) AND sketch . agent ( x _ 2 , x _ 0 ) AND sketch . theme ( x _ 2 , x _ 1 ) AND sketch . agent ( x _ 3 , Jayden ) AND sketch . theme ( x _ 3 , Emma )	elips_gapping_in_dist
Emma cleaned the researcher and James Benjamin .	* researcher ( x _ 0 ) ; clean . agent ( x _ 1 , Emma ) AND clean . theme ( x _ 1 , x _ 0 ) AND clean . agent ( x _ 2 , James ) AND clean . theme ( x _ 2 , Benjamin )	elips_gapping_in_dist
Claire poked Andrew and Emma a boy .	boy ( x _ 0 ) AND poke . agent ( x _ 1 , Claire ) AND poke . theme ( x _ 1 , Andrew ) AND poke . agent ( x _ 2 , Emma ) AND poke . theme ( x _ 2 , x _ 0 )	elips_gapping_in_dist
A tenant ate a cat and a boy a kitty .	tenant ( x _ 0 ) AND cat ( x _ 1 ) AND boy ( x _ 2 ) AND kitty ( x _ 3 ) AND eat . agent ( x _ 4 , x _ 0 ) AND eat . theme ( x _ 4 , x _ 1 ) AND eat . agent ( x _ 5 , x _ 2 ) AND eat . theme ( x _ 5 , x _ 3 )	elips_gapping_in_dist
A guy adored a monster and Daniel Amelia .	guy ( x _ 0 ) AND monster ( x _ 1 ) AND adore . agent ( x _ 2 , x _ 0 ) AND adore . theme ( x _ 2 , x _ 1 ) AND adore . agent ( x _ 3 , Daniel ) AND adore . theme ( x _ 3 , Amelia )	elips_gapping_in_dist
A teacher liked Emma and the cat Logan .	* cat ( x _ 1 ) ; teacher ( x _ 0 ) AND like . agent ( x _ 2 , x _ 0 ) AND like . theme ( x _ 2 , Emma ) AND like . agent ( x _ 3 , x _ 1 ) AND like . theme ( x _ 3 , Logan )	elips_gapping_in_dist
Olivia ate the girl and the monkey the prince .	* girl ( x _ 0 ) ; * monkey ( x _ 1 ) ; * prince ( x _ 2 ) ; eat . agent ( x _ 3 , Olivia ) AND eat . theme ( x _ 3 , x _ 0 ) AND eat . agent ( x _ 4 , x _ 1 ) AND eat . theme ( x _ 4 , x _ 2 )	elips_gapping_in_dist
The boy painted Grace and Mia the tiger .	* boy ( x _ 0 ) ; * tiger ( x _ 1 ) ; paint . agent ( x _ 2 , x _ 0 ) AND paint . theme ( x _ 2 , Grace ) AND paint . agent ( x _ 3 , Mia ) AND paint . theme ( x _ 3 , x _ 1 )	elips_gapping_in_dist
A lion missed a girl and the child Mia .	* child ( x _ 2 ) ; lion ( x _ 0 ) AND girl ( x _ 1 ) AND miss . agent ( x _ 3 , x _ 0 ) AND miss . theme ( x _ 3 , x _ 1 ) AND miss . agent ( x _ 4 , x _ 2 ) AND miss . theme ( x _ 4 , Mia )	elips_gapping_in_dist
Noah helped a dog and Sophia the director .	* director ( x _ 1 ) ; dog ( x _ 0 ) AND help . agent ( x _ 2 , Noah ) AND help . theme ( x _ 2 , x _ 0 ) AND help . agent ( x _ 3 , Sophia ) AND help . theme ( x _ 3 , x _ 1 )	elips_gapping_in_dist
The cat helped the girl and Noah a boy .	* cat ( x _ 0 ) ; * girl ( x _ 1 ) ; boy ( x _ 2 ) AND help . agent ( x _ 3 , x _ 0 ) AND help . theme ( x _ 3 , x _ 1 ) AND help . agent ( x _ 4 , Noah ) AND help . theme ( x _ 4 , x _ 2 )	elips_gapping_in_dist
A consumer liked a child and Olivia the giraffe .	* giraffe ( x _ 2 ) ; consumer ( x _ 0 ) AND child ( x _ 1 ) AND like . agent ( x _ 3 , x _ 0 ) AND like . theme ( x _ 3 , x _ 1 ) AND like . agent ( x _ 4 , Olivia ) AND like . theme ( x _ 4 , x _ 2 )	elips_gapping_in_dist
Isabella nursed the cat and the boy Emma .	* cat ( x _ 0 ) ; * boy ( x _ 1 ) ; nurse . agent ( x _ 2 , Isabella ) AND nurse . theme ( x _ 2 , x _ 0 ) AND nurse . agent ( x _ 3 , x _ 1 ) AND nurse . theme ( x _ 3 , Emma )	elips_gapping_in_dist
James ate Abigail and a cat Victoria .	cat ( x _ 0 ) AND eat . agent ( x _ 1 , James ) AND eat . theme ( x _ 1 , Abigail ) AND eat . agent ( x _ 2 , x _ 0 ) AND eat . theme ( x _ 2 , Victoria )	elips_gapping_in_dist
Noah ate Charlotte and a girl James .	girl ( x _ 0 ) AND eat . agent ( x _ 1 , Noah ) AND eat . theme ( x _ 1 , Charlotte ) AND eat . agent ( x _ 2 , x _ 0 ) AND eat . theme ( x _ 2 , James )	elips_gapping_in_dist
James found Emma and the boy a friend .	* boy ( x _ 0 ) ; friend ( x _ 1 ) AND find . agent ( x _ 2 , James ) AND find . theme ( x _ 2 , Emma ) AND find . agent ( x _ 3 , x _ 0 ) AND find . theme ( x _ 3 , x _ 1 )	elips_gapping_in_dist
A child ate Evelyn and Zoe a girl .	child ( x _ 0 ) AND girl ( x _ 1 ) AND eat . agent ( x _ 2 , x _ 0 ) AND eat . theme ( x _ 2 , Evelyn ) AND eat . agent ( x _ 3 , Zoe ) AND eat . theme ( x _ 3 , x _ 1 )	elips_gapping_in_dist
Noah painted a girl and the child a bunny .	* child ( x _ 1 ) ; girl ( x _ 0 ) AND bunny ( x _ 2 ) AND paint . agent ( x _ 3 , Noah ) AND paint . theme ( x _ 3 , x _ 0 ) AND paint . agent ( x _ 4 , x _ 1 ) AND paint . theme ( x _ 4 , x _ 2 )	elips_gapping_in_dist
Ethan poked the boy and Brooklyn Riley .	* boy ( x _ 0 ) ; poke . agent ( x _ 1 , Ethan ) AND poke . theme ( x _ 1 , x _ 0 ) AND poke . agent ( x _ 2 , Brooklyn ) AND poke . theme ( x _ 2 , Riley )	elips_gapping_in_dist
Emily sketched the patient and a frog Evelyn .	* patient ( x _ 0 ) ; frog ( x _ 1 ) AND sketch . agent ( x _ 2 , Emily ) AND sketch . theme ( x _ 2 , x _ 0 ) AND sketch . agent ( x _ 3 , x _ 1 ) AND sketch . theme ( x _ 3 , Evelyn )	elips_gapping_in_dist
Emma adored Liam and Ava the baby .	* baby ( x _ 0 ) ; adore . agent ( x _ 1 , Emma ) AND adore . theme ( x _ 1 , Liam ) AND adore . agent ( x _ 2 , Ava ) AND adore . theme ( x _ 2 , x _ 0 )	elips_gapping_in_dist
Alexander sketched Liam and William the monster .	* monster ( x _ 0 ) ; sketch . agent ( x _ 1 , Alexander ) AND sketch . theme ( x _ 1 , Liam ) AND sketch . agent ( x _ 2 , William ) AND sketch . theme ( x _ 2 , x _ 0 )	elips_gapping_in_dist
A girl liked the cat and the student Emma .	* cat ( x _ 1 ) ; * student ( x _ 2 ) ; girl ( x _ 0 ) AND like . agent ( x _ 3 , x _ 0 ) AND like . theme ( x _ 3 , x _ 1 ) AND like . agent ( x _ 4 , x _ 2 ) AND like . theme ( x _ 4 , Emma )	elips_gapping_in_dist
A boy found a cow and Liam Lucas .	boy ( x _ 0 ) AND cow ( x _ 1 ) AND find . agent ( x _ 2 , x _ 0 ) AND find . theme ( x _ 2 , x _ 1 ) AND find . agent ( x _ 3 , Liam ) AND find . theme ( x _ 3 , Lucas )	elips_gapping_in_dist
Daniel painted a frog and a servant the cat .	* cat ( x _ 2 ) ; frog ( x _ 0 ) AND servant ( x _ 1 ) AND paint . agent ( x _ 3 , Daniel ) AND paint . theme ( x _ 3 , x _ 0 ) AND paint . agent ( x _ 4 , x _ 1 ) AND paint . theme ( x _ 4 , x _ 2 )	elips_gapping_in_dist
Luna liked a girl and the princess Logan .	* princess ( x _ 1 ) ; girl ( x _ 0 ) AND like . agent ( x _ 2 , Luna ) AND like . theme ( x _ 2 , x _ 0 ) AND like . agent ( x _ 3 , x _ 1 ) AND like . theme ( x _ 3 , Logan )	elips_gapping_in_dist
Bella drew the researcher and Noah a boy .	* researcher ( x _ 0 ) ; boy ( x _ 1 ) AND draw . agent ( x _ 2 , Bella ) AND draw . theme ( x _ 2 , x _ 0 ) AND draw . agent ( x _ 3 , Noah ) AND draw . theme ( x _ 3 , x _ 1 )	elips_gapping_in_dist
Emma respected a girl and William Liam .	girl ( x _ 0 ) AND respect . agent ( x _ 1 , Emma ) AND respect . theme ( x _ 1 , x _ 0 ) AND respect . agent ( x _ 2 , William ) AND respect . theme ( x _ 2 , Liam )	elips_gapping_in_dist
Ella cleaned Olivia and a child Charlotte .	child ( x _ 0 ) AND clean . agent ( x _ 1 , Ella ) AND clean . theme ( x _ 1 , Olivia ) AND clean . agent ( x _ 2 , x _ 0 ) AND clean . theme ( x _ 2 , Charlotte )	elips_gapping_in_dist
A penguin painted the boy and Liam Ava .	* boy ( x _ 1 ) ; penguin ( x _ 0 ) AND paint . agent ( x _ 2 , x _ 0 ) AND paint . theme ( x _ 2 , x _ 1 ) AND paint . agent ( x _ 3 , Liam ) AND paint . theme ( x _ 3 , Ava )	elips_gapping_in_dist
Noah cooked Benjamin and Emma a mouse .	mouse ( x _ 0 ) AND cook . agent ( x _ 1 , Noah ) AND cook . theme ( x _ 1 , Benjamin ) AND cook . agent ( x _ 2 , Emma ) AND cook . theme ( x _ 2 , x _ 0 )	elips_gapping_in_dist
A kid helped James and Emma the lion .	* lion ( x _ 1 ) ; kid ( x _ 0 ) AND help . agent ( x _ 2 , x _ 0 ) AND help . theme ( x _ 2 , James ) AND help . agent ( x _ 3 , Emma ) AND help . theme ( x _ 3 , x _ 1 )	elips_gapping_in_dist
Emma cleaned a girl and the cat Noah .	* cat ( x _ 1 ) ; girl ( x _ 0 ) AND clean . agent ( x _ 2 , Emma ) AND clean . theme ( x _ 2 , x _ 0 ) AND clean . agent ( x _ 3 , x _ 1 ) AND clean . theme ( x _ 3 , Noah )	elips_gapping_in_dist
A journalist liked a producer and the child the dog .	* child ( x _ 2 ) ; * dog ( x _ 3 ) ; journalist ( x _ 0 ) AND producer ( x _ 1 ) AND like . agent ( x _ 4 , x _ 0 ) AND like . theme ( x _ 4 , x _ 1 ) AND like . agent ( x _ 5 , x _ 2 ) AND like . theme ( x _ 5 , x _ 3 )	elips_gapping_in_dist
The bunny found Brooklyn and a dog a chicken .	* bunny ( x _ 0 ) ; dog ( x _ 1 ) AND chicken ( x _ 2 ) AND find . agent ( x _ 3 , x _ 0 ) AND find . theme ( x _ 3 , Brooklyn ) AND find . agent ( x _ 4 , x _ 1 ) AND find . theme ( x _ 4 , x _ 2 )	elips_gapping_in_dist
A girl ate the pupil and Emma Isabella .	* pupil ( x _ 1 ) ; girl ( x _ 0 ) AND eat . agent ( x _ 2 , x _ 0 ) AND eat . theme ( x _ 2 , x _ 1 ) AND eat . agent ( x _ 3 , Emma ) AND eat . theme ( x _ 3 , Isabella )	elips_gapping_in_dist
Ava nursed Liam and the bear Emma .	* bear ( x _ 0 ) ; nurse . agent ( x _ 1 , Ava ) AND nurse . theme ( x _ 1 , Liam ) AND nurse . agent ( x _ 2 , x _ 0 ) AND nurse . theme ( x _ 2 , Emma )	elips_gapping_in_dist
Olivia loved a bunny and the bird the cat .	* bird ( x _ 1 ) ; * cat ( x _ 2 ) ; bunny ( x _ 0 ) AND love . agent ( x _ 3 , Olivia ) AND love . theme ( x _ 3 , x _ 0 ) AND love . agent ( x _ 4 , x _ 1 ) AND love . theme ( x _ 4 , x _ 2 )	elips_gapping_in_dist
A girl helped Owen and Alexander Emma .	girl ( x _ 0 ) AND help . agent ( x _ 1 , x _ 0 ) AND help . theme ( x _ 1 , Owen ) AND help . agent ( x _ 2 , Alexander ) AND help . theme ( x _ 2 , Emma )	elips_gapping_in_dist
The tiger painted a girl and the cat a boy .	* tiger ( x _ 0 ) ; * cat ( x _ 2 ) ; girl ( x _ 1 ) AND boy ( x _ 3 ) AND paint . agent ( x _ 4 , x _ 0 ) AND paint . theme ( x _ 4 , x _ 1 ) AND paint . agent ( x _ 5 , x _ 2 ) AND paint . theme ( x _ 5 , x _ 3 )	elips_gapping_in_dist
Jaxon ate the girl and the cat Emma .	* girl ( x _ 0 ) ; * cat ( x _ 1 ) ; eat . agent ( x _ 2 , Jaxon ) AND eat . theme ( x _ 2 , x _ 0 ) AND eat . agent ( x _ 3 , x _ 1 ) AND eat . theme ( x _ 3 , Emma )	elips_gapping_in_dist
The cat loved Olivia and Liam the kid .	* cat ( x _ 0 ) ; * kid ( x _ 1 ) ; love . agent ( x _ 2 , x _ 0 ) AND love . theme ( x _ 2 , Olivia ) AND love . agent ( x _ 3 , Liam ) AND love . theme ( x _ 3 , x _ 1 )	elips_gapping_in_dist
The child respected the cat and a father the dog .	* child ( x _ 0 ) ; * cat ( x _ 1 ) ; * dog ( x _ 3 ) ; father ( x _ 2 ) AND respect . agent ( x _ 4 , x _ 0 ) AND respect . theme ( x _ 4 , x _ 1 ) AND respect . agent ( x _ 5 , x _ 2 ) AND respect . theme ( x _ 5 , x _ 3 )	elips_gapping_in_dist
Noah painted the monster and James the dog .	* monster ( x _ 0 ) ; * dog ( x _ 1 ) ; paint . agent ( x _ 2 , Noah ) AND paint . theme ( x _ 2 , x _ 0 ) AND paint . agent ( x _ 3 , James ) AND paint . theme ( x _ 3 , x _ 1 )	elips_gapping_in_dist
Liam sketched Olivia and the girl Lily .	* girl ( x _ 0 ) ; sketch . agent ( x _ 1 , Liam ) AND sketch . theme ( x _ 1 , Olivia ) AND sketch . agent ( x _ 2 , x _ 0 ) AND sketch . theme ( x _ 2 , Lily )	elips_gapping_in_dist
Emma ate Mila and Ava Liam .	eat . agent ( x _ 0 , Emma ) AND eat . theme ( x _ 0 , Mila ) AND eat . agent ( x _ 1 , Ava ) AND eat . theme ( x _ 1 , Liam )	elips_gapping_in_dist
Noah ate the girl and Emma Andrew .	* girl ( x _ 0 ) ; eat . agent ( x _ 1 , Noah ) AND eat . theme ( x _ 1 , x _ 0 ) AND eat . agent ( x _ 2 , Emma ) AND eat . theme ( x _ 2 , Andrew )	elips_gapping_in_dist
The baby missed Emma and Leo a child .	* baby ( x _ 0 ) ; child ( x _ 1 ) AND miss . agent ( x _ 2 , x _ 0 ) AND miss . theme ( x _ 2 , Emma ) AND miss . agent ( x _ 3 , Leo ) AND miss . theme ( x _ 3 , x _ 1 )	elips_gapping_in_dist
A baby helped a turtle and a cat Emma .	baby ( x _ 0 ) AND turtle ( x _ 1 ) AND cat ( x _ 2 ) AND help . agent ( x _ 3 , x _ 0 ) AND help . theme ( x _ 3 , x _ 1 ) AND help . agent ( x _ 4 , x _ 2 ) AND help . theme ( x _ 4 , Emma )	elips_gapping_in_dist
Ava ate Olivia and Emma a girl .	girl ( x _ 0 ) AND eat . agent ( x _ 1 , Ava ) AND eat . theme ( x _ 1 , Olivia ) AND eat . agent ( x _ 2 , Emma ) AND eat . theme ( x _ 2 , x _ 0 )	elips_gapping_in_dist
A duck ate Noah and a dog the girl .	* girl ( x _ 2 ) ; duck ( x _ 0 ) AND dog ( x _ 1 ) AND eat . agent ( x _ 3 , x _ 0 ) AND eat . theme ( x _ 3 , Noah ) AND eat . agent ( x _ 4 , x _ 1 ) AND eat . theme ( x _ 4 , x _ 2 )	elips_gapping_in_dist
Liam hunted a bird and Emma a boy .	bird ( x _ 0 ) AND boy ( x _ 1 ) AND hunt . agent ( x _ 2 , Liam ) AND hunt . theme ( x _ 2 , x _ 0 ) AND hunt . agent ( x _ 3 , Emma ) AND hunt . theme ( x _ 3 , x _ 1 )	elips_gapping_in_dist
The pony hunted Olivia and Noah the boy .	* pony ( x _ 0 ) ; * boy ( x _ 1 ) ; hunt . agent ( x _ 2 , x _ 0 ) AND hunt . theme ( x _ 2 , Olivia ) AND hunt . agent ( x _ 3 , Noah ) AND hunt . theme ( x _ 3 , x _ 1 )	elips_gapping_in_dist
A girl hunted Carter and Olivia a servant .	girl ( x _ 0 ) AND servant ( x _ 1 ) AND hunt . agent ( x _ 2 , x _ 0 ) AND hunt . theme ( x _ 2 , Carter ) AND hunt . agent ( x _ 3 , Olivia ) AND hunt . theme ( x _ 3 , x _ 1 )	elips_gapping_in_dist
The girl helped the boy and Liam Emma .	* girl ( x _ 0 ) ; * boy ( x _ 1 ) ; help . agent ( x _ 2 , x _ 0 ) AND help . theme ( x _ 2 , x _ 1 ) AND help . agent ( x _ 3 , Liam ) AND help . theme ( x _ 3 , Emma )	elips_gapping_in_dist
The girl cooked the boy and Logan Liam .	* girl ( x _ 0 ) ; * boy ( x _ 1 ) ; cook . agent ( x _ 2 , x _ 0 ) AND cook . theme ( x _ 2 , x _ 1 ) AND cook . agent ( x _ 3 , Logan ) AND cook . theme ( x _ 3 , Liam )	elips_gapping_in_dist
Noah ate Emma and Mia Amelia .	eat . agent ( x _ 0 , Noah ) AND eat . theme ( x _ 0 , Emma ) AND eat . agent ( x _ 1 , Mia ) AND eat . theme ( x _ 1 , Amelia )	elips_gapping_in_dist
A boy ate a girl and Emma a dog .	boy ( x _ 0 ) AND girl ( x _ 1 ) AND dog ( x _ 2 ) AND eat . agent ( x _ 3 , x _ 0 ) AND eat . theme ( x _ 3 , x _ 1 ) AND eat . agent ( x _ 4 , Emma ) AND eat . theme ( x _ 4 , x _ 2 )	elips_gapping_in_dist
Olivia ate Emma and Scarlett Liam .	eat . agent ( x _ 0 , Olivia ) AND eat . theme ( x _ 0 , Emma ) AND eat . agent ( x _ 1 , Scarlett ) AND eat . theme ( x _ 1 , Liam )	elips_gapping_in_dist
Liam loved the baby and a girl Emma .	* baby ( x _ 0 ) ; girl ( x _ 1 ) AND love . agent ( x _ 2 , Liam ) AND love . theme ( x _ 2 , x _ 0 ) AND love . agent ( x _ 3 , x _ 1 ) AND love . theme ( x _ 3 , Emma )	elips_gapping_in_dist
Olivia nursed Mia and Emma the professor .	* professor ( x _ 0 ) ; nurse . agent ( x _ 1 , Olivia ) AND nurse . theme ( x _ 1 , Mia ) AND nurse . agent ( x _ 2 , Emma ) AND nurse . theme ( x _ 2 , x _ 0 )	elips_gapping_in_dist
The boy appreciated a king and Emma Alexander .	* boy ( x _ 0 ) ; king ( x _ 1 ) AND appreciate . agent ( x _ 2 , x _ 0 ) AND appreciate . theme ( x _ 2 , x _ 1 ) AND appreciate . agent ( x _ 3 , Emma ) AND appreciate . theme ( x _ 3 , Alexander )	elips_gapping_in_dist
The girl painted Ava and Emma Liam .	* girl ( x _ 0 ) ; paint . agent ( x _ 1 , x _ 0 ) AND paint . theme ( x _ 1 , Ava ) AND paint . agent ( x _ 2 , Emma ) AND paint . theme ( x _ 2 , Liam )	elips_gapping_in_dist
Liam hunted a cat and a girl Emma .	cat ( x _ 0 ) AND girl ( x _ 1 ) AND hunt . agent ( x _ 2 , Liam ) AND hunt . theme ( x _ 2 , x _ 0 ) AND hunt . agent ( x _ 3 , x _ 1 ) AND hunt . theme ( x _ 3 , Emma )	elips_gapping_in_dist
Aria nursed Olivia and the cat the father .	* cat ( x _ 0 ) ; * father ( x _ 1 ) ; nurse . agent ( x _ 2 , Aria ) AND nurse . theme ( x _ 2 , Olivia ) AND nurse . agent ( x _ 3 , x _ 0 ) AND nurse . theme ( x _ 3 , x _ 1 )	elips_gapping_in_dist
The mother cooked a teacher and a sheep a dog .	* mother ( x _ 0 ) ; teacher ( x _ 1 ) AND sheep ( x _ 2 ) AND dog ( x _ 3 ) AND cook . agent ( x _ 4 , x _ 0 ) AND cook . theme ( x _ 4 , x _ 1 ) AND cook . agent ( x _ 5 , x _ 2 ) AND cook . theme ( x _ 5 , x _ 3 )	elips_gapping_in_dist
Owen dusted Ellie and a girl Noah .	girl ( x _ 0 ) AND dust . agent ( x _ 1 , Owen ) AND dust . theme ( x _ 1 , Ellie ) AND dust . agent ( x _ 2 , x _ 0 ) AND dust . theme ( x _ 2 , Noah )	elips_gapping_in_dist
Levi adored Emma and the writer Harper .	* writer ( x _ 0 ) ; adore . agent ( x _ 1 , Levi ) AND adore . theme ( x _ 1 , Emma ) AND adore . agent ( x _ 2 , x _ 0 ) AND adore . theme ( x _ 2 , Harper )	elips_gapping_in_dist
A bear liked a boy and Emma the girl .	* girl ( x _ 2 ) ; bear ( x _ 0 ) AND boy ( x _ 1 ) AND like . agent ( x _ 3 , x _ 0 ) AND like . theme ( x _ 3 , x _ 1 ) AND like . agent ( x _ 4 , Emma ) AND like . theme ( x _ 4 , x _ 2 )	elips_gapping_in_dist
Charlotte helped a cat and a frog Emma .	cat ( x _ 0 ) AND frog ( x _ 1 ) AND help . agent ( x _ 2 , Charlotte ) AND help . theme ( x _ 2 , x _ 0 ) AND help . agent ( x _ 3 , x _ 1 ) AND help . theme ( x _ 3 , Emma )	elips_gapping_in_dist
Amelia painted a girl and Sophia the penguin .	* penguin ( x _ 1 ) ; girl ( x _ 0 ) AND paint . agent ( x _ 2 , Amelia ) AND paint . theme ( x _ 2 , x _ 0 ) AND paint . agent ( x _ 3 , Sophia ) AND paint . theme ( x _ 3 , x _ 1 )	elips_gapping_in_dist
Sebastian cooked the girl and a cat Emma .	* girl ( x _ 0 ) ; cat ( x _ 1 ) AND cook . agent ( x _ 2 , Sebastian ) AND cook . theme ( x _ 2 , x _ 0 ) AND cook . agent ( x _ 3 , x _ 1 ) AND cook . theme ( x _ 3 , Emma )	elips_gapping_in_dist
The cat juggled Olivia and Joshua Mia .	* cat ( x _ 0 ) ; juggle . agent ( x _ 1 , x _ 0 ) AND juggle . theme ( x _ 1 , Olivia ) AND juggle . agent ( x _ 2 , Joshua ) AND juggle . theme ( x _ 2 , Mia )	elips_gapping_in_dist
Isabella admired the girl and the dog Olivia .	* girl ( x _ 0 ) ; * dog ( x _ 1 ) ; admire . agent ( x _ 2 , Isabella ) AND admire . theme ( x _ 2 , x _ 0 ) AND admire . agent ( x _ 3 , x _ 1 ) AND admire . theme ( x _ 3 , Olivia )	elips_gapping_in_dist
Lucas liked Sophia and Emma a cat .	cat ( x _ 0 ) AND like . agent ( x _ 1 , Lucas ) AND like . theme ( x _ 1 , Sophia ) AND like . agent ( x _ 2 , Emma ) AND like . theme ( x _ 2 , x _ 0 )	elips_gapping_in_dist
Emma liked a girl and Mia the cat .	* cat ( x _ 1 ) ; girl ( x _ 0 ) AND like . agent ( x _ 2 , Emma ) AND like . theme ( x _ 2 , x _ 0 ) AND like . agent ( x _ 3 , Mia ) AND like . theme ( x _ 3 , x _ 1 )	elips_gapping_in_dist
A boy liked the girl and Olivia a cat .	* girl ( x _ 1 ) ; boy ( x _ 0 ) AND cat ( x _ 2 ) AND like . agent ( x _ 3 , x _ 0 ) AND like . theme ( x _ 3 , x _ 1 ) AND like . agent ( x _ 4 , Olivia ) AND like . theme ( x _ 4 , x _ 2 )	elips_gapping_in_dist
A girl respected Olivia and a frog a turtle .	girl ( x _ 0 ) AND frog ( x _ 1 ) AND turtle ( x _ 2 ) AND respect . agent ( x _ 3 , x _ 0 ) AND respect . theme ( x _ 3 , Olivia ) AND respect . agent ( x _ 4 , x _ 1 ) AND respect . theme ( x _ 4 , x _ 2 )	elips_gapping_in_dist
A cat ate Liam and Theodore Emma .	cat ( x _ 0 ) AND eat . agent ( x _ 1 , x _ 0 ) AND eat . theme ( x _ 1 , Liam ) AND eat . agent ( x _ 2 , Theodore ) AND eat . theme ( x _ 2 , Emma )	elips_gapping_in_dist
Samuel hunted Emma and Lillian Noah .	hunt . agent ( x _ 0 , Samuel ) AND hunt . theme ( x _ 0 , Emma ) AND hunt . agent ( x _ 1 , Lillian ) AND hunt . theme ( x _ 1 , Noah )	elips_gapping_in_dist
The consumer drew Theodore and Grayson Logan .	* consumer ( x _ 0 ) ; draw . agent ( x _ 1 , x _ 0 ) AND draw . theme ( x _ 1 , Theodore ) AND draw . agent ( x _ 2 , Grayson ) AND draw . theme ( x _ 2 , Logan )	elips_gapping_in_dist
Julian ate a girl and the cat Mason .	* cat ( x _ 1 ) ; girl ( x _ 0 ) AND eat . agent ( x _ 2 , Julian ) AND eat . theme ( x _ 2 , x _ 0 ) AND eat . agent ( x _ 3 , x _ 1 ) AND eat . theme ( x _ 3 , Mason )	elips_gapping_in_dist
Noah liked a cat and Emma Matthew .	cat ( x _ 0 ) AND like . agent ( x _ 1 , Noah ) AND like . theme ( x _ 1 , x _ 0 ) AND like . agent ( x _ 2 , Emma ) AND like . theme ( x _ 2 , Matthew )	elips_gapping_in_dist
Michael found Emma and Aiden a kid .	kid ( x _ 0 ) AND find . agent ( x _ 1 , Michael ) AND find . theme ( x _ 1 , Emma ) AND find . agent ( x _ 2 , Aiden ) AND find . theme ( x _ 2 , x _ 0 )	elips_gapping_in_dist
The girl liked a president and Luna a bear .	* girl ( x _ 0 ) ; president ( x _ 1 ) AND bear ( x _ 2 ) AND like . agent ( x _ 3 , x _ 0 ) AND like . theme ( x _ 3 , x _ 1 ) AND like . agent ( x _ 4 , Luna ) AND like . theme ( x _ 4 , x _ 2 )	elips_gapping_in_dist
A frog ate Ava and a bee the pony .	* pony ( x _ 2 ) ; frog ( x _ 0 ) AND bee ( x _ 1 ) AND eat . agent ( x _ 3 , x _ 0 ) AND eat . theme ( x _ 3 , Ava ) AND eat . agent ( x _ 4 , x _ 1 ) AND eat . theme ( x _ 4 , x _ 2 )	elips_gapping_in_dist
A baby liked a boy and Olivia a girl .	baby ( x _ 0 ) AND boy ( x _ 1 ) AND girl ( x _ 2 ) AND like . agent ( x _ 3 , x _ 0 ) AND like . theme ( x _ 3 , x _ 1 ) AND like . agent ( x _ 4 , Olivia ) AND like . theme ( x _ 4 , x _ 2 )	elips_gapping_in_dist
A dog sketched the butterfly and Emma the boy .	* butterfly ( x _ 1 ) ; * boy ( x _ 2 ) ; dog ( x _ 0 ) AND sketch . agent ( x _ 3 , x _ 0 ) AND sketch . theme ( x _ 3 , x _ 1 ) AND sketch . agent ( x _ 4 , Emma ) AND sketch . theme ( x _ 4 , x _ 2 )	elips_gapping_in_dist
Emma ate the girl and James Olivia .	* girl ( x _ 0 ) ; eat . agent ( x _ 1 , Emma ) AND eat . theme ( x _ 1 , x _ 0 ) AND eat . agent ( x _ 2 , James ) AND eat . theme ( x _ 2 , Olivia )	elips_gapping_in_dist
The pig cleaned Lily and Emma a girl .	* pig ( x _ 0 ) ; girl ( x _ 1 ) AND clean . agent ( x _ 2 , x _ 0 ) AND clean . theme ( x _ 2 , Lily ) AND clean . agent ( x _ 3 , Emma ) AND clean . theme ( x _ 3 , x _ 1 )	elips_gapping_in_dist
Aubrey loved Sophia and a dog a girl .	dog ( x _ 0 ) AND girl ( x _ 1 ) AND love . agent ( x _ 2 , Aubrey ) AND love . theme ( x _ 2 , Sophia ) AND love . agent ( x _ 3 , x _ 0 ) AND love . theme ( x _ 3 , x _ 1 )	elips_gapping_in_dist
A girl sketched the fish and a director Olivia .	* fish ( x _ 1 ) ; girl ( x _ 0 ) AND director ( x _ 2 ) AND sketch . agent ( x _ 3 , x _ 0 ) AND sketch . theme ( x _ 3 , x _ 1 ) AND sketch . agent ( x _ 4 , x _ 2 ) AND sketch . theme ( x _ 4 , Olivia )	elips_gapping_in_dist
The baby liked the monkey and a dog the girl .	* baby ( x _ 0 ) ; * monkey ( x _ 1 ) ; * girl ( x _ 3 ) ; dog ( x _ 2 ) AND like . agent ( x _ 4 , x _ 0 ) AND like . theme ( x _ 4 , x _ 1 ) AND like . agent ( x _ 5 , x _ 2 ) AND like . theme ( x _ 5 , x _ 3 )	elips_gapping_in_dist
A child admired a cat and a frog Dylan .	child ( x _ 0 ) AND cat ( x _ 1 ) AND frog ( x _ 2 ) AND admire . agent ( x _ 3 , x _ 0 ) AND admire . theme ( x _ 3 , x _ 1 ) AND admire . agent ( x _ 4 , x _ 2 ) AND admire . theme ( x _ 4 , Dylan )	elips_gapping_in_dist
Liam cleaned Jack and the girl Emma .	* girl ( x _ 0 ) ; clean . agent ( x _ 1 , Liam ) AND clean . theme ( x _ 1 , Jack ) AND clean . agent ( x _ 2 , x _ 0 ) AND clean . theme ( x _ 2 , Emma )	elips_gapping_in_dist
Logan juggled a girl and the boy a child .	* boy ( x _ 1 ) ; girl ( x _ 0 ) AND child ( x _ 2 ) AND juggle . agent ( x _ 3 , Logan ) AND juggle . theme ( x _ 3 , x _ 0 ) AND juggle . agent ( x _ 4 , x _ 1 ) AND juggle . theme ( x _ 4 , x _ 2 )	elips_gapping_in_dist
A boy ate Emma and the child Olivia .	* child ( x _ 1 ) ; boy ( x _ 0 ) AND eat . agent ( x _ 2 , x _ 0 ) AND eat . theme ( x _ 2 , Emma ) AND eat . agent ( x _ 3 , x _ 1 ) AND eat . theme ( x _ 3 , Olivia )	elips_gapping_in_dist
The giraffe liked Scarlett and Ava a dog .	* giraffe ( x _ 0 ) ; dog ( x _ 1 ) AND like . agent ( x _ 2 , x _ 0 ) AND like . theme ( x _ 2 , Scarlett ) AND like . agent ( x _ 3 , Ava ) AND like . theme ( x _ 3 , x _ 1 )	elips_gapping_in_dist
The student helped a baby and Oliver a girl .	* student ( x _ 0 ) ; baby ( x _ 1 ) AND girl ( x _ 2 ) AND help . agent ( x _ 3 , x _ 0 ) AND help . theme ( x _ 3 , x _ 1 ) AND help . agent ( x _ 4 , Oliver ) AND help . theme ( x _ 4 , x _ 2 )	elips_gapping_in_dist
The baby ate the girl and Liam Emma .	* baby ( x _ 0 ) ; * girl ( x _ 1 ) ; eat . agent ( x _ 2 , x _ 0 ) AND eat . theme ( x _ 2 , x _ 1 ) AND eat . agent ( x _ 3 , Liam ) AND eat . theme ( x _ 3 , Emma )	elips_gapping_in_dist
A horse respected Emma and Liam the girl .	* girl ( x _ 1 ) ; horse ( x _ 0 ) AND respect . agent ( x _ 2 , x _ 0 ) AND respect . theme ( x _ 2 , Emma ) AND respect . agent ( x _ 3 , Liam ) AND respect . theme ( x _ 3 , x _ 1 )	elips_gapping_in_dist
The girl found a deer and Olivia Liam .	* girl ( x _ 0 ) ; deer ( x _ 1 ) AND find . agent ( x _ 2 , x _ 0 ) AND find . theme ( x _ 2 , x _ 1 ) AND find . agent ( x _ 3 , Olivia ) AND find . theme ( x _ 3 , Liam )	elips_gapping_in_dist
Leah ate the girl and a child the sheep .	* girl ( x _ 0 ) ; * sheep ( x _ 2 ) ; child ( x _ 1 ) AND eat . agent ( x _ 3 , Leah ) AND eat . theme ( x _ 3 , x _ 0 ) AND eat . agent ( x _ 4 , x _ 1 ) AND eat . theme ( x _ 4 , x _ 2 )	elips_gapping_in_dist
Harper adored a girl and a penguin Sebastian .	girl ( x _ 0 ) AND penguin ( x _ 1 ) AND adore . agent ( x _ 2 , Harper ) AND adore . theme ( x _ 2 , x _ 0 ) AND adore . agent ( x _ 3 , x _ 1 ) AND adore . theme ( x _ 3 , Sebastian )	elips_gapping_in_dist
Noah helped a princess and a chicken Emma .	princess ( x _ 0 ) AND chicken ( x _ 1 ) AND help . agent ( x _ 2 , Noah ) AND help . theme ( x _ 2 , x _ 0 ) AND help . agent ( x _ 3 , x _ 1 ) AND help . theme ( x _ 3 , Emma )	elips_gapping_in_dist
Emma painted a horse and the girl Noah .	* girl ( x _ 1 ) ; horse ( x _ 0 ) AND paint . agent ( x _ 2 , Emma ) AND paint . theme ( x _ 2 , x _ 0 ) AND paint . agent ( x _ 3 , x _ 1 ) AND paint . theme ( x _ 3 , Noah )	elips_gapping_in_dist
Olivia found Alexander and the boy a dog .	* boy ( x _ 0 ) ; dog ( x _ 1 ) AND find . agent ( x _ 2 , Olivia ) AND find . theme ( x _ 2 , Alexander ) AND find . agent ( x _ 3 , x _ 0 ) AND find . theme ( x _ 3 , x _ 1 )	elips_gapping_in_dist
Emma cooked the prince and the mouse William .	* prince ( x _ 0 ) ; * mouse ( x _ 1 ) ; cook . agent ( x _ 2 , Emma ) AND cook . theme ( x _ 2 , x _ 0 ) AND cook . agent ( x _ 3 , x _ 1 ) AND cook . theme ( x _ 3 , William )	elips_gapping_in_dist
Amelia helped the girl and Avery Charlotte .	* girl ( x _ 0 ) ; help . agent ( x _ 1 , Amelia ) AND help . theme ( x _ 1 , x _ 0 ) AND help . agent ( x _ 2 , Avery ) AND help . theme ( x _ 2 , Charlotte )	elips_gapping_in_dist
A chicken ate a bee and the dog the baby .	* dog ( x _ 2 ) ; * baby ( x _ 3 ) ; chicken ( x _ 0 ) AND bee ( x _ 1 ) AND eat . agent ( x _ 4 , x _ 0 ) AND eat . theme ( x _ 4 , x _ 1 ) AND eat . agent ( x _ 5 , x _ 2 ) AND eat . theme ( x _ 5 , x _ 3 )	elips_gapping_in_dist
Nora hunted Emma and Anthony Ava .	hunt . agent ( x _ 0 , Nora ) AND hunt . theme ( x _ 0 , Emma ) AND hunt . agent ( x _ 1 , Anthony ) AND hunt . theme ( x _ 1 , Ava )	elips_gapping_in_dist
The queen liked the boy and the cat a teacher .	* queen ( x _ 0 ) ; * boy ( x _ 1 ) ; * cat ( x _ 2 ) ; teacher ( x _ 3 ) AND like . agent ( x _ 4 , x _ 0 ) AND like . theme ( x _ 4 , x _ 1 ) AND like . agent ( x _ 5 , x _ 2 ) AND like . theme ( x _ 5 , x _ 3 )	elips_gapping_in_dist
Olivia hunted Isabella and the girl Emma .	* girl ( x _ 0 ) ; hunt . agent ( x _ 1 , Olivia ) AND hunt . theme ( x _ 1 , Isabella ) AND hunt . agent ( x _ 2 , x _ 0 ) AND hunt . theme ( x _ 2 , Emma )	elips_gapping_in_dist
The girl drew the teacher and a dog a guest .	* girl ( x _ 0 ) ; * teacher ( x _ 1 ) ; dog ( x _ 2 ) AND guest ( x _ 3 ) AND draw . agent ( x _ 4 , x _ 0 ) AND draw . theme ( x _ 4 , x _ 1 ) AND draw . agent ( x _ 5 , x _ 2 ) AND draw . theme ( x _ 5 , x _ 3 )	elips_gapping_in_dist
A bear poked the girl and a frog Emma .	* girl ( x _ 1 ) ; bear ( x _ 0 ) AND frog ( x _ 2 ) AND poke . agent ( x _ 3 , x _ 0 ) AND poke . theme ( x _ 3 , x _ 1 ) AND poke . agent ( x _ 4 , x _ 2 ) AND poke . theme ( x _ 4 , Emma )	elips_gapping_in_dist
Emma sketched the girl and the scientist Leo .	* girl ( x _ 0 ) ; * scientist ( x _ 1 ) ; sketch . agent ( x _ 2 , Emma ) AND sketch . theme ( x _ 2 , x _ 0 ) AND sketch . agent ( x _ 3 , x _ 1 ) AND sketch . theme ( x _ 3 , Leo )	elips_gapping_in_dist
The girl painted the dog and Zoey Avery .	* girl ( x _ 0 ) ; * dog ( x _ 1 ) ; paint . agent ( x _ 2 , x _ 0 ) AND paint . theme ( x _ 2 , x _ 1 ) AND paint . agent ( x _ 3 , Zoey ) AND paint . theme ( x _ 3 , Avery )	elips_gapping_in_dist
Ava adored the cat and Emma the boy .	* cat ( x _ 0 ) ; * boy ( x _ 1 ) ; adore . agent ( x _ 2 , Ava ) AND adore . theme ( x _ 2 , x _ 0 ) AND adore . agent ( x _ 3 , Emma ) AND adore . theme ( x _ 3 , x _ 1 )	elips_gapping_in_dist
William drew Olivia and the boy a baby .	* boy ( x _ 0 ) ; baby ( x _ 1 ) AND draw . agent ( x _ 2 , William ) AND draw . theme ( x _ 2 , Olivia ) AND draw . agent ( x _ 3 , x _ 0 ) AND draw . theme ( x _ 3 , x _ 1 )	elips_gapping_in_dist
The cat liked Jayden and Emma the girl .	* cat ( x _ 0 ) ; * girl ( x _ 1 ) ; like . agent ( x _ 2 , x _ 0 ) AND like . theme ( x _ 2 , Jayden ) AND like . agent ( x _ 3 , Emma ) AND like . theme ( x _ 3 , x _ 1 )	elips_gapping_in_dist
Emma cleaned Isaac and a teacher a monkey .	teacher ( x _ 0 ) AND monkey ( x _ 1 ) AND clean . agent ( x _ 2 , Emma ) AND clean . theme ( x _ 2 , Isaac ) AND clean . agent ( x _ 3 , x _ 0 ) AND clean . theme ( x _ 3 , x _ 1 )	elips_gapping_in_dist
A baby sketched a butterfly and Emma Levi .	baby ( x _ 0 ) AND butterfly ( x _ 1 ) AND sketch . agent ( x _ 2 , x _ 0 ) AND sketch . theme ( x _ 2 , x _ 1 ) AND sketch . agent ( x _ 3 , Emma ) AND sketch . theme ( x _ 3 , Levi )	elips_gapping_in_dist
Emma helped the baby and Audrey the cat .	* baby ( x _ 0 ) ; * cat ( x _ 1 ) ; help . agent ( x _ 2 , Emma ) AND help . theme ( x _ 2 , x _ 0 ) AND help . agent ( x _ 3 , Audrey ) AND help . theme ( x _ 3 , x _ 1 )	elips_gapping_in_dist
The boy found a cat and Joseph Oliver .	* boy ( x _ 0 ) ; cat ( x _ 1 ) AND find . agent ( x _ 2 , x _ 0 ) AND find . theme ( x _ 2 , x _ 1 ) AND find . agent ( x _ 3 , Joseph ) AND find . theme ( x _ 3 , Oliver )	elips_gapping_in_dist
A teacher drew a captain and a friend Emma .	teacher ( x _ 0 ) AND captain ( x _ 1 ) AND friend ( x _ 2 ) AND draw . agent ( x _ 3 , x _ 0 ) AND draw . theme ( x _ 3 , x _ 1 ) AND draw . agent ( x _ 4 , x _ 2 ) AND draw . theme ( x _ 4 , Emma )	elips_gapping_in_dist
Noah ate a girl and Emma a king .	girl ( x _ 0 ) AND king ( x _ 1 ) AND eat . agent ( x _ 2 , Noah ) AND eat . theme ( x _ 2 , x _ 0 ) AND eat . agent ( x _ 3 , Emma ) AND eat . theme ( x _ 3 , x _ 1 )	elips_gapping_in_dist
A girl cooked a child and the baby Liam .	* baby ( x _ 2 ) ; girl ( x _ 0 ) AND child ( x _ 1 ) AND cook . agent ( x _ 3 , x _ 0 ) AND cook . theme ( x _ 3 , x _ 1 ) AND cook . agent ( x _ 4 , x _ 2 ) AND cook . theme ( x _ 4 , Liam )	elips_gapping_in_dist
Emma dusted the girl and Sebastian Noah .	* girl ( x _ 0 ) ; dust . agent ( x _ 1 , Emma ) AND dust . theme ( x _ 1 , x _ 0 ) AND dust . agent ( x _ 2 , Sebastian ) AND dust . theme ( x _ 2 , Noah )	elips_gapping_in_dist
Sofia ate Amelia and the girl the bear .	* girl ( x _ 0 ) ; * bear ( x _ 1 ) ; eat . agent ( x _ 2 , Sofia ) AND eat . theme ( x _ 2 , Amelia ) AND eat . agent ( x _ 3 , x _ 0 ) AND eat . theme ( x _ 3 , x _ 1 )	elips_gapping_in_dist
A girl respected Charlotte and Emma Ava .	girl ( x _ 0 ) AND respect . agent ( x _ 1 , x _ 0 ) AND respect . theme ( x _ 1 , Charlotte ) AND respect . agent ( x _ 2 , Emma ) AND respect . theme ( x _ 2 , Ava )	elips_gapping_in_dist
Sophia ate John and Carter the girl .	* girl ( x _ 0 ) ; eat . agent ( x _ 1 , Sophia ) AND eat . theme ( x _ 1 , John ) AND eat . agent ( x _ 2 , Carter ) AND eat . theme ( x _ 2 , x _ 0 )	elips_gapping_in_dist
Caleb ate Liam and Lucas a dog .	dog ( x _ 0 ) AND eat . agent ( x _ 1 , Caleb ) AND eat . theme ( x _ 1 , Liam ) AND eat . agent ( x _ 2 , Lucas ) AND eat . theme ( x _ 2 , x _ 0 )	elips_gapping_in_dist
Lucas cooked Isabella and Charlotte Ellie .	cook . agent ( x _ 0 , Lucas ) AND cook . theme ( x _ 0 , Isabella ) AND cook . agent ( x _ 1 , Charlotte ) AND cook . theme ( x _ 1 , Ellie )	elips_gapping_in_dist
The cat adored a teacher and a sheep a girl .	* cat ( x _ 0 ) ; teacher ( x _ 1 ) AND sheep ( x _ 2 ) AND girl ( x _ 3 ) AND adore . agent ( x _ 4 , x _ 0 ) AND adore . theme ( x _ 4 , x _ 1 ) AND adore . agent ( x _ 5 , x _ 2 ) AND adore . theme ( x _ 5 , x _ 3 )	elips_gapping_in_dist
Sofia ate the goose and the bird Olivia .	* goose ( x _ 0 ) ; * bird ( x _ 1 ) ; eat . agent ( x _ 2 , Sofia ) AND eat . theme ( x _ 2 , x _ 0 ) AND eat . agent ( x _ 3 , x _ 1 ) AND eat . theme ( x _ 3 , Olivia )	elips_gapping_in_dist
Skylar helped a dog and a girl the boy .	* boy ( x _ 2 ) ; dog ( x _ 0 ) AND girl ( x _ 1 ) AND help . agent ( x _ 3 , Skylar ) AND help . theme ( x _ 3 , x _ 0 ) AND help . agent ( x _ 4 , x _ 1 ) AND help . theme ( x _ 4 , x _ 2 )	elips_gapping_in_dist
A bunny ate Noah and the sheep James .	* sheep ( x _ 1 ) ; bunny ( x _ 0 ) AND eat . agent ( x _ 2 , x _ 0 ) AND eat . theme ( x _ 2 , Noah ) AND eat . agent ( x _ 3 , x _ 1 ) AND eat . theme ( x _ 3 , James )	elips_gapping_in_dist
Emma sketched Ellie and a boy the dog .	* dog ( x _ 1 ) ; boy ( x _ 0 ) AND sketch . agent ( x _ 2 , Emma ) AND sketch . theme ( x _ 2 , Ellie ) AND sketch . agent ( x _ 3 , x _ 0 ) AND sketch . theme ( x _ 3 , x _ 1 )	elips_gapping_in_dist
Sophia ate Liam and a lion the girl .	* girl ( x _ 1 ) ; lion ( x _ 0 ) AND eat . agent ( x _ 2 , Sophia ) AND eat . theme ( x _ 2 , Liam ) AND eat . agent ( x _ 3 , x _ 0 ) AND eat . theme ( x _ 3 , x _ 1 )	elips_gapping_in_dist
Benjamin painted Emma and Liam a monkey .	monkey ( x _ 0 ) AND paint . agent ( x _ 1 , Benjamin ) AND paint . theme ( x _ 1 , Emma ) AND paint . agent ( x _ 2 , Liam ) AND paint . theme ( x _ 2 , x _ 0 )	elips_gapping_in_dist
Noah ate the frog and the girl Emma .	* frog ( x _ 0 ) ; * girl ( x _ 1 ) ; eat . agent ( x _ 2 , Noah ) AND eat . theme ( x _ 2 , x _ 0 ) AND eat . agent ( x _ 3 , x _ 1 ) AND eat . theme ( x _ 3 , Emma )	elips_gapping_in_dist
Liam ate a writer and the girl a child .	* girl ( x _ 1 ) ; writer ( x _ 0 ) AND child ( x _ 2 ) AND eat . agent ( x _ 3 , Liam ) AND eat . theme ( x _ 3 , x _ 0 ) AND eat . agent ( x _ 4 , x _ 1 ) AND eat . theme ( x _ 4 , x _ 2 )	elips_gapping_in_dist
The girl liked Noah and a dog Ella .	* girl ( x _ 0 ) ; dog ( x _ 1 ) AND like . agent ( x _ 2 , x _ 0 ) AND like . theme ( x _ 2 , Noah ) AND like . agent ( x _ 3 , x _ 1 ) AND like . theme ( x _ 3 , Ella )	elips_gapping_in_dist
A boy respected Jack and Emma Logan .	boy ( x _ 0 ) AND respect . agent ( x _ 1 , x _ 0 ) AND respect . theme ( x _ 1 , Jack ) AND respect . agent ( x _ 2 , Emma ) AND respect . theme ( x _ 2 , Logan )	elips_gapping_in_dist
The cat dusted a visitor and Elijah Mia .	* cat ( x _ 0 ) ; visitor ( x _ 1 ) AND dust . agent ( x _ 2 , x _ 0 ) AND dust . theme ( x _ 2 , x _ 1 ) AND dust . agent ( x _ 3 , Elijah ) AND dust . theme ( x _ 3 , Mia )	elips_gapping_in_dist
A cat loved the kitty and Chloe Riley .	* kitty ( x _ 1 ) ; cat ( x _ 0 ) AND love . agent ( x _ 2 , x _ 0 ) AND love . theme ( x _ 2 , x _ 1 ) AND love . agent ( x _ 3 , Chloe ) AND love . theme ( x _ 3 , Riley )	elips_gapping_in_dist
Liam cooked a cat and Ava a boy .	cat ( x _ 0 ) AND boy ( x _ 1 ) AND cook . agent ( x _ 2 , Liam ) AND cook . theme ( x _ 2 , x _ 0 ) AND cook . agent ( x _ 3 , Ava ) AND cook . theme ( x _ 3 , x _ 1 )	elips_gapping_in_dist
Emma ate James and Olivia Isabella .	eat . agent ( x _ 0 , Emma ) AND eat . theme ( x _ 0 , James ) AND eat . agent ( x _ 1 , Olivia ) AND eat . theme ( x _ 1 , Isabella )	elips_gapping_in_dist
Emma liked the boy and the girl Abigail .	* boy ( x _ 0 ) ; * girl ( x _ 1 ) ; like . agent ( x _ 2 , Emma ) AND like . theme ( x _ 2 , x _ 0 ) AND like . agent ( x _ 3 , x _ 1 ) AND like . theme ( x _ 3 , Abigail )	elips_gapping_in_dist
Harper cleaned Liam and Emma the girl .	* girl ( x _ 0 ) ; clean . agent ( x _ 1 , Harper ) AND clean . theme ( x _ 1 , Liam ) AND clean . agent ( x _ 2 , Emma ) AND clean . theme ( x _ 2 , x _ 0 )	elips_gapping_in_dist
Sophia ate Elizabeth and a dog the bunny .	* bunny ( x _ 1 ) ; dog ( x _ 0 ) AND eat . agent ( x _ 2 , Sophia ) AND eat . theme ( x _ 2 , Elizabeth ) AND eat . agent ( x _ 3 , x _ 0 ) AND eat . theme ( x _ 3 , x _ 1 )	elips_gapping_in_dist
Liam drew Emma and the boy a girl .	* boy ( x _ 0 ) ; girl ( x _ 1 ) AND draw . agent ( x _ 2 , Liam ) AND draw . theme ( x _ 2 , Emma ) AND draw . agent ( x _ 3 , x _ 0 ) AND draw . theme ( x _ 3 , x _ 1 )	elips_gapping_in_dist
The chicken liked William and a dog Ethan .	* chicken ( x _ 0 ) ; dog ( x _ 1 ) AND like . agent ( x _ 2 , x _ 0 ) AND like . theme ( x _ 2 , William ) AND like . agent ( x _ 3 , x _ 1 ) AND like . theme ( x _ 3 , Ethan )	elips_gapping_in_dist
Emma liked the girl and Noah a squirrel .	* girl ( x _ 0 ) ; squirrel ( x _ 1 ) AND like . agent ( x _ 2 , Emma ) AND like . theme ( x _ 2 , x _ 0 ) AND like . agent ( x _ 3 , Noah ) AND like . theme ( x _ 3 , x _ 1 )	elips_gapping_in_dist
The boy liked the sailor and Liam Emma .	* boy ( x _ 0 ) ; * sailor ( x _ 1 ) ; like . agent ( x _ 2 , x _ 0 ) AND like . theme ( x _ 2 , x _ 1 ) AND like . agent ( x _ 3 , Liam ) AND like . theme ( x _ 3 , Emma )	elips_gapping_in_dist
Aiden adored a girl and Mason Liam .	girl ( x _ 0 ) AND adore . agent ( x _ 1 , Aiden ) AND adore . theme ( x _ 1 , x _ 0 ) AND adore . agent ( x _ 2 , Mason ) AND adore . theme ( x _ 2 , Liam )	elips_gapping_in_dist
Olivia liked Emma and Ava a bear .	bear ( x _ 0 ) AND like . agent ( x _ 1 , Olivia ) AND like . theme ( x _ 1 , Emma ) AND like . agent ( x _ 2 , Ava ) AND like . theme ( x _ 2 , x _ 0 )	elips_gapping_in_dist
A passenger liked Natalie and a girl a dog .	passenger ( x _ 0 ) AND girl ( x _ 1 ) AND dog ( x _ 2 ) AND like . agent ( x _ 3 , x _ 0 ) AND like . theme ( x _ 3 , Natalie ) AND like . agent ( x _ 4 , x _ 1 ) AND like . theme ( x _ 4 , x _ 2 )	elips_gapping_in_dist
A horse painted Liam and the boy a child .	* boy ( x _ 1 ) ; horse ( x _ 0 ) AND child ( x _ 2 ) AND paint . agent ( x _ 3 , x _ 0 ) AND paint . theme ( x _ 3 , Liam ) AND paint . agent ( x _ 4 , x _ 1 ) AND paint . theme ( x _ 4 , x _ 2 )	elips_gapping_in_dist
A cow liked a boy and the dog the cat .	* dog ( x _ 2 ) ; * cat ( x _ 3 ) ; cow ( x _ 0 ) AND boy ( x _ 1 ) AND like . agent ( x _ 4 , x _ 0 ) AND like . theme ( x _ 4 , x _ 1 ) AND like . agent ( x _ 5 , x _ 2 ) AND like . theme ( x _ 5 , x _ 3 )	elips_gapping_in_dist
A girl liked Emma and the boy Emily .	* boy ( x _ 1 ) ; girl ( x _ 0 ) AND like . agent ( x _ 2 , x _ 0 ) AND like . theme ( x _ 2 , Emma ) AND like . agent ( x _ 3 , x _ 1 ) AND like . theme ( x _ 3 , Emily )	elips_gapping_in_dist
Emma liked the cat and Daniel Ella .	* cat ( x _ 0 ) ; like . agent ( x _ 1 , Emma ) AND like . theme ( x _ 1 , x _ 0 ) AND like . agent ( x _ 2 , Daniel ) AND like . theme ( x _ 2 , Ella )	elips_gapping_in_dist
Emma cooked a girl and Ava Elijah .	girl ( x _ 0 ) AND cook . agent ( x _ 1 , Emma ) AND cook . theme ( x _ 1 , x _ 0 ) AND cook . agent ( x _ 2 , Ava ) AND cook . theme ( x _ 2 , Elijah )	elips_gapping_in_dist
The professor liked the president and William the citizen .	* professor ( x _ 0 ) ; * president ( x _ 1 ) ; * citizen ( x _ 2 ) ; like . agent ( x _ 3 , x _ 0 ) AND like . theme ( x _ 3 , x _ 1 ) AND like . agent ( x _ 4 , William ) AND like . theme ( x _ 4 , x _ 2 )	elips_gapping_in_dist
Emma loved Liam and a girl Charlotte .	girl ( x _ 0 ) AND love . agent ( x _ 1 , Emma ) AND love . theme ( x _ 1 , Liam ) AND love . agent ( x _ 2 , x _ 0 ) AND love . theme ( x _ 2 , Charlotte )	elips_gapping_in_dist
James painted Sebastian and a girl a professor .	girl ( x _ 0 ) AND professor ( x _ 1 ) AND paint . agent ( x _ 2 , James ) AND paint . theme ( x _ 2 , Sebastian ) AND paint . agent ( x _ 3 , x _ 0 ) AND paint . theme ( x _ 3 , x _ 1 )	elips_gapping_in_dist
A bunny ate Emma and Olivia Riley .	bunny ( x _ 0 ) AND eat . agent ( x _ 1 , x _ 0 ) AND eat . theme ( x _ 1 , Emma ) AND eat . agent ( x _ 2 , Olivia ) AND eat . theme ( x _ 2 , Riley )	elips_gapping_in_dist
Mason painted a teacher and a cat Olivia .	teacher ( x _ 0 ) AND cat ( x _ 1 ) AND paint . agent ( x _ 2 , Mason ) AND paint . theme ( x _ 2 , x _ 0 ) AND paint . agent ( x _ 3 , x _ 1 ) AND paint . theme ( x _ 3 , Olivia )	elips_gapping_in_dist
A pig liked Logan and Alexander Emma .	pig ( x _ 0 ) AND like . agent ( x _ 1 , x _ 0 ) AND like . theme ( x _ 1 , Logan ) AND like . agent ( x _ 2 , Alexander ) AND like . theme ( x _ 2 , Emma )	elips_gapping_in_dist
Olivia painted a girl and William a teacher .	girl ( x _ 0 ) AND teacher ( x _ 1 ) AND paint . agent ( x _ 2 , Olivia ) AND paint . theme ( x _ 2 , x _ 0 ) AND paint . agent ( x _ 3 , William ) AND paint . theme ( x _ 3 , x _ 1 )	elips_gapping_in_dist
A girl sketched Liam and a boy Noah .	girl ( x _ 0 ) AND boy ( x _ 1 ) AND sketch . agent ( x _ 2 , x _ 0 ) AND sketch . theme ( x _ 2 , Liam ) AND sketch . agent ( x _ 3 , x _ 1 ) AND sketch . theme ( x _ 3 , Noah )	elips_gapping_in_dist
Liam drew a spokesman and a girl the frog .	* frog ( x _ 2 ) ; spokesman ( x _ 0 ) AND girl ( x _ 1 ) AND draw . agent ( x _ 3 , Liam ) AND draw . theme ( x _ 3 , x _ 0 ) AND draw . agent ( x _ 4 , x _ 1 ) AND draw . theme ( x _ 4 , x _ 2 )	elips_gapping_in_dist
The farmer ate Emma and Olivia a professor .	* farmer ( x _ 0 ) ; professor ( x _ 1 ) AND eat . agent ( x _ 2 , x _ 0 ) AND eat . theme ( x _ 2 , Emma ) AND eat . agent ( x _ 3 , Olivia ) AND eat . theme ( x _ 3 , x _ 1 )	elips_gapping_in_dist
The wolf ate Emma and a priest a director .	* wolf ( x _ 0 ) ; priest ( x _ 1 ) AND director ( x _ 2 ) AND eat . agent ( x _ 3 , x _ 0 ) AND eat . theme ( x _ 3 , Emma ) AND eat . agent ( x _ 4 , x _ 1 ) AND eat . theme ( x _ 4 , x _ 2 )	elips_gapping_in_dist
A father helped a boy and Gabriel Ella .	father ( x _ 0 ) AND boy ( x _ 1 ) AND help . agent ( x _ 2 , x _ 0 ) AND help . theme ( x _ 2 , x _ 1 ) AND help . agent ( x _ 3 , Gabriel ) AND help . theme ( x _ 3 , Ella )	elips_gapping_in_dist
A dog adored a politician and Liam a boy .	dog ( x _ 0 ) AND politician ( x _ 1 ) AND boy ( x _ 2 ) AND adore . agent ( x _ 3 , x _ 0 ) AND adore . theme ( x _ 3 , x _ 1 ) AND adore . agent ( x _ 4 , Liam ) AND adore . theme ( x _ 4 , x _ 2 )	elips_gapping_in_dist
The baby sketched the girl and the father Emma .	* baby ( x _ 0 ) ; * girl ( x _ 1 ) ; * father ( x _ 2 ) ; sketch . agent ( x _ 3 , x _ 0 ) AND sketch . theme ( x _ 3 , x _ 1 ) AND sketch . agent ( x _ 4 , x _ 2 ) AND sketch . theme ( x _ 4 , Emma )	elips_gapping_in_dist
Mia painted a girl and Sophia Emma .	girl ( x _ 0 ) AND paint . agent ( x _ 1 , Mia ) AND paint . theme ( x _ 1 , x _ 0 ) AND paint . agent ( x _ 2 , Sophia ) AND paint . theme ( x _ 2 , Emma )	elips_gapping_in_dist
A guest cleaned Jacob and the giraffe Noah .	* giraffe ( x _ 1 ) ; guest ( x _ 0 ) AND clean . agent ( x _ 2 , x _ 0 ) AND clean . theme ( x _ 2 , Jacob ) AND clean . agent ( x _ 3 , x _ 1 ) AND clean . theme ( x _ 3 , Noah )	elips_gapping_in_dist
The teacher liked Liam and Olivia David .	* teacher ( x _ 0 ) ; like . agent ( x _ 1 , x _ 0 ) AND like . theme ( x _ 1 , Liam ) AND like . agent ( x _ 2 , Olivia ) AND like . theme ( x _ 2 , David )	elips_gapping_in_dist
The dog drew the passenger and Addison Emma .	* dog ( x _ 0 ) ; * passenger ( x _ 1 ) ; draw . agent ( x _ 2 , x _ 0 ) AND draw . theme ( x _ 2 , x _ 1 ) AND draw . agent ( x _ 3 , Addison ) AND draw . theme ( x _ 3 , Emma )	elips_gapping_in_dist
The duke cooked Daniel and Emma Jacob .	* duke ( x _ 0 ) ; cook . agent ( x _ 1 , x _ 0 ) AND cook . theme ( x _ 1 , Daniel ) AND cook . agent ( x _ 2 , Emma ) AND cook . theme ( x _ 2 , Jacob )	elips_gapping_in_dist
The girl ate Emma and a chicken Amelia .	* girl ( x _ 0 ) ; chicken ( x _ 1 ) AND eat . agent ( x _ 2 , x _ 0 ) AND eat . theme ( x _ 2 , Emma ) AND eat . agent ( x _ 3 , x _ 1 ) AND eat . theme ( x _ 3 , Amelia )	elips_gapping_in_dist
Benjamin liked Emma and a girl Liam .	girl ( x _ 0 ) AND like . agent ( x _ 1 , Benjamin ) AND like . theme ( x _ 1 , Emma ) AND like . agent ( x _ 2 , x _ 0 ) AND like . theme ( x _ 2 , Liam )	elips_gapping_in_dist
Olivia helped a baby and Harper a cat .	baby ( x _ 0 ) AND cat ( x _ 1 ) AND help . agent ( x _ 2 , Olivia ) AND help . theme ( x _ 2 , x _ 0 ) AND help . agent ( x _ 3 , Harper ) AND help . theme ( x _ 3 , x _ 1 )	elips_gapping_in_dist
Ava liked Liam and Isabella Isaac .	like . agent ( x _ 0 , Ava ) AND like . theme ( x _ 0 , Liam ) AND like . agent ( x _ 1 , Isabella ) AND like . theme ( x _ 1 , Isaac )	elips_gapping_in_dist
Lucas nursed the girl and Emma the prince .	* girl ( x _ 0 ) ; * prince ( x _ 1 ) ; nurse . agent ( x _ 2 , Lucas ) AND nurse . theme ( x _ 2 , x _ 0 ) AND nurse . agent ( x _ 3 , Emma ) AND nurse . theme ( x _ 3 , x _ 1 )	elips_gapping_in_dist
Luke painted a boy and the girl Sebastian .	* girl ( x _ 1 ) ; boy ( x _ 0 ) AND paint . agent ( x _ 2 , Luke ) AND paint . theme ( x _ 2 , x _ 0 ) AND paint . agent ( x _ 3 , x _ 1 ) AND paint . theme ( x _ 3 , Sebastian )	elips_gapping_in_dist
A boy helped Emma and Elijah the teacher .	* teacher ( x _ 1 ) ; boy ( x _ 0 ) AND help . agent ( x _ 2 , x _ 0 ) AND help . theme ( x _ 2 , Emma ) AND help . agent ( x _ 3 , Elijah ) AND help . theme ( x _ 3 , x _ 1 )	elips_gapping_in_dist
Madison ate the guest and Olivia a boy .	* guest ( x _ 0 ) ; boy ( x _ 1 ) AND eat . agent ( x _ 2 , Madison ) AND eat . theme ( x _ 2 , x _ 0 ) AND eat . agent ( x _ 3 , Olivia ) AND eat . theme ( x _ 3 , x _ 1 )	elips_gapping_in_dist
The girl painted Isabella and the kitty Zoey .	* girl ( x _ 0 ) ; * kitty ( x _ 1 ) ; paint . agent ( x _ 2 , x _ 0 ) AND paint . theme ( x _ 2 , Isabella ) AND paint . agent ( x _ 3 , x _ 1 ) AND paint . theme ( x _ 3 , Zoey )	elips_gapping_in_dist
Sophia loved Liam and James the mouse .	* mouse ( x _ 0 ) ; love . agent ( x _ 1 , Sophia ) AND love . theme ( x _ 1 , Liam ) AND love . agent ( x _ 2 , James ) AND love . theme ( x _ 2 , x _ 0 )	elips_gapping_in_dist
The cat appreciated the girl and Carter Dylan .	* cat ( x _ 0 ) ; * girl ( x _ 1 ) ; appreciate . agent ( x _ 2 , x _ 0 ) AND appreciate . theme ( x _ 2 , x _ 1 ) AND appreciate . agent ( x _ 3 , Carter ) AND appreciate . theme ( x _ 3 , Dylan )	elips_gapping_in_dist
Olivia hunted the boy and a girl a teacher .	* boy ( x _ 0 ) ; girl ( x _ 1 ) AND teacher ( x _ 2 ) AND hunt . agent ( x _ 3 , Olivia ) AND hunt . theme ( x _ 3 , x _ 0 ) AND hunt . agent ( x _ 4 , x _ 1 ) AND hunt . theme ( x _ 4 , x _ 2 )	elips_gapping_in_dist
Isabella painted Emma and James a queen .	queen ( x _ 0 ) AND paint . agent ( x _ 1 , Isabella ) AND paint . theme ( x _ 1 , Emma ) AND paint . agent ( x _ 2 , James ) AND paint . theme ( x _ 2 , x _ 0 )	elips_gapping_in_dist
Benjamin drew the monkey and the frog Michael .	* monkey ( x _ 0 ) ; * frog ( x _ 1 ) ; draw . agent ( x _ 2 , Benjamin ) AND draw . theme ( x _ 2 , x _ 0 ) AND draw . agent ( x _ 3 , x _ 1 ) AND draw . theme ( x _ 3 , Michael )	elips_gapping_in_dist
Elijah helped Eleanor and Emma the girl .	* girl ( x _ 0 ) ; help . agent ( x _ 1 , Elijah ) AND help . theme ( x _ 1 , Eleanor ) AND help . agent ( x _ 2 , Emma ) AND help . theme ( x _ 2 , x _ 0 )	elips_gapping_in_dist
A tiger helped Emma and the girl a cat .	* girl ( x _ 1 ) ; tiger ( x _ 0 ) AND cat ( x _ 2 ) AND help . agent ( x _ 3 , x _ 0 ) AND help . theme ( x _ 3 , Emma ) AND help . agent ( x _ 4 , x _ 1 ) AND help . theme ( x _ 4 , x _ 2 )	elips_gapping_in_dist
Emma dusted Liam and a cat Grayson .	cat ( x _ 0 ) AND dust . agent ( x _ 1 , Emma ) AND dust . theme ( x _ 1 , Liam ) AND dust . agent ( x _ 2 , x _ 0 ) AND dust . theme ( x _ 2 , Grayson )	elips_gapping_in_dist
The frog juggled Liam and Samuel a girl .	* frog ( x _ 0 ) ; girl ( x _ 1 ) AND juggle . agent ( x _ 2 , x _ 0 ) AND juggle . theme ( x _ 2 , Liam ) AND juggle . agent ( x _ 3 , Samuel ) AND juggle . theme ( x _ 3 , x _ 1 )	elips_gapping_in_dist
Ava liked the poet and Elijah Isabella .	* poet ( x _ 0 ) ; like . agent ( x _ 1 , Ava ) AND like . theme ( x _ 1 , x _ 0 ) AND like . agent ( x _ 2 , Elijah ) AND like . theme ( x _ 2 , Isabella )	elips_gapping_in_dist
A pupil liked Liam and Harper Amelia .	pupil ( x _ 0 ) AND like . agent ( x _ 1 , x _ 0 ) AND like . theme ( x _ 1 , Liam ) AND like . agent ( x _ 2 , Harper ) AND like . theme ( x _ 2 , Amelia )	elips_gapping_in_dist
The bird liked Emma and a boy Harper .	* bird ( x _ 0 ) ; boy ( x _ 1 ) AND like . agent ( x _ 2 , x _ 0 ) AND like . theme ( x _ 2 , Emma ) AND like . agent ( x _ 3 , x _ 1 ) AND like . theme ( x _ 3 , Harper )	elips_gapping_in_dist
A girl helped a boy and Olivia Emma .	girl ( x _ 0 ) AND boy ( x _ 1 ) AND help . agent ( x _ 2 , x _ 0 ) AND help . theme ( x _ 2 , x _ 1 ) AND help . agent ( x _ 3 , Olivia ) AND help . theme ( x _ 3 , Emma )	elips_gapping_in_dist
The boy poked a bunny and Amelia Liam .	* boy ( x _ 0 ) ; bunny ( x _ 1 ) AND poke . agent ( x _ 2 , x _ 0 ) AND poke . theme ( x _ 2 , x _ 1 ) AND poke . agent ( x _ 3 , Amelia ) AND poke . theme ( x _ 3 , Liam )	elips_gapping_in_dist
Emma liked Noah and a deer Olivia .	deer ( x _ 0 ) AND like . agent ( x _ 1 , Emma ) AND like . theme ( x _ 1 , Noah ) AND like . agent ( x _ 2 , x _ 0 ) AND like . theme ( x _ 2 , Olivia )	elips_gapping_in_dist
Lucas liked Sophia and a boy Emma .	boy ( x _ 0 ) AND like . agent ( x _ 1 , Lucas ) AND like . theme ( x _ 1 , Sophia ) AND like . agent ( x _ 2 , x _ 0 ) AND like . theme ( x _ 2 , Emma )	elips_gapping_in_dist
Samuel drew a tourist and the girl Emma .	* girl ( x _ 1 ) ; tourist ( x _ 0 ) AND draw . agent ( x _ 2 , Samuel ) AND draw . theme ( x _ 2 , x _ 0 ) AND draw . agent ( x _ 3 , x _ 1 ) AND draw . theme ( x _ 3 , Emma )	elips_gapping_in_dist
The bear loved Olivia and a girl the cat .	* bear ( x _ 0 ) ; * cat ( x _ 2 ) ; girl ( x _ 1 ) AND love . agent ( x _ 3 , x _ 0 ) AND love . theme ( x _ 3 , Olivia ) AND love . agent ( x _ 4 , x _ 1 ) AND love . theme ( x _ 4 , x _ 2 )	elips_gapping_in_dist
Liam respected the teacher and a scientist Ava .	* teacher ( x _ 0 ) ; scientist ( x _ 1 ) AND respect . agent ( x _ 2 , Liam ) AND respect . theme ( x _ 2 , x _ 0 ) AND respect . agent ( x _ 3 , x _ 1 ) AND respect . theme ( x _ 3 , Ava )	elips_gapping_in_dist
Emma ate Ava and the boy the girl .	* boy ( x _ 0 ) ; * girl ( x _ 1 ) ; eat . agent ( x _ 2 , Emma ) AND eat . theme ( x _ 2 , Ava ) AND eat . agent ( x _ 3 , x _ 0 ) AND eat . theme ( x _ 3 , x _ 1 )	elips_gapping_in_dist
Emma helped the girl and a cat a baby .	* girl ( x _ 0 ) ; cat ( x _ 1 ) AND baby ( x _ 2 ) AND help . agent ( x _ 3 , Emma ) AND help . theme ( x _ 3 , x _ 0 ) AND help . agent ( x _ 4 , x _ 1 ) AND help . theme ( x _ 4 , x _ 2 )	elips_gapping_in_dist
Emma adored the girl and the boy Noah .	* girl ( x _ 0 ) ; * boy ( x _ 1 ) ; adore . agent ( x _ 2 , Emma ) AND adore . theme ( x _ 2 , x _ 0 ) AND adore . agent ( x _ 3 , x _ 1 ) AND adore . theme ( x _ 3 , Noah )	elips_gapping_in_dist
Ava drew Alexander and a passenger Avery .	passenger ( x _ 0 ) AND draw . agent ( x _ 1 , Ava ) AND draw . theme ( x _ 1 , Alexander ) AND draw . agent ( x _ 2 , x _ 0 ) AND draw . theme ( x _ 2 , Avery )	elips_gapping_in_dist
A lamb admired Ellie and Oliver Olivia .	lamb ( x _ 0 ) AND admire . agent ( x _ 1 , x _ 0 ) AND admire . theme ( x _ 1 , Ellie ) AND admire . agent ( x _ 2 , Oliver ) AND admire . theme ( x _ 2 , Olivia )	elips_gapping_in_dist
William appreciated James and Isaac David .	appreciate . agent ( x _ 0 , William ) AND appreciate . theme ( x _ 0 , James ) AND appreciate . agent ( x _ 1 , Isaac ) AND appreciate . theme ( x _ 1 , David )	elips_gapping_in_dist
Natalie painted Liam and Olivia William .	paint . agent ( x _ 0 , Natalie ) AND paint . theme ( x _ 0 , Liam ) AND paint . agent ( x _ 1 , Olivia ) AND paint . theme ( x _ 1 , William )	elips_gapping_in_dist
A boy dusted the child and Aria Isaac .	* child ( x _ 1 ) ; boy ( x _ 0 ) AND dust . agent ( x _ 2 , x _ 0 ) AND dust . theme ( x _ 2 , x _ 1 ) AND dust . agent ( x _ 3 , Aria ) AND dust . theme ( x _ 3 , Isaac )	elips_gapping_in_dist
Emma poked Liam and Isabella the visitor .	* visitor ( x _ 0 ) ; poke . agent ( x _ 1 , Emma ) AND poke . theme ( x _ 1 , Liam ) AND poke . agent ( x _ 2 , Isabella ) AND poke . theme ( x _ 2 , x _ 0 )	elips_gapping_in_dist
Amelia ate a boy and Sophia a girl .	boy ( x _ 0 ) AND girl ( x _ 1 ) AND eat . agent ( x _ 2 , Amelia ) AND eat . theme ( x _ 2 , x _ 0 ) AND eat . agent ( x _ 3 , Sophia ) AND eat . theme ( x _ 3 , x _ 1 )	elips_gapping_in_dist
A writer ate Emma and the girl a boy .	* girl ( x _ 1 ) ; writer ( x _ 0 ) AND boy ( x _ 2 ) AND eat . agent ( x _ 3 , x _ 0 ) AND eat . theme ( x _ 3 , Emma ) AND eat . agent ( x _ 4 , x _ 1 ) AND eat . theme ( x _ 4 , x _ 2 )	elips_gapping_in_dist
The cat hunted Emma and Aiden Jayden .	* cat ( x _ 0 ) ; hunt . agent ( x _ 1 , x _ 0 ) AND hunt . theme ( x _ 1 , Emma ) AND hunt . agent ( x _ 2 , Aiden ) AND hunt . theme ( x _ 2 , Jayden )	elips_gapping_in_dist
William dusted the consumer and the giraffe the girl .	* consumer ( x _ 0 ) ; * giraffe ( x _ 1 ) ; * girl ( x _ 2 ) ; dust . agent ( x _ 3 , William ) AND dust . theme ( x _ 3 , x _ 0 ) AND dust . agent ( x _ 4 , x _ 1 ) AND dust . theme ( x _ 4 , x _ 2 )	elips_gapping_in_dist
The monster cooked Luke and Noah Emma .	* monster ( x _ 0 ) ; cook . agent ( x _ 1 , x _ 0 ) AND cook . theme ( x _ 1 , Luke ) AND cook . agent ( x _ 2 , Noah ) AND cook . theme ( x _ 2 , Emma )	elips_gapping_in_dist
The coach liked the cat and the girl Evelyn .	* coach ( x _ 0 ) ; * cat ( x _ 1 ) ; * girl ( x _ 2 ) ; like . agent ( x _ 3 , x _ 0 ) AND like . theme ( x _ 3 , x _ 1 ) AND like . agent ( x _ 4 , x _ 2 ) AND like . theme ( x _ 4 , Evelyn )	elips_gapping_in_dist
Noah drew the girl and a frog Harper .	* girl ( x _ 0 ) ; frog ( x _ 1 ) AND draw . agent ( x _ 2 , Noah ) AND draw . theme ( x _ 2 , x _ 0 ) AND draw . agent ( x _ 3 , x _ 1 ) AND draw . theme ( x _ 3 , Harper )	elips_gapping_in_dist
Liam adored the bear and the girl a professor .	* bear ( x _ 0 ) ; * girl ( x _ 1 ) ; professor ( x _ 2 ) AND adore . agent ( x _ 3 , Liam ) AND adore . theme ( x _ 3 , x _ 0 ) AND adore . agent ( x _ 4 , x _ 1 ) AND adore . theme ( x _ 4 , x _ 2 )	elips_gapping_in_dist
Jayden liked Noah and the girl Emma .	* girl ( x _ 0 ) ; like . agent ( x _ 1 , Jayden ) AND like . theme ( x _ 1 , Noah ) AND like . agent ( x _ 2 , x _ 0 ) AND like . theme ( x _ 2 , Emma )	elips_gapping_in_dist
A girl respected Camila and Emma a boy .	girl ( x _ 0 ) AND boy ( x _ 1 ) AND respect . agent ( x _ 2 , x _ 0 ) AND respect . theme ( x _ 2 , Camila ) AND respect . agent ( x _ 3 , Emma ) AND respect . theme ( x _ 3 , x _ 1 )	elips_gapping_in_dist
Liam liked a patient and Emma Ava .	patient ( x _ 0 ) AND like . agent ( x _ 1 , Liam ) AND like . theme ( x _ 1 , x _ 0 ) AND like . agent ( x _ 2 , Emma ) AND like . theme ( x _ 2 , Ava )	elips_gapping_in_dist
Ava liked Mila and Liam Emma .	like . agent ( x _ 0 , Ava ) AND like . theme ( x _ 0 , Mila ) AND like . agent ( x _ 1 , Liam ) AND like . theme ( x _ 1 , Emma )	elips_gapping_in_dist
The girl helped James and Ava Caleb .	* girl ( x _ 0 ) ; help . agent ( x _ 1 , x _ 0 ) AND help . theme ( x _ 1 , James ) AND help . agent ( x _ 2 , Ava ) AND help . theme ( x _ 2 , Caleb )	elips_gapping_in_dist
Emma helped Liam and William Abigail .	help . agent ( x _ 0 , Emma ) AND help . theme ( x _ 0 , Liam ) AND help . agent ( x _ 1 , William ) AND help . theme ( x _ 1 , Abigail )	elips_gapping_in_dist
The cat cooked Emma and a squirrel William .	* cat ( x _ 0 ) ; squirrel ( x _ 1 ) AND cook . agent ( x _ 2 , x _ 0 ) AND cook . theme ( x _ 2 , Emma ) AND cook . agent ( x _ 3 , x _ 1 ) AND cook . theme ( x _ 3 , William )	elips_gapping_in_dist
The pig drew a scientist and David Emma .	* pig ( x _ 0 ) ; scientist ( x _ 1 ) AND draw . agent ( x _ 2 , x _ 0 ) AND draw . theme ( x _ 2 , x _ 1 ) AND draw . agent ( x _ 3 , David ) AND draw . theme ( x _ 3 , Emma )	elips_gapping_in_dist
The baby nursed Liam and Amelia Emma .	* baby ( x _ 0 ) ; nurse . agent ( x _ 1 , x _ 0 ) AND nurse . theme ( x _ 1 , Liam ) AND nurse . agent ( x _ 2 , Amelia ) AND nurse . theme ( x _ 2 , Emma )	elips_gapping_in_dist
Noah cleaned the giraffe and Emma a cat .	* giraffe ( x _ 0 ) ; cat ( x _ 1 ) AND clean . agent ( x _ 2 , Noah ) AND clean . theme ( x _ 2 , x _ 0 ) AND clean . agent ( x _ 3 , Emma ) AND clean . theme ( x _ 3 , x _ 1 )	elips_gapping_in_dist
The boy liked James and Noah the cat .	* boy ( x _ 0 ) ; * cat ( x _ 1 ) ; like . agent ( x _ 2 , x _ 0 ) AND like . theme ( x _ 2 , James ) AND like . agent ( x _ 3 , Noah ) AND like . theme ( x _ 3 , x _ 1 )	elips_gapping_in_dist
A baby loved Liam and the girl Joshua .	* girl ( x _ 1 ) ; baby ( x _ 0 ) AND love . agent ( x _ 2 , x _ 0 ) AND love . theme ( x _ 2 , Liam ) AND love . agent ( x _ 3 , x _ 1 ) AND love . theme ( x _ 3 , Joshua )	elips_gapping_in_dist
Olivia helped Noah and Isabella a baby .	baby ( x _ 0 ) AND help . agent ( x _ 1 , Olivia ) AND help . theme ( x _ 1 , Noah ) AND help . agent ( x _ 2 , Isabella ) AND help . theme ( x _ 2 , x _ 0 )	elips_gapping_in_dist
The girl admired Charlotte and Savannah the fly .	* girl ( x _ 0 ) ; * fly ( x _ 1 ) ; admire . agent ( x _ 2 , x _ 0 ) AND admire . theme ( x _ 2 , Charlotte ) AND admire . agent ( x _ 3 , Savannah ) AND admire . theme ( x _ 3 , x _ 1 )	elips_gapping_in_dist
The boy liked the girl and Noah a chicken .	* boy ( x _ 0 ) ; * girl ( x _ 1 ) ; chicken ( x _ 2 ) AND like . agent ( x _ 3 , x _ 0 ) AND like . theme ( x _ 3 , x _ 1 ) AND like . agent ( x _ 4 , Noah ) AND like . theme ( x _ 4 , x _ 2 )	elips_gapping_in_dist
The squirrel liked Olivia and Emma Hannah .	* squirrel ( x _ 0 ) ; like . agent ( x _ 1 , x _ 0 ) AND like . theme ( x _ 1 , Olivia ) AND like . agent ( x _ 2 , Emma ) AND like . theme ( x _ 2 , Hannah )	elips_gapping_in_dist
The student liked a boy and a girl a dog .	* student ( x _ 0 ) ; boy ( x _ 1 ) AND girl ( x _ 2 ) AND dog ( x _ 3 ) AND like . agent ( x _ 4 , x _ 0 ) AND like . theme ( x _ 4 , x _ 1 ) AND like . agent ( x _ 5 , x _ 2 ) AND like . theme ( x _ 5 , x _ 3 )	elips_gapping_in_dist
Liam painted the bird and a princess Charlotte .	* bird ( x _ 0 ) ; princess ( x _ 1 ) AND paint . agent ( x _ 2 , Liam ) AND paint . theme ( x _ 2 , x _ 0 ) AND paint . agent ( x _ 3 , x _ 1 ) AND paint . theme ( x _ 3 , Charlotte )	elips_gapping_in_dist
Emma hunted a child and the chief Noah .	* chief ( x _ 1 ) ; child ( x _ 0 ) AND hunt . agent ( x _ 2 , Emma ) AND hunt . theme ( x _ 2 , x _ 0 ) AND hunt . agent ( x _ 3 , x _ 1 ) AND hunt . theme ( x _ 3 , Noah )	elips_gapping_in_dist
A girl liked Charlotte and Luna Elijah .	girl ( x _ 0 ) AND like . agent ( x _ 1 , x _ 0 ) AND like . theme ( x _ 1 , Charlotte ) AND like . agent ( x _ 2 , Luna ) AND like . theme ( x _ 2 , Elijah )	elips_gapping_in_dist
The girl ate the boy and the child Ava .	* girl ( x _ 0 ) ; * boy ( x _ 1 ) ; * child ( x _ 2 ) ; eat . agent ( x _ 3 , x _ 0 ) AND eat . theme ( x _ 3 , x _ 1 ) AND eat . agent ( x _ 4 , x _ 2 ) AND eat . theme ( x _ 4 , Ava )	elips_gapping_in_dist
A kid ate Elizabeth and Luna the lion .	* lion ( x _ 1 ) ; kid ( x _ 0 ) AND eat . agent ( x _ 2 , x _ 0 ) AND eat . theme ( x _ 2 , Elizabeth ) AND eat . agent ( x _ 3 , Luna ) AND eat . theme ( x _ 3 , x _ 1 )	elips_gapping_in_dist
Julian helped Liam and Olivia a girl .	girl ( x _ 0 ) AND help . agent ( x _ 1 , Julian ) AND help . theme ( x _ 1 , Liam ) AND help . agent ( x _ 2 , Olivia ) AND help . theme ( x _ 2 , x _ 0 )	elips_gapping_in_dist
Emma found Amelia and a girl Liam .	girl ( x _ 0 ) AND find . agent ( x _ 1 , Emma ) AND find . theme ( x _ 1 , Amelia ) AND find . agent ( x _ 2 , x _ 0 ) AND find . theme ( x _ 2 , Liam )	elips_gapping_in_dist
A boy admired Eleanor and a prince Emma .	boy ( x _ 0 ) AND prince ( x _ 1 ) AND admire . agent ( x _ 2 , x _ 0 ) AND admire . theme ( x _ 2 , Eleanor ) AND admire . agent ( x _ 3 , x _ 1 ) AND admire . theme ( x _ 3 , Emma )	elips_gapping_in_dist
Liam hunted a boy and a cat a girl .	boy ( x _ 0 ) AND cat ( x _ 1 ) AND girl ( x _ 2 ) AND hunt . agent ( x _ 3 , Liam ) AND hunt . theme ( x _ 3 , x _ 0 ) AND hunt . agent ( x _ 4 , x _ 1 ) AND hunt . theme ( x _ 4 , x _ 2 )	elips_gapping_in_dist
The frog liked Emma and the sailor Leo .	* frog ( x _ 0 ) ; * sailor ( x _ 1 ) ; like . agent ( x _ 2 , x _ 0 ) AND like . theme ( x _ 2 , Emma ) AND like . agent ( x _ 3 , x _ 1 ) AND like . theme ( x _ 3 , Leo )	elips_gapping_in_dist
A donkey hunted Olivia and Mason Noah .	donkey ( x _ 0 ) AND hunt . agent ( x _ 1 , x _ 0 ) AND hunt . theme ( x _ 1 , Olivia ) AND hunt . agent ( x _ 2 , Mason ) AND hunt . theme ( x _ 2 , Noah )	elips_gapping_in_dist
A writer cleaned the girl and a lawyer the frog .	* girl ( x _ 1 ) ; * frog ( x _ 3 ) ; writer ( x _ 0 ) AND lawyer ( x _ 2 ) AND clean . agent ( x _ 4 , x _ 0 ) AND clean . theme ( x _ 4 , x _ 1 ) AND clean . agent ( x _ 5 , x _ 2 ) AND clean . theme ( x _ 5 , x _ 3 )	elips_gapping_in_dist
The boy respected Emma and a bird Ella .	* boy ( x _ 0 ) ; bird ( x _ 1 ) AND respect . agent ( x _ 2 , x _ 0 ) AND respect . theme ( x _ 2 , Emma ) AND respect . agent ( x _ 3 , x _ 1 ) AND respect . theme ( x _ 3 , Ella )	elips_gapping_in_dist
A pig found a penguin and a boy the dog .	* dog ( x _ 3 ) ; pig ( x _ 0 ) AND penguin ( x _ 1 ) AND boy ( x _ 2 ) AND find . agent ( x _ 4 , x _ 0 ) AND find . theme ( x _ 4 , x _ 1 ) AND find . agent ( x _ 5 , x _ 2 ) AND find . theme ( x _ 5 , x _ 3 )	elips_gapping_in_dist
Jaxon ate the penguin and Audrey Olivia .	* penguin ( x _ 0 ) ; eat . agent ( x _ 1 , Jaxon ) AND eat . theme ( x _ 1 , x _ 0 ) AND eat . agent ( x _ 2 , Audrey ) AND eat . theme ( x _ 2 , Olivia )	elips_gapping_in_dist
The boy ate Emma and Sophia William .	* boy ( x _ 0 ) ; eat . agent ( x _ 1 , x _ 0 ) AND eat . theme ( x _ 1 , Emma ) AND eat . agent ( x _ 2 , Sophia ) AND eat . theme ( x _ 2 , William )	elips_gapping_in_dist
Noah loved the champion and Liam Amelia .	* champion ( x _ 0 ) ; love . agent ( x _ 1 , Noah ) AND love . theme ( x _ 1 , x _ 0 ) AND love . agent ( x _ 2 , Liam ) AND love . theme ( x _ 2 , Amelia )	elips_gapping_in_dist
Logan helped Liam and a child Emma .	child ( x _ 0 ) AND help . agent ( x _ 1 , Logan ) AND help . theme ( x _ 1 , Liam ) AND help . agent ( x _ 2 , x _ 0 ) AND help . theme ( x _ 2 , Emma )	elips_gapping_in_dist
The resident found a king and Liam the frog .	* resident ( x _ 0 ) ; * frog ( x _ 2 ) ; king ( x _ 1 ) AND find . agent ( x _ 3 , x _ 0 ) AND find . theme ( x _ 3 , x _ 1 ) AND find . agent ( x _ 4 , Liam ) AND find . theme ( x _ 4 , x _ 2 )	elips_gapping_in_dist
Liam painted the girl and Emma Andrew .	* girl ( x _ 0 ) ; paint . agent ( x _ 1 , Liam ) AND paint . theme ( x _ 1 , x _ 0 ) AND paint . agent ( x _ 2 , Emma ) AND paint . theme ( x _ 2 , Andrew )	elips_gapping_in_dist
Grace drew the cat and Harper the girl .	* cat ( x _ 0 ) ; * girl ( x _ 1 ) ; draw . agent ( x _ 2 , Grace ) AND draw . theme ( x _ 2 , x _ 0 ) AND draw . agent ( x _ 3 , Harper ) AND draw . theme ( x _ 3 , x _ 1 )	elips_gapping_in_dist
The cat drew the girl and Olivia the boy .	* cat ( x _ 0 ) ; * girl ( x _ 1 ) ; * boy ( x _ 2 ) ; draw . agent ( x _ 3 , x _ 0 ) AND draw . theme ( x _ 3 , x _ 1 ) AND draw . agent ( x _ 4 , Olivia ) AND draw . theme ( x _ 4 , x _ 2 )	elips_gapping_in_dist
A girl liked a pupil and the dog the visitor .	* dog ( x _ 2 ) ; * visitor ( x _ 3 ) ; girl ( x _ 0 ) AND pupil ( x _ 1 ) AND like . agent ( x _ 4 , x _ 0 ) AND like . theme ( x _ 4 , x _ 1 ) AND like . agent ( x _ 5 , x _ 2 ) AND like . theme ( x _ 5 , x _ 3 )	elips_gapping_in_dist
The student ate Emma and Olivia the girl .	* student ( x _ 0 ) ; * girl ( x _ 1 ) ; eat . agent ( x _ 2 , x _ 0 ) AND eat . theme ( x _ 2 , Emma ) AND eat . agent ( x _ 3 , Olivia ) AND eat . theme ( x _ 3 , x _ 1 )	elips_gapping_in_dist
A resident appreciated the girl and the director a lawyer .	* girl ( x _ 1 ) ; * director ( x _ 2 ) ; resident ( x _ 0 ) AND lawyer ( x _ 3 ) AND appreciate . agent ( x _ 4 , x _ 0 ) AND appreciate . theme ( x _ 4 , x _ 1 ) AND appreciate . agent ( x _ 5 , x _ 2 ) AND appreciate . theme ( x _ 5 , x _ 3 )	elips_gapping_in_dist
A girl liked the pony and Ella Emma .	* pony ( x _ 1 ) ; girl ( x _ 0 ) AND like . agent ( x _ 2 , x _ 0 ) AND like . theme ( x _ 2 , x _ 1 ) AND like . agent ( x _ 3 , Ella ) AND like . theme ( x _ 3 , Emma )	elips_gapping_in_dist
A girl poked the turkey and Liam a frog .	* turkey ( x _ 1 ) ; girl ( x _ 0 ) AND frog ( x _ 2 ) AND poke . agent ( x _ 3 , x _ 0 ) AND poke . theme ( x _ 3 , x _ 1 ) AND poke . agent ( x _ 4 , Liam ) AND poke . theme ( x _ 4 , x _ 2 )	elips_gapping_in_dist
A kitty found Emma and a cat the queen .	* queen ( x _ 2 ) ; kitty ( x _ 0 ) AND cat ( x _ 1 ) AND find . agent ( x _ 3 , x _ 0 ) AND find . theme ( x _ 3 , Emma ) AND find . agent ( x _ 4 , x _ 1 ) AND find . theme ( x _ 4 , x _ 2 )	elips_gapping_in_dist
Emma dusted the cat and the girl a boy .	* cat ( x _ 0 ) ; * girl ( x _ 1 ) ; boy ( x _ 2 ) AND dust . agent ( x _ 3 , Emma ) AND dust . theme ( x _ 3 , x _ 0 ) AND dust . agent ( x _ 4 , x _ 1 ) AND dust . theme ( x _ 4 , x _ 2 )	elips_gapping_in_dist
Jackson helped the duck and the monster a girl .	* duck ( x _ 0 ) ; * monster ( x _ 1 ) ; girl ( x _ 2 ) AND help . agent ( x _ 3 , Jackson ) AND help . theme ( x _ 3 , x _ 0 ) AND help . agent ( x _ 4 , x _ 1 ) AND help . theme ( x _ 4 , x _ 2 )	elips_gapping_in_dist
Liam admired William and a girl the cat .	* cat ( x _ 1 ) ; girl ( x _ 0 ) AND admire . agent ( x _ 2 , Liam ) AND admire . theme ( x _ 2 , William ) AND admire . agent ( x _ 3 , x _ 0 ) AND admire . theme ( x _ 3 , x _ 1 )	elips_gapping_in_dist
The girl ate the dealer and Emma the boy .	* girl ( x _ 0 ) ; * dealer ( x _ 1 ) ; * boy ( x _ 2 ) ; eat . agent ( x _ 3 , x _ 0 ) AND eat . theme ( x _ 3 , x _ 1 ) AND eat . agent ( x _ 4 , Emma ) AND eat . theme ( x _ 4 , x _ 2 )	elips_gapping_in_dist
Liam liked Emma and Jack Harper .	like . agent ( x _ 0 , Liam ) AND like . theme ( x _ 0 , Emma ) AND like . agent ( x _ 1 , Jack ) AND like . theme ( x _ 1 , Harper )	elips_gapping_in_dist
A baby ate a patient and Emma the girl .	* girl ( x _ 2 ) ; baby ( x _ 0 ) AND patient ( x _ 1 ) AND eat . agent ( x _ 3 , x _ 0 ) AND eat . theme ( x _ 3 , x _ 1 ) AND eat . agent ( x _ 4 , Emma ) AND eat . theme ( x _ 4 , x _ 2 )	elips_gapping_in_dist
The boy respected Noah and the child Emma .	* boy ( x _ 0 ) ; * child ( x _ 1 ) ; respect . agent ( x _ 2 , x _ 0 ) AND respect . theme ( x _ 2 , Noah ) AND respect . agent ( x _ 3 , x _ 1 ) AND respect . theme ( x _ 3 , Emma )	elips_gapping_in_dist
The cat found Olivia and a butterfly a chicken .	* cat ( x _ 0 ) ; butterfly ( x _ 1 ) AND chicken ( x _ 2 ) AND find . agent ( x _ 3 , x _ 0 ) AND find . theme ( x _ 3 , Olivia ) AND find . agent ( x _ 4 , x _ 1 ) AND find . theme ( x _ 4 , x _ 2 )	elips_gapping_in_dist
A boy painted Alexander and a judge a girl .	boy ( x _ 0 ) AND judge ( x _ 1 ) AND girl ( x _ 2 ) AND paint . agent ( x _ 3 , x _ 0 ) AND paint . theme ( x _ 3 , Alexander ) AND paint . agent ( x _ 4 , x _ 1 ) AND paint . theme ( x _ 4 , x _ 2 )	elips_gapping_in_dist
A girl ate Liam and a patient Elijah .	girl ( x _ 0 ) AND patient ( x _ 1 ) AND eat . agent ( x _ 2 , x _ 0 ) AND eat . theme ( x _ 2 , Liam ) AND eat . agent ( x _ 3 , x _ 1 ) AND eat . theme ( x _ 3 , Elijah )	elips_gapping_in_dist
The girl ate a customer and the pupil Liam .	* girl ( x _ 0 ) ; * pupil ( x _ 2 ) ; customer ( x _ 1 ) AND eat . agent ( x _ 3 , x _ 0 ) AND eat . theme ( x _ 3 , x _ 1 ) AND eat . agent ( x _ 4 , x _ 2 ) AND eat . theme ( x _ 4 , Liam )	elips_gapping_in_dist
Lillian appreciated a girl and Olivia the dog .	* dog ( x _ 1 ) ; girl ( x _ 0 ) AND appreciate . agent ( x _ 2 , Lillian ) AND appreciate . theme ( x _ 2 , x _ 0 ) AND appreciate . agent ( x _ 3 , Olivia ) AND appreciate . theme ( x _ 3 , x _ 1 )	elips_gapping_in_dist
William helped a sailor and Benjamin Noah .	sailor ( x _ 0 ) AND help . agent ( x _ 1 , William ) AND help . theme ( x _ 1 , x _ 0 ) AND help . agent ( x _ 2 , Benjamin ) AND help . theme ( x _ 2 , Noah )	elips_gapping_in_dist
A mouse liked Noah and Emma Liam .	mouse ( x _ 0 ) AND like . agent ( x _ 1 , x _ 0 ) AND like . theme ( x _ 1 , Noah ) AND like . agent ( x _ 2 , Emma ) AND like . theme ( x _ 2 , Liam )	elips_gapping_in_dist
Emma ate Aiden and a girl a pupil .	girl ( x _ 0 ) AND pupil ( x _ 1 ) AND eat . agent ( x _ 2 , Emma ) AND eat . theme ( x _ 2 , Aiden ) AND eat . agent ( x _ 3 , x _ 0 ) AND eat . theme ( x _ 3 , x _ 1 )	elips_gapping_in_dist
Emily painted Emma and the child the frog .	* child ( x _ 0 ) ; * frog ( x _ 1 ) ; paint . agent ( x _ 2 , Emily ) AND paint . theme ( x _ 2 , Emma ) AND paint . agent ( x _ 3 , x _ 0 ) AND paint . theme ( x _ 3 , x _ 1 )	elips_gapping_in_dist
Oliver poked Liam and Isabella a boy .	boy ( x _ 0 ) AND poke . agent ( x _ 1 , Oliver ) AND poke . theme ( x _ 1 , Liam ) AND poke . agent ( x _ 2 , Isabella ) AND poke . theme ( x _ 2 , x _ 0 )	elips_gapping_in_dist
Sofia liked a dog and the girl a child .	* girl ( x _ 1 ) ; dog ( x _ 0 ) AND child ( x _ 2 ) AND like . agent ( x _ 3 , Sofia ) AND like . theme ( x _ 3 , x _ 0 ) AND like . agent ( x _ 4 , x _ 1 ) AND like . theme ( x _ 4 , x _ 2 )	elips_gapping_in_dist
Oliver liked the bunny and the girl Emma .	* bunny ( x _ 0 ) ; * girl ( x _ 1 ) ; like . agent ( x _ 2 , Oliver ) AND like . theme ( x _ 2 , x _ 0 ) AND like . agent ( x _ 3 , x _ 1 ) AND like . theme ( x _ 3 , Emma )	elips_gapping_in_dist
Liam liked Olivia and a girl the prisoner .	* prisoner ( x _ 1 ) ; girl ( x _ 0 ) AND like . agent ( x _ 2 , Liam ) AND like . theme ( x _ 2 , Olivia ) AND like . agent ( x _ 3 , x _ 0 ) AND like . theme ( x _ 3 , x _ 1 )	elips_gapping_in_dist
Liam painted a girl and a bird Emma .	girl ( x _ 0 ) AND bird ( x _ 1 ) AND paint . agent ( x _ 2 , Liam ) AND paint . theme ( x _ 2 , x _ 0 ) AND paint . agent ( x _ 3 , x _ 1 ) AND paint . theme ( x _ 3 , Emma )	elips_gapping_in_dist
The boy painted the girl and Ryan Emma .	* boy ( x _ 0 ) ; * girl ( x _ 1 ) ; paint . agent ( x _ 2 , x _ 0 ) AND paint . theme ( x _ 2 , x _ 1 ) AND paint . agent ( x _ 3 , Ryan ) AND paint . theme ( x _ 3 , Emma )	elips_gapping_in_dist
Emma liked Charlotte and the cat the giraffe .	* cat ( x _ 0 ) ; * giraffe ( x _ 1 ) ; like . agent ( x _ 2 , Emma ) AND like . theme ( x _ 2 , Charlotte ) AND like . agent ( x _ 3 , x _ 0 ) AND like . theme ( x _ 3 , x _ 1 )	elips_gapping_in_dist
Emma liked Benjamin and Ava a girl .	girl ( x _ 0 ) AND like . agent ( x _ 1 , Emma ) AND like . theme ( x _ 1 , Benjamin ) AND like . agent ( x _ 2 , Ava ) AND like . theme ( x _ 2 , x _ 0 )	elips_gapping_in_dist
The baby found Jackson and a dog Emma .	* baby ( x _ 0 ) ; dog ( x _ 1 ) AND find . agent ( x _ 2 , x _ 0 ) AND find . theme ( x _ 2 , Jackson ) AND find . agent ( x _ 3 , x _ 1 ) AND find . theme ( x _ 3 , Emma )	elips_gapping_in_dist
Emma liked the professor and a boy a mouse .	* professor ( x _ 0 ) ; boy ( x _ 1 ) AND mouse ( x _ 2 ) AND like . agent ( x _ 3 , Emma ) AND like . theme ( x _ 3 , x _ 0 ) AND like . agent ( x _ 4 , x _ 1 ) AND like . theme ( x _ 4 , x _ 2 )	elips_gapping_in_dist
A creature loved William and Henry Emma .	creature ( x _ 0 ) AND love . agent ( x _ 1 , x _ 0 ) AND love . theme ( x _ 1 , William ) AND love . agent ( x _ 2 , Henry ) AND love . theme ( x _ 2 , Emma )	elips_gapping_in_dist
Madison helped Emma and Gabriel a chicken .	chicken ( x _ 0 ) AND help . agent ( x _ 1 , Madison ) AND help . theme ( x _ 1 , Emma ) AND help . agent ( x _ 2 , Gabriel ) AND help . theme ( x _ 2 , x _ 0 )	elips_gapping_in_dist
The girl loved a baby and Emma a teacher .	* girl ( x _ 0 ) ; baby ( x _ 1 ) AND teacher ( x _ 2 ) AND love . agent ( x _ 3 , x _ 0 ) AND love . theme ( x _ 3 , x _ 1 ) AND love . agent ( x _ 4 , Emma ) AND love . theme ( x _ 4 , x _ 2 )	elips_gapping_in_dist
The girl poked Mason and a boy Ella .	* girl ( x _ 0 ) ; boy ( x _ 1 ) AND poke . agent ( x _ 2 , x _ 0 ) AND poke . theme ( x _ 2 , Mason ) AND poke . agent ( x _ 3 , x _ 1 ) AND poke . theme ( x _ 3 , Ella )	elips_gapping_in_dist
Emma ate William and the mouse Sophia .	* mouse ( x _ 0 ) ; eat . agent ( x _ 1 , Emma ) AND eat . theme ( x _ 1 , William ) AND eat . agent ( x _ 2 , x _ 0 ) AND eat . theme ( x _ 2 , Sophia )	elips_gapping_in_dist
Mateo ate the bunny and Julian the girl .	* bunny ( x _ 0 ) ; * girl ( x _ 1 ) ; eat . agent ( x _ 2 , Mateo ) AND eat . theme ( x _ 2 , x _ 0 ) AND eat . agent ( x _ 3 , Julian ) AND eat . theme ( x _ 3 , x _ 1 )	elips_gapping_in_dist
Olivia found Emma and a boy Liam .	boy ( x _ 0 ) AND find . agent ( x _ 1 , Olivia ) AND find . theme ( x _ 1 , Emma ) AND find . agent ( x _ 2 , x _ 0 ) AND find . theme ( x _ 2 , Liam )	elips_gapping_in_dist
Emma adored the scientist and William the boy .	* scientist ( x _ 0 ) ; * boy ( x _ 1 ) ; adore . agent ( x _ 2 , Emma ) AND adore . theme ( x _ 2 , x _ 0 ) AND adore . agent ( x _ 3 , William ) AND adore . theme ( x _ 3 , x _ 1 )	elips_gapping_in_dist
A priest respected the dog and a boy a giraffe .	* dog ( x _ 1 ) ; priest ( x _ 0 ) AND boy ( x _ 2 ) AND giraffe ( x _ 3 ) AND respect . agent ( x _ 4 , x _ 0 ) AND respect . theme ( x _ 4 , x _ 1 ) AND respect . agent ( x _ 5 , x _ 2 ) AND respect . theme ( x _ 5 , x _ 3 )	elips_gapping_in_dist
Mia liked Benjamin and a cat the boy .	* boy ( x _ 1 ) ; cat ( x _ 0 ) AND like . agent ( x _ 2 , Mia ) AND like . theme ( x _ 2 , Benjamin ) AND like . agent ( x _ 3 , x _ 0 ) AND like . theme ( x _ 3 , x _ 1 )	elips_gapping_in_dist
Liam helped Daniel and a monkey Olivia .	monkey ( x _ 0 ) AND help . agent ( x _ 1 , Liam ) AND help . theme ( x _ 1 , Daniel ) AND help . agent ( x _ 2 , x _ 0 ) AND help . theme ( x _ 2 , Olivia )	elips_gapping_in_dist
A kitty ate Matthew and a girl Emma .	kitty ( x _ 0 ) AND girl ( x _ 1 ) AND eat . agent ( x _ 2 , x _ 0 ) AND eat . theme ( x _ 2 , Matthew ) AND eat . agent ( x _ 3 , x _ 1 ) AND eat . theme ( x _ 3 , Emma )	elips_gapping_in_dist
Oliver ate a boy and the girl Emma .	* girl ( x _ 1 ) ; boy ( x _ 0 ) AND eat . agent ( x _ 2 , Oliver ) AND eat . theme ( x _ 2 , x _ 0 ) AND eat . agent ( x _ 3 , x _ 1 ) AND eat . theme ( x _ 3 , Emma )	elips_gapping_in_dist
The cat ate a boy and Emma Olivia .	* cat ( x _ 0 ) ; boy ( x _ 1 ) AND eat . agent ( x _ 2 , x _ 0 ) AND eat . theme ( x _ 2 , x _ 1 ) AND eat . agent ( x _ 3 , Emma ) AND eat . theme ( x _ 3 , Olivia )	elips_gapping_in_dist
The girl loved the mouse and the boy the child .	* girl ( x _ 0 ) ; * mouse ( x _ 1 ) ; * boy ( x _ 2 ) ; * child ( x _ 3 ) ; love . agent ( x _ 4 , x _ 0 ) AND love . theme ( x _ 4 , x _ 1 ) AND love . agent ( x _ 5 , x _ 2 ) AND love . theme ( x _ 5 , x _ 3 )	elips_gapping_in_dist
A girl ate the cat and Liam a boy .	* cat ( x _ 1 ) ; girl ( x _ 0 ) AND boy ( x _ 2 ) AND eat . agent ( x _ 3 , x _ 0 ) AND eat . theme ( x _ 3 , x _ 1 ) AND eat . agent ( x _ 4 , Liam ) AND eat . theme ( x _ 4 , x _ 2 )	elips_gapping_in_dist
A baby painted a prince and Emma the governor .	* governor ( x _ 2 ) ; baby ( x _ 0 ) AND prince ( x _ 1 ) AND paint . agent ( x _ 3 , x _ 0 ) AND paint . theme ( x _ 3 , x _ 1 ) AND paint . agent ( x _ 4 , Emma ) AND paint . theme ( x _ 4 , x _ 2 )	elips_gapping_in_dist
Liam found a poet and Emma Noah .	poet ( x _ 0 ) AND find . agent ( x _ 1 , Liam ) AND find . theme ( x _ 1 , x _ 0 ) AND find . agent ( x _ 2 , Emma ) AND find . theme ( x _ 2 , Noah )	elips_gapping_in_dist
A duck poked a child and a teacher Olivia .	duck ( x _ 0 ) AND child ( x _ 1 ) AND teacher ( x _ 2 ) AND poke . agent ( x _ 3 , x _ 0 ) AND poke . theme ( x _ 3 , x _ 1 ) AND poke . agent ( x _ 4 , x _ 2 ) AND poke . theme ( x _ 4 , Olivia )	elips_gapping_in_dist
The boy helped Liam and Emma Ella .	* boy ( x _ 0 ) ; help . agent ( x _ 1 , x _ 0 ) AND help . theme ( x _ 1 , Liam ) AND help . agent ( x _ 2 , Emma ) AND help . theme ( x _ 2 , Ella )	elips_gapping_in_dist
Noah hunted Ella and the girl Olivia .	* girl ( x _ 0 ) ; hunt . agent ( x _ 1 , Noah ) AND hunt . theme ( x _ 1 , Ella ) AND hunt . agent ( x _ 2 , x _ 0 ) AND hunt . theme ( x _ 2 , Olivia )	elips_gapping_in_dist
Lucas liked a cat and Noah Emma .	cat ( x _ 0 ) AND like . agent ( x _ 1 , Lucas ) AND like . theme ( x _ 1 , x _ 0 ) AND like . agent ( x _ 2 , Noah ) AND like . theme ( x _ 2 , Emma )	elips_gapping_in_dist
The zebra helped the bird and a girl Elijah .	* zebra ( x _ 0 ) ; * bird ( x _ 1 ) ; girl ( x _ 2 ) AND help . agent ( x _ 3 , x _ 0 ) AND help . theme ( x _ 3 , x _ 1 ) AND help . agent ( x _ 4 , x _ 2 ) AND help . theme ( x _ 4 , Elijah )	elips_gapping_in_dist
The girl sketched a baby and Emma Olivia .	* girl ( x _ 0 ) ; baby ( x _ 1 ) AND sketch . agent ( x _ 2 , x _ 0 ) AND sketch . theme ( x _ 2 , x _ 1 ) AND sketch . agent ( x _ 3 , Emma ) AND sketch . theme ( x _ 3 , Olivia )	elips_gapping_in_dist
Elizabeth loved Emma and the girl the customer .	* girl ( x _ 0 ) ; * customer ( x _ 1 ) ; love . agent ( x _ 2 , Elizabeth ) AND love . theme ( x _ 2 , Emma ) AND love . agent ( x _ 3 , x _ 0 ) AND love . theme ( x _ 3 , x _ 1 )	elips_gapping_in_dist
The girl hunted a president and Liam a cat .	* girl ( x _ 0 ) ; president ( x _ 1 ) AND cat ( x _ 2 ) AND hunt . agent ( x _ 3 , x _ 0 ) AND hunt . theme ( x _ 3 , x _ 1 ) AND hunt . agent ( x _ 4 , Liam ) AND hunt . theme ( x _ 4 , x _ 2 )	elips_gapping_in_dist
Liam cooked Matthew and a president Emma .	president ( x _ 0 ) AND cook . agent ( x _ 1 , Liam ) AND cook . theme ( x _ 1 , Matthew ) AND cook . agent ( x _ 2 , x _ 0 ) AND cook . theme ( x _ 2 , Emma )	elips_gapping_in_dist
The boy painted Emma and the dog the customer .	* boy ( x _ 0 ) ; * dog ( x _ 1 ) ; * customer ( x _ 2 ) ; paint . agent ( x _ 3 , x _ 0 ) AND paint . theme ( x _ 3 , Emma ) AND paint . agent ( x _ 4 , x _ 1 ) AND paint . theme ( x _ 4 , x _ 2 )	elips_gapping_in_dist
Ava admired a girl and Andrew Matthew .	girl ( x _ 0 ) AND admire . agent ( x _ 1 , Ava ) AND admire . theme ( x _ 1 , x _ 0 ) AND admire . agent ( x _ 2 , Andrew ) AND admire . theme ( x _ 2 , Matthew )	elips_gapping_in_dist
A duck missed Isaac and the girl Olivia .	* girl ( x _ 1 ) ; duck ( x _ 0 ) AND miss . agent ( x _ 2 , x _ 0 ) AND miss . theme ( x _ 2 , Isaac ) AND miss . agent ( x _ 3 , x _ 1 ) AND miss . theme ( x _ 3 , Olivia )	elips_gapping_in_dist
The boy liked Emma and Ava a baby .	* boy ( x _ 0 ) ; baby ( x _ 1 ) AND like . agent ( x _ 2 , x _ 0 ) AND like . theme ( x _ 2 , Emma ) AND like . agent ( x _ 3 , Ava ) AND like . theme ( x _ 3 , x _ 1 )	elips_gapping_in_dist
Liam dusted the dog and the girl Isabella .	* dog ( x _ 0 ) ; * girl ( x _ 1 ) ; dust . agent ( x _ 2 , Liam ) AND dust . theme ( x _ 2 , x _ 0 ) AND dust . agent ( x _ 3 , x _ 1 ) AND dust . theme ( x _ 3 , Isabella )	elips_gapping_in_dist
Jayden ate Anthony and Emma the teacher .	* teacher ( x _ 0 ) ; eat . agent ( x _ 1 , Jayden ) AND eat . theme ( x _ 1 , Anthony ) AND eat . agent ( x _ 2 , Emma ) AND eat . theme ( x _ 2 , x _ 0 )	elips_gapping_in_dist
Zoey painted Elijah and the girl Emma .	* girl ( x _ 0 ) ; paint . agent ( x _ 1 , Zoey ) AND paint . theme ( x _ 1 , Elijah ) AND paint . agent ( x _ 2 , x _ 0 ) AND paint . theme ( x _ 2 , Emma )	elips_gapping_in_dist
Evelyn ate Penelope and Ryan a student .	student ( x _ 0 ) AND eat . agent ( x _ 1 , Evelyn ) AND eat . theme ( x _ 1 , Penelope ) AND eat . agent ( x _ 2 , Ryan ) AND eat . theme ( x _ 2 , x _ 0 )	elips_gapping_in_dist
The dog drew Emma and Noah a spokesman .	* dog ( x _ 0 ) ; spokesman ( x _ 1 ) AND draw . agent ( x _ 2 , x _ 0 ) AND draw . theme ( x _ 2 , Emma ) AND draw . agent ( x _ 3 , Noah ) AND draw . theme ( x _ 3 , x _ 1 )	elips_gapping_in_dist
Isabella ate Olivia and Emma Gabriel .	eat . agent ( x _ 0 , Isabella ) AND eat . theme ( x _ 0 , Olivia ) AND eat . agent ( x _ 1 , Emma ) AND eat . theme ( x _ 1 , Gabriel )	elips_gapping_in_dist
Emma painted the lion and a frog Sophia .	* lion ( x _ 0 ) ; frog ( x _ 1 ) AND paint . agent ( x _ 2 , Emma ) AND paint . theme ( x _ 2 , x _ 0 ) AND paint . agent ( x _ 3 , x _ 1 ) AND paint . theme ( x _ 3 , Sophia )	elips_gapping_in_dist
The princess cleaned a duck and Olivia the pony .	* princess ( x _ 0 ) ; * pony ( x _ 2 ) ; duck ( x _ 1 ) AND clean . agent ( x _ 3 , x _ 0 ) AND clean . theme ( x _ 3 , x _ 1 ) AND clean . agent ( x _ 4 , Olivia ) AND clean . theme ( x _ 4 , x _ 2 )	elips_gapping_in_dist
The girl found the chicken and a dog a wolf .	* girl ( x _ 0 ) ; * chicken ( x _ 1 ) ; dog ( x _ 2 ) AND wolf ( x _ 3 ) AND find . agent ( x _ 4 , x _ 0 ) AND find . theme ( x _ 4 , x _ 1 ) AND find . agent ( x _ 5 , x _ 2 ) AND find . theme ( x _ 5 , x _ 3 )	elips_gapping_in_dist
The boy ate the prisoner and James a coach .	* boy ( x _ 0 ) ; * prisoner ( x _ 1 ) ; coach ( x _ 2 ) AND eat . agent ( x _ 3 , x _ 0 ) AND eat . theme ( x _ 3 , x _ 1 ) AND eat . agent ( x _ 4 , James ) AND eat . theme ( x _ 4 , x _ 2 )	elips_gapping_in_dist
Emma ate the chicken and Amelia Lucas .	* chicken ( x _ 0 ) ; eat . agent ( x _ 1 , Emma ) AND eat . theme ( x _ 1 , x _ 0 ) AND eat . agent ( x _ 2 , Amelia ) AND eat . theme ( x _ 2 , Lucas )	elips_gapping_in_dist
Mia juggled the girl and Emma a monkey .	* girl ( x _ 0 ) ; monkey ( x _ 1 ) AND juggle . agent ( x _ 2 , Mia ) AND juggle . theme ( x _ 2 , x _ 0 ) AND juggle . agent ( x _ 3 , Emma ) AND juggle . theme ( x _ 3 , x _ 1 )	elips_gapping_in_dist
Avery liked Benjamin and Asher the frog .	* frog ( x _ 0 ) ; like . agent ( x _ 1 , Avery ) AND like . theme ( x _ 1 , Benjamin ) AND like . agent ( x _ 2 , Asher ) AND like . theme ( x _ 2 , x _ 0 )	elips_gapping_in_dist
Jack ate a girl and William Emma .	girl ( x _ 0 ) AND eat . agent ( x _ 1 , Jack ) AND eat . theme ( x _ 1 , x _ 0 ) AND eat . agent ( x _ 2 , William ) AND eat . theme ( x _ 2 , Emma )	elips_gapping_in_dist
The baby liked Addison and the girl a boy .	* baby ( x _ 0 ) ; * girl ( x _ 1 ) ; boy ( x _ 2 ) AND like . agent ( x _ 3 , x _ 0 ) AND like . theme ( x _ 3 , Addison ) AND like . agent ( x _ 4 , x _ 1 ) AND like . theme ( x _ 4 , x _ 2 )	elips_gapping_in_dist
The girl painted the bird and a sailor Sophia .	* girl ( x _ 0 ) ; * bird ( x _ 1 ) ; sailor ( x _ 2 ) AND paint . agent ( x _ 3 , x _ 0 ) AND paint . theme ( x _ 3 , x _ 1 ) AND paint . agent ( x _ 4 , x _ 2 ) AND paint . theme ( x _ 4 , Sophia )	elips_gapping_in_dist
Emma loved the baby and a frog Carter .	* baby ( x _ 0 ) ; frog ( x _ 1 ) AND love . agent ( x _ 2 , Emma ) AND love . theme ( x _ 2 , x _ 0 ) AND love . agent ( x _ 3 , x _ 1 ) AND love . theme ( x _ 3 , Carter )	elips_gapping_in_dist
Emma helped the teacher and the frog a girl .	* teacher ( x _ 0 ) ; * frog ( x _ 1 ) ; girl ( x _ 2 ) AND help . agent ( x _ 3 , Emma ) AND help . theme ( x _ 3 , x _ 0 ) AND help . agent ( x _ 4 , x _ 1 ) AND help . theme ( x _ 4 , x _ 2 )	elips_gapping_in_dist
A mouse liked Lucas and Emma a butterfly .	mouse ( x _ 0 ) AND butterfly ( x _ 1 ) AND like . agent ( x _ 2 , x _ 0 ) AND like . theme ( x _ 2 , Lucas ) AND like . agent ( x _ 3 , Emma ) AND like . theme ( x _ 3 , x _ 1 )	elips_gapping_in_dist
Emma liked Liam and the frog a dog .	* frog ( x _ 0 ) ; dog ( x _ 1 ) AND like . agent ( x _ 2 , Emma ) AND like . theme ( x _ 2 , Liam ) AND like . agent ( x _ 3 , x _ 0 ) AND like . theme ( x _ 3 , x _ 1 )	elips_gapping_in_dist
Emma helped Addison and a sheep Jacob .	sheep ( x _ 0 ) AND help . agent ( x _ 1 , Emma ) AND help . theme ( x _ 1 , Addison ) AND help . agent ( x _ 2 , x _ 0 ) AND help . theme ( x _ 2 , Jacob )	elips_gapping_in_dist
Emma helped Noah and Benjamin a monkey .	monkey ( x _ 0 ) AND help . agent ( x _ 1 , Emma ) AND help . theme ( x _ 1 , Noah ) AND help . agent ( x _ 2 , Benjamin ) AND help . theme ( x _ 2 , x _ 0 )	elips_gapping_in_dist
Oliver admired Emma and Amelia a boy .	boy ( x _ 0 ) AND admire . agent ( x _ 1 , Oliver ) AND admire . theme ( x _ 1 , Emma ) AND admire . agent ( x _ 2 , Amelia ) AND admire . theme ( x _ 2 , x _ 0 )	elips_gapping_in_dist
Noah missed a bear and Jacob the butterfly .	* butterfly ( x _ 1 ) ; bear ( x _ 0 ) AND miss . agent ( x _ 2 , Noah ) AND miss . theme ( x _ 2 , x _ 0 ) AND miss . agent ( x _ 3 , Jacob ) AND miss . theme ( x _ 3 , x _ 1 )	elips_gapping_in_dist
Emma sketched a girl and the queen a kitty .	* queen ( x _ 1 ) ; girl ( x _ 0 ) AND kitty ( x _ 2 ) AND sketch . agent ( x _ 3 , Emma ) AND sketch . theme ( x _ 3 , x _ 0 ) AND sketch . agent ( x _ 4 , x _ 1 ) AND sketch . theme ( x _ 4 , x _ 2 )	elips_gapping_in_dist
The boy ate a baby and Aurora the girl .	* boy ( x _ 0 ) ; * girl ( x _ 2 ) ; baby ( x _ 1 ) AND eat . agent ( x _ 3 , x _ 0 ) AND eat . theme ( x _ 3 , x _ 1 ) AND eat . agent ( x _ 4 , Aurora ) AND eat . theme ( x _ 4 , x _ 2 )	elips_gapping_in_dist
The lion liked Harper and a girl the doctor .	* lion ( x _ 0 ) ; * doctor ( x _ 2 ) ; girl ( x _ 1 ) AND like . agent ( x _ 3 , x _ 0 ) AND like . theme ( x _ 3 , Harper ) AND like . agent ( x _ 4 , x _ 1 ) AND like . theme ( x _ 4 , x _ 2 )	elips_gapping_in_dist
Scarlett liked a boy and a bear the lawyer .	* lawyer ( x _ 2 ) ; boy ( x _ 0 ) AND bear ( x _ 1 ) AND like . agent ( x _ 3 , Scarlett ) AND like . theme ( x _ 3 , x _ 0 ) AND like . agent ( x _ 4 , x _ 1 ) AND like . theme ( x _ 4 , x _ 2 )	elips_gapping_in_dist
Emma ate a girl and a sailor Olivia .	girl ( x _ 0 ) AND sailor ( x _ 1 ) AND eat . agent ( x _ 2 , Emma ) AND eat . theme ( x _ 2 , x _ 0 ) AND eat . agent ( x _ 3 , x _ 1 ) AND eat . theme ( x _ 3 , Olivia )	elips_gapping_in_dist
Liam ate a journalist and Evelyn Emma .	journalist ( x _ 0 ) AND eat . agent ( x _ 1 , Liam ) AND eat . theme ( x _ 1 , x _ 0 ) AND eat . agent ( x _ 2 , Evelyn ) AND eat . theme ( x _ 2 , Emma )	elips_gapping_in_dist
A princess ate Emma and James a duck .	princess ( x _ 0 ) AND duck ( x _ 1 ) AND eat . agent ( x _ 2 , x _ 0 ) AND eat . theme ( x _ 2 , Emma ) AND eat . agent ( x _ 3 , James ) AND eat . theme ( x _ 3 , x _ 1 )	elips_gapping_in_dist
A student ate Liam and the teacher a cat .	* teacher ( x _ 1 ) ; student ( x _ 0 ) AND cat ( x _ 2 ) AND eat . agent ( x _ 3 , x _ 0 ) AND eat . theme ( x _ 3 , Liam ) AND eat . agent ( x _ 4 , x _ 1 ) AND eat . theme ( x _ 4 , x _ 2 )	elips_gapping_in_dist
Olivia ate Liam and the cat a customer .	* cat ( x _ 0 ) ; customer ( x _ 1 ) AND eat . agent ( x _ 2 , Olivia ) AND eat . theme ( x _ 2 , Liam ) AND eat . agent ( x _ 3 , x _ 0 ) AND eat . theme ( x _ 3 , x _ 1 )	elips_gapping_in_dist
Jayden found the girl and Benjamin a princess .	* girl ( x _ 0 ) ; princess ( x _ 1 ) AND find . agent ( x _ 2 , Jayden ) AND find . theme ( x _ 2 , x _ 0 ) AND find . agent ( x _ 3 , Benjamin ) AND find . theme ( x _ 3 , x _ 1 )	elips_gapping_in_dist
The king admired a girl and a butterfly Emma .	* king ( x _ 0 ) ; girl ( x _ 1 ) AND butterfly ( x _ 2 ) AND admire . agent ( x _ 3 , x _ 0 ) AND admire . theme ( x _ 3 , x _ 1 ) AND admire . agent ( x _ 4 , x _ 2 ) AND admire . theme ( x _ 4 , Emma )	elips_gapping_in_dist
Sofia admired Liam and a girl a squirrel .	girl ( x _ 0 ) AND squirrel ( x _ 1 ) AND admire . agent ( x _ 2 , Sofia ) AND admire . theme ( x _ 2 , Liam ) AND admire . agent ( x _ 3 , x _ 0 ) AND admire . theme ( x _ 3 , x _ 1 )	elips_gapping_in_dist
Ava found the girl and a patient Isabella .	* girl ( x _ 0 ) ; patient ( x _ 1 ) AND find . agent ( x _ 2 , Ava ) AND find . theme ( x _ 2 , x _ 0 ) AND find . agent ( x _ 3 , x _ 1 ) AND find . theme ( x _ 3 , Isabella )	elips_gapping_in_dist
Jaxon nursed Emma and the girl Elijah .	* girl ( x _ 0 ) ; nurse . agent ( x _ 1 , Jaxon ) AND nurse . theme ( x _ 1 , Emma ) AND nurse . agent ( x _ 2 , x _ 0 ) AND nurse . theme ( x _ 2 , Elijah )	elips_gapping_in_dist
The girl liked the boy and Emma a manager .	* girl ( x _ 0 ) ; * boy ( x _ 1 ) ; manager ( x _ 2 ) AND like . agent ( x _ 3 , x _ 0 ) AND like . theme ( x _ 3 , x _ 1 ) AND like . agent ( x _ 4 , Emma ) AND like . theme ( x _ 4 , x _ 2 )	elips_gapping_in_dist
Elizabeth painted Matthew and Isabella Liam .	paint . agent ( x _ 0 , Elizabeth ) AND paint . theme ( x _ 0 , Matthew ) AND paint . agent ( x _ 1 , Isabella ) AND paint . theme ( x _ 1 , Liam )	elips_gapping_in_dist
The boy juggled the baby and Liam the monkey .	* boy ( x _ 0 ) ; * baby ( x _ 1 ) ; * monkey ( x _ 2 ) ; juggle . agent ( x _ 3 , x _ 0 ) AND juggle . theme ( x _ 3 , x _ 1 ) AND juggle . agent ( x _ 4 , Liam ) AND juggle . theme ( x _ 4 , x _ 2 )	elips_gapping_in_dist
A girl found Olivia and Emma the child .	* child ( x _ 1 ) ; girl ( x _ 0 ) AND find . agent ( x _ 2 , x _ 0 ) AND find . theme ( x _ 2 , Olivia ) AND find . agent ( x _ 3 , Emma ) AND find . theme ( x _ 3 , x _ 1 )	elips_gapping_in_dist
A customer ate the cat and the girl a donkey .	* cat ( x _ 1 ) ; * girl ( x _ 2 ) ; customer ( x _ 0 ) AND donkey ( x _ 3 ) AND eat . agent ( x _ 4 , x _ 0 ) AND eat . theme ( x _ 4 , x _ 1 ) AND eat . agent ( x _ 5 , x _ 2 ) AND eat . theme ( x _ 5 , x _ 3 )	elips_gapping_in_dist
The chicken helped Liam and the girl Isabella .	* chicken ( x _ 0 ) ; * girl ( x _ 1 ) ; help . agent ( x _ 2 , x _ 0 ) AND help . theme ( x _ 2 , Liam ) AND help . agent ( x _ 3 , x _ 1 ) AND help . theme ( x _ 3 , Isabella )	elips_gapping_in_dist
The boy ate the girl and a butterfly Oliver .	* boy ( x _ 0 ) ; * girl ( x _ 1 ) ; butterfly ( x _ 2 ) AND eat . agent ( x _ 3 , x _ 0 ) AND eat . theme ( x _ 3 , x _ 1 ) AND eat . agent ( x _ 4 , x _ 2 ) AND eat . theme ( x _ 4 , Oliver )	elips_gapping_in_dist
A hero cleaned the kid and Olivia the girl .	* kid ( x _ 1 ) ; * girl ( x _ 2 ) ; hero ( x _ 0 ) AND clean . agent ( x _ 3 , x _ 0 ) AND clean . theme ( x _ 3 , x _ 1 ) AND clean . agent ( x _ 4 , Olivia ) AND clean . theme ( x _ 4 , x _ 2 )	elips_gapping_in_dist
Emma missed the cat and Liam Olivia .	* cat ( x _ 0 ) ; miss . agent ( x _ 1 , Emma ) AND miss . theme ( x _ 1 , x _ 0 ) AND miss . agent ( x _ 2 , Liam ) AND miss . theme ( x _ 2 , Olivia )	elips_gapping_in_dist
Olivia ate Emma and a cat the girl .	* girl ( x _ 1 ) ; cat ( x _ 0 ) AND eat . agent ( x _ 2 , Olivia ) AND eat . theme ( x _ 2 , Emma ) AND eat . agent ( x _ 3 , x _ 0 ) AND eat . theme ( x _ 3 , x _ 1 )	elips_gapping_in_dist
A king liked Liam and a bear the kitty .	* kitty ( x _ 2 ) ; king ( x _ 0 ) AND bear ( x _ 1 ) AND like . agent ( x _ 3 , x _ 0 ) AND like . theme ( x _ 3 , Liam ) AND like . agent ( x _ 4 , x _ 1 ) AND like . theme ( x _ 4 , x _ 2 )	elips_gapping_in_dist
The boy helped Emma and the kid a girl .	* boy ( x _ 0 ) ; * kid ( x _ 1 ) ; girl ( x _ 2 ) AND help . agent ( x _ 3 , x _ 0 ) AND help . theme ( x _ 3 , Emma ) AND help . agent ( x _ 4 , x _ 1 ) AND help . theme ( x _ 4 , x _ 2 )	elips_gapping_in_dist
Emma loved Abigail and Olivia the boy .	* boy ( x _ 0 ) ; love . agent ( x _ 1 , Emma ) AND love . theme ( x _ 1 , Abigail ) AND love . agent ( x _ 2 , Olivia ) AND love . theme ( x _ 2 , x _ 0 )	elips_gapping_in_dist
Emma ate Liam and the president Ella .	* president ( x _ 0 ) ; eat . agent ( x _ 1 , Emma ) AND eat . theme ( x _ 1 , Liam ) AND eat . agent ( x _ 2 , x _ 0 ) AND eat . theme ( x _ 2 , Ella )	elips_gapping_in_dist
Emma cleaned Ava and the girl Aubrey .	* girl ( x _ 0 ) ; clean . agent ( x _ 1 , Emma ) AND clean . theme ( x _ 1 , Ava ) AND clean . agent ( x _ 2 , x _ 0 ) AND clean . theme ( x _ 2 , Aubrey )	elips_gapping_in_dist
The dog ate the giraffe and a customer Liam .	* dog ( x _ 0 ) ; * giraffe ( x _ 1 ) ; customer ( x _ 2 ) AND eat . agent ( x _ 3 , x _ 0 ) AND eat . theme ( x _ 3 , x _ 1 ) AND eat . agent ( x _ 4 , x _ 2 ) AND eat . theme ( x _ 4 , Liam )	elips_gapping_in_dist
Emma helped a girl and the manager Noah .	* manager ( x _ 1 ) ; girl ( x _ 0 ) AND help . agent ( x _ 2 , Emma ) AND help . theme ( x _ 2 , x _ 0 ) AND help . agent ( x _ 3 , x _ 1 ) AND help . theme ( x _ 3 , Noah )	elips_gapping_in_dist
William helped a girl and a bunny Emma .	girl ( x _ 0 ) AND bunny ( x _ 1 ) AND help . agent ( x _ 2 , William ) AND help . theme ( x _ 2 , x _ 0 ) AND help . agent ( x _ 3 , x _ 1 ) AND help . theme ( x _ 3 , Emma )	elips_gapping_in_dist
A girl helped a child and the bee Emma .	* bee ( x _ 2 ) ; girl ( x _ 0 ) AND child ( x _ 1 ) AND help . agent ( x _ 3 , x _ 0 ) AND help . theme ( x _ 3 , x _ 1 ) AND help . agent ( x _ 4 , x _ 2 ) AND help . theme ( x _ 4 , Emma )	elips_gapping_in_dist
A crocodile liked Olivia and Emma Mila .	crocodile ( x _ 0 ) AND like . agent ( x _ 1 , x _ 0 ) AND like . theme ( x _ 1 , Olivia ) AND like . agent ( x _ 2 , Emma ) AND like . theme ( x _ 2 , Mila )	elips_gapping_in_dist
Olivia ate a judge and Emma a girl .	judge ( x _ 0 ) AND girl ( x _ 1 ) AND eat . agent ( x _ 2 , Olivia ) AND eat . theme ( x _ 2 , x _ 0 ) AND eat . agent ( x _ 3 , Emma ) AND eat . theme ( x _ 3 , x _ 1 )	elips_gapping_in_dist
James ate a professor and Charlotte Olivia .	professor ( x _ 0 ) AND eat . agent ( x _ 1 , James ) AND eat . theme ( x _ 1 , x _ 0 ) AND eat . agent ( x _ 2 , Charlotte ) AND eat . theme ( x _ 2 , Olivia )	elips_gapping_in_dist
Emma cooked the child and Liam the girl .	* child ( x _ 0 ) ; * girl ( x _ 1 ) ; cook . agent ( x _ 2 , Emma ) AND cook . theme ( x _ 2 , x _ 0 ) AND cook . agent ( x _ 3 , Liam ) AND cook . theme ( x _ 3 , x _ 1 )	elips_gapping_in_dist
The boy liked Skylar and Emma Jayden .	* boy ( x _ 0 ) ; like . agent ( x _ 1 , x _ 0 ) AND like . theme ( x _ 1 , Skylar ) AND like . agent ( x _ 2 , Emma ) AND like . theme ( x _ 2 , Jayden )	elips_gapping_in_dist
Emma hunted the cat and Avery Ava .	* cat ( x _ 0 ) ; hunt . agent ( x _ 1 , Emma ) AND hunt . theme ( x _ 1 , x _ 0 ) AND hunt . agent ( x _ 2 , Avery ) AND hunt . theme ( x _ 2 , Ava )	elips_gapping_in_dist
A boy appreciated Sebastian and Liam Emma .	boy ( x _ 0 ) AND appreciate . agent ( x _ 1 , x _ 0 ) AND appreciate . theme ( x _ 1 , Sebastian ) AND appreciate . agent ( x _ 2 , Liam ) AND appreciate . theme ( x _ 2 , Emma )	elips_gapping_in_dist
The professor ate the girl and Zoe a monkey .	* professor ( x _ 0 ) ; * girl ( x _ 1 ) ; monkey ( x _ 2 ) AND eat . agent ( x _ 3 , x _ 0 ) AND eat . theme ( x _ 3 , x _ 1 ) AND eat . agent ( x _ 4 , Zoe ) AND eat . theme ( x _ 4 , x _ 2 )	elips_gapping_in_dist
Emma poked the boy and the mouse Liam .	* boy ( x _ 0 ) ; * mouse ( x _ 1 ) ; poke . agent ( x _ 2 , Emma ) AND poke . theme ( x _ 2 , x _ 0 ) AND poke . agent ( x _ 3 , x _ 1 ) AND poke . theme ( x _ 3 , Liam )	elips_gapping_in_dist
Lily cleaned Ethan and the lion Olivia .	* lion ( x _ 0 ) ; clean . agent ( x _ 1 , Lily ) AND clean . theme ( x _ 1 , Ethan ) AND clean . agent ( x _ 2 , x _ 0 ) AND clean . theme ( x _ 2 , Olivia )	elips_gapping_in_dist
A monkey missed Emma and Eleanor the cat .	* cat ( x _ 1 ) ; monkey ( x _ 0 ) AND miss . agent ( x _ 2 , x _ 0 ) AND miss . theme ( x _ 2 , Emma ) AND miss . agent ( x _ 3 , Eleanor ) AND miss . theme ( x _ 3 , x _ 1 )	elips_gapping_in_dist
A girl liked Emma and Mia Liam .	girl ( x _ 0 ) AND like . agent ( x _ 1 , x _ 0 ) AND like . theme ( x _ 1 , Emma ) AND like . agent ( x _ 2 , Mia ) AND like . theme ( x _ 2 , Liam )	elips_gapping_in_dist
The dog hunted a father and Emma the girl .	* dog ( x _ 0 ) ; * girl ( x _ 2 ) ; father ( x _ 1 ) AND hunt . agent ( x _ 3 , x _ 0 ) AND hunt . theme ( x _ 3 , x _ 1 ) AND hunt . agent ( x _ 4 , Emma ) AND hunt . theme ( x _ 4 , x _ 2 )	elips_gapping_in_dist
Chloe helped the cat and Emma Sebastian .	* cat ( x _ 0 ) ; help . agent ( x _ 1 , Chloe ) AND help . theme ( x _ 1 , x _ 0 ) AND help . agent ( x _ 2 , Emma ) AND help . theme ( x _ 2 , Sebastian )	elips_gapping_in_dist
Noah drew Olivia and Claire the cat .	* cat ( x _ 0 ) ; draw . agent ( x _ 1 , Noah ) AND draw . theme ( x _ 1 , Olivia ) AND draw . agent ( x _ 2 , Claire ) AND draw . theme ( x _ 2 , x _ 0 )	elips_gapping_in_dist
Emily ate Liam and Sophia the dog .	* dog ( x _ 0 ) ; eat . agent ( x _ 1 , Emily ) AND eat . theme ( x _ 1 , Liam ) AND eat . agent ( x _ 2 , Sophia ) AND eat . theme ( x _ 2 , x _ 0 )	elips_gapping_in_dist
Leah ate Emma and Noah Liam .	eat . agent ( x _ 0 , Leah ) AND eat . theme ( x _ 0 , Emma ) AND eat . agent ( x _ 1 , Noah ) AND eat . theme ( x _ 1 , Liam )	elips_gapping_in_dist
Emma liked Henry and a bunny Ava .	bunny ( x _ 0 ) AND like . agent ( x _ 1 , Emma ) AND like . theme ( x _ 1 , Henry ) AND like . agent ( x _ 2 , x _ 0 ) AND like . theme ( x _ 2 , Ava )	elips_gapping_in_dist
A sailor ate a cat and Emma the child .	* child ( x _ 2 ) ; sailor ( x _ 0 ) AND cat ( x _ 1 ) AND eat . agent ( x _ 3 , x _ 0 ) AND eat . theme ( x _ 3 , x _ 1 ) AND eat . agent ( x _ 4 , Emma ) AND eat . theme ( x _ 4 , x _ 2 )	elips_gapping_in_dist
A boy ate a chicken and Emma Liam .	boy ( x _ 0 ) AND chicken ( x _ 1 ) AND eat . agent ( x _ 2 , x _ 0 ) AND eat . theme ( x _ 2 , x _ 1 ) AND eat . agent ( x _ 3 , Emma ) AND eat . theme ( x _ 3 , Liam )	elips_gapping_in_dist
Olivia helped Ava and Emma Evelyn .	help . agent ( x _ 0 , Olivia ) AND help . theme ( x _ 0 , Ava ) AND help . agent ( x _ 1 , Emma ) AND help . theme ( x _ 1 , Evelyn )	elips_gapping_in_dist
A baby liked a chicken and Logan Chloe .	baby ( x _ 0 ) AND chicken ( x _ 1 ) AND like . agent ( x _ 2 , x _ 0 ) AND like . theme ( x _ 2 , x _ 1 ) AND like . agent ( x _ 3 , Logan ) AND like . theme ( x _ 3 , Chloe )	elips_gapping_in_dist
The baby nursed Oliver and William the boy .	* baby ( x _ 0 ) ; * boy ( x _ 1 ) ; nurse . agent ( x _ 2 , x _ 0 ) AND nurse . theme ( x _ 2 , Oliver ) AND nurse . agent ( x _ 3 , William ) AND nurse . theme ( x _ 3 , x _ 1 )	elips_gapping_in_dist
A child liked the giraffe and Elijah Emma .	* giraffe ( x _ 1 ) ; child ( x _ 0 ) AND like . agent ( x _ 2 , x _ 0 ) AND like . theme ( x _ 2 , x _ 1 ) AND like . agent ( x _ 3 , Elijah ) AND like . theme ( x _ 3 , Emma )	elips_gapping_in_dist
Olivia ate Ava and a cat the citizen .	* citizen ( x _ 1 ) ; cat ( x _ 0 ) AND eat . agent ( x _ 2 , Olivia ) AND eat . theme ( x _ 2 , Ava ) AND eat . agent ( x _ 3 , x _ 0 ) AND eat . theme ( x _ 3 , x _ 1 )	elips_gapping_in_dist
Mason ate a monster and a baby a lamb .	monster ( x _ 0 ) AND baby ( x _ 1 ) AND lamb ( x _ 2 ) AND eat . agent ( x _ 3 , Mason ) AND eat . theme ( x _ 3 , x _ 0 ) AND eat . agent ( x _ 4 , x _ 1 ) AND eat . theme ( x _ 4 , x _ 2 )	elips_gapping_in_dist
Ava helped Emma and the bee the girl .	* bee ( x _ 0 ) ; * girl ( x _ 1 ) ; help . agent ( x _ 2 , Ava ) AND help . theme ( x _ 2 , Emma ) AND help . agent ( x _ 3 , x _ 0 ) AND help . theme ( x _ 3 , x _ 1 )	elips_gapping_in_dist
Samuel ate Layla and the girl Emma .	* girl ( x _ 0 ) ; eat . agent ( x _ 1 , Samuel ) AND eat . theme ( x _ 1 , Layla ) AND eat . agent ( x _ 2 , x _ 0 ) AND eat . theme ( x _ 2 , Emma )	elips_gapping_in_dist
The politician liked the girl and Emma Oliver .	* politician ( x _ 0 ) ; * girl ( x _ 1 ) ; like . agent ( x _ 2 , x _ 0 ) AND like . theme ( x _ 2 , x _ 1 ) AND like . agent ( x _ 3 , Emma ) AND like . theme ( x _ 3 , Oliver )	elips_gapping_in_dist
The girl liked a donkey and Emma Sophia .	* girl ( x _ 0 ) ; donkey ( x _ 1 ) AND like . agent ( x _ 2 , x _ 0 ) AND like . theme ( x _ 2 , x _ 1 ) AND like . agent ( x _ 3 , Emma ) AND like . theme ( x _ 3 , Sophia )	elips_gapping_in_dist
A frog liked Matthew and Theodore Liam .	frog ( x _ 0 ) AND like . agent ( x _ 1 , x _ 0 ) AND like . theme ( x _ 1 , Matthew ) AND like . agent ( x _ 2 , Theodore ) AND like . theme ( x _ 2 , Liam )	elips_gapping_in_dist
A monster juggled Emma and the frog a girl .	* frog ( x _ 1 ) ; monster ( x _ 0 ) AND girl ( x _ 2 ) AND juggle . agent ( x _ 3 , x _ 0 ) AND juggle . theme ( x _ 3 , Emma ) AND juggle . agent ( x _ 4 , x _ 1 ) AND juggle . theme ( x _ 4 , x _ 2 )	elips_gapping_in_dist
Amelia liked the dog and a customer Liam .	* dog ( x _ 0 ) ; customer ( x _ 1 ) AND like . agent ( x _ 2 , Amelia ) AND like . theme ( x _ 2 , x _ 0 ) AND like . agent ( x _ 3 , x _ 1 ) AND like . theme ( x _ 3 , Liam )	elips_gapping_in_dist
The kitty poked the dog and the boy William .	* kitty ( x _ 0 ) ; * dog ( x _ 1 ) ; * boy ( x _ 2 ) ; poke . agent ( x _ 3 , x _ 0 ) AND poke . theme ( x _ 3 , x _ 1 ) AND poke . agent ( x _ 4 , x _ 2 ) AND poke . theme ( x _ 4 , William )	elips_gapping_in_dist
The girl admired Olivia and a giraffe Emma .	* girl ( x _ 0 ) ; giraffe ( x _ 1 ) AND admire . agent ( x _ 2 , x _ 0 ) AND admire . theme ( x _ 2 , Olivia ) AND admire . agent ( x _ 3 , x _ 1 ) AND admire . theme ( x _ 3 , Emma )	elips_gapping_in_dist
The chicken poked a baby and Emma a girl .	* chicken ( x _ 0 ) ; baby ( x _ 1 ) AND girl ( x _ 2 ) AND poke . agent ( x _ 3 , x _ 0 ) AND poke . theme ( x _ 3 , x _ 1 ) AND poke . agent ( x _ 4 , Emma ) AND poke . theme ( x _ 4 , x _ 2 )	elips_gapping_in_dist
Alexander sketched a boy and a girl the butterfly .	* butterfly ( x _ 2 ) ; boy ( x _ 0 ) AND girl ( x _ 1 ) AND sketch . agent ( x _ 3 , Alexander ) AND sketch . theme ( x _ 3 , x _ 0 ) AND sketch . agent ( x _ 4 , x _ 1 ) AND sketch . theme ( x _ 4 , x _ 2 )	elips_gapping_in_dist
Emma hunted Mia and the girl Lucas .	* girl ( x _ 0 ) ; hunt . agent ( x _ 1 , Emma ) AND hunt . theme ( x _ 1 , Mia ) AND hunt . agent ( x _ 2 , x _ 0 ) AND hunt . theme ( x _ 2 , Lucas )	elips_gapping_in_dist
The boy poked the butterfly and the girl Emma .	* boy ( x _ 0 ) ; * butterfly ( x _ 1 ) ; * girl ( x _ 2 ) ; poke . agent ( x _ 3 , x _ 0 ) AND poke . theme ( x _ 3 , x _ 1 ) AND poke . agent ( x _ 4 , x _ 2 ) AND poke . theme ( x _ 4 , Emma )	elips_gapping_in_dist
Liam ate the teacher and Mila the girl .	* teacher ( x _ 0 ) ; * girl ( x _ 1 ) ; eat . agent ( x _ 2 , Liam ) AND eat . theme ( x _ 2 , x _ 0 ) AND eat . agent ( x _ 3 , Mila ) AND eat . theme ( x _ 3 , x _ 1 )	elips_gapping_in_dist
Emma liked a boy and Camila Ellie .	boy ( x _ 0 ) AND like . agent ( x _ 1 , Emma ) AND like . theme ( x _ 1 , x _ 0 ) AND like . agent ( x _ 2 , Camila ) AND like . theme ( x _ 2 , Ellie )	elips_gapping_in_dist
Daniel ate Harper and a tiger Emma .	tiger ( x _ 0 ) AND eat . agent ( x _ 1 , Daniel ) AND eat . theme ( x _ 1 , Harper ) AND eat . agent ( x _ 2 , x _ 0 ) AND eat . theme ( x _ 2 , Emma )	elips_gapping_in_dist
Liam liked a poet and Emma the girl .	* girl ( x _ 1 ) ; poet ( x _ 0 ) AND like . agent ( x _ 2 , Liam ) AND like . theme ( x _ 2 , x _ 0 ) AND like . agent ( x _ 3 , Emma ) AND like . theme ( x _ 3 , x _ 1 )	elips_gapping_in_dist
John juggled Emma and Olivia the girl .	* girl ( x _ 0 ) ; juggle . agent ( x _ 1 , John ) AND juggle . theme ( x _ 1 , Emma ) AND juggle . agent ( x _ 2 , Olivia ) AND juggle . theme ( x _ 2 , x _ 0 )	elips_gapping_in_dist
The butterfly liked Benjamin and Ava a boy .	* butterfly ( x _ 0 ) ; boy ( x _ 1 ) AND like . agent ( x _ 2 , x _ 0 ) AND like . theme ( x _ 2 , Benjamin ) AND like . agent ( x _ 3 , Ava ) AND like . theme ( x _ 3 , x _ 1 )	elips_gapping_in_dist
A professor helped Abigail and the girl James .	* girl ( x _ 1 ) ; professor ( x _ 0 ) AND help . agent ( x _ 2 , x _ 0 ) AND help . theme ( x _ 2 , Abigail ) AND help . agent ( x _ 3 , x _ 1 ) AND help . theme ( x _ 3 , James )	elips_gapping_in_dist
A doctor liked Logan and James a monkey .	doctor ( x _ 0 ) AND monkey ( x _ 1 ) AND like . agent ( x _ 2 , x _ 0 ) AND like . theme ( x _ 2 , Logan ) AND like . agent ( x _ 3 , James ) AND like . theme ( x _ 3 , x _ 1 )	elips_gapping_in_dist
Ava adored a father and the girl Emma .	* girl ( x _ 1 ) ; father ( x _ 0 ) AND adore . agent ( x _ 2 , Ava ) AND adore . theme ( x _ 2 , x _ 0 ) AND adore . agent ( x _ 3 , x _ 1 ) AND adore . theme ( x _ 3 , Emma )	elips_gapping_in_dist
A cat cleaned James and Emma the girl .	* girl ( x _ 1 ) ; cat ( x _ 0 ) AND clean . agent ( x _ 2 , x _ 0 ) AND clean . theme ( x _ 2 , James ) AND clean . agent ( x _ 3 , Emma ) AND clean . theme ( x _ 3 , x _ 1 )	elips_gapping_in_dist
The professor liked a princess and Oliver the horse .	* professor ( x _ 0 ) ; * horse ( x _ 2 ) ; princess ( x _ 1 ) AND like . agent ( x _ 3 , x _ 0 ) AND like . theme ( x _ 3 , x _ 1 ) AND like . agent ( x _ 4 , Oliver ) AND like . theme ( x _ 4 , x _ 2 )	elips_gapping_in_dist
Andrew missed the girl and Noah Aurora .	* girl ( x _ 0 ) ; miss . agent ( x _ 1 , Andrew ) AND miss . theme ( x _ 1 , x _ 0 ) AND miss . agent ( x _ 2 , Noah ) AND miss . theme ( x _ 2 , Aurora )	elips_gapping_in_dist
Emma hunted the girl and the tenant the giraffe .	* girl ( x _ 0 ) ; * tenant ( x _ 1 ) ; * giraffe ( x _ 2 ) ; hunt . agent ( x _ 3 , Emma ) AND hunt . theme ( x _ 3 , x _ 0 ) AND hunt . agent ( x _ 4 , x _ 1 ) AND hunt . theme ( x _ 4 , x _ 2 )	elips_gapping_in_dist
Violet ate Emily and a friend the boy .	* boy ( x _ 1 ) ; friend ( x _ 0 ) AND eat . agent ( x _ 2 , Violet ) AND eat . theme ( x _ 2 , Emily ) AND eat . agent ( x _ 3 , x _ 0 ) AND eat . theme ( x _ 3 , x _ 1 )	elips_gapping_in_dist
A girl sketched Amelia and Riley Olivia .	girl ( x _ 0 ) AND sketch . agent ( x _ 1 , x _ 0 ) AND sketch . theme ( x _ 1 , Amelia ) AND sketch . agent ( x _ 2 , Riley ) AND sketch . theme ( x _ 2 , Olivia )	elips_gapping_in_dist
The dog helped the girl and a president the cat .	* dog ( x _ 0 ) ; * girl ( x _ 1 ) ; * cat ( x _ 3 ) ; president ( x _ 2 ) AND help . agent ( x _ 4 , x _ 0 ) AND help . theme ( x _ 4 , x _ 1 ) AND help . agent ( x _ 5 , x _ 2 ) AND help . theme ( x _ 5 , x _ 3 )	elips_gapping_in_dist
Amelia helped Jayden and William a scientist .	scientist ( x _ 0 ) AND help . agent ( x _ 1 , Amelia ) AND help . theme ( x _ 1 , Jayden ) AND help . agent ( x _ 2 , William ) AND help . theme ( x _ 2 , x _ 0 )	elips_gapping_in_dist
Emma liked a girl and Liam Noah .	girl ( x _ 0 ) AND like . agent ( x _ 1 , Emma ) AND like . theme ( x _ 1 , x _ 0 ) AND like . agent ( x _ 2 , Liam ) AND like . theme ( x _ 2 , Noah )	elips_gapping_in_dist
The customer painted a fly and Emma Liam .	* customer ( x _ 0 ) ; fly ( x _ 1 ) AND paint . agent ( x _ 2 , x _ 0 ) AND paint . theme ( x _ 2 , x _ 1 ) AND paint . agent ( x _ 3 , Emma ) AND paint . theme ( x _ 3 , Liam )	elips_gapping_in_dist
Emma ate Olivia and Abigail a girl .	girl ( x _ 0 ) AND eat . agent ( x _ 1 , Emma ) AND eat . theme ( x _ 1 , Olivia ) AND eat . agent ( x _ 2 , Abigail ) AND eat . theme ( x _ 2 , x _ 0 )	elips_gapping_in_dist
Liam ate Emma and a girl Henry .	girl ( x _ 0 ) AND eat . agent ( x _ 1 , Liam ) AND eat . theme ( x _ 1 , Emma ) AND eat . agent ( x _ 2 , x _ 0 ) AND eat . theme ( x _ 2 , Henry )	elips_gapping_in_dist
A bee ate Liam and Anthony Charlotte .	bee ( x _ 0 ) AND eat . agent ( x _ 1 , x _ 0 ) AND eat . theme ( x _ 1 , Liam ) AND eat . agent ( x _ 2 , Anthony ) AND eat . theme ( x _ 2 , Charlotte )	elips_gapping_in_dist
The guy helped Emma and Charlotte Elizabeth .	* guy ( x _ 0 ) ; help . agent ( x _ 1 , x _ 0 ) AND help . theme ( x _ 1 , Emma ) AND help . agent ( x _ 2 , Charlotte ) AND help . theme ( x _ 2 , Elizabeth )	elips_gapping_in_dist
Emma loved a boy and a dog Liam .	boy ( x _ 0 ) AND dog ( x _ 1 ) AND love . agent ( x _ 2 , Emma ) AND love . theme ( x _ 2 , x _ 0 ) AND love . agent ( x _ 3 , x _ 1 ) AND love . theme ( x _ 3 , Liam )	elips_gapping_in_dist
John ate the teacher and the penguin Emma .	* teacher ( x _ 0 ) ; * penguin ( x _ 1 ) ; eat . agent ( x _ 2 , John ) AND eat . theme ( x _ 2 , x _ 0 ) AND eat . agent ( x _ 3 , x _ 1 ) AND eat . theme ( x _ 3 , Emma )	elips_gapping_in_dist
A governor respected Noah and the girl Chloe .	* girl ( x _ 1 ) ; governor ( x _ 0 ) AND respect . agent ( x _ 2 , x _ 0 ) AND respect . theme ( x _ 2 , Noah ) AND respect . agent ( x _ 3 , x _ 1 ) AND respect . theme ( x _ 3 , Chloe )	elips_gapping_in_dist
Jackson cooked Benjamin and the fish a child .	* fish ( x _ 0 ) ; child ( x _ 1 ) AND cook . agent ( x _ 2 , Jackson ) AND cook . theme ( x _ 2 , Benjamin ) AND cook . agent ( x _ 3 , x _ 0 ) AND cook . theme ( x _ 3 , x _ 1 )	elips_gapping_in_dist
Luna admired a dealer and Emma the coach .	* coach ( x _ 1 ) ; dealer ( x _ 0 ) AND admire . agent ( x _ 2 , Luna ) AND admire . theme ( x _ 2 , x _ 0 ) AND admire . agent ( x _ 3 , Emma ) AND admire . theme ( x _ 3 , x _ 1 )	elips_gapping_in_dist
A cat ate Emily and Noah William .	cat ( x _ 0 ) AND eat . agent ( x _ 1 , x _ 0 ) AND eat . theme ( x _ 1 , Emily ) AND eat . agent ( x _ 2 , Noah ) AND eat . theme ( x _ 2 , William )	elips_gapping_in_dist
A coach drew a chicken and Emma Joseph .	coach ( x _ 0 ) AND chicken ( x _ 1 ) AND draw . agent ( x _ 2 , x _ 0 ) AND draw . theme ( x _ 2 , x _ 1 ) AND draw . agent ( x _ 3 , Emma ) AND draw . theme ( x _ 3 , Joseph )	elips_gapping_in_dist
A professor respected Olivia and Grayson the mother .	* mother ( x _ 1 ) ; professor ( x _ 0 ) AND respect . agent ( x _ 2 , x _ 0 ) AND respect . theme ( x _ 2 , Olivia ) AND respect . agent ( x _ 3 , Grayson ) AND respect . theme ( x _ 3 , x _ 1 )	elips_gapping_in_dist
The monkey found the girl and Emma Charlotte .	* monkey ( x _ 0 ) ; * girl ( x _ 1 ) ; find . agent ( x _ 2 , x _ 0 ) AND find . theme ( x _ 2 , x _ 1 ) AND find . agent ( x _ 3 , Emma ) AND find . theme ( x _ 3 , Charlotte )	elips_gapping_in_dist
The girl dusted a prisoner and Sofia Emma .	* girl ( x _ 0 ) ; prisoner ( x _ 1 ) AND dust . agent ( x _ 2 , x _ 0 ) AND dust . theme ( x _ 2 , x _ 1 ) AND dust . agent ( x _ 3 , Sofia ) AND dust . theme ( x _ 3 , Emma )	elips_gapping_in_dist
Ryan nursed a cat and Liam Ava .	cat ( x _ 0 ) AND nurse . agent ( x _ 1 , Ryan ) AND nurse . theme ( x _ 1 , x _ 0 ) AND nurse . agent ( x _ 2 , Liam ) AND nurse . theme ( x _ 2 , Ava )	elips_gapping_in_dist
Olivia painted the boy and the child Liam .	* boy ( x _ 0 ) ; * child ( x _ 1 ) ; paint . agent ( x _ 2 , Olivia ) AND paint . theme ( x _ 2 , x _ 0 ) AND paint . agent ( x _ 3 , x _ 1 ) AND paint . theme ( x _ 3 , Liam )	elips_gapping_in_dist
Olivia ate Ava and the monkey Emma .	* monkey ( x _ 0 ) ; eat . agent ( x _ 1 , Olivia ) AND eat . theme ( x _ 1 , Ava ) AND eat . agent ( x _ 2 , x _ 0 ) AND eat . theme ( x _ 2 , Emma )	elips_gapping_in_dist
The duck painted Noah and Olivia a girl .	* duck ( x _ 0 ) ; girl ( x _ 1 ) AND paint . agent ( x _ 2 , x _ 0 ) AND paint . theme ( x _ 2 , Noah ) AND paint . agent ( x _ 3 , Olivia ) AND paint . theme ( x _ 3 , x _ 1 )	elips_gapping_in_dist
Olivia cooked the boy and Mila a girl .	* boy ( x _ 0 ) ; girl ( x _ 1 ) AND cook . agent ( x _ 2 , Olivia ) AND cook . theme ( x _ 2 , x _ 0 ) AND cook . agent ( x _ 3 , Mila ) AND cook . theme ( x _ 3 , x _ 1 )	elips_gapping_in_dist
A dog cleaned Emma and James a girl .	dog ( x _ 0 ) AND girl ( x _ 1 ) AND clean . agent ( x _ 2 , x _ 0 ) AND clean . theme ( x _ 2 , Emma ) AND clean . agent ( x _ 3 , James ) AND clean . theme ( x _ 3 , x _ 1 )	elips_gapping_in_dist
Ava ate a girl and Noah Emma .	girl ( x _ 0 ) AND eat . agent ( x _ 1 , Ava ) AND eat . theme ( x _ 1 , x _ 0 ) AND eat . agent ( x _ 2 , Noah ) AND eat . theme ( x _ 2 , Emma )	elips_gapping_in_dist
Emma liked a duck and the girl Olivia .	* girl ( x _ 1 ) ; duck ( x _ 0 ) AND like . agent ( x _ 2 , Emma ) AND like . theme ( x _ 2 , x _ 0 ) AND like . agent ( x _ 3 , x _ 1 ) AND like . theme ( x _ 3 , Olivia )	elips_gapping_in_dist
Emma hunted Ella and Dylan Abigail .	hunt . agent ( x _ 0 , Emma ) AND hunt . theme ( x _ 0 , Ella ) AND hunt . agent ( x _ 1 , Dylan ) AND hunt . theme ( x _ 1 , Abigail )	elips_gapping_in_dist
A governor liked a child and the girl Andrew .	* girl ( x _ 2 ) ; governor ( x _ 0 ) AND child ( x _ 1 ) AND like . agent ( x _ 3 , x _ 0 ) AND like . theme ( x _ 3 , x _ 1 ) AND like . agent ( x _ 4 , x _ 2 ) AND like . theme ( x _ 4 , Andrew )	elips_gapping_in_dist
The teacher cooked the guest and David a girl .	* teacher ( x _ 0 ) ; * guest ( x _ 1 ) ; girl ( x _ 2 ) AND cook . agent ( x _ 3 , x _ 0 ) AND cook . theme ( x _ 3 , x _ 1 ) AND cook . agent ( x _ 4 , David ) AND cook . theme ( x _ 4 , x _ 2 )	elips_gapping_in_dist
The child helped the baby and Noah Logan .	* child ( x _ 0 ) ; * baby ( x _ 1 ) ; help . agent ( x _ 2 , x _ 0 ) AND help . theme ( x _ 2 , x _ 1 ) AND help . agent ( x _ 3 , Noah ) AND help . theme ( x _ 3 , Logan )	elips_gapping_in_dist
Sophia ate Ella and James the boy .	* boy ( x _ 0 ) ; eat . agent ( x _ 1 , Sophia ) AND eat . theme ( x _ 1 , Ella ) AND eat . agent ( x _ 2 , James ) AND eat . theme ( x _ 2 , x _ 0 )	elips_gapping_in_dist
Oliver poked Chloe and Emma a boy .	boy ( x _ 0 ) AND poke . agent ( x _ 1 , Oliver ) AND poke . theme ( x _ 1 , Chloe ) AND poke . agent ( x _ 2 , Emma ) AND poke . theme ( x _ 2 , x _ 0 )	elips_gapping_in_dist
Alexander poked a zebra and the boy a chicken .	* boy ( x _ 1 ) ; zebra ( x _ 0 ) AND chicken ( x _ 2 ) AND poke . agent ( x _ 3 , Alexander ) AND poke . theme ( x _ 3 , x _ 0 ) AND poke . agent ( x _ 4 , x _ 1 ) AND poke . theme ( x _ 4 , x _ 2 )	elips_gapping_in_dist
A cat ate Emma and Liam Olivia .	cat ( x _ 0 ) AND eat . agent ( x _ 1 , x _ 0 ) AND eat . theme ( x _ 1 , Emma ) AND eat . agent ( x _ 2 , Liam ) AND eat . theme ( x _ 2 , Olivia )	elips_gapping_in_dist
Emma cleaned the journalist and Lily a giraffe .	* journalist ( x _ 0 ) ; giraffe ( x _ 1 ) AND clean . agent ( x _ 2 , Emma ) AND clean . theme ( x _ 2 , x _ 0 ) AND clean . agent ( x _ 3 , Lily ) AND clean . theme ( x _ 3 , x _ 1 )	elips_gapping_in_dist
Liam sketched Emma and a lawyer Mason .	lawyer ( x _ 0 ) AND sketch . agent ( x _ 1 , Liam ) AND sketch . theme ( x _ 1 , Emma ) AND sketch . agent ( x _ 2 , x _ 0 ) AND sketch . theme ( x _ 2 , Mason )	elips_gapping_in_dist
A girl nursed Ava and a mouse Sofia .	girl ( x _ 0 ) AND mouse ( x _ 1 ) AND nurse . agent ( x _ 2 , x _ 0 ) AND nurse . theme ( x _ 2 , Ava ) AND nurse . agent ( x _ 3 , x _ 1 ) AND nurse . theme ( x _ 3 , Sofia )	elips_gapping_in_dist
The girl ate a student and Sophia a child .	* girl ( x _ 0 ) ; student ( x _ 1 ) AND child ( x _ 2 ) AND eat . agent ( x _ 3 , x _ 0 ) AND eat . theme ( x _ 3 , x _ 1 ) AND eat . agent ( x _ 4 , Sophia ) AND eat . theme ( x _ 4 , x _ 2 )	elips_gapping_in_dist
Noah ate the lawyer and the chicken the girl .	* lawyer ( x _ 0 ) ; * chicken ( x _ 1 ) ; * girl ( x _ 2 ) ; eat . agent ( x _ 3 , Noah ) AND eat . theme ( x _ 3 , x _ 0 ) AND eat . agent ( x _ 4 , x _ 1 ) AND eat . theme ( x _ 4 , x _ 2 )	elips_gapping_in_dist
The scientist liked Ava and the girl Emma .	* scientist ( x _ 0 ) ; * girl ( x _ 1 ) ; like . agent ( x _ 2 , x _ 0 ) AND like . theme ( x _ 2 , Ava ) AND like . agent ( x _ 3 , x _ 1 ) AND like . theme ( x _ 3 , Emma )	elips_gapping_in_dist
A boy painted the queen and the monkey Emma .	* queen ( x _ 1 ) ; * monkey ( x _ 2 ) ; boy ( x _ 0 ) AND paint . agent ( x _ 3 , x _ 0 ) AND paint . theme ( x _ 3 , x _ 1 ) AND paint . agent ( x _ 4 , x _ 2 ) AND paint . theme ( x _ 4 , Emma )	elips_gapping_in_dist
Noah admired the boy and Emma a girl .	* boy ( x _ 0 ) ; girl ( x _ 1 ) AND admire . agent ( x _ 2 , Noah ) AND admire . theme ( x _ 2 , x _ 0 ) AND admire . agent ( x _ 3 , Emma ) AND admire . theme ( x _ 3 , x _ 1 )	elips_gapping_in_dist
The girl cleaned a sailor and Emma a judge .	* girl ( x _ 0 ) ; sailor ( x _ 1 ) AND judge ( x _ 2 ) AND clean . agent ( x _ 3 , x _ 0 ) AND clean . theme ( x _ 3 , x _ 1 ) AND clean . agent ( x _ 4 , Emma ) AND clean . theme ( x _ 4 , x _ 2 )	elips_gapping_in_dist
Emma cleaned the butterfly and a penguin a manager .	* butterfly ( x _ 0 ) ; penguin ( x _ 1 ) AND manager ( x _ 2 ) AND clean . agent ( x _ 3 , Emma ) AND clean . theme ( x _ 3 , x _ 0 ) AND clean . agent ( x _ 4 , x _ 1 ) AND clean . theme ( x _ 4 , x _ 2 )	elips_gapping_in_dist
Mateo adored William and Nora the boy .	* boy ( x _ 0 ) ; adore . agent ( x _ 1 , Mateo ) AND adore . theme ( x _ 1 , William ) AND adore . agent ( x _ 2 , Nora ) AND adore . theme ( x _ 2 , x _ 0 )	elips_gapping_in_dist
The baby appreciated Thomas and Emma the child .	* baby ( x _ 0 ) ; * child ( x _ 1 ) ; appreciate . agent ( x _ 2 , x _ 0 ) AND appreciate . theme ( x _ 2 , Thomas ) AND appreciate . agent ( x _ 3 , Emma ) AND appreciate . theme ( x _ 3 , x _ 1 )	elips_gapping_in_dist
Daniel painted Liam and a girl Charlotte .	girl ( x _ 0 ) AND paint . agent ( x _ 1 , Daniel ) AND paint . theme ( x _ 1 , Liam ) AND paint . agent ( x _ 2 , x _ 0 ) AND paint . theme ( x _ 2 , Charlotte )	elips_gapping_in_dist
A baby ate the producer and a dog a girl .	* producer ( x _ 1 ) ; baby ( x _ 0 ) AND dog ( x _ 2 ) AND girl ( x _ 3 ) AND eat . agent ( x _ 4 , x _ 0 ) AND eat . theme ( x _ 4 , x _ 1 ) AND eat . agent ( x _ 5 , x _ 2 ) AND eat . theme ( x _ 5 , x _ 3 )	elips_gapping_in_dist
Liam ate Dylan and Joshua Emma .	eat . agent ( x _ 0 , Liam ) AND eat . theme ( x _ 0 , Dylan ) AND eat . agent ( x _ 1 , Joshua ) AND eat . theme ( x _ 1 , Emma )	elips_gapping_in_dist
The giraffe appreciated Evelyn and the girl Caleb .	* giraffe ( x _ 0 ) ; * girl ( x _ 1 ) ; appreciate . agent ( x _ 2 , x _ 0 ) AND appreciate . theme ( x _ 2 , Evelyn ) AND appreciate . agent ( x _ 3 , x _ 1 ) AND appreciate . theme ( x _ 3 , Caleb )	elips_gapping_in_dist
Leo admired Carter and a cat a mouse .	cat ( x _ 0 ) AND mouse ( x _ 1 ) AND admire . agent ( x _ 2 , Leo ) AND admire . theme ( x _ 2 , Carter ) AND admire . agent ( x _ 3 , x _ 0 ) AND admire . theme ( x _ 3 , x _ 1 )	elips_gapping_in_dist
The girl respected Benjamin and a teacher Liam .	* girl ( x _ 0 ) ; teacher ( x _ 1 ) AND respect . agent ( x _ 2 , x _ 0 ) AND respect . theme ( x _ 2 , Benjamin ) AND respect . agent ( x _ 3 , x _ 1 ) AND respect . theme ( x _ 3 , Liam )	elips_gapping_in_dist
Liam poked the horse and the child a girl .	* horse ( x _ 0 ) ; * child ( x _ 1 ) ; girl ( x _ 2 ) AND poke . agent ( x _ 3 , Liam ) AND poke . theme ( x _ 3 , x _ 0 ) AND poke . agent ( x _ 4 , x _ 1 ) AND poke . theme ( x _ 4 , x _ 2 )	elips_gapping_in_dist
The chicken ate a scientist and the girl a goose .	* chicken ( x _ 0 ) ; * girl ( x _ 2 ) ; scientist ( x _ 1 ) AND goose ( x _ 3 ) AND eat . agent ( x _ 4 , x _ 0 ) AND eat . theme ( x _ 4 , x _ 1 ) AND eat . agent ( x _ 5 , x _ 2 ) AND eat . theme ( x _ 5 , x _ 3 )	elips_gapping_in_dist
Noah admired Liam and the penguin Emma .	* penguin ( x _ 0 ) ; admire . agent ( x _ 1 , Noah ) AND admire . theme ( x _ 1 , Liam ) AND admire . agent ( x _ 2 , x _ 0 ) AND admire . theme ( x _ 2 , Emma )	elips_gapping_in_dist
Olivia hunted the girl and a hen a cat .	* girl ( x _ 0 ) ; hen ( x _ 1 ) AND cat ( x _ 2 ) AND hunt . agent ( x _ 3 , Olivia ) AND hunt . theme ( x _ 3 , x _ 0 ) AND hunt . agent ( x _ 4 , x _ 1 ) AND hunt . theme ( x _ 4 , x _ 2 )	elips_gapping_in_dist
The dog adored a chicken and a bird a bear .	* dog ( x _ 0 ) ; chicken ( x _ 1 ) AND bird ( x _ 2 ) AND bear ( x _ 3 ) AND adore . agent ( x _ 4 , x _ 0 ) AND adore . theme ( x _ 4 , x _ 1 ) AND adore . agent ( x _ 5 , x _ 2 ) AND adore . theme ( x _ 5 , x _ 3 )	elips_gapping_in_dist
A sheep ate the hero and the squirrel Emma .	* hero ( x _ 1 ) ; * squirrel ( x _ 2 ) ; sheep ( x _ 0 ) AND eat . agent ( x _ 3 , x _ 0 ) AND eat . theme ( x _ 3 , x _ 1 ) AND eat . agent ( x _ 4 , x _ 2 ) AND eat . theme ( x _ 4 , Emma )	elips_gapping_in_dist
William drew a girl and the penguin a child .	* penguin ( x _ 1 ) ; girl ( x _ 0 ) AND child ( x _ 2 ) AND draw . agent ( x _ 3 , William ) AND draw . theme ( x _ 3 , x _ 0 ) AND draw . agent ( x _ 4 , x _ 1 ) AND draw . theme ( x _ 4 , x _ 2 )	elips_gapping_in_dist
A hen ate Emma and the spokesman a fish .	* spokesman ( x _ 1 ) ; hen ( x _ 0 ) AND fish ( x _ 2 ) AND eat . agent ( x _ 3 , x _ 0 ) AND eat . theme ( x _ 3 , Emma ) AND eat . agent ( x _ 4 , x _ 1 ) AND eat . theme ( x _ 4 , x _ 2 )	elips_gapping_in_dist
Emma found Ava and the girl Noah .	* girl ( x _ 0 ) ; find . agent ( x _ 1 , Emma ) AND find . theme ( x _ 1 , Ava ) AND find . agent ( x _ 2 , x _ 0 ) AND find . theme ( x _ 2 , Noah )	elips_gapping_in_dist
The bunny hunted the baby and a mother the monster .	* bunny ( x _ 0 ) ; * baby ( x _ 1 ) ; * monster ( x _ 3 ) ; mother ( x _ 2 ) AND hunt . agent ( x _ 4 , x _ 0 ) AND hunt . theme ( x _ 4 , x _ 1 ) AND hunt . agent ( x _ 5 , x _ 2 ) AND hunt . theme ( x _ 5 , x _ 3 )	elips_gapping_in_dist
Liam sketched a fly and the teacher a dog .	* teacher ( x _ 1 ) ; fly ( x _ 0 ) AND dog ( x _ 2 ) AND sketch . agent ( x _ 3 , Liam ) AND sketch . theme ( x _ 3 , x _ 0 ) AND sketch . agent ( x _ 4 , x _ 1 ) AND sketch . theme ( x _ 4 , x _ 2 )	elips_gapping_in_dist
Emma hunted a scientist and Logan a girl .	scientist ( x _ 0 ) AND girl ( x _ 1 ) AND hunt . agent ( x _ 2 , Emma ) AND hunt . theme ( x _ 2 , x _ 0 ) AND hunt . agent ( x _ 3 , Logan ) AND hunt . theme ( x _ 3 , x _ 1 )	elips_gapping_in_dist
A pupil helped the boy and a cat Ava .	* boy ( x _ 1 ) ; pupil ( x _ 0 ) AND cat ( x _ 2 ) AND help . agent ( x _ 3 , x _ 0 ) AND help . theme ( x _ 3 , x _ 1 ) AND help . agent ( x _ 4 , x _ 2 ) AND help . theme ( x _ 4 , Ava )	elips_gapping_in_dist
Benjamin poked Noah and a chief the girl .	* girl ( x _ 1 ) ; chief ( x _ 0 ) AND poke . agent ( x _ 2 , Benjamin ) AND poke . theme ( x _ 2 , Noah ) AND poke . agent ( x _ 3 , x _ 0 ) AND poke . theme ( x _ 3 , x _ 1 )	elips_gapping_in_dist
Emma admired Olivia and the girl Sophia .	* girl ( x _ 0 ) ; admire . agent ( x _ 1 , Emma ) AND admire . theme ( x _ 1 , Olivia ) AND admire . agent ( x _ 2 , x _ 0 ) AND admire . theme ( x _ 2 , Sophia )	elips_gapping_in_dist
James ate Olivia and a boy a governor .	boy ( x _ 0 ) AND governor ( x _ 1 ) AND eat . agent ( x _ 2 , James ) AND eat . theme ( x _ 2 , Olivia ) AND eat . agent ( x _ 3 , x _ 0 ) AND eat . theme ( x _ 3 , x _ 1 )	elips_gapping_in_dist
Harper ate the kitty and Emma Noah .	* kitty ( x _ 0 ) ; eat . agent ( x _ 1 , Harper ) AND eat . theme ( x _ 1 , x _ 0 ) AND eat . agent ( x _ 2 , Emma ) AND eat . theme ( x _ 2 , Noah )	elips_gapping_in_dist
The frog hunted the father and William Emma .	* frog ( x _ 0 ) ; * father ( x _ 1 ) ; hunt . agent ( x _ 2 , x _ 0 ) AND hunt . theme ( x _ 2 , x _ 1 ) AND hunt . agent ( x _ 3 , William ) AND hunt . theme ( x _ 3 , Emma )	elips_gapping_in_dist
Liam liked Addison and Mila Benjamin .	like . agent ( x _ 0 , Liam ) AND like . theme ( x _ 0 , Addison ) AND like . agent ( x _ 1 , Mila ) AND like . theme ( x _ 1 , Benjamin )	elips_gapping_in_dist
Sophia adored a boy and Liam Emma .	boy ( x _ 0 ) AND adore . agent ( x _ 1 , Sophia ) AND adore . theme ( x _ 1 , x _ 0 ) AND adore . agent ( x _ 2 , Liam ) AND adore . theme ( x _ 2 , Emma )	elips_gapping_in_dist
Ava liked a girl and William a mouse .	girl ( x _ 0 ) AND mouse ( x _ 1 ) AND like . agent ( x _ 2 , Ava ) AND like . theme ( x _ 2 , x _ 0 ) AND like . agent ( x _ 3 , William ) AND like . theme ( x _ 3 , x _ 1 )	elips_gapping_in_dist
Emma ate William and Daniel the frog .	* frog ( x _ 0 ) ; eat . agent ( x _ 1 , Emma ) AND eat . theme ( x _ 1 , William ) AND eat . agent ( x _ 2 , Daniel ) AND eat . theme ( x _ 2 , x _ 0 )	elips_gapping_in_dist
A bird poked Olivia and the cat the human .	* cat ( x _ 1 ) ; * human ( x _ 2 ) ; bird ( x _ 0 ) AND poke . agent ( x _ 3 , x _ 0 ) AND poke . theme ( x _ 3 , Olivia ) AND poke . agent ( x _ 4 , x _ 1 ) AND poke . theme ( x _ 4 , x _ 2 )	elips_gapping_in_dist
A producer liked Camila and a girl Emma .	producer ( x _ 0 ) AND girl ( x _ 1 ) AND like . agent ( x _ 2 , x _ 0 ) AND like . theme ( x _ 2 , Camila ) AND like . agent ( x _ 3 , x _ 1 ) AND like . theme ( x _ 3 , Emma )	elips_gapping_in_dist
A cat ate the girl and a boy Emma .	* girl ( x _ 1 ) ; cat ( x _ 0 ) AND boy ( x _ 2 ) AND eat . agent ( x _ 3 , x _ 0 ) AND eat . theme ( x _ 3 , x _ 1 ) AND eat . agent ( x _ 4 , x _ 2 ) AND eat . theme ( x _ 4 , Emma )	elips_gapping_in_dist
A boy cleaned the teacher and Sofia a girl .	* teacher ( x _ 1 ) ; boy ( x _ 0 ) AND girl ( x _ 2 ) AND clean . agent ( x _ 3 , x _ 0 ) AND clean . theme ( x _ 3 , x _ 1 ) AND clean . agent ( x _ 4 , Sofia ) AND clean . theme ( x _ 4 , x _ 2 )	elips_gapping_in_dist
Charlotte ate Emma and the chicken James .	* chicken ( x _ 0 ) ; eat . agent ( x _ 1 , Charlotte ) AND eat . theme ( x _ 1 , Emma ) AND eat . agent ( x _ 2 , x _ 0 ) AND eat . theme ( x _ 2 , James )	elips_gapping_in_dist
The girl dusted a passenger and the butterfly Olivia .	* girl ( x _ 0 ) ; * butterfly ( x _ 2 ) ; passenger ( x _ 1 ) AND dust . agent ( x _ 3 , x _ 0 ) AND dust . theme ( x _ 3 , x _ 1 ) AND dust . agent ( x _ 4 , x _ 2 ) AND dust . theme ( x _ 4 , Olivia )	elips_gapping_in_dist
A penguin admired Noah and the lion Olivia .	* lion ( x _ 1 ) ; penguin ( x _ 0 ) AND admire . agent ( x _ 2 , x _ 0 ) AND admire . theme ( x _ 2 , Noah ) AND admire . agent ( x _ 3 , x _ 1 ) AND admire . theme ( x _ 3 , Olivia )	elips_gapping_in_dist
Noah liked the boy and a bird a girl .	* boy ( x _ 0 ) ; bird ( x _ 1 ) AND girl ( x _ 2 ) AND like . agent ( x _ 3 , Noah ) AND like . theme ( x _ 3 , x _ 0 ) AND like . agent ( x _ 4 , x _ 1 ) AND like . theme ( x _ 4 , x _ 2 )	elips_gapping_in_dist
Mila ate Isabella and Daniel a girl .	girl ( x _ 0 ) AND eat . agent ( x _ 1 , Mila ) AND eat . theme ( x _ 1 , Isabella ) AND eat . agent ( x _ 2 , Daniel ) AND eat . theme ( x _ 2 , x _ 0 )	elips_gapping_in_dist
Olivia juggled Mila and Mason the baby .	* baby ( x _ 0 ) ; juggle . agent ( x _ 1 , Olivia ) AND juggle . theme ( x _ 1 , Mila ) AND juggle . agent ( x _ 2 , Mason ) AND juggle . theme ( x _ 2 , x _ 0 )	elips_gapping_in_dist
A frog hunted Sophia and the girl Olivia .	* girl ( x _ 1 ) ; frog ( x _ 0 ) AND hunt . agent ( x _ 2 , x _ 0 ) AND hunt . theme ( x _ 2 , Sophia ) AND hunt . agent ( x _ 3 , x _ 1 ) AND hunt . theme ( x _ 3 , Olivia )	elips_gapping_in_dist
The boy ate a lamb and Emma a girl .	* boy ( x _ 0 ) ; lamb ( x _ 1 ) AND girl ( x _ 2 ) AND eat . agent ( x _ 3 , x _ 0 ) AND eat . theme ( x _ 3 , x _ 1 ) AND eat . agent ( x _ 4 , Emma ) AND eat . theme ( x _ 4 , x _ 2 )	elips_gapping_in_dist
Lucas loved the girl and Benjamin the patient .	* girl ( x _ 0 ) ; * patient ( x _ 1 ) ; love . agent ( x _ 2 , Lucas ) AND love . theme ( x _ 2 , x _ 0 ) AND love . agent ( x _ 3 , Benjamin ) AND love . theme ( x _ 3 , x _ 1 )	elips_gapping_in_dist
Emma juggled Liam and Oliver Noah .	juggle . agent ( x _ 0 , Emma ) AND juggle . theme ( x _ 0 , Liam ) AND juggle . agent ( x _ 1 , Oliver ) AND juggle . theme ( x _ 1 , Noah )	elips_gapping_in_dist
Sophia liked Matthew and Emma Ava .	like . agent ( x _ 0 , Sophia ) AND like . theme ( x _ 0 , Matthew ) AND like . agent ( x _ 1 , Emma ) AND like . theme ( x _ 1 , Ava )	elips_gapping_in_dist
The baby cooked Emma and a frog Benjamin .	* baby ( x _ 0 ) ; frog ( x _ 1 ) AND cook . agent ( x _ 2 , x _ 0 ) AND cook . theme ( x _ 2 , Emma ) AND cook . agent ( x _ 3 , x _ 1 ) AND cook . theme ( x _ 3 , Benjamin )	elips_gapping_in_dist
The dealer loved Lily and Emma the boy .	* dealer ( x _ 0 ) ; * boy ( x _ 1 ) ; love . agent ( x _ 2 , x _ 0 ) AND love . theme ( x _ 2 , Lily ) AND love . agent ( x _ 3 , Emma ) AND love . theme ( x _ 3 , x _ 1 )	elips_gapping_in_dist
A bunny liked Olivia and Sebastian a cat .	bunny ( x _ 0 ) AND cat ( x _ 1 ) AND like . agent ( x _ 2 , x _ 0 ) AND like . theme ( x _ 2 , Olivia ) AND like . agent ( x _ 3 , Sebastian ) AND like . theme ( x _ 3 , x _ 1 )	elips_gapping_in_dist
A goose loved William and Emma Olivia .	goose ( x _ 0 ) AND love . agent ( x _ 1 , x _ 0 ) AND love . theme ( x _ 1 , William ) AND love . agent ( x _ 2 , Emma ) AND love . theme ( x _ 2 , Olivia )	elips_gapping_in_dist
Liam appreciated a pig and the priest the frog .	* priest ( x _ 1 ) ; * frog ( x _ 2 ) ; pig ( x _ 0 ) AND appreciate . agent ( x _ 3 , Liam ) AND appreciate . theme ( x _ 3 , x _ 0 ) AND appreciate . agent ( x _ 4 , x _ 1 ) AND appreciate . theme ( x _ 4 , x _ 2 )	elips_gapping_in_dist
Oliver loved a cat and the girl Emma .	* girl ( x _ 1 ) ; cat ( x _ 0 ) AND love . agent ( x _ 2 , Oliver ) AND love . theme ( x _ 2 , x _ 0 ) AND love . agent ( x _ 3 , x _ 1 ) AND love . theme ( x _ 3 , Emma )	elips_gapping_in_dist
A cat liked a child and the dog Wyatt .	* dog ( x _ 2 ) ; cat ( x _ 0 ) AND child ( x _ 1 ) AND like . agent ( x _ 3 , x _ 0 ) AND like . theme ( x _ 3 , x _ 1 ) AND like . agent ( x _ 4 , x _ 2 ) AND like . theme ( x _ 4 , Wyatt )	elips_gapping_in_dist
The girl cooked Emma and the frog Luna .	* girl ( x _ 0 ) ; * frog ( x _ 1 ) ; cook . agent ( x _ 2 , x _ 0 ) AND cook . theme ( x _ 2 , Emma ) AND cook . agent ( x _ 3 , x _ 1 ) AND cook . theme ( x _ 3 , Luna )	elips_gapping_in_dist
A lion liked a cat and the monster Joseph .	* monster ( x _ 2 ) ; lion ( x _ 0 ) AND cat ( x _ 1 ) AND like . agent ( x _ 3 , x _ 0 ) AND like . theme ( x _ 3 , x _ 1 ) AND like . agent ( x _ 4 , x _ 2 ) AND like . theme ( x _ 4 , Joseph )	elips_gapping_in_dist
Avery cleaned the princess and Olivia Oliver .	* princess ( x _ 0 ) ; clean . agent ( x _ 1 , Avery ) AND clean . theme ( x _ 1 , x _ 0 ) AND clean . agent ( x _ 2 , Olivia ) AND clean . theme ( x _ 2 , Oliver )	elips_gapping_in_dist
A sheep loved Noah and the girl a duck .	* girl ( x _ 1 ) ; sheep ( x _ 0 ) AND duck ( x _ 2 ) AND love . agent ( x _ 3 , x _ 0 ) AND love . theme ( x _ 3 , Noah ) AND love . agent ( x _ 4 , x _ 1 ) AND love . theme ( x _ 4 , x _ 2 )	elips_gapping_in_dist
A poet ate Mia and a tenant a bear .	poet ( x _ 0 ) AND tenant ( x _ 1 ) AND bear ( x _ 2 ) AND eat . agent ( x _ 3 , x _ 0 ) AND eat . theme ( x _ 3 , Mia ) AND eat . agent ( x _ 4 , x _ 1 ) AND eat . theme ( x _ 4 , x _ 2 )	elips_gapping_in_dist
A cat nursed Emma and Hazel the spokesman .	* spokesman ( x _ 1 ) ; cat ( x _ 0 ) AND nurse . agent ( x _ 2 , x _ 0 ) AND nurse . theme ( x _ 2 , Emma ) AND nurse . agent ( x _ 3 , Hazel ) AND nurse . theme ( x _ 3 , x _ 1 )	elips_gapping_in_dist
Hazel cooked the baby and the girl the soldier .	* baby ( x _ 0 ) ; * girl ( x _ 1 ) ; * soldier ( x _ 2 ) ; cook . agent ( x _ 3 , Hazel ) AND cook . theme ( x _ 3 , x _ 0 ) AND cook . agent ( x _ 4 , x _ 1 ) AND cook . theme ( x _ 4 , x _ 2 )	elips_gapping_in_dist
The girl liked the deer and Emma a boy .	* girl ( x _ 0 ) ; * deer ( x _ 1 ) ; boy ( x _ 2 ) AND like . agent ( x _ 3 , x _ 0 ) AND like . theme ( x _ 3 , x _ 1 ) AND like . agent ( x _ 4 , Emma ) AND like . theme ( x _ 4 , x _ 2 )	elips_gapping_in_dist
The manager dusted a cat and William the baby .	* manager ( x _ 0 ) ; * baby ( x _ 2 ) ; cat ( x _ 1 ) AND dust . agent ( x _ 3 , x _ 0 ) AND dust . theme ( x _ 3 , x _ 1 ) AND dust . agent ( x _ 4 , William ) AND dust . theme ( x _ 4 , x _ 2 )	elips_gapping_in_dist
Riley appreciated Olivia and Isabella a frog .	frog ( x _ 0 ) AND appreciate . agent ( x _ 1 , Riley ) AND appreciate . theme ( x _ 1 , Olivia ) AND appreciate . agent ( x _ 2 , Isabella ) AND appreciate . theme ( x _ 2 , x _ 0 )	elips_gapping_in_dist
Olivia missed Sophia and Emma a girl .	girl ( x _ 0 ) AND miss . agent ( x _ 1 , Olivia ) AND miss . theme ( x _ 1 , Sophia ) AND miss . agent ( x _ 2 , Emma ) AND miss . theme ( x _ 2 , x _ 0 )	elips_gapping_in_dist
A kitty helped Liam and the baby Jackson .	* baby ( x _ 1 ) ; kitty ( x _ 0 ) AND help . agent ( x _ 2 , x _ 0 ) AND help . theme ( x _ 2 , Liam ) AND help . agent ( x _ 3 , x _ 1 ) AND help . theme ( x _ 3 , Jackson )	elips_gapping_in_dist
The kid liked Olivia and William a girl .	* kid ( x _ 0 ) ; girl ( x _ 1 ) AND like . agent ( x _ 2 , x _ 0 ) AND like . theme ( x _ 2 , Olivia ) AND like . agent ( x _ 3 , William ) AND like . theme ( x _ 3 , x _ 1 )	elips_gapping_in_dist
A girl admired Ellie and Liam Oliver .	girl ( x _ 0 ) AND admire . agent ( x _ 1 , x _ 0 ) AND admire . theme ( x _ 1 , Ellie ) AND admire . agent ( x _ 2 , Liam ) AND admire . theme ( x _ 2 , Oliver )	elips_gapping_in_dist
A dog ate a duck and a girl the horse .	* horse ( x _ 3 ) ; dog ( x _ 0 ) AND duck ( x _ 1 ) AND girl ( x _ 2 ) AND eat . agent ( x _ 4 , x _ 0 ) AND eat . theme ( x _ 4 , x _ 1 ) AND eat . agent ( x _ 5 , x _ 2 ) AND eat . theme ( x _ 5 , x _ 3 )	elips_gapping_in_dist
Olivia hunted the butterfly and the poet the cat .	* butterfly ( x _ 0 ) ; * poet ( x _ 1 ) ; * cat ( x _ 2 ) ; hunt . agent ( x _ 3 , Olivia ) AND hunt . theme ( x _ 3 , x _ 0 ) AND hunt . agent ( x _ 4 , x _ 1 ) AND hunt . theme ( x _ 4 , x _ 2 )	elips_gapping_in_dist
A student respected Aiden and the pony a lion .	* pony ( x _ 1 ) ; student ( x _ 0 ) AND lion ( x _ 2 ) AND respect . agent ( x _ 3 , x _ 0 ) AND respect . theme ( x _ 3 , Aiden ) AND respect . agent ( x _ 4 , x _ 1 ) AND respect . theme ( x _ 4 , x _ 2 )	elips_gapping_in_dist
Oliver liked the boy and the girl Emma .	* boy ( x _ 0 ) ; * girl ( x _ 1 ) ; like . agent ( x _ 2 , Oliver ) AND like . theme ( x _ 2 , x _ 0 ) AND like . agent ( x _ 3 , x _ 1 ) AND like . theme ( x _ 3 , Emma )	elips_gapping_in_dist
Abigail adored a baby and Ava the boy .	* boy ( x _ 1 ) ; baby ( x _ 0 ) AND adore . agent ( x _ 2 , Abigail ) AND adore . theme ( x _ 2 , x _ 0 ) AND adore . agent ( x _ 3 , Ava ) AND adore . theme ( x _ 3 , x _ 1 )	elips_gapping_in_dist
The girl liked William and Emma Isabella .	* girl ( x _ 0 ) ; like . agent ( x _ 1 , x _ 0 ) AND like . theme ( x _ 1 , William ) AND like . agent ( x _ 2 , Emma ) AND like . theme ( x _ 2 , Isabella )	elips_gapping_in_dist
The girl found Emily and a penguin a baby .	* girl ( x _ 0 ) ; penguin ( x _ 1 ) AND baby ( x _ 2 ) AND find . agent ( x _ 3 , x _ 0 ) AND find . theme ( x _ 3 , Emily ) AND find . agent ( x _ 4 , x _ 1 ) AND find . theme ( x _ 4 , x _ 2 )	elips_gapping_in_dist
The girl hunted Emma and a bear the lion .	* girl ( x _ 0 ) ; * lion ( x _ 2 ) ; bear ( x _ 1 ) AND hunt . agent ( x _ 3 , x _ 0 ) AND hunt . theme ( x _ 3 , Emma ) AND hunt . agent ( x _ 4 , x _ 1 ) AND hunt . theme ( x _ 4 , x _ 2 )	elips_gapping_in_dist
Emma nursed a cat and Olivia William .	cat ( x _ 0 ) AND nurse . agent ( x _ 1 , Emma ) AND nurse . theme ( x _ 1 , x _ 0 ) AND nurse . agent ( x _ 2 , Olivia ) AND nurse . theme ( x _ 2 , William )	elips_gapping_in_dist
Emma painted Liam and a dog the frog .	* frog ( x _ 1 ) ; dog ( x _ 0 ) AND paint . agent ( x _ 2 , Emma ) AND paint . theme ( x _ 2 , Liam ) AND paint . agent ( x _ 3 , x _ 0 ) AND paint . theme ( x _ 3 , x _ 1 )	elips_gapping_in_dist
A horse liked Thomas and Hazel Emma .	horse ( x _ 0 ) AND like . agent ( x _ 1 , x _ 0 ) AND like . theme ( x _ 1 , Thomas ) AND like . agent ( x _ 2 , Hazel ) AND like . theme ( x _ 2 , Emma )	elips_gapping_in_dist
Noah helped a girl and Logan Emma .	girl ( x _ 0 ) AND help . agent ( x _ 1 , Noah ) AND help . theme ( x _ 1 , x _ 0 ) AND help . agent ( x _ 2 , Logan ) AND help . theme ( x _ 2 , Emma )	elips_gapping_in_dist
A boy helped Emma and Noah the fish .	* fish ( x _ 1 ) ; boy ( x _ 0 ) AND help . agent ( x _ 2 , x _ 0 ) AND help . theme ( x _ 2 , Emma ) AND help . agent ( x _ 3 , Noah ) AND help . theme ( x _ 3 , x _ 1 )	elips_gapping_in_dist
A girl painted a monkey and Liam a dog .	girl ( x _ 0 ) AND monkey ( x _ 1 ) AND dog ( x _ 2 ) AND paint . agent ( x _ 3 , x _ 0 ) AND paint . theme ( x _ 3 , x _ 1 ) AND paint . agent ( x _ 4 , Liam ) AND paint . theme ( x _ 4 , x _ 2 )	elips_gapping_in_dist
Samuel ate Emma and a president Avery .	president ( x _ 0 ) AND eat . agent ( x _ 1 , Samuel ) AND eat . theme ( x _ 1 , Emma ) AND eat . agent ( x _ 2 , x _ 0 ) AND eat . theme ( x _ 2 , Avery )	elips_gapping_in_dist
The child liked Claire and Jaxon Emma .	* child ( x _ 0 ) ; like . agent ( x _ 1 , x _ 0 ) AND like . theme ( x _ 1 , Claire ) AND like . agent ( x _ 2 , Jaxon ) AND like . theme ( x _ 2 , Emma )	elips_gapping_in_dist
The teacher respected a girl and Liam a pony .	* teacher ( x _ 0 ) ; girl ( x _ 1 ) AND pony ( x _ 2 ) AND respect . agent ( x _ 3 , x _ 0 ) AND respect . theme ( x _ 3 , x _ 1 ) AND respect . agent ( x _ 4 , Liam ) AND respect . theme ( x _ 4 , x _ 2 )	elips_gapping_in_dist
Isabella drew Liam and Emma Layla .	draw . agent ( x _ 0 , Isabella ) AND draw . theme ( x _ 0 , Liam ) AND draw . agent ( x _ 1 , Emma ) AND draw . theme ( x _ 1 , Layla )	elips_gapping_in_dist
A cat found a lion and Emma Olivia .	cat ( x _ 0 ) AND lion ( x _ 1 ) AND find . agent ( x _ 2 , x _ 0 ) AND find . theme ( x _ 2 , x _ 1 ) AND find . agent ( x _ 3 , Emma ) AND find . theme ( x _ 3 , Olivia )	elips_gapping_in_dist
Olivia cleaned a mouse and Emma a child .	mouse ( x _ 0 ) AND child ( x _ 1 ) AND clean . agent ( x _ 2 , Olivia ) AND clean . theme ( x _ 2 , x _ 0 ) AND clean . agent ( x _ 3 , Emma ) AND clean . theme ( x _ 3 , x _ 1 )	elips_gapping_in_dist
Leo nursed a monster and Emma Harper .	monster ( x _ 0 ) AND nurse . agent ( x _ 1 , Leo ) AND nurse . theme ( x _ 1 , x _ 0 ) AND nurse . agent ( x _ 2 , Emma ) AND nurse . theme ( x _ 2 , Harper )	elips_gapping_in_dist
A girl painted the puppy and Liam Isabella .	* puppy ( x _ 1 ) ; girl ( x _ 0 ) AND paint . agent ( x _ 2 , x _ 0 ) AND paint . theme ( x _ 2 , x _ 1 ) AND paint . agent ( x _ 3 , Liam ) AND paint . theme ( x _ 3 , Isabella )	elips_gapping_in_dist
The child cooked a girl and Lucas Emma .	* child ( x _ 0 ) ; girl ( x _ 1 ) AND cook . agent ( x _ 2 , x _ 0 ) AND cook . theme ( x _ 2 , x _ 1 ) AND cook . agent ( x _ 3 , Lucas ) AND cook . theme ( x _ 3 , Emma )	elips_gapping_in_dist
Oliver ate Harper and Sophia the girl .	* girl ( x _ 0 ) ; eat . agent ( x _ 1 , Oliver ) AND eat . theme ( x _ 1 , Harper ) AND eat . agent ( x _ 2 , Sophia ) AND eat . theme ( x _ 2 , x _ 0 )	elips_gapping_in_dist
A chief poked a baby and a wolf Olivia .	chief ( x _ 0 ) AND baby ( x _ 1 ) AND wolf ( x _ 2 ) AND poke . agent ( x _ 3 , x _ 0 ) AND poke . theme ( x _ 3 , x _ 1 ) AND poke . agent ( x _ 4 , x _ 2 ) AND poke . theme ( x _ 4 , Olivia )	elips_gapping_in_dist
The girl adored the boy and a child Olivia .	* girl ( x _ 0 ) ; * boy ( x _ 1 ) ; child ( x _ 2 ) AND adore . agent ( x _ 3 , x _ 0 ) AND adore . theme ( x _ 3 , x _ 1 ) AND adore . agent ( x _ 4 , x _ 2 ) AND adore . theme ( x _ 4 , Olivia )	elips_gapping_in_dist
A girl ate Leo and the boy Isabella .	* boy ( x _ 1 ) ; girl ( x _ 0 ) AND eat . agent ( x _ 2 , x _ 0 ) AND eat . theme ( x _ 2 , Leo ) AND eat . agent ( x _ 3 , x _ 1 ) AND eat . theme ( x _ 3 , Isabella )	elips_gapping_in_dist
The guard sketched Emma and a boy Liam .	* guard ( x _ 0 ) ; boy ( x _ 1 ) AND sketch . agent ( x _ 2 , x _ 0 ) AND sketch . theme ( x _ 2 , Emma ) AND sketch . agent ( x _ 3 , x _ 1 ) AND sketch . theme ( x _ 3 , Liam )	elips_gapping_in_dist
The girl ate Emma and Olivia the cat .	* girl ( x _ 0 ) ; * cat ( x _ 1 ) ; eat . agent ( x _ 2 , x _ 0 ) AND eat . theme ( x _ 2 , Emma ) AND eat . agent ( x _ 3 , Olivia ) AND eat . theme ( x _ 3 , x _ 1 )	elips_gapping_in_dist
Liam ate a monkey and the girl the cat .	* girl ( x _ 1 ) ; * cat ( x _ 2 ) ; monkey ( x _ 0 ) AND eat . agent ( x _ 3 , Liam ) AND eat . theme ( x _ 3 , x _ 0 ) AND eat . agent ( x _ 4 , x _ 1 ) AND eat . theme ( x _ 4 , x _ 2 )	elips_gapping_in_dist
Benjamin liked Olivia and the child Julian .	* child ( x _ 0 ) ; like . agent ( x _ 1 , Benjamin ) AND like . theme ( x _ 1 , Olivia ) AND like . agent ( x _ 2 , x _ 0 ) AND like . theme ( x _ 2 , Julian )	elips_gapping_in_dist
Emma liked Liam and Olivia a giraffe .	giraffe ( x _ 0 ) AND like . agent ( x _ 1 , Emma ) AND like . theme ( x _ 1 , Liam ) AND like . agent ( x _ 2 , Olivia ) AND like . theme ( x _ 2 , x _ 0 )	elips_gapping_in_dist
Alexander admired a girl and a boy Olivia .	girl ( x _ 0 ) AND boy ( x _ 1 ) AND admire . agent ( x _ 2 , Alexander ) AND admire . theme ( x _ 2 , x _ 0 ) AND admire . agent ( x _ 3 , x _ 1 ) AND admire . theme ( x _ 3 , Olivia )	elips_gapping_in_dist
A teacher admired the guest and the goose a horse .	* guest ( x _ 1 ) ; * goose ( x _ 2 ) ; teacher ( x _ 0 ) AND horse ( x _ 3 ) AND admire . agent ( x _ 4 , x _ 0 ) AND admire . theme ( x _ 4 , x _ 1 ) AND admire . agent ( x _ 5 , x _ 2 ) AND admire . theme ( x _ 5 , x _ 3 )	elips_gapping_in_dist
Liam nursed Mia and Emma a girl .	girl ( x _ 0 ) AND nurse . agent ( x _ 1 , Liam ) AND nurse . theme ( x _ 1 , Mia ) AND nurse . agent ( x _ 2 , Emma ) AND nurse . theme ( x _ 2 , x _ 0 )	elips_gapping_in_dist
The girl loved Emma and William the chicken .	* girl ( x _ 0 ) ; * chicken ( x _ 1 ) ; love . agent ( x _ 2 , x _ 0 ) AND love . theme ( x _ 2 , Emma ) AND love . agent ( x _ 3 , William ) AND love . theme ( x _ 3 , x _ 1 )	elips_gapping_in_dist
Ava liked a hen and Emma Elijah .	hen ( x _ 0 ) AND like . agent ( x _ 1 , Ava ) AND like . theme ( x _ 1 , x _ 0 ) AND like . agent ( x _ 2 , Emma ) AND like . theme ( x _ 2 , Elijah )	elips_gapping_in_dist
William cleaned the zebra and Charlotte Emma .	* zebra ( x _ 0 ) ; clean . agent ( x _ 1 , William ) AND clean . theme ( x _ 1 , x _ 0 ) AND clean . agent ( x _ 2 , Charlotte ) AND clean . theme ( x _ 2 , Emma )	elips_gapping_in_dist
A cat ate a buyer and the captain a monkey .	* captain ( x _ 2 ) ; cat ( x _ 0 ) AND buyer ( x _ 1 ) AND monkey ( x _ 3 ) AND eat . agent ( x _ 4 , x _ 0 ) AND eat . theme ( x _ 4 , x _ 1 ) AND eat . agent ( x _ 5 , x _ 2 ) AND eat . theme ( x _ 5 , x _ 3 )	elips_gapping_in_dist
Isabella admired Emma and Daniel Jack .	admire . agent ( x _ 0 , Isabella ) AND admire . theme ( x _ 0 , Emma ) AND admire . agent ( x _ 1 , Daniel ) AND admire . theme ( x _ 1 , Jack )	elips_gapping_in_dist
The girl cooked the dog and the boy Ava .	* girl ( x _ 0 ) ; * dog ( x _ 1 ) ; * boy ( x _ 2 ) ; cook . agent ( x _ 3 , x _ 0 ) AND cook . theme ( x _ 3 , x _ 1 ) AND cook . agent ( x _ 4 , x _ 2 ) AND cook . theme ( x _ 4 , Ava )	elips_gapping_in_dist
Isabella helped the child and Hazel a girl .	* child ( x _ 0 ) ; girl ( x _ 1 ) AND help . agent ( x _ 2 , Isabella ) AND help . theme ( x _ 2 , x _ 0 ) AND help . agent ( x _ 3 , Hazel ) AND help . theme ( x _ 3 , x _ 1 )	elips_gapping_in_dist
Camila dusted the dog and Noah a captain .	* dog ( x _ 0 ) ; captain ( x _ 1 ) AND dust . agent ( x _ 2 , Camila ) AND dust . theme ( x _ 2 , x _ 0 ) AND dust . agent ( x _ 3 , Noah ) AND dust . theme ( x _ 3 , x _ 1 )	elips_gapping_in_dist
